entity_id,entity_type,canonical_name,aliases,description,relation,start_year,end_year,confidence,notes
ol:ol100672w,work,Candide,,,available,1746,,high,"Open Library (openlibrary.org), retrieved 2026-10-04; CC0 1.0, attribution appreciated; earliest edition publish_date 1746 across 1079 catalogued editions"
ol:ol10215w,work,Мы,,,available,1924,,high,"Open Library (openlibrary.org), retrieved 2026-10-04; CC0 1.0, attribution appreciated; earliest edition publish_date 1924 across 210 catalogued editions"
ol:ol10263w,work,Le petit prince,,,available,1943,,high,"Open Library (openlibrary.org), retrieved 2026-10-04; CC0 1.0, attribution appreciated; earliest edition publish_date 1943 across 699 catalogued editions"
ol:ol102749w,work,Moby Dick,,,available,1851,,high,"Open Library (openlibrary.org), retrieved 2026-10-04; CC0 1.0, attribution appreciated; earliest edition publish_date 1851 across 1115 catalogued editions"
ol:ol103123w,work,Fahrenheit 451,,,available,1953,,high,"Open Library (openlibrary.org), retrieved 2026-10-04; CC0 1.0, attribution appreciated; earliest edition publish_date 1953 across 264 catalogued editions"
ol:ol103128w,work,The Illustrated Man,,,available,1951,,high,"Open Library (openlibrary.org), retrieved 2026-10-04; CC0 1.0, attribution appreciated; earliest edition publish_date 1951 across 82 catalogued editions"
ol:ol103134w,work,The Martian Chronicles,,,available,1950,,high,"Open Library (openlibrary.org), retrieved 2026-10-04; CC0 1.0, attribution appreciated; earliest edition publish_date 1950 across 138 catalogued editions"
ol:ol103194w,work,Something Wicked This Way Comes,,,available,1962,,high,"Open Library (openlibrary.org), retrieved 2026-10-04; CC0 1.0, attribution appreciated; earliest edition publish_date 1962 across 60 catalogued editions"
ol:ol10425749w,work,Ward six and other stories [6 stories],,,available,1965,,high,"Open Library (openlibrary.org), retrieved 2026-10-04; CC0 1.0, attribution appreciated; earliest edition publish_date 1965 across 11 catalogued editions"
ol:ol10432709w,work,Братья Карамазовы,,,available,1880,,high,"Open Library (openlibrary.org), retrieved 2026-10-04; CC0 1.0, attribution appreciated; earliest edition publish_date 1880 across 393 catalogued editions"
ol:ol1052133w,work,The God of Small Things,,,available,1997,,high,"Open Library (openlibrary.org), retrieved 2026-10-04; CC0 1.0, attribution appreciated; earliest edition publish_date 1997 across 65 catalogued editions"
ol:ol106076w,work,The confidential agent,,,available,1939,,high,"Open Library (openlibrary.org), retrieved 2026-10-04; CC0 1.0, attribution appreciated; earliest edition publish_date 1939 across 76 catalogued editions"
ol:ol1063588w,work,Les Misérables,,,available,1862,,high,"Open Library (openlibrary.org), retrieved 2026-10-04; CC0 1.0, attribution appreciated; earliest edition publish_date 1862 across 526 catalogued editions"
ol:ol1068091w,work,On Liberty,,,available,1859,,high,"Open Library (openlibrary.org), retrieved 2026-10-04; CC0 1.0, attribution appreciated; earliest edition publish_date 1859 across 465 catalogued editions"
ol:ol107195w,work,The Pilgrim's Progress,,,available,1678,,high,"Open Library (openlibrary.org), retrieved 2026-10-04; CC0 1.0, attribution appreciated; earliest edition publish_date 1678 across 683 catalogued editions"
ol:ol108735w,work,The Tale of Peter Rabbit,,,available,1900,,high,"Open Library (openlibrary.org), retrieved 2026-10-04; CC0 1.0, attribution appreciated; earliest edition publish_date 1900 across 159 catalogued editions"
ol:ol1088837w,work,The Olive Fairy Book (Complete & Unabridged),,,available,1907,,high,"Open Library (openlibrary.org), retrieved 2026-10-04; CC0 1.0, attribution appreciated; earliest edition publish_date 1907 across 151 catalogued editions"
ol:ol1088888w,work,The Yellow Fairy Book,,,available,1894,,high,"Open Library (openlibrary.org), retrieved 2026-10-04; CC0 1.0, attribution appreciated; earliest edition publish_date 1894 across 458 catalogued editions"
ol:ol1089297w,work,The Prince,,,available,1515,,medium,"Open Library (openlibrary.org), retrieved 2026-10-04; CC0 1.0, attribution appreciated; work-level first_publish_year 1515 only; edition dates start 1686 (later; first edition likely uncatalogued)"
ol:ol109229w,work,The ghost,,,available,1907,,high,"Open Library (openlibrary.org), retrieved 2026-10-04; CC0 1.0, attribution appreciated; earliest edition publish_date 1907 across 319 catalogued editions"
ol:ol1095397w,work,Shirley,,,available,1800,,high,"Open Library (openlibrary.org), retrieved 2026-10-04; CC0 1.0, attribution appreciated; earliest edition publish_date 1800 across 536 catalogued editions"
ol:ol1095427w,work,Jane Eyre,,,available,1847,,high,"Open Library (openlibrary.org), retrieved 2026-10-04; CC0 1.0, attribution appreciated; earliest edition publish_date 1847 across 1170 catalogued editions"
ol:ol1098497w,work,The return,,,available,1910,,high,"Open Library (openlibrary.org), retrieved 2026-10-04; CC0 1.0, attribution appreciated; earliest edition publish_date 1910 across 43 catalogued editions"
ol:ol109868w,work,Can you forgive her?,,,available,1800,,high,"Open Library (openlibrary.org), retrieved 2026-10-04; CC0 1.0, attribution appreciated; earliest edition publish_date 1800 across 69 catalogued editions"
ol:ol109872w,work,The Duke's Children,,,available,1880,,high,"Open Library (openlibrary.org), retrieved 2026-10-04; CC0 1.0, attribution appreciated; earliest edition publish_date 1880 across 51 catalogued editions"
ol:ol109873w,work,The Eustace diamonds,,,available,1872,,high,"Open Library (openlibrary.org), retrieved 2026-10-04; CC0 1.0, attribution appreciated; earliest edition publish_date 1872 across 102 catalogued editions"
ol:ol109876w,work,The Last Chronicle of Barset,,,available,1867,,high,"Open Library (openlibrary.org), retrieved 2026-10-04; CC0 1.0, attribution appreciated; earliest edition publish_date 1867 across 97 catalogued editions"
ol:ol109880w,work,Framley Parsonage,,,available,1861,,high,"Open Library (openlibrary.org), retrieved 2026-10-04; CC0 1.0, attribution appreciated; earliest edition publish_date 1861 across 317 catalogued editions"
ol:ol1099280w,work,Vingt mille lieues sous les mers,,,available,1870,,high,"Open Library (openlibrary.org), retrieved 2026-10-04; CC0 1.0, attribution appreciated; earliest edition publish_date 1870 across 384 catalogued editions"
ol:ol1099309w,work,Claudius Bombarnac,,,available,1892,,high,"Open Library (openlibrary.org), retrieved 2026-10-04; CC0 1.0, attribution appreciated; earliest edition publish_date 1892 across 39 catalogued editions"
ol:ol1099380w,work,Cinq semaines en ballon,,,available,1867,,high,"Open Library (openlibrary.org), retrieved 2026-10-04; CC0 1.0, attribution appreciated; earliest edition publish_date 1867 across 113 catalogued editions"
ol:ol1099479w,work,De la terre à la lune,,,available,1865,,high,"Open Library (openlibrary.org), retrieved 2026-10-04; CC0 1.0, attribution appreciated; earliest edition publish_date 1865 across 209 catalogued editions"
ol:ol1099513w,work,Voyage au Centre de la Terre,,,available,1867,,high,"Open Library (openlibrary.org), retrieved 2026-10-04; CC0 1.0, attribution appreciated; earliest edition publish_date 1867 across 206 catalogued editions"
ol:ol1099641w,work,Michel Strogoff,,,available,1876,,high,"Open Library (openlibrary.org), retrieved 2026-10-04; CC0 1.0, attribution appreciated; earliest edition publish_date 1876 across 153 catalogued editions"
ol:ol1100007w,work,Le Tour du Monde en Quatre-Vingts Jours,,,available,1872,,high,"Open Library (openlibrary.org), retrieved 2026-10-04; CC0 1.0, attribution appreciated; earliest edition publish_date 1872 across 427 catalogued editions"
ol:ol1103093w,work,Cranford,,,available,1853,,high,"Open Library (openlibrary.org), retrieved 2026-10-04; CC0 1.0, attribution appreciated; earliest edition publish_date 1853 across 473 catalogued editions"
ol:ol110971w,work,Ficciones,,,available,1945,,high,"Open Library (openlibrary.org), retrieved 2026-10-04; CC0 1.0, attribution appreciated; earliest edition publish_date 1945 across 78 catalogued editions"
ol:ol1112413w,work,The description of a new world,,,available,1666,,high,"Open Library (openlibrary.org), retrieved 2026-10-04; CC0 1.0, attribution appreciated; earliest edition publish_date 1666 across 361 catalogued editions"
ol:ol112797w,work,The house behind the cedars,,,available,1900,,high,"Open Library (openlibrary.org), retrieved 2026-10-04; CC0 1.0, attribution appreciated; earliest edition publish_date 1900 across 105 catalogued editions"
ol:ol1130038w,work,The water-babies: a fairy tale for a land-baby,,,available,1863,,high,"Open Library (openlibrary.org), retrieved 2026-10-04; CC0 1.0, attribution appreciated; earliest edition publish_date 1863 across 213 catalogued editions"
ol:ol114967w,work,The Jungle,,,available,1791,,high,"Open Library (openlibrary.org), retrieved 2026-10-04; CC0 1.0, attribution appreciated; earliest edition publish_date 1791 across 673 catalogued editions"
ol:ol1154817w,work,The Crock of Gold,,,available,1912,,high,"Open Library (openlibrary.org), retrieved 2026-10-04; CC0 1.0, attribution appreciated; earliest edition publish_date 1912 across 155 catalogued editions"
ol:ol115528w,work,DEVIL IN A BLUE DRESS (Easy Rawlins Mysteries),,,available,1990,,high,"Open Library (openlibrary.org), retrieved 2026-10-04; CC0 1.0, attribution appreciated; earliest edition publish_date 1990 across 39 catalogued editions"
ol:ol1156218w,work,The Royal Book of Oz,,,available,1921,,high,"Open Library (openlibrary.org), retrieved 2026-10-04; CC0 1.0, attribution appreciated; earliest edition publish_date 1921 across 270 catalogued editions"
ol:ol1167981w,work,Animal Farm / Nineteen Eighty-Four,,,available,1949,,high,"Open Library (openlibrary.org), retrieved 2026-10-04; CC0 1.0, attribution appreciated; earliest edition publish_date 1949 across 48 catalogued editions"
ol:ol1168045w,work,Novels (Animal Farm / Burmese Days / Clergyman's Daughter / Coming Up for Air / Keep the Aspidistra Flying / Nineteen Eighty-Four),,,available,1976,,high,"Open Library (openlibrary.org), retrieved 2026-10-04; CC0 1.0, attribution appreciated; earliest edition publish_date 1976 across 10 catalogued editions"
ol:ol1168083w,work,Nineteen Eighty-Four,,,available,1949,,high,"Open Library (openlibrary.org), retrieved 2026-10-04; CC0 1.0, attribution appreciated; earliest edition publish_date 1949 across 727 catalogued editions"
ol:ol1176822w,work,After London,,,available,1885,,high,"Open Library (openlibrary.org), retrieved 2026-10-04; CC0 1.0, attribution appreciated; earliest edition publish_date 1885 across 280 catalogued editions"
ol:ol11822690w,work,Paper Towns,,,available,2008,,high,"Open Library (openlibrary.org), retrieved 2026-10-04; CC0 1.0, attribution appreciated; earliest edition publish_date 2008 across 51 catalogued editions"
ol:ol11825095w,work,Genesis,,,available,2006,,high,"Open Library (openlibrary.org), retrieved 2026-10-04; CC0 1.0, attribution appreciated; earliest edition publish_date 2006 across 19 catalogued editions"
ol:ol118388w,work,Flatland,,,available,1884,,high,"Open Library (openlibrary.org), retrieved 2026-10-04; CC0 1.0, attribution appreciated; earliest edition publish_date 1884 across 585 catalogued editions"
ol:ol1191826w,work,Great Short Stories of the World -- a collection of complete short stories chosen from the literatures of all periods and countries,,,available,1922,,high,"Open Library (openlibrary.org), retrieved 2026-10-04; CC0 1.0, attribution appreciated; earliest edition publish_date 1922 across 43 catalogued editions"
ol:ol119430w,work,The Yiddish Policemen's Union,,,available,2006,,high,"Open Library (openlibrary.org), retrieved 2026-10-04; CC0 1.0, attribution appreciated; earliest edition publish_date 2006 across 36 catalogued editions"
ol:ol11999891w,work,The Help,,,available,2009,,high,"Open Library (openlibrary.org), retrieved 2026-10-04; CC0 1.0, attribution appreciated; earliest edition publish_date 2009 across 73 catalogued editions"
ol:ol12069w,work,A dark-adapted eye,,,available,1986,,high,"Open Library (openlibrary.org), retrieved 2026-10-04; CC0 1.0, attribution appreciated; earliest edition publish_date 1986 across 39 catalogued editions"
ol:ol1230631w,work,La chute,,,available,1917,,high,"Open Library (openlibrary.org), retrieved 2026-10-04; CC0 1.0, attribution appreciated; earliest edition publish_date 1917 across 145 catalogued editions"
ol:ol1253282w,work,The Old Man in the Corner,,,available,1908,,high,"Open Library (openlibrary.org), retrieved 2026-10-04; CC0 1.0, attribution appreciated; earliest edition publish_date 1908 across 215 catalogued editions"
ol:ol1253285w,work,The Scarlet Pimpernel,,,available,1900,,high,"Open Library (openlibrary.org), retrieved 2026-10-04; CC0 1.0, attribution appreciated; earliest edition publish_date 1900 across 591 catalogued editions"
ol:ol12791w,work,My Ántonia,,,available,1818,,high,"Open Library (openlibrary.org), retrieved 2026-10-04; CC0 1.0, attribution appreciated; earliest edition publish_date 1818 across 832 catalogued editions"
ol:ol12795w,work,O Pioneers!,,,available,1913,,high,"Open Library (openlibrary.org), retrieved 2026-10-04; CC0 1.0, attribution appreciated; earliest edition publish_date 1913 across 613 catalogued editions"
ol:ol12826w,work,Youth and the bright Medusa,,,available,1920,,high,"Open Library (openlibrary.org), retrieved 2026-10-04; CC0 1.0, attribution appreciated; earliest edition publish_date 1920 across 160 catalogued editions"
ol:ol12992w,work,Where Are the Children?,,,available,1975,,high,"Open Library (openlibrary.org), retrieved 2026-10-04; CC0 1.0, attribution appreciated; earliest edition publish_date 1975 across 43 catalogued editions"
ol:ol13076w,work,"Weep No More, My Lady",,,available,1987,,high,"Open Library (openlibrary.org), retrieved 2026-10-04; CC0 1.0, attribution appreciated; earliest edition publish_date 1987 across 38 catalogued editions"
ol:ol1317211w,work,Meditations,,,available,1626,,high,"Open Library (openlibrary.org), retrieved 2026-10-04; CC0 1.0, attribution appreciated; earliest edition publish_date 1626 across 643 catalogued editions"
ol:ol134890w,work,Petals on the Wind,,,available,1980,,high,"Open Library (openlibrary.org), retrieved 2026-10-04; CC0 1.0, attribution appreciated; earliest edition publish_date 1980 across 61 catalogued editions"
ol:ol134891w,work,If There Be Thorns,,,available,1981,,high,"Open Library (openlibrary.org), retrieved 2026-10-04; CC0 1.0, attribution appreciated; earliest edition publish_date 1981 across 52 catalogued editions"
ol:ol134893w,work,My Sweet Audrina,,,available,1982,,high,"Open Library (openlibrary.org), retrieved 2026-10-04; CC0 1.0, attribution appreciated; earliest edition publish_date 1982 across 37 catalogued editions"
ol:ol13754384w,work,"""A"" is for Alibi",,,available,1982,,high,"Open Library (openlibrary.org), retrieved 2026-10-04; CC0 1.0, attribution appreciated; earliest edition publish_date 1982 across 56 catalogued editions"
ol:ol137872w,work,Confessions,,,available,1482,,high,"Open Library (openlibrary.org), retrieved 2026-10-04; CC0 1.0, attribution appreciated; earliest edition publish_date 1482 across 450 catalogued editions"
ol:ol138052w,work,Alice's Adventures in Wonderland,,,available,1865,,high,"Open Library (openlibrary.org), retrieved 2026-10-04; CC0 1.0, attribution appreciated; earliest edition publish_date 1865 across 3547 catalogued editions"
ol:ol1417907w,work,At the Earth's Core,,,available,1914,,high,"Open Library (openlibrary.org), retrieved 2026-10-04; CC0 1.0, attribution appreciated; earliest edition publish_date 1914 across 219 catalogued editions"
ol:ol1417916w,work,"The Beasts of Tarzan (Classic Ace SF, F-203)",,,available,1914,,high,"Open Library (openlibrary.org), retrieved 2026-10-04; CC0 1.0, attribution appreciated; earliest edition publish_date 1914 across 188 catalogued editions"
ol:ol1417942w,work,The Gods of Mars,,,available,1918,,high,"Open Library (openlibrary.org), retrieved 2026-10-04; CC0 1.0, attribution appreciated; earliest edition publish_date 1918 across 315 catalogued editions"
ol:ol1417975w,work,Llana of Gathol (Mars #10),,,available,1948,,high,"Open Library (openlibrary.org), retrieved 2026-10-04; CC0 1.0, attribution appreciated; earliest edition publish_date 1948 across 107 catalogued editions"
ol:ol1418033w,work,Synthetic Men of Mars,,,available,1940,,high,"Open Library (openlibrary.org), retrieved 2026-10-04; CC0 1.0, attribution appreciated; earliest edition publish_date 1940 across 115 catalogued editions"
ol:ol1418089w,work,Tarzan the Invincible,,,available,1931,,high,"Open Library (openlibrary.org), retrieved 2026-10-04; CC0 1.0, attribution appreciated; earliest edition publish_date 1931 across 66 catalogued editions"
ol:ol1418108w,work,Tarzan the Terrible (#8),,,available,1921,,high,"Open Library (openlibrary.org), retrieved 2026-10-04; CC0 1.0, attribution appreciated; earliest edition publish_date 1921 across 158 catalogued editions"
ol:ol1418112w,work,Tarzan the Untamed (Book #7),,,available,1920,,high,"Open Library (openlibrary.org), retrieved 2026-10-04; CC0 1.0, attribution appreciated; earliest edition publish_date 1920 across 178 catalogued editions"
ol:ol1418128w,work,"Thuvia, Maid of Mars",,,available,1916,,high,"Open Library (openlibrary.org), retrieved 2026-10-04; CC0 1.0, attribution appreciated; earliest edition publish_date 1916 across 206 catalogued editions"
ol:ol1418137w,work,The warlord of Mars #3,,,available,1914,,high,"Open Library (openlibrary.org), retrieved 2026-10-04; CC0 1.0, attribution appreciated; earliest edition publish_date 1914 across 420 catalogued editions"
ol:ol1418176w,work,A Fighting Man Of Mars,,,available,1931,,high,"Open Library (openlibrary.org), retrieved 2026-10-04; CC0 1.0, attribution appreciated; earliest edition publish_date 1931 across 138 catalogued editions"
ol:ol1418187w,work,A Princess of Mars,,,available,1912,,high,"Open Library (openlibrary.org), retrieved 2026-10-04; CC0 1.0, attribution appreciated; earliest edition publish_date 1912 across 456 catalogued editions"
ol:ol1418222w,work,The Master Mind of Mars,,,available,1928,,high,"Open Library (openlibrary.org), retrieved 2026-10-04; CC0 1.0, attribution appreciated; earliest edition publish_date 1928 across 130 catalogued editions"
ol:ol1418224w,work,Swords of Mars,,,available,1936,,high,"Open Library (openlibrary.org), retrieved 2026-10-04; CC0 1.0, attribution appreciated; earliest edition publish_date 1936 across 110 catalogued editions"
ol:ol1418244w,work,The Chessmen of Mars,,,available,1922,,high,"Open Library (openlibrary.org), retrieved 2026-10-04; CC0 1.0, attribution appreciated; earliest edition publish_date 1922 across 313 catalogued editions"
ol:ol1418248w,work,Tarzan and the Jewels of Opar,,,available,1916,,high,"Open Library (openlibrary.org), retrieved 2026-10-04; CC0 1.0, attribution appreciated; earliest edition publish_date 1916 across 135 catalogued editions"
ol:ol1418250w,work,The Son of Tarzan,,,available,1915,,high,"Open Library (openlibrary.org), retrieved 2026-10-04; CC0 1.0, attribution appreciated; earliest edition publish_date 1915 across 59 catalogued editions"
ol:ol1418251w,work,Tarzan of the Apes,,,available,1912,,high,"Open Library (openlibrary.org), retrieved 2026-10-04; CC0 1.0, attribution appreciated; earliest edition publish_date 1912 across 226 catalogued editions"
ol:ol1442072w,work,My Name is Aram,,,available,1937,,high,"Open Library (openlibrary.org), retrieved 2026-10-04; CC0 1.0, attribution appreciated; earliest edition publish_date 1937 across 44 catalogued editions"
ol:ol144709w,work,Novels (The Call of the Wild / White Fang),,,available,1962,,high,"Open Library (openlibrary.org), retrieved 2026-10-04; CC0 1.0, attribution appreciated; earliest edition publish_date 1962 across 82 catalogued editions"
ol:ol1449046w,work,The Story of Doctor Dolittle,,,available,1920,,high,"Open Library (openlibrary.org), retrieved 2026-10-04; CC0 1.0, attribution appreciated; earliest edition publish_date 1920 across 224 catalogued editions"
ol:ol1449063w,work,The Voyages of Doctor Dolittle,,,available,1922,,high,"Open Library (openlibrary.org), retrieved 2026-10-04; CC0 1.0, attribution appreciated; earliest edition publish_date 1922 across 158 catalogued editions"
ol:ol1455042w,work,Heidi,,,available,1885,,high,"Open Library (openlibrary.org), retrieved 2026-10-04; CC0 1.0, attribution appreciated; earliest edition publish_date 1885 across 180 catalogued editions"
ol:ol14863196w,work,An Occurrence at Owl Creek Bridge,,,available,1980,,high,"Open Library (openlibrary.org), retrieved 2026-10-04; CC0 1.0, attribution appreciated; earliest edition publish_date 1980 across 74 catalogued editions"
ol:ol14868497w,work,The Battle of Life,,,available,1846,,high,"Open Library (openlibrary.org), retrieved 2026-10-04; CC0 1.0, attribution appreciated; earliest edition publish_date 1846 across 646 catalogued editions"
ol:ol14868783w,work,The Cricket on the Hearth,,,available,1846,,high,"Open Library (openlibrary.org), retrieved 2026-10-04; CC0 1.0, attribution appreciated; earliest edition publish_date 1846 across 774 catalogued editions"
ol:ol14869167w,work,The Old Curiosity Shop,,,available,1800,,high,"Open Library (openlibrary.org), retrieved 2026-10-04; CC0 1.0, attribution appreciated; earliest edition publish_date 1800 across 825 catalogued editions"
ol:ol14871157w,work,Der Vorleser,,,available,1995,,high,"Open Library (openlibrary.org), retrieved 2026-10-04; CC0 1.0, attribution appreciated; earliest edition publish_date 1995 across 89 catalogued editions"
ol:ol14908941w,work,Mockingjay,,,available,2010,,high,"Open Library (openlibrary.org), retrieved 2026-10-04; CC0 1.0, attribution appreciated; earliest edition publish_date 2010 across 98 catalogued editions"
ol:ol149102w,work,Roadwork,,,available,1981,,high,"Open Library (openlibrary.org), retrieved 2026-10-04; CC0 1.0, attribution appreciated; earliest edition publish_date 1981 across 34 catalogued editions"
ol:ol149210w,work,Thinner,,,available,1984,,high,"Open Library (openlibrary.org), retrieved 2026-10-04; CC0 1.0, attribution appreciated; earliest edition publish_date 1984 across 63 catalogued editions"
ol:ol14933038w,work,Cutting for Stone,,,available,2009,,high,"Open Library (openlibrary.org), retrieved 2026-10-04; CC0 1.0, attribution appreciated; earliest edition publish_date 2009 across 34 catalogued editions"
ol:ol14942956w,work,The Call of the Wild,,,available,1903,,high,"Open Library (openlibrary.org), retrieved 2026-10-04; CC0 1.0, attribution appreciated; earliest edition publish_date 1903 across 1700 catalogued editions"
ol:ol15000755w,work,Ship breaker,,,available,2010,,high,"Open Library (openlibrary.org), retrieved 2026-10-04; CC0 1.0, attribution appreciated; earliest edition publish_date 2010 across 11 catalogued editions"
ol:ol1503145w,work,Island of the Blue Dolphins,,,available,1960,,high,"Open Library (openlibrary.org), retrieved 2026-10-04; CC0 1.0, attribution appreciated; earliest edition publish_date 1960 across 89 catalogued editions"
ol:ol15049906w,work,Thumbelina,,,available,1911,,high,"Open Library (openlibrary.org), retrieved 2026-10-04; CC0 1.0, attribution appreciated; earliest edition publish_date 1911 across 79 catalogued editions"
ol:ol15127681w,work,Soldiers Three (Collected Works of Rudyard Kipling),,,available,1834,,high,"Open Library (openlibrary.org), retrieved 2026-10-04; CC0 1.0, attribution appreciated; earliest edition publish_date 1834 across 181 catalogued editions"
ol:ol151406w,work,Through the Looking-Glass,,,available,1865,,high,"Open Library (openlibrary.org), retrieved 2026-10-04; CC0 1.0, attribution appreciated; earliest edition publish_date 1865 across 1379 catalogued editions"
ol:ol151411w,work,Alice's Adventures in Wonderland / Through the Looking Glass,,,available,1889,,high,"Open Library (openlibrary.org), retrieved 2026-10-04; CC0 1.0, attribution appreciated; earliest edition publish_date 1889 across 545 catalogued editions"
ol:ol15142w,work,Surprise Island,,,available,1949,,high,"Open Library (openlibrary.org), retrieved 2026-10-04; CC0 1.0, attribution appreciated; earliest edition publish_date 1949 across 41 catalogued editions"
ol:ol151430w,work,Sylvie and Bruno,,,available,1889,,high,"Open Library (openlibrary.org), retrieved 2026-10-04; CC0 1.0, attribution appreciated; earliest edition publish_date 1889 across 232 catalogued editions"
ol:ol15144w,work,Mystery Ranch,,,available,1958,,high,"Open Library (openlibrary.org), retrieved 2026-10-04; CC0 1.0, attribution appreciated; earliest edition publish_date 1958 across 40 catalogued editions"
ol:ol151515w,work,La Poetica,,,available,1479,,high,"Open Library (openlibrary.org), retrieved 2026-10-04; CC0 1.0, attribution appreciated; earliest edition publish_date 1479 across 498 catalogued editions"
ol:ol15165350w,work,Pride and Prejudice,,,available,1813,,high,"Open Library (openlibrary.org), retrieved 2026-10-04; CC0 1.0, attribution appreciated; earliest edition publish_date 1813 across 132 catalogued editions"
ol:ol15168588w,work,The Passage,,,available,2010,,high,"Open Library (openlibrary.org), retrieved 2026-10-04; CC0 1.0, attribution appreciated; earliest edition publish_date 2010 across 47 catalogued editions"
ol:ol1517852w,work,Blue Hand,,,available,1923,,high,"Open Library (openlibrary.org), retrieved 2026-10-04; CC0 1.0, attribution appreciated; earliest edition publish_date 1923 across 67 catalogued editions"
ol:ol1517869w,work,The door with seven locks,,,available,1926,,high,"Open Library (openlibrary.org), retrieved 2026-10-04; CC0 1.0, attribution appreciated; earliest edition publish_date 1926 across 119 catalogued editions"
ol:ol1517879w,work,The Four Just Men,,,available,1905,,high,"Open Library (openlibrary.org), retrieved 2026-10-04; CC0 1.0, attribution appreciated; earliest edition publish_date 1905 across 177 catalogued editions"
ol:ol1517886w,work,The Law of The Four Just Men,,,available,1931,,high,"Open Library (openlibrary.org), retrieved 2026-10-04; CC0 1.0, attribution appreciated; earliest edition publish_date 1931 across 51 catalogued editions"
ol:ol1517904w,work,The Mind Of Mr J Reeder,,,available,1925,,high,"Open Library (openlibrary.org), retrieved 2026-10-04; CC0 1.0, attribution appreciated; earliest edition publish_date 1925 across 67 catalogued editions"
ol:ol1517919w,work,Room 13,,,available,1920,,high,"Open Library (openlibrary.org), retrieved 2026-10-04; CC0 1.0, attribution appreciated; earliest edition publish_date 1920 across 171 catalogued editions"
ol:ol1517988w,work,The just men of Cordova,,,available,1917,,high,"Open Library (openlibrary.org), retrieved 2026-10-04; CC0 1.0, attribution appreciated; earliest edition publish_date 1917 across 76 catalogued editions"
ol:ol151798w,work,Goodnight Moon,,,available,1947,,high,"Open Library (openlibrary.org), retrieved 2026-10-04; CC0 1.0, attribution appreciated; earliest edition publish_date 1947 across 143 catalogued editions"
ol:ol1517998w,work,The secret house,,,available,1919,,high,"Open Library (openlibrary.org), retrieved 2026-10-04; CC0 1.0, attribution appreciated; earliest edition publish_date 1919 across 78 catalogued editions"
ol:ol1518003w,work,The three just men,,,available,1929,,high,"Open Library (openlibrary.org), retrieved 2026-10-04; CC0 1.0, attribution appreciated; earliest edition publish_date 1929 across 48 catalogued editions"
ol:ol1518029w,work,Terror Keep,,,available,1927,,high,"Open Library (openlibrary.org), retrieved 2026-10-04; CC0 1.0, attribution appreciated; earliest edition publish_date 1927 across 59 catalogued editions"
ol:ol1518031w,work,The avenger,,,available,1924,,high,"Open Library (openlibrary.org), retrieved 2026-10-04; CC0 1.0, attribution appreciated; earliest edition publish_date 1924 across 109 catalogued editions"
ol:ol1518038w,work,The Man Who Knew,,,available,1918,,high,"Open Library (openlibrary.org), retrieved 2026-10-04; CC0 1.0, attribution appreciated; earliest edition publish_date 1918 across 70 catalogued editions"
ol:ol1518047w,work,The clue of the new pin,,,available,1923,,high,"Open Library (openlibrary.org), retrieved 2026-10-04; CC0 1.0, attribution appreciated; earliest edition publish_date 1923 across 56 catalogued editions"
ol:ol1518049w,work,The Council of Justice,,,available,1920,,high,"Open Library (openlibrary.org), retrieved 2026-10-04; CC0 1.0, attribution appreciated; earliest edition publish_date 1920 across 91 catalogued editions"
ol:ol1518140w,work,Short Stories (Boscombe Valley Mystery / Case of Identity / Red-Headed League / Scandal in Bohemia / Sign of Four / Study in Scarlet),,,available,1900,,high,"Open Library (openlibrary.org), retrieved 2026-10-04; CC0 1.0, attribution appreciated; earliest edition publish_date 1900 across 11 catalogued editions"
ol:ol1518262w,work,Sherlock Holmes (Adventures of Sherlock Holmes / Case-Book of Sherlock Holmes / His Last Bow / Memoirs of Sherlock Holmes [11 stories] / Return of Sherlock Holmes),,,available,1928,,high,"Open Library (openlibrary.org), retrieved 2026-10-04; CC0 1.0, attribution appreciated; earliest edition publish_date 1928 across 15 catalogued editions"
ol:ol15212619w,work,Room,,,available,2010,,high,"Open Library (openlibrary.org), retrieved 2026-10-04; CC0 1.0, attribution appreciated; earliest edition publish_date 2010 across 50 catalogued editions"
ol:ol152161w,work,Uncle Tom's Cabin,,,available,1850,,high,"Open Library (openlibrary.org), retrieved 2026-10-04; CC0 1.0, attribution appreciated; earliest edition publish_date 1850 across 688 catalogued editions"
ol:ol152226w,work,The Minister's Wooing,,,available,1800,,high,"Open Library (openlibrary.org), retrieved 2026-10-04; CC0 1.0, attribution appreciated; earliest edition publish_date 1800 across 57 catalogued editions"
ol:ol1527356w,work,Le avventure di Pinocchio,,,available,1883,,high,"Open Library (openlibrary.org), retrieved 2026-10-04; CC0 1.0, attribution appreciated; earliest edition publish_date 1883 across 431 catalogued editions"
ol:ol15326463w,work,Super sad true love story,,,available,2001,,high,"Open Library (openlibrary.org), retrieved 2026-10-04; CC0 1.0, attribution appreciated; earliest edition publish_date 2001 across 14 catalogued editions"
ol:ol15374110w,work,"Full Dark, No Stars",,,available,2010,,high,"Open Library (openlibrary.org), retrieved 2026-10-04; CC0 1.0, attribution appreciated; earliest edition publish_date 2010 across 41 catalogued editions"
ol:ol15400582w,work,The Big Sleep,,,available,1939,,high,"Open Library (openlibrary.org), retrieved 2026-10-04; CC0 1.0, attribution appreciated; earliest edition publish_date 1939 across 116 catalogued editions"
ol:ol15401200w,work,The Lost Hero,,,available,2010,,high,"Open Library (openlibrary.org), retrieved 2026-10-04; CC0 1.0, attribution appreciated; earliest edition publish_date 2010 across 53 catalogued editions"
ol:ol15411113w,work,The Odessa file,,,available,1842,,high,"Open Library (openlibrary.org), retrieved 2026-10-04; CC0 1.0, attribution appreciated; earliest edition publish_date 1842 across 72 catalogued editions"
ol:ol15414803w,work,The Scorch Trials,,,available,2010,,high,"Open Library (openlibrary.org), retrieved 2026-10-04; CC0 1.0, attribution appreciated; earliest edition publish_date 2010 across 13 catalogued editions"
ol:ol15448w,work,The Princess and Curdie,,,available,1832,,high,"Open Library (openlibrary.org), retrieved 2026-10-04; CC0 1.0, attribution appreciated; earliest edition publish_date 1832 across 487 catalogued editions"
ol:ol15449w,work,The Princess and the Goblin,,,available,1872,,high,"Open Library (openlibrary.org), retrieved 2026-10-04; CC0 1.0, attribution appreciated; earliest edition publish_date 1872 across 750 catalogued editions"
ol:ol15450w,work,Phantastes,,,available,1850,,high,"Open Library (openlibrary.org), retrieved 2026-10-04; CC0 1.0, attribution appreciated; earliest edition publish_date 1850 across 472 catalogued editions"
ol:ol15461987w,work,The Memory of Love,,,available,2010,,high,"Open Library (openlibrary.org), retrieved 2026-10-04; CC0 1.0, attribution appreciated; earliest edition publish_date 2010 across 12 catalogued editions"
ol:ol1548597w,work,De rerum natura,,,available,1486,,high,"Open Library (openlibrary.org), retrieved 2026-10-04; CC0 1.0, attribution appreciated; earliest edition publish_date 1486 across 537 catalogued editions"
ol:ol15493120w,work,"Matched (Matched Trilogy, Book 1)",,,available,2010,,high,"Open Library (openlibrary.org), retrieved 2026-10-04; CC0 1.0, attribution appreciated; earliest edition publish_date 2010 across 29 catalogued editions"
ol:ol15518787w,work,The Hunger Games Trilogy (Hunger Games / Catching Fire / Mockingjay),,,available,2010,,high,"Open Library (openlibrary.org), retrieved 2026-10-04; CC0 1.0, attribution appreciated; earliest edition publish_date 2010 across 29 catalogued editions"
ol:ol15586813w,work,Delirium,,,available,2011,,high,"Open Library (openlibrary.org), retrieved 2026-10-04; CC0 1.0, attribution appreciated; earliest edition publish_date 2011 across 18 catalogued editions"
ol:ol15719630w,work,Divergent,,,available,2010,,high,"Open Library (openlibrary.org), retrieved 2026-10-04; CC0 1.0, attribution appreciated; earliest edition publish_date 2010 across 87 catalogued editions"
ol:ol157577w,work,Touch the Devil,,,available,1982,,high,"Open Library (openlibrary.org), retrieved 2026-10-04; CC0 1.0, attribution appreciated; earliest edition publish_date 1982 across 43 catalogued editions"
ol:ol15935869w,work,Who Fears Death,,,available,2010,,high,"Open Library (openlibrary.org), retrieved 2026-10-04; CC0 1.0, attribution appreciated; earliest edition publish_date 2010 across 18 catalogued editions"
ol:ol15936512w,work,Ready Player One,,,available,2008,,high,"Open Library (openlibrary.org), retrieved 2026-10-04; CC0 1.0, attribution appreciated; earliest edition publish_date 2008 across 40 catalogued editions"
ol:ol16011284w,work,Flashback,,,available,2011,,high,"Open Library (openlibrary.org), retrieved 2026-10-04; CC0 1.0, attribution appreciated; earliest edition publish_date 2011 across 9 catalogued editions"
ol:ol16249171w,work,Hans Andersen's Fairy Tales,,,available,1846,,high,"Open Library (openlibrary.org), retrieved 2026-10-04; CC0 1.0, attribution appreciated; earliest edition publish_date 1846 across 298 catalogued editions"
ol:ol16253633w,work,De aanslag,,,available,1982,,high,"Open Library (openlibrary.org), retrieved 2026-10-04; CC0 1.0, attribution appreciated; earliest edition publish_date 1982 across 30 catalogued editions"
ol:ol16307969w,work,Crossed,,,available,2009,,high,"Open Library (openlibrary.org), retrieved 2026-10-04; CC0 1.0, attribution appreciated; earliest edition publish_date 2009 across 23 catalogued editions"
ol:ol16325201w,work,Insurgent,,,available,2011,,high,"Open Library (openlibrary.org), retrieved 2026-10-04; CC0 1.0, attribution appreciated; earliest edition publish_date 2011 across 64 catalogued editions"
ol:ol16333w,work,Leaves of Grass,,,available,1855,,high,"Open Library (openlibrary.org), retrieved 2026-10-04; CC0 1.0, attribution appreciated; earliest edition publish_date 1855 across 755 catalogued editions"
ol:ol16336633w,work,Fifty Shades of Grey,,,available,2000,,high,"Open Library (openlibrary.org), retrieved 2026-10-04; CC0 1.0, attribution appreciated; earliest edition publish_date 2000 across 141 catalogued editions"
ol:ol16361029w,work,The Selection (The Selection #1),,,available,2012,,high,"Open Library (openlibrary.org), retrieved 2026-10-04; CC0 1.0, attribution appreciated; earliest edition publish_date 2012 across 33 catalogued editions"
ol:ol1636262w,work,The Phantom Tollbooth,,,available,1961,,high,"Open Library (openlibrary.org), retrieved 2026-10-04; CC0 1.0, attribution appreciated; earliest edition publish_date 1961 across 65 catalogued editions"
ol:ol16444438w,work,The Fault in Our Stars,,,available,2010,,high,"Open Library (openlibrary.org), retrieved 2026-10-04; CC0 1.0, attribution appreciated; earliest edition publish_date 2010 across 80 catalogued editions"
ol:ol16547664w,work,Bring Up the Bodies,,,available,2012,,high,"Open Library (openlibrary.org), retrieved 2026-10-04; CC0 1.0, attribution appreciated; earliest edition publish_date 2012 across 55 catalogued editions"
ol:ol16550681w,work,Fifty Shades Darker,,,available,2011,,high,"Open Library (openlibrary.org), retrieved 2026-10-04; CC0 1.0, attribution appreciated; earliest edition publish_date 2011 across 83 catalogued editions"
ol:ol16550682w,work,Fifty Shades Freed,,,available,2011,,high,"Open Library (openlibrary.org), retrieved 2026-10-04; CC0 1.0, attribution appreciated; earliest edition publish_date 2011 across 78 catalogued editions"
ol:ol16558845w,work,The true tale of the monster Billy Dean,,,available,2011,,high,"Open Library (openlibrary.org), retrieved 2026-10-04; CC0 1.0, attribution appreciated; earliest edition publish_date 2011 across 13 catalogued editions"
ol:ol16633753w,work,There but for the,,,available,2011,,high,"Open Library (openlibrary.org), retrieved 2026-10-04; CC0 1.0, attribution appreciated; earliest edition publish_date 2011 across 10 catalogued editions"
ol:ol1663451w,work,Los informantes,,,available,2004,,high,"Open Library (openlibrary.org), retrieved 2026-10-04; CC0 1.0, attribution appreciated; earliest edition publish_date 2004 across 14 catalogued editions"
ol:ol166894w,work,Преступление и наказание,,,available,1866,,high,"Open Library (openlibrary.org), retrieved 2026-10-04; CC0 1.0, attribution appreciated; earliest edition publish_date 1866 across 1178 catalogued editions"
ol:ol166925w,work,Идиот,,,available,1874,,high,"Open Library (openlibrary.org), retrieved 2026-10-04; CC0 1.0, attribution appreciated; earliest edition publish_date 1874 across 437 catalogued editions"
ol:ol1673205w,work,The Godfather,,,available,1969,,high,"Open Library (openlibrary.org), retrieved 2026-10-04; CC0 1.0, attribution appreciated; earliest edition publish_date 1969 across 109 catalogued editions"
ol:ol16800608w,work,Wool,,,available,2011,,high,"Open Library (openlibrary.org), retrieved 2026-10-04; CC0 1.0, attribution appreciated; earliest edition publish_date 2011 across 25 catalogued editions"
ol:ol16805415w,work,Americanah,,,available,1969,,high,"Open Library (openlibrary.org), retrieved 2026-10-04; CC0 1.0, attribution appreciated; earliest edition publish_date 1969 across 58 catalogued editions"
ol:ol16806877w,work,Doctor Sleep,,,available,2013,,high,"Open Library (openlibrary.org), retrieved 2026-10-04; CC0 1.0, attribution appreciated; earliest edition publish_date 2013 across 53 catalogued editions"
ol:ol16807297w,work,Steelheart,,,available,2001,,high,"Open Library (openlibrary.org), retrieved 2026-10-04; CC0 1.0, attribution appreciated; earliest edition publish_date 2001 across 18 catalogued editions"
ol:ol16807680w,work,The Garden of Evening Mists,,,available,2011,,high,"Open Library (openlibrary.org), retrieved 2026-10-04; CC0 1.0, attribution appreciated; earliest edition publish_date 2011 across 15 catalogued editions"
ol:ol16808471w,work,Allegiant,,,available,2011,,high,"Open Library (openlibrary.org), retrieved 2026-10-04; CC0 1.0, attribution appreciated; earliest edition publish_date 2011 across 60 catalogued editions"
ol:ol16808654w,work,The Circle,,,available,2013,,high,"Open Library (openlibrary.org), retrieved 2026-10-04; CC0 1.0, attribution appreciated; earliest edition publish_date 2013 across 38 catalogued editions"
ol:ol16814507w,work,We Need New Names,,,available,2013,,high,"Open Library (openlibrary.org), retrieved 2026-10-04; CC0 1.0, attribution appreciated; earliest edition publish_date 2013 across 12 catalogued editions"
ol:ol16820059w,work,Mr. Mercedes,,,available,2013,,high,"Open Library (openlibrary.org), retrieved 2026-10-04; CC0 1.0, attribution appreciated; earliest edition publish_date 2013 across 47 catalogued editions"
ol:ol16820266w,work,The 5th wave (The 5th Wave #1),,,available,2013,,high,"Open Library (openlibrary.org), retrieved 2026-10-04; CC0 1.0, attribution appreciated; earliest edition publish_date 2013 across 30 catalogued editions"
ol:ol16825084w,work,Four,,,available,2001,,high,"Open Library (openlibrary.org), retrieved 2026-10-04; CC0 1.0, attribution appreciated; earliest edition publish_date 2001 across 44 catalogued editions"
ol:ol17077562w,work,Shelter,,,available,2011,,high,"Open Library (openlibrary.org), retrieved 2026-10-04; CC0 1.0, attribution appreciated; earliest edition publish_date 2011 across 37 catalogued editions"
ol:ol17082066w,work,The Young Elites,,,available,2014,,high,"Open Library (openlibrary.org), retrieved 2026-10-04; CC0 1.0, attribution appreciated; earliest edition publish_date 2014 across 14 catalogued editions"
ol:ol17092593w,work,Champion,,,available,2013,,high,"Open Library (openlibrary.org), retrieved 2026-10-04; CC0 1.0, attribution appreciated; earliest edition publish_date 2013 across 14 catalogued editions"
ol:ol17104741w,work,The Heir (The Selection #4),,,available,2015,,high,"Open Library (openlibrary.org), retrieved 2026-10-04; CC0 1.0, attribution appreciated; earliest edition publish_date 2015 across 19 catalogued editions"
ol:ol17188260w,work,Moxyland,,,available,2009,,high,"Open Library (openlibrary.org), retrieved 2026-10-04; CC0 1.0, attribution appreciated; earliest edition publish_date 2009 across 11 catalogued editions"
ol:ol17202418w,work,Station Eleven,,,available,2014,,high,"Open Library (openlibrary.org), retrieved 2026-10-04; CC0 1.0, attribution appreciated; earliest edition publish_date 2014 across 18 catalogued editions"
ol:ol17351965w,work,Prowadź swój pług przez kości umarłych,,,available,2009,,high,"Open Library (openlibrary.org), retrieved 2026-10-04; CC0 1.0, attribution appreciated; earliest edition publish_date 2009 across 27 catalogued editions"
ol:ol17365w,work,2001,,,available,1968,,high,"Open Library (openlibrary.org), retrieved 2026-10-04; CC0 1.0, attribution appreciated; earliest edition publish_date 1968 across 117 catalogued editions"
ol:ol17366206w,work,Shift,,,available,2013,,high,"Open Library (openlibrary.org), retrieved 2026-10-04; CC0 1.0, attribution appreciated; earliest edition publish_date 2013 across 10 catalogued editions"
ol:ol17373843w,work,Children of Time,,,available,2015,,high,"Open Library (openlibrary.org), retrieved 2026-10-04; CC0 1.0, attribution appreciated; earliest edition publish_date 2015 across 12 catalogued editions"
ol:ol17448w,work,King Solomon's Mines,,,available,1876,,high,"Open Library (openlibrary.org), retrieved 2026-10-04; CC0 1.0, attribution appreciated; earliest edition publish_date 1876 across 1105 catalogued editions"
ol:ol17453w,work,She,,,available,1886,,high,"Open Library (openlibrary.org), retrieved 2026-10-04; CC0 1.0, attribution appreciated; earliest edition publish_date 1886 across 510 catalogued editions"
ol:ol17483563w,work,Stormdancer,,,available,2012,,high,"Open Library (openlibrary.org), retrieved 2026-10-04; CC0 1.0, attribution appreciated; earliest edition publish_date 2012 across 13 catalogued editions"
ol:ol17506w,work,Morning Star,,,available,1910,,high,"Open Library (openlibrary.org), retrieved 2026-10-04; CC0 1.0, attribution appreciated; earliest edition publish_date 1910 across 159 catalogued editions"
ol:ol17518w,work,When the World Shook,,,available,1919,,high,"Open Library (openlibrary.org), retrieved 2026-10-04; CC0 1.0, attribution appreciated; earliest edition publish_date 1919 across 181 catalogued editions"
ol:ol17529w,work,Montezuma's daughter,,,available,1893,,high,"Open Library (openlibrary.org), retrieved 2026-10-04; CC0 1.0, attribution appreciated; earliest edition publish_date 1893 across 259 catalogued editions"
ol:ol17531w,work,Cleopatra,,,available,1881,,high,"Open Library (openlibrary.org), retrieved 2026-10-04; CC0 1.0, attribution appreciated; earliest edition publish_date 1881 across 359 catalogued editions"
ol:ol17569713w,work,The Heart Goes Last,,,available,2015,,high,"Open Library (openlibrary.org), retrieved 2026-10-04; CC0 1.0, attribution appreciated; earliest edition publish_date 2015 across 14 catalogued editions"
ol:ol176045w,work,The Woman in White,,,available,1859,,high,"Open Library (openlibrary.org), retrieved 2026-10-04; CC0 1.0, attribution appreciated; earliest edition publish_date 1859 across 653 catalogued editions"
ol:ol176065w,work,Little Novels,,,available,1887,,high,"Open Library (openlibrary.org), retrieved 2026-10-04; CC0 1.0, attribution appreciated; earliest edition publish_date 1887 across 81 catalogued editions"
ol:ol17607742w,work,The Power,,,available,1998,,high,"Open Library (openlibrary.org), retrieved 2026-10-04; CC0 1.0, attribution appreciated; earliest edition publish_date 1998 across 24 catalogued editions"
ol:ol176092w,work,The Moonstone,,,available,1800,,high,"Open Library (openlibrary.org), retrieved 2026-10-04; CC0 1.0, attribution appreciated; earliest edition publish_date 1800 across 1005 catalogued editions"
ol:ol17762236w,work,Borne,,,available,2017,,high,"Open Library (openlibrary.org), retrieved 2026-10-04; CC0 1.0, attribution appreciated; earliest edition publish_date 2017 across 14 catalogued editions"
ol:ol17764836w,work,소년이 온다,,,available,2014,,high,"Open Library (openlibrary.org), retrieved 2026-10-04; CC0 1.0, attribution appreciated; earliest edition publish_date 2014 across 13 catalogued editions"
ol:ol17795349w,work,Homegoing,,,available,2016,,high,"Open Library (openlibrary.org), retrieved 2026-10-04; CC0 1.0, attribution appreciated; earliest edition publish_date 2016 across 32 catalogued editions"
ol:ol17797130w,work,A Gentleman in Moscow,,,available,2016,,high,"Open Library (openlibrary.org), retrieved 2026-10-04; CC0 1.0, attribution appreciated; earliest edition publish_date 2016 across 28 catalogued editions"
ol:ol17822926w,work,The Midnight Star,,,available,2016,,high,"Open Library (openlibrary.org), retrieved 2026-10-04; CC0 1.0, attribution appreciated; earliest edition publish_date 2016 across 12 catalogued editions"
ol:ol17846238w,work,Eight cousins,,,available,1874,,high,"Open Library (openlibrary.org), retrieved 2026-10-04; CC0 1.0, attribution appreciated; earliest edition publish_date 1874 across 596 catalogued editions"
ol:ol17849707w,work,The Water Knife,,,available,2015,,high,"Open Library (openlibrary.org), retrieved 2026-10-04; CC0 1.0, attribution appreciated; earliest edition publish_date 2015 across 12 catalogued editions"
ol:ol17864836w,work,Cadáver exquisito,,,available,2015,,high,"Open Library (openlibrary.org), retrieved 2026-10-04; CC0 1.0, attribution appreciated; earliest edition publish_date 2015 across 12 catalogued editions"
ol:ol1793164w,work,Three Men in a Boat (to say nothing of the dog),,,available,1889,,high,"Open Library (openlibrary.org), retrieved 2026-10-04; CC0 1.0, attribution appreciated; earliest edition publish_date 1889 across 1136 catalogued editions"
ol:ol17937105w,work,The Outsider,,,available,2018,,high,"Open Library (openlibrary.org), retrieved 2026-10-04; CC0 1.0, attribution appreciated; earliest edition publish_date 2018 across 31 catalogued editions"
ol:ol1794622w,work,A Final Reckoning,,,available,1800,,high,"Open Library (openlibrary.org), retrieved 2026-10-04; CC0 1.0, attribution appreciated; earliest edition publish_date 1800 across 235 catalogued editions"
ol:ol1797754w,work,Scarhaven Keep,,,available,1922,,high,"Open Library (openlibrary.org), retrieved 2026-10-04; CC0 1.0, attribution appreciated; earliest edition publish_date 1922 across 108 catalogued editions"
ol:ol1798851w,work,Mr. Justice Raffles,,,available,1909,,high,"Open Library (openlibrary.org), retrieved 2026-10-04; CC0 1.0, attribution appreciated; earliest edition publish_date 1909 across 171 catalogued editions"
ol:ol18021641w,work,Imposters,,,available,2018,,high,"Open Library (openlibrary.org), retrieved 2026-10-04; CC0 1.0, attribution appreciated; earliest edition publish_date 2018 across 11 catalogued editions"
ol:ol1812933w,work,American Psycho,,,available,1991,,high,"Open Library (openlibrary.org), retrieved 2026-10-04; CC0 1.0, attribution appreciated; earliest edition publish_date 1991 across 46 catalogued editions"
ol:ol18342w,work,Unless,,,available,2002,,high,"Open Library (openlibrary.org), retrieved 2026-10-04; CC0 1.0, attribution appreciated; earliest edition publish_date 2002 across 43 catalogued editions"
ol:ol18394w,work,Little Wizard stories of Oz,,,available,1914,,high,"Open Library (openlibrary.org), retrieved 2026-10-04; CC0 1.0, attribution appreciated; earliest edition publish_date 1914 across 124 catalogued editions"
ol:ol18396w,work,The Marvelous Land of Oz,,,available,1904,,high,"Open Library (openlibrary.org), retrieved 2026-10-04; CC0 1.0, attribution appreciated; earliest edition publish_date 1904 across 724 catalogued editions"
ol:ol18405w,work,The Patchwork Girl of Oz,,,available,1913,,high,"Open Library (openlibrary.org), retrieved 2026-10-04; CC0 1.0, attribution appreciated; earliest edition publish_date 1913 across 496 catalogued editions"
ol:ol18409w,work,The Emerald City of Oz,,,available,1910,,high,"Open Library (openlibrary.org), retrieved 2026-10-04; CC0 1.0, attribution appreciated; earliest edition publish_date 1910 across 634 catalogued editions"
ol:ol18411w,work,The Lost Princess of Oz,,,available,1917,,high,"Open Library (openlibrary.org), retrieved 2026-10-04; CC0 1.0, attribution appreciated; earliest edition publish_date 1917 across 591 catalogued editions"
ol:ol18412w,work,Dorothy and the Wizard in Oz,,,available,1908,,high,"Open Library (openlibrary.org), retrieved 2026-10-04; CC0 1.0, attribution appreciated; earliest edition publish_date 1908 across 622 catalogued editions"
ol:ol18414w,work,Tik-Tok of Oz,,,available,1914,,high,"Open Library (openlibrary.org), retrieved 2026-10-04; CC0 1.0, attribution appreciated; earliest edition publish_date 1914 across 490 catalogued editions"
ol:ol18415w,work,Ozma of Oz,,,available,1907,,high,"Open Library (openlibrary.org), retrieved 2026-10-04; CC0 1.0, attribution appreciated; earliest edition publish_date 1907 across 701 catalogued editions"
ol:ol18417w,work,The Wonderful Wizard of Oz,,,available,1899,,high,"Open Library (openlibrary.org), retrieved 2026-10-04; CC0 1.0, attribution appreciated; earliest edition publish_date 1899 across 2049 catalogued editions"
ol:ol1846076w,work,The Giver,,,available,1993,,high,"Open Library (openlibrary.org), retrieved 2026-10-04; CC0 1.0, attribution appreciated; earliest edition publish_date 1993 across 106 catalogued editions"
ol:ol1846827w,work,Animal Dreams Cloth Signed,,,available,1987,,high,"Open Library (openlibrary.org), retrieved 2026-10-04; CC0 1.0, attribution appreciated; earliest edition publish_date 1987 across 25 catalogued editions"
ol:ol1850341w,work,The Horse Whisperer,,,available,1995,,high,"Open Library (openlibrary.org), retrieved 2026-10-04; CC0 1.0, attribution appreciated; earliest edition publish_date 1995 across 75 catalogued editions"
ol:ol1881658w,work,El Amo Del Juego/Masters of the Game,,,available,1905,,high,"Open Library (openlibrary.org), retrieved 2026-10-04; CC0 1.0, attribution appreciated; earliest edition publish_date 1905 across 50 catalogued editions"
ol:ol1882556w,work,The Thorn Birds,,,available,1977,,high,"Open Library (openlibrary.org), retrieved 2026-10-04; CC0 1.0, attribution appreciated; earliest edition publish_date 1977 across 79 catalogued editions"
ol:ol1905263w,work,Eva Luna,,,available,1987,,high,"Open Library (openlibrary.org), retrieved 2026-10-04; CC0 1.0, attribution appreciated; earliest edition publish_date 1987 across 157 catalogued editions"
ol:ol1911336w,work,The Day of the Triffids,,,available,1951,,high,"Open Library (openlibrary.org), retrieved 2026-10-04; CC0 1.0, attribution appreciated; earliest edition publish_date 1951 across 63 catalogued editions"
ol:ol1914085w,work,Night Over Water,,,available,1981,,high,"Open Library (openlibrary.org), retrieved 2026-10-04; CC0 1.0, attribution appreciated; earliest edition publish_date 1981 across 56 catalogued editions"
ol:ol1914086w,work,Lie Down With Lions,,,available,1985,,high,"Open Library (openlibrary.org), retrieved 2026-10-04; CC0 1.0, attribution appreciated; earliest edition publish_date 1985 across 44 catalogued editions"
ol:ol1916907w,work,High Fidelity,,,available,1995,,high,"Open Library (openlibrary.org), retrieved 2026-10-04; CC0 1.0, attribution appreciated; earliest edition publish_date 1995 across 66 catalogued editions"
ol:ol1918806w,work,Weight,,,available,2005,,high,"Open Library (openlibrary.org), retrieved 2026-10-04; CC0 1.0, attribution appreciated; earliest edition publish_date 2005 across 27 catalogued editions"
ol:ol1921530w,work,The Memory Keeper's Daughter,,,available,2005,,high,"Open Library (openlibrary.org), retrieved 2026-10-04; CC0 1.0, attribution appreciated; earliest edition publish_date 2005 across 27 catalogued editions"
ol:ol19324029w,work,Future Home of the Living God,,,available,2017,,high,"Open Library (openlibrary.org), retrieved 2026-10-04; CC0 1.0, attribution appreciated; earliest edition publish_date 2017 across 13 catalogued editions"
ol:ol19340986w,work,Golden Son,,,available,2015,,high,"Open Library (openlibrary.org), retrieved 2026-10-04; CC0 1.0, attribution appreciated; earliest edition publish_date 2015 across 21 catalogued editions"
ol:ol1948504w,work,Five Run Away Together,,,available,1942,,high,"Open Library (openlibrary.org), retrieved 2026-10-04; CC0 1.0, attribution appreciated; earliest edition publish_date 1942 across 52 catalogued editions"
ol:ol1948513w,work,Five Go to Smuggler's Top,,,available,1945,,high,"Open Library (openlibrary.org), retrieved 2026-10-04; CC0 1.0, attribution appreciated; earliest edition publish_date 1945 across 47 catalogued editions"
ol:ol1948522w,work,Five on Kirrin Island Again,,,available,1947,,high,"Open Library (openlibrary.org), retrieved 2026-10-04; CC0 1.0, attribution appreciated; earliest edition publish_date 1947 across 44 catalogued editions"
ol:ol1948670w,work,Five Go Adventuring Again,,,available,1943,,high,"Open Library (openlibrary.org), retrieved 2026-10-04; CC0 1.0, attribution appreciated; earliest edition publish_date 1943 across 53 catalogued editions"
ol:ol1948675w,work,Five Go Off in a Caravan,,,available,1946,,high,"Open Library (openlibrary.org), retrieved 2026-10-04; CC0 1.0, attribution appreciated; earliest edition publish_date 1946 across 42 catalogued editions"
ol:ol1948704w,work,Five on a Treasure Island,,,available,1942,,high,"Open Library (openlibrary.org), retrieved 2026-10-04; CC0 1.0, attribution appreciated; earliest edition publish_date 1942 across 85 catalogued editions"
ol:ol1955906w,work,A Dance With Dragons,,,available,2008,,high,"Open Library (openlibrary.org), retrieved 2026-10-04; CC0 1.0, attribution appreciated; earliest edition publish_date 2008 across 49 catalogued editions"
ol:ol19590w,work,Il était une fois l'amour,,,available,1981,,high,"Open Library (openlibrary.org), retrieved 2026-10-04; CC0 1.0, attribution appreciated; earliest edition publish_date 1981 across 49 catalogued editions"
ol:ol19613w,work,Nichts ist stärker als die Liebe,,,available,1981,,high,"Open Library (openlibrary.org), retrieved 2026-10-04; CC0 1.0, attribution appreciated; earliest edition publish_date 1981 across 55 catalogued editions"
ol:ol1963316w,work,The Terror,,,available,2007,,high,"Open Library (openlibrary.org), retrieved 2026-10-04; CC0 1.0, attribution appreciated; earliest edition publish_date 2007 across 39 catalogued editions"
ol:ol19650409w,work,Morning Star,,,available,2016,,high,"Open Library (openlibrary.org), retrieved 2026-10-04; CC0 1.0, attribution appreciated; earliest edition publish_date 2016 across 20 catalogued editions"
ol:ol19661308w,work,"Humans, Bow Down",,,available,2016,,high,"Open Library (openlibrary.org), retrieved 2026-10-04; CC0 1.0, attribution appreciated; earliest edition publish_date 2016 across 15 catalogued editions"
ol:ol19668198w,work,The rest of us just live here,,,available,2001,,high,"Open Library (openlibrary.org), retrieved 2026-10-04; CC0 1.0, attribution appreciated; earliest edition publish_date 2001 across 11 catalogued editions"
ol:ol19704917w,work,The remaining,,,available,2013,,high,"Open Library (openlibrary.org), retrieved 2026-10-04; CC0 1.0, attribution appreciated; earliest edition publish_date 2013 across 13 catalogued editions"
ol:ol19731232w,work,The wolves of winter,,,available,2018,,high,"Open Library (openlibrary.org), retrieved 2026-10-04; CC0 1.0, attribution appreciated; earliest edition publish_date 2018 across 11 catalogued editions"
ol:ol1978137w,work,Level 7,,,available,1959,,high,"Open Library (openlibrary.org), retrieved 2026-10-04; CC0 1.0, attribution appreciated; earliest edition publish_date 1959 across 10 catalogued editions"
ol:ol19781733w,work,Eleanor Oliphant is Completely Fine,,,available,2017,,high,"Open Library (openlibrary.org), retrieved 2026-10-04; CC0 1.0, attribution appreciated; earliest edition publish_date 2017 across 15 catalogued editions"
ol:ol19792034w,work,QualityLand,,,available,2017,,high,"Open Library (openlibrary.org), retrieved 2026-10-04; CC0 1.0, attribution appreciated; earliest edition publish_date 2017 across 21 catalogued editions"
ol:ol19842w,work,Captains Courageous,,,available,1896,,high,"Open Library (openlibrary.org), retrieved 2026-10-04; CC0 1.0, attribution appreciated; earliest edition publish_date 1896 across 991 catalogued editions"
ol:ol19870w,work,The Jungle Book,,,available,1893,,high,"Open Library (openlibrary.org), retrieved 2026-10-04; CC0 1.0, attribution appreciated; earliest edition publish_date 1893 across 537 catalogued editions"
ol:ol19899w,work,Just So Stories,,,available,1922,,high,"Open Library (openlibrary.org), retrieved 2026-10-04; CC0 1.0, attribution appreciated; earliest edition publish_date 1922 across 246 catalogued editions"
ol:ol19908w,work,Kim,,,available,1901,,high,"Open Library (openlibrary.org), retrieved 2026-10-04; CC0 1.0, attribution appreciated; earliest edition publish_date 1901 across 935 catalogued editions"
ol:ol19919579w,work,Memory of Water,,,available,2012,,high,"Open Library (openlibrary.org), retrieved 2026-10-04; CC0 1.0, attribution appreciated; earliest edition publish_date 2012 across 16 catalogued editions"
ol:ol19921476w,work,"Fall; or, Dodge in Hell",,,available,2019,,high,"Open Library (openlibrary.org), retrieved 2026-10-04; CC0 1.0, attribution appreciated; earliest edition publish_date 2019 across 9 catalogued editions"
ol:ol1992198w,work,In Cold Blood,,,available,1965,,high,"Open Library (openlibrary.org), retrieved 2026-10-04; CC0 1.0, attribution appreciated; earliest edition publish_date 1965 across 121 catalogued editions"
ol:ol19926w,work,The Second Jungle Book,,,available,1887,,high,"Open Library (openlibrary.org), retrieved 2026-10-04; CC0 1.0, attribution appreciated; earliest edition publish_date 1887 across 612 catalogued editions"
ol:ol20058926w,work,The boy on the bridge,,,available,2017,,high,"Open Library (openlibrary.org), retrieved 2026-10-04; CC0 1.0, attribution appreciated; earliest edition publish_date 2017 across 10 catalogued editions"
ol:ol2010436w,work,Wizard's First Rule,,,available,1994,,high,"Open Library (openlibrary.org), retrieved 2026-10-04; CC0 1.0, attribution appreciated; earliest edition publish_date 1994 across 51 catalogued editions"
ol:ol20150260w,work,Normal People,,,available,2018,,high,"Open Library (openlibrary.org), retrieved 2026-10-04; CC0 1.0, attribution appreciated; earliest edition publish_date 2018 across 27 catalogued editions"
ol:ol20158w,work,Under the deodars,,,available,1850,,high,"Open Library (openlibrary.org), retrieved 2026-10-04; CC0 1.0, attribution appreciated; earliest edition publish_date 1850 across 83 catalogued editions"
ol:ol20161w,work,Rewards and fairies,,,available,1910,,high,"Open Library (openlibrary.org), retrieved 2026-10-04; CC0 1.0, attribution appreciated; earliest edition publish_date 1910 across 176 catalogued editions"
ol:ol20165w,work,Puck of Pook's Hill,,,available,1900,,high,"Open Library (openlibrary.org), retrieved 2026-10-04; CC0 1.0, attribution appreciated; earliest edition publish_date 1900 across 322 catalogued editions"
ol:ol20170w,work,Plain tales from the hills,,,available,1888,,high,"Open Library (openlibrary.org), retrieved 2026-10-04; CC0 1.0, attribution appreciated; earliest edition publish_date 1888 across 303 catalogued editions"
ol:ol20294228w,work,After the Flood,,,available,2019,,high,"Open Library (openlibrary.org), retrieved 2026-10-04; CC0 1.0, attribution appreciated; earliest edition publish_date 2019 across 11 catalogued editions"
ol:ol20384700w,work,Ghost Wall,,,available,2018,,high,"Open Library (openlibrary.org), retrieved 2026-10-04; CC0 1.0, attribution appreciated; earliest edition publish_date 2018 across 12 catalogued editions"
ol:ol20396042w,work,When She Woke,,,available,1970,,high,"Open Library (openlibrary.org), retrieved 2026-10-04; CC0 1.0, attribution appreciated; earliest edition publish_date 1970 across 10 catalogued editions"
ol:ol20600w,work,Gulliver's Travels,,,available,1726,,high,"Open Library (openlibrary.org), retrieved 2026-10-04; CC0 1.0, attribution appreciated; earliest edition publish_date 1726 across 1810 catalogued editions"
ol:ol20645179w,work,Shuggie Bain,,,available,2019,,high,"Open Library (openlibrary.org), retrieved 2026-10-04; CC0 1.0, attribution appreciated; earliest edition publish_date 2019 across 23 catalogued editions"
ol:ol20646061w,work,A Good Girl's Guide to Murder,,,available,2019,,high,"Open Library (openlibrary.org), retrieved 2026-10-04; CC0 1.0, attribution appreciated; earliest edition publish_date 2019 across 38 catalogued editions"
ol:ol20651847w,work,The Toll,,,available,2019,,high,"Open Library (openlibrary.org), retrieved 2026-10-04; CC0 1.0, attribution appreciated; earliest edition publish_date 2019 across 9 catalogued editions"
ol:ol20665410w,work,The Mirror and the Light,,,available,2020,,high,"Open Library (openlibrary.org), retrieved 2026-10-04; CC0 1.0, attribution appreciated; earliest edition publish_date 2020 across 26 catalogued editions"
ol:ol20760166w,work,Kentukis,,,available,2014,,high,"Open Library (openlibrary.org), retrieved 2026-10-04; CC0 1.0, attribution appreciated; earliest edition publish_date 2014 across 31 catalogued editions"
ol:ol20799434w,work,The Vanishing Half,,,available,2020,,high,"Open Library (openlibrary.org), retrieved 2026-10-04; CC0 1.0, attribution appreciated; earliest edition publish_date 2020 across 16 catalogued editions"
ol:ol20800452w,work,The New Wilderness,,,available,2020,,high,"Open Library (openlibrary.org), retrieved 2026-10-04; CC0 1.0, attribution appreciated; earliest edition publish_date 2020 across 10 catalogued editions"
ol:ol20844w,work,The Red Badge of Courage,,,available,1855,,high,"Open Library (openlibrary.org), retrieved 2026-10-04; CC0 1.0, attribution appreciated; earliest edition publish_date 1855 across 639 catalogued editions"
ol:ol20874w,work,Silas Marner,,,available,1800,,high,"Open Library (openlibrary.org), retrieved 2026-10-04; CC0 1.0, attribution appreciated; earliest edition publish_date 1800 across 628 catalogued editions"
ol:ol20907281w,work,Ready Player Two,,,available,2019,,high,"Open Library (openlibrary.org), retrieved 2026-10-04; CC0 1.0, attribution appreciated; earliest edition publish_date 2019 across 20 catalogued editions"
ol:ol20938w,work,The Mill on the Floss,,,available,1800,,high,"Open Library (openlibrary.org), retrieved 2026-10-04; CC0 1.0, attribution appreciated; earliest edition publish_date 1800 across 763 catalogued editions"
ol:ol2096536w,work,Watership Down,,,available,1972,,high,"Open Library (openlibrary.org), retrieved 2026-10-04; CC0 1.0, attribution appreciated; earliest edition publish_date 1972 across 108 catalogued editions"
ol:ol21025633w,work,Записки изъ подполья,,,available,1864,,high,"Open Library (openlibrary.org), retrieved 2026-10-04; CC0 1.0, attribution appreciated; earliest edition publish_date 1864 across 837 catalogued editions"
ol:ol21177w,work,Wuthering Heights,,,available,1846,,medium,"Open Library (openlibrary.org), retrieved 2026-10-04; CC0 1.0, attribution appreciated; work-level first_publish_year 1846 only; edition dates start 1847 (later; first edition likely uncatalogued)"
ol:ol21354339w,work,The Handmaid's Tale [Graphic Novel],,,available,2019,,high,"Open Library (openlibrary.org), retrieved 2026-10-04; CC0 1.0, attribution appreciated; earliest edition publish_date 2019 across 10 catalogued editions"
ol:ol2163649w,work,The Hitchhiker's Guide to the Galaxy,,,available,1979,,high,"Open Library (openlibrary.org), retrieved 2026-10-04; CC0 1.0, attribution appreciated; earliest edition publish_date 1979 across 130 catalogued editions"
ol:ol2163655w,work,The Restaurant at the End of the Universe,,,available,1980,,high,"Open Library (openlibrary.org), retrieved 2026-10-04; CC0 1.0, attribution appreciated; earliest edition publish_date 1980 across 92 catalogued editions"
ol:ol2172356w,work,Do Androids Dream of Electric Sheep?,,,available,1968,,high,"Open Library (openlibrary.org), retrieved 2026-10-04; CC0 1.0, attribution appreciated; earliest edition publish_date 1968 across 90 catalogued editions"
ol:ol2172403w,work,The Man in the High Castle,,,available,1962,,high,"Open Library (openlibrary.org), retrieved 2026-10-04; CC0 1.0, attribution appreciated; earliest edition publish_date 1962 across 84 catalogued editions"
ol:ol2172473w,work,The Game-players of Titan,,,available,1963,,high,"Open Library (openlibrary.org), retrieved 2026-10-04; CC0 1.0, attribution appreciated; earliest edition publish_date 1963 across 19 catalogued editions"
ol:ol2172499w,work,Vulcan's hammer,,,available,1960,,high,"Open Library (openlibrary.org), retrieved 2026-10-04; CC0 1.0, attribution appreciated; earliest edition publish_date 1960 across 11 catalogued editions"
ol:ol21799623w,work,The Love Songs of W.E.B. Du Bois,,,available,2021,,high,"Open Library (openlibrary.org), retrieved 2026-10-04; CC0 1.0, attribution appreciated; earliest edition publish_date 2021 across 11 catalogued editions"
ol:ol2195985w,work,Kometen kommer (Kometjakten),,,available,1946,,high,"Open Library (openlibrary.org), retrieved 2026-10-04; CC0 1.0, attribution appreciated; earliest edition publish_date 1946 across 44 catalogued editions"
ol:ol2234946w,work,The Nine Tailors,,,available,1934,,high,"Open Library (openlibrary.org), retrieved 2026-10-04; CC0 1.0, attribution appreciated; earliest edition publish_date 1934 across 70 catalogued editions"
ol:ol2239396w,work,À rebours,,,available,1884,,high,"Open Library (openlibrary.org), retrieved 2026-10-04; CC0 1.0, attribution appreciated; earliest edition publish_date 1884 across 337 catalogued editions"
ol:ol2271626w,work,"Momo oder Die seltsame Geschichte von den Zeit-Dieben und von dem Kind, das den Menschen die gestohlene Zeit zurückbrachte",,,available,1973,,high,"Open Library (openlibrary.org), retrieved 2026-10-04; CC0 1.0, attribution appreciated; earliest edition publish_date 1973 across 108 catalogued editions"
ol:ol2288676w,work,Brood of the Witch-Queen,,,available,1924,,high,"Open Library (openlibrary.org), retrieved 2026-10-04; CC0 1.0, attribution appreciated; earliest edition publish_date 1924 across 194 catalogued editions"
ol:ol23165w,work,Novels (Cannery Row / East of Eden / Grapes of Wrath / Moon is Down / Of Mice and Men),,,available,1976,,high,"Open Library (openlibrary.org), retrieved 2026-10-04; CC0 1.0, attribution appreciated; earliest edition publish_date 1976 across 15 catalogued editions"
ol:ol23166w,work,East of Eden,,,available,1952,,high,"Open Library (openlibrary.org), retrieved 2026-10-04; CC0 1.0, attribution appreciated; earliest edition publish_date 1952 across 104 catalogued editions"
ol:ol2319934w,work,The Coral Island,,,available,1858,,high,"Open Library (openlibrary.org), retrieved 2026-10-04; CC0 1.0, attribution appreciated; earliest edition publish_date 1858 across 473 catalogued editions"
ol:ol23204w,work,Of Mice and Men,,,available,1937,,high,"Open Library (openlibrary.org), retrieved 2026-10-04; CC0 1.0, attribution appreciated; earliest edition publish_date 1937 across 293 catalogued editions"
ol:ol23205w,work,The Grapes of Wrath,,,available,1939,,high,"Open Library (openlibrary.org), retrieved 2026-10-04; CC0 1.0, attribution appreciated; earliest edition publish_date 1939 across 321 catalogued editions"
ol:ol2339940w,work,A Dog of Flanders,,,available,1800,,high,"Open Library (openlibrary.org), retrieved 2026-10-04; CC0 1.0, attribution appreciated; earliest edition publish_date 1800 across 105 catalogued editions"
ol:ol23480w,work,Red Dragon,,,available,1981,,high,"Open Library (openlibrary.org), retrieved 2026-10-04; CC0 1.0, attribution appreciated; earliest edition publish_date 1981 across 60 catalogued editions"
ol:ol240210w,work,Ben Hur,,,available,1800,,high,"Open Library (openlibrary.org), retrieved 2026-10-04; CC0 1.0, attribution appreciated; earliest edition publish_date 1800 across 201 catalogued editions"
ol:ol240336w,work,Indian Fairy Tales,,,available,1892,,high,"Open Library (openlibrary.org), retrieved 2026-10-04; CC0 1.0, attribution appreciated; earliest edition publish_date 1892 across 73 catalogued editions"
ol:ol24034w,work,Treasure Island,,,available,1880,,medium,"Open Library (openlibrary.org), retrieved 2026-10-04; CC0 1.0, attribution appreciated; work-level first_publish_year 1880 only; edition dates start 1883 (later; first edition likely uncatalogued)"
ol:ol2412076w,work,The Accidental,,,available,2005,,high,"Open Library (openlibrary.org), retrieved 2026-10-04; CC0 1.0, attribution appreciated; earliest edition publish_date 2005 across 23 catalogued editions"
ol:ol24156w,work,The Strange Case of Dr. Jekyll and Mr. Hyde,,,available,1875,,high,"Open Library (openlibrary.org), retrieved 2026-10-04; CC0 1.0, attribution appreciated; earliest edition publish_date 1875 across 373 catalogued editions"
ol:ol24161w,work,The  black arrow,,,available,1888,,high,"Open Library (openlibrary.org), retrieved 2026-10-04; CC0 1.0, attribution appreciated; earliest edition publish_date 1888 across 341 catalogued editions"
ol:ol24163w,work,David Balfour,,,available,1883,,high,"Open Library (openlibrary.org), retrieved 2026-10-04; CC0 1.0, attribution appreciated; earliest edition publish_date 1883 across 280 catalogued editions"
ol:ol24164w,work,The master of Ballantrae,,,available,1888,,high,"Open Library (openlibrary.org), retrieved 2026-10-04; CC0 1.0, attribution appreciated; earliest edition publish_date 1888 across 205 catalogued editions"
ol:ol24166w,work,Kidnapped,,,available,1886,,high,"Open Library (openlibrary.org), retrieved 2026-10-04; CC0 1.0, attribution appreciated; earliest edition publish_date 1886 across 352 catalogued editions"
ol:ol241903w,work,The black gang,,,available,1922,,high,"Open Library (openlibrary.org), retrieved 2026-10-04; CC0 1.0, attribution appreciated; earliest edition publish_date 1922 across 115 catalogued editions"
ol:ol241906w,work,The final count,,,available,1926,,high,"Open Library (openlibrary.org), retrieved 2026-10-04; CC0 1.0, attribution appreciated; earliest edition publish_date 1926 across 39 catalogued editions"
ol:ol241909w,work,Bulldog Drummond,,,available,1919,,high,"Open Library (openlibrary.org), retrieved 2026-10-04; CC0 1.0, attribution appreciated; earliest edition publish_date 1919 across 101 catalogued editions"
ol:ol24212743w,work,Mrs. March,,,available,2021,,high,"Open Library (openlibrary.org), retrieved 2026-10-04; CC0 1.0, attribution appreciated; earliest edition publish_date 2021 across 28 catalogued editions"
ol:ol244537w,work,The Art of War,,,available,1900,,medium,"Open Library (openlibrary.org), retrieved 2026-10-04; CC0 1.0, attribution appreciated; work-level first_publish_year 1900 only; edition dates start 1910 (later; first edition likely uncatalogued)"
ol:ol245401w,work,The Prisoner of Zenda,,,available,1800,,high,"Open Library (openlibrary.org), retrieved 2026-10-04; CC0 1.0, attribution appreciated; earliest edition publish_date 1800 across 627 catalogued editions"
ol:ol2455093w,work,Lost Horizon,,,available,1933,,high,"Open Library (openlibrary.org), retrieved 2026-10-04; CC0 1.0, attribution appreciated; earliest edition publish_date 1933 across 130 catalogued editions"
ol:ol24583029w,work,The Premature Burial,,,available,2013,,high,"Open Library (openlibrary.org), retrieved 2026-10-04; CC0 1.0, attribution appreciated; earliest edition publish_date 2013 across 45 catalogued editions"
ol:ol2462427w,work,Agnes Grey,,,available,1847,,high,"Open Library (openlibrary.org), retrieved 2026-10-04; CC0 1.0, attribution appreciated; earliest edition publish_date 1847 across 616 catalogued editions"
ol:ol24656586w,work,The Boxcar Children,,,available,1924,,high,"Open Library (openlibrary.org), retrieved 2026-10-04; CC0 1.0, attribution appreciated; earliest edition publish_date 1924 across 87 catalogued editions"
ol:ol2466637w,work,Lanark,,,available,1981,,high,"Open Library (openlibrary.org), retrieved 2026-10-04; CC0 1.0, attribution appreciated; earliest edition publish_date 1981 across 35 catalogued editions"
ol:ol2486917w,work,Het Diner,,,available,2009,,high,"Open Library (openlibrary.org), retrieved 2026-10-04; CC0 1.0, attribution appreciated; earliest edition publish_date 2009 across 33 catalogued editions"
ol:ol250352w,work,The Amateur Cracksman,,,available,1899,,high,"Open Library (openlibrary.org), retrieved 2026-10-04; CC0 1.0, attribution appreciated; earliest edition publish_date 1899 across 223 catalogued editions"
ol:ol250353w,work,A Thief in the Night,,,available,1905,,high,"Open Library (openlibrary.org), retrieved 2026-10-04; CC0 1.0, attribution appreciated; earliest edition publish_date 1905 across 214 catalogued editions"
ol:ol25345147w,work,Young Mungo,,,available,2022,,high,"Open Library (openlibrary.org), retrieved 2026-10-04; CC0 1.0, attribution appreciated; earliest edition publish_date 2022 across 11 catalogued editions"
ol:ol25397w,work,Fairy Tales and Stories,,,available,1850,,high,"Open Library (openlibrary.org), retrieved 2026-10-04; CC0 1.0, attribution appreciated; earliest edition publish_date 1850 across 145 catalogued editions"
ol:ol25471394w,work,School for Good Mothers,,,available,2022,,high,"Open Library (openlibrary.org), retrieved 2026-10-04; CC0 1.0, attribution appreciated; earliest edition publish_date 2022 across 12 catalogued editions"
ol:ol2564006w,work,Genji monogatari,,,available,1900,,high,"Open Library (openlibrary.org), retrieved 2026-10-04; CC0 1.0, attribution appreciated; earliest edition publish_date 1900 across 121 catalogued editions"
ol:ol25649539w,work,The Red Badge of Courage,,,available,1871,,high,"Open Library (openlibrary.org), retrieved 2026-10-04; CC0 1.0, attribution appreciated; earliest edition publish_date 1871 across 447 catalogued editions"
ol:ol2568879w,work,Where the Wild Things Are,,,available,1963,,high,"Open Library (openlibrary.org), retrieved 2026-10-04; CC0 1.0, attribution appreciated; earliest edition publish_date 1963 across 125 catalogued editions"
ol:ol257943w,work,A Game of Thrones,,,available,1996,,high,"Open Library (openlibrary.org), retrieved 2026-10-04; CC0 1.0, attribution appreciated; earliest edition publish_date 1996 across 136 catalogued editions"
ol:ol258301w,work,Доктор Живаго,,,available,1940,,high,"Open Library (openlibrary.org), retrieved 2026-10-04; CC0 1.0, attribution appreciated; earliest edition publish_date 1940 across 176 catalogued editions"
ol:ol258656w,work,Cymbeline,,,available,1734,,high,"Open Library (openlibrary.org), retrieved 2026-10-04; CC0 1.0, attribution appreciated; earliest edition publish_date 1734 across 844 catalogued editions"
ol:ol258902w,work,Macbeth,,,available,1508,,medium,"Open Library (openlibrary.org), retrieved 2026-10-04; CC0 1.0, attribution appreciated; work-level first_publish_year 1508 only; edition dates start 1606 (later; first edition likely uncatalogued)"
ol:ol259010w,work,A Midsummer Night's Dream,,,available,1600,,high,"Open Library (openlibrary.org), retrieved 2026-10-04; CC0 1.0, attribution appreciated; earliest edition publish_date 1600 across 1505 catalogued editions"
ol:ol260475w,work,Fallen Hearts,,,available,1988,,high,"Open Library (openlibrary.org), retrieved 2026-10-04; CC0 1.0, attribution appreciated; earliest edition publish_date 1988 across 38 catalogued editions"
ol:ol261794w,work,A Clockwork Orange,,,available,1962,,high,"Open Library (openlibrary.org), retrieved 2026-10-04; CC0 1.0, attribution appreciated; earliest edition publish_date 1962 across 145 catalogued editions"
ol:ol261828w,work,Potterism,,,available,1920,,high,"Open Library (openlibrary.org), retrieved 2026-10-04; CC0 1.0, attribution appreciated; earliest edition publish_date 1920 across 63 catalogued editions"
ol:ol261852w,work,Paris Trout,,,available,1988,,high,"Open Library (openlibrary.org), retrieved 2026-10-04; CC0 1.0, attribution appreciated; earliest edition publish_date 1988 across 17 catalogued editions"
ol:ol262048w,work,The Wolves of Willoughby Chase (Wolves #1),,,available,1911,,high,"Open Library (openlibrary.org), retrieved 2026-10-04; CC0 1.0, attribution appreciated; earliest edition publish_date 1911 across 41 catalogued editions"
ol:ol262141w,work,Mary Poppins,,,available,1934,,high,"Open Library (openlibrary.org), retrieved 2026-10-04; CC0 1.0, attribution appreciated; earliest edition publish_date 1934 across 109 catalogued editions"
ol:ol262341w,work,Baum's American Fairy Tales,,,available,1901,,high,"Open Library (openlibrary.org), retrieved 2026-10-04; CC0 1.0, attribution appreciated; earliest edition publish_date 1901 across 514 catalogued editions"
ol:ol262352w,work,The Scarecrow of Oz,,,available,1915,,high,"Open Library (openlibrary.org), retrieved 2026-10-04; CC0 1.0, attribution appreciated; earliest edition publish_date 1915 across 503 catalogued editions"
ol:ol262358w,work,The Complete Life and Adventures of Santa Claus,,,available,1902,,high,"Open Library (openlibrary.org), retrieved 2026-10-04; CC0 1.0, attribution appreciated; earliest edition publish_date 1902 across 560 catalogued editions"
ol:ol262376w,work,Rinkitink in Oz,,,available,1916,,high,"Open Library (openlibrary.org), retrieved 2026-10-04; CC0 1.0, attribution appreciated; earliest edition publish_date 1916 across 488 catalogued editions"
ol:ol262380w,work,The Magic of Oz,,,available,1919,,high,"Open Library (openlibrary.org), retrieved 2026-10-04; CC0 1.0, attribution appreciated; earliest edition publish_date 1919 across 495 catalogued editions"
ol:ol262381w,work,The Tin Woodman of Oz,,,available,1918,,high,"Open Library (openlibrary.org), retrieved 2026-10-04; CC0 1.0, attribution appreciated; earliest edition publish_date 1918 across 461 catalogued editions"
ol:ol262383w,work,The Master Key,,,available,1901,,high,"Open Library (openlibrary.org), retrieved 2026-10-04; CC0 1.0, attribution appreciated; earliest edition publish_date 1901 across 162 catalogued editions"
ol:ol262384w,work,The Sea Fairies,,,available,1911,,high,"Open Library (openlibrary.org), retrieved 2026-10-04; CC0 1.0, attribution appreciated; earliest edition publish_date 1911 across 528 catalogued editions"
ol:ol262385w,work,Sky Island,,,available,1912,,high,"Open Library (openlibrary.org), retrieved 2026-10-04; CC0 1.0, attribution appreciated; earliest edition publish_date 1912 across 510 catalogued editions"
ol:ol262388w,work,The Enchanted Island of Yew,,,available,1903,,high,"Open Library (openlibrary.org), retrieved 2026-10-04; CC0 1.0, attribution appreciated; earliest edition publish_date 1903 across 288 catalogued editions"
ol:ol262390w,work,The Road to Oz,,,available,1909,,high,"Open Library (openlibrary.org), retrieved 2026-10-04; CC0 1.0, attribution appreciated; earliest edition publish_date 1909 across 537 catalogued editions"
ol:ol262391w,work,Glinda of Oz,,,available,1920,,high,"Open Library (openlibrary.org), retrieved 2026-10-04; CC0 1.0, attribution appreciated; earliest edition publish_date 1920 across 454 catalogued editions"
ol:ol262419w,work,Short Stories (Adventures of Sherlock Holmes / Memoirs of Sherlock Holmes [12 stories]),,,available,1946,,high,"Open Library (openlibrary.org), retrieved 2026-10-04; CC0 1.0, attribution appreciated; earliest edition publish_date 1946 across 16 catalogued editions"
ol:ol262421w,work,The Adventures of Sherlock Holmes [12 stories],,,available,1892,,high,"Open Library (openlibrary.org), retrieved 2026-10-04; CC0 1.0, attribution appreciated; earliest edition publish_date 1892 across 1134 catalogued editions"
ol:ol262426w,work,The Case-Book of Sherlock Holmes,,,available,1927,,high,"Open Library (openlibrary.org), retrieved 2026-10-04; CC0 1.0, attribution appreciated; earliest edition publish_date 1927 across 286 catalogued editions"
ol:ol262438w,work,The Sign of Four,,,available,1889,,high,"Open Library (openlibrary.org), retrieved 2026-10-04; CC0 1.0, attribution appreciated; earliest edition publish_date 1889 across 962 catalogued editions"
ol:ol262452w,work,His Last Bow [8 stories],,,available,1917,,high,"Open Library (openlibrary.org), retrieved 2026-10-04; CC0 1.0, attribution appreciated; earliest edition publish_date 1917 across 583 catalogued editions"
ol:ol262454w,work,The Hound of the Baskervilles,,,available,1900,,high,"Open Library (openlibrary.org), retrieved 2026-10-04; CC0 1.0, attribution appreciated; earliest edition publish_date 1900 across 1309 catalogued editions"
ol:ol262460w,work,The Lost World,,,available,1900,,high,"Open Library (openlibrary.org), retrieved 2026-10-04; CC0 1.0, attribution appreciated; earliest edition publish_date 1900 across 747 catalogued editions"
ol:ol262463w,work,Memoirs of Sherlock Holmes [11 stories],,,available,1893,,high,"Open Library (openlibrary.org), retrieved 2026-10-04; CC0 1.0, attribution appreciated; earliest edition publish_date 1893 across 530 catalogued editions"
ol:ol262477w,work,The Return of Sherlock Holmes,,,available,1903,,high,"Open Library (openlibrary.org), retrieved 2026-10-04; CC0 1.0, attribution appreciated; earliest edition publish_date 1903 across 545 catalogued editions"
ol:ol262490w,work,Sherlock Holmes (Hound of the Baskervilles / Sign of Four / Study in Scarlet / Valley of Fear),,,available,1929,,high,"Open Library (openlibrary.org), retrieved 2026-10-04; CC0 1.0, attribution appreciated; earliest edition publish_date 1929 across 46 catalogued editions"
ol:ol262496w,work,A Study in Scarlet,,,available,1887,,high,"Open Library (openlibrary.org), retrieved 2026-10-04; CC0 1.0, attribution appreciated; earliest edition publish_date 1887 across 1447 catalogued editions"
ol:ol262498w,work,Novels (Sign of Four / Study in Scarlet),,,available,1902,,high,"Open Library (openlibrary.org), retrieved 2026-10-04; CC0 1.0, attribution appreciated; earliest edition publish_date 1902 across 43 catalogued editions"
ol:ol2625412w,work,ねじまき鳥クロニクル,,,available,1997,,high,"Open Library (openlibrary.org), retrieved 2026-10-04; CC0 1.0, attribution appreciated; earliest edition publish_date 1997 across 34 catalogued editions"
ol:ol262554w,work,"The Complete Sherlock Holmes [4 novels, 56 stories]",,,available,1900,,high,"Open Library (openlibrary.org), retrieved 2026-10-04; CC0 1.0, attribution appreciated; earliest edition publish_date 1900 across 118 catalogued editions"
ol:ol262561w,work,The Adventure of the Speckled Band,,,available,1912,,high,"Open Library (openlibrary.org), retrieved 2026-10-04; CC0 1.0, attribution appreciated; earliest edition publish_date 1912 across 57 catalogued editions"
ol:ol262586w,work,Tales of Terror and Mystery,,,available,1963,,high,"Open Library (openlibrary.org), retrieved 2026-10-04; CC0 1.0, attribution appreciated; earliest edition publish_date 1963 across 168 catalogued editions"
ol:ol262596w,work,The Poison Belt,,,available,1913,,high,"Open Library (openlibrary.org), retrieved 2026-10-04; CC0 1.0, attribution appreciated; earliest edition publish_date 1913 across 345 catalogued editions"
ol:ol263256w,work,The Bad Place,,,available,1901,,high,"Open Library (openlibrary.org), retrieved 2026-10-04; CC0 1.0, attribution appreciated; earliest edition publish_date 1901 across 53 catalogued editions"
ol:ol263267w,work,Darkness Comes,,,available,1984,,high,"Open Library (openlibrary.org), retrieved 2026-10-04; CC0 1.0, attribution appreciated; earliest edition publish_date 1984 across 35 catalogued editions"
ol:ol263277w,work,The Voice of the Night,,,available,1980,,high,"Open Library (openlibrary.org), retrieved 2026-10-04; CC0 1.0, attribution appreciated; earliest edition publish_date 1980 across 38 catalogued editions"
ol:ol26398w,work,Memento Mori,,,available,1958,,high,"Open Library (openlibrary.org), retrieved 2026-10-04; CC0 1.0, attribution appreciated; earliest edition publish_date 1958 across 51 catalogued editions"
ol:ol26458w,work,A Fine and Private Place,,,available,1960,,high,"Open Library (openlibrary.org), retrieved 2026-10-04; CC0 1.0, attribution appreciated; earliest edition publish_date 1960 across 29 catalogued editions"
ol:ol26460746w,work,The Tale of Peter Rabbit,,,available,1920,,high,"Open Library (openlibrary.org), retrieved 2026-10-04; CC0 1.0, attribution appreciated; earliest edition publish_date 1920 across 102 catalogued editions"
ol:ol264676w,work,My Secret Life,,,available,1966,,high,"Open Library (openlibrary.org), retrieved 2026-10-04; CC0 1.0, attribution appreciated; earliest edition publish_date 1966 across 64 catalogued editions"
ol:ol264851w,work,The Way the Crow Flies,,,available,2003,,high,"Open Library (openlibrary.org), retrieved 2026-10-04; CC0 1.0, attribution appreciated; earliest edition publish_date 2003 across 32 catalogued editions"
ol:ol26492w,work,The Autobiography of Benjamin Franklin,,,available,1791,,high,"Open Library (openlibrary.org), retrieved 2026-10-04; CC0 1.0, attribution appreciated; earliest edition publish_date 1791 across 679 catalogued editions"
ol:ol265984w,work,Caddie Woodlawn,,,available,1935,,high,"Open Library (openlibrary.org), retrieved 2026-10-04; CC0 1.0, attribution appreciated; earliest edition publish_date 1935 across 56 catalogued editions"
ol:ol265988w,work,The GUARDIANS,,,available,1970,,high,"Open Library (openlibrary.org), retrieved 2026-10-04; CC0 1.0, attribution appreciated; earliest edition publish_date 1970 across 16 catalogued editions"
ol:ol26668762w,work,Jo's Boys,,,available,1886,,high,"Open Library (openlibrary.org), retrieved 2026-10-04; CC0 1.0, attribution appreciated; earliest edition publish_date 1886 across 597 catalogued editions"
ol:ol267096w,work,Анна Каренина,,,available,1876,,medium,"Open Library (openlibrary.org), retrieved 2026-10-04; CC0 1.0, attribution appreciated; work-level first_publish_year 1876 only; edition dates start 1877 (later; first edition likely uncatalogued)"
ol:ol267171w,work,War and Peace,,,available,1845,,high,"Open Library (openlibrary.org), retrieved 2026-10-04; CC0 1.0, attribution appreciated; earliest edition publish_date 1845 across 647 catalogued editions"
ol:ol267174w,work,Смерть Ивана Ильича,,,available,1887,,high,"Open Library (openlibrary.org), retrieved 2026-10-04; CC0 1.0, attribution appreciated; earliest edition publish_date 1887 across 188 catalogued editions"
ol:ol267182w,work,Boyhood,,,available,1854,,high,"Open Library (openlibrary.org), retrieved 2026-10-04; CC0 1.0, attribution appreciated; earliest edition publish_date 1854 across 209 catalogued editions"
ol:ol267933w,work,Gone With the Wind,,,available,1936,,high,"Open Library (openlibrary.org), retrieved 2026-10-04; CC0 1.0, attribution appreciated; earliest edition publish_date 1936 across 362 catalogued editions"
ol:ol268379w,work,Scary stories to tell in the dark,,,available,1981,,high,"Open Library (openlibrary.org), retrieved 2026-10-04; CC0 1.0, attribution appreciated; earliest edition publish_date 1981 across 32 catalogued editions"
ol:ol2688555w,work,My father's dragon,,,available,1948,,high,"Open Library (openlibrary.org), retrieved 2026-10-04; CC0 1.0, attribution appreciated; earliest edition publish_date 1948 across 93 catalogued editions"
ol:ol2700643w,work,The Damned,,,available,2002,,high,"Open Library (openlibrary.org), retrieved 2026-10-04; CC0 1.0, attribution appreciated; earliest edition publish_date 2002 across 106 catalogued editions"
ol:ol2700647w,work,The Empty House and Other Ghost Stories,,,available,1906,,high,"Open Library (openlibrary.org), retrieved 2026-10-04; CC0 1.0, attribution appreciated; earliest edition publish_date 1906 across 138 catalogued editions"
ol:ol2700649w,work,The Human Chord,,,available,1910,,high,"Open Library (openlibrary.org), retrieved 2026-10-04; CC0 1.0, attribution appreciated; earliest edition publish_date 1910 across 49 catalogued editions"
ol:ol27052926w,work,Demon Copperhead,,,available,2022,,high,"Open Library (openlibrary.org), retrieved 2026-10-04; CC0 1.0, attribution appreciated; earliest edition publish_date 2022 across 11 catalogued editions"
ol:ol273463w,work,The Works of Edgar Allan Poe in Five Volumes,,,available,1903,,high,"Open Library (openlibrary.org), retrieved 2026-10-04; CC0 1.0, attribution appreciated; earliest edition publish_date 1903 across 50 catalogued editions"
ol:ol273550w,work,The Pit and the Pendulum,,,available,1907,,high,"Open Library (openlibrary.org), retrieved 2026-10-04; CC0 1.0, attribution appreciated; earliest edition publish_date 1907 across 101 catalogued editions"
ol:ol27420w,work,Ensaio Sobre a Cegueira,,,available,1995,,high,"Open Library (openlibrary.org), retrieved 2026-10-04; CC0 1.0, attribution appreciated; earliest edition publish_date 1995 across 40 catalogued editions"
ol:ol274433w,work,The Classic Tale of the Velveteen Rabbit,,,available,1900,,high,"Open Library (openlibrary.org), retrieved 2026-10-04; CC0 1.0, attribution appreciated; earliest edition publish_date 1900 across 168 catalogued editions"
ol:ol274505w,work,Cien años de soledad,,,available,1967,,high,"Open Library (openlibrary.org), retrieved 2026-10-04; CC0 1.0, attribution appreciated; earliest edition publish_date 1967 across 208 catalogued editions"
ol:ol274518w,work,El amor en los tiempos del cólera,,,available,1985,,high,"Open Library (openlibrary.org), retrieved 2026-10-04; CC0 1.0, attribution appreciated; earliest edition publish_date 1985 across 130 catalogued editions"
ol:ol27455w,work,The Return of the King,,,available,1950,,high,"Open Library (openlibrary.org), retrieved 2026-10-04; CC0 1.0, attribution appreciated; earliest edition publish_date 1950 across 287 catalogued editions"
ol:ol2745965w,work,High-Rise,,,available,1975,,high,"Open Library (openlibrary.org), retrieved 2026-10-04; CC0 1.0, attribution appreciated; earliest edition publish_date 1975 across 30 catalogued editions"
ol:ol27479w,work,The Two Towers,,,available,1954,,high,"Open Library (openlibrary.org), retrieved 2026-10-04; CC0 1.0, attribution appreciated; earliest edition publish_date 1954 across 290 catalogued editions"
ol:ol27482w,work,The Hobbit,,,available,1937,,high,"Open Library (openlibrary.org), retrieved 2026-10-04; CC0 1.0, attribution appreciated; earliest edition publish_date 1937 across 482 catalogued editions"
ol:ol27495w,work,The Silmarillion,,,available,1977,,high,"Open Library (openlibrary.org), retrieved 2026-10-04; CC0 1.0, attribution appreciated; earliest edition publish_date 1977 across 156 catalogued editions"
ol:ol27513w,work,The Fellowship of the Ring,,,available,1954,,high,"Open Library (openlibrary.org), retrieved 2026-10-04; CC0 1.0, attribution appreciated; earliest edition publish_date 1954 across 319 catalogued editions"
ol:ol276328w,work,Daisy Miller,,,available,1877,,high,"Open Library (openlibrary.org), retrieved 2026-10-04; CC0 1.0, attribution appreciated; earliest edition publish_date 1877 across 244 catalogued editions"
ol:ol276365w,work,The Portrait of a Lady,,,available,1881,,high,"Open Library (openlibrary.org), retrieved 2026-10-04; CC0 1.0, attribution appreciated; earliest edition publish_date 1881 across 432 catalogued editions"
ol:ol276386w,work,The Turn of the Screw,,,available,1898,,high,"Open Library (openlibrary.org), retrieved 2026-10-04; CC0 1.0, attribution appreciated; earliest edition publish_date 1898 across 563 catalogued editions"
ol:ol276395w,work,Washington Square,,,available,1880,,high,"Open Library (openlibrary.org), retrieved 2026-10-04; CC0 1.0, attribution appreciated; earliest edition publish_date 1880 across 219 catalogued editions"
ol:ol276397w,work,The Wings of the Dove,,,available,1902,,high,"Open Library (openlibrary.org), retrieved 2026-10-04; CC0 1.0, attribution appreciated; earliest edition publish_date 1902 across 60 catalogued editions"
ol:ol276470w,work,The Ambassadors,,,available,1903,,high,"Open Library (openlibrary.org), retrieved 2026-10-04; CC0 1.0, attribution appreciated; earliest edition publish_date 1903 across 231 catalogued editions"
ol:ol2771987w,work,Herland,,,available,1915,,high,"Open Library (openlibrary.org), retrieved 2026-10-04; CC0 1.0, attribution appreciated; earliest edition publish_date 1915 across 627 catalogued editions"
ol:ol2775807w,work,Pollyanna,,,available,1912,,high,"Open Library (openlibrary.org), retrieved 2026-10-04; CC0 1.0, attribution appreciated; earliest edition publish_date 1912 across 552 catalogued editions"
ol:ol2779743w,work,"Landfall, a channel story",,,available,1940,,high,"Open Library (openlibrary.org), retrieved 2026-10-04; CC0 1.0, attribution appreciated; earliest edition publish_date 1940 across 46 catalogued editions"
ol:ol2779754w,work,On the Beach,,,available,1957,,high,"Open Library (openlibrary.org), retrieved 2026-10-04; CC0 1.0, attribution appreciated; earliest edition publish_date 1957 across 120 catalogued editions"
ol:ol278134w,work,The Duel and Other Stories [8 stories],,,available,1916,,high,"Open Library (openlibrary.org), retrieved 2026-10-04; CC0 1.0, attribution appreciated; earliest edition publish_date 1916 across 69 catalogued editions"
ol:ol278437w,work,La sombra del viento,,,available,2001,,high,"Open Library (openlibrary.org), retrieved 2026-10-04; CC0 1.0, attribution appreciated; earliest edition publish_date 2001 across 99 catalogued editions"
ol:ol2794726w,work,The Regulators,,,available,1996,,high,"Open Library (openlibrary.org), retrieved 2026-10-04; CC0 1.0, attribution appreciated; earliest edition publish_date 1996 across 55 catalogued editions"
ol:ol28353073w,work,Me Before You,,,available,2012,,high,"Open Library (openlibrary.org), retrieved 2026-10-04; CC0 1.0, attribution appreciated; earliest edition publish_date 2012 across 47 catalogued editions"
ol:ol28570037w,work,The Wind in the Willows,,,available,1908,,high,"Open Library (openlibrary.org), retrieved 2026-10-04; CC0 1.0, attribution appreciated; earliest edition publish_date 1908 across 1346 catalogued editions"
ol:ol286350w,work,The League of the Scarlet Pimpernel,,,available,1919,,high,"Open Library (openlibrary.org), retrieved 2026-10-04; CC0 1.0, attribution appreciated; earliest edition publish_date 1919 across 210 catalogued editions"
ol:ol2895536w,work,Carmilla,,,available,1871,,high,"Open Library (openlibrary.org), retrieved 2026-10-04; CC0 1.0, attribution appreciated; earliest edition publish_date 1871 across 571 catalogued editions"
ol:ol2895538w,work,In a glass darkly,,,available,1872,,high,"Open Library (openlibrary.org), retrieved 2026-10-04; CC0 1.0, attribution appreciated; earliest edition publish_date 1872 across 41 catalogued editions"
ol:ol2897798w,work,Watchmen,,,available,1986,,high,"Open Library (openlibrary.org), retrieved 2026-10-04; CC0 1.0, attribution appreciated; earliest edition publish_date 1986 across 43 catalogued editions"
ol:ol28988w,work,Northern Lights,,,available,1995,,high,"Open Library (openlibrary.org), retrieved 2026-10-04; CC0 1.0, attribution appreciated; earliest edition publish_date 1995 across 148 catalogued editions"
ol:ol28996w,work,The Amber Spyglass,,,available,1999,,high,"Open Library (openlibrary.org), retrieved 2026-10-04; CC0 1.0, attribution appreciated; earliest edition publish_date 1999 across 87 catalogued editions"
ol:ol29024w,work,The Shadow in the North (Sally Lockhart #2),,,available,1986,,high,"Open Library (openlibrary.org), retrieved 2026-10-04; CC0 1.0, attribution appreciated; earliest edition publish_date 1986 across 39 catalogued editions"
ol:ol29026w,work,The ruby in the smoke (Sally Lockhart #1),,,available,1985,,high,"Open Library (openlibrary.org), retrieved 2026-10-04; CC0 1.0, attribution appreciated; earliest edition publish_date 1985 across 41 catalogued editions"
ol:ol2965102w,work,The Curious Incident of the Dog in the Night-Time,,,available,2002,,high,"Open Library (openlibrary.org), retrieved 2026-10-04; CC0 1.0, attribution appreciated; earliest edition publish_date 2002 across 108 catalogued editions"
ol:ol2980902w,work,A Fine Balance,,,available,1995,,high,"Open Library (openlibrary.org), retrieved 2026-10-04; CC0 1.0, attribution appreciated; earliest edition publish_date 1995 across 45 catalogued editions"
ol:ol2983476w,work,Turner Diaries (Audio),,,available,1980,,high,"Open Library (openlibrary.org), retrieved 2026-10-04; CC0 1.0, attribution appreciated; earliest edition publish_date 1980 across 13 catalogued editions"
ol:ol2987238w,work,From the Mixed-Up Files of Mrs. Basil E. Frankweiler,,,available,1967,,high,"Open Library (openlibrary.org), retrieved 2026-10-04; CC0 1.0, attribution appreciated; earliest edition publish_date 1967 across 59 catalogued editions"
ol:ol29914687w,work,Altered Carbon,,,available,2002,,high,"Open Library (openlibrary.org), retrieved 2026-10-04; CC0 1.0, attribution appreciated; earliest edition publish_date 2002 across 28 catalogued editions"
ol:ol29983w,work,Little Women,,,available,1848,,medium,"Open Library (openlibrary.org), retrieved 2026-10-04; CC0 1.0, attribution appreciated; work-level first_publish_year 1848 only; edition dates start 1868 (later; first edition likely uncatalogued)"
ol:ol29984w,work,Louisa May Alcott,,,available,1889,,high,"Open Library (openlibrary.org), retrieved 2026-10-04; CC0 1.0, attribution appreciated; earliest edition publish_date 1889 across 79 catalogued editions"
ol:ol30021w,work,Work,,,available,1873,,high,"Open Library (openlibrary.org), retrieved 2026-10-04; CC0 1.0, attribution appreciated; earliest edition publish_date 1873 across 92 catalogued editions"
ol:ol30046w,work,Spinning-wheel stories,,,available,1884,,high,"Open Library (openlibrary.org), retrieved 2026-10-04; CC0 1.0, attribution appreciated; earliest edition publish_date 1884 across 82 catalogued editions"
ol:ol30053009w,work,Du côté de chez Swann,,,available,1908,,high,"Open Library (openlibrary.org), retrieved 2026-10-04; CC0 1.0, attribution appreciated; earliest edition publish_date 1908 across 636 catalogued editions"
ol:ol30056w,work,Flower Fables,,,available,1854,,high,"Open Library (openlibrary.org), retrieved 2026-10-04; CC0 1.0, attribution appreciated; earliest edition publish_date 1854 across 448 catalogued editions"
ol:ol30067w,work,Aunt Jo's scrap-bag,,,available,1871,,high,"Open Library (openlibrary.org), retrieved 2026-10-04; CC0 1.0, attribution appreciated; earliest edition publish_date 1871 across 81 catalogued editions"
ol:ol32466w,work,A Christmas Carol,,,available,1843,,high,"Open Library (openlibrary.org), retrieved 2026-10-04; CC0 1.0, attribution appreciated; earliest edition publish_date 1843 across 3196 catalogued editions"
ol:ol3261155w,work,Outlander,,,available,1991,,high,"Open Library (openlibrary.org), retrieved 2026-10-04; CC0 1.0, attribution appreciated; earliest edition publish_date 1991 across 50 catalogued editions"
ol:ol3288097w,work,CivilWarLand in Bad Decline,,,available,1996,,high,"Open Library (openlibrary.org), retrieved 2026-10-04; CC0 1.0, attribution appreciated; earliest edition publish_date 1996 across 13 catalogued editions"
ol:ol3335290w,work,Nine Stories,,,available,1948,,high,"Open Library (openlibrary.org), retrieved 2026-10-04; CC0 1.0, attribution appreciated; earliest edition publish_date 1948 across 82 catalogued editions"
ol:ol3338193w,work,The House with a Clock in Its Walls,,,available,1973,,high,"Open Library (openlibrary.org), retrieved 2026-10-04; CC0 1.0, attribution appreciated; earliest edition publish_date 1973 across 41 catalogued editions"
ol:ol3388961w,work,The Great God Pan,,,available,1894,,high,"Open Library (openlibrary.org), retrieved 2026-10-04; CC0 1.0, attribution appreciated; earliest edition publish_date 1894 across 431 catalogued editions"
ol:ol3388994w,work,The White People,,,available,2004,,high,"Open Library (openlibrary.org), retrieved 2026-10-04; CC0 1.0, attribution appreciated; earliest edition publish_date 2004 across 247 catalogued editions"
ol:ol3428975w,work,Sátántangó,,,available,1985,,high,"Open Library (openlibrary.org), retrieved 2026-10-04; CC0 1.0, attribution appreciated; earliest edition publish_date 1985 across 14 catalogued editions"
ol:ol3464570w,work,Bunnicula,,,available,1979,,high,"Open Library (openlibrary.org), retrieved 2026-10-04; CC0 1.0, attribution appreciated; earliest edition publish_date 1979 across 46 catalogued editions"
ol:ol3521965w,work,The Sheep Look Up,,,available,1972,,high,"Open Library (openlibrary.org), retrieved 2026-10-04; CC0 1.0, attribution appreciated; earliest edition publish_date 1972 across 24 catalogued editions"
ol:ol35383w,work,Three Lives,,,available,1909,,high,"Open Library (openlibrary.org), retrieved 2026-10-04; CC0 1.0, attribution appreciated; earliest edition publish_date 1909 across 149 catalogued editions"
ol:ol35618w,work,Parable of the Talents,,,available,1998,,high,"Open Library (openlibrary.org), retrieved 2026-10-04; CC0 1.0, attribution appreciated; earliest edition publish_date 1998 across 21 catalogued editions"
ol:ol35623w,work,Parable of the Sower,,,available,1993,,high,"Open Library (openlibrary.org), retrieved 2026-10-04; CC0 1.0, attribution appreciated; earliest edition publish_date 1993 across 23 catalogued editions"
ol:ol3577240w,work,Sin City,,,available,1996,,high,"Open Library (openlibrary.org), retrieved 2026-10-04; CC0 1.0, attribution appreciated; earliest edition publish_date 1996 across 10 catalogued editions"
ol:ol3625242w,work,The Vampyre,,,available,1819,,high,"Open Library (openlibrary.org), retrieved 2026-10-04; CC0 1.0, attribution appreciated; earliest edition publish_date 1819 across 149 catalogued editions"
ol:ol362676w,work,All's Well That Ends Well,,,available,1734,,high,"Open Library (openlibrary.org), retrieved 2026-10-04; CC0 1.0, attribution appreciated; earliest edition publish_date 1734 across 818 catalogued editions"
ol:ol362684w,work,Richard III,,,available,1597,,high,"Open Library (openlibrary.org), retrieved 2026-10-04; CC0 1.0, attribution appreciated; earliest edition publish_date 1597 across 764 catalogued editions"
ol:ol362702w,work,Julius Caesar,,,available,1656,,medium,"Open Library (openlibrary.org), retrieved 2026-10-04; CC0 1.0, attribution appreciated; work-level first_publish_year 1656 only; edition dates start 1684 (later; first edition likely uncatalogued)"
ol:ol36287w,work,"Le Comte de Monte-Cristo, II",,,available,1830,,high,"Open Library (openlibrary.org), retrieved 2026-10-04; CC0 1.0, attribution appreciated; earliest edition publish_date 1830 across 736 catalogued editions"
ol:ol36462w,work,Vingt ans apres̀,,,available,1800,,high,"Open Library (openlibrary.org), retrieved 2026-10-04; CC0 1.0, attribution appreciated; earliest edition publish_date 1800 across 268 catalogued editions"
ol:ol36632w,work,Jamaica Inn,,,available,1936,,high,"Open Library (openlibrary.org), retrieved 2026-10-04; CC0 1.0, attribution appreciated; earliest edition publish_date 1936 across 100 catalogued editions"
ol:ol36738w,work,"Le vicomte de Bragelonne, ou, dix ans plus tard",,,available,1848,,high,"Open Library (openlibrary.org), retrieved 2026-10-04; CC0 1.0, attribution appreciated; earliest edition publish_date 1848 across 356 catalogued editions"
ol:ol36854w,work,La tulipe noire,,,available,1800,,high,"Open Library (openlibrary.org), retrieved 2026-10-04; CC0 1.0, attribution appreciated; earliest edition publish_date 1800 across 399 catalogued editions"
ol:ol36861w,work,Les trois Mousquetaires,,,available,1844,,high,"Open Library (openlibrary.org), retrieved 2026-10-04; CC0 1.0, attribution appreciated; earliest edition publish_date 1844 across 1105 catalogued editions"
ol:ol37618227w,work,The Wedding People,,,available,2024,,high,"Open Library (openlibrary.org), retrieved 2026-10-04; CC0 1.0, attribution appreciated; earliest edition publish_date 2024 across 12 catalogued editions"
ol:ol381550w,work,The Island of Dr. Moreau,,,available,1896,,high,"Open Library (openlibrary.org), retrieved 2026-10-04; CC0 1.0, attribution appreciated; earliest edition publish_date 1896 across 295 catalogued editions"
ol:ol38663w,work,Heart of Darkness,,,available,1899,,high,"Open Library (openlibrary.org), retrieved 2026-10-04; CC0 1.0, attribution appreciated; earliest edition publish_date 1899 across 553 catalogued editions"
ol:ol38815w,work,"The nigger of the ""Narcissus""",,,available,1897,,high,"Open Library (openlibrary.org), retrieved 2026-10-04; CC0 1.0, attribution appreciated; earliest edition publish_date 1897 across 93 catalogued editions"
ol:ol38989w,work,The Bungalow Mystery,,,available,1930,,high,"Open Library (openlibrary.org), retrieved 2026-10-04; CC0 1.0, attribution appreciated; earliest edition publish_date 1930 across 39 catalogued editions"
ol:ol39031w,work,The inheritors,,,available,1901,,high,"Open Library (openlibrary.org), retrieved 2026-10-04; CC0 1.0, attribution appreciated; earliest edition publish_date 1901 across 81 catalogued editions"
ol:ol39108w,work,The Secret Agent,,,available,1907,,high,"Open Library (openlibrary.org), retrieved 2026-10-04; CC0 1.0, attribution appreciated; earliest edition publish_date 1907 across 335 catalogued editions"
ol:ol39160w,work,The Hidden Staircase,,,available,1930,,high,"Open Library (openlibrary.org), retrieved 2026-10-04; CC0 1.0, attribution appreciated; earliest edition publish_date 1930 across 43 catalogued editions"
ol:ol39275w,work,The Secret of the Old Clock,,,available,1930,,high,"Open Library (openlibrary.org), retrieved 2026-10-04; CC0 1.0, attribution appreciated; earliest edition publish_date 1930 across 41 catalogued editions"
ol:ol3931421w,work,Mistress of Mellyn,,,available,1960,,high,"Open Library (openlibrary.org), retrieved 2026-10-04; CC0 1.0, attribution appreciated; earliest edition publish_date 1960 across 46 catalogued editions"
ol:ol39360w,work,Orlando,,,available,1928,,high,"Open Library (openlibrary.org), retrieved 2026-10-04; CC0 1.0, attribution appreciated; earliest edition publish_date 1928 across 452 catalogued editions"
ol:ol39394w,work,The Secret at Shadow Ranch,,,available,1931,,high,"Open Library (openlibrary.org), retrieved 2026-10-04; CC0 1.0, attribution appreciated; earliest edition publish_date 1931 across 41 catalogued editions"
ol:ol3951782w,work,The Ugly American,,,available,1958,,high,"Open Library (openlibrary.org), retrieved 2026-10-04; CC0 1.0, attribution appreciated; earliest edition publish_date 1958 across 80 catalogued editions"
ol:ol3972831w,work,The pool of fire,,,available,1968,,high,"Open Library (openlibrary.org), retrieved 2026-10-04; CC0 1.0, attribution appreciated; earliest edition publish_date 1968 across 22 catalogued editions"
ol:ol3972834w,work,The White Mountains (The Tripods #1),,,available,1967,,high,"Open Library (openlibrary.org), retrieved 2026-10-04; CC0 1.0, attribution appreciated; earliest edition publish_date 1967 across 39 catalogued editions"
ol:ol4072512w,work,"Bobbsey Twins in the Country, The",,,available,1907,,high,"Open Library (openlibrary.org), retrieved 2026-10-04; CC0 1.0, attribution appreciated; earliest edition publish_date 1907 across 44 catalogued editions"
ol:ol4072567w,work,The Bobbsey Twins,,,available,1904,,high,"Open Library (openlibrary.org), retrieved 2026-10-04; CC0 1.0, attribution appreciated; earliest edition publish_date 1904 across 94 catalogued editions"
ol:ol4072599w,work,The Bobbsey Twins at School,,,available,1913,,high,"Open Library (openlibrary.org), retrieved 2026-10-04; CC0 1.0, attribution appreciated; earliest edition publish_date 1913 across 37 catalogued editions"
ol:ol407476w,work,The Story of the Amulet,,,available,1905,,high,"Open Library (openlibrary.org), retrieved 2026-10-04; CC0 1.0, attribution appreciated; earliest edition publish_date 1905 across 578 catalogued editions"
ol:ol40873w,work,The Road,,,available,2006,,high,"Open Library (openlibrary.org), retrieved 2026-10-04; CC0 1.0, attribution appreciated; earliest edition publish_date 2006 across 84 catalogued editions"
ol:ol4092591w,work,Royal Escape,,,available,1938,,high,"Open Library (openlibrary.org), retrieved 2026-10-04; CC0 1.0, attribution appreciated; earliest edition publish_date 1938 across 47 catalogued editions"
ol:ol40962w,work,The Narrative of Arthur Gordon Pym,,,available,1838,,high,"Open Library (openlibrary.org), retrieved 2026-10-04; CC0 1.0, attribution appreciated; earliest edition publish_date 1838 across 391 catalogued editions"
ol:ol40983w,work,The Gold-Bug,,,available,1845,,high,"Open Library (openlibrary.org), retrieved 2026-10-04; CC0 1.0, attribution appreciated; earliest edition publish_date 1845 across 210 catalogued editions"
ol:ol41041w,work,Tales of the Grotesque and Arabesque,,,available,1840,,high,"Open Library (openlibrary.org), retrieved 2026-10-04; CC0 1.0, attribution appreciated; earliest edition publish_date 1840 across 146 catalogued editions"
ol:ol4104766w,work,The ship of Ishtar,,,available,1924,,high,"Open Library (openlibrary.org), retrieved 2026-10-04; CC0 1.0, attribution appreciated; earliest edition publish_date 1924 across 104 catalogued editions"
ol:ol4104767w,work,The Moon Pool,,,available,1919,,high,"Open Library (openlibrary.org), retrieved 2026-10-04; CC0 1.0, attribution appreciated; earliest edition publish_date 1919 across 230 catalogued editions"
ol:ol41050w,work,The Masque of the Red Death,,,available,1922,,high,"Open Library (openlibrary.org), retrieved 2026-10-04; CC0 1.0, attribution appreciated; earliest edition publish_date 1922 across 85 catalogued editions"
ol:ol41059w,work,The Tell-Tale Heart,,,available,1958,,high,"Open Library (openlibrary.org), retrieved 2026-10-04; CC0 1.0, attribution appreciated; earliest edition publish_date 1958 across 71 catalogued editions"
ol:ol41065w,work,The Purloined Letter,,,available,1931,,high,"Open Library (openlibrary.org), retrieved 2026-10-04; CC0 1.0, attribution appreciated; earliest edition publish_date 1931 across 121 catalogued editions"
ol:ol41078w,work,The Fall of the House of Usher,,,available,1704,,high,"Open Library (openlibrary.org), retrieved 2026-10-04; CC0 1.0, attribution appreciated; earliest edition publish_date 1704 across 237 catalogued editions"
ol:ol41495w,work,A Wrinkle in Time,,,available,1962,,high,"Open Library (openlibrary.org), retrieved 2026-10-04; CC0 1.0, attribution appreciated; earliest edition publish_date 1962 across 106 catalogued editions"
ol:ol415234w,work,Helen of Troy,,,available,1882,,high,"Open Library (openlibrary.org), retrieved 2026-10-04; CC0 1.0, attribution appreciated; earliest edition publish_date 1882 across 282 catalogued editions"
ol:ol43024w,work,As a Man Thinketh,,,available,1902,,high,"Open Library (openlibrary.org), retrieved 2026-10-04; CC0 1.0, attribution appreciated; earliest edition publish_date 1902 across 658 catalogued editions"
ol:ol4321141w,work,The Secret History,,,available,1992,,high,"Open Library (openlibrary.org), retrieved 2026-10-04; CC0 1.0, attribution appreciated; earliest edition publish_date 1992 across 52 catalogued editions"
ol:ol43659w,work,Marius the Epicurean,,,available,1885,,high,"Open Library (openlibrary.org), retrieved 2026-10-04; CC0 1.0, attribution appreciated; earliest edition publish_date 1885 across 172 catalogued editions"
ol:ol44841w,work,Tales from Shakespeare [20 tales],,,available,1800,,high,"Open Library (openlibrary.org), retrieved 2026-10-04; CC0 1.0, attribution appreciated; earliest edition publish_date 1800 across 255 catalogued editions"
ol:ol44927w,work,Tess of the d'Urbervilles,,,available,1707,,high,"Open Library (openlibrary.org), retrieved 2026-10-04; CC0 1.0, attribution appreciated; earliest edition publish_date 1707 across 747 catalogued editions"
ol:ol44973w,work,"Under the Greenwood Tree or, The Mellstock quire",,,available,1872,,high,"Open Library (openlibrary.org), retrieved 2026-10-04; CC0 1.0, attribution appreciated; earliest edition publish_date 1872 across 425 catalogued editions"
ol:ol44986w,work,Jude the Obscure,,,available,1895,,high,"Open Library (openlibrary.org), retrieved 2026-10-04; CC0 1.0, attribution appreciated; earliest edition publish_date 1895 across 425 catalogued editions"
ol:ol44989w,work,The well-beloved,,,available,1897,,high,"Open Library (openlibrary.org), retrieved 2026-10-04; CC0 1.0, attribution appreciated; earliest edition publish_date 1897 across 71 catalogued editions"
ol:ol44990w,work,The Woodlanders,,,available,1800,,high,"Open Library (openlibrary.org), retrieved 2026-10-04; CC0 1.0, attribution appreciated; earliest edition publish_date 1800 across 392 catalogued editions"
ol:ol44994w,work,The Return of the Native,,,available,1878,,high,"Open Library (openlibrary.org), retrieved 2026-10-04; CC0 1.0, attribution appreciated; earliest edition publish_date 1878 across 205 catalogued editions"
ol:ol450063w,work,"Frankenstein; or, The Modern Prometheus",,,available,1818,,high,"Open Library (openlibrary.org), retrieved 2026-10-04; CC0 1.0, attribution appreciated; earliest edition publish_date 1818 across 2187 catalogued editions"
ol:ol450124w,work,The Last Man,,,available,1826,,high,"Open Library (openlibrary.org), retrieved 2026-10-04; CC0 1.0, attribution appreciated; earliest edition publish_date 1826 across 430 catalogued editions"
ol:ol45089w,work,Robinson Crusoe,,,available,1686,,medium,"Open Library (openlibrary.org), retrieved 2026-10-04; CC0 1.0, attribution appreciated; work-level first_publish_year 1686 only; edition dates start 1774 (later; first edition likely uncatalogued)"
ol:ol45139w,work,Moll Flanders,,,available,1722,,high,"Open Library (openlibrary.org), retrieved 2026-10-04; CC0 1.0, attribution appreciated; earliest edition publish_date 1722 across 1114 catalogued editions"
ol:ol4518525w,work,Ami des enfans,,,available,1782,,high,"Open Library (openlibrary.org), retrieved 2026-10-04; CC0 1.0, attribution appreciated; earliest edition publish_date 1782 across 86 catalogued editions"
ol:ol45499w,work,Tao te Ching,,,available,1842,,high,"Open Library (openlibrary.org), retrieved 2026-10-04; CC0 1.0, attribution appreciated; earliest edition publish_date 1842 across 648 catalogued editions"
ol:ol455288w,work,The House of Seven Gables Readalong,,,available,1851,,high,"Open Library (openlibrary.org), retrieved 2026-10-04; CC0 1.0, attribution appreciated; earliest edition publish_date 1851 across 471 catalogued editions"
ol:ol455305w,work,The Scarlet Letter,,,available,1800,,medium,"Open Library (openlibrary.org), retrieved 2026-10-04; CC0 1.0, attribution appreciated; work-level first_publish_year 1800 only; edition dates start 1850 (later; first edition likely uncatalogued)"
ol:ol455327w,work,Lord of the Flies,,,available,1954,,high,"Open Library (openlibrary.org), retrieved 2026-10-04; CC0 1.0, attribution appreciated; earliest edition publish_date 1954 across 192 catalogued editions"
ol:ol455447w,work,Selected Tales and Sketches,,,available,1900,,high,"Open Library (openlibrary.org), retrieved 2026-10-04; CC0 1.0, attribution appreciated; earliest edition publish_date 1900 across 34 catalogued editions"
ol:ol455489w,work,Twice-Told Tales,,,available,1800,,high,"Open Library (openlibrary.org), retrieved 2026-10-04; CC0 1.0, attribution appreciated; earliest edition publish_date 1800 across 369 catalogued editions"
ol:ol455512w,work,The Blithedale Romance,,,available,1852,,high,"Open Library (openlibrary.org), retrieved 2026-10-04; CC0 1.0, attribution appreciated; earliest edition publish_date 1852 across 571 catalogued editions"
ol:ol457172w,work,Haroun and the Sea of Stories,,,available,1990,,high,"Open Library (openlibrary.org), retrieved 2026-10-04; CC0 1.0, attribution appreciated; earliest edition publish_date 1990 across 47 catalogued editions"
ol:ol457175w,work,The Satanic Verses,,,available,1988,,high,"Open Library (openlibrary.org), retrieved 2026-10-04; CC0 1.0, attribution appreciated; earliest edition publish_date 1988 across 61 catalogued editions"
ol:ol457179w,work,Midnight's Children,,,available,1981,,high,"Open Library (openlibrary.org), retrieved 2026-10-04; CC0 1.0, attribution appreciated; earliest edition publish_date 1981 across 86 catalogued editions"
ol:ol457760w,work,Voskresenīe,,,available,1899,,high,"Open Library (openlibrary.org), retrieved 2026-10-04; CC0 1.0, attribution appreciated; earliest edition publish_date 1899 across 251 catalogued editions"
ol:ol45790w,work,Charlie and the Chocolate Factory,,,available,1964,,high,"Open Library (openlibrary.org), retrieved 2026-10-04; CC0 1.0, attribution appreciated; earliest edition publish_date 1964 across 245 catalogued editions"
ol:ol45793w,work,Charlie and the Great Glass Elevator,,,available,1972,,high,"Open Library (openlibrary.org), retrieved 2026-10-04; CC0 1.0, attribution appreciated; earliest edition publish_date 1972 across 126 catalogued editions"
ol:ol45809w,work,James and the Giant Peach,,,available,1961,,high,"Open Library (openlibrary.org), retrieved 2026-10-04; CC0 1.0, attribution appreciated; earliest edition publish_date 1961 across 167 catalogued editions"
ol:ol45868w,work,Someone Like You [18 stories],,,available,1953,,high,"Open Library (openlibrary.org), retrieved 2026-10-04; CC0 1.0, attribution appreciated; earliest edition publish_date 1953 across 28 catalogued editions"
ol:ol45885w,work,The BFG,,,available,1732,,high,"Open Library (openlibrary.org), retrieved 2026-10-04; CC0 1.0, attribution appreciated; earliest edition publish_date 1732 across 155 catalogued editions"
ol:ol46125w,work,Foundation,,,available,1951,,high,"Open Library (openlibrary.org), retrieved 2026-10-04; CC0 1.0, attribution appreciated; earliest edition publish_date 1951 across 99 catalogued editions"
ol:ol461993w,work,"The little white bird, or, Adventures in Kensington gardens",,,available,1902,,high,"Open Library (openlibrary.org), retrieved 2026-10-04; CC0 1.0, attribution appreciated; earliest edition publish_date 1902 across 172 catalogued editions"
ol:ol462007w,work,Peter Pan,,,available,1911,,high,"Open Library (openlibrary.org), retrieved 2026-10-04; CC0 1.0, attribution appreciated; earliest edition publish_date 1911 across 441 catalogued editions"
ol:ol462123w,work,Peter Pan in Kensington Gardens,,,available,1902,,high,"Open Library (openlibrary.org), retrieved 2026-10-04; CC0 1.0, attribution appreciated; earliest edition publish_date 1902 across 163 catalogued editions"
ol:ol46241w,work,"I, Robot",,,available,1950,,high,"Open Library (openlibrary.org), retrieved 2026-10-04; CC0 1.0, attribution appreciated; earliest edition publish_date 1950 across 99 catalogued editions"
ol:ol462969w,work,Prism,,,available,2009,,high,"Open Library (openlibrary.org), retrieved 2026-10-04; CC0 1.0, attribution appreciated; earliest edition publish_date 2009 across 14 catalogued editions"
ol:ol463341w,work,Flying finish,,,available,1966,,high,"Open Library (openlibrary.org), retrieved 2026-10-04; CC0 1.0, attribution appreciated; earliest edition publish_date 1966 across 42 catalogued editions"
ol:ol463350w,work,Bonecrack,,,available,1971,,high,"Open Library (openlibrary.org), retrieved 2026-10-04; CC0 1.0, attribution appreciated; earliest edition publish_date 1971 across 39 catalogued editions"
ol:ol46402w,work,Pebble in the Sky,,,available,1950,,high,"Open Library (openlibrary.org), retrieved 2026-10-04; CC0 1.0, attribution appreciated; earliest edition publish_date 1950 across 42 catalogued editions"
ol:ol468404w,work,Flappers and Philosophers,,,available,1920,,high,"Open Library (openlibrary.org), retrieved 2026-10-04; CC0 1.0, attribution appreciated; earliest edition publish_date 1920 across 125 catalogued editions"
ol:ol468431w,work,The Great Gatsby,,,available,1920,,medium,"Open Library (openlibrary.org), retrieved 2026-10-04; CC0 1.0, attribution appreciated; work-level first_publish_year 1920 only; edition dates start 1925 (later; first edition likely uncatalogued)"
ol:ol468479w,work,Tales of the Jazz Age,,,available,1922,,high,"Open Library (openlibrary.org), retrieved 2026-10-04; CC0 1.0, attribution appreciated; earliest edition publish_date 1922 across 124 catalogued editions"
ol:ol468485w,work,Tender is the Night,,,available,1933,,high,"Open Library (openlibrary.org), retrieved 2026-10-04; CC0 1.0, attribution appreciated; earliest edition publish_date 1933 across 312 catalogued editions"
ol:ol468488w,work,This Side of Paradise,,,available,1920,,high,"Open Library (openlibrary.org), retrieved 2026-10-04; CC0 1.0, attribution appreciated; earliest edition publish_date 1920 across 631 catalogued editions"
ol:ol468503w,work,Winter Dreams,,,available,2004,,high,"Open Library (openlibrary.org), retrieved 2026-10-04; CC0 1.0, attribution appreciated; earliest edition publish_date 2004 across 120 catalogued editions"
ol:ol46873w,work,Eaters of the Dead,,,available,1976,,high,"Open Library (openlibrary.org), retrieved 2026-10-04; CC0 1.0, attribution appreciated; earliest edition publish_date 1976 across 50 catalogued editions"
ol:ol46881w,work,Jurassic Park,,,available,1990,,high,"Open Library (openlibrary.org), retrieved 2026-10-04; CC0 1.0, attribution appreciated; earliest edition publish_date 1990 across 94 catalogued editions"
ol:ol468850w,work,Del amor y otros demonios,,,available,1994,,high,"Open Library (openlibrary.org), retrieved 2026-10-04; CC0 1.0, attribution appreciated; earliest edition publish_date 1994 across 49 catalogued editions"
ol:ol46903w,work,A Case of Need,,,available,1968,,high,"Open Library (openlibrary.org), retrieved 2026-10-04; CC0 1.0, attribution appreciated; earliest edition publish_date 1968 across 52 catalogued editions"
ol:ol46913w,work,Congo,,,available,1980,,high,"Open Library (openlibrary.org), retrieved 2026-10-04; CC0 1.0, attribution appreciated; earliest edition publish_date 1980 across 49 catalogued editions"
ol:ol471509w,work,The A.B.C. Murders,,,available,1936,,high,"Open Library (openlibrary.org), retrieved 2026-10-04; CC0 1.0, attribution appreciated; earliest edition publish_date 1936 across 142 catalogued editions"
ol:ol471577w,work,Hickory Dickory Death,,,available,1952,,high,"Open Library (openlibrary.org), retrieved 2026-10-04; CC0 1.0, attribution appreciated; earliest edition publish_date 1952 across 89 catalogued editions"
ol:ol471603w,work,The Mystery of the Blue Train,,,available,1928,,high,"Open Library (openlibrary.org), retrieved 2026-10-04; CC0 1.0, attribution appreciated; earliest edition publish_date 1928 across 124 catalogued editions"
ol:ol471713w,work,Dead Man's Folly,,,available,1956,,high,"Open Library (openlibrary.org), retrieved 2026-10-04; CC0 1.0, attribution appreciated; earliest edition publish_date 1956 across 96 catalogued editions"
ol:ol471724w,work,Death on the Nile,,,available,1937,,high,"Open Library (openlibrary.org), retrieved 2026-10-04; CC0 1.0, attribution appreciated; earliest edition publish_date 1937 across 188 catalogued editions"
ol:ol471765w,work,Murder in Three Acts,,,available,1934,,high,"Open Library (openlibrary.org), retrieved 2026-10-04; CC0 1.0, attribution appreciated; earliest edition publish_date 1934 across 103 catalogued editions"
ol:ol471776w,work,Elephants Can Remember,,,available,1969,,high,"Open Library (openlibrary.org), retrieved 2026-10-04; CC0 1.0, attribution appreciated; earliest edition publish_date 1969 across 110 catalogued editions"
ol:ol471784w,work,The Seven Dials Mystery,,,available,1920,,high,"Open Library (openlibrary.org), retrieved 2026-10-04; CC0 1.0, attribution appreciated; earliest edition publish_date 1920 across 91 catalogued editions"
ol:ol471789w,work,The Secret Adversary,,,available,1922,,high,"Open Library (openlibrary.org), retrieved 2026-10-04; CC0 1.0, attribution appreciated; earliest edition publish_date 1922 across 800 catalogued editions"
ol:ol471832w,work,Hallowe'en Party,,,available,1969,,high,"Open Library (openlibrary.org), retrieved 2026-10-04; CC0 1.0, attribution appreciated; earliest edition publish_date 1969 across 100 catalogued editions"
ol:ol471870w,work,Sad Cypress,,,available,1939,,high,"Open Library (openlibrary.org), retrieved 2026-10-04; CC0 1.0, attribution appreciated; earliest edition publish_date 1939 across 86 catalogued editions"
ol:ol471932w,work,The Murder of Roger Ackroyd,,,available,1926,,high,"Open Library (openlibrary.org), retrieved 2026-10-04; CC0 1.0, attribution appreciated; earliest edition publish_date 1926 across 221 catalogued editions"
ol:ol471940w,work,Poirot investigates,,,available,1924,,high,"Open Library (openlibrary.org), retrieved 2026-10-04; CC0 1.0, attribution appreciated; earliest edition publish_date 1924 across 216 catalogued editions"
ol:ol471943w,work,After the Funeral,,,available,1953,,high,"Open Library (openlibrary.org), retrieved 2026-10-04; CC0 1.0, attribution appreciated; earliest edition publish_date 1953 across 114 catalogued editions"
ol:ol472215w,work,They Came to Baghdad,,,available,1951,,high,"Open Library (openlibrary.org), retrieved 2026-10-04; CC0 1.0, attribution appreciated; earliest edition publish_date 1951 across 95 catalogued editions"
ol:ol472388w,work,Why Didn't they Ask Evans?,,,available,1934,,high,"Open Library (openlibrary.org), retrieved 2026-10-04; CC0 1.0, attribution appreciated; earliest edition publish_date 1934 across 92 catalogued editions"
ol:ol472508w,work,Endless Night,,,available,1905,,high,"Open Library (openlibrary.org), retrieved 2026-10-04; CC0 1.0, attribution appreciated; earliest edition publish_date 1905 across 84 catalogued editions"
ol:ol472594w,work,Nemesis,,,available,1970,,high,"Open Library (openlibrary.org), retrieved 2026-10-04; CC0 1.0, attribution appreciated; earliest edition publish_date 1970 across 103 catalogued editions"
ol:ol472715w,work,The Mysterious Affair at Styles,,,available,1920,,high,"Open Library (openlibrary.org), retrieved 2026-10-04; CC0 1.0, attribution appreciated; earliest edition publish_date 1920 across 1091 catalogued editions"
ol:ol473243w,work,The Defiant Agents,,,available,1962,,high,"Open Library (openlibrary.org), retrieved 2026-10-04; CC0 1.0, attribution appreciated; earliest edition publish_date 1962 across 43 catalogued editions"
ol:ol473283w,work,Plague Ship,,,available,1956,,high,"Open Library (openlibrary.org), retrieved 2026-10-04; CC0 1.0, attribution appreciated; earliest edition publish_date 1956 across 91 catalogued editions"
ol:ol473476w,work,Star Born,,,available,1957,,high,"Open Library (openlibrary.org), retrieved 2026-10-04; CC0 1.0, attribution appreciated; earliest edition publish_date 1957 across 89 catalogued editions"
ol:ol473477w,work,The Time Traders,,,available,1958,,high,"Open Library (openlibrary.org), retrieved 2026-10-04; CC0 1.0, attribution appreciated; earliest edition publish_date 1958 across 91 catalogued editions"
ol:ol47670w,work,The house of the Wolfings,,,available,1889,,high,"Open Library (openlibrary.org), retrieved 2026-10-04; CC0 1.0, attribution appreciated; earliest edition publish_date 1889 across 156 catalogued editions"
ol:ol476846w,work,The Red House Mystery,,,available,1922,,high,"Open Library (openlibrary.org), retrieved 2026-10-04; CC0 1.0, attribution appreciated; earliest edition publish_date 1922 across 71 catalogued editions"
ol:ol47721w,work,"News from nowhere, or, An epoch of rest, being some chapters from a utopian romance",,,available,1890,,high,"Open Library (openlibrary.org), retrieved 2026-10-04; CC0 1.0, attribution appreciated; earliest edition publish_date 1890 across 347 catalogued editions"
ol:ol47726w,work,Child Christopher and Goldilind the Fair,,,available,1895,,high,"Open Library (openlibrary.org), retrieved 2026-10-04; CC0 1.0, attribution appreciated; earliest edition publish_date 1895 across 74 catalogued editions"
ol:ol47745w,work,The water of the Wondrous isles,,,available,1897,,high,"Open Library (openlibrary.org), retrieved 2026-10-04; CC0 1.0, attribution appreciated; earliest edition publish_date 1897 across 96 catalogued editions"
ol:ol47750w,work,The Well at the World's End,,,available,1892,,high,"Open Library (openlibrary.org), retrieved 2026-10-04; CC0 1.0, attribution appreciated; earliest edition publish_date 1892 across 216 catalogued editions"
ol:ol47752w,work,The wood beyond the world,,,available,1894,,high,"Open Library (openlibrary.org), retrieved 2026-10-04; CC0 1.0, attribution appreciated; earliest edition publish_date 1894 across 250 catalogued editions"
ol:ol47915w,work,The tower treasure,,,available,1927,,high,"Open Library (openlibrary.org), retrieved 2026-10-04; CC0 1.0, attribution appreciated; earliest edition publish_date 1927 across 46 catalogued editions"
ol:ol48035w,work,One for the Money,,,available,1994,,high,"Open Library (openlibrary.org), retrieved 2026-10-04; CC0 1.0, attribution appreciated; earliest edition publish_date 1994 across 38 catalogued editions"
ol:ol483391w,work,Charlotte's Web,,,available,1952,,high,"Open Library (openlibrary.org), retrieved 2026-10-04; CC0 1.0, attribution appreciated; earliest edition publish_date 1952 across 211 catalogued editions"
ol:ol485406w,work,Betty Zane,,,available,1903,,high,"Open Library (openlibrary.org), retrieved 2026-10-04; CC0 1.0, attribution appreciated; earliest edition publish_date 1903 across 189 catalogued editions"
ol:ol485457w,work,Ken Ward in the Jungle,,,available,1912,,high,"Open Library (openlibrary.org), retrieved 2026-10-04; CC0 1.0, attribution appreciated; earliest edition publish_date 1912 across 49 catalogued editions"
ol:ol485469w,work,The Lone Star Ranger,,,available,1914,,high,"Open Library (openlibrary.org), retrieved 2026-10-04; CC0 1.0, attribution appreciated; earliest edition publish_date 1914 across 358 catalogued editions"
ol:ol485504w,work,Riders of the Purple Sage,,,available,1912,,high,"Open Library (openlibrary.org), retrieved 2026-10-04; CC0 1.0, attribution appreciated; earliest edition publish_date 1912 across 709 catalogued editions"
ol:ol4870989w,work,Aunt Jane's Nieces Out West,,,available,1914,,high,"Open Library (openlibrary.org), retrieved 2026-10-04; CC0 1.0, attribution appreciated; earliest edition publish_date 1914 across 48 catalogued editions"
ol:ol4870992w,work,Aunt Jane's Nieces in Society,,,available,1910,,high,"Open Library (openlibrary.org), retrieved 2026-10-04; CC0 1.0, attribution appreciated; earliest edition publish_date 1910 across 46 catalogued editions"
ol:ol4870993w,work,Aunt Jane's Nieces at Millville,,,available,1908,,high,"Open Library (openlibrary.org), retrieved 2026-10-04; CC0 1.0, attribution appreciated; earliest edition publish_date 1908 across 43 catalogued editions"
ol:ol4885674w,work,The house in the mist,,,available,1905,,high,"Open Library (openlibrary.org), retrieved 2026-10-04; CC0 1.0, attribution appreciated; earliest edition publish_date 1905 across 40 catalogued editions"
ol:ol4885692w,work,The golden slipper and other problems for Violet Strange,,,available,1915,,high,"Open Library (openlibrary.org), retrieved 2026-10-04; CC0 1.0, attribution appreciated; earliest edition publish_date 1915 across 87 catalogued editions"
ol:ol4885713w,work,The millionaire baby,,,available,1905,,high,"Open Library (openlibrary.org), retrieved 2026-10-04; CC0 1.0, attribution appreciated; earliest edition publish_date 1905 across 63 catalogued editions"
ol:ol4906729w,work,Floodtide,,,available,1950,,high,"Open Library (openlibrary.org), retrieved 2026-10-04; CC0 1.0, attribution appreciated; earliest edition publish_date 1950 across 40 catalogued editions"
ol:ol492658w,work,The Lightning Thief,,,available,2005,,high,"Open Library (openlibrary.org), retrieved 2026-10-04; CC0 1.0, attribution appreciated; earliest edition publish_date 2005 across 108 catalogued editions"
ol:ol49488w,work,Ender's Game,,,available,1985,,high,"Open Library (openlibrary.org), retrieved 2026-10-04; CC0 1.0, attribution appreciated; earliest edition publish_date 1985 across 105 catalogued editions"
ol:ol498556w,work,Metamorphosis,,,available,1915,,high,"Open Library (openlibrary.org), retrieved 2026-10-04; CC0 1.0, attribution appreciated; earliest edition publish_date 1915 across 957 catalogued editions"
ol:ol500177w,work,Play It as It Lays,,,available,1970,,high,"Open Library (openlibrary.org), retrieved 2026-10-04; CC0 1.0, attribution appreciated; earliest edition publish_date 1970 across 37 catalogued editions"
ol:ol500452w,work,Foe,,,available,1986,,high,"Open Library (openlibrary.org), retrieved 2026-10-04; CC0 1.0, attribution appreciated; earliest edition publish_date 1986 across 36 catalogued editions"
ol:ol50103w,work,Lord of the World,,,available,1907,,high,"Open Library (openlibrary.org), retrieved 2026-10-04; CC0 1.0, attribution appreciated; earliest edition publish_date 1907 across 104 catalogued editions"
ol:ol503424w,work,Quo Vadis? Powieść z czasów Nerona,,,available,1895,,high,"Open Library (openlibrary.org), retrieved 2026-10-04; CC0 1.0, attribution appreciated; earliest edition publish_date 1895 across 453 catalogued editions"
ol:ol50348w,work,Fables,,,available,1678,,high,"Open Library (openlibrary.org), retrieved 2026-10-04; CC0 1.0, attribution appreciated; earliest edition publish_date 1678 across 345 catalogued editions"
ol:ol503503w,work,Abel Sánchez,,,available,1917,,high,"Open Library (openlibrary.org), retrieved 2026-10-04; CC0 1.0, attribution appreciated; earliest edition publish_date 1917 across 108 catalogued editions"
ol:ol503666w,work,Don Quijote de la Mancha,,,available,1600,,medium,"Open Library (openlibrary.org), retrieved 2026-10-04; CC0 1.0, attribution appreciated; work-level first_publish_year 1600 only; edition dates start 1607 (later; first edition likely uncatalogued)"
ol:ol50565w,work,The Bluest Eye,,,available,1970,,high,"Open Library (openlibrary.org), retrieved 2026-10-04; CC0 1.0, attribution appreciated; earliest edition publish_date 1970 across 63 catalogued editions"
ol:ol50567w,work,Sula,,,available,1973,,high,"Open Library (openlibrary.org), retrieved 2026-10-04; CC0 1.0, attribution appreciated; earliest edition publish_date 1973 across 55 catalogued editions"
ol:ol505740w,work,The moon and sixpence,,,available,1919,,high,"Open Library (openlibrary.org), retrieved 2026-10-04; CC0 1.0, attribution appreciated; earliest edition publish_date 1919 across 397 catalogued editions"
ol:ol510422w,work,Oath of fealty,,,available,1981,,high,"Open Library (openlibrary.org), retrieved 2026-10-04; CC0 1.0, attribution appreciated; earliest edition publish_date 1981 across 12 catalogued editions"
ol:ol510872w,work,Cover Her Face,,,available,1962,,high,"Open Library (openlibrary.org), retrieved 2026-10-04; CC0 1.0, attribution appreciated; earliest edition publish_date 1962 across 59 catalogued editions"
ol:ol510879w,work,A Taste for Death,,,available,1986,,high,"Open Library (openlibrary.org), retrieved 2026-10-04; CC0 1.0, attribution appreciated; earliest edition publish_date 1986 across 50 catalogued editions"
ol:ol510891w,work,Innocent Blood,,,available,1980,,high,"Open Library (openlibrary.org), retrieved 2026-10-04; CC0 1.0, attribution appreciated; earliest edition publish_date 1980 across 46 catalogued editions"
ol:ol51145w,work,It Can't Happen Here,,,available,1935,,high,"Open Library (openlibrary.org), retrieved 2026-10-04; CC0 1.0, attribution appreciated; earliest edition publish_date 1935 across 157 catalogued editions"
ol:ol51831w,work,πολιτεία,,,available,1554,,high,"Open Library (openlibrary.org), retrieved 2026-10-04; CC0 1.0, attribution appreciated; earliest edition publish_date 1554 across 794 catalogued editions"
ol:ol52114w,work,The War of the Worlds,,,available,1898,,high,"Open Library (openlibrary.org), retrieved 2026-10-04; CC0 1.0, attribution appreciated; earliest edition publish_date 1898 across 457 catalogued editions"
ol:ol52151w,work,When the Sleeper Awakes,,,available,1899,,high,"Open Library (openlibrary.org), retrieved 2026-10-04; CC0 1.0, attribution appreciated; earliest edition publish_date 1899 across 197 catalogued editions"
ol:ol52195w,work,The food of the gods and how it came to earth,,,available,1900,,high,"Open Library (openlibrary.org), retrieved 2026-10-04; CC0 1.0, attribution appreciated; earliest edition publish_date 1900 across 194 catalogued editions"
ol:ol52211w,work,Tales of space and time,,,available,1899,,high,"Open Library (openlibrary.org), retrieved 2026-10-04; CC0 1.0, attribution appreciated; earliest edition publish_date 1899 across 77 catalogued editions"
ol:ol52252w,work,In the days of the comet,,,available,1906,,high,"Open Library (openlibrary.org), retrieved 2026-10-04; CC0 1.0, attribution appreciated; earliest edition publish_date 1906 across 213 catalogued editions"
ol:ol52256w,work,A Modern Utopia,,,available,1900,,high,"Open Library (openlibrary.org), retrieved 2026-10-04; CC0 1.0, attribution appreciated; earliest edition publish_date 1900 across 102 catalogued editions"
ol:ol52260w,work,The First Men in the Moon,,,available,1900,,high,"Open Library (openlibrary.org), retrieved 2026-10-04; CC0 1.0, attribution appreciated; earliest edition publish_date 1900 across 114 catalogued editions"
ol:ol52266w,work,The Invisible Man,,,available,1897,,high,"Open Library (openlibrary.org), retrieved 2026-10-04; CC0 1.0, attribution appreciated; earliest edition publish_date 1897 across 563 catalogued editions"
ol:ol52267w,work,The Time Machine,,,available,1895,,high,"Open Library (openlibrary.org), retrieved 2026-10-04; CC0 1.0, attribution appreciated; earliest edition publish_date 1895 across 1146 catalogued editions"
ol:ol5277971w,work,Harriet the Spy,,,available,1960,,high,"Open Library (openlibrary.org), retrieved 2026-10-04; CC0 1.0, attribution appreciated; earliest edition publish_date 1960 across 63 catalogued editions"
ol:ol531767w,work,The Canterbury Tales,,,available,1478,,high,"Open Library (openlibrary.org), retrieved 2026-10-04; CC0 1.0, attribution appreciated; earliest edition publish_date 1478 across 722 catalogued editions"
ol:ol53311w,work,"A dark, dark tale",,,available,1981,,high,"Open Library (openlibrary.org), retrieved 2026-10-04; CC0 1.0, attribution appreciated; earliest edition publish_date 1981 across 38 catalogued editions"
ol:ol53908w,work,Adventures of Huckleberry Finn,,,available,1876,,high,"Open Library (openlibrary.org), retrieved 2026-10-04; CC0 1.0, attribution appreciated; earliest edition publish_date 1876 across 2623 catalogued editions"
ol:ol53919w,work,The Adventures of Tom Sawyer,,,available,1817,,high,"Open Library (openlibrary.org), retrieved 2026-10-04; CC0 1.0, attribution appreciated; earliest edition publish_date 1817 across 879 catalogued editions"
ol:ol53959w,work,Life on the Mississippi,,,available,1883,,high,"Open Library (openlibrary.org), retrieved 2026-10-04; CC0 1.0, attribution appreciated; earliest edition publish_date 1883 across 157 catalogued editions"
ol:ol53994w,work,The Prince and the Pauper,,,available,1881,,high,"Open Library (openlibrary.org), retrieved 2026-10-04; CC0 1.0, attribution appreciated; earliest edition publish_date 1881 across 755 catalogued editions"
ol:ol54147w,work,"Tom Sawyer, Detective",,,available,1897,,high,"Open Library (openlibrary.org), retrieved 2026-10-04; CC0 1.0, attribution appreciated; earliest edition publish_date 1897 across 276 catalogued editions"
ol:ol547141w,work,Extras,,,available,2007,,high,"Open Library (openlibrary.org), retrieved 2026-10-04; CC0 1.0, attribution appreciated; earliest edition publish_date 2007 across 23 catalogued editions"
ol:ol547152w,work,Specials,,,available,2006,,high,"Open Library (openlibrary.org), retrieved 2026-10-04; CC0 1.0, attribution appreciated; earliest edition publish_date 2006 across 29 catalogued editions"
ol:ol547172w,work,Uglies,,,available,2005,,high,"Open Library (openlibrary.org), retrieved 2026-10-04; CC0 1.0, attribution appreciated; earliest edition publish_date 2005 across 34 catalogued editions"
ol:ol54722w,work,Eine aegyptische Königstochter,,,available,1800,,high,"Open Library (openlibrary.org), retrieved 2026-10-04; CC0 1.0, attribution appreciated; earliest edition publish_date 1800 across 183 catalogued editions"
ol:ol54797w,work,The Notebook,,,available,1996,,high,"Open Library (openlibrary.org), retrieved 2026-10-04; CC0 1.0, attribution appreciated; earliest edition publish_date 1996 across 53 catalogued editions"
ol:ol551687w,work,The Best of Everything,,,available,1958,,high,"Open Library (openlibrary.org), retrieved 2026-10-04; CC0 1.0, attribution appreciated; earliest edition publish_date 1958 across 13 catalogued editions"
ol:ol55649w,work,Walden,,,available,1854,,high,"Open Library (openlibrary.org), retrieved 2026-10-04; CC0 1.0, attribution appreciated; earliest edition publish_date 1854 across 1140 catalogued editions"
ol:ol56768w,work,Echoes,,,available,1985,,high,"Open Library (openlibrary.org), retrieved 2026-10-04; CC0 1.0, attribution appreciated; earliest edition publish_date 1985 across 45 catalogued editions"
ol:ol56770w,work,Light a Penny Candle,,,available,1970,,high,"Open Library (openlibrary.org), retrieved 2026-10-04; CC0 1.0, attribution appreciated; earliest edition publish_date 1970 across 48 catalogued editions"
ol:ol5720022w,work,Breaking Dawn,,,available,2000,,high,"Open Library (openlibrary.org), retrieved 2026-10-04; CC0 1.0, attribution appreciated; earliest edition publish_date 2000 across 90 catalogued editions"
ol:ol5720023w,work,Twilight,,,available,2005,,high,"Open Library (openlibrary.org), retrieved 2026-10-04; CC0 1.0, attribution appreciated; earliest edition publish_date 2005 across 131 catalogued editions"
ol:ol5720025w,work,Eclipse,,,available,2006,,high,"Open Library (openlibrary.org), retrieved 2026-10-04; CC0 1.0, attribution appreciated; earliest edition publish_date 2006 across 94 catalogued editions"
ol:ol5720027w,work,New Moon,,,available,2006,,high,"Open Library (openlibrary.org), retrieved 2026-10-04; CC0 1.0, attribution appreciated; earliest edition publish_date 2006 across 88 catalogued editions"
ol:ol5730139w,work,Broken Angels,,,available,2003,,high,"Open Library (openlibrary.org), retrieved 2026-10-04; CC0 1.0, attribution appreciated; earliest edition publish_date 2003 across 16 catalogued editions"
ol:ol5730140w,work,Market Forces,,,available,2004,,high,"Open Library (openlibrary.org), retrieved 2026-10-04; CC0 1.0, attribution appreciated; earliest edition publish_date 2004 across 11 catalogued editions"
ol:ol5731542w,work,Half of a Yellow Sun,,,available,2006,,high,"Open Library (openlibrary.org), retrieved 2026-10-04; CC0 1.0, attribution appreciated; earliest edition publish_date 2006 across 43 catalogued editions"
ol:ol573193w,work,Sult,,,available,1890,,high,"Open Library (openlibrary.org), retrieved 2026-10-04; CC0 1.0, attribution appreciated; earliest edition publish_date 1890 across 154 catalogued editions"
ol:ol5735360w,work,Catching Fire,,,available,2009,,high,"Open Library (openlibrary.org), retrieved 2026-10-04; CC0 1.0, attribution appreciated; earliest edition publish_date 2009 across 118 catalogued editions"
ol:ol5735363w,work,The Hunger Games,,,available,2008,,high,"Open Library (openlibrary.org), retrieved 2026-10-04; CC0 1.0, attribution appreciated; earliest edition publish_date 2008 across 143 catalogued editions"
ol:ol5738148w,work,The Final Empire,,,available,2001,,high,"Open Library (openlibrary.org), retrieved 2026-10-04; CC0 1.0, attribution appreciated; earliest edition publish_date 2001 across 45 catalogued editions"
ol:ol575625w,work,R.U.R. and The insect play,,,available,1920,,high,"Open Library (openlibrary.org), retrieved 2026-10-04; CC0 1.0, attribution appreciated; earliest edition publish_date 1920 across 147 catalogued editions"
ol:ol5781992w,work,The Kite Runner,,,available,2003,,high,"Open Library (openlibrary.org), retrieved 2026-10-04; CC0 1.0, attribution appreciated; earliest edition publish_date 2003 across 126 catalogued editions"
ol:ol579075w,work,Junkyard Planet,,,available,1631,,high,"Open Library (openlibrary.org), retrieved 2026-10-04; CC0 1.0, attribution appreciated; earliest edition publish_date 1631 across 87 catalogued editions"
ol:ol579085w,work,Little Fuzzy,,,available,1961,,high,"Open Library (openlibrary.org), retrieved 2026-10-04; CC0 1.0, attribution appreciated; earliest edition publish_date 1961 across 110 catalogued editions"
ol:ol5819895w,work,Eragon,,,available,2000,,high,"Open Library (openlibrary.org), retrieved 2026-10-04; CC0 1.0, attribution appreciated; earliest edition publish_date 2000 across 91 catalogued editions"
ol:ol5840870w,work,The Boy in the Striped Pyjamas,,,available,2006,,high,"Open Library (openlibrary.org), retrieved 2026-10-04; CC0 1.0, attribution appreciated; earliest edition publish_date 2006 across 98 catalogued editions"
ol:ol59448w,work,The Price of Salt,,,available,1952,,high,"Open Library (openlibrary.org), retrieved 2026-10-04; CC0 1.0, attribution appreciated; earliest edition publish_date 1952 across 72 catalogued editions"
ol:ol5960415w,work,Gullivar of Mars,,,available,1964,,high,"Open Library (openlibrary.org), retrieved 2026-10-04; CC0 1.0, attribution appreciated; earliest edition publish_date 1964 across 290 catalogued editions"
ol:ol5969057w,work,World War Z,,,available,2006,,high,"Open Library (openlibrary.org), retrieved 2026-10-04; CC0 1.0, attribution appreciated; earliest edition publish_date 2006 across 46 catalogued editions"
ol:ol59798w,work,A Wizard of Earthsea,,,available,1968,,high,"Open Library (openlibrary.org), retrieved 2026-10-04; CC0 1.0, attribution appreciated; earliest edition publish_date 1968 across 87 catalogued editions"
ol:ol59800w,work,The Left Hand of Darkness,,,available,1969,,high,"Open Library (openlibrary.org), retrieved 2026-10-04; CC0 1.0, attribution appreciated; earliest edition publish_date 1969 across 91 catalogued editions"
ol:ol6027236w,work,The Maze Runner,,,available,2009,,high,"Open Library (openlibrary.org), retrieved 2026-10-04; CC0 1.0, attribution appreciated; earliest edition publish_date 2009 across 21 catalogued editions"
ol:ol61825w,work,The Coming Race,,,available,1871,,high,"Open Library (openlibrary.org), retrieved 2026-10-04; CC0 1.0, attribution appreciated; earliest edition publish_date 1871 across 262 catalogued editions"
ol:ol61867w,work,The Last Days of Pompeii,,,available,1800,,high,"Open Library (openlibrary.org), retrieved 2026-10-04; CC0 1.0, attribution appreciated; earliest edition publish_date 1800 across 275 catalogued editions"
ol:ol619317w,work,The Haunted Bookshop,,,available,1919,,high,"Open Library (openlibrary.org), retrieved 2026-10-04; CC0 1.0, attribution appreciated; earliest edition publish_date 1919 across 69 catalogued editions"
ol:ol61981w,work,Ἰλιάς,,,available,1505,,medium,"Open Library (openlibrary.org), retrieved 2026-10-04; CC0 1.0, attribution appreciated; work-level first_publish_year 1505 only; edition dates start 1519 (later; first edition likely uncatalogued)"
ol:ol61982w,work,Ὀδύσσεια,,,available,1488,,high,"Open Library (openlibrary.org), retrieved 2026-10-04; CC0 1.0, attribution appreciated; earliest edition publish_date 1488 across 1066 catalogued editions"
ol:ol626369w,work,Nonsense novels,,,available,1900,,high,"Open Library (openlibrary.org), retrieved 2026-10-04; CC0 1.0, attribution appreciated; earliest edition publish_date 1900 across 112 catalogued editions"
ol:ol627084w,work,Lolita,,,available,1777,,high,"Open Library (openlibrary.org), retrieved 2026-10-04; CC0 1.0, attribution appreciated; earliest edition publish_date 1777 across 229 catalogued editions"
ol:ol62979w,work,The Sun Also Rises,,,available,1926,,high,"Open Library (openlibrary.org), retrieved 2026-10-04; CC0 1.0, attribution appreciated; earliest edition publish_date 1926 across 215 catalogued editions"
ol:ol63000w,work,Men Without Women,,,available,1927,,high,"Open Library (openlibrary.org), retrieved 2026-10-04; CC0 1.0, attribution appreciated; earliest edition publish_date 1927 across 85 catalogued editions"
ol:ol63009w,work,For Whom the Bell Tolls,,,available,1940,,high,"Open Library (openlibrary.org), retrieved 2026-10-04; CC0 1.0, attribution appreciated; earliest edition publish_date 1940 across 185 catalogued editions"
ol:ol63871w,work,A history of New York,,,available,1800,,high,"Open Library (openlibrary.org), retrieved 2026-10-04; CC0 1.0, attribution appreciated; earliest edition publish_date 1800 across 472 catalogued editions"
ol:ol63877w,work,Rip Van Winkle and Sleepy Hollow,,,available,1867,,high,"Open Library (openlibrary.org), retrieved 2026-10-04; CC0 1.0, attribution appreciated; earliest edition publish_date 1867 across 96 catalogued editions"
ol:ol63893w,work,"The sketch-book of Geoffrey Crayon, Esq",,,available,1819,,high,"Open Library (openlibrary.org), retrieved 2026-10-04; CC0 1.0, attribution appreciated; earliest edition publish_date 1819 across 351 catalogued editions"
ol:ol63985w,work,The Legend of Sleepy Hollow,,,available,1820,,high,"Open Library (openlibrary.org), retrieved 2026-10-04; CC0 1.0, attribution appreciated; earliest edition publish_date 1820 across 1017 catalogued editions"
ol:ol64365w,work,Brave New World,,,available,1932,,high,"Open Library (openlibrary.org), retrieved 2026-10-04; CC0 1.0, attribution appreciated; earliest edition publish_date 1932 across 722 catalogued editions"
ol:ol64440w,work,Brave New World and Brave New World Revisited,,,available,1942,,high,"Open Library (openlibrary.org), retrieved 2026-10-04; CC0 1.0, attribution appreciated; earliest edition publish_date 1942 across 28 catalogued editions"
ol:ol65430w,work,The Awakening,,,available,1899,,high,"Open Library (openlibrary.org), retrieved 2026-10-04; CC0 1.0, attribution appreciated; earliest edition publish_date 1899 across 347 catalogued editions"
ol:ol65438w,work,Works (Awakening / Beyond the Bayou / Desiree's Baby / Kiss / Locket / Ma'ame Pelagie / Pair of Silk Stockings / Reflection / Respectable Woman),,,available,1981,,high,"Open Library (openlibrary.org), retrieved 2026-10-04; CC0 1.0, attribution appreciated; earliest edition publish_date 1981 across 198 catalogued editions"
ol:ol658250w,work,Metamorphoses,,,available,1500,,high,"Open Library (openlibrary.org), retrieved 2026-10-04; CC0 1.0, attribution appreciated; earliest edition publish_date 1500 across 449 catalogued editions"
ol:ol6585796w,work,Jurgen,,,available,1919,,high,"Open Library (openlibrary.org), retrieved 2026-10-04; CC0 1.0, attribution appreciated; earliest edition publish_date 1919 across 259 catalogued editions"
ol:ol659062w,work,De ontdekking van de hemel,,,available,1993,,high,"Open Library (openlibrary.org), retrieved 2026-10-04; CC0 1.0, attribution appreciated; earliest edition publish_date 1993 across 16 catalogued editions"
ol:ol66341w,work,Plays (All My Sons / Crucible / Death of a Salesman / Memory of Two Mondays / View from the Bridge),,,available,1957,,high,"Open Library (openlibrary.org), retrieved 2026-10-04; CC0 1.0, attribution appreciated; earliest edition publish_date 1957 across 13 catalogued editions"
ol:ol66346w,work,Death of a Salesman,,,available,1940,,high,"Open Library (openlibrary.org), retrieved 2026-10-04; CC0 1.0, attribution appreciated; earliest edition publish_date 1940 across 90 catalogued editions"
ol:ol66512w,work,Novels (Emma / Mansfield Park / Northanger Abbey / Persuasion / Pride and Prejudice / Sense and Sensibility),,,available,1818,,high,"Open Library (openlibrary.org), retrieved 2026-10-04; CC0 1.0, attribution appreciated; earliest edition publish_date 1818 across 75 catalogued editions"
ol:ol66513w,work,Emma,,,available,1815,,high,"Open Library (openlibrary.org), retrieved 2026-10-04; CC0 1.0, attribution appreciated; earliest edition publish_date 1815 across 2262 catalogued editions"
ol:ol66518w,work,Novels (Emma / Pride and Prejudice / Sense and Sensibility),,,available,1992,,high,"Open Library (openlibrary.org), retrieved 2026-10-04; CC0 1.0, attribution appreciated; earliest edition publish_date 1992 across 12 catalogued editions"
ol:ol66530w,work,Mansfield Park,,,available,1814,,high,"Open Library (openlibrary.org), retrieved 2026-10-04; CC0 1.0, attribution appreciated; earliest edition publish_date 1814 across 1108 catalogued editions"
ol:ol66534w,work,Northanger Abbey,,,available,1818,,high,"Open Library (openlibrary.org), retrieved 2026-10-04; CC0 1.0, attribution appreciated; earliest edition publish_date 1818 across 1013 catalogued editions"
ol:ol66542w,work,Novels (Emma / Lady Susan / Mansfield Park / Northanger Abbey / Persuasion / Pride and Prejudice / Sense and Sensibility),,,available,1966,,high,"Open Library (openlibrary.org), retrieved 2026-10-04; CC0 1.0, attribution appreciated; earliest edition publish_date 1966 across 31 catalogued editions"
ol:ol66554w,work,Pride and Prejudice,,,available,1813,,high,"Open Library (openlibrary.org), retrieved 2026-10-04; CC0 1.0, attribution appreciated; earliest edition publish_date 1813 across 4042 catalogued editions"
ol:ol66562w,work,Sense and Sensibility,,,available,1811,,high,"Open Library (openlibrary.org), retrieved 2026-10-04; CC0 1.0, attribution appreciated; earliest edition publish_date 1811 across 2090 catalogued editions"
ol:ol66597w,work,Novels (Pride and Prejudice / Sense and Sensibility),,,available,1949,,high,"Open Library (openlibrary.org), retrieved 2026-10-04; CC0 1.0, attribution appreciated; earliest edition publish_date 1949 across 28 catalogued editions"
ol:ol675698w,work,The Blind Assassin,,,available,2000,,high,"Open Library (openlibrary.org), retrieved 2026-10-04; CC0 1.0, attribution appreciated; earliest edition publish_date 2000 across 89 catalogued editions"
ol:ol675722w,work,Oryx and Crake,,,available,2002,,high,"Open Library (openlibrary.org), retrieved 2026-10-04; CC0 1.0, attribution appreciated; earliest edition publish_date 2002 across 49 catalogued editions"
ol:ol675774w,work,The Year of the Flood,,,available,2009,,high,"Open Library (openlibrary.org), retrieved 2026-10-04; CC0 1.0, attribution appreciated; earliest edition publish_date 2009 across 30 catalogued editions"
ol:ol675783w,work,The Handmaid's Tale,,,available,1985,,high,"Open Library (openlibrary.org), retrieved 2026-10-04; CC0 1.0, attribution appreciated; earliest edition publish_date 1985 across 174 catalogued editions"
ol:ol676009w,work,Мастер и Маргарита,,,available,1966,,high,"Open Library (openlibrary.org), retrieved 2026-10-04; CC0 1.0, attribution appreciated; earliest edition publish_date 1966 across 236 catalogued editions"
ol:ol679348w,work,The Graveyard Book,,,available,2008,,high,"Open Library (openlibrary.org), retrieved 2026-10-04; CC0 1.0, attribution appreciated; earliest edition publish_date 2008 across 40 catalogued editions"
ol:ol69453w,work,Nova Atlantis,,,available,1627,,high,"Open Library (openlibrary.org), retrieved 2026-10-04; CC0 1.0, attribution appreciated; earliest edition publish_date 1627 across 84 catalogued editions"
ol:ol69601w,work,Dream days,,,available,1898,,high,"Open Library (openlibrary.org), retrieved 2026-10-04; CC0 1.0, attribution appreciated; earliest edition publish_date 1898 across 303 catalogued editions"
ol:ol69602w,work,The reluctant dragon,,,available,1938,,high,"Open Library (openlibrary.org), retrieved 2026-10-04; CC0 1.0, attribution appreciated; earliest edition publish_date 1938 across 228 catalogued editions"
ol:ol69612w,work,The Secret Garden,,,available,1911,,high,"Open Library (openlibrary.org), retrieved 2026-10-04; CC0 1.0, attribution appreciated; earliest edition publish_date 1911 across 1598 catalogued editions"
ol:ol69630w,work,A Little Princess,,,available,1905,,high,"Open Library (openlibrary.org), retrieved 2026-10-04; CC0 1.0, attribution appreciated; earliest edition publish_date 1905 across 305 catalogued editions"
ol:ol707922w,work,A thin ghost and others,,,available,1919,,high,"Open Library (openlibrary.org), retrieved 2026-10-04; CC0 1.0, attribution appreciated; earliest edition publish_date 1919 across 59 catalogued editions"
ol:ol7095112w,work,The Book of Tea,,,available,1900,,high,"Open Library (openlibrary.org), retrieved 2026-10-04; CC0 1.0, attribution appreciated; earliest edition publish_date 1900 across 476 catalogued editions"
ol:ol71037w,work,"The Lion, the Witch and the Wardrobe",,,available,1950,,high,"Open Library (openlibrary.org), retrieved 2026-10-04; CC0 1.0, attribution appreciated; earliest edition publish_date 1950 across 159 catalogued editions"
ol:ol71042w,work,The Magician's Nephew,,,available,1955,,high,"Open Library (openlibrary.org), retrieved 2026-10-04; CC0 1.0, attribution appreciated; earliest edition publish_date 1955 across 164 catalogued editions"
ol:ol71058w,work,The Horse and His Boy,,,available,1954,,high,"Open Library (openlibrary.org), retrieved 2026-10-04; CC0 1.0, attribution appreciated; earliest edition publish_date 1954 across 186 catalogued editions"
ol:ol71069w,work,Prince Caspian,,,available,1951,,high,"Open Library (openlibrary.org), retrieved 2026-10-04; CC0 1.0, attribution appreciated; earliest edition publish_date 1951 across 147 catalogued editions"
ol:ol71078w,work,The Silver Chair,,,available,1953,,high,"Open Library (openlibrary.org), retrieved 2026-10-04; CC0 1.0, attribution appreciated; earliest edition publish_date 1953 across 142 catalogued editions"
ol:ol7180368w,work,Decamerone,,,available,1516,,high,"Open Library (openlibrary.org), retrieved 2026-10-04; CC0 1.0, attribution appreciated; earliest edition publish_date 1516 across 700 catalogued editions"
ol:ol72274w,work,The Ghost Next Door,,,available,1993,,high,"Open Library (openlibrary.org), retrieved 2026-10-04; CC0 1.0, attribution appreciated; earliest edition publish_date 1993 across 30 catalogued editions"
ol:ol72352w,work,Welcome to Dead House,,,available,1992,,high,"Open Library (openlibrary.org), retrieved 2026-10-04; CC0 1.0, attribution appreciated; earliest edition publish_date 1992 across 39 catalogued editions"
ol:ol72434w,work,Say Cheese and Die!,,,available,1992,,high,"Open Library (openlibrary.org), retrieved 2026-10-04; CC0 1.0, attribution appreciated; earliest edition publish_date 1992 across 42 catalogued editions"
ol:ol733640w,work,Le rouge et le noir,,,available,1830,,high,"Open Library (openlibrary.org), retrieved 2026-10-04; CC0 1.0, attribution appreciated; earliest edition publish_date 1830 across 404 catalogued editions"
ol:ol73385w,work,Dragonsong,,,available,1976,,high,"Open Library (openlibrary.org), retrieved 2026-10-04; CC0 1.0, attribution appreciated; earliest edition publish_date 1976 across 39 catalogued editions"
ol:ol74485w,work,The Scarlet Plague,,,available,1910,,high,"Open Library (openlibrary.org), retrieved 2026-10-04; CC0 1.0, attribution appreciated; earliest edition publish_date 1910 across 71 catalogued editions"
ol:ol74502w,work,The Iron Heel,,,available,1907,,high,"Open Library (openlibrary.org), retrieved 2026-10-04; CC0 1.0, attribution appreciated; earliest edition publish_date 1907 across 597 catalogued editions"
ol:ol74504w,work,White Fang,,,available,1905,,high,"Open Library (openlibrary.org), retrieved 2026-10-04; CC0 1.0, attribution appreciated; earliest edition publish_date 1905 across 387 catalogued editions"
ol:ol74666w,work,American Pastoral,,,available,1997,,high,"Open Library (openlibrary.org), retrieved 2026-10-04; CC0 1.0, attribution appreciated; earliest edition publish_date 1997 across 27 catalogued editions"
ol:ol762613w,work,The Snapper,,,available,1990,,high,"Open Library (openlibrary.org), retrieved 2026-10-04; CC0 1.0, attribution appreciated; earliest edition publish_date 1990 across 16 catalogued editions"
ol:ol76399w,work,Saint Francis of Assisi,,,available,1923,,high,"Open Library (openlibrary.org), retrieved 2026-10-04; CC0 1.0, attribution appreciated; earliest edition publish_date 1923 across 547 catalogued editions"
ol:ol76473w,work,The Napoleon of Notting Hill,,,available,1904,,high,"Open Library (openlibrary.org), retrieved 2026-10-04; CC0 1.0, attribution appreciated; earliest edition publish_date 1904 across 454 catalogued editions"
ol:ol76483w,work,The Wisdom of Father Brown,,,available,1913,,high,"Open Library (openlibrary.org), retrieved 2026-10-04; CC0 1.0, attribution appreciated; earliest edition publish_date 1913 across 465 catalogued editions"
ol:ol76487w,work,The Man Who Was Thursday,,,available,1908,,high,"Open Library (openlibrary.org), retrieved 2026-10-04; CC0 1.0, attribution appreciated; earliest edition publish_date 1908 across 1105 catalogued editions"
ol:ol76561w,work,The Magic Walking-Stick,,,available,1932,,high,"Open Library (openlibrary.org), retrieved 2026-10-04; CC0 1.0, attribution appreciated; earliest edition publish_date 1932 across 90 catalogued editions"
ol:ol76588w,work,Midwinter,,,available,1923,,high,"Open Library (openlibrary.org), retrieved 2026-10-04; CC0 1.0, attribution appreciated; earliest edition publish_date 1923 across 184 catalogued editions"
ol:ol76591w,work,The three hostages,,,available,1924,,high,"Open Library (openlibrary.org), retrieved 2026-10-04; CC0 1.0, attribution appreciated; earliest edition publish_date 1924 across 204 catalogued editions"
ol:ol76597w,work,Huntingtower,,,available,1910,,high,"Open Library (openlibrary.org), retrieved 2026-10-04; CC0 1.0, attribution appreciated; earliest edition publish_date 1910 across 293 catalogued editions"
ol:ol76835w,work,Deception Point,,,available,2001,,high,"Open Library (openlibrary.org), retrieved 2026-10-04; CC0 1.0, attribution appreciated; earliest edition publish_date 2001 across 96 catalogued editions"
ol:ol77021w,work,The Rainmaker,,,available,1995,,high,"Open Library (openlibrary.org), retrieved 2026-10-04; CC0 1.0, attribution appreciated; earliest edition publish_date 1995 across 67 catalogued editions"
ol:ol77744w,work,Anne of Avonlea,,,available,1909,,high,"Open Library (openlibrary.org), retrieved 2026-10-04; CC0 1.0, attribution appreciated; earliest edition publish_date 1909 across 813 catalogued editions"
ol:ol77795w,work,Blood and Gold,,,available,1998,,high,"Open Library (openlibrary.org), retrieved 2026-10-04; CC0 1.0, attribution appreciated; earliest edition publish_date 1998 across 36 catalogued editions"
ol:ol77813w,work,The Vampire Lestat,,,available,1986,,high,"Open Library (openlibrary.org), retrieved 2026-10-04; CC0 1.0, attribution appreciated; earliest edition publish_date 1986 across 53 catalogued editions"
ol:ol77819w,work,Blackwood Farm,,,available,1998,,high,"Open Library (openlibrary.org), retrieved 2026-10-04; CC0 1.0, attribution appreciated; earliest edition publish_date 1998 across 31 catalogued editions"
ol:ol77828w,work,The Queen of the Damned,,,available,1988,,high,"Open Library (openlibrary.org), retrieved 2026-10-04; CC0 1.0, attribution appreciated; earliest edition publish_date 1988 across 55 catalogued editions"
ol:ol77829w,work,Lasher,,,available,1993,,high,"Open Library (openlibrary.org), retrieved 2026-10-04; CC0 1.0, attribution appreciated; earliest edition publish_date 1993 across 38 catalogued editions"
ol:ol77950w,work,The deerslayer,,,available,1841,,high,"Open Library (openlibrary.org), retrieved 2026-10-04; CC0 1.0, attribution appreciated; earliest edition publish_date 1841 across 504 catalogued editions"
ol:ol77958w,work,The Last of the Mohicans,,,available,1826,,high,"Open Library (openlibrary.org), retrieved 2026-10-04; CC0 1.0, attribution appreciated; earliest edition publish_date 1826 across 864 catalogued editions"
ol:ol77970w,work,The Prairie,,,available,1800,,high,"Open Library (openlibrary.org), retrieved 2026-10-04; CC0 1.0, attribution appreciated; earliest edition publish_date 1800 across 399 catalogued editions"
ol:ol77997w,work,The pioneers,,,available,1800,,high,"Open Library (openlibrary.org), retrieved 2026-10-04; CC0 1.0, attribution appreciated; earliest edition publish_date 1800 across 378 catalogued editions"
ol:ol78009w,work,The Pathfinder,,,available,1800,,high,"Open Library (openlibrary.org), retrieved 2026-10-04; CC0 1.0, attribution appreciated; earliest edition publish_date 1800 across 427 catalogued editions"
ol:ol78075w,work,The spy,,,available,1821,,high,"Open Library (openlibrary.org), retrieved 2026-10-04; CC0 1.0, attribution appreciated; earliest edition publish_date 1821 across 172 catalogued editions"
ol:ol7917284w,work,Frenchman's Creek,,,available,1940,,high,"Open Library (openlibrary.org), retrieved 2026-10-04; CC0 1.0, attribution appreciated; earliest edition publish_date 1940 across 80 catalogued editions"
ol:ol79339w,work,The Woods,,,available,1849,,high,"Open Library (openlibrary.org), retrieved 2026-10-04; CC0 1.0, attribution appreciated; earliest edition publish_date 1849 across 57 catalogued editions"
ol:ol7973293w,work,In the Midst of Life. Tales of Civilians,,,available,1891,,high,"Open Library (openlibrary.org), retrieved 2026-10-04; CC0 1.0, attribution appreciated; earliest edition publish_date 1891 across 86 catalogued editions"
ol:ol7973306w,work,Present at a Hanging and Other Ghost Stories,,,available,1913,,high,"Open Library (openlibrary.org), retrieved 2026-10-04; CC0 1.0, attribution appreciated; earliest edition publish_date 1913 across 44 catalogued editions"
ol:ol7973356w,work,Can Such Things Be? [24 stories],,,available,1924,,high,"Open Library (openlibrary.org), retrieved 2026-10-04; CC0 1.0, attribution appreciated; earliest edition publish_date 1924 across 51 catalogued editions"
ol:ol798443w,work,La mort i la primavera,,,available,1986,,high,"Open Library (openlibrary.org), retrieved 2026-10-04; CC0 1.0, attribution appreciated; earliest edition publish_date 1986 across 14 catalogued editions"
ol:ol7984948w,work,The Magic World,,,available,1959,,high,"Open Library (openlibrary.org), retrieved 2026-10-04; CC0 1.0, attribution appreciated; earliest edition publish_date 1959 across 352 catalogued editions"
ol:ol8070951w,work,The Sea-Hawk,,,available,1900,,high,"Open Library (openlibrary.org), retrieved 2026-10-04; CC0 1.0, attribution appreciated; earliest edition publish_date 1900 across 201 catalogued editions"
ol:ol80763w,work,Stormbreaker,,,available,2000,,high,"Open Library (openlibrary.org), retrieved 2026-10-04; CC0 1.0, attribution appreciated; earliest edition publish_date 2000 across 51 catalogued editions"
ol:ol8088702w,work,"The Haunted and the Haunters, Or, The House and the Brain",,,available,1800,,high,"Open Library (openlibrary.org), retrieved 2026-10-04; CC0 1.0, attribution appreciated; earliest edition publish_date 1800 across 73 catalogued editions"
ol:ol8088746w,work,Pelham,,,available,1828,,high,"Open Library (openlibrary.org), retrieved 2026-10-04; CC0 1.0, attribution appreciated; earliest edition publish_date 1828 across 108 catalogued editions"
ol:ol810402w,work,The House on the Borderland,,,available,1946,,high,"Open Library (openlibrary.org), retrieved 2026-10-04; CC0 1.0, attribution appreciated; earliest edition publish_date 1946 across 43 catalogued editions"
ol:ol810505w,work,The House of Whispers,,,available,1910,,high,"Open Library (openlibrary.org), retrieved 2026-10-04; CC0 1.0, attribution appreciated; earliest edition publish_date 1910 across 38 catalogued editions"
ol:ol810989w,work,Comus,,,available,1738,,high,"Open Library (openlibrary.org), retrieved 2026-10-04; CC0 1.0, attribution appreciated; earliest edition publish_date 1738 across 111 catalogued editions"
ol:ol8125148w,work,Sir Percy hits back,,,available,1927,,high,"Open Library (openlibrary.org), retrieved 2026-10-04; CC0 1.0, attribution appreciated; earliest edition publish_date 1927 across 49 catalogued editions"
ol:ol8126453w,work,Armageddon 2419 AD,,,available,1962,,high,"Open Library (openlibrary.org), retrieved 2026-10-04; CC0 1.0, attribution appreciated; earliest edition publish_date 1962 across 127 catalogued editions"
ol:ol81294w,work,Women in Love,,,available,1877,,high,"Open Library (openlibrary.org), retrieved 2026-10-04; CC0 1.0, attribution appreciated; earliest edition publish_date 1877 across 564 catalogued editions"
ol:ol81584w,work,Everything's Eventual. 14 Dark Tales,,,available,2002,,high,"Open Library (openlibrary.org), retrieved 2026-10-04; CC0 1.0, attribution appreciated; earliest edition publish_date 2002 across 61 catalogued editions"
ol:ol81586w,work,From a Buick 8,,,available,2002,,high,"Open Library (openlibrary.org), retrieved 2026-10-04; CC0 1.0, attribution appreciated; earliest edition publish_date 2002 across 55 catalogued editions"
ol:ol81588w,work,Just After Sunset,,,available,2008,,high,"Open Library (openlibrary.org), retrieved 2026-10-04; CC0 1.0, attribution appreciated; earliest edition publish_date 2008 across 40 catalogued editions"
ol:ol81589w,work,Lisey's Story,,,available,2006,,high,"Open Library (openlibrary.org), retrieved 2026-10-04; CC0 1.0, attribution appreciated; earliest edition publish_date 2006 across 53 catalogued editions"
ol:ol81597w,work,Cell,,,available,2006,,high,"Open Library (openlibrary.org), retrieved 2026-10-04; CC0 1.0, attribution appreciated; earliest edition publish_date 2006 across 61 catalogued editions"
ol:ol81599w,work,The talisman,,,available,1925,,high,"Open Library (openlibrary.org), retrieved 2026-10-04; CC0 1.0, attribution appreciated; earliest edition publish_date 1925 across 66 catalogued editions"
ol:ol81602w,work,The Eyes of the Dragon,,,available,1959,,high,"Open Library (openlibrary.org), retrieved 2026-10-04; CC0 1.0, attribution appreciated; earliest edition publish_date 1959 across 65 catalogued editions"
ol:ol81603w,work,Insomnia,,,available,1994,,high,"Open Library (openlibrary.org), retrieved 2026-10-04; CC0 1.0, attribution appreciated; earliest edition publish_date 1994 across 58 catalogued editions"
ol:ol81604w,work,Nightmares & Dreamscapes,,,available,1993,,high,"Open Library (openlibrary.org), retrieved 2026-10-04; CC0 1.0, attribution appreciated; earliest edition publish_date 1993 across 39 catalogued editions"
ol:ol81605w,work,Danse Macabre,,,available,1980,,high,"Open Library (openlibrary.org), retrieved 2026-10-04; CC0 1.0, attribution appreciated; earliest edition publish_date 1980 across 48 catalogued editions"
ol:ol81606w,work,Four Past Midnight,,,available,1990,,high,"Open Library (openlibrary.org), retrieved 2026-10-04; CC0 1.0, attribution appreciated; earliest edition publish_date 1990 across 64 catalogued editions"
ol:ol81607w,work,Needful Things,,,available,1991,,high,"Open Library (openlibrary.org), retrieved 2026-10-04; CC0 1.0, attribution appreciated; earliest edition publish_date 1991 across 67 catalogued editions"
ol:ol81608w,work,Night Shift,,,available,1960,,high,"Open Library (openlibrary.org), retrieved 2026-10-04; CC0 1.0, attribution appreciated; earliest edition publish_date 1960 across 65 catalogued editions"
ol:ol81610w,work,Cujo,,,available,1981,,high,"Open Library (openlibrary.org), retrieved 2026-10-04; CC0 1.0, attribution appreciated; earliest edition publish_date 1981 across 81 catalogued editions"
ol:ol81611w,work,Desperation,,,available,1996,,high,"Open Library (openlibrary.org), retrieved 2026-10-04; CC0 1.0, attribution appreciated; earliest edition publish_date 1996 across 55 catalogued editions"
ol:ol81613w,work,It,,,available,1986,,high,"Open Library (openlibrary.org), retrieved 2026-10-04; CC0 1.0, attribution appreciated; earliest edition publish_date 1986 across 96 catalogued editions"
ol:ol81614w,work,Rose Madder,,,available,1995,,high,"Open Library (openlibrary.org), retrieved 2026-10-04; CC0 1.0, attribution appreciated; earliest edition publish_date 1995 across 57 catalogued editions"
ol:ol81617w,work,Gerald's Game,,,available,1992,,high,"Open Library (openlibrary.org), retrieved 2026-10-04; CC0 1.0, attribution appreciated; earliest edition publish_date 1992 across 56 catalogued editions"
ol:ol81618w,work,The Stand,,,available,1978,,high,"Open Library (openlibrary.org), retrieved 2026-10-04; CC0 1.0, attribution appreciated; earliest edition publish_date 1978 across 87 catalogued editions"
ol:ol81619w,work,Christine,,,available,1983,,high,"Open Library (openlibrary.org), retrieved 2026-10-04; CC0 1.0, attribution appreciated; earliest edition publish_date 1983 across 65 catalogued editions"
ol:ol81620w,work,The Dark Half,,,available,1989,,high,"Open Library (openlibrary.org), retrieved 2026-10-04; CC0 1.0, attribution appreciated; earliest edition publish_date 1989 across 61 catalogued editions"
ol:ol81621w,work,Different Seasons,,,available,1982,,high,"Open Library (openlibrary.org), retrieved 2026-10-04; CC0 1.0, attribution appreciated; earliest edition publish_date 1982 across 61 catalogued editions"
ol:ol81622w,work,Dolores Claiborne,,,available,1992,,high,"Open Library (openlibrary.org), retrieved 2026-10-04; CC0 1.0, attribution appreciated; earliest edition publish_date 1992 across 51 catalogued editions"
ol:ol81623w,work,Firestarter,,,available,1980,,high,"Open Library (openlibrary.org), retrieved 2026-10-04; CC0 1.0, attribution appreciated; earliest edition publish_date 1980 across 78 catalogued editions"
ol:ol81624w,work,Hearts in Atlantis,,,available,1998,,high,"Open Library (openlibrary.org), retrieved 2026-10-04; CC0 1.0, attribution appreciated; earliest edition publish_date 1998 across 55 catalogued editions"
ol:ol81625w,work,A Torre Negra,,,available,1991,,high,"Open Library (openlibrary.org), retrieved 2026-10-04; CC0 1.0, attribution appreciated; earliest edition publish_date 1991 across 71 catalogued editions"
ol:ol81626w,work,Carrie,,,available,1974,,high,"Open Library (openlibrary.org), retrieved 2026-10-04; CC0 1.0, attribution appreciated; earliest edition publish_date 1974 across 120 catalogued editions"
ol:ol81627w,work,Skeleton crew,,,available,1985,,high,"Open Library (openlibrary.org), retrieved 2026-10-04; CC0 1.0, attribution appreciated; earliest edition publish_date 1985 across 73 catalogued editions"
ol:ol81628w,work,The Gunslinger,,,available,1976,,high,"Open Library (openlibrary.org), retrieved 2026-10-04; CC0 1.0, attribution appreciated; earliest edition publish_date 1976 across 95 catalogued editions"
ol:ol81629w,work,The Green Mile,,,available,1996,,high,"Open Library (openlibrary.org), retrieved 2026-10-04; CC0 1.0, attribution appreciated; earliest edition publish_date 1996 across 92 catalogued editions"
ol:ol81630w,work,The Dead Zone,,,available,1979,,high,"Open Library (openlibrary.org), retrieved 2026-10-04; CC0 1.0, attribution appreciated; earliest edition publish_date 1979 across 89 catalogued editions"
ol:ol81631w,work,Pet Sematary,,,available,1983,,high,"Open Library (openlibrary.org), retrieved 2026-10-04; CC0 1.0, attribution appreciated; earliest edition publish_date 1983 across 92 catalogued editions"
ol:ol81632w,work,'Salem’s Lot,,,available,1959,,high,"Open Library (openlibrary.org), retrieved 2026-10-04; CC0 1.0, attribution appreciated; earliest edition publish_date 1959 across 111 catalogued editions"
ol:ol81633w,work,The Shining,,,available,1977,,high,"Open Library (openlibrary.org), retrieved 2026-10-04; CC0 1.0, attribution appreciated; earliest edition publish_date 1977 across 97 catalogued editions"
ol:ol81634w,work,Misery,,,available,1978,,high,"Open Library (openlibrary.org), retrieved 2026-10-04; CC0 1.0, attribution appreciated; earliest edition publish_date 1978 across 100 catalogued editions"
ol:ol81663w,work,The Gold Coast,,,available,1988,,high,"Open Library (openlibrary.org), retrieved 2026-10-04; CC0 1.0, attribution appreciated; earliest edition publish_date 1988 across 11 catalogued editions"
ol:ol8193406w,work,The Mayor of Casterbridge,,,available,1800,,high,"Open Library (openlibrary.org), retrieved 2026-10-04; CC0 1.0, attribution appreciated; earliest edition publish_date 1800 across 676 catalogued editions"
ol:ol8193416w,work,The Picture of Dorian Gray,,,available,1890,,high,"Open Library (openlibrary.org), retrieved 2026-10-04; CC0 1.0, attribution appreciated; earliest edition publish_date 1890 across 3012 catalogued editions"
ol:ol8193465w,work,A Tale of Two Cities,,,available,1800,,high,"Open Library (openlibrary.org), retrieved 2026-10-04; CC0 1.0, attribution appreciated; earliest edition publish_date 1800 across 2059 catalogued editions"
ol:ol8193478w,work,Oliver Twist,,,available,1822,,high,"Open Library (openlibrary.org), retrieved 2026-10-04; CC0 1.0, attribution appreciated; earliest edition publish_date 1822 across 2211 catalogued editions"
ol:ol819386w,work,Die Frau und der Sozialismus,,,available,1879,,high,"Open Library (openlibrary.org), retrieved 2026-10-04; CC0 1.0, attribution appreciated; earliest edition publish_date 1879 across 81 catalogued editions"
ol:ol82536w,work,Harry Potter and the Prisoner of Azkaban,,,available,1999,,high,"Open Library (openlibrary.org), retrieved 2026-10-04; CC0 1.0, attribution appreciated; earliest edition publish_date 1999 across 279 catalogued editions"
ol:ol82537w,work,Harry Potter and the Chamber of Secrets,,,available,1998,,high,"Open Library (openlibrary.org), retrieved 2026-10-04; CC0 1.0, attribution appreciated; earliest edition publish_date 1998 across 306 catalogued editions"
ol:ol82548w,work,Harry Potter and the Order of the Phoenix,,,available,2003,,high,"Open Library (openlibrary.org), retrieved 2026-10-04; CC0 1.0, attribution appreciated; earliest edition publish_date 2003 across 247 catalogued editions"
ol:ol82560w,work,Harry Potter and the Goblet of Fire,,,available,2000,,high,"Open Library (openlibrary.org), retrieved 2026-10-04; CC0 1.0, attribution appreciated; earliest edition publish_date 2000 across 244 catalogued editions"
ol:ol82563w,work,Harry Potter and the Philosopher's Stone,,,available,1997,,high,"Open Library (openlibrary.org), retrieved 2026-10-04; CC0 1.0, attribution appreciated; earliest edition publish_date 1997 across 400 catalogued editions"
ol:ol82565w,work,Harry Potter and the Half-Blood Prince,,,available,2005,,high,"Open Library (openlibrary.org), retrieved 2026-10-04; CC0 1.0, attribution appreciated; earliest edition publish_date 2005 across 177 catalogued editions"
ol:ol82586w,work,Harry Potter and the Deathly Hallows,,,available,2007,,high,"Open Library (openlibrary.org), retrieved 2026-10-04; CC0 1.0, attribution appreciated; earliest edition publish_date 2007 across 144 catalogued editions"
ol:ol82664w,work,The Killer Angels,,,available,1974,,high,"Open Library (openlibrary.org), retrieved 2026-10-04; CC0 1.0, attribution appreciated; earliest edition publish_date 1974 across 54 catalogued editions"
ol:ol8269770w,work,The Happy Prince and other tales,,,available,1888,,high,"Open Library (openlibrary.org), retrieved 2026-10-04; CC0 1.0, attribution appreciated; earliest edition publish_date 1888 across 508 catalogued editions"
ol:ol8273964w,work,Nicomachean Ethics,,,available,1558,,high,"Open Library (openlibrary.org), retrieved 2026-10-04; CC0 1.0, attribution appreciated; earliest edition publish_date 1558 across 416 catalogued editions"
ol:ol8284376w,work,Sherlock Holmes Selected Stories [11 stories],,,available,1951,,high,"Open Library (openlibrary.org), retrieved 2026-10-04; CC0 1.0, attribution appreciated; earliest edition publish_date 1951 across 16 catalogued editions"
ol:ol82851w,work,Collected Stories of William Faulkner,,,available,1934,,high,"Open Library (openlibrary.org), retrieved 2026-10-04; CC0 1.0, attribution appreciated; earliest edition publish_date 1934 across 20 catalogued editions"
ol:ol83012w,work,Winnetou,,,available,1893,,high,"Open Library (openlibrary.org), retrieved 2026-10-04; CC0 1.0, attribution appreciated; earliest edition publish_date 1893 across 80 catalogued editions"
ol:ol83881w,work,Fifty-one tales,,,available,1915,,high,"Open Library (openlibrary.org), retrieved 2026-10-04; CC0 1.0, attribution appreciated; earliest edition publish_date 1915 across 179 catalogued editions"
ol:ol8444981w,work,The Elusive Pimpernel (Scarlet Pimpernel),,,available,1908,,high,"Open Library (openlibrary.org), retrieved 2026-10-04; CC0 1.0, attribution appreciated; earliest edition publish_date 1908 across 327 catalogued editions"
ol:ol846543w,work,O mandarim,,,available,1889,,high,"Open Library (openlibrary.org), retrieved 2026-10-04; CC0 1.0, attribution appreciated; earliest edition publish_date 1889 across 59 catalogued editions"
ol:ol846552w,work,Cidade e as serras,,,available,1900,,high,"Open Library (openlibrary.org), retrieved 2026-10-04; CC0 1.0, attribution appreciated; earliest edition publish_date 1900 across 55 catalogued editions"
ol:ol84778w,work,Point Blanc,,,available,2001,,high,"Open Library (openlibrary.org), retrieved 2026-10-04; CC0 1.0, attribution appreciated; earliest edition publish_date 2001 across 49 catalogued editions"
ol:ol8479867w,work,The Name of the Wind,,,available,2007,,high,"Open Library (openlibrary.org), retrieved 2026-10-04; CC0 1.0, attribution appreciated; earliest edition publish_date 2007 across 76 catalogued editions"
ol:ol85056w,work,Les contes drôlatiques,,,available,1855,,high,"Open Library (openlibrary.org), retrieved 2026-10-04; CC0 1.0, attribution appreciated; earliest edition publish_date 1855 across 140 catalogued editions"
ol:ol857541w,work,La casa verde,,,available,1966,,high,"Open Library (openlibrary.org), retrieved 2026-10-04; CC0 1.0, attribution appreciated; earliest edition publish_date 1966 across 87 catalogued editions"
ol:ol85864w,work,"Dracula's guest, and other weird stories",,,available,1914,,high,"Open Library (openlibrary.org), retrieved 2026-10-04; CC0 1.0, attribution appreciated; earliest edition publish_date 1914 across 171 catalogued editions"
ol:ol85875w,work,Bram Stoker's Dracula omnibus,,,available,1897,,high,"Open Library (openlibrary.org), retrieved 2026-10-04; CC0 1.0, attribution appreciated; earliest edition publish_date 1897 across 598 catalogued editions"
ol:ol85889w,work,Dracula's Guest and Other Weird Stories,,,available,1937,,high,"Open Library (openlibrary.org), retrieved 2026-10-04; CC0 1.0, attribution appreciated; earliest edition publish_date 1937 across 387 catalogued editions"
ol:ol85891w,work,The Jewel of Seven Stars,,,available,1902,,high,"Open Library (openlibrary.org), retrieved 2026-10-04; CC0 1.0, attribution appreciated; earliest edition publish_date 1902 across 653 catalogued editions"
ol:ol85892w,work,Dracula,,,available,1897,,high,"Open Library (openlibrary.org), retrieved 2026-10-04; CC0 1.0, attribution appreciated; earliest edition publish_date 1897 across 1918 catalogued editions"
ol:ol86318w,work,Ulysses,,,available,1914,,high,"Open Library (openlibrary.org), retrieved 2026-10-04; CC0 1.0, attribution appreciated; earliest edition publish_date 1914 across 612 catalogued editions"
ol:ol86320w,work,Dubliners,,,available,1914,,high,"Open Library (openlibrary.org), retrieved 2026-10-04; CC0 1.0, attribution appreciated; earliest edition publish_date 1914 across 997 catalogued editions"
ol:ol86334w,work,The Portable James Joyce,,,available,1947,,high,"Open Library (openlibrary.org), retrieved 2026-10-04; CC0 1.0, attribution appreciated; earliest edition publish_date 1947 across 28 catalogued editions"
ol:ol86343w,work,A Portrait of the Artist as a Young Man,,,available,1818,,high,"Open Library (openlibrary.org), retrieved 2026-10-04; CC0 1.0, attribution appreciated; earliest edition publish_date 1818 across 765 catalogued editions"
ol:ol863587w,work,Rob Roy,,,available,1817,,high,"Open Library (openlibrary.org), retrieved 2026-10-04; CC0 1.0, attribution appreciated; earliest edition publish_date 1817 across 380 catalogued editions"
ol:ol863795w,work,The Talisman,,,available,1800,,high,"Open Library (openlibrary.org), retrieved 2026-10-04; CC0 1.0, attribution appreciated; earliest edition publish_date 1800 across 77 catalogued editions"
ol:ol863808w,work,Ivanhoe,,,available,1800,,high,"Open Library (openlibrary.org), retrieved 2026-10-04; CC0 1.0, attribution appreciated; earliest edition publish_date 1800 across 481 catalogued editions"
ol:ol8662242w,work,David Copperfield,,,available,1800,,high,"Open Library (openlibrary.org), retrieved 2026-10-04; CC0 1.0, attribution appreciated; earliest edition publish_date 1800 across 846 catalogued editions"
ol:ol8718786w,work,Perdido Street Station,,,available,2000,,high,"Open Library (openlibrary.org), retrieved 2026-10-04; CC0 1.0, attribution appreciated; earliest edition publish_date 2000 across 22 catalogued editions"
ol:ol8721462w,work,Great Expectations,,,available,1861,,high,"Open Library (openlibrary.org), retrieved 2026-10-04; CC0 1.0, attribution appreciated; earliest edition publish_date 1861 across 1489 catalogued editions"
ol:ol8722827w,work,El Dorado,,,available,1913,,high,"Open Library (openlibrary.org), retrieved 2026-10-04; CC0 1.0, attribution appreciated; earliest edition publish_date 1913 across 246 catalogued editions"
ol:ol872932w,work,Siddhartha,,,available,1922,,high,"Open Library (openlibrary.org), retrieved 2026-10-04; CC0 1.0, attribution appreciated; earliest edition publish_date 1922 across 206 catalogued editions"
ol:ol875437w,work,The Perks of Being a Wallflower,,,available,1999,,high,"Open Library (openlibrary.org), retrieved 2026-10-04; CC0 1.0, attribution appreciated; earliest edition publish_date 1999 across 51 catalogued editions"
ol:ol8763148w,work,The mystery of Edwin Drood,,,available,1870,,high,"Open Library (openlibrary.org), retrieved 2026-10-04; CC0 1.0, attribution appreciated; earliest edition publish_date 1870 across 598 catalogued editions"
ol:ol876504w,work,Seta,,,available,1920,,high,"Open Library (openlibrary.org), retrieved 2026-10-04; CC0 1.0, attribution appreciated; earliest edition publish_date 1920 across 55 catalogued editions"
ol:ol88599w,work,"The king of the Golden River; or, The black brothers",,,available,1839,,high,"Open Library (openlibrary.org), retrieved 2026-10-04; CC0 1.0, attribution appreciated; earliest edition publish_date 1839 across 235 catalogued editions"
ol:ol88800w,work,The Machine Stops,,,available,1909,,high,"Open Library (openlibrary.org), retrieved 2026-10-04; CC0 1.0, attribution appreciated; earliest edition publish_date 1909 across 311 catalogued editions"
ol:ol88813w,work,A Room with a View,,,available,1905,,high,"Open Library (openlibrary.org), retrieved 2026-10-04; CC0 1.0, attribution appreciated; earliest edition publish_date 1905 across 755 catalogued editions"
ol:ol88876w,work,Where Angels Fear to Tread,,,available,1920,,high,"Open Library (openlibrary.org), retrieved 2026-10-04; CC0 1.0, attribution appreciated; earliest edition publish_date 1920 across 382 catalogued editions"
ol:ol88877w,work,Maurice,,,available,1971,,high,"Open Library (openlibrary.org), retrieved 2026-10-04; CC0 1.0, attribution appreciated; earliest edition publish_date 1971 across 59 catalogued editions"
ol:ol88881w,work,Howards End,,,available,1910,,high,"Open Library (openlibrary.org), retrieved 2026-10-04; CC0 1.0, attribution appreciated; earliest edition publish_date 1910 across 498 catalogued editions"
ol:ol890896w,work,Goldsmith's The vicar of Wakefield,,,available,1766,,high,"Open Library (openlibrary.org), retrieved 2026-10-04; CC0 1.0, attribution appreciated; earliest edition publish_date 1766 across 609 catalogued editions"
ol:ol892515w,work,Greybeard,,,available,1964,,high,"Open Library (openlibrary.org), retrieved 2026-10-04; CC0 1.0, attribution appreciated; earliest edition publish_date 1964 across 26 catalogued editions"
ol:ol893414w,work,Dune,,,available,1965,,high,"Open Library (openlibrary.org), retrieved 2026-10-04; CC0 1.0, attribution appreciated; earliest edition publish_date 1965 across 155 catalogued editions"
ol:ol893461w,work,Dune Messiah,,,available,1969,,high,"Open Library (openlibrary.org), retrieved 2026-10-04; CC0 1.0, attribution appreciated; earliest edition publish_date 1969 across 101 catalogued editions"
ol:ol893707w,work,Madame Bovary,,,available,1856,,high,"Open Library (openlibrary.org), retrieved 2026-10-04; CC0 1.0, attribution appreciated; earliest edition publish_date 1856 across 1558 catalogued editions"
ol:ol893958w,work,Salammbô,,,available,1863,,high,"Open Library (openlibrary.org), retrieved 2026-10-04; CC0 1.0, attribution appreciated; earliest edition publish_date 1863 across 240 catalogued editions"
ol:ol894247w,work,"Over Sea, Under Stone (The Dark Is Rising #1)",,,available,1965,,high,"Open Library (openlibrary.org), retrieved 2026-10-04; CC0 1.0, attribution appreciated; earliest edition publish_date 1965 across 50 catalogued editions"
ol:ol9120857w,work,Дуэль,,,available,1916,,high,"Open Library (openlibrary.org), retrieved 2026-10-04; CC0 1.0, attribution appreciated; earliest edition publish_date 1916 across 32 catalogued editions"
ol:ol9170454w,work,Hamlet,,,available,1603,,high,"Open Library (openlibrary.org), retrieved 2026-10-04; CC0 1.0, attribution appreciated; earliest edition publish_date 1603 across 2377 catalogued editions"
ol:ol927199w,work,The Exorcist,,,available,1971,,high,"Open Library (openlibrary.org), retrieved 2026-10-04; CC0 1.0, attribution appreciated; earliest edition publish_date 1971 across 77 catalogued editions"
ol:ol92777w,work,Bulldog Drummond at bay,,,available,1935,,high,"Open Library (openlibrary.org), retrieved 2026-10-04; CC0 1.0, attribution appreciated; earliest edition publish_date 1935 across 71 catalogued editions"
ol:ol92781w,work,Bulldog Drummond strikes back,,,available,1933,,high,"Open Library (openlibrary.org), retrieved 2026-10-04; CC0 1.0, attribution appreciated; earliest edition publish_date 1933 across 38 catalogued editions"
ol:ol93082w,work,La Divina Commedia,,,available,1472,,high,"Open Library (openlibrary.org), retrieved 2026-10-04; CC0 1.0, attribution appreciated; earliest edition publish_date 1472 across 1339 catalogued editions"
ol:ol931666w,work,The View from Castle Rock,,,available,2006,,high,"Open Library (openlibrary.org), retrieved 2026-10-04; CC0 1.0, attribution appreciated; earliest edition publish_date 2006 across 40 catalogued editions"
ol:ol9323423w,work,Thurber Carnival,,,available,1940,,high,"Open Library (openlibrary.org), retrieved 2026-10-04; CC0 1.0, attribution appreciated; earliest edition publish_date 1940 across 77 catalogued editions"
ol:ol941674w,work,Herr der Diebe,,,available,2000,,high,"Open Library (openlibrary.org), retrieved 2026-10-04; CC0 1.0, attribution appreciated; earliest edition publish_date 2000 across 49 catalogued editions"
ol:ol94858w,work,Skinny Legs and All,,,available,1990,,high,"Open Library (openlibrary.org), retrieved 2026-10-04; CC0 1.0, attribution appreciated; earliest edition publish_date 1990 across 12 catalogued editions"
ol:ol96069w,work,The Last American,,,available,1889,,high,"Open Library (openlibrary.org), retrieved 2026-10-04; CC0 1.0, attribution appreciated; earliest edition publish_date 1889 across 10 catalogued editions"
ol:ol96167w,work,A strange manuscript found in a copper cylinder,,,available,1888,,high,"Open Library (openlibrary.org), retrieved 2026-10-04; CC0 1.0, attribution appreciated; earliest edition publish_date 1888 across 110 catalogued editions"
ol:ol970122w,work,Emil und die Detektive,,,available,1930,,high,"Open Library (openlibrary.org), retrieved 2026-10-04; CC0 1.0, attribution appreciated; earliest edition publish_date 1930 across 90 catalogued editions"
ol:ol98130w,work,Also sprach Zarathustra,,,available,1883,,high,"Open Library (openlibrary.org), retrieved 2026-10-04; CC0 1.0, attribution appreciated; earliest edition publish_date 1883 across 552 catalogued editions"
ol:ol98454w,work,Cat's Cradle,,,available,1963,,high,"Open Library (openlibrary.org), retrieved 2026-10-04; CC0 1.0, attribution appreciated; earliest edition publish_date 1963 across 87 catalogued editions"
ol:ol98459w,work,Slaughterhouse-Five,,,available,1956,,high,"Open Library (openlibrary.org), retrieved 2026-10-04; CC0 1.0, attribution appreciated; earliest edition publish_date 1956 across 141 catalogued editions"
ol:ol98491w,work,The Age of Innocence,,,available,1920,,high,"Open Library (openlibrary.org), retrieved 2026-10-04; CC0 1.0, attribution appreciated; earliest edition publish_date 1920 across 301 catalogued editions"
ol:ol98501w,work,Ethan Frome,,,available,1910,,high,"Open Library (openlibrary.org), retrieved 2026-10-04; CC0 1.0, attribution appreciated; earliest edition publish_date 1910 across 1000 catalogued editions"
ol:ol98580w,work,The Glimpses of the Moon,,,available,1922,,high,"Open Library (openlibrary.org), retrieved 2026-10-04; CC0 1.0, attribution appreciated; earliest edition publish_date 1922 across 46 catalogued editions"
ol:ol98585w,work,The Custom of the Country,,,available,1900,,high,"Open Library (openlibrary.org), retrieved 2026-10-04; CC0 1.0, attribution appreciated; earliest edition publish_date 1900 across 94 catalogued editions"
ol:ol98587w,work,The House of Mirth,,,available,1905,,high,"Open Library (openlibrary.org), retrieved 2026-10-04; CC0 1.0, attribution appreciated; earliest edition publish_date 1905 across 694 catalogued editions"
ol:ol989065w,work,Les Dieux Ont Soif,,,available,1900,,high,"Open Library (openlibrary.org), retrieved 2026-10-04; CC0 1.0, attribution appreciated; earliest edition publish_date 1900 across 86 catalogued editions"
ol:ol99499w,work,Five Children and It,,,available,1905,,high,"Open Library (openlibrary.org), retrieved 2026-10-04; CC0 1.0, attribution appreciated; earliest edition publish_date 1905 across 950 catalogued editions"
ol:ol99509w,work,The Railway Children,,,available,1900,,high,"Open Library (openlibrary.org), retrieved 2026-10-04; CC0 1.0, attribution appreciated; earliest edition publish_date 1900 across 985 catalogued editions"
ol:ol99513w,work,Wet Magic,,,available,1937,,high,"Open Library (openlibrary.org), retrieved 2026-10-04; CC0 1.0, attribution appreciated; earliest edition publish_date 1937 across 166 catalogued editions"
ol:ol99529w,work,The Book of Dragons,,,available,1973,,high,"Open Library (openlibrary.org), retrieved 2026-10-04; CC0 1.0, attribution appreciated; earliest edition publish_date 1973 across 706 catalogued editions"
ol:ol99535w,work,The Magic City,,,available,1910,,high,"Open Library (openlibrary.org), retrieved 2026-10-04; CC0 1.0, attribution appreciated; earliest edition publish_date 1910 across 445 catalogued editions"
ol:ol99539w,work,The Phoenix and the Carpet,,,available,1903,,high,"Open Library (openlibrary.org), retrieved 2026-10-04; CC0 1.0, attribution appreciated; earliest edition publish_date 1903 across 438 catalogued editions"
ol:ol99541w,work,The Enchanted Castle,,,available,1907,,high,"Open Library (openlibrary.org), retrieved 2026-10-04; CC0 1.0, attribution appreciated; earliest edition publish_date 1907 across 478 catalogued editions"
ol:ol9973101w,work,The Long Walk,,,available,1979,,high,"Open Library (openlibrary.org), retrieved 2026-10-04; CC0 1.0, attribution appreciated; earliest edition publish_date 1979 across 39 catalogued editions"
ol:ol999053w,work,The Wave,,,available,1981,,high,"Open Library (openlibrary.org), retrieved 2026-10-04; CC0 1.0, attribution appreciated; earliest edition publish_date 1981 across 41 catalogued editions"
