entity_id,entity_type,canonical_name,aliases,description,relation,start_year,end_year,confidence,notes
edh:hd000001,work,"Epitaph from Cumae, bei - Cuma, bei",,"Latin epitaph; EDH HD000001 from Cumae, bei - Cuma, bei; monument type: Tafel; material: Marmor, geädert / farbig; transcription: D(is) M(anibus) / Noniae P(ubli) f(iliae) Optatae / et C(aio) Iulio Artemoni / parentibus / libertis libertabusque / pos...",available,71,,medium,"Source: Epigraphic Database Heidelberg (https://edh.ub.uni-heidelberg.de), inscription HD000001, retrieved 2026-10-04; inscription type: titulus sepulcralis (EDH genre 'titsep'); province: Latium et Campania (Regio I) (EDH code LaC); EDH dating: not before 71 CE, not after 130 CE (59-year window); astronomical start_year 71. Data licence CC BY-SA 4.0."
edh:hd000002,work,Epitaph from Roma - Roma,,Latin epitaph; EDH HD000002 from Roma - Roma; monument type: Tafel; material: Marmor; transcription: C(aius) Sextius Paris / qui vixit / annis LXX,available,51,,medium,"Source: Epigraphic Database Heidelberg (https://edh.ub.uni-heidelberg.de), inscription HD000002, retrieved 2026-10-04; inscription type: titulus sepulcralis (EDH genre 'titsep'); province: Roma (EDH code Rom); EDH dating: not before 51 CE, not after 200 CE (149-year window); astronomical start_year 51. Data licence CC BY-SA 4.0. Caveats: wide EDH dating window (149 years)."
edh:hd000003,work,Honorific inscription from Tomares,,Latin honorific inscription; EDH HD000003 from Tomares; monument type: Statuenbasis; material: Marmor; transcription: [P(ublio) M]ummio [P(ubli) f(ilio)] / [Gal(eria) S]isenna[e Ru]/[tiliano] Xv[ir(o) stli]/[tibus iudicandis ---] / [&,available,131,,medium,"Source: Epigraphic Database Heidelberg (https://edh.ub.uni-heidelberg.de), inscription HD000003, retrieved 2026-10-04; inscription type: titulus honorarius (EDH genre 'tithon'); province: Baetica (EDH code Bae); EDH dating: not before 131 CE, not after 170 CE (39-year window); astronomical start_year 131. Data licence CC BY-SA 4.0."
edh:hd000004,work,Votive inscription from Ipolcobulcula - Carcabuey,,Latin votive inscription; EDH HD000004 from Ipolcobulcula - Carcabuey; monument type: Altar; material: Kalkstein; transcription: [---?]AV(?)S(?)[---]L(?)L(?)A / M(arci) Porci Nigri ser(va) / dominae Veneri / aram posuit,available,151,,medium,"Source: Epigraphic Database Heidelberg (https://edh.ub.uni-heidelberg.de), inscription HD000004, retrieved 2026-10-04; inscription type: titulus votivus (EDH genre 'titsac'); province: Baetica (EDH code Bae); EDH dating: not before 151 CE, not after 200 CE (49-year window); astronomical start_year 151. Data licence CC BY-SA 4.0."
edh:hd000005,work,Epitaph from Roma - Roma,,Latin epitaph; EDH HD000005 from Roma - Roma; monument type: Stele; transcription: [---] l(ibertus) Successus / [---] L(uci) l(ibertus) Irenaeus / [---] C(ai) l(iberta) Tyches(!) / [---]unt / [--- me]ren...,available,1,,medium,"Source: Epigraphic Database Heidelberg (https://edh.ub.uni-heidelberg.de), inscription HD000005, retrieved 2026-10-04; inscription type: titulus sepulcralis (EDH genre 'titsep'); province: Roma (EDH code Rom); EDH dating: not before 1 CE, not after 200 CE (199-year window); astronomical start_year 1. Data licence CC BY-SA 4.0. Caveats: wide EDH dating window (199 years)."
edh:hd000006,work,"Epitaph from Sabora, bei - Cañete la Real",,"Latin epitaph; EDH HD000006 from Sabora, bei - Cañete la Real; monument type: Stele; material: Kalkstein; transcription: D(is) M(anibus) s(acrum) // Memmia Auctin[a] / an(norum) LXX pia in suis / h(ic) s(ita) e(st) s(it) t(ibi) te[r(ra)] l(e...",available,71,,medium,"Source: Epigraphic Database Heidelberg (https://edh.ub.uni-heidelberg.de), inscription HD000006, retrieved 2026-10-04; inscription type: titulus sepulcralis (EDH genre 'titsep'); province: Baetica (EDH code Bae); EDH dating: not before 71 CE, not after 150 CE (79-year window); astronomical start_year 71. Data licence CC BY-SA 4.0."
edh:hd000007,work,Epitaph from Roma - Roma,,Latin epitaph; EDH HD000007 from Roma - Roma; monument type: Tafel; material: Travertin; transcription: Clodia M(arci) f(ilia),available,-99,,medium,"Source: Epigraphic Database Heidelberg (https://edh.ub.uni-heidelberg.de), inscription HD000007, retrieved 2026-10-04; inscription type: titulus sepulcralis (EDH genre 'titsep'); province: Roma (EDH code Rom); EDH dating: not before 100 BCE, not after 51 BCE (49-year window); astronomical start_year -99. Data licence CC BY-SA 4.0."
edh:hd000008,work,Epitaph from Roma? - Roma?,,Latin epitaph; EDH HD000008 from Roma? - Roma?; monument type: Tafel; material: Marmor; transcription: D(is) M(anibus) / C(aio) Satrio Xantho / C(ai) Satri Rufi lib(erto) / decuriali lictorio / Satria Nymphidia marito / opt...,available,101,,medium,"Source: Epigraphic Database Heidelberg (https://edh.ub.uni-heidelberg.de), inscription HD000008, retrieved 2026-10-04; inscription type: titulus sepulcralis (EDH genre 'titsep'); province: unknown province code 'Rom?' (EDH code Rom?); EDH dating: not before 101 CE, not after 200 CE (99-year window); astronomical start_year 101. Data licence CC BY-SA 4.0."
edh:hd000009,work,Defixio from Aquae Sulis - Bath,,"Latin defixio; EDH HD000009 from Aquae Sulis - Bath; monument type: Tessera; material: Blei, Zinn; transcription: ABCDEFX",available,201,,medium,"Source: Epigraphic Database Heidelberg (https://edh.ub.uni-heidelberg.de), inscription HD000009, retrieved 2026-10-04; inscription type: defixio (EDH genre 'titdefix'); province: Britannia (EDH code Bri); EDH dating: not before 201 CE, not after 300 CE (99-year window); astronomical start_year 201. Data licence CC BY-SA 4.0."
edh:hd000010,work,Epitaph from Ariminum - Rimini,,Latin epitaph; EDH HD000010 from Ariminum - Rimini; monument type: Urne; transcription: D(is) M(anibus) / L(uci) Asini Poli / Secundus / et Orphaeus / lib(erti) p(atrono) b(ene) m(erenti),available,101,,medium,"Source: Epigraphic Database Heidelberg (https://edh.ub.uni-heidelberg.de), inscription HD000010, retrieved 2026-10-04; inscription type: titulus sepulcralis (EDH genre 'titsep'); province: Aemilia (Regio VIII) (EDH code Aem); EDH dating: not before 101 CE, not after 200 CE (99-year window); astronomical start_year 101. Data licence CC BY-SA 4.0."
edh:hd000011,work,Epitaph from Roma - Roma,,Latin epitaph; EDH HD000011 from Roma - Roma; monument type: Stele; material: Marmor; transcription: Vetus / Neronis Claud(i) / Caesar(is) Aug(usti) / corp(oris) cus(tos) n[atione] / Ba[ta(v)us ---] / [&,available,54,,high,"Source: Epigraphic Database Heidelberg (https://edh.ub.uni-heidelberg.de), inscription HD000011, retrieved 2026-10-04; inscription type: titulus sepulcralis (EDH genre 'titsep'); province: Latium et Campania (Regio I) (EDH code LaC); EDH dating: not before 54 CE, not after 68 CE (14-year window); astronomical start_year 54. Data licence CC BY-SA 4.0."
edh:hd000012,work,Defixio from Aquae Sulis - Bath,,Latin defixio; EDH HD000012 from Aquae Sulis - Bath; monument type: Tafel; material: Blei; transcription: Primurudem // Basilia donat in templum Martis ani/lum(!) argenteum si servus si liber / m(e)dius fuerit vel aliquid de h...,available,301,,medium,"Source: Epigraphic Database Heidelberg (https://edh.ub.uni-heidelberg.de), inscription HD000012, retrieved 2026-10-04; inscription type: defixio (EDH genre 'titdefix'); province: Britannia (EDH code Bri); EDH dating: not before 301 CE, not after 400 CE (99-year window); astronomical start_year 301. Data licence CC BY-SA 4.0."
edh:hd000013,work,"Epitaph from Portus, bei - Fiumicino",,"Latin epitaph; EDH HD000013 from Portus, bei - Fiumicino; monument type: Tafel; material: Marmor; transcription: D(is) M(anibus) // Salbiae(!) Impe{s}trat[ae] / coniugi piae bene mer[enti] / quae vixit an(nos) XXXXII m(enses) [---] /...",available,201,,medium,"Source: Epigraphic Database Heidelberg (https://edh.ub.uni-heidelberg.de), inscription HD000013, retrieved 2026-10-04; inscription type: titulus sepulcralis (EDH genre 'titsep'); province: Latium et Campania (Regio I) (EDH code LaC); EDH dating: not before 201 CE, not after 300 CE (99-year window); astronomical start_year 201. Data licence CC BY-SA 4.0."
edh:hd000014,work,Votive inscription from Cañales de la Sierra,,Latin votive inscription; EDH HD000014 from Cañales de la Sierra; monument type: Block; material: Kalkstein; transcription: Fortunae / Augusti / Licinia / Paterna A/ureliani fil[i]/a in mem/oriam sib[i] / et suuis(!),available,68,,medium,"Source: Epigraphic Database Heidelberg (https://edh.ub.uni-heidelberg.de), inscription HD000014, retrieved 2026-10-04; inscription type: titulus votivus (EDH genre 'titsac'); province: Hispania citerior (EDH code HiC); EDH dating: not before 68 CE, not after 96 CE (28-year window); astronomical start_year 68. Data licence CC BY-SA 4.0."
edh:hd000015,work,Votive inscription from Alvarães,,Latin votive inscription; EDH HD000015 from Alvarães; monument type: Altar; material: Granit; transcription: [---]ivo / Vestero / Val(eria) Rufa / ex voto / posuit,available,1,,medium,"Source: Epigraphic Database Heidelberg (https://edh.ub.uni-heidelberg.de), inscription HD000015, retrieved 2026-10-04; inscription type: titulus votivus (EDH genre 'titsac'); province: Hispania citerior (EDH code HiC); EDH dating: not before 1 CE, not after 300 CE (299-year window); astronomical start_year 1. Data licence CC BY-SA 4.0. Caveats: wide EDH dating window (299 years)."
edh:hd000016,work,Epitaph from Roma - Roma,,Latin epitaph; EDH HD000016 from Roma - Roma; monument type: Tafel; material: Marmor; transcription: D(is) M(anibus) / hic situs est / M(arcus) Ulpius An/tiochus isa/gogus,available,101,,medium,"Source: Epigraphic Database Heidelberg (https://edh.ub.uni-heidelberg.de), inscription HD000016, retrieved 2026-10-04; inscription type: titulus sepulcralis (EDH genre 'titsep'); province: Roma (EDH code Rom); EDH dating: not before 101 CE, not after 150 CE (49-year window); astronomical start_year 101. Data licence CC BY-SA 4.0."
edh:hd000017,work,Owner/artist inscription from Aguilas,,Latin owner/artist inscription; EDH HD000017 from Aguilas; monument type: Barren; material: Blei; transcription: Q(uinti) Sei P(ubli) f(ilii) Men(enia) Postumi // AI,available,-69,,medium,"Source: Epigraphic Database Heidelberg (https://edh.ub.uni-heidelberg.de), inscription HD000017, retrieved 2026-10-04; inscription type: titulus possessorius/fabrilis (EDH genre 'titpossfabr'); province: Hispania citerior (EDH code HiC); EDH dating: not before 70 BCE, not after 1 BCE (69-year window); astronomical start_year -69. Data licence CC BY-SA 4.0."
edh:hd000018,work,Votive inscription from Refojos de Lima,,Latin votive inscription; EDH HD000018 from Refojos de Lima; monument type: Altar; material: Granit; transcription: Aur(elius)(?) Fla/vus(?) Lar/i Cari[e]co / votum / [libe]ns / [so]lvit,available,1,,medium,"Source: Epigraphic Database Heidelberg (https://edh.ub.uni-heidelberg.de), inscription HD000018, retrieved 2026-10-04; inscription type: titulus votivus (EDH genre 'titsac'); province: Hispania citerior (EDH code HiC); EDH dating: not before 1 CE, not after 300 CE (299-year window); astronomical start_year 1. Data licence CC BY-SA 4.0. Caveats: wide EDH dating window (299 years)."
edh:hd000019,work,Epitaph from Roma - Roma,,Latin epitaph; EDH HD000019 from Roma - Roma; monument type: Tafel; transcription: [D(is)] M(anibus) / [--- ia?]tromae / [cariss]imae et / [sanct]issimae / [bene m]erenti / [--- co]nser(vae) / [&,available,101,,medium,"Source: Epigraphic Database Heidelberg (https://edh.ub.uni-heidelberg.de), inscription HD000019, retrieved 2026-10-04; inscription type: titulus sepulcralis (EDH genre 'titsep'); province: Roma (EDH code Rom); EDH dating: not before 101 CE, not after 200 CE (99-year window); astronomical start_year 101. Data licence CC BY-SA 4.0."
edh:hd000020,work,Owner/artist inscription from La Gacha,,Latin owner/artist inscription; EDH HD000020 from La Gacha; monument type: Barren; material: Blei; transcription: [---] Picae,available,-69,,medium,"Source: Epigraphic Database Heidelberg (https://edh.ub.uni-heidelberg.de), inscription HD000020, retrieved 2026-10-04; inscription type: titulus possessorius/fabrilis (EDH genre 'titpossfabr?'); genre attribution uncertain in EDH; province: Hispania citerior (EDH code HiC); EDH dating: not before 70 BCE, not after 1 BCE (69-year window); astronomical start_year -69. Data licence CC BY-SA 4.0."
edh:hd000021,work,"Honorific inscription from Siarum, bei - Los Palacios y Villafranca",,"Latin honorific inscription; EDH HD000021 from Siarum, bei - Los Palacios y Villafranca; monument type: Statuenbasis; material: Marmor; transcription: M(arco) Messio M(arci) f(ilio) / Gal(eria) Rusticiano / Aemilio Lepido Iulio / Celso Balbino Arrio / Proculo trib(uno) p...",available,143,,high,"Source: Epigraphic Database Heidelberg (https://edh.ub.uni-heidelberg.de), inscription HD000021, retrieved 2026-10-04; inscription type: titulus honorarius (EDH genre 'tithon'); province: Baetica (EDH code Bae); EDH dating: not before 143 CE, not after 145 CE (2-year window); astronomical start_year 143. Data licence CC BY-SA 4.0."
edh:hd000022,work,Epitaph from Roma - Roma,,Latin epitaph; EDH HD000022 from Roma - Roma; monument type: Stele; material: Travertin; transcription: V(ivus) P(ublius) Helvacius / C(ai et) P(ubli) l(ibertus) Abies / Nonia T(iti) f(ilia) Secund(a) / @(obitus) P(ublius) H...,available,-29,,medium,"Source: Epigraphic Database Heidelberg (https://edh.ub.uni-heidelberg.de), inscription HD000022, retrieved 2026-10-04; inscription type: titulus sepulcralis (EDH genre 'titsep'); province: Roma (EDH code Rom); EDH dating: not before 30 BCE, not after 1 BCE (29-year window); astronomical start_year -29. Data licence CC BY-SA 4.0."
edh:hd000023,work,Epitaph from Roma - Roma,,Latin epitaph; EDH HD000023 from Roma - Roma; monument type: Stele; material: Marmor; transcription: D(is) M(anibus) / co(n)iuci / Tertiolo / baene(!) mere/nti Ponticilla / fecit,available,201,,medium,"Source: Epigraphic Database Heidelberg (https://edh.ub.uni-heidelberg.de), inscription HD000023, retrieved 2026-10-04; inscription type: titulus sepulcralis (EDH genre 'titsep'); province: Roma (EDH code Rom); EDH dating: not before 201 CE, not after 230 CE (29-year window); astronomical start_year 201. Data licence CC BY-SA 4.0."
edh:hd000024,work,"Mile-/Leaguestone from Bracara Augusta - Lucus Augusti, inter - Romarigães",,"Latin mile-/leaguestone; EDH HD000024 from Bracara Augusta - Lucus Augusti, inter - Romarigães; monument type: Meilenstein; material: Granit; transcription: D(omino) n(ostro) / Valentin[iano] / victori ac triumphatori [perp(etuo)] / semper Au[g(usto)] / milia pas(suum) XX[&",available,364,,high,"Source: Epigraphic Database Heidelberg (https://edh.ub.uni-heidelberg.de), inscription HD000024, retrieved 2026-10-04; inscription type: miliarium (EDH genre 'miliarium'); province: Hispania citerior (EDH code HiC); EDH dating: not before 364 CE, not after 375 CE (11-year window); astronomical start_year 364. Data licence CC BY-SA 4.0."
edh:hd000025,work,Epitaph from Roma - Roma,,Latin epitaph; EDH HD000025 from Roma - Roma; monument type: Stele; material: Travertin; transcription: Quartioni / C(ai) Licini / Frugi pius / fuit,available,-29,,medium,"Source: Epigraphic Database Heidelberg (https://edh.ub.uni-heidelberg.de), inscription HD000025, retrieved 2026-10-04; inscription type: titulus sepulcralis (EDH genre 'titsep'); province: Roma (EDH code Rom); EDH dating: not before 30 BCE, not after 30 CE (60-year window); astronomical start_year -29. Data licence CC BY-SA 4.0."
edh:hd000026,work,Epitaph from Roma - Roma,,Latin epitaph; EDH HD000026 from Roma - Roma; monument type: Stele?; material: Marmor; transcription: D(is) M(anibus) / P(ubli) Mani[li?] / Zosimi / fil(io) pient[is(simo)] / b(ene) m(erenti) fe[c(it)],available,51,,medium,"Source: Epigraphic Database Heidelberg (https://edh.ub.uni-heidelberg.de), inscription HD000026, retrieved 2026-10-04; inscription type: titulus sepulcralis (EDH genre 'titsep'); province: Roma (EDH code Rom); EDH dating: not before 51 CE, not after 100 CE (49-year window); astronomical start_year 51. Data licence CC BY-SA 4.0."
edh:hd000027,work,Votive inscription from Italica - Santiponce,,Latin votive inscription; EDH HD000027 from Italica - Santiponce; monument type: Block; material: Marmor; transcription: M(arcus) Cassius Ser(gia) Caecili[anus] / flamen perpetuus divi Traiani flaminalis provin[ciae] / Baeticae statuas quae ...,available,118,,medium,"Source: Epigraphic Database Heidelberg (https://edh.ub.uni-heidelberg.de), inscription HD000027, retrieved 2026-10-04; inscription type: titulus votivus (EDH genre 'titsac'); province: Baetica (EDH code Bae); EDH dating: not before 118 CE, not after 200 CE (82-year window); astronomical start_year 118. Data licence CC BY-SA 4.0."
edh:hd000028,work,Epitaph from Roma? - Roma?,,Latin epitaph; EDH HD000028 from Roma? - Roma?; material: Travertin; transcription: M(arcus) [---]A[-] / Q(uinti et) M(arci) l(ibertus) Sura / C(aio) Arruntio / Philocle / filatrei(!) suo / in front(e) p(...,available,-99,,medium,"Source: Epigraphic Database Heidelberg (https://edh.ub.uni-heidelberg.de), inscription HD000028, retrieved 2026-10-04; inscription type: titulus sepulcralis (EDH genre 'titsep'); province: unknown province code 'Rom?' (EDH code Rom?); EDH dating: not before 100 BCE, not after 30 BCE (70-year window); astronomical start_year -99. Data licence CC BY-SA 4.0."
edh:hd000029,work,Epitaph from Roma - Roma,,Latin epitaph; EDH HD000029 from Roma - Roma; monument type: Tafel; material: Marmor; transcription: D(is) M(anibus) / Claudio Pal/lanti filio / dulcissimo / qui vix(it) an/nis XVIII m(ensibus) V[---] / [&,available,201,,medium,"Source: Epigraphic Database Heidelberg (https://edh.ub.uni-heidelberg.de), inscription HD000029, retrieved 2026-10-04; inscription type: titulus sepulcralis (EDH genre 'titsep'); province: Roma (EDH code Rom); EDH dating: not before 201 CE, not after 230 CE (29-year window); astronomical start_year 201. Data licence CC BY-SA 4.0."
edh:hd000030,work,Votive inscription from Italica - Santiponce,,Latin votive inscription; EDH HD000030 from Italica - Santiponce; monument type: Block; material: Marmor; transcription: Apollini Aug(usto) sacr(um) / M(arcus) Sentius M(arci) f(ilius) Serg(ia) Maurianus / Italic(ensis) aedil(is) IIvir augur...,available,131,,medium,"Source: Epigraphic Database Heidelberg (https://edh.ub.uni-heidelberg.de), inscription HD000030, retrieved 2026-10-04; inscription type: titulus votivus (EDH genre 'titsac'); province: Baetica (EDH code Bae); EDH dating: not before 131 CE, not after 170 CE (39-year window); astronomical start_year 131. Data licence CC BY-SA 4.0."
edh:hd000031,work,Epitaph from Roma - Roma,,Latin epitaph; EDH HD000031 from Roma - Roma; material: Kalkstein; transcription: $] / in fro(nte) p(edes) XV / in agr(o) p(edes) XX,available,-99,,medium,"Source: Epigraphic Database Heidelberg (https://edh.ub.uni-heidelberg.de), inscription HD000031, retrieved 2026-10-04; inscription type: titulus sepulcralis (EDH genre 'titsep'); province: Roma (EDH code Rom); EDH dating: not before 100 BCE, not after 100 CE (200-year window); astronomical start_year -99. Data licence CC BY-SA 4.0. Caveats: wide EDH dating window (200 years)."
edh:hd000032,work,"Honorific inscription from Calpurniana?, bei - Cañete de las Torres, bei",,"Latin honorific inscription; EDH HD000032 from Calpurniana?, bei - Cañete de las Torres, bei; monument type: Herme; material: Kalkstein; transcription: Rufo n(ostro) / Princeps / dispens(ator)",available,31,,medium,"Source: Epigraphic Database Heidelberg (https://edh.ub.uni-heidelberg.de), inscription HD000032, retrieved 2026-10-04; inscription type: titulus honorarius (EDH genre 'tithon'); province: Baetica (EDH code Bae); EDH dating: not before 31 CE, not after 70 CE (39-year window); astronomical start_year 31. Data licence CC BY-SA 4.0."
edh:hd000033,work,Epitaph from Roma - Roma,,Latin epitaph; EDH HD000033 from Roma - Roma; monument type: Altar; material: Marmor; transcription: D(is) M(anibus) / L(uci) Sedati Celsi / Artemae Laudiceni(!) / ex Asia viri optimi / T(itus) Statilius Craterus / Maximi...,available,131,,medium,"Source: Epigraphic Database Heidelberg (https://edh.ub.uni-heidelberg.de), inscription HD000033, retrieved 2026-10-04; inscription type: titulus sepulcralis (EDH genre 'titsep'); province: Roma (EDH code Rom); EDH dating: not before 131 CE, not after 170 CE (39-year window); astronomical start_year 131. Data licence CC BY-SA 4.0."
edh:hd000034,work,Votive inscription from unknown findspot,,Latin votive inscription; EDH HD000034 from unknown findspot; monument type: Tessera; material: Bronze; transcription: Coelia Pieris / M(---) v(otum) s(olvit) l(ibens) m(erito) // Choelia(!) Pieris / M(---) v(otum) s(olvit) l(ibens) m(erit...,available,201,,medium,"Source: Epigraphic Database Heidelberg (https://edh.ub.uni-heidelberg.de), inscription HD000034, retrieved 2026-10-04; inscription type: titulus votivus (EDH genre 'titsac'); province: Provincia incerta (EDH code Inc); EDH dating: not before 201 CE, not after 300 CE (99-year window); astronomical start_year 201. Data licence CC BY-SA 4.0."
edh:hd000035,work,"Owner/artist inscription from Iponoba, bei - Cerro del Minguillar, bei",,"Latin owner/artist inscription; EDH HD000035 from Iponoba, bei - Cerro del Minguillar, bei; monument type: instrdom; material: Ton; transcription: P(ublius) Rocius / Cleant(h)us / Iponobensis",available,71,,medium,"Source: Epigraphic Database Heidelberg (https://edh.ub.uni-heidelberg.de), inscription HD000035, retrieved 2026-10-04; inscription type: titulus possessorius/fabrilis (EDH genre 'titpossfabr'); province: Baetica (EDH code Bae); EDH dating: not before 71 CE, not after 200 CE (129-year window); astronomical start_year 71. Data licence CC BY-SA 4.0. Caveats: wide EDH dating window (129 years)."
edh:hd000036,work,Epitaph from Cumae - Cuma,,Latin epitaph; EDH HD000036 from Cumae - Cuma; monument type: Tafel; material: Alabaster; transcription: D(is) M(anibus) / Iul(io) Aplanio Seve/rino qui vixit / annis VIII m(ensibus) VI p(arentes) b(ene) m(erenti) f(ilio),available,201,,medium,"Source: Epigraphic Database Heidelberg (https://edh.ub.uni-heidelberg.de), inscription HD000036, retrieved 2026-10-04; inscription type: titulus sepulcralis (EDH genre 'titsep'); province: Latium et Campania (Regio I) (EDH code LaC); EDH dating: not before 201 CE, not after 300 CE (99-year window); astronomical start_year 201. Data licence CC BY-SA 4.0."
edh:hd000037,work,Owner/artist inscription from Roma - Roma,,Latin owner/artist inscription; EDH HD000037 from Roma - Roma; monument type: instrdom; material: Ton; transcription: In his / pr(a)ediis / Iuli Tarpe/di v(iri) c(larissimi),available,301,,medium,"Source: Epigraphic Database Heidelberg (https://edh.ub.uni-heidelberg.de), inscription HD000037, retrieved 2026-10-04; inscription type: titulus possessorius/fabrilis (EDH genre 'titpossfabr'); province: Roma (EDH code Rom); EDH dating: not before 301 CE, not after 400 CE (99-year window); astronomical start_year 301. Data licence CC BY-SA 4.0."
edh:hd000038,work,"Epitaph from Doña Mencía, bei",,"Latin epitaph; EDH HD000038 from Doña Mencía, bei; monument type: Tafel; material: Marmor; transcription: D(is) M(anibus) [s(acrum)] / Calpurnia [---] / annor(um) XX [--- pia] / in suis h(ic) [s(ita) e(st) s(it) t(ibi) t(erra)...",available,151,,medium,"Source: Epigraphic Database Heidelberg (https://edh.ub.uni-heidelberg.de), inscription HD000038, retrieved 2026-10-04; inscription type: titulus sepulcralis (EDH genre 'titsep'); province: Baetica (EDH code Bae); EDH dating: not before 151 CE, not after 200 CE (49-year window); astronomical start_year 151. Data licence CC BY-SA 4.0."
edh:hd000039,work,Epitaph from Roma - Roma,,Latin epitaph; EDH HD000039 from Roma - Roma; monument type: Tafel; material: Travertin; transcription: L(ucius) Octavius / M(arci) f(ilius) Cor(nelia),available,-69,,medium,"Source: Epigraphic Database Heidelberg (https://edh.ub.uni-heidelberg.de), inscription HD000039, retrieved 2026-10-04; inscription type: titulus sepulcralis (EDH genre 'titsep'); province: Roma (EDH code Rom); EDH dating: not before 70 BCE, not after 31 BCE (39-year window); astronomical start_year -69. Data licence CC BY-SA 4.0."
edh:hd000040,work,Epitaph from Roma - Roma,,Latin epitaph; EDH HD000040 from Roma - Roma; monument type: Urne; material: Marmor; transcription: Aelius Florus mil(es) coh(ortis) V pr(aetoriae) |(centuria) // Vitalis op(tio) kark(eris)(!) / natione Pann(onius) vi/xi...,available,201,,medium,"Source: Epigraphic Database Heidelberg (https://edh.ub.uni-heidelberg.de), inscription HD000040, retrieved 2026-10-04; inscription type: titulus sepulcralis (EDH genre 'titsep'); province: Roma (EDH code Rom); EDH dating: not before 201 CE, not after 300 CE (99-year window); astronomical start_year 201. Data licence CC BY-SA 4.0."
edh:hd000041,work,"Epitaph from Nueva Carteya, bei",,"Latin epitaph; EDH HD000041 from Nueva Carteya, bei; monument type: Stele; material: Kalkstein; transcription: C(aius) Avillius / C(ai) f(ilius) Serg(ia)",available,-49,,medium,"Source: Epigraphic Database Heidelberg (https://edh.ub.uni-heidelberg.de), inscription HD000041, retrieved 2026-10-04; inscription type: titulus sepulcralis (EDH genre 'titsep'); province: Baetica (EDH code Bae); EDH dating: not before 50 BCE, not after 1 BCE (49-year window); astronomical start_year -49. Data licence CC BY-SA 4.0."
edh:hd000042,work,Epitaph from Roma - Roma,,Latin epitaph; EDH HD000042 from Roma - Roma; monument type: Stele; material: Travertin; transcription: Maecia / M(arci) l(iberta) Haline / fecit sibe(!) / [s]uisque / [O]vioque / [So?]dali / [in fr(onte) p(edes)] XIIII / [i...,available,-69,,medium,"Source: Epigraphic Database Heidelberg (https://edh.ub.uni-heidelberg.de), inscription HD000042, retrieved 2026-10-04; inscription type: titulus sepulcralis (EDH genre 'titsep'); province: Roma (EDH code Rom); EDH dating: not before 70 BCE, not after 31 BCE (39-year window); astronomical start_year -69. Data licence CC BY-SA 4.0."
edh:hd000043,work,Epitaph from Roma - Roma,,Latin epitaph; EDH HD000043 from Roma - Roma; monument type: Urne; material: Alabaster; transcription: D(is) M(anibus) / L(ucius) Aur(elius) L(uci) f(ilius) Ael(ia) Diza Se<r=N>dica#Se<r>dica#SENDICA mil(es) coh(ortis) / VI...,available,211,,high,"Source: Epigraphic Database Heidelberg (https://edh.ub.uni-heidelberg.de), inscription HD000043, retrieved 2026-10-04; inscription type: titulus sepulcralis (EDH genre 'titsep'); province: Roma (EDH code Rom); EDH dating: not before 211 CE, not after 222 CE (11-year window); astronomical start_year 211. Data licence CC BY-SA 4.0."
edh:hd000044,work,"Epitaph from Igabrum, bei - Cabra, bei",,"Latin epitaph; EDH HD000044 from Igabrum, bei - Cabra, bei; monument type: Tafel; material: Kalkstein; transcription: [- Corn?]elius [---] / [- Cor]nelius [---] / [&",available,1,,medium,"Source: Epigraphic Database Heidelberg (https://edh.ub.uni-heidelberg.de), inscription HD000044, retrieved 2026-10-04; inscription type: titulus sepulcralis (EDH genre 'titsep'); province: Baetica (EDH code Bae); EDH dating: not before 1 CE, not after 50 CE (49-year window); astronomical start_year 1. Data licence CC BY-SA 4.0."
edh:hd000045,work,"Owner/artist inscription from Salinae, bei - Thorame-Haute",,"Latin owner/artist inscription; EDH HD000045 from Salinae, bei - Thorame-Haute; monument type: Ziegel; material: Ton; transcription: Supposuit furno III Idus Iulias / die Solis / (h)abuit tegulas / inbrices(!)",available,171,,medium,"Source: Epigraphic Database Heidelberg (https://edh.ub.uni-heidelberg.de), inscription HD000045, retrieved 2026-10-04; inscription type: titulus possessorius/fabrilis (EDH genre 'titpossfabr'); province: Alpes Maritimae (EDH code AlM); EDH dating: not before 171 CE, not after 230 CE (59-year window); astronomical start_year 171. Data licence CC BY-SA 4.0."
edh:hd000046,work,Epitaph from Roma - Roma,,Latin epitaph; EDH HD000046 from Roma - Roma; monument type: Tafel; material: Marmor; transcription: Dis Man(ibus) / C(aio) Pompennae / Valenti / mil(iti) c(o)ho[r(tis)] XI urb(anae) / Flavia [Me?]lite / coniugi b(ene) m(...,available,71,,medium,"Source: Epigraphic Database Heidelberg (https://edh.ub.uni-heidelberg.de), inscription HD000046, retrieved 2026-10-04; inscription type: titulus sepulcralis (EDH genre 'titsep'); province: Roma (EDH code Rom); EDH dating: not before 71 CE, not after 100 CE (29-year window); astronomical start_year 71. Data licence CC BY-SA 4.0."
edh:hd000047,work,Votive inscription from Igabrum - Cabra,,Latin votive inscription; EDH HD000047 from Igabrum - Cabra; monument type: Altar?; transcription: Dominae / Daevae Valeria / Com(p)se animo / lybens(!) v(otum) s(olvit),available,51,,medium,"Source: Epigraphic Database Heidelberg (https://edh.ub.uni-heidelberg.de), inscription HD000047, retrieved 2026-10-04; inscription type: titulus votivus (EDH genre 'titsac'); province: Baetica (EDH code Bae); EDH dating: not before 51 CE, not after 200 CE (149-year window); astronomical start_year 51. Data licence CC BY-SA 4.0. Caveats: wide EDH dating window (149 years)."
edh:hd000048,work,Acclamation from Salinae - Castellane,,Latin acclamation; EDH HD000048 from Salinae - Castellane; monument type: Schmuck; material: Gold; transcription: Vivant,available,1,,medium,"Source: Epigraphic Database Heidelberg (https://edh.ub.uni-heidelberg.de), inscription HD000048, retrieved 2026-10-04; inscription type: acclamatio (EDH genre 'titaccl'); province: Alpes Maritimae (EDH code AlM); EDH dating: not before 1 CE, not after 300 CE (299-year window); astronomical start_year 1. Data licence CC BY-SA 4.0. Caveats: wide EDH dating window (299 years)."
edh:hd000050,work,Votive inscription from Mondim,,Latin votive inscription; EDH HD000050 from Mondim; monument type: Altar; material: Granit; transcription: I(ovi) O(ptimo) Max(imo),available,1,,medium,"Source: Epigraphic Database Heidelberg (https://edh.ub.uni-heidelberg.de), inscription HD000050, retrieved 2026-10-04; inscription type: titulus votivus (EDH genre 'titsac'); province: Hispania citerior (EDH code HiC); EDH dating: not before 1 CE, not after 200 CE (199-year window); astronomical start_year 1. Data licence CC BY-SA 4.0. Caveats: wide EDH dating window (199 years)."
edh:hd000051,work,Epitaph from Salinae - Castellane,,Latin epitaph; EDH HD000051 from Salinae - Castellane; monument type: Stele; material: Gesteine unbestimmt; transcription: $] / [---]A[---]IEO / [---]atio Severo / f(ilio) nobilissimo / q(ui) vixsit(!) an(nos) / quinque m(enses) II d(ies) [---...,available,101,,medium,"Source: Epigraphic Database Heidelberg (https://edh.ub.uni-heidelberg.de), inscription HD000051, retrieved 2026-10-04; inscription type: titulus sepulcralis (EDH genre 'titsep'); province: Alpes Maritimae (EDH code AlM); EDH dating: not before 101 CE, not after 300 CE (199-year window); astronomical start_year 101. Data licence CC BY-SA 4.0. Caveats: wide EDH dating window (199 years)."
edh:hd000056,work,Votive inscription from Sta. Cruz de Lima,,Latin votive inscription; EDH HD000056 from Sta. Cruz de Lima; monument type: Altar; material: Granit; transcription: [-]XO(?) FELI[---] / [-]M[&,available,1,,medium,"Source: Epigraphic Database Heidelberg (https://edh.ub.uni-heidelberg.de), inscription HD000056, retrieved 2026-10-04; inscription type: titulus votivus (EDH genre 'titsac'); province: Hispania citerior (EDH code HiC); EDH dating: not before 1 CE, not after 200 CE (199-year window); astronomical start_year 1. Data licence CC BY-SA 4.0. Caveats: wide EDH dating window (199 years)."
edh:hd000057,work,Building/dedicatory inscription from Bremenium - High Rochester,,Latin building/dedicatory inscription; EDH HD000057 from Bremenium - High Rochester; monument type: Block; material: Sandstein; transcription: Vex(illatio) coh(ortis) IIII Gall(orum) et / vex(illatio) coh(ortis) II Nerv(iorum) / fecerunt,available,122,,medium,"Source: Epigraphic Database Heidelberg (https://edh.ub.uni-heidelberg.de), inscription HD000057, retrieved 2026-10-04; inscription type: titulus dedicatorius (EDH genre 'titoppubpriv'); province: Britannia (EDH code Bri); EDH dating: not before 122 CE, not after 300 CE (178-year window); astronomical start_year 122. Data licence CC BY-SA 4.0. Caveats: wide EDH dating window (178 years)."
edh:hd000058,work,Inscription from Ariminum - Rimini,,Latin inscription; EDH HD000058 from Ariminum - Rimini; transcription: $] P(ubli) Atini L(uci) l(iberti) [&,available,1,,medium,"Source: Epigraphic Database Heidelberg (https://edh.ub.uni-heidelberg.de), inscription HD000058, retrieved 2026-10-04; inscription type not recorded in EDH (genre code 'empty'); province: Aemilia (Regio VIII) (EDH code Aem); EDH dating: not before 1 CE, not after 100 CE (99-year window); astronomical start_year 1. Data licence CC BY-SA 4.0."
edh:hd000059,work,Votive inscription from Cerzedelo,,Latin votive inscription; EDH HD000059 from Cerzedelo; monument type: Altar; material: Granit; transcription: [I(ovi)] O(ptimo) [M(aximo)] / [---]I(?)[---] / [E]lp(idius?) E[u]/elpistus / v(otum) s(olvit),available,1,,medium,"Source: Epigraphic Database Heidelberg (https://edh.ub.uni-heidelberg.de), inscription HD000059, retrieved 2026-10-04; inscription type: titulus votivus (EDH genre 'titsac'); province: Hispania citerior (EDH code HiC); EDH dating: not before 1 CE, not after 200 CE (199-year window); astronomical start_year 1. Data licence CC BY-SA 4.0. Caveats: wide EDH dating window (199 years)."
edh:hd000060,work,Owner/artist inscription from Vindovala - Rudchester,,Latin owner/artist inscription; EDH HD000060 from Vindovala - Rudchester; monument type: instrmil; material: Blei; transcription: Leg(io) / XX V(aleria) v(ictrix),available,122,,medium,"Source: Epigraphic Database Heidelberg (https://edh.ub.uni-heidelberg.de), inscription HD000060, retrieved 2026-10-04; inscription type: titulus possessorius/fabrilis (EDH genre 'titpossfabr'); province: Britannia (EDH code Bri); EDH dating: not before 122 CE, not after 300 CE (178-year window); astronomical start_year 122. Data licence CC BY-SA 4.0. Caveats: wide EDH dating window (178 years)."
edh:hd000061,work,"Epitaph from Luceria, bei - Lucera, bei",,"Latin epitaph; EDH HD000061 from Luceria, bei - Lucera, bei; monument type: Stele; material: Kalkstein; transcription: L(ucius) Trebius / L(uci) l(ibertus) Dicinai(!) / locum sibi / et sueis(!)",available,-50,,medium,"Source: Epigraphic Database Heidelberg (https://edh.ub.uni-heidelberg.de), inscription HD000061, retrieved 2026-10-04; inscription type: titulus sepulcralis (EDH genre 'titsep'); province: Apulia et Calabria (Regio II) (EDH code ApC); EDH dating: not before 51 BCE, not after 50 CE (101-year window); astronomical start_year -50. Data licence CC BY-SA 4.0. Caveats: wide EDH dating window (101 years)."
edh:hd000062,work,Votive inscription from Esporões,,Latin votive inscription; EDH HD000062 from Esporões; monument type: Altar; material: Granit; transcription: Pro s(alute) / Ti(beri) C(laudi?) Nig(ri?) / I(ovi) O(ptimo) M(aximo) / Hermes / v(otum) l(ibens) s(olvit),available,1,,medium,"Source: Epigraphic Database Heidelberg (https://edh.ub.uni-heidelberg.de), inscription HD000062, retrieved 2026-10-04; inscription type: titulus votivus (EDH genre 'titsac'); province: Hispania citerior (EDH code HiC); EDH dating: not before 1 CE, not after 200 CE (199-year window); astronomical start_year 1. Data licence CC BY-SA 4.0. Caveats: wide EDH dating window (199 years)."
edh:hd000063,work,Votive inscription from Old Kilpatrick,,Latin votive inscription; EDH HD000063 from Old Kilpatrick; monument type: Altar; material: Sandstein; transcription: I(ovi) O(ptimo) M(aximo) / coh(ors) I Bae/tasiorum / c(ivium) R(omanorum) cui pr/aeest Publicius / Maternus praef(ectus)...,available,208,,high,"Source: Epigraphic Database Heidelberg (https://edh.ub.uni-heidelberg.de), inscription HD000063, retrieved 2026-10-04; inscription type: titulus votivus (EDH genre 'titsac'); province: Britannia (EDH code Bri); EDH dating: not before 208 CE, not after 211 CE (3-year window); astronomical start_year 208. Data licence CC BY-SA 4.0."
edh:hd000064,work,Epitaph from unknown findspot,,Latin epitaph; EDH HD000064 from unknown findspot; monument type: Altar; material: Marmor; transcription: D(is) M(anibus) / Ti(berius) Claudius / Diadumenus pa/tronae bene me/renti fecit / si tu bibis et mihi da,available,101,,medium,"Source: Epigraphic Database Heidelberg (https://edh.ub.uni-heidelberg.de), inscription HD000064, retrieved 2026-10-04; inscription type: titulus sepulcralis (EDH genre 'titsep'); province: Provincia incerta (EDH code Inc); EDH dating: not before 101 CE, not after 200 CE (99-year window); astronomical start_year 101. Data licence CC BY-SA 4.0."
edh:hd000065,work,Votive inscription from Chão Grande,,Latin votive inscription; EDH HD000065 from Chão Grande; monument type: Altar; material: Granit; transcription: Mate[rn]/us posui[t] / aruda[m] / Iovi Opti/mo Ma/ximo,available,201,,medium,"Source: Epigraphic Database Heidelberg (https://edh.ub.uni-heidelberg.de), inscription HD000065, retrieved 2026-10-04; inscription type: titulus votivus (EDH genre 'titsac'); province: Hispania citerior (EDH code HiC); EDH dating: not before 201 CE, not after 300 CE (99-year window); astronomical start_year 201. Data licence CC BY-SA 4.0."
edh:hd000066,work,Defixio from Aquae Sulis - Bath,,"Latin defixio; EDH HD000066 from Aquae Sulis - Bath; monument type: Tafel; material: Blei, Zinn; transcription: Victorinus / Talipieinus / Minantius / Victorianus // Compe/{pe}dita / Valaune<c=IC>us#Valaune<c>us#VALAUNEICUS / {a}Bel...",available,301,,medium,"Source: Epigraphic Database Heidelberg (https://edh.ub.uni-heidelberg.de), inscription HD000066, retrieved 2026-10-04; inscription type: defixio (EDH genre 'titdefix'); province: Britannia (EDH code Bri); EDH dating: not before 301 CE, not after 400 CE (99-year window); astronomical start_year 301. Data licence CC BY-SA 4.0."
edh:hd000067,work,Votive inscription from Roma? - Roma?,,Latin votive inscription; EDH HD000067 from Roma? - Roma?; monument type: Altar; material: Marmor; transcription: Salvis / Augg(ustis) / felix Cl(audius) / Adiectu/s / Silvano / sancto / sacrum / d(ono) [d(edit)],available,151,,medium,"Source: Epigraphic Database Heidelberg (https://edh.ub.uni-heidelberg.de), inscription HD000067, retrieved 2026-10-04; inscription type: titulus votivus (EDH genre 'titsac'); province: unknown province code 'Rom?' (EDH code Rom?); EDH dating: not before 151 CE, not after 250 CE (99-year window); astronomical start_year 151. Data licence CC BY-SA 4.0."
edh:hd000068,work,Votive inscription from Castelo de Neiva,,Latin votive inscription; EDH HD000068 from Castelo de Neiva; monument type: Altar; material: Granit; transcription: Val(erius) / Ruf(us) / Lar(ibus) V(ialibus) / p(osuit),available,1,,medium,"Source: Epigraphic Database Heidelberg (https://edh.ub.uni-heidelberg.de), inscription HD000068, retrieved 2026-10-04; inscription type: titulus votivus (EDH genre 'titsac'); province: Hispania citerior (EDH code HiC); EDH dating: not before 1 CE, not after 200 CE (199-year window); astronomical start_year 1. Data licence CC BY-SA 4.0. Caveats: wide EDH dating window (199 years)."
edh:hd000069,work,Votive inscription from Vila Nova de Famalicão,,Latin votive inscription; EDH HD000069 from Vila Nova de Famalicão; monument type: Altar; material: Granit; transcription: Lucr[etiu]/s Caturon[i]/s f(ilius) Lari B/eiradi[e]/go ex vot(o) / pos(uit) ar(am) sac(ravit),available,1,,medium,"Source: Epigraphic Database Heidelberg (https://edh.ub.uni-heidelberg.de), inscription HD000069, retrieved 2026-10-04; inscription type: titulus votivus (EDH genre 'titsac'); province: Hispania citerior (EDH code HiC); EDH dating: not before 1 CE, not after 300 CE (299-year window); astronomical start_year 1. Data licence CC BY-SA 4.0. Caveats: wide EDH dating window (299 years)."
edh:hd000070,work,Epitaph from Cumae - Cuma,,Latin epitaph; EDH HD000070 from Cumae - Cuma; monument type: Tafel; material: Marmor; transcription: C(aius) Atatius C(ai) l(ibertus) / Faustus pius / in suuis(!),available,-99,,medium,"Source: Epigraphic Database Heidelberg (https://edh.ub.uni-heidelberg.de), inscription HD000070, retrieved 2026-10-04; inscription type: titulus sepulcralis (EDH genre 'titsep'); province: Latium et Campania (Regio I) (EDH code LaC); EDH dating: not before 100 BCE, not after 1 BCE (99-year window); astronomical start_year -99. Data licence CC BY-SA 4.0."
edh:hd000071,work,Votive inscription from Sta. Maria de Bouro,,Latin votive inscription; EDH HD000071 from Sta. Maria de Bouro; monument type: Altar; material: Granit; transcription: Pro salute / [---]VM / [------] / [------],available,1,,medium,"Source: Epigraphic Database Heidelberg (https://edh.ub.uni-heidelberg.de), inscription HD000071, retrieved 2026-10-04; inscription type: titulus votivus (EDH genre 'titsac'); province: Hispania citerior (EDH code HiC); EDH dating: not before 1 CE, not after 200 CE (199-year window); astronomical start_year 1. Data licence CC BY-SA 4.0. Caveats: wide EDH dating window (199 years)."
edh:hd000072,work,Votive inscription from Montariol,,Latin votive inscription; EDH HD000072 from Montariol; monument type: Altar; material: Granit; transcription: Coporici / Materni / ex voto / Marti Tar/buceli fu(l)/lones,available,1,,medium,"Source: Epigraphic Database Heidelberg (https://edh.ub.uni-heidelberg.de), inscription HD000072, retrieved 2026-10-04; inscription type: titulus votivus (EDH genre 'titsac'); province: Hispania citerior (EDH code HiC); EDH dating: not before 1 CE, not after 300 CE (299-year window); astronomical start_year 1. Data licence CC BY-SA 4.0. Caveats: wide EDH dating window (299 years)."
edh:hd000073,work,Votive inscription from Roma - Roma,,Latin votive inscription; EDH HD000073 from Roma - Roma; monument type: Tafel; material: Marmor; transcription: [Numini? Imp(eratoris) Caesaris] M(arci) Aurelli(!) Ant[onini Pii Felicis] / [Aug(usti) Parth(ici) maximi Br]itt(anici) ...,available,212,,high,"Source: Epigraphic Database Heidelberg (https://edh.ub.uni-heidelberg.de), inscription HD000073, retrieved 2026-10-04; inscription type: titulus votivus (EDH genre 'titsac'); province: Roma (EDH code Rom); EDH dating: not before 212 CE, not after 213 CE (1-year window); astronomical start_year 212. Data licence CC BY-SA 4.0."
edh:hd000074,work,Votive inscription from Vila Chã,,Latin votive inscription; EDH HD000074 from Vila Chã; monument type: Altar; material: Granit; transcription: Daeae(!) / sancta[e] / sacrum / [A]nicius / [&,available,101,,medium,"Source: Epigraphic Database Heidelberg (https://edh.ub.uni-heidelberg.de), inscription HD000074, retrieved 2026-10-04; inscription type: titulus votivus (EDH genre 'titsac'); province: Hispania citerior (EDH code HiC); EDH dating: not before 101 CE, not after 200 CE (99-year window); astronomical start_year 101. Data licence CC BY-SA 4.0."
edh:hd000075,work,Votive inscription from Giela,,Latin votive inscription; EDH HD000075 from Giela; monument type: Altar; material: Granit; transcription: D(omino?) s(ancto?) K(---) G(---) L(---) / La(---) Rufus / Rufini a(ram) / p(osuit) vo(tum) so(lvit),available,1,,medium,"Source: Epigraphic Database Heidelberg (https://edh.ub.uni-heidelberg.de), inscription HD000075, retrieved 2026-10-04; inscription type: titulus votivus (EDH genre 'titsac'); province: Hispania citerior (EDH code HiC); EDH dating: not before 1 CE, not after 300 CE (299-year window); astronomical start_year 1. Data licence CC BY-SA 4.0. Caveats: wide EDH dating window (299 years)."
edh:hd000076,work,Epitaph from Roma - Roma,,Latin epitaph; EDH HD000076 from Roma - Roma; monument type: Tafel; material: Marmor; transcription: D(is) [M(anibus)] / Divius Tau[rus eq(ues) sing(ularis)] / imp(eratoris) n(ostri) n(atione) Bad[a(v)us! vix(it)] / ann(o...,available,201,,medium,"Source: Epigraphic Database Heidelberg (https://edh.ub.uni-heidelberg.de), inscription HD000076, retrieved 2026-10-04; inscription type: titulus sepulcralis (EDH genre 'titsep'); province: Roma (EDH code Rom); EDH dating: not before 201 CE, not after 300 CE (99-year window); astronomical start_year 201. Data licence CC BY-SA 4.0."
edh:hd000077,work,Votive inscription from Bracara Augusta - Braga,,Latin votive inscription; EDH HD000077 from Bracara Augusta - Braga; monument type: Altar; material: Granit; transcription: Mer[c]/uri[o] / [&,available,1,,medium,"Source: Epigraphic Database Heidelberg (https://edh.ub.uni-heidelberg.de), inscription HD000077, retrieved 2026-10-04; inscription type: titulus votivus (EDH genre 'titsac'); province: Hispania citerior (EDH code HiC); EDH dating: not before 1 CE, not after 200 CE (199-year window); astronomical start_year 1. Data licence CC BY-SA 4.0. Caveats: wide EDH dating window (199 years)."
edh:hd000078,work,"Votive inscription from Bracara Augusta, bei - Giela",,"Latin votive inscription; EDH HD000078 from Bracara Augusta, bei - Giela; monument type: Altar; material: Granit; transcription: Do(mino?) sa(ncto?) / La(---) La(---) / a(ram) p(osuit) q(uod?) / vo(vit?) fr(ater) / Co(rnelia?) Rufila // Soupi Camal(...",available,1,,medium,"Source: Epigraphic Database Heidelberg (https://edh.ub.uni-heidelberg.de), inscription HD000078, retrieved 2026-10-04; inscription type: titulus votivus (EDH genre 'titsac'); province: Hispania citerior (EDH code HiC); EDH dating: not before 1 CE, not after 300 CE (299-year window); astronomical start_year 1. Data licence CC BY-SA 4.0. Caveats: wide EDH dating window (299 years)."
edh:hd000079,work,Epitaph from Roma - Roma,,Latin epitaph; EDH HD000079 from Roma - Roma; monument type: Tafel; transcription: Septimi[us ---]/dus eq(ues) sin[g(ularis) imp(eratoris)] / n(ostri) n(atione) B(atavus?) qui v(ixit) [an(nos) ---] / m(i...,available,201,,medium,"Source: Epigraphic Database Heidelberg (https://edh.ub.uni-heidelberg.de), inscription HD000079, retrieved 2026-10-04; inscription type: titulus sepulcralis (EDH genre 'titsep'); province: Roma (EDH code Rom); EDH dating: not before 201 CE, not after 300 CE (99-year window); astronomical start_year 201. Data licence CC BY-SA 4.0."
edh:hd000080,work,Epitaph from Roma - Roma,,Latin epitaph; EDH HD000080 from Roma - Roma; monument type: Stele?; material: Travertin; transcription: D(is) [M(anibus)] / L(uci) Vei(?) [---] / [&,available,51,,medium,"Source: Epigraphic Database Heidelberg (https://edh.ub.uni-heidelberg.de), inscription HD000080, retrieved 2026-10-04; inscription type: titulus sepulcralis (EDH genre 'titsep'); province: Roma (EDH code Rom); EDH dating: not before 51 CE, not after 100 CE (49-year window); astronomical start_year 51. Data licence CC BY-SA 4.0."
edh:hd000081,work,Votive inscription from Briteiros,,Latin votive inscription; EDH HD000081 from Briteiros; monument type: Altar; material: Granit; transcription: [---]I M[---]/[---]O RU[---] / L V S / VS ON,available,1,,medium,"Source: Epigraphic Database Heidelberg (https://edh.ub.uni-heidelberg.de), inscription HD000081, retrieved 2026-10-04; inscription type: titulus votivus (EDH genre 'titsac?'); genre attribution uncertain in EDH; province: Hispania citerior (EDH code HiC); EDH dating: not before 1 CE, not after 300 CE (299-year window); astronomical start_year 1. Data licence CC BY-SA 4.0. Caveats: wide EDH dating window (299 years)."
edh:hd000082,work,Honorific inscription from Roma - Roma,,GL honorific inscription; EDH HD000082 from Roma - Roma; monument type: Herme; material: Marmor; transcription: L(ucius) Licinius L(uci) [[f(ilius) Crassu]]s / consularis [[orator]] // Ὅμηρος / φιλόσοφος καὶ / θεῖος ποιητής,available,171,,medium,"Source: Epigraphic Database Heidelberg (https://edh.ub.uni-heidelberg.de), inscription HD000082, retrieved 2026-10-04; inscription type: titulus honorarius (EDH genre 'tithon'); province: Roma (EDH code Rom); EDH dating: not before 171 CE, not after 230 CE (59-year window); astronomical start_year 171. Data licence CC BY-SA 4.0."
edh:hd000083,work,Epitaph from Aquae Sextiae - Aix-en-Provence,,Latin epitaph; EDH HD000083 from Aquae Sextiae - Aix-en-Provence; monument type: Altar; material: Kalkstein; transcription: [D(is) M(anibus)] // Cn(aei) Licini / Marci / Licinia / Veneria / marito / incomparabili / et / dendrophori / Aquenses,available,131,,medium,"Source: Epigraphic Database Heidelberg (https://edh.ub.uni-heidelberg.de), inscription HD000083, retrieved 2026-10-04; inscription type: titulus sepulcralis (EDH genre 'titsep'); province: Narbonensis (EDH code Nar); EDH dating: not before 131 CE, not after 200 CE (69-year window); astronomical start_year 131. Data licence CC BY-SA 4.0."
edh:hd000084,work,Votive inscription from Cristelo,,Latin votive inscription; EDH HD000084 from Cristelo; monument type: Altar; material: Granit; transcription: SE Q / F M / B V L / SO,available,1,,medium,"Source: Epigraphic Database Heidelberg (https://edh.ub.uni-heidelberg.de), inscription HD000084, retrieved 2026-10-04; inscription type: titulus votivus (EDH genre 'titsac'); province: Hispania citerior (EDH code HiC); EDH dating: not before 1 CE, not after 300 CE (299-year window); astronomical start_year 1. Data licence CC BY-SA 4.0. Caveats: wide EDH dating window (299 years)."
edh:hd000085,work,Votive inscription from Santibáñez del Toral,,Latin votive inscription; EDH HD000085 from Santibáñez del Toral; monument type: Altar; material: Granit; transcription: Uduni/aeco / [-] Iuniu/s Silanus / v(otum) s(olvit) l(ibens) m(erito),available,101,,medium,"Source: Epigraphic Database Heidelberg (https://edh.ub.uni-heidelberg.de), inscription HD000085, retrieved 2026-10-04; inscription type: titulus votivus (EDH genre 'titsac'); province: Hispania citerior (EDH code HiC); EDH dating: not before 101 CE, not after 200 CE (99-year window); astronomical start_year 101. Data licence CC BY-SA 4.0."
edh:hd000086,work,Epitaph from Grottaferrata?,,Latin epitaph; EDH HD000086 from Grottaferrata?; monument type: Tafel; material: Travertin; transcription: C(ai) Volumni C(ai) l(iberti) / Salvl(!) / Poenica l(iberta) de suo / fecit,available,-70,,medium,"Source: Epigraphic Database Heidelberg (https://edh.ub.uni-heidelberg.de), inscription HD000086, retrieved 2026-10-04; inscription type: titulus sepulcralis (EDH genre 'titsep'); province: Latium et Campania (Regio I) (EDH code LaC); EDH dating: not before 71 BCE, not after 30 CE (101-year window); astronomical start_year -70. Data licence CC BY-SA 4.0. Caveats: wide EDH dating window (101 years)."
edh:hd000088,work,Votive inscription from S. Esteban del Toral,,Latin votive inscription; EDH HD000088 from S. Esteban del Toral; monument type: Altar; material: Granit; transcription: Cos[sue] / s(acrum) Fla[v]/us Tu[ro?]/ni ex [v]/oto l(ibens) [s(olvit)],available,131,,medium,"Source: Epigraphic Database Heidelberg (https://edh.ub.uni-heidelberg.de), inscription HD000088, retrieved 2026-10-04; inscription type: titulus votivus (EDH genre 'titsac'); province: Hispania citerior (EDH code HiC); EDH dating: not before 131 CE, not after 170 CE (39-year window); astronomical start_year 131. Data licence CC BY-SA 4.0."
edh:hd000089,work,Epitaph from Grottaferrata?,,Latin epitaph; EDH HD000089 from Grottaferrata?; monument type: Tafel; material: Marmor; transcription: D(is) M(anibus) / [S]entiae / [Vi]ctorinae / Sentius / [---]s / [&,available,101,,medium,"Source: Epigraphic Database Heidelberg (https://edh.ub.uni-heidelberg.de), inscription HD000089, retrieved 2026-10-04; inscription type: titulus sepulcralis (EDH genre 'titsep'); province: Latium et Campania (Regio I) (EDH code LaC); EDH dating: not before 101 CE, not after 200 CE (99-year window); astronomical start_year 101. Data licence CC BY-SA 4.0."
edh:hd000090,work,Defixio from Aquae Sulis - Bath,,"Latin defixio; EDH HD000090 from Aquae Sulis - Bath; monument type: Tessera; material: Blei, Zinn; transcription: Minervae / de(ae) Suli donavi / furem qui / caracallam / meam invo/lavit si servus / si liber si ba/ro si mulier / hoc d...",available,201,,medium,"Source: Epigraphic Database Heidelberg (https://edh.ub.uni-heidelberg.de), inscription HD000090, retrieved 2026-10-04; inscription type: defixio (EDH genre 'titdefix'); province: Britannia (EDH code Bri); EDH dating: not before 201 CE, not after 400 CE (199-year window); astronomical start_year 201. Data licence CC BY-SA 4.0. Caveats: wide EDH dating window (199 years)."
edh:hd000091,work,Votive inscription from El Valle y Tedejo,,Latin votive inscription; EDH HD000091 from El Valle y Tedejo; monument type: Altar; material: Granit; transcription: [T]utelae / [D?]itilien/um Iuliu/[s Ap]er / v(otum) [s(olvit) l(ibens) m(erito)],available,1,,medium,"Source: Epigraphic Database Heidelberg (https://edh.ub.uni-heidelberg.de), inscription HD000091, retrieved 2026-10-04; inscription type: titulus votivus (EDH genre 'titsac'); province: Hispania citerior (EDH code HiC); EDH dating: not before 1 CE, not after 200 CE (199-year window); astronomical start_year 1. Data licence CC BY-SA 4.0. Caveats: wide EDH dating window (199 years)."
edh:hd000092,work,Epitaph from Grottaferrata?,,Latin epitaph; EDH HD000092 from Grottaferrata?; monument type: Tafel?; material: Marmor; transcription: D(is) M(anibus) / Iuliae / Fortun[atae &,available,71,,medium,"Source: Epigraphic Database Heidelberg (https://edh.ub.uni-heidelberg.de), inscription HD000092, retrieved 2026-10-04; inscription type: titulus sepulcralis (EDH genre 'titsep'); province: Latium et Campania (Regio I) (EDH code LaC); EDH dating: not before 71 CE, not after 200 CE (129-year window); astronomical start_year 71. Data licence CC BY-SA 4.0. Caveats: wide EDH dating window (129 years)."
edh:hd000093,work,Defixio from Aquae Sulis - Bath,,Latin defixio; EDH HD000093 from Aquae Sulis - Bath; monument type: Pflaster?; material: Zinn; transcription: Execro(!) qui involaver/it(!) qui Deomiorix de hos/{i}pitio suo perdiderit(!) qui/cumque re(u)s deus illum / inveniat sa...,available,301,,medium,"Source: Epigraphic Database Heidelberg (https://edh.ub.uni-heidelberg.de), inscription HD000093, retrieved 2026-10-04; inscription type: defixio (EDH genre 'titdefix'); province: Britannia (EDH code Bri); EDH dating: not before 301 CE, not after 400 CE (99-year window); astronomical start_year 301. Data licence CC BY-SA 4.0."
edh:hd000094,work,Epitaph from S. Estebán de Gormaz,,Latin epitaph; EDH HD000094 from S. Estebán de Gormaz; monument type: Stele; transcription: Di(s) Ma(nibus) / Ano Med/ucinus fi(lius?) et / Saulcia m(ater?) p(ientissimo) f(ecerunt) / annoru/m XXV,available,101,,medium,"Source: Epigraphic Database Heidelberg (https://edh.ub.uni-heidelberg.de), inscription HD000094, retrieved 2026-10-04; inscription type: titulus sepulcralis (EDH genre 'titsep'); province: Hispania citerior (EDH code HiC); EDH dating: not before 101 CE, not after 200 CE (99-year window); astronomical start_year 101. Data licence CC BY-SA 4.0."
edh:hd000096,work,Defixio from Aquae Sulis - Bath,,Latin defixio; EDH HD000096 from Aquae Sulis - Bath; monument type: Tafel; material: Blei; transcription: Cunsa // Maria / Docimedis // Vendibedis / Sedebelia // Cunsus / Severia{a}nus / Seni<i>la,available,301,,medium,"Source: Epigraphic Database Heidelberg (https://edh.ub.uni-heidelberg.de), inscription HD000096, retrieved 2026-10-04; inscription type: defixio (EDH genre 'titdefix'); province: Britannia (EDH code Bri); EDH dating: not before 301 CE, not after 400 CE (99-year window); astronomical start_year 301. Data licence CC BY-SA 4.0."
edh:hd000097,work,Epitaph from Lara de los Infantes?,,Latin epitaph; EDH HD000097 from Lara de los Infantes?; monument type: Stele; material: Kalkstein; transcription: Ambatae / [D]essic/[a]e Rufi / [f(iliae)] an(norum) LV / Titus / Va(---) soc/[e]rae // [A]rceae / Dessic/ae Pat[er]/ni f...,available,31,,medium,"Source: Epigraphic Database Heidelberg (https://edh.ub.uni-heidelberg.de), inscription HD000097, retrieved 2026-10-04; inscription type: titulus sepulcralis (EDH genre 'titsep'); province: Hispania citerior (EDH code HiC); EDH dating: not before 31 CE, not after 70 CE (39-year window); astronomical start_year 31. Data licence CC BY-SA 4.0."
edh:hd000098,work,Inscription from Fundi - Fondi,,Latin inscription; EDH HD000098 from Fundi - Fondi; monument type: Block; material: Kalkstein; transcription: $] / [--- P]atruus / [--- trib(unus)?] mil(itum) / [&,available,1,,medium,"Source: Epigraphic Database Heidelberg (https://edh.ub.uni-heidelberg.de), inscription HD000098, retrieved 2026-10-04; inscription type not recorded in EDH (genre code 'empty'); province: Latium et Campania (Regio I) (EDH code LaC); EDH dating: not before 1 CE, not after 100 CE (99-year window); astronomical start_year 1. Data licence CC BY-SA 4.0."
edh:hd000099,work,Epitaph from Roma - Roma,,Latin epitaph; EDH HD000099 from Roma - Roma; monument type: Tafel; material: Marmor; transcription: Nunnia Musa / hic iacet vixit / annis II mens(ibus) VII / diebus V tutu(m) / qui legis sic / fruarus(!) te / parce puell...,available,101,,medium,"Source: Epigraphic Database Heidelberg (https://edh.ub.uni-heidelberg.de), inscription HD000099, retrieved 2026-10-04; inscription type: titulus sepulcralis (EDH genre 'titsep'); province: Roma (EDH code Rom); EDH dating: not before 101 CE, not after 200 CE (99-year window); astronomical start_year 101. Data licence CC BY-SA 4.0."
edh:hd000101,work,"Epitaph from Ostia - Roma, Ostia",,"Latin epitaph; EDH HD000101 from Ostia - Roma, Ostia; monument type: Sarkophag; material: Marmor; transcription: Chrys[e] / hic dorm[it]",available,201,,medium,"Source: Epigraphic Database Heidelberg (https://edh.ub.uni-heidelberg.de), inscription HD000101, retrieved 2026-10-04; inscription type: titulus sepulcralis (EDH genre 'titsep'); province: Latium et Campania (Regio I) (EDH code LaC); EDH dating: not before 201 CE, not after 400 CE (199-year window); astronomical start_year 201. Data licence CC BY-SA 4.0. Caveats: wide EDH dating window (199 years)."
edh:hd000103,work,Epitaph from Sabadell,,Latin epitaph; EDH HD000103 from Sabadell; monument type: Tafel; material: Sandstein; transcription: [- Li]cinius [---] / [---]tilia[nus] / [sibi? et? ---] / u[xori? et?] / Lici[n(iae)? --- fil(iae)? ---] / ann(orum) [&,available,71,,medium,"Source: Epigraphic Database Heidelberg (https://edh.ub.uni-heidelberg.de), inscription HD000103, retrieved 2026-10-04; inscription type: titulus sepulcralis (EDH genre 'titsep'); province: Hispania citerior (EDH code HiC); EDH dating: not before 71 CE, not after 100 CE (29-year window); astronomical start_year 71. Data licence CC BY-SA 4.0."
edh:hd000104,work,Epitaph from Ficana - Dragoncello,,Latin epitaph; EDH HD000104 from Ficana - Dragoncello; material: Travertin; transcription: Cn(aeus) Orchivius / |(mulieris) l(ibertus) Dio in fro(nte) / p(edes) XIIX in agr(o) XX,available,-69,,medium,"Source: Epigraphic Database Heidelberg (https://edh.ub.uni-heidelberg.de), inscription HD000104, retrieved 2026-10-04; inscription type: titulus sepulcralis (EDH genre 'titsep'); province: Latium et Campania (Regio I) (EDH code LaC); EDH dating: not before 70 BCE, not after 31 BCE (39-year window); astronomical start_year -69. Data licence CC BY-SA 4.0."
edh:hd000106,work,Epitaph from S. Quirze Safaja,,Latin epitaph; EDH HD000106 from S. Quirze Safaja; monument type: Tafel; transcription: D(is) M(anibus) [s(acrum)] / P(ublius) Obstorius P(ubli) [f(ilius)? ---] / vix(it) ann(os) VI m(enses) [--- d(ies) ---] ...,available,171,,medium,"Source: Epigraphic Database Heidelberg (https://edh.ub.uni-heidelberg.de), inscription HD000106, retrieved 2026-10-04; inscription type: titulus sepulcralis (EDH genre 'titsep'); province: Hispania citerior (EDH code HiC); EDH dating: not before 171 CE, not after 230 CE (59-year window); astronomical start_year 171. Data licence CC BY-SA 4.0."
edh:hd000107,work,Votive inscription from Ficana - Dragoncello,,Latin votive inscription; EDH HD000107 from Ficana - Dragoncello; monument type: Basis; transcription: P(ubli) Sili M(arci) Critoni pra(etorum),available,-69,,medium,"Source: Epigraphic Database Heidelberg (https://edh.ub.uni-heidelberg.de), inscription HD000107, retrieved 2026-10-04; inscription type: titulus votivus (EDH genre 'titsac'); province: Latium et Campania (Regio I) (EDH code LaC); EDH dating: not before 70 BCE, not after 31 BCE (39-year window); astronomical start_year -69. Data licence CC BY-SA 4.0."
edh:hd000108,work,Epitaph from Roma - Roma,,Latin epitaph; EDH HD000108 from Roma - Roma; monument type: Tafel; material: Marmor; transcription: Iulia Epipodia fecit sibi / et co(n)iugi M(arci) Aemili Feli/cissimi et filibus(!) su/is M(arco) Iulio Silbano(!) / libe...,available,151,,medium,"Source: Epigraphic Database Heidelberg (https://edh.ub.uni-heidelberg.de), inscription HD000108, retrieved 2026-10-04; inscription type: titulus sepulcralis (EDH genre 'titsep'); province: Roma (EDH code Rom); EDH dating: not before 151 CE, not after 230 CE (79-year window); astronomical start_year 151. Data licence CC BY-SA 4.0."
edh:hd000109,work,Votive inscription from Italica - Santiponce,,Latin votive inscription; EDH HD000109 from Italica - Santiponce; monument type: Block; material: Marmor; transcription: Vict(oriae) Aug(ustae) Vib(ia) Modesta C(ai) Vib(i) Libonis fil(ia) ori[unda] / Mauretania iterato honore bis flaminica ...,available,271,,medium,"Source: Epigraphic Database Heidelberg (https://edh.ub.uni-heidelberg.de), inscription HD000109, retrieved 2026-10-04; inscription type: titulus votivus (EDH genre 'titsac'); province: Baetica (EDH code Bae); EDH dating: not before 271 CE, not after 300 CE (29-year window); astronomical start_year 271. Data licence CC BY-SA 4.0."
edh:hd000110,work,Epitaph from Castrimoenium - Marino,,Latin epitaph; EDH HD000110 from Castrimoenium - Marino; monument type: Stele; material: Marmor; transcription: D(is) M(anibus) / C(aius) Cassius / Saturni/no qui vi(xit) / an(no) uno / me(nsibus) VI die(bus) / VIIII fecit / pater,available,101,,medium,"Source: Epigraphic Database Heidelberg (https://edh.ub.uni-heidelberg.de), inscription HD000110, retrieved 2026-10-04; inscription type: titulus sepulcralis (EDH genre 'titsep'); province: Latium et Campania (Regio I) (EDH code LaC); EDH dating: not before 101 CE, not after 300 CE (199-year window); astronomical start_year 101. Data licence CC BY-SA 4.0. Caveats: wide EDH dating window (199 years)."
edh:hd000112,work,Building/dedicatory inscription from Italica - Santiponce,,Latin building/dedicatory inscription; EDH HD000112 from Italica - Santiponce; monument type: Tafel; material: Marmor; transcription: L(ucius) Herius L(uci) f(ilius) IIvir iter(um) IIvirali / potest(ate) decr(eto) decur(ionum) tert(ium) pont(ifex) / crea...,available,-26,,medium,"Source: Epigraphic Database Heidelberg (https://edh.ub.uni-heidelberg.de), inscription HD000112, retrieved 2026-10-04; inscription type: titulus dedicatorius (EDH genre 'titoppubpriv'); province: Baetica (EDH code Bae); EDH dating: not before 27 BCE, not after 14 CE (41-year window); astronomical start_year -26. Data licence CC BY-SA 4.0."
edh:hd000113,work,"Votive inscription from Iluro, bei - Cabrera de Mar",,"Latin votive inscription; EDH HD000113 from Iluro, bei - Cabrera de Mar; monument type: Tessera; material: Bronze; transcription: Aphni Pacci / Saturnini / proc(uratoris) Vespasi/{si}ani Aug(usti) l(iberti)",available,69,,high,"Source: Epigraphic Database Heidelberg (https://edh.ub.uni-heidelberg.de), inscription HD000113, retrieved 2026-10-04; inscription type: titulus votivus (EDH genre 'titsac?'); genre attribution uncertain in EDH; province: Hispania citerior (EDH code HiC); EDH dating: not before 69 CE, not after 79 CE (10-year window); astronomical start_year 69. Data licence CC BY-SA 4.0."
edh:hd000114,work,Votive inscription from S. Pedro Castañero,,Latin votive inscription; EDH HD000114 from S. Pedro Castañero; monument type: Altar; material: Granit; transcription: Cos[sue] / Log[ius?] / Pac[---] / [v(otum) s(olvit) l(ibens) m(erito)],available,71,,medium,"Source: Epigraphic Database Heidelberg (https://edh.ub.uni-heidelberg.de), inscription HD000114, retrieved 2026-10-04; inscription type: titulus votivus (EDH genre 'titsac'); province: Hispania citerior (EDH code HiC); EDH dating: not before 71 CE, not after 130 CE (59-year window); astronomical start_year 71. Data licence CC BY-SA 4.0."
edh:hd000115,work,Military diploma from Salpensa - Utrera,,Latin military diploma; EDH HD000115 from Salpensa - Utrera; monument type: Tafel; material: Bronze; transcription: $]STIG(?) / [---]VIIII EX ER(?) / [---]niae / [descriptum et recognitum e]x tabula ae/[nea quae fixa est Romae in] Capit...,available,41,,medium,"Source: Epigraphic Database Heidelberg (https://edh.ub.uni-heidelberg.de), inscription HD000115, retrieved 2026-10-04; inscription type: diploma militare (EDH genre 'diplmil'); province: Baetica (EDH code Bae); EDH dating: not before 41 CE, not after 90 CE (49-year window); astronomical start_year 41. Data licence CC BY-SA 4.0."
edh:hd000118,work,"Epitaph from Sabora, bei - Cerro Real",,"Latin epitaph; EDH HD000118 from Sabora, bei - Cerro Real; monument type: Stele; material: Kalkstein; transcription: Aurelia Eupro/sin[e ---]X[---] / [&",available,51,,medium,"Source: Epigraphic Database Heidelberg (https://edh.ub.uni-heidelberg.de), inscription HD000118, retrieved 2026-10-04; inscription type: titulus sepulcralis (EDH genre 'titsep'); province: Baetica (EDH code Bae); EDH dating: not before 51 CE, not after 150 CE (99-year window); astronomical start_year 51. Data licence CC BY-SA 4.0."
edh:hd000120,work,Epitaph from Roma - Roma,,Latin epitaph; EDH HD000120 from Roma - Roma; material: Gesteine; transcription: D(is) [M(anibus)] / Aur(elio) Fro[---] / mil(iti) coh(ortis) [---]/ni vix(it) an[nos ---]/X nat(ione) Da[---]/us Lucan[-...,available,201,,medium,"Source: Epigraphic Database Heidelberg (https://edh.ub.uni-heidelberg.de), inscription HD000120, retrieved 2026-10-04; inscription type: titulus sepulcralis (EDH genre 'titsep'); province: Roma (EDH code Rom); EDH dating: not before 201 CE, not after 250 CE (49-year window); astronomical start_year 201. Data licence CC BY-SA 4.0."
edh:hd000121,work,"Epitaph from Sabora, bei - Cañete la Real",,"Latin epitaph; EDH HD000121 from Sabora, bei - Cañete la Real; monument type: Stele; material: Kalkstein; transcription: Num[e]ria Optata / ann(orum) [X]XX[---] p(ia) in / su[is] h(ic) s(ita) e(st) s(it) t(ibi) [t(erra)] l(evis)",available,51,,medium,"Source: Epigraphic Database Heidelberg (https://edh.ub.uni-heidelberg.de), inscription HD000121, retrieved 2026-10-04; inscription type: titulus sepulcralis (EDH genre 'titsep'); province: Baetica (EDH code Bae); EDH dating: not before 51 CE, not after 150 CE (99-year window); astronomical start_year 51. Data licence CC BY-SA 4.0."
edh:hd000123,work,Epitaph from Roma - Roma,,Latin epitaph; EDH HD000123 from Roma - Roma; monument type: Tafel; transcription: Q(uintus) Babul[lius] / Asclepiu[s et] / Caecilia Syntro[phia] / comparaverunt [sibi et] / suis lib(ertis) libert[ab(us)...,available,101,,medium,"Source: Epigraphic Database Heidelberg (https://edh.ub.uni-heidelberg.de), inscription HD000123, retrieved 2026-10-04; inscription type: titulus sepulcralis (EDH genre 'titsep'); province: Roma (EDH code Rom); EDH dating: not before 101 CE, not after 200 CE (99-year window); astronomical start_year 101. Data licence CC BY-SA 4.0."
edh:hd000124,work,"Epitaph from Sabora, bei - Cañete la Real",,"Latin epitaph; EDH HD000124 from Sabora, bei - Cañete la Real; monument type: Stele; material: Kalkstein; transcription: Aemilia Q(uinti) f(ilia) / Tuscilla / an(norum) XXXXIII / pia in s[uis] / h(ic) s(ita) e(st) s(it) t(ibi) t(erra) l(evis...",available,51,,medium,"Source: Epigraphic Database Heidelberg (https://edh.ub.uni-heidelberg.de), inscription HD000124, retrieved 2026-10-04; inscription type: titulus sepulcralis (EDH genre 'titsep'); province: Baetica (EDH code Bae); EDH dating: not before 51 CE, not after 150 CE (99-year window); astronomical start_year 51. Data licence CC BY-SA 4.0."
edh:hd000125,work,Epitaph from Emerita Augusta? - Mérida?,,Latin epitaph; EDH HD000125 from Emerita Augusta? - Mérida?; monument type: Tafel; material: Marmor; transcription: D(is) M(anibus) s(acrum) / C(ornelio?) Narcis/so an(norum) LXIIII / h(ic) s(itus) e(st) s(it) t(ibi) t(erra) l(evis) / M...,available,101,,medium,"Source: Epigraphic Database Heidelberg (https://edh.ub.uni-heidelberg.de), inscription HD000125, retrieved 2026-10-04; inscription type: titulus sepulcralis (EDH genre 'titsep'); province: unknown province code 'Lus?' (EDH code Lus?); EDH dating: not before 101 CE, not after 200 CE (99-year window); astronomical start_year 101. Data licence CC BY-SA 4.0."
edh:hd000126,work,Epitaph from Roma? - Roma?,,Latin epitaph; EDH HD000126 from Roma? - Roma?; monument type: Tafel; material: Marmor; transcription: Di(s) Manib(us) / Aurelius Tau(rus) / miles coh(ortis) II pr(aetoriae) / po(suit) matri be(ne) me(renti) / Iuli(a)e Ma(-...,available,222,,high,"Source: Epigraphic Database Heidelberg (https://edh.ub.uni-heidelberg.de), inscription HD000126, retrieved 2026-10-04; inscription type: titulus sepulcralis (EDH genre 'titsep'); province: unknown province code 'Rom?' (EDH code Rom?); EDH dating: not before 222 CE, not after 235 CE (13-year window); astronomical start_year 222. Data licence CC BY-SA 4.0."
edh:hd000127,work,"Epitaph from Sabora, bei - Cañete la Real",,"Latin epitaph; EDH HD000127 from Sabora, bei - Cañete la Real; monument type: Stele; material: Kalkstein; transcription: Stercusia / M(arci) Aeli Ael/iani Si(ngiliensis) se(rva) / an(norum) LIII h(ic) s(ita) / e(st) s(it) t(ibi) t(erra) l(ev...",available,71,,medium,"Source: Epigraphic Database Heidelberg (https://edh.ub.uni-heidelberg.de), inscription HD000127, retrieved 2026-10-04; inscription type: titulus sepulcralis (EDH genre 'titsep'); province: Baetica (EDH code Bae); EDH dating: not before 71 CE, not after 130 CE (59-year window); astronomical start_year 71. Data licence CC BY-SA 4.0."
edh:hd000128,work,"Epitaph from Luceria, bei - Lucera, bei",,"Latin epitaph; EDH HD000128 from Luceria, bei - Lucera, bei; monument type: Tafel; material: Kalkstein; transcription: D(is) M(anibus) / Chrysaspi / Aci Priscin(i) s(ervo)(?) / Chrysaspis / filius / b(ene) m(erenti) f(ecit)",available,101,,medium,"Source: Epigraphic Database Heidelberg (https://edh.ub.uni-heidelberg.de), inscription HD000128, retrieved 2026-10-04; inscription type: titulus sepulcralis (EDH genre 'titsep'); province: Apulia et Calabria (Regio II) (EDH code ApC); EDH dating: not before 101 CE, not after 200 CE (99-year window); astronomical start_year 101. Data licence CC BY-SA 4.0."
edh:hd000129,work,Epitaph from Roma? - Roma?,,Latin epitaph; EDH HD000129 from Roma? - Roma?; monument type: Tafel; material: Marmor; transcription: L(ucius) Licinius Pom(ptina) Pudens Dertona militavit / coh(orte) IIII pr(aetoria) annis XVI vixit an(nis) XXXVI et / fr...,available,41,,medium,"Source: Epigraphic Database Heidelberg (https://edh.ub.uni-heidelberg.de), inscription HD000129, retrieved 2026-10-04; inscription type: titulus sepulcralis (EDH genre 'titsep'); province: unknown province code 'Rom?' (EDH code Rom?); EDH dating: not before 41 CE, not after 68 CE (27-year window); astronomical start_year 41. Data licence CC BY-SA 4.0."
edh:hd000131,work,"Epitaph from Luceria, bei - Lucera, bei",,"Latin epitaph; EDH HD000131 from Luceria, bei - Lucera, bei; monument type: Tafel; material: Marmor; transcription: D(is) M(anibus) / Naeviae / Restitutae / Muttiena Felicu/la amicae m(erenti) p(osuit)",available,71,,medium,"Source: Epigraphic Database Heidelberg (https://edh.ub.uni-heidelberg.de), inscription HD000131, retrieved 2026-10-04; inscription type: titulus sepulcralis (EDH genre 'titsep'); province: Apulia et Calabria (Regio II) (EDH code ApC); EDH dating: not before 71 CE, not after 200 CE (129-year window); astronomical start_year 71. Data licence CC BY-SA 4.0. Caveats: wide EDH dating window (129 years)."
edh:hd000132,work,Epitaph from Roma? - Roma?,,Latin epitaph; EDH HD000132 from Roma? - Roma?; monument type: Altar; material: Marmor; transcription: D(is) M(anibus) / L(ucio) Voconio / Vero mil(iti) / coh(ortis) VI pr(aetoriae) / |(centuria) Cassi mil(itavit) / ann(os)...,available,101,,medium,"Source: Epigraphic Database Heidelberg (https://edh.ub.uni-heidelberg.de), inscription HD000132, retrieved 2026-10-04; inscription type: titulus sepulcralis (EDH genre 'titsep'); province: unknown province code 'Rom?' (EDH code Rom?); EDH dating: not before 101 CE, not after 200 CE (99-year window); astronomical start_year 101. Data licence CC BY-SA 4.0."
edh:hd000133,work,"Epitaph from Calpurniana?, bei - Valdeparaíso",,"Latin epitaph; EDH HD000133 from Calpurniana?, bei - Valdeparaíso; monument type: Altar; material: Kalkstein; transcription: D(is) M(anibus) s(acrum) / Natalis / an(norum) XXXX / pia in / su<os=AN>#su<os>#SUAN / sit ter(ra) l(evis)",available,201,,medium,"Source: Epigraphic Database Heidelberg (https://edh.ub.uni-heidelberg.de), inscription HD000133, retrieved 2026-10-04; inscription type: titulus sepulcralis (EDH genre 'titsep'); province: Baetica (EDH code Bae); EDH dating: not before 201 CE, not after 250 CE (49-year window); astronomical start_year 201. Data licence CC BY-SA 4.0."
edh:hd000134,work,"Epitaph from Luceria, bei - Lucera, bei",,"Latin epitaph; EDH HD000134 from Luceria, bei - Lucera, bei; monument type: Tafel; material: Gesteine unbestimmt; transcription: D(is) M(anibus) / L(ucio) Ocratio Corin/tho vix(it) an(nos) XXX / d(ies) XI Ocratia Si/lvana filio piis/simo b(ene) m(er...",available,151,,medium,"Source: Epigraphic Database Heidelberg (https://edh.ub.uni-heidelberg.de), inscription HD000134, retrieved 2026-10-04; inscription type: titulus sepulcralis (EDH genre 'titsep'); province: Apulia et Calabria (Regio II) (EDH code ApC); EDH dating: not before 151 CE, not after 250 CE (99-year window); astronomical start_year 151. Data licence CC BY-SA 4.0."
edh:hd000135,work,Epitaph from Roma - Roma,,Latin epitaph; EDH HD000135 from Roma - Roma; monument type: Tafel; material: Marmor; transcription: [C]n(aeus) Pompeius Cn(aei) l(?)(ibertus) / [m]agister s[---],available,-30,,medium,"Source: Epigraphic Database Heidelberg (https://edh.ub.uni-heidelberg.de), inscription HD000135, retrieved 2026-10-04; inscription type: titulus sepulcralis (EDH genre 'titsep'); province: Roma (EDH code Rom); EDH dating: not before 31 BCE, not after 30 CE (61-year window); astronomical start_year -30. Data licence CC BY-SA 4.0."
edh:hd000136,work,Epitaph from Emerita Augusta - Mérida,,"Latin epitaph; EDH HD000136 from Emerita Augusta - Mérida; monument type: Tafel; material: Marmor, weiß; transcription: $ Cae]cilia [---] / [---] soro[r ---] / [---] h(ic) s(iti?) s(unt) [&",available,101,,medium,"Source: Epigraphic Database Heidelberg (https://edh.ub.uni-heidelberg.de), inscription HD000136, retrieved 2026-10-04; inscription type: titulus sepulcralis (EDH genre 'titsep'); province: Lusitania (EDH code Lus); EDH dating: not before 101 CE, not after 200 CE (99-year window); astronomical start_year 101. Data licence CC BY-SA 4.0."
edh:hd000137,work,"Epitaph from Luceria, bei - Lucera, bei",,"Latin epitaph; EDH HD000137 from Luceria, bei - Lucera, bei; monument type: Tafel; material: Marmor; transcription: D(is) M(anibus) / Martin(a)e quae / vicsit(!) an(nos) VII / me(nses) VIIII d(ies) XIIII / Martialis fil(iae) / du(l)cis(...",available,151,,medium,"Source: Epigraphic Database Heidelberg (https://edh.ub.uni-heidelberg.de), inscription HD000137, retrieved 2026-10-04; inscription type: titulus sepulcralis (EDH genre 'titsep'); province: Apulia et Calabria (Regio II) (EDH code ApC); EDH dating: not before 151 CE, not after 250 CE (99-year window); astronomical start_year 151. Data licence CC BY-SA 4.0."
edh:hd000138,work,Epitaph from Roma - Roma,,Latin epitaph; EDH HD000138 from Roma - Roma; monument type: Tafel; material: Marmor; transcription: D(is) M(anibus) / Hermogeni / et Hermitari / fec(it) Euthales / pater filis / pientissimis,available,101,,medium,"Source: Epigraphic Database Heidelberg (https://edh.ub.uni-heidelberg.de), inscription HD000138, retrieved 2026-10-04; inscription type: titulus sepulcralis (EDH genre 'titsep'); province: Roma (EDH code Rom); EDH dating: not before 101 CE, not after 230 CE (129-year window); astronomical start_year 101. Data licence CC BY-SA 4.0. Caveats: wide EDH dating window (129 years)."
edh:hd000140,work,"Epitaph from Luceria, bei - Lucera, bei",,"Latin epitaph; EDH HD000140 from Luceria, bei - Lucera, bei; monument type: Tafel; material: Kalkstein; transcription: $ One]sim(a)e [---] / [---] Onesim[us] / b(ene) m(erenti) f(ecit) / [--- vixit an(nos)] XXX",available,101,,medium,"Source: Epigraphic Database Heidelberg (https://edh.ub.uni-heidelberg.de), inscription HD000140, retrieved 2026-10-04; inscription type: titulus sepulcralis (EDH genre 'titsep'); province: Apulia et Calabria (Regio II) (EDH code ApC); EDH dating: not before 101 CE, not after 250 CE (149-year window); astronomical start_year 101. Data licence CC BY-SA 4.0. Caveats: wide EDH dating window (149 years)."
edh:hd000141,work,Epitaph from Roma - Roma,,Latin epitaph; EDH HD000141 from Roma - Roma; transcription: D(is) M(anibus) / memor(ia) Cres/teni qu(a)e vi(xit) / anno uno me(nsibus) / VIIII die(bus) IIII / Saturninus / et April...,available,201,,medium,"Source: Epigraphic Database Heidelberg (https://edh.ub.uni-heidelberg.de), inscription HD000141, retrieved 2026-10-04; inscription type: titulus sepulcralis (EDH genre 'titsep'); province: Roma (EDH code Rom); EDH dating: not before 201 CE, not after 300 CE (99-year window); astronomical start_year 201. Data licence CC BY-SA 4.0."
edh:hd000142,work,"Epitaph from Emerita Augusta, aus - Mérida, aus",,"Latin epitaph; EDH HD000142 from Emerita Augusta, aus - Mérida, aus; monument type: Tafel; material: Marmor, weiß; transcription: L(uci) P(ompei?) Athe[nodo?]/ri loc[(us) p(edes) ---]",available,101,,medium,"Source: Epigraphic Database Heidelberg (https://edh.ub.uni-heidelberg.de), inscription HD000142, retrieved 2026-10-04; inscription type: titulus sepulcralis (EDH genre 'titsep'); province: Lusitania (EDH code Lus); EDH dating: not before 101 CE, not after 200 CE (99-year window); astronomical start_year 101. Data licence CC BY-SA 4.0."
edh:hd000143,work,"Epitaph from Luceria, bei - Lucera, bei",,"Latin epitaph; EDH HD000143 from Luceria, bei - Lucera, bei; monument type: Tafel; material: Gesteine unbestimmt; transcription: Statilio S/abiniano / q(ui) v(ixit) a(nnos) LXXV / [fil]i(u)s b(ene) m(erenti)",available,201,,medium,"Source: Epigraphic Database Heidelberg (https://edh.ub.uni-heidelberg.de), inscription HD000143, retrieved 2026-10-04; inscription type: titulus sepulcralis (EDH genre 'titsep'); province: Apulia et Calabria (Regio II) (EDH code ApC); EDH dating: not before 201 CE, not after 300 CE (99-year window); astronomical start_year 201. Data licence CC BY-SA 4.0."
edh:hd000145,work,Epitaph from Emerita Augusta - Mérida,,Latin epitaph; EDH HD000145 from Emerita Augusta - Mérida; monument type: Tafel; material: Kalkstein; transcription: $] Circius [---] / [--- Qu?]arto an(norum) [---] / [---] VIII C[&,available,1,,medium,"Source: Epigraphic Database Heidelberg (https://edh.ub.uni-heidelberg.de), inscription HD000145, retrieved 2026-10-04; inscription type: titulus sepulcralis (EDH genre 'titsep'); province: Lusitania (EDH code Lus); EDH dating: not before 1 CE, not after 100 CE (99-year window); astronomical start_year 1. Data licence CC BY-SA 4.0."
edh:hd000146,work,Epitaph from Nursia - Norcia,,Latin epitaph; EDH HD000146 from Nursia - Norcia; monument type: Block; material: Kalkstein; transcription: Q(uinto?) Coran[io? ---] / [&,available,-99,,medium,"Source: Epigraphic Database Heidelberg (https://edh.ub.uni-heidelberg.de), inscription HD000146, retrieved 2026-10-04; inscription type: titulus sepulcralis (EDH genre 'titsep'); province: Samnium (Regio IV) (EDH code Sam); EDH dating: not before 100 BCE, not after 1 BCE (99-year window); astronomical start_year -99. Data licence CC BY-SA 4.0."
edh:hd000148,work,"Epitaph from Portus, bei - Fiumicino",,"Latin epitaph; EDH HD000148 from Portus, bei - Fiumicino; monument type: Sarkophag; transcription: D(is) M(anibus) // Iulius Ta/nnonius / Donatus / in hoc munum/ento loco co/ncesso sibi sar/cophagum pos/uit si quis aute...",available,271,,medium,"Source: Epigraphic Database Heidelberg (https://edh.ub.uni-heidelberg.de), inscription HD000148, retrieved 2026-10-04; inscription type: titulus sepulcralis (EDH genre 'titsep'); province: Latium et Campania (Regio I) (EDH code LaC); EDH dating: not before 271 CE, not after 300 CE (29-year window); astronomical start_year 271. Data licence CC BY-SA 4.0."
edh:hd000149,work,"Epitaph from Carignano, bei",,"Latin epitaph; EDH HD000149 from Carignano, bei; monument type: Altar; material: Kalkstein; transcription: D(is) M(anibus) / Seppio / [------] / [---]o dulcis/[si]mo qui vixi[t] / [an]nis IIII m(ensibus) V / Seppius Pro/culus p...",available,101,,medium,"Source: Epigraphic Database Heidelberg (https://edh.ub.uni-heidelberg.de), inscription HD000149, retrieved 2026-10-04; inscription type: titulus sepulcralis (EDH genre 'titsep'); province: Apulia et Calabria (Regio II) (EDH code ApC); EDH dating: not before 101 CE, not after 250 CE (149-year window); astronomical start_year 101. Data licence CC BY-SA 4.0. Caveats: wide EDH dating window (149 years)."
edh:hd000150,work,Epitaph from Roma? - Roma?,,Latin epitaph; EDH HD000150 from Roma? - Roma?; monument type: Tafel; material: Marmor; transcription: Dis Manibus / Vibiae Epicharis / Philemonis / o te nunc felicem quae / terra requiescis fideli,available,201,,medium,"Source: Epigraphic Database Heidelberg (https://edh.ub.uni-heidelberg.de), inscription HD000150, retrieved 2026-10-04; inscription type: titulus sepulcralis (EDH genre 'titsep'); province: unknown province code 'Rom?' (EDH code Rom?); EDH dating: not before 201 CE, not after 300 CE (99-year window); astronomical start_year 201. Data licence CC BY-SA 4.0."
edh:hd000151,work,Honorific inscription from Puteoli - Pozzuoli,,Latin honorific inscription; EDH HD000151 from Puteoli - Pozzuoli; monument type: Tafel; material: Marmor; transcription: L(ucio) Aur(elio) Dorot(heo) / v(iro) e(gregio) p(atrono) c(oloniae) / omnibus honoribus / oneribus muneribusq(ue) / hon...,available,271,,medium,"Source: Epigraphic Database Heidelberg (https://edh.ub.uni-heidelberg.de), inscription HD000151, retrieved 2026-10-04; inscription type: titulus honorarius (EDH genre 'tithon'); province: Latium et Campania (Regio I) (EDH code LaC); EDH dating: not before 271 CE, not after 326 CE (55-year window); astronomical start_year 271. Data licence CC BY-SA 4.0."
edh:hd000152,work,Epitaph from Luceria - Lucera,,Latin epitaph; EDH HD000152 from Luceria - Lucera; monument type: Sarkophag; material: Sandstein; transcription: D(is) M(anibus) / Alexandro q(ui) v(ixit) an(num) I m(enses) V,available,101,,medium,"Source: Epigraphic Database Heidelberg (https://edh.ub.uni-heidelberg.de), inscription HD000152, retrieved 2026-10-04; inscription type: titulus sepulcralis (EDH genre 'titsep'); province: Apulia et Calabria (Regio II) (EDH code ApC); EDH dating: not before 101 CE, not after 250 CE (149-year window); astronomical start_year 101. Data licence CC BY-SA 4.0. Caveats: wide EDH dating window (149 years)."
edh:hd000153,work,Epitaph from Roma? - Roma?,,Latin epitaph; EDH HD000153 from Roma? - Roma?; monument type: Stele; material: Marmor; transcription: Ti(berio) Cladio(!) / Onesimo os/tiario Imper/atoris Caes/aris l(iberto) v(ixit) a(nnos) C / Ti(berius) Cladius(!) / One...,available,14,,medium,"Source: Epigraphic Database Heidelberg (https://edh.ub.uni-heidelberg.de), inscription HD000153, retrieved 2026-10-04; inscription type: titulus sepulcralis (EDH genre 'titsep'); province: unknown province code 'Rom?' (EDH code Rom?); EDH dating: not before 14 CE, not after 68 CE (54-year window); astronomical start_year 14. Data licence CC BY-SA 4.0."
edh:hd000154,work,"Epitaph from Luceria, bei - Lucera, bei",,"Latin epitaph; EDH HD000154 from Luceria, bei - Lucera, bei; monument type: Stele; material: Kalkstein; transcription: M(arco) Anneio M(arci) f(ilio) / Honorato / L(ucio) Anneio M(arci) f(ilio) Catulo / M(arco) Aneio(!) M(arci) l(iberto) /...",available,101,,medium,"Source: Epigraphic Database Heidelberg (https://edh.ub.uni-heidelberg.de), inscription HD000154, retrieved 2026-10-04; inscription type: titulus sepulcralis (EDH genre 'titsep'); province: Apulia et Calabria (Regio II) (EDH code ApC); EDH dating: not before 101 CE, not after 200 CE (99-year window); astronomical start_year 101. Data licence CC BY-SA 4.0."
edh:hd000155,work,"Epitaph from Portus, bei - Fiumicino",,"Latin epitaph; EDH HD000155 from Portus, bei - Fiumicino; monument type: Tafel; material: Marmor; transcription: [---] Mindi Aemi/[---] abe(!) salbus(!) / [---]sis / [---cu]m subiai(?) / [&",available,301,,medium,"Source: Epigraphic Database Heidelberg (https://edh.ub.uni-heidelberg.de), inscription HD000155, retrieved 2026-10-04; inscription type: titulus sepulcralis (EDH genre 'titsep'); province: Latium et Campania (Regio I) (EDH code LaC); EDH dating: not before 301 CE, not after 400 CE (99-year window); astronomical start_year 301. Data licence CC BY-SA 4.0."
edh:hd000156,work,Epitaph from Roma? - Roma?,,Latin epitaph; EDH HD000156 from Roma? - Roma?; monument type: Tafel; material: Marmor; transcription: Euryalo ser(vo) / Caesaris mu/lioni posuit / Clymenus h(eres),available,101,,medium,"Source: Epigraphic Database Heidelberg (https://edh.ub.uni-heidelberg.de), inscription HD000156, retrieved 2026-10-04; inscription type: titulus sepulcralis (EDH genre 'titsep'); province: unknown province code 'Rom?' (EDH code Rom?); EDH dating: not before 101 CE, not after 200 CE (99-year window); astronomical start_year 101. Data licence CC BY-SA 4.0."
edh:hd000157,work,Epitaph from Luceria - Lucera,,Latin epitaph; EDH HD000157 from Luceria - Lucera; monument type: Stele; material: Gesteine unbestimmt; transcription: Hyalissus Luce(rinus) / Socconi Front/onis delicium / [&,available,1,,medium,"Source: Epigraphic Database Heidelberg (https://edh.ub.uni-heidelberg.de), inscription HD000157, retrieved 2026-10-04; inscription type: titulus sepulcralis (EDH genre 'titsep'); province: Apulia et Calabria (Regio II) (EDH code ApC); EDH dating: not before 1 CE, not after 100 CE (99-year window); astronomical start_year 1. Data licence CC BY-SA 4.0."
edh:hd000158,work,"Epitaph from Portus, bei - Fiumicino",,"Latin epitaph; EDH HD000158 from Portus, bei - Fiumicino; monument type: Tafel; material: Marmor; transcription: D(is) M(anibus) / Aemilius Iu[---]/us fecit [---] / et [&",available,101,,medium,"Source: Epigraphic Database Heidelberg (https://edh.ub.uni-heidelberg.de), inscription HD000158, retrieved 2026-10-04; inscription type: titulus sepulcralis (EDH genre 'titsep'); province: Latium et Campania (Regio I) (EDH code LaC); EDH dating: not before 101 CE, not after 250 CE (149-year window); astronomical start_year 101. Data licence CC BY-SA 4.0. Caveats: wide EDH dating window (149 years)."
edh:hd000159,work,Epitaph from Roma? - Roma?,,Latin epitaph; EDH HD000159 from Roma? - Roma?; monument type: Tafel; material: Marmor; transcription: Crescenti Vespasia/ni Caesaris servo / vernae mulioni / vixit annis XIX // Crescenti Caesaris vern(ae),available,69,,high,"Source: Epigraphic Database Heidelberg (https://edh.ub.uni-heidelberg.de), inscription HD000159, retrieved 2026-10-04; inscription type: titulus sepulcralis (EDH genre 'titsep'); province: unknown province code 'Rom?' (EDH code Rom?); EDH dating: not before 69 CE, not after 79 CE (10-year window); astronomical start_year 69. Data licence CC BY-SA 4.0."
edh:hd000161,work,"Epitaph from Portus, bei - Fiumicino",,"Latin epitaph; EDH HD000161 from Portus, bei - Fiumicino; monument type: Tafel; material: Marmor, weiß; transcription: $] / [---] A(ulus) Titin[ius ---] / [---] Titinia [---] / [---] A(ulus) Titiniu[s ---] / [---] Titini[---] / [&",available,101,,medium,"Source: Epigraphic Database Heidelberg (https://edh.ub.uni-heidelberg.de), inscription HD000161, retrieved 2026-10-04; inscription type: titulus sepulcralis (EDH genre 'titsep'); province: Latium et Campania (Regio I) (EDH code LaC); EDH dating: not before 101 CE, not after 200 CE (99-year window); astronomical start_year 101. Data licence CC BY-SA 4.0."
edh:hd000162,work,Epitaph from Roma? - Roma?,,Latin epitaph; EDH HD000162 from Roma? - Roma?; monument type: Stele?; material: Marmor; transcription: Dis Man(ibus) / Felicis Imp(eratoris) Aug(usti) / disp(ensatoris) Aviena / Procula / coniugl(!) / bene merenti / t(estam...,available,51,,medium,"Source: Epigraphic Database Heidelberg (https://edh.ub.uni-heidelberg.de), inscription HD000162, retrieved 2026-10-04; inscription type: titulus sepulcralis (EDH genre 'titsep'); province: unknown province code 'Rom?' (EDH code Rom?); EDH dating: not before 51 CE, not after 130 CE (79-year window); astronomical start_year 51. Data licence CC BY-SA 4.0."
edh:hd000164,work,Building/dedicatory inscription from Beneventum - Benevento,,Latin building/dedicatory inscription; EDH HD000164 from Beneventum - Benevento; monument type: Block; material: Kalkstein; transcription: $] / A(uli) l(ibertus) Philemones(!) immiss[a] / [dom]u(i) meae tigilla L(ucius) Cassius / L(uci) l(ibertus) Primus D(ec...,available,-99,,medium,"Source: Epigraphic Database Heidelberg (https://edh.ub.uni-heidelberg.de), inscription HD000164, retrieved 2026-10-04; inscription type: titulus dedicatorius (EDH genre 'titoppubpriv?'); genre attribution uncertain in EDH; province: Apulia et Calabria (Regio II) (EDH code ApC); EDH dating: not before 100 BCE, not after 1 BCE (99-year window); astronomical start_year -99. Data licence CC BY-SA 4.0."
edh:hd000165,work,"Epitaph from Falerii (Novi), bei",,"Latin epitaph; EDH HD000165 from Falerii (Novi), bei; monument type: Tafel; material: Marmor, geädert / farbig; transcription: D(is) M(anibus) s(acrum) / Aurelio Saturnino / militi torquato legionis / primes(!) Italic(a)e qui vix/sit(!) an(n)is XL...",available,231,,medium,"Source: Epigraphic Database Heidelberg (https://edh.ub.uni-heidelberg.de), inscription HD000165, retrieved 2026-10-04; inscription type: titulus sepulcralis (EDH genre 'titsep'); province: Etruria (Regio VII) (EDH code Etr); EDH dating: not before 231 CE, not after 300 CE (69-year window); astronomical start_year 231. Data licence CC BY-SA 4.0."
edh:hd000166,work,"Honorific inscription from Luceria, bei - Lucera, bei",,"Latin honorific inscription; EDH HD000166 from Luceria, bei - Lucera, bei; monument type: Tafel; material: Marmor; transcription: $] / [---]o Consio Quarto cons[u]/lari cor(rectori) Apul(iae) et Calabr(iae) cui pra[e]/ter haec bona quae cum sin/gulis...",available,301,,medium,"Source: Epigraphic Database Heidelberg (https://edh.ub.uni-heidelberg.de), inscription HD000166, retrieved 2026-10-04; inscription type: titulus honorarius (EDH genre 'tithon'); province: Apulia et Calabria (Regio II) (EDH code ApC); EDH dating: not before 301 CE, not after 330 CE (29-year window); astronomical start_year 301. Data licence CC BY-SA 4.0."
edh:hd000167,work,Epitaph from Brundisium - Brindisi,,Latin epitaph; EDH HD000167 from Brundisium - Brindisi; monument type: Tafel; material: Kalkstein; transcription: Antonia T(iti) l(iberta) / Eucumene / h(ic) s(ita),available,-49,,medium,"Source: Epigraphic Database Heidelberg (https://edh.ub.uni-heidelberg.de), inscription HD000167, retrieved 2026-10-04; inscription type: titulus sepulcralis (EDH genre 'titsep'); province: Apulia et Calabria (Regio II) (EDH code ApC); EDH dating: not before 50 BCE, not after 50 CE (100-year window); astronomical start_year -49. Data licence CC BY-SA 4.0."
edh:hd000170,work,Epitaph from Brundisium - Brindisi,,Latin epitaph; EDH HD000170 from Brundisium - Brindisi; monument type: Tafel; material: Kalkstein; transcription: Q(uintus) Camurius / |(mulieris) l(ibertus) Ledus / vix(it) an(nos) L / h(ic) s(itus),available,1,,medium,"Source: Epigraphic Database Heidelberg (https://edh.ub.uni-heidelberg.de), inscription HD000170, retrieved 2026-10-04; inscription type: titulus sepulcralis (EDH genre 'titsep'); province: Apulia et Calabria (Regio II) (EDH code ApC); EDH dating: not before 1 CE, not after 100 CE (99-year window); astronomical start_year 1. Data licence CC BY-SA 4.0."
edh:hd000172,work,Epitaph from Beneventum - Benevento,,Latin epitaph; EDH HD000172 from Beneventum - Benevento; monument type: Sarkophag; transcription: D(is) M(anibus) / C(aius) Petilius Sedatus / sibi et Veraniae / Iustae cum / qua vixi annos / XXXVII,available,101,,medium,"Source: Epigraphic Database Heidelberg (https://edh.ub.uni-heidelberg.de), inscription HD000172, retrieved 2026-10-04; inscription type: titulus sepulcralis (EDH genre 'titsep'); province: Apulia et Calabria (Regio II) (EDH code ApC); EDH dating: not before 101 CE, not after 200 CE (99-year window); astronomical start_year 101. Data licence CC BY-SA 4.0."
edh:hd000173,work,"Epitaph from Nursia, bei - Castellina",,"Latin epitaph; EDH HD000173 from Nursia, bei - Castellina; monument type: Stele; material: Kalkstein; transcription: Q(uintus) Sertorius Q(uinti) [l(ibertus)] / Eutichus / Sertoria Q(uinti) l(iberta) / Antiopa",available,-99,,medium,"Source: Epigraphic Database Heidelberg (https://edh.ub.uni-heidelberg.de), inscription HD000173, retrieved 2026-10-04; inscription type: titulus sepulcralis (EDH genre 'titsep'); province: Samnium (Regio IV) (EDH code Sam); EDH dating: not before 100 BCE, not after 100 CE (200-year window); astronomical start_year -99. Data licence CC BY-SA 4.0. Caveats: wide EDH dating window (200 years)."
edh:hd000175,work,"Epitaph from Luceria, bei - Lucera, bei",,"Latin epitaph; EDH HD000175 from Luceria, bei - Lucera, bei; monument type: Stele; material: Kalkstein; transcription: L(ucius) Aemilius / Speratus / Apol(linaris) et Aug(ustalis) / sibi et / Suettiae / Probae / in f(ronte) p(edes) XXX / i...",available,101,,medium,"Source: Epigraphic Database Heidelberg (https://edh.ub.uni-heidelberg.de), inscription HD000175, retrieved 2026-10-04; inscription type: titulus sepulcralis (EDH genre 'titsep'); province: Apulia et Calabria (Regio II) (EDH code ApC); EDH dating: not before 101 CE, not after 200 CE (99-year window); astronomical start_year 101. Data licence CC BY-SA 4.0."
edh:hd000176,work,Epitaph from Beneventum - Benevento,,Latin epitaph; EDH HD000176 from Beneventum - Benevento; monument type: Tafel; material: Kalkstein; transcription: Reduci fil(io) / dulc(issimo) qui v(ixit) a(nnos) / X m(enses) X d(ies) XXIIII / Spes mat(er) b(ene) me[r(enti)],available,151,,medium,"Source: Epigraphic Database Heidelberg (https://edh.ub.uni-heidelberg.de), inscription HD000176, retrieved 2026-10-04; inscription type: titulus sepulcralis (EDH genre 'titsep'); province: Apulia et Calabria (Regio II) (EDH code ApC); EDH dating: not before 151 CE, not after 300 CE (149-year window); astronomical start_year 151. Data licence CC BY-SA 4.0. Caveats: wide EDH dating window (149 years)."
edh:hd000178,work,"Epitaph from Luceria, bei - Lucera, bei",,"Latin epitaph; EDH HD000178 from Luceria, bei - Lucera, bei; monument type: Block; material: Kalkstein; transcription: Dis Man(ibus) / Rosciae C(ai) f(iliae) / Iustinae / M(arcus) Papius M(arci) f(ilius)",available,31,,medium,"Source: Epigraphic Database Heidelberg (https://edh.ub.uni-heidelberg.de), inscription HD000178, retrieved 2026-10-04; inscription type: titulus sepulcralis (EDH genre 'titsep'); province: Apulia et Calabria (Regio II) (EDH code ApC); EDH dating: not before 31 CE, not after 70 CE (39-year window); astronomical start_year 31. Data licence CC BY-SA 4.0."
edh:hd000182,work,Epitaph from Beneventum - Benevento,,Latin epitaph; EDH HD000182 from Beneventum - Benevento; monument type: Sarkophag; material: Kalkstein; transcription: D(is) M(anibus) / L(uci) Lucili Mar/tialis vix(it) an(nos) / XXII[I] d(ies) XXI Ca/[---] Quinta / mater miser/rima fecit,available,151,,medium,"Source: Epigraphic Database Heidelberg (https://edh.ub.uni-heidelberg.de), inscription HD000182, retrieved 2026-10-04; inscription type: titulus sepulcralis (EDH genre 'titsep'); province: Apulia et Calabria (Regio II) (EDH code ApC); EDH dating: not before 151 CE, not after 300 CE (149-year window); astronomical start_year 151. Data licence CC BY-SA 4.0. Caveats: wide EDH dating window (149 years)."
edh:hd000184,work,"Epitaph from Luceria, bei - Lucera, bei",,"Latin epitaph; EDH HD000184 from Luceria, bei - Lucera, bei; monument type: Block; material: Kalkstein; transcription: D(is) M(anibus) / Gelasmo / Sittiae ser(vo) / vix(it) an(nos) XXV m(enses) III d(ies) XXI / ex coll(egio) Herculis / et ...",available,101,,medium,"Source: Epigraphic Database Heidelberg (https://edh.ub.uni-heidelberg.de), inscription HD000184, retrieved 2026-10-04; inscription type: titulus sepulcralis (EDH genre 'titsep'); province: Apulia et Calabria (Regio II) (EDH code ApC); EDH dating: not before 101 CE, not after 200 CE (99-year window); astronomical start_year 101. Data licence CC BY-SA 4.0."
edh:hd000185,work,Epitaph from Puteoli - Pozzuoli,,Latin epitaph; EDH HD000185 from Puteoli - Pozzuoli; monument type: Tafel; material: Kalkstein; transcription: Thesprotus l(ibertus) / v(ixit) a(nnos) IV e<t=E>#e<t>#EE mens(es) V,available,-70,,medium,"Source: Epigraphic Database Heidelberg (https://edh.ub.uni-heidelberg.de), inscription HD000185, retrieved 2026-10-04; inscription type: titulus sepulcralis (EDH genre 'titsep'); province: Latium et Campania (Regio I) (EDH code LaC); EDH dating: not before 71 BCE, not after 31 BCE (40-year window); astronomical start_year -70. Data licence CC BY-SA 4.0."
edh:hd000186,work,Epitaph from Roma? - Roma?,,Latin epitaph; EDH HD000186 from Roma? - Roma?; monument type: Stele; material: Travertin; transcription: P(ublius) Figilius / |(mulieris) et Fisiaes / l(ibertus) Menemacus / in fr(onte) p(edes) XV in ag(ro) / p(edes) XIII,available,-99,,medium,"Source: Epigraphic Database Heidelberg (https://edh.ub.uni-heidelberg.de), inscription HD000186, retrieved 2026-10-04; inscription type: titulus sepulcralis (EDH genre 'titsep'); province: unknown province code 'Rom?' (EDH code Rom?); EDH dating: not before 100 BCE, not after 1 BCE (99-year window); astronomical start_year -99. Data licence CC BY-SA 4.0."
edh:hd000187,work,"Epitaph from Luceria, bei - Lucera, bei",,"Latin epitaph; EDH HD000187 from Luceria, bei - Lucera, bei; monument type: Stele; material: Kalkstein; transcription: D(is) M(anibus) / Spediae Nice / M(arcus) Titius Primiti/vos(!) / coniugi b(ene) m(erenti) f(ecit) / vixit an(nos) XXX m...",available,101,,medium,"Source: Epigraphic Database Heidelberg (https://edh.ub.uni-heidelberg.de), inscription HD000187, retrieved 2026-10-04; inscription type: titulus sepulcralis (EDH genre 'titsep'); province: Apulia et Calabria (Regio II) (EDH code ApC); EDH dating: not before 101 CE, not after 250 CE (149-year window); astronomical start_year 101. Data licence CC BY-SA 4.0. Caveats: wide EDH dating window (149 years)."
edh:hd000188,work,Epitaph from Campi Flegrei - Campi Flegrei,,"Latin epitaph; EDH HD000188 from Campi Flegrei - Campi Flegrei; monument type: Stele; material: Marmor, weiß; transcription: Apuleius / Antigonus / vixit annis XV",available,101,,medium,"Source: Epigraphic Database Heidelberg (https://edh.ub.uni-heidelberg.de), inscription HD000188, retrieved 2026-10-04; inscription type: titulus sepulcralis (EDH genre 'titsep'); province: Latium et Campania (Regio I) (EDH code LaC); EDH dating: not before 101 CE, not after 200 CE (99-year window); astronomical start_year 101. Data licence CC BY-SA 4.0."
edh:hd000189,work,Epitaph from Roma? - Roma?,,Latin epitaph; EDH HD000189 from Roma? - Roma?; monument type: instrdom; material: Marmor; transcription: Q(uintus) Pactumeius P(ubli) f(ilius),available,-69,,medium,"Source: Epigraphic Database Heidelberg (https://edh.ub.uni-heidelberg.de), inscription HD000189, retrieved 2026-10-04; inscription type: titulus sepulcralis (EDH genre 'titsep'); province: unknown province code 'Rom?' (EDH code Rom?); EDH dating: not before 70 BCE, not after 31 BCE (39-year window); astronomical start_year -69. Data licence CC BY-SA 4.0."
edh:hd000190,work,"Epitaph from Luceria, bei - Lucera, bei",,"Latin epitaph; EDH HD000190 from Luceria, bei - Lucera, bei; monument type: Stele; material: Kalkstein; transcription: Dis Manibu[s] / Pontia [-] lib(erta) Success[a] / sive Tertia sibi et / M(arco) Valerio Prisco / T(ito) Satrio Longin[o]...",available,101,,medium,"Source: Epigraphic Database Heidelberg (https://edh.ub.uni-heidelberg.de), inscription HD000190, retrieved 2026-10-04; inscription type: titulus sepulcralis (EDH genre 'titsep'); province: Apulia et Calabria (Regio II) (EDH code ApC); EDH dating: not before 101 CE, not after 200 CE (99-year window); astronomical start_year 101. Data licence CC BY-SA 4.0."
edh:hd000191,work,Inscription from Cumae - Cuma,,Latin inscription; EDH HD000191 from Cumae - Cuma; monument type: Tafel; material: Marmor; transcription: L(ucius) Pescenn(ius) [---] / Qui(rina) [---] / Aurelia C[---] / Vibia M[&,available,1,,medium,"Source: Epigraphic Database Heidelberg (https://edh.ub.uni-heidelberg.de), inscription HD000191, retrieved 2026-10-04; inscription type not recorded in EDH (genre code 'empty'); province: Latium et Campania (Regio I) (EDH code LaC); EDH dating: not before 1 CE, not after 50 CE (49-year window); astronomical start_year 1. Data licence CC BY-SA 4.0."
edh:hd000193,work,"Epitaph from Luceria, bei - Lucera, bei",,"Latin epitaph; EDH HD000193 from Luceria, bei - Lucera, bei; monument type: Stele; material: Kalkstein; transcription: D(is) M(anibus) / C(aio) Sallustio C(ai) f(ilio) / Ismariano aed(ili) / C(aius) Sallustius / Ismarianus filio / pientiss...",available,101,,medium,"Source: Epigraphic Database Heidelberg (https://edh.ub.uni-heidelberg.de), inscription HD000193, retrieved 2026-10-04; inscription type: titulus sepulcralis (EDH genre 'titsep'); province: Apulia et Calabria (Regio II) (EDH code ApC); EDH dating: not before 101 CE, not after 200 CE (99-year window); astronomical start_year 101. Data licence CC BY-SA 4.0."
edh:hd000194,work,Epitaph from Puteoli - Pozzuoli,,"Latin epitaph; EDH HD000194 from Puteoli - Pozzuoli; monument type: Tafel; material: Marmor, geädert / farbig; transcription: Blossia |(mulieris) l(iberta) Tertia",available,1,,medium,"Source: Epigraphic Database Heidelberg (https://edh.ub.uni-heidelberg.de), inscription HD000194, retrieved 2026-10-04; inscription type: titulus sepulcralis (EDH genre 'titsep'); province: Latium et Campania (Regio I) (EDH code LaC); EDH dating: not before 1 CE, not after 100 CE (99-year window); astronomical start_year 1. Data licence CC BY-SA 4.0."
edh:hd000196,work,"Epitaph from Luceria, bei - Lucera, bei",,"Latin epitaph; EDH HD000196 from Luceria, bei - Lucera, bei; monument type: Stele; material: Kalkstein; transcription: D(is) M(anibus) / M(arco) Lattio / Prisco / Augustali / Luceriae / Asbestus liber/tus patrono / bene merenti / fecit",available,101,,medium,"Source: Epigraphic Database Heidelberg (https://edh.ub.uni-heidelberg.de), inscription HD000196, retrieved 2026-10-04; inscription type: titulus sepulcralis (EDH genre 'titsep'); province: Apulia et Calabria (Regio II) (EDH code ApC); EDH dating: not before 101 CE, not after 200 CE (99-year window); astronomical start_year 101. Data licence CC BY-SA 4.0."
edh:hd000197,work,Epitaph from Misenum? - Miseno?,,Latin epitaph; EDH HD000197 from Misenum? - Miseno?; monument type: Tafel; material: Marmor; transcription: D(is) M(anibus) C(ai) Iuli Petroni/ani man(ipularis) ex III Silvan(o) / nat(ione) Alexan(drino) mil(itavit) ann(os) / XX...,available,101,,medium,"Source: Epigraphic Database Heidelberg (https://edh.ub.uni-heidelberg.de), inscription HD000197, retrieved 2026-10-04; inscription type: titulus sepulcralis (EDH genre 'titsep'); province: Latium et Campania (Regio I) (EDH code LaC); EDH dating: not before 101 CE, not after 250 CE (149-year window); astronomical start_year 101. Data licence CC BY-SA 4.0. Caveats: wide EDH dating window (149 years)."
edh:hd000199,work,Epitaph from Campi Flegrei - Campi Flegrei,,"Latin epitaph; EDH HD000199 from Campi Flegrei - Campi Flegrei; monument type: Tafel; material: Marmor, weiß; transcription: D(is) M(anibus) / Iulio Crescen/tiano patri fi/li fecerunt",available,201,,medium,"Source: Epigraphic Database Heidelberg (https://edh.ub.uni-heidelberg.de), inscription HD000199, retrieved 2026-10-04; inscription type: titulus sepulcralis (EDH genre 'titsep'); province: Latium et Campania (Regio I) (EDH code LaC); EDH dating: not before 201 CE, not after 300 CE (99-year window); astronomical start_year 201. Data licence CC BY-SA 4.0."
edh:hd000200,work,Building/dedicatory inscription from Puteoli - Pozzuoli,,Latin building/dedicatory inscription; EDH HD000200 from Puteoli - Pozzuoli; monument type: Architekturteil; material: Marmor; transcription: [--- Avianiu]s / Vindicianu[s v(ir) c(larissimus) cons(ularis) Campaniae curavit?],available,370,,high,"Source: Epigraphic Database Heidelberg (https://edh.ub.uni-heidelberg.de), inscription HD000200, retrieved 2026-10-04; inscription type: titulus dedicatorius (EDH genre 'titoppubpriv?'); genre attribution uncertain in EDH; province: Latium et Campania (Regio I) (EDH code LaC); EDH dating: not before 370 CE, not after 379 CE (9-year window); astronomical start_year 370. Data licence CC BY-SA 4.0."
edh:hd000202,work,"Epitaph from Liternum, bei - Torre di Patria",,"Latin epitaph; EDH HD000202 from Liternum, bei - Torre di Patria; monument type: Tafel; material: Marmor; transcription: D(is) M(anibus) / Munio Puteol/ano qui vixit / annis XXVII / mensibus XI die/bus XXII amator/es (h)uius fecerunt / meren...",available,151,,medium,"Source: Epigraphic Database Heidelberg (https://edh.ub.uni-heidelberg.de), inscription HD000202, retrieved 2026-10-04; inscription type: titulus sepulcralis (EDH genre 'titsep'); province: Latium et Campania (Regio I) (EDH code LaC); EDH dating: not before 151 CE, not after 300 CE (149-year window); astronomical start_year 151. Data licence CC BY-SA 4.0. Caveats: wide EDH dating window (149 years)."
edh:hd000203,work,"Epitaph from Tusculum - Frascati, bei",,"Latin epitaph; EDH HD000203 from Tusculum - Frascati, bei; monument type: Tafel?; material: Marmor; transcription: $] / [---]rilius / [---]simae / [---] fuit / [--- sine ulla qu]erella / [---]AE / [---]M / [&",available,31,,medium,"Source: Epigraphic Database Heidelberg (https://edh.ub.uni-heidelberg.de), inscription HD000203, retrieved 2026-10-04; inscription type: titulus sepulcralis (EDH genre 'titsep?'); genre attribution uncertain in EDH; province: Latium et Campania (Regio I) (EDH code LaC); EDH dating: not before 31 CE, not after 70 CE (39-year window); astronomical start_year 31. Data licence CC BY-SA 4.0."
edh:hd000205,work,"Epitaph from Liternum, bei - Torre di Patria",,"Latin epitaph; EDH HD000205 from Liternum, bei - Torre di Patria; monument type: Tafel; material: Marmor; transcription: D(is) M(anibus) / Naevia Myr/tis vixit m/en(ses) III dies / VII Naevius / Maximus tr(ierarchus) / fil(iae) infelic(issim...",available,101,,medium,"Source: Epigraphic Database Heidelberg (https://edh.ub.uni-heidelberg.de), inscription HD000205, retrieved 2026-10-04; inscription type: titulus sepulcralis (EDH genre 'titsep'); province: Latium et Campania (Regio I) (EDH code LaC); EDH dating: not before 101 CE, not after 300 CE (199-year window); astronomical start_year 101. Data licence CC BY-SA 4.0. Caveats: wide EDH dating window (199 years)."
edh:hd000206,work,"Epitaph from Luceria, bei - Lucera, bei",,"Latin epitaph; EDH HD000206 from Luceria, bei - Lucera, bei; monument type: Block; material: Sandstein; transcription: D(is) M(anibus) / Phileto / Triphosa co[n]/servo et Phile/tus p(atri) b(ene) m(erenti) fe[c(erunt)]",available,101,,medium,"Source: Epigraphic Database Heidelberg (https://edh.ub.uni-heidelberg.de), inscription HD000206, retrieved 2026-10-04; inscription type: titulus sepulcralis (EDH genre 'titsep'); province: Apulia et Calabria (Regio II) (EDH code ApC); EDH dating: not before 101 CE, not after 200 CE (99-year window); astronomical start_year 101. Data licence CC BY-SA 4.0."
edh:hd000208,work,Epitaph from Nomentum - Mentana,,Latin epitaph; EDH HD000208 from Nomentum - Mentana; monument type: Tafel?; transcription: $]o C(ai) f(ilio) Ste(llatina) Pollion[i] / [trib(uno)] milit(um) leg(ionis) II[---] / [&,available,51,,medium,"Source: Epigraphic Database Heidelberg (https://edh.ub.uni-heidelberg.de), inscription HD000208, retrieved 2026-10-04; inscription type: titulus sepulcralis (EDH genre 'titsep'); province: Latium et Campania (Regio I) (EDH code LaC); EDH dating: not before 51 CE, not after 200 CE (149-year window); astronomical start_year 51. Data licence CC BY-SA 4.0. Caveats: wide EDH dating window (149 years)."
edh:hd000209,work,"Epitaph from Luceria, bei - Lucera, bei",,"Latin epitaph; EDH HD000209 from Luceria, bei - Lucera, bei; monument type: Stele; material: Kalkstein; transcription: Manibus / Pontiae / Anniae / vix(it) a(nnos) VII m(enses) VI d(ies) XVII / Annius p(ater) / et Pontia / Agrippina / mat(...",available,101,,medium,"Source: Epigraphic Database Heidelberg (https://edh.ub.uni-heidelberg.de), inscription HD000209, retrieved 2026-10-04; inscription type: titulus sepulcralis (EDH genre 'titsep'); province: Apulia et Calabria (Regio II) (EDH code ApC); EDH dating: not before 101 CE, not after 200 CE (99-year window); astronomical start_year 101. Data licence CC BY-SA 4.0."
edh:hd000211,work,"Epitaph from Luceria, bei - Lucera, bei",,"Latin epitaph; EDH HD000211 from Luceria, bei - Lucera, bei; monument type: Tafel; material: Gesteine unbestimmt; transcription: Caeciliae Birronis / l(ibertae) Pyrallidi / M(arcus) Laelius M(arci) l(ibertus) Donatus / et Caecilia Felicula et / Caec...",available,101,,medium,"Source: Epigraphic Database Heidelberg (https://edh.ub.uni-heidelberg.de), inscription HD000211, retrieved 2026-10-04; inscription type: titulus sepulcralis (EDH genre 'titsep'); province: Apulia et Calabria (Regio II) (EDH code ApC); EDH dating: not before 101 CE, not after 200 CE (99-year window); astronomical start_year 101. Data licence CC BY-SA 4.0."
edh:hd000212,work,Epitaph from Olevano Romano,,Latin epitaph; EDH HD000212 from Olevano Romano; monument type: Altar; material: Marmor; transcription: D(is) M(anibus) / Aeliae Antheri/an(a)e alumnae / Synforus Aug(usti) / lib(ertus),available,101,,medium,"Source: Epigraphic Database Heidelberg (https://edh.ub.uni-heidelberg.de), inscription HD000212, retrieved 2026-10-04; inscription type: titulus sepulcralis (EDH genre 'titsep'); province: Latium et Campania (Regio I) (EDH code LaC); EDH dating: not before 101 CE, not after 200 CE (99-year window); astronomical start_year 101. Data licence CC BY-SA 4.0."
edh:hd000215,work,Epitaph from Luceria - Lucera,,Latin epitaph; EDH HD000215 from Luceria - Lucera; monument type: Tafel; material: Kalkstein; transcription: [L(ucius) Ti]tius L(uci) l(ibertus) Adiutor / Aug(ustalis) sibi et L(ucio) Titio C(ai) f(ilio) / Sannioni patrono et / L...,available,101,,medium,"Source: Epigraphic Database Heidelberg (https://edh.ub.uni-heidelberg.de), inscription HD000215, retrieved 2026-10-04; inscription type: titulus sepulcralis (EDH genre 'titsep'); province: Apulia et Calabria (Regio II) (EDH code ApC); EDH dating: not before 101 CE, not after 200 CE (99-year window); astronomical start_year 101. Data licence CC BY-SA 4.0."
edh:hd000220,work,"Epitaph from Luceria, bei - Lucera, bei",,"Latin epitaph; EDH HD000220 from Luceria, bei - Lucera, bei; monument type: Stele; material: Kalkstein; transcription: Terentia / Patris l(iberta) / Terentio / Clementi patr(ono) / L(ucio) Terentio / Crescenti filio / C(aio) Calidio Syngra...",available,101,,medium,"Source: Epigraphic Database Heidelberg (https://edh.ub.uni-heidelberg.de), inscription HD000220, retrieved 2026-10-04; inscription type: titulus sepulcralis (EDH genre 'titsep'); province: Apulia et Calabria (Regio II) (EDH code ApC); EDH dating: not before 101 CE, not after 200 CE (99-year window); astronomical start_year 101. Data licence CC BY-SA 4.0."
edh:hd000221,work,Epitaph from unknown findspot,,Latin epitaph; EDH HD000221 from unknown findspot; monument type: Stele; material: Sandstein; transcription: D(is) M(anibus) s(acrum) / Cornelia / Iunia an/noru(m) XXVI / pia in suis / hic sita e/st s(it) t(ibi) t(erra) l(evis) /...,available,101,,medium,"Source: Epigraphic Database Heidelberg (https://edh.ub.uni-heidelberg.de), inscription HD000221, retrieved 2026-10-04; inscription type: titulus sepulcralis (EDH genre 'titsep'); province: Lusitania (EDH code Lus); EDH dating: not before 101 CE, not after 300 CE (199-year window); astronomical start_year 101. Data licence CC BY-SA 4.0. Caveats: wide EDH dating window (199 years)."
edh:hd000222,work,Identification inscription from Vasio Vocontiorum - Vaison-la-Romaine,,Latin identification inscription; EDH HD000222 from Vasio Vocontiorum - Vaison-la-Romaine; monument type: Tessera; material: Blei; transcription: ACCL / CORAXS / VMPIM / XI,available,1,,medium,"Source: Epigraphic Database Heidelberg (https://edh.ub.uni-heidelberg.de), inscription HD000222, retrieved 2026-10-04; inscription type: nota (EDH genre 'nota'); province: Narbonensis (EDH code Nar); EDH dating: not before 1 CE, not after 300 CE (299-year window); astronomical start_year 1. Data licence CC BY-SA 4.0. Caveats: wide EDH dating window (299 years)."
edh:hd000224,work,Epitaph from Emerita Augusta - Mérida,,Latin epitaph; EDH HD000224 from Emerita Augusta - Mérida; monument type: Tafel; transcription: D(is) M(anibus) s(acrum) / G(aio) M(---) Zosimo b(ene)f(iciario) leg(ionis) / VII gem(inae) p(iae) f(elicis) natione / I...,available,197,,medium,"Source: Epigraphic Database Heidelberg (https://edh.ub.uni-heidelberg.de), inscription HD000224, retrieved 2026-10-04; inscription type: titulus sepulcralis (EDH genre 'titsep'); province: Lusitania (EDH code Lus); EDH dating: not before 197 CE, not after 250 CE (53-year window); astronomical start_year 197. Data licence CC BY-SA 4.0."
edh:hd000225,work,Inscription from Sallèles-d'Aude,,Latin inscription; EDH HD000225 from Sallèles-d'Aude; material: Kalkstein; transcription: Pago M[---] / MESENCOM[---] / [&,available,1,,medium,"Source: Epigraphic Database Heidelberg (https://edh.ub.uni-heidelberg.de), inscription HD000225, retrieved 2026-10-04; inscription type not recorded in EDH (genre code 'empty'); province: Narbonensis (EDH code Nar); EDH dating: not before 1 CE, not after 300 CE (299-year window); astronomical start_year 1. Data licence CC BY-SA 4.0. Caveats: wide EDH dating window (299 years)."
edh:hd000234,work,Epitaph from Baumes-de-Venisse,,Latin epitaph; EDH HD000234 from Baumes-de-Venisse; monument type: Block; transcription: $]/RIAEECI[-] / qui vicx/it(!) an(n)os / [&,available,101,,medium,"Source: Epigraphic Database Heidelberg (https://edh.ub.uni-heidelberg.de), inscription HD000234, retrieved 2026-10-04; inscription type: titulus sepulcralis (EDH genre 'titsep'); province: Narbonensis (EDH code Nar); EDH dating: not before 101 CE, not after 300 CE (199-year window); astronomical start_year 101. Data licence CC BY-SA 4.0. Caveats: wide EDH dating window (199 years)."
edh:hd000237,work,Epitaph from Lavérune,,Latin epitaph; EDH HD000237 from Lavérune; monument type: Tafel; material: Kalkstein; transcription: Paula siv(e) Eus/tathia qui vi/xit fidelis a/nnum unum et men/sis septe(m) et dies XXII,available,301,,medium,"Source: Epigraphic Database Heidelberg (https://edh.ub.uni-heidelberg.de), inscription HD000237, retrieved 2026-10-04; inscription type: titulus sepulcralis (EDH genre 'titsep'); province: Narbonensis (EDH code Nar); EDH dating: not before 301 CE, not after 500 CE (199-year window); astronomical start_year 301. Data licence CC BY-SA 4.0. Caveats: wide EDH dating window (199 years)."
edh:hd000240,work,Inscription from Vaugine,,Latin inscription; EDH HD000240 from Vaugine; monument type: Tafel; material: Marmor; transcription: $] / [---]LIA[---] / [---]SVO[---] / [&,available,1,,medium,"Source: Epigraphic Database Heidelberg (https://edh.ub.uni-heidelberg.de), inscription HD000240, retrieved 2026-10-04; inscription type not recorded in EDH (genre code 'empty'); province: Narbonensis (EDH code Nar); EDH dating: not before 1 CE, not after 300 CE (299-year window); astronomical start_year 1. Data licence CC BY-SA 4.0. Caveats: wide EDH dating window (299 years)."
edh:hd000243,work,Epitaph from La Roque-Alric,,Latin epitaph; EDH HD000243 from La Roque-Alric; monument type: Altar; transcription: D(is) M(anibus) / Iovinus / pater et Leu/cadius mater fi/lio pientissimo / qui vixit annis / Leontidi / II et me(n)ses V...,available,201,,medium,"Source: Epigraphic Database Heidelberg (https://edh.ub.uni-heidelberg.de), inscription HD000243, retrieved 2026-10-04; inscription type: titulus sepulcralis (EDH genre 'titsep'); province: Narbonensis (EDH code Nar); EDH dating: not before 201 CE, not after 300 CE (99-year window); astronomical start_year 201. Data licence CC BY-SA 4.0."
edh:hd000246,work,Votive inscription from Condatomagus - La Graufesenque,,Latin votive inscription; EDH HD000246 from Condatomagus - La Graufesenque; monument type: Tessera; material: Bronze; transcription: Cl[e]men[s ---] / Paeder[os? ---] / Cauno[---] / v(otum) s(olverunt?) [l(ibentes?) m(erito)],available,101,,medium,"Source: Epigraphic Database Heidelberg (https://edh.ub.uni-heidelberg.de), inscription HD000246, retrieved 2026-10-04; inscription type: titulus votivus (EDH genre 'titsac'); province: Narbonensis (EDH code Nar); EDH dating: not before 101 CE, not after 150 CE (49-year window); astronomical start_year 101. Data licence CC BY-SA 4.0."
edh:hd000249,work,Inscription from Vachères,,Latin inscription; EDH HD000249 from Vachères; transcription: Sex(tus) Iu[l]ius / [S]aturninus / [&,available,1,,medium,"Source: Epigraphic Database Heidelberg (https://edh.ub.uni-heidelberg.de), inscription HD000249, retrieved 2026-10-04; inscription type not recorded in EDH (genre code 'empty'); province: Narbonensis (EDH code Nar); EDH dating: not before 1 CE, not after 300 CE (299-year window); astronomical start_year 1. Data licence CC BY-SA 4.0. Caveats: wide EDH dating window (299 years)."
edh:hd000252,work,Epitaph from Celti - Peñaflor,,"Latin epitaph; EDH HD000252 from Celti - Peñaflor; monument type: Tafel; material: Marmor, weiß; transcription: D(is) M(anibus) s(acrum) / L(ucius) Iun(ius) O/nesiph/orus an(norum) / LX p(ius) i(n) s(uis) / [h(ic) s(itus) e(st) s(it...",available,101,,medium,"Source: Epigraphic Database Heidelberg (https://edh.ub.uni-heidelberg.de), inscription HD000252, retrieved 2026-10-04; inscription type: titulus sepulcralis (EDH genre 'titsep'); province: Baetica (EDH code Bae); EDH dating: not before 101 CE, not after 200 CE (99-year window); astronomical start_year 101. Data licence CC BY-SA 4.0."
edh:hd000254,work,Epitaph from Roma? - Roma?,,Latin epitaph; EDH HD000254 from Roma? - Roma?; monument type: Tafel; material: Marmor; transcription: D(ecimus) Rocius / Florus decessit / intra annum XXV / pius qui neque matri / neque patri mal(e)dixit / unquam(!),available,101,,medium,"Source: Epigraphic Database Heidelberg (https://edh.ub.uni-heidelberg.de), inscription HD000254, retrieved 2026-10-04; inscription type: titulus sepulcralis (EDH genre 'titsep'); province: unknown province code 'Rom?' (EDH code Rom?); EDH dating: not before 101 CE, not after 200 CE (99-year window); astronomical start_year 101. Data licence CC BY-SA 4.0."
edh:hd000255,work,Epitaph from Celti - Peñaflor,,"Latin epitaph; EDH HD000255 from Celti - Peñaflor; monument type: Tafel; material: Marmor, weiß; transcription: D(is) M(anibus) s(acrum) / Sergia Rustica / ann(orum) LXXXX p(ia) / in suos h(ic) s(ita) e(st) / s(it) t(ibi) t(erra) l(...",available,131,,medium,"Source: Epigraphic Database Heidelberg (https://edh.ub.uni-heidelberg.de), inscription HD000255, retrieved 2026-10-04; inscription type: titulus sepulcralis (EDH genre 'titsep'); province: Baetica (EDH code Bae); EDH dating: not before 131 CE, not after 170 CE (39-year window); astronomical start_year 131. Data licence CC BY-SA 4.0."
edh:hd000258,work,Epitaph from Emerita Augusta - Mérida,,Latin epitaph; EDH HD000258 from Emerita Augusta - Mérida; monument type: Tafel; material: Kalkstein; transcription: $] / an(norum) [---] / h(ic) s(it--) [e(st)? &,available,-29,,medium,"Source: Epigraphic Database Heidelberg (https://edh.ub.uni-heidelberg.de), inscription HD000258, retrieved 2026-10-04; inscription type: titulus sepulcralis (EDH genre 'titsep'); province: Lusitania (EDH code Lus); EDH dating: not before 30 BCE, not after 30 CE (60-year window); astronomical start_year -29. Data licence CC BY-SA 4.0."
edh:hd000261,work,Epitaph from Emerita Augusta - Mérida,,Latin epitaph; EDH HD000261 from Emerita Augusta - Mérida; monument type: Tafel; material: Kalkstein; transcription: [---]no / [---] an(n)or(um) [---] / [--- e]t Val[---] / [&,available,1,,medium,"Source: Epigraphic Database Heidelberg (https://edh.ub.uni-heidelberg.de), inscription HD000261, retrieved 2026-10-04; inscription type: titulus sepulcralis (EDH genre 'titsep'); province: Lusitania (EDH code Lus); EDH dating: not before 1 CE, not after 100 CE (99-year window); astronomical start_year 1. Data licence CC BY-SA 4.0."
edh:hd000264,work,Epitaph from Ipolcobulcula - Carcabuey,,Latin epitaph; EDH HD000264 from Ipolcobulcula - Carcabuey; monument type: Tafel; material: Marmor; transcription: D(is) M(anibus) s(acrum) / Fortunatus m(unicipum) m(unicipii) Ipolcobul/culensium ser(vus) annor(um) XXXXIII / pius in s...,available,171,,medium,"Source: Epigraphic Database Heidelberg (https://edh.ub.uni-heidelberg.de), inscription HD000264, retrieved 2026-10-04; inscription type: titulus sepulcralis (EDH genre 'titsep'); province: Baetica (EDH code Bae); EDH dating: not before 171 CE, not after 230 CE (59-year window); astronomical start_year 171. Data licence CC BY-SA 4.0."
edh:hd000266,work,Epitaph from Lamego,,Latin epitaph; EDH HD000266 from Lamego; monument type: Stele; material: Granit; transcription: Talti/co V/enati / Pepo E/sui an(n)/orum / [&,available,1,,medium,"Source: Epigraphic Database Heidelberg (https://edh.ub.uni-heidelberg.de), inscription HD000266, retrieved 2026-10-04; inscription type: titulus sepulcralis (EDH genre 'titsep'); province: Lusitania (EDH code Lus); EDH dating: not before 1 CE, not after 200 CE (199-year window); astronomical start_year 1. Data licence CC BY-SA 4.0. Caveats: wide EDH dating window (199 years)."
edh:hd000267,work,Epitaph from Igabrum - Cabra,,Latin epitaph; EDH HD000267 from Igabrum - Cabra; monument type: Block; transcription: [D(is) M(anibus) s(acrum)] / [--- Urb?]anus C(?)[---] / [---] Igabren[si-] / [an(norum) --- pius] in suis h(ic) s(itus) ...,available,151,,medium,"Source: Epigraphic Database Heidelberg (https://edh.ub.uni-heidelberg.de), inscription HD000267, retrieved 2026-10-04; inscription type: titulus sepulcralis (EDH genre 'titsep'); province: Baetica (EDH code Bae); EDH dating: not before 151 CE, not after 200 CE (49-year window); astronomical start_year 151. Data licence CC BY-SA 4.0."
edh:hd000269,work,Epitaph from Orjais,,Latin epitaph; EDH HD000269 from Orjais; monument type: Block; material: Granit; transcription: Camira Sunuae lib(erta) / an(norum) XXV h(ic) s(ita) e(st) / Docquirus Catueni / et Sunua Docquiri / lib(erti) fil(iae) ...,available,1,,medium,"Source: Epigraphic Database Heidelberg (https://edh.ub.uni-heidelberg.de), inscription HD000269, retrieved 2026-10-04; inscription type: titulus sepulcralis (EDH genre 'titsep'); province: Lusitania (EDH code Lus); EDH dating: not before 1 CE, not after 100 CE (99-year window); astronomical start_year 1. Data licence CC BY-SA 4.0."
edh:hd000271,work,Epitaph from Naszály,,Latin epitaph; EDH HD000271 from Naszály; monument type: Stele; material: Kalkstein; transcription: D(is) [M(anibus)] // [---] Celerin/[ae quae vi]xit ann(os) / [---] Valenti/[nus strato]r leg(ati) leg(ionis) / [-- ad(iu...,available,201,,medium,"Source: Epigraphic Database Heidelberg (https://edh.ub.uni-heidelberg.de), inscription HD000271, retrieved 2026-10-04; inscription type: titulus sepulcralis (EDH genre 'titsep'); province: Pannonia superior (EDH code PaS); EDH dating: not before 201 CE, not after 300 CE (99-year window); astronomical start_year 201. Data licence CC BY-SA 4.0."
edh:hd000273,work,Votive inscription from Ibonoba - Cerro del Minguillar,,Latin votive inscription; EDH HD000273 from Ibonoba - Cerro del Minguillar; monument type: Statuenbasis; material: Kalkstein; transcription: Signum Victoriae / Aug(ustae) / M(arcus) Fabius Livianus pont(ifex) / mu<n=M>icipi#mu<n>icipi#MUMICIPI Sosonti/gitani ex...,available,171,,medium,"Source: Epigraphic Database Heidelberg (https://edh.ub.uni-heidelberg.de), inscription HD000273, retrieved 2026-10-04; inscription type: titulus votivus (EDH genre 'titsac'); province: Baetica (EDH code Bae); EDH dating: not before 171 CE, not after 250 CE (79-year window); astronomical start_year 171. Data licence CC BY-SA 4.0."
edh:hd000276,work,Epitaph from Monturque,,Latin epitaph; EDH HD000276 from Monturque; monument type: Stele; material: Kalkstein; transcription: L(ocus) p(edum) LV // Fuficia Q(uinti) [l(iberta)?] / Heracl[ia?] / h(ic) s(ita) e(st) s(it) [t(ibi) t(erra) l(evis)],available,1,,medium,"Source: Epigraphic Database Heidelberg (https://edh.ub.uni-heidelberg.de), inscription HD000276, retrieved 2026-10-04; inscription type: titulus sepulcralis (EDH genre 'titsep'); province: Baetica (EDH code Bae); EDH dating: not before 1 CE, not after 100 CE (99-year window); astronomical start_year 1. Data licence CC BY-SA 4.0."
edh:hd000278,work,Epitaph from Penude,,Latin epitaph; EDH HD000278 from Penude; monument type: Stele; material: Granit; transcription: Dibus M(anibus) / f(ecerunt) par(entes) p(iissimo?) // fi(lio) Ton[---] / a(nnorum) XVI,available,1,,medium,"Source: Epigraphic Database Heidelberg (https://edh.ub.uni-heidelberg.de), inscription HD000278, retrieved 2026-10-04; inscription type: titulus sepulcralis (EDH genre 'titsep'); province: Lusitania (EDH code Lus); EDH dating: not before 1 CE, not after 100 CE (99-year window); astronomical start_year 1. Data licence CC BY-SA 4.0."
edh:hd000281,work,"Epitaph from Nursia, bei - Norcia, bei",,"Latin epitaph; EDH HD000281 from Nursia, bei - Norcia, bei; monument type: Stele; material: Kalkstein; transcription: T(ito) Satriario",available,1,,medium,"Source: Epigraphic Database Heidelberg (https://edh.ub.uni-heidelberg.de), inscription HD000281, retrieved 2026-10-04; inscription type: titulus sepulcralis (EDH genre 'titsep'); province: Samnium (Regio IV) (EDH code Sam); EDH dating: not before 1 CE, not after 50 CE (49-year window); astronomical start_year 1. Data licence CC BY-SA 4.0."
edh:hd000282,work,Epitaph from Carnuntum - Bad Deutsch-Altenburg,,Latin epitaph; EDH HD000282 from Carnuntum - Bad Deutsch-Altenburg; monument type: Stele; material: Sandstein; transcription: C(aius) Iulius Vale/ns mil(es) leg(ionis) X / [gem(inae) o]p(tio?) st(i)p(endiorum) X / [ann(orum) ---]V h(ic) si(tus) /...,available,101,,medium,"Source: Epigraphic Database Heidelberg (https://edh.ub.uni-heidelberg.de), inscription HD000282, retrieved 2026-10-04; inscription type: titulus sepulcralis (EDH genre 'titsep'); province: Pannonia superior (EDH code PaS); EDH dating: not before 101 CE, not after 150 CE (49-year window); astronomical start_year 101. Data licence CC BY-SA 4.0."
edh:hd000287,work,"Epitaph from Nursia, bei - Ancarano",,"Latin epitaph; EDH HD000287 from Nursia, bei - Ancarano; monument type: Block; material: Kalkstein; transcription: T(iti) Tettideni / T(iti) l(iberti) Sextionis",available,51,,medium,"Source: Epigraphic Database Heidelberg (https://edh.ub.uni-heidelberg.de), inscription HD000287, retrieved 2026-10-04; inscription type: titulus sepulcralis (EDH genre 'titsep'); province: Samnium (Regio IV) (EDH code Sam); EDH dating: not before 51 CE, not after 200 CE (149-year window); astronomical start_year 51. Data licence CC BY-SA 4.0. Caveats: wide EDH dating window (149 years)."
edh:hd000290,work,"Epitaph from Nursia, bei - Ancarano",,"Latin epitaph; EDH HD000290 from Nursia, bei - Ancarano; monument type: Altar; material: Travertin; transcription: D(is) M(anibus) // Q(uinto) Instadio Q(uinti) f(ilio) / Quir(ina) Iusto / VIIIvir(o) II[vir(ali) pot(estate)?] / [&",available,71,,medium,"Source: Epigraphic Database Heidelberg (https://edh.ub.uni-heidelberg.de), inscription HD000290, retrieved 2026-10-04; inscription type: titulus sepulcralis (EDH genre 'titsep'); province: Samnium (Regio IV) (EDH code Sam); EDH dating: not before 71 CE, not after 150 CE (79-year window); astronomical start_year 71. Data licence CC BY-SA 4.0."
edh:hd000293,work,"Epitaph from Nursia, bei - Norcia, bei",,"Latin epitaph; EDH HD000293 from Nursia, bei - Norcia, bei; material: Kalkstein; transcription: Q(uintus) Octavius / VIIIvir II",available,1,,medium,"Source: Epigraphic Database Heidelberg (https://edh.ub.uni-heidelberg.de), inscription HD000293, retrieved 2026-10-04; inscription type: titulus sepulcralis (EDH genre 'titsep?'); genre attribution uncertain in EDH; province: Samnium (Regio IV) (EDH code Sam); EDH dating: not before 1 CE, not after 100 CE (99-year window); astronomical start_year 1. Data licence CC BY-SA 4.0."
edh:hd000295,work,Votive inscription from Arzon,,Latin votive inscription; EDH HD000295 from Arzon; monument type: Statuenbasis; material: Sandstein; transcription: [------] / [------] / [------] / [---]inus / [---] pro / C(ornelio?) Sabin(o?) / fil(io) v(otum) s(olvit) l(ibens) m(eri...,available,1,,medium,"Source: Epigraphic Database Heidelberg (https://edh.ub.uni-heidelberg.de), inscription HD000295, retrieved 2026-10-04; inscription type: titulus votivus (EDH genre 'titsac'); province: Lugdunensis (EDH code Lug); EDH dating: not before 1 CE, not after 200 CE (199-year window); astronomical start_year 1. Data licence CC BY-SA 4.0. Caveats: wide EDH dating window (199 years)."
edh:hd000296,work,Votive inscription from Legogne,,Latin votive inscription; EDH HD000296 from Legogne; monument type: Statuenbasis?; material: Kalkstein; transcription: C(aius) Pompue/dius C(ai) l(ibertus) / lib(rarius?),available,1,,medium,"Source: Epigraphic Database Heidelberg (https://edh.ub.uni-heidelberg.de), inscription HD000296, retrieved 2026-10-04; inscription type: titulus votivus (EDH genre 'titsac?'); genre attribution uncertain in EDH; province: Samnium (Regio IV) (EDH code Sam); EDH dating: not before 1 CE, not after 100 CE (99-year window); astronomical start_year 1. Data licence CC BY-SA 4.0."
edh:hd000298,work,Epitaph from Carnuntum - Bad Deutsch-Altenburg,,Latin epitaph; EDH HD000298 from Carnuntum - Bad Deutsch-Altenburg; monument type: Stele; material: Sandstein; transcription: Q(uintus) Varius A(uli) f(ilius) / Pup(inia) mil(es) leg(ionis) XV / Apol(linaris) an(norum) XLV / stip(endiorum) XXIIII...,available,39,,medium,"Source: Epigraphic Database Heidelberg (https://edh.ub.uni-heidelberg.de), inscription HD000298, retrieved 2026-10-04; inscription type: titulus sepulcralis (EDH genre 'titsep'); province: Pannonia superior (EDH code PaS); EDH dating: not before 39 CE, not after 63 CE (24-year window); astronomical start_year 39. Data licence CC BY-SA 4.0."
edh:hd000299,work,"Votive inscription from Nursia, bei - Popoli",,"Latin votive inscription; EDH HD000299 from Nursia, bei - Popoli; monument type: Altar; material: Kalkstein; transcription: D(is) M(anibus) // sacrum / Herculi / L(ucius) Pulsinienus / Iunianus / pro salute mea / et meorum dis / donum dedi",available,31,,medium,"Source: Epigraphic Database Heidelberg (https://edh.ub.uni-heidelberg.de), inscription HD000299, retrieved 2026-10-04; inscription type: titulus votivus (EDH genre 'titsac'); province: Samnium (Regio IV) (EDH code Sam); EDH dating: not before 31 CE, not after 70 CE (39-year window); astronomical start_year 31. Data licence CC BY-SA 4.0."
edh:hd000301,work,Epitaph from Carnuntum - Petronell-Carnuntum,,Latin epitaph; EDH HD000301 from Carnuntum - Petronell-Carnuntum; monument type: Stele; material: Sandstein; transcription: [D(is)] M(anibus) / RPAILLI / Adiect(a)e / Masuet(a)e / Agili / Sollemni,available,71,,medium,"Source: Epigraphic Database Heidelberg (https://edh.ub.uni-heidelberg.de), inscription HD000301, retrieved 2026-10-04; inscription type: titulus sepulcralis (EDH genre 'titsep'); province: Pannonia superior (EDH code PaS); EDH dating: not before 71 CE, not after 200 CE (129-year window); astronomical start_year 71. Data licence CC BY-SA 4.0. Caveats: wide EDH dating window (129 years)."
edh:hd000302,work,"Inscription from Nursia, bei - S. Pellegrino",,"Latin inscription; EDH HD000302 from Nursia, bei - S. Pellegrino; monument type: Block; material: Kalkstein; transcription: C(aius) Valerius(?) [---] / [&",available,1,,medium,"Source: Epigraphic Database Heidelberg (https://edh.ub.uni-heidelberg.de), inscription HD000302, retrieved 2026-10-04; inscription type not recorded in EDH (genre code 'empty'); province: Samnium (Regio IV) (EDH code Sam); EDH dating: not before 1 CE, not after 100 CE (99-year window); astronomical start_year 1. Data licence CC BY-SA 4.0."
edh:hd000303,work,Epitaph from Loveč,,Latin epitaph; EDH HD000303 from Loveč; monument type: Stele; material: Kalkstein; transcription: Dis M(anibus) / Fl(avia) Ven[e]/ta vix(it) / annis / XXX / Val(erius) / Ianuarius / c(oniugi) c(arissimae) b(ene) m(eren...,available,151,,medium,"Source: Epigraphic Database Heidelberg (https://edh.ub.uni-heidelberg.de), inscription HD000303, retrieved 2026-10-04; inscription type: titulus sepulcralis (EDH genre 'titsep'); province: Moesia inferior (EDH code MoI); EDH dating: not before 151 CE, not after 200 CE (49-year window); astronomical start_year 151. Data licence CC BY-SA 4.0."
edh:hd000304,work,Epitaph from Carnuntum - Bad Deutsch-Altenburg,,Latin epitaph; EDH HD000304 from Carnuntum - Bad Deutsch-Altenburg; monument type: Stele; material: Sandstein; transcription: Messia / Flora / an(norum) XLV / h(ic) s(ita) e(st),available,1,,medium,"Source: Epigraphic Database Heidelberg (https://edh.ub.uni-heidelberg.de), inscription HD000304, retrieved 2026-10-04; inscription type: titulus sepulcralis (EDH genre 'titsep'); province: Pannonia superior (EDH code PaS); EDH dating: not before 1 CE, not after 100 CE (99-year window); astronomical start_year 1. Data licence CC BY-SA 4.0."
edh:hd000305,work,Epitaph from Valcaldara,,Latin epitaph; EDH HD000305 from Valcaldara; monument type: Block; material: Gesteine unbestimmt; transcription: Petroniae / P(ubli) f(iliae) / Volusia P(ubli) f(ilia) / matri,available,1,,medium,"Source: Epigraphic Database Heidelberg (https://edh.ub.uni-heidelberg.de), inscription HD000305, retrieved 2026-10-04; inscription type: titulus sepulcralis (EDH genre 'titsep'); province: Samnium (Regio IV) (EDH code Sam); EDH dating: not before 1 CE, not after 100 CE (99-year window); astronomical start_year 1. Data licence CC BY-SA 4.0."
edh:hd000307,work,Epitaph from Carnuntum - Bad Deutsch-Altenburg,,Latin epitaph; EDH HD000307 from Carnuntum - Bad Deutsch-Altenburg; monument type: Stele; material: Sandstein; transcription: Victor / Aureli / f(ilius) an(norum) IIII / pater / p(osuit) / h(ic) s(itus) e(st),available,1,,medium,"Source: Epigraphic Database Heidelberg (https://edh.ub.uni-heidelberg.de), inscription HD000307, retrieved 2026-10-04; inscription type: titulus sepulcralis (EDH genre 'titsep'); province: Pannonia superior (EDH code PaS); EDH dating: not before 1 CE, not after 100 CE (99-year window); astronomical start_year 1. Data licence CC BY-SA 4.0."
edh:hd000308,work,Epitaph from Nursia - Norcia,,Latin epitaph; EDH HD000308 from Nursia - Norcia; monument type: Block; material: Gesteine unbestimmt; transcription: $] / [---]AR[---] / [---]us |(mulieris) l(ibertus) Pyla[des] / [--- a]e |(mulieris) l(ibertae) Rufae / [---]ti com[pari?...,available,51,,medium,"Source: Epigraphic Database Heidelberg (https://edh.ub.uni-heidelberg.de), inscription HD000308, retrieved 2026-10-04; inscription type: titulus sepulcralis (EDH genre 'titsep'); province: Samnium (Regio IV) (EDH code Sam); EDH dating: not before 51 CE, not after 200 CE (149-year window); astronomical start_year 51. Data licence CC BY-SA 4.0. Caveats: wide EDH dating window (149 years)."
edh:hd000310,work,"Epitaph from Domavium, bei - Bratunac",,"Latin epitaph; EDH HD000310 from Domavium, bei - Bratunac; monument type: Stele; transcription: D(is) M(anibus) / Severinus / veteranus / vixit an(nos) XIX(?) / Tem[a]ntia / mater et fra/tres pos(uerunt)",available,301,,medium,"Source: Epigraphic Database Heidelberg (https://edh.ub.uni-heidelberg.de), inscription HD000310, retrieved 2026-10-04; inscription type: titulus sepulcralis (EDH genre 'titsep'); province: Dalmatia (EDH code Dal); EDH dating: not before 301 CE, not after 400 CE (99-year window); astronomical start_year 301. Data licence CC BY-SA 4.0."
edh:hd000311,work,Epitaph from Preci,,Latin epitaph; EDH HD000311 from Preci; monument type: Altar; material: Travertin; transcription: D(is) M(anibus) / Capiae / Felicitati / C(aius) Capius / Epitanus / coniugi / bene merenti / et sibi,available,101,,medium,"Source: Epigraphic Database Heidelberg (https://edh.ub.uni-heidelberg.de), inscription HD000311, retrieved 2026-10-04; inscription type: titulus sepulcralis (EDH genre 'titsep'); province: Samnium (Regio IV) (EDH code Sam); EDH dating: not before 101 CE, not after 200 CE (99-year window); astronomical start_year 101. Data licence CC BY-SA 4.0."
edh:hd000313,work,"Epitaph from Domavium, bei - Srebrenica",,"Latin epitaph; EDH HD000313 from Domavium, bei - Srebrenica; monument type: Stele; transcription: D(is) [M(anibus) s(acrum)?] / [--]CITI CTO[---]/rius MAR[---] / [-]ius CON[---] / [&",available,101,,medium,"Source: Epigraphic Database Heidelberg (https://edh.ub.uni-heidelberg.de), inscription HD000313, retrieved 2026-10-04; inscription type: titulus sepulcralis (EDH genre 'titsep'); province: Dalmatia (EDH code Dal); EDH dating: not before 101 CE, not after 300 CE (199-year window); astronomical start_year 101. Data licence CC BY-SA 4.0. Caveats: wide EDH dating window (199 years)."
edh:hd000314,work,Votive inscription from Nursia - Norcia,,Latin votive inscription; EDH HD000314 from Nursia - Norcia; monument type: Statuenbasis?; material: Kalkstein; transcription: Sabda Iovi [&,available,1,,medium,"Source: Epigraphic Database Heidelberg (https://edh.ub.uni-heidelberg.de), inscription HD000314, retrieved 2026-10-04; inscription type: titulus votivus (EDH genre 'titsac'); province: Samnium (Regio IV) (EDH code Sam); EDH dating: not before 1 CE, not after 100 CE (99-year window); astronomical start_year 1. Data licence CC BY-SA 4.0."
edh:hd000316,work,Epitaph from Municipium S[---] - Pljevlja,,Latin epitaph; EDH HD000316 from Municipium S[---] - Pljevlja; monument type: Stele; transcription: D(is) M(anibus) s(acrum) / Fl(aviae) Mar/cellae q(uae) v(ixit) / a(nnos) XXXIV / Nantius / Sexti c(oniugi) b(ene) m(eren...,available,151,,medium,"Source: Epigraphic Database Heidelberg (https://edh.ub.uni-heidelberg.de), inscription HD000316, retrieved 2026-10-04; inscription type: titulus sepulcralis (EDH genre 'titsep'); province: Dalmatia (EDH code Dal); EDH dating: not before 151 CE, not after 200 CE (49-year window); astronomical start_year 151. Data licence CC BY-SA 4.0."
edh:hd000317,work,"Epitaph from Nursia, bei - Norcia, bei",,"Latin epitaph; EDH HD000317 from Nursia, bei - Norcia, bei; material: Travertin; transcription: [Pa]edagogu[s] / L(ucius) Greius L(uci) l(ibertus) / Secundus / L(ucius) Greius L(uciorum duorum) l(ibertus) / Lesbius",available,1,,medium,"Source: Epigraphic Database Heidelberg (https://edh.ub.uni-heidelberg.de), inscription HD000317, retrieved 2026-10-04; inscription type: titulus sepulcralis (EDH genre 'titsep'); province: Samnium (Regio IV) (EDH code Sam); EDH dating: not before 1 CE, not after 100 CE (99-year window); astronomical start_year 1. Data licence CC BY-SA 4.0."
edh:hd000319,work,Epitaph from Municipium S[---] - Pljevlja,,Latin epitaph; EDH HD000319 from Municipium S[---] - Pljevlja; monument type: Stele; material: Kalkmergel / Mergel; transcription: D(is) M(anibus) s(acrum) / L(ucio) Cipio / Fausto et / Frunitae / fil(iae) L(ucius) Paconi/us Barbario / cognatus et / L...,available,151,,medium,"Source: Epigraphic Database Heidelberg (https://edh.ub.uni-heidelberg.de), inscription HD000319, retrieved 2026-10-04; inscription type: titulus sepulcralis (EDH genre 'titsep'); province: Dalmatia (EDH code Dal); EDH dating: not before 151 CE, not after 230 CE (79-year window); astronomical start_year 151. Data licence CC BY-SA 4.0."
edh:hd000320,work,Acclamation from Maritima Avaticorum - Martigues,,Latin acclamation; EDH HD000320 from Maritima Avaticorum - Martigues; monument type: instrdom; material: Ton; transcription: Sapeoni / cera // Pylades nica / Luci // [Pyl]ades nica / Luci // [---]N[---] / TV[&,available,161,,high,"Source: Epigraphic Database Heidelberg (https://edh.ub.uni-heidelberg.de), inscription HD000320, retrieved 2026-10-04; inscription type: acclamatio (EDH genre 'titaccl'); province: Narbonensis (EDH code Nar); EDH dating: not before 161 CE, not after 180 CE (19-year window); astronomical start_year 161. Data licence CC BY-SA 4.0."
edh:hd000322,work,Epitaph from Municipium S[---] - Pljevlja,,Latin epitaph; EDH HD000322 from Municipium S[---] - Pljevlja; monument type: Stele; transcription: Q(uinto) Valerio / Quadra/to an(norum) LXI / L(ucius) Val(erius) Celer / [&,available,71,,medium,"Source: Epigraphic Database Heidelberg (https://edh.ub.uni-heidelberg.de), inscription HD000322, retrieved 2026-10-04; inscription type: titulus sepulcralis (EDH genre 'titsep'); province: Dalmatia (EDH code Dal); EDH dating: not before 71 CE, not after 170 CE (99-year window); astronomical start_year 71. Data licence CC BY-SA 4.0."
edh:hd000325,work,Votive inscription from Municipium S[---] - Pljevlja,,Latin votive inscription; EDH HD000325 from Municipium S[---] - Pljevlja; monument type: Altar; transcription: Herculi / s(acrum) Cornif/icius Ve/rus l(ibens) v(oto) p(osuit),available,151,,medium,"Source: Epigraphic Database Heidelberg (https://edh.ub.uni-heidelberg.de), inscription HD000325, retrieved 2026-10-04; inscription type: titulus votivus (EDH genre 'titsac'); province: Dalmatia (EDH code Dal); EDH dating: not before 151 CE, not after 300 CE (149-year window); astronomical start_year 151. Data licence CC BY-SA 4.0. Caveats: wide EDH dating window (149 years)."
edh:hd000328,work,Epitaph from Divodurum - Metz,,Latin epitaph; EDH HD000328 from Divodurum - Metz; monument type: Stele; transcription: D(is) M(anibus) / Belatullus Cossi / Marullina Bellos Belat/ulli,available,101,,medium,"Source: Epigraphic Database Heidelberg (https://edh.ub.uni-heidelberg.de), inscription HD000328, retrieved 2026-10-04; inscription type: titulus sepulcralis (EDH genre 'titsep'); province: Belgica (EDH code Bel); EDH dating: not before 101 CE, not after 200 CE (99-year window); astronomical start_year 101. Data licence CC BY-SA 4.0."
edh:hd000331,work,Epitaph from Divodurum - Metz,,Latin epitaph; EDH HD000331 from Divodurum - Metz; monument type: Stele; material: Kalkstein; transcription: D(is) M(anibus) / Lupio / Eustachio,available,101,,medium,"Source: Epigraphic Database Heidelberg (https://edh.ub.uni-heidelberg.de), inscription HD000331, retrieved 2026-10-04; inscription type: titulus sepulcralis (EDH genre 'titsep'); province: Belgica (EDH code Bel); EDH dating: not before 101 CE, not after 200 CE (99-year window); astronomical start_year 101. Data licence CC BY-SA 4.0."
edh:hd000332,work,"Epitaph from Ebora, bei - Veiros",,"Latin epitaph; EDH HD000332 from Ebora, bei - Veiros; monument type: Tafel; material: Marmor, geädert / farbig; transcription: L(ucius) Marius L(uci) f(ilius) / Pap(iria) / Caprarius / h(ic) s(itus) e(st)",available,1,,medium,"Source: Epigraphic Database Heidelberg (https://edh.ub.uni-heidelberg.de), inscription HD000332, retrieved 2026-10-04; inscription type: titulus sepulcralis (EDH genre 'titsep'); province: Lusitania (EDH code Lus); EDH dating: not before 1 CE, not after 50 CE (49-year window); astronomical start_year 1. Data licence CC BY-SA 4.0."
edh:hd000334,work,Votive inscription from Divodurum - Metz,,Latin votive inscription; EDH HD000334 from Divodurum - Metz; transcription: Silvano / sacr(um) / et Nymphis loci / Arete Druis / antistita / somnio monita / d(edit),available,101,,medium,"Source: Epigraphic Database Heidelberg (https://edh.ub.uni-heidelberg.de), inscription HD000334, retrieved 2026-10-04; inscription type: titulus votivus (EDH genre 'titsac'); province: Belgica (EDH code Bel); EDH dating: not before 101 CE, not after 200 CE (99-year window); astronomical start_year 101. Data licence CC BY-SA 4.0."
edh:hd000335,work,Epitaph from Pax Iulia? - Beja?,,"Latin epitaph; EDH HD000335 from Pax Iulia? - Beja?; monument type: Tafel; material: Marmor, geädert / farbig; transcription: M(arcus) Iulius / Avitus O/lisip(onensis) annor(um) / XXX h(ic) s(itus) e(st)",available,1,,medium,"Source: Epigraphic Database Heidelberg (https://edh.ub.uni-heidelberg.de), inscription HD000335, retrieved 2026-10-04; inscription type: titulus sepulcralis (EDH genre 'titsep'); province: Lusitania (EDH code Lus); EDH dating: not before 1 CE, not after 200 CE (199-year window); astronomical start_year 1. Data licence CC BY-SA 4.0. Caveats: wide EDH dating window (199 years)."
edh:hd000337,work,"Votive inscription from Möhn, bei",,"Latin votive inscription; EDH HD000337 from Möhn, bei; monument type: Basis; material: Kalkstein; transcription: Marti Sme[rtuli]t[a]no et [Anc]amnae / C(aius) G(---) Sec[---] / [&",available,71,,medium,"Source: Epigraphic Database Heidelberg (https://edh.ub.uni-heidelberg.de), inscription HD000337, retrieved 2026-10-04; inscription type: titulus votivus (EDH genre 'titsac'); province: Belgica (EDH code Bel); EDH dating: not before 71 CE, not after 200 CE (129-year window); astronomical start_year 71. Data licence CC BY-SA 4.0. Caveats: wide EDH dating window (129 years)."
edh:hd000338,work,Epitaph from Mombeja,,Latin epitaph; EDH HD000338 from Mombeja; monument type: Stele; material: Granit; transcription: D(is) [M(anibus) ---] / L(ucio) I(ulio?) G(aleria) Ar[con?]/i an[n(orum) ---] / h(ic) s(itus) e(st),available,71,,medium,"Source: Epigraphic Database Heidelberg (https://edh.ub.uni-heidelberg.de), inscription HD000338, retrieved 2026-10-04; inscription type: titulus sepulcralis (EDH genre 'titsep'); province: Lusitania (EDH code Lus); EDH dating: not before 71 CE, not after 130 CE (59-year window); astronomical start_year 71. Data licence CC BY-SA 4.0."
edh:hd000340,work,Votive inscription from Ganuenta? - Colijnsplaat,,Latin votive inscription; EDH HD000340 from Ganuenta? - Colijnsplaat; monument type: Altar; material: Kalkstein; transcription: De[ae] Nehalenni[ae] / [-] Val(erius) Mar[---] / negot(iator) Can[tianus] / [et?] Geserecan[us! ---] / [o]b merces bene ...,available,151,,medium,"Source: Epigraphic Database Heidelberg (https://edh.ub.uni-heidelberg.de), inscription HD000340, retrieved 2026-10-04; inscription type: titulus votivus (EDH genre 'titsac'); province: Belgica (EDH code Bel); EDH dating: not before 151 CE, not after 250 CE (99-year window); astronomical start_year 151. Data licence CC BY-SA 4.0."
edh:hd000341,work,Votive inscription from S. Domingos de Rana,,"Latin votive inscription; EDH HD000341 from S. Domingos de Rana; monument type: Altar; material: Marmor, geädert / farbig; transcription: Auctus et / Herm[e]s deae / magistri / donum",available,1,,medium,"Source: Epigraphic Database Heidelberg (https://edh.ub.uni-heidelberg.de), inscription HD000341, retrieved 2026-10-04; inscription type: titulus votivus (EDH genre 'titsac'); province: Lusitania (EDH code Lus); EDH dating: not before 1 CE, not after 50 CE (49-year window); astronomical start_year 1. Data licence CC BY-SA 4.0."
edh:hd000343,work,Votive inscription from Ganuenta? - Colijnsplaat,,Latin votive inscription; EDH HD000343 from Ganuenta? - Colijnsplaat; monument type: Altar; material: Kalkstein; transcription: Deae Nehalen/niae P(ublius) Ariseniu/s Marius libert/us P(ubli) Ariseni V[---]/hi negotiato/ris Britannicia/ni ob merces...,available,151,,medium,"Source: Epigraphic Database Heidelberg (https://edh.ub.uni-heidelberg.de), inscription HD000343, retrieved 2026-10-04; inscription type: titulus votivus (EDH genre 'titsac'); province: Belgica (EDH code Bel); EDH dating: not before 151 CE, not after 250 CE (99-year window); astronomical start_year 151. Data licence CC BY-SA 4.0."
edh:hd000344,work,Epitaph from Orjais,,Latin epitaph; EDH HD000344 from Orjais; monument type: Tafel; material: Marmor; transcription: M(arcus) Iu[lius ---] / S[---] / [&,available,1,,medium,"Source: Epigraphic Database Heidelberg (https://edh.ub.uni-heidelberg.de), inscription HD000344, retrieved 2026-10-04; inscription type: titulus sepulcralis (EDH genre 'titsep'); province: Lusitania (EDH code Lus); EDH dating: not before 1 CE, not after 100 CE (99-year window); astronomical start_year 1. Data licence CC BY-SA 4.0."
edh:hd000346,work,Votive inscription from Ganuenta? - Colijnsplaat,,Latin votive inscription; EDH HD000346 from Ganuenta? - Colijnsplaat; monument type: Altar; material: Kalkstein; transcription: Deae / Nehalenniae / C(aius) Aurelius / Verus / negotiator / Britannicianus / ex voto l(ibens) m(erito),available,151,,medium,"Source: Epigraphic Database Heidelberg (https://edh.ub.uni-heidelberg.de), inscription HD000346, retrieved 2026-10-04; inscription type: titulus votivus (EDH genre 'titsac'); province: Belgica (EDH code Bel); EDH dating: not before 151 CE, not after 250 CE (99-year window); astronomical start_year 151. Data licence CC BY-SA 4.0."
edh:hd000347,work,"Epitaph from Pisaurum, bei - San Christoforo ad Aquilam",,"Latin epitaph; EDH HD000347 from Pisaurum, bei - San Christoforo ad Aquilam; monument type: Block; material: Kalkstein; transcription: [---] l(iberti) Demetri [---]",available,-30,,medium,"Source: Epigraphic Database Heidelberg (https://edh.ub.uni-heidelberg.de), inscription HD000347, retrieved 2026-10-04; inscription type: titulus sepulcralis (EDH genre 'titsep'); province: Umbria (Regio VI) (EDH code Umb); EDH dating: not before 31 BCE, not after 31 CE (62-year window); astronomical start_year -30. Data licence CC BY-SA 4.0."
edh:hd000349,work,Votive inscription from Sittard-Geleen,,"Latin votive inscription; EDH HD000349 from Sittard-Geleen; monument type: Basis; material: Bronze, Emaille; transcription: Deae Arcanu(a)e Ulpius / Verinus veteranus leg(ionis) VI v(otum) s(olvit) l(ibens) m(erito)",available,101,,medium,"Source: Epigraphic Database Heidelberg (https://edh.ub.uni-heidelberg.de), inscription HD000349, retrieved 2026-10-04; inscription type: titulus votivus (EDH genre 'titsac'); province: Germania inferior (EDH code GeI); EDH dating: not before 101 CE, not after 150 CE (49-year window); astronomical start_year 101. Data licence CC BY-SA 4.0."
edh:hd000350,work,Inscription from Sarrians,,Latin inscription; EDH HD000350 from Sarrians; monument type: Block; transcription: D(ecimus) Sintacius Tempori[&,available,51,,medium,"Source: Epigraphic Database Heidelberg (https://edh.ub.uni-heidelberg.de), inscription HD000350, retrieved 2026-10-04; inscription type not recorded in EDH (genre code 'empty'); province: Narbonensis (EDH code Nar); EDH dating: not before 51 CE, not after 200 CE (149-year window); astronomical start_year 51. Data licence CC BY-SA 4.0. Caveats: wide EDH dating window (149 years)."
edh:hd000352,work,Votive inscription from Buchten,,Latin votive inscription; EDH HD000352 from Buchten; monument type: Tessera; material: Bronze; transcription: D(eae) Arkanu/ae(!) / M(arcus) I(ulius?) Am(andus?) / l(ibens) m(erito),available,101,,medium,"Source: Epigraphic Database Heidelberg (https://edh.ub.uni-heidelberg.de), inscription HD000352, retrieved 2026-10-04; inscription type: titulus votivus (EDH genre 'titsac'); province: Germania inferior (EDH code GeI); EDH dating: not before 101 CE, not after 300 CE (199-year window); astronomical start_year 101. Data licence CC BY-SA 4.0. Caveats: wide EDH dating window (199 years)."
edh:hd000353,work,Epitaph from Montsalier,,Latin epitaph; EDH HD000353 from Montsalier; material: Kalkstein; transcription: D(is) M(anibus) / Attius Soficus / Aurelio Victo/rino,available,101,,medium,"Source: Epigraphic Database Heidelberg (https://edh.ub.uni-heidelberg.de), inscription HD000353, retrieved 2026-10-04; inscription type: titulus sepulcralis (EDH genre 'titsep'); province: Narbonensis (EDH code Nar); EDH dating: not before 101 CE, not after 200 CE (99-year window); astronomical start_year 101. Data licence CC BY-SA 4.0."
edh:hd000355,work,"Votive inscription from Iuliacum, bei - Linnich",,"Latin votive inscription; EDH HD000355 from Iuliacum, bei - Linnich; monument type: Altar; material: Kalkstein; transcription: [M]atronis / [&",available,151,,medium,"Source: Epigraphic Database Heidelberg (https://edh.ub.uni-heidelberg.de), inscription HD000355, retrieved 2026-10-04; inscription type: titulus votivus (EDH genre 'titsac'); province: Germania inferior (EDH code GeI); EDH dating: not before 151 CE, not after 250 CE (99-year window); astronomical start_year 151. Data licence CC BY-SA 4.0."
edh:hd000356,work,Votive inscription from S. Eufémia,,Latin votive inscription; EDH HD000356 from S. Eufémia; monument type: Altar; material: Granit; transcription: [C]asabius / [T]urrilli f(ilius) / v(otum) s(olvit) l(ibens) m(erito) / r(editus?) c(ausa?),available,101,,medium,"Source: Epigraphic Database Heidelberg (https://edh.ub.uni-heidelberg.de), inscription HD000356, retrieved 2026-10-04; inscription type: titulus votivus (EDH genre 'titsac'); province: Lusitania (EDH code Lus); EDH dating: not before 101 CE, not after 200 CE (99-year window); astronomical start_year 101. Data licence CC BY-SA 4.0."
edh:hd000358,work,Epitaph from Mogontiacum - Mainz,,Latin epitaph; EDH HD000358 from Mogontiacum - Mainz; transcription: C(aius) Cassius / C(ai) f(ilius) Cla(udia) / Valens / Var[var(ia)] / [&,available,1,,medium,"Source: Epigraphic Database Heidelberg (https://edh.ub.uni-heidelberg.de), inscription HD000358, retrieved 2026-10-04; inscription type: titulus sepulcralis (EDH genre 'titsep'); province: Germania superior (EDH code GeS); EDH dating: not before 1 CE, not after 100 CE (99-year window); astronomical start_year 1. Data licence CC BY-SA 4.0."
edh:hd000359,work,Epitaph from Lamego,,Latin epitaph; EDH HD000359 from Lamego; monument type: Tafel; material: Granit; transcription: $] / [C]aturonis / [h(ic)] s(itus?) e(st) s(it) t(ibi) t(erra) l(evis) [---] / [---]ER[---] / [---]A[&,available,1,,medium,"Source: Epigraphic Database Heidelberg (https://edh.ub.uni-heidelberg.de), inscription HD000359, retrieved 2026-10-04; inscription type: titulus sepulcralis (EDH genre 'titsep'); province: Lusitania (EDH code Lus); EDH dating: not before 1 CE, not after 100 CE (99-year window); astronomical start_year 1. Data licence CC BY-SA 4.0."
edh:hd000360,work,Inscription from Nursia - Norcia,,Latin inscription; EDH HD000360 from Nursia - Norcia; monument type: Block; material: Kalkstein; transcription: Q(uintus) Caesiarus(!) T(iti) f(ilius) Po[---],available,1,,medium,"Source: Epigraphic Database Heidelberg (https://edh.ub.uni-heidelberg.de), inscription HD000360, retrieved 2026-10-04; inscription type not recorded in EDH (genre code 'empty'); province: Samnium (Regio IV) (EDH code Sam); EDH dating: not before 1 CE, not after 50 CE (49-year window); astronomical start_year 1. Data licence CC BY-SA 4.0."
edh:hd000361,work,Votive inscription from Belginum - Morbach,,Latin votive inscription; EDH HD000361 from Belginum - Morbach; monument type: Tafel; material: Kalkstein; transcription: In honor(em) dom(us) d[ivin(ae)] / deo Creto[ni et] / Genio [p]agi AC(?)[---] / P(ublius) Capitonius [---] / ad excol[en...,available,171,,medium,"Source: Epigraphic Database Heidelberg (https://edh.ub.uni-heidelberg.de), inscription HD000361, retrieved 2026-10-04; inscription type: titulus votivus (EDH genre 'titsac'); province: Germania superior (EDH code GeS); EDH dating: not before 171 CE, not after 230 CE (59-year window); astronomical start_year 171. Data licence CC BY-SA 4.0."
edh:hd000362,work,Epitaph from Emerita Augusta - Mérida,,Latin epitaph; EDH HD000362 from Emerita Augusta - Mérida; monument type: Altar; material: Marmor; transcription: D(is) M(anibus) s(acrum) // Clarinio / Trophim[o] / ann(orum) [---]L[---] / h(ic) s(itus) e(st) s(it) t(ibi) t(erra) l(e...,available,101,,medium,"Source: Epigraphic Database Heidelberg (https://edh.ub.uni-heidelberg.de), inscription HD000362, retrieved 2026-10-04; inscription type: titulus sepulcralis (EDH genre 'titsep'); province: Lusitania (EDH code Lus); EDH dating: not before 101 CE, not after 200 CE (99-year window); astronomical start_year 101. Data licence CC BY-SA 4.0."
edh:hd000363,work,Building/dedicatory inscription from Lucus Feroniae - Capena,,Latin building/dedicatory inscription; EDH HD000363 from Lucus Feroniae - Capena; monument type: Block; material: Travertin; transcription: C(aius) Didius T(iti) f(ilius) M(arcus) Vettius M(arci) f(ilius) duomviri(!) / quinq(uennales) statuas fornicesque d(ecr...,available,-69,,medium,"Source: Epigraphic Database Heidelberg (https://edh.ub.uni-heidelberg.de), inscription HD000363, retrieved 2026-10-04; inscription type: titulus dedicatorius (EDH genre 'titoppubpriv'); province: Etruria (Regio VII) (EDH code Etr); EDH dating: not before 70 BCE, not after 31 BCE (39-year window); astronomical start_year -69. Data licence CC BY-SA 4.0."
edh:hd000365,work,Epitaph from Emerita Augusta? - Mérida?,,Latin epitaph; EDH HD000365 from Emerita Augusta? - Mérida?; monument type: Tafel; transcription: T(itus) Cornelius Felix / Valeria Q(uinti) f(ilia) Tusca uxor / C(aius) Valerius Lucanus frat(er) / T(itus) Cornelius Tu...,available,1,,medium,"Source: Epigraphic Database Heidelberg (https://edh.ub.uni-heidelberg.de), inscription HD000365, retrieved 2026-10-04; inscription type: titulus sepulcralis (EDH genre 'titsep'); province: unknown province code 'Lus?' (EDH code Lus?); EDH dating: not before 1 CE, not after 100 CE (99-year window); astronomical start_year 1. Data licence CC BY-SA 4.0."
edh:hd000367,work,Epitaph from Divodurum - Metz,,Latin epitaph; EDH HD000367 from Divodurum - Metz; monument type: Stele; transcription: D(is) M(anibus) / Augusto / Taciti f(ilio)(?) Gau(?)/v(a)e Sexti coniug(ibus),available,101,,medium,"Source: Epigraphic Database Heidelberg (https://edh.ub.uni-heidelberg.de), inscription HD000367, retrieved 2026-10-04; inscription type: titulus sepulcralis (EDH genre 'titsep'); province: Belgica (EDH code Bel); EDH dating: not before 101 CE, not after 200 CE (99-year window); astronomical start_year 101. Data licence CC BY-SA 4.0."
edh:hd000368,work,Epitaph from Baleizão,,Latin epitaph; EDH HD000368 from Baleizão; monument type: Altar; material: Marmor; transcription: D(is) M(anibus) s(acrum) / [M]odestin/[a]e qu(a)e / [v]ix(it) ann(os) / [---]ittas / [&,available,101,,medium,"Source: Epigraphic Database Heidelberg (https://edh.ub.uni-heidelberg.de), inscription HD000368, retrieved 2026-10-04; inscription type: titulus sepulcralis (EDH genre 'titsep'); province: Lusitania (EDH code Lus); EDH dating: not before 101 CE, not after 200 CE (99-year window); astronomical start_year 101. Data licence CC BY-SA 4.0."
edh:hd000370,work,"Votive inscription from Vallis, bei - Mejez El Bab",,"Latin votive inscription; EDH HD000370 from Vallis, bei - Mejez El Bab; monument type: Block; transcription: Pro sa/lute / Imp(eratoris) / Caesar(is) / Traiani / Hadriani / Aug(usti) / Taphrurenses / templum Satur/no impensa pub(...",available,117,,medium,"Source: Epigraphic Database Heidelberg (https://edh.ub.uni-heidelberg.de), inscription HD000370, retrieved 2026-10-04; inscription type: titulus votivus (EDH genre 'titsac'); province: Africa Proconsularis (EDH code Afr); EDH dating: not before 117 CE, not after 138 CE (21-year window); astronomical start_year 117. Data licence CC BY-SA 4.0."
edh:hd000371,work,"Epitaph from Nursia, bei - Norcia, bei",,"Latin epitaph; EDH HD000371 from Nursia, bei - Norcia, bei; material: Travertin; transcription: $] / [Q(uinto?) Petr]onio Sex(ti) f(ilio) R[---] / [Sex(to?) Pe]tronio Q(uinti) f(ilio) A[---] / [---] Petronia [---] / ...",available,1,,medium,"Source: Epigraphic Database Heidelberg (https://edh.ub.uni-heidelberg.de), inscription HD000371, retrieved 2026-10-04; inscription type: titulus sepulcralis (EDH genre 'titsep'); province: Samnium (Regio IV) (EDH code Sam); EDH dating: not before 1 CE, not after 100 CE (99-year window); astronomical start_year 1. Data licence CC BY-SA 4.0."
edh:hd000373,work,Votive inscription from Gunela - Hr. Goungla,,Latin votive inscription; EDH HD000373 from Gunela - Hr. Goungla; monument type: Tafel; material: Marmor; transcription: [Pr]o salute Imperato[ris ---] / [&,available,201,,medium,"Source: Epigraphic Database Heidelberg (https://edh.ub.uni-heidelberg.de), inscription HD000373, retrieved 2026-10-04; inscription type: titulus votivus (EDH genre 'titsac'); province: Africa Proconsularis (EDH code Afr); EDH dating: not before 201 CE, not after 300 CE (99-year window); astronomical start_year 201. Data licence CC BY-SA 4.0."
edh:hd000374,work,Epitaph from Corfinium - Corfinio,,Latin epitaph; EDH HD000374 from Corfinium - Corfinio; monument type: Urne; material: Kalkstein; transcription: Octaviae / P(ubli) l(ibertae) Euche,available,1,,medium,"Source: Epigraphic Database Heidelberg (https://edh.ub.uni-heidelberg.de), inscription HD000374, retrieved 2026-10-04; inscription type: titulus sepulcralis (EDH genre 'titsep'); province: Samnium (Regio IV) (EDH code Sam); EDH dating: not before 1 CE, not after 50 CE (49-year window); astronomical start_year 1. Data licence CC BY-SA 4.0."
edh:hd000376,work,Epitaph from Aradi - Bou Arada,,Latin epitaph; EDH HD000376 from Aradi - Bou Arada; monument type: Stele; material: Kalkstein; transcription: Dis Man(ibus) sac(rum) // L(ucius) Pullaienus / Papias pius / vixit an(nos) XVIII / h(ic) s(itus) e(st) // Primigenius p...,available,101,,medium,"Source: Epigraphic Database Heidelberg (https://edh.ub.uni-heidelberg.de), inscription HD000376, retrieved 2026-10-04; inscription type: titulus sepulcralis (EDH genre 'titsep'); province: Africa Proconsularis (EDH code Afr); EDH dating: not before 101 CE, not after 130 CE (29-year window); astronomical start_year 101. Data licence CC BY-SA 4.0."
edh:hd000377,work,"Inscription from Nursia, bei - Norcia, bei",,"Latin inscription; EDH HD000377 from Nursia, bei - Norcia, bei; material: Kalkstein; transcription: L(uci) Graii L(uci) f(ilii) / L[---] PE[---] / [&",available,1,,medium,"Source: Epigraphic Database Heidelberg (https://edh.ub.uni-heidelberg.de), inscription HD000377, retrieved 2026-10-04; inscription type not recorded in EDH (genre code 'empty'); province: Samnium (Regio IV) (EDH code Sam); EDH dating: not before 1 CE, not after 100 CE (99-year window); astronomical start_year 1. Data licence CC BY-SA 4.0."
edh:hd000378,work,Epitaph from Emerita Augusta - Mérida,,Latin epitaph; EDH HD000378 from Emerita Augusta - Mérida; monument type: Tafel; material: Marmor; transcription: P(ublio) Vario Q(uinti) f(ilio) Pap(iria) Ligu[ri] / Liciniae C(ai) l(ibertae) Thelid[i] / P(ublio) Vario P(ubli) f(ilio...,available,1,,medium,"Source: Epigraphic Database Heidelberg (https://edh.ub.uni-heidelberg.de), inscription HD000378, retrieved 2026-10-04; inscription type: titulus sepulcralis (EDH genre 'titsep'); province: Lusitania (EDH code Lus); EDH dating: not before 1 CE, not after 50 CE (49-year window); astronomical start_year 1. Data licence CC BY-SA 4.0."
edh:hd000379,work,Epitaph from Sucubi - Hr. Brerrita,,PL epitaph; EDH HD000379 from Sucubi - Hr. Brerrita; monument type: Stele; material: Kalkstein?; transcription: Dis Manib(us) sacr(um) / Gadaeus Felicis fil(ius) / pius vix(it) annis LXVI hic / sit(us) est Secunda Secundi / fil(ia) ...,available,101,,medium,"Source: Epigraphic Database Heidelberg (https://edh.ub.uni-heidelberg.de), inscription HD000379, retrieved 2026-10-04; inscription type: titulus sepulcralis (EDH genre 'titsep'); province: Africa Proconsularis (EDH code Afr); EDH dating: not before 101 CE, not after 150 CE (49-year window); astronomical start_year 101. Data licence CC BY-SA 4.0."
edh:hd000380,work,Epitaph from Porolissum - Creaca,,Latin epitaph; EDH HD000380 from Porolissum - Creaca; monument type: Stele; transcription: D(is) [M(anibus)] / Aelia Ca[---] / [--]xere[---] / cum faces admo[---] / [---]voque D[&,available,151,,medium,"Source: Epigraphic Database Heidelberg (https://edh.ub.uni-heidelberg.de), inscription HD000380, retrieved 2026-10-04; inscription type: titulus sepulcralis (EDH genre 'titsep'); province: Dacia (EDH code Dac); EDH dating: not before 151 CE, not after 270 CE (119-year window); astronomical start_year 151. Data licence CC BY-SA 4.0. Caveats: wide EDH dating window (119 years)."
edh:hd000382,work,Epitaph from Hr. Ali Sagatte,,Latin epitaph; EDH HD000382 from Hr. Ali Sagatte; monument type: Stele; material: Kalkstein; transcription: Dis Ma[nib(us)] sac(rum) / Cae[---] / [&,available,101,,medium,"Source: Epigraphic Database Heidelberg (https://edh.ub.uni-heidelberg.de), inscription HD000382, retrieved 2026-10-04; inscription type: titulus sepulcralis (EDH genre 'titsep'); province: Africa Proconsularis (EDH code Afr); EDH dating: not before 101 CE, not after 130 CE (29-year window); astronomical start_year 101. Data licence CC BY-SA 4.0."
edh:hd000383,work,"Epitaph from Ocriculum, bei - Otricoli, bei",,"Latin epitaph; EDH HD000383 from Ocriculum, bei - Otricoli, bei; monument type: Tafel; material: Marmor; transcription: Leo et Leo/ntia sevivi(!) / fecerunt",available,301,,medium,"Source: Epigraphic Database Heidelberg (https://edh.ub.uni-heidelberg.de), inscription HD000383, retrieved 2026-10-04; inscription type: titulus sepulcralis (EDH genre 'titsep'); province: Umbria (Regio VI) (EDH code Umb); EDH dating: not before 301 CE, not after 400 CE (99-year window); astronomical start_year 301. Data licence CC BY-SA 4.0."
edh:hd000384,work,Epitaph from Sauzelles,,Latin epitaph; EDH HD000384 from Sauzelles; monument type: Stele; transcription: D(is) Manib(us) / Monim(a)e Cesti f(iliae) / et Servill(a)e uxsori(!) / su(a)e et fili(a)e et alter(a)e / filli(a)e(!) q...,available,171,,medium,"Source: Epigraphic Database Heidelberg (https://edh.ub.uni-heidelberg.de), inscription HD000384, retrieved 2026-10-04; inscription type: titulus sepulcralis (EDH genre 'titsep'); province: Aquitania (EDH code Aqu); EDH dating: not before 171 CE, not after 230 CE (59-year window); astronomical start_year 171. Data licence CC BY-SA 4.0."
edh:hd000385,work,Epitaph from Apisa Minus? - Hr. Tarf Ech-Chena?,,Latin epitaph; EDH HD000385 from Apisa Minus? - Hr. Tarf Ech-Chena?; monument type: Stele; transcription: Dis Ma[nibus] / sacrum / Aufidia [---]dia / pia mater / vixit annis / LX,available,101,,medium,"Source: Epigraphic Database Heidelberg (https://edh.ub.uni-heidelberg.de), inscription HD000385, retrieved 2026-10-04; inscription type: titulus sepulcralis (EDH genre 'titsep'); province: Africa Proconsularis (EDH code Afr); EDH dating: not before 101 CE, not after 130 CE (29-year window); astronomical start_year 101. Data licence CC BY-SA 4.0."
edh:hd000386,work,Epitaph from Puerto de Santa Cruz,,Latin epitaph; EDH HD000386 from Puerto de Santa Cruz; monument type: Stele; material: Granit; transcription: $] / [---]a hic s(ita) / [est Hi?]larus / [---] matri,available,1,,medium,"Source: Epigraphic Database Heidelberg (https://edh.ub.uni-heidelberg.de), inscription HD000386, retrieved 2026-10-04; inscription type: titulus sepulcralis (EDH genre 'titsep'); province: Lusitania (EDH code Lus); EDH dating: not before 1 CE, not after 100 CE (99-year window); astronomical start_year 1. Data licence CC BY-SA 4.0."
edh:hd000388,work,Epitaph from Aïn-Rchine,,Latin epitaph; EDH HD000388 from Aïn-Rchine; monument type: Stele; material: Kalkstein; transcription: D(is) M(anibus) s(acrum) // Felix(?) [---] / [&,available,151,,medium,"Source: Epigraphic Database Heidelberg (https://edh.ub.uni-heidelberg.de), inscription HD000388, retrieved 2026-10-04; inscription type: titulus sepulcralis (EDH genre 'titsep'); province: Africa Proconsularis (EDH code Afr); EDH dating: not before 151 CE, not after 200 CE (49-year window); astronomical start_year 151. Data licence CC BY-SA 4.0."
edh:hd000389,work,Inscription from Puerto de Santa Cruz,,Latin inscription; EDH HD000389 from Puerto de Santa Cruz; monument type: Stele; material: Granit; transcription: $] / [-] Lepidius / Hispanu[s] / miles [---] / [&,available,1,,medium,"Source: Epigraphic Database Heidelberg (https://edh.ub.uni-heidelberg.de), inscription HD000389, retrieved 2026-10-04; inscription type not recorded in EDH (genre code 'empty'); province: Lusitania (EDH code Lus); EDH dating: not before 1 CE, not after 100 CE (99-year window); astronomical start_year 1. Data licence CC BY-SA 4.0."
edh:hd000390,work,Epitaph from Torregrossa,,Latin epitaph; EDH HD000390 from Torregrossa; monument type: Tafel; material: Kalkstein; transcription: [---]iena C(ai) f(ilia) Ter[---] / [S]al(vio) Lissidio L(uci) [f(ilio)---] / C(aio) Lissidio Salv(i) [f(ilio) ---],available,51,,medium,"Source: Epigraphic Database Heidelberg (https://edh.ub.uni-heidelberg.de), inscription HD000390, retrieved 2026-10-04; inscription type: titulus sepulcralis (EDH genre 'titsep'); province: Umbria (Regio VI) (EDH code Umb); EDH dating: not before 51 CE, not after 150 CE (99-year window); astronomical start_year 51. Data licence CC BY-SA 4.0."
edh:hd000391,work,"Epitaph from Aradi, bei - Aïn-Rchine",,"Latin epitaph; EDH HD000391 from Aradi, bei - Aïn-Rchine; monument type: Stele; material: Kalkstein; transcription: D(is) M(anibus) s(acrum) // $] / h(ic) s(it--) / e(st)",available,201,,medium,"Source: Epigraphic Database Heidelberg (https://edh.ub.uni-heidelberg.de), inscription HD000391, retrieved 2026-10-04; inscription type: titulus sepulcralis (EDH genre 'titsep'); province: Africa Proconsularis (EDH code Afr); EDH dating: not before 201 CE, not after 250 CE (49-year window); astronomical start_year 201. Data licence CC BY-SA 4.0."
edh:hd000392,work,Epitaph from Puerto de Santa Cruz,,Latin epitaph; EDH HD000392 from Puerto de Santa Cruz; monument type: Stele; material: Granit; transcription: $] / [-]onis f(ilius) / h(ic) s(itus) e(st) s(it) t(ibi) t(erra) l(evis) / Maxsuma(!) / Calui f(ilia) f(aciendum) c(urav...,available,1,,medium,"Source: Epigraphic Database Heidelberg (https://edh.ub.uni-heidelberg.de), inscription HD000392, retrieved 2026-10-04; inscription type: titulus sepulcralis (EDH genre 'titsep'); province: Lusitania (EDH code Lus); EDH dating: not before 1 CE, not after 100 CE (99-year window); astronomical start_year 1. Data licence CC BY-SA 4.0."
edh:hd000393,work,"Epitaph from Spoletium, bei - Spoleto, bei",,"Latin epitaph; EDH HD000393 from Spoletium, bei - Spoleto, bei; monument type: Stele; material: Kalkstein; transcription: P(ubli) Anni |(mulieris) l(iberti) Gelas(i) / P(ubli) <Anni> P(ubli) l(iberti) Philargur(i)(!) / P(ubli) <Anni> PP(ublio...",available,51,,medium,"Source: Epigraphic Database Heidelberg (https://edh.ub.uni-heidelberg.de), inscription HD000393, retrieved 2026-10-04; inscription type: titulus sepulcralis (EDH genre 'titsep'); province: Umbria (Regio VI) (EDH code Umb); EDH dating: not before 51 CE, not after 150 CE (99-year window); astronomical start_year 51. Data licence CC BY-SA 4.0."
edh:hd000394,work,"Epitaph from Aradi, bei - Goubellat, bei",,"Latin epitaph; EDH HD000394 from Aradi, bei - Goubellat, bei; monument type: Stele; material: Kalkstein; transcription: D(is) M(anibus) s(acrum) / Q(uintus) Lappius Saturninus pius / vix(it) annis XXXVII / Lappia Felicitas vix(it) an(nis) X...",available,201,,medium,"Source: Epigraphic Database Heidelberg (https://edh.ub.uni-heidelberg.de), inscription HD000394, retrieved 2026-10-04; inscription type: titulus sepulcralis (EDH genre 'titsep'); province: Africa Proconsularis (EDH code Afr); EDH dating: not before 201 CE, not after 300 CE (99-year window); astronomical start_year 201. Data licence CC BY-SA 4.0."
edh:hd000396,work,"Epitaph from Spoletium, bei - Spoleto, bei",,"Latin epitaph; EDH HD000396 from Spoletium, bei - Spoleto, bei; monument type: Stele; material: Travertin; transcription: [---]olius Sp(uri) f(ilius) / [---]fus sibi et / [---]lio A(uli) l(iberto) Rufio / in f(ronte) p(edes) XVI",available,101,,medium,"Source: Epigraphic Database Heidelberg (https://edh.ub.uni-heidelberg.de), inscription HD000396, retrieved 2026-10-04; inscription type: titulus sepulcralis (EDH genre 'titsep'); province: Umbria (Regio VI) (EDH code Umb); EDH dating: not before 101 CE, not after 200 CE (99-year window); astronomical start_year 101. Data licence CC BY-SA 4.0."
edh:hd000397,work,Epitaph from Aradi - Bou Arada,,Latin epitaph; EDH HD000397 from Aradi - Bou Arada; monument type: Stele; material: Kalkstein; transcription: D(is) M(anibus) s(acrum) // Cezzonia(!) Lucaniane havete / Zasgia(!) Victoria Cezzonia(!) b(ene) m(erens) / femina p(ia)...,available,231,,medium,"Source: Epigraphic Database Heidelberg (https://edh.ub.uni-heidelberg.de), inscription HD000397, retrieved 2026-10-04; inscription type: titulus sepulcralis (EDH genre 'titsep'); province: Africa Proconsularis (EDH code Afr); EDH dating: not before 231 CE, not after 270 CE (39-year window); astronomical start_year 231. Data licence CC BY-SA 4.0."
edh:hd000398,work,Epitaph from Emerita Augusta - Mérida,,Latin epitaph; EDH HD000398 from Emerita Augusta - Mérida; monument type: Altar; material: Marmor; transcription: D(is) M(anibus) s(acrum) / Marius / Drosus / an(norum) LXX h(ic) s(itus) e(st) s(it) t(ibi) t(erra) l(evis) / Marius Tyc...,available,101,,medium,"Source: Epigraphic Database Heidelberg (https://edh.ub.uni-heidelberg.de), inscription HD000398, retrieved 2026-10-04; inscription type: titulus sepulcralis (EDH genre 'titsep'); province: Lusitania (EDH code Lus); EDH dating: not before 101 CE, not after 200 CE (99-year window); astronomical start_year 101. Data licence CC BY-SA 4.0."
edh:hd000399,work,Defixio from Burdigala - Bordeaux,,Latin defixio; EDH HD000399 from Burdigala - Bordeaux; monument type: instrdom; material: Ton; transcription: III vices pidico(!) qui legeret / [l]ege vade qu(a)ere quis vae [tibi? dicat?],available,301,,medium,"Source: Epigraphic Database Heidelberg (https://edh.ub.uni-heidelberg.de), inscription HD000399, retrieved 2026-10-04; inscription type: defixio (EDH genre 'titdefix'); province: Aquitania (EDH code Aqu); EDH dating: not before 301 CE, not after 600 CE (299-year window); astronomical start_year 301. Data licence CC BY-SA 4.0. Caveats: wide EDH dating window (299 years)."
edh:hd000400,work,"Epitaph from Aradi, bei - Sidi Abd En Nour",,"Latin epitaph; EDH HD000400 from Aradi, bei - Sidi Abd En Nour; monument type: Stele; transcription: Calpurnia Q(uinti) f(ilia) / Gemina p(ia) v(ixit) a(nnos) L(?)X // L(ucius) Calpurnius S[---]",available,201,,medium,"Source: Epigraphic Database Heidelberg (https://edh.ub.uni-heidelberg.de), inscription HD000400, retrieved 2026-10-04; inscription type: titulus sepulcralis (EDH genre 'titsep'); province: Africa Proconsularis (EDH code Afr); EDH dating: not before 201 CE, not after 300 CE (99-year window); astronomical start_year 201. Data licence CC BY-SA 4.0."
edh:hd000401,work,Epitaph from Emerita Augusta - Mérida,,Latin epitaph; EDH HD000401 from Emerita Augusta - Mérida; monument type: Altar; material: Marmor; transcription: C(aius) M[ar]ius / Ty[---]ius / an(norum) LXV / Lucceia / Laudice(!) / marit(o) opt(imo) f(aciendum) c(uravit),available,101,,medium,"Source: Epigraphic Database Heidelberg (https://edh.ub.uni-heidelberg.de), inscription HD000401, retrieved 2026-10-04; inscription type: titulus sepulcralis (EDH genre 'titsep'); province: Lusitania (EDH code Lus); EDH dating: not before 101 CE, not after 200 CE (99-year window); astronomical start_year 101. Data licence CC BY-SA 4.0."
edh:hd000403,work,"Epitaph from Aradi, bei - Medjez-el-Bab, bei",,"Latin epitaph; EDH HD000403 from Aradi, bei - Medjez-el-Bab, bei; monument type: Stele; material: Kalkstein; transcription: Sex(tus) Terentius Saturninus Donnicianus / et Bommia Saturnina Terentilla titulos / sibi fecerunt et dedicaverunt",available,201,,medium,"Source: Epigraphic Database Heidelberg (https://edh.ub.uni-heidelberg.de), inscription HD000403, retrieved 2026-10-04; inscription type: titulus sepulcralis (EDH genre 'titsep'); province: Africa Proconsularis (EDH code Afr); EDH dating: not before 201 CE, not after 230 CE (29-year window); astronomical start_year 201. Data licence CC BY-SA 4.0."
edh:hd000404,work,Epitaph from Lamego?,,Latin epitaph; EDH HD000404 from Lamego?; monument type: Stele; material: Granit; transcription: Amoe/nae Tr/upaci / an(norum) XXI,available,1,,medium,"Source: Epigraphic Database Heidelberg (https://edh.ub.uni-heidelberg.de), inscription HD000404, retrieved 2026-10-04; inscription type: titulus sepulcralis (EDH genre 'titsep'); province: Lusitania (EDH code Lus); EDH dating: not before 1 CE, not after 100 CE (99-year window); astronomical start_year 1. Data licence CC BY-SA 4.0."
edh:hd000405,work,Honorific inscription from Hr. Sliman,,Latin honorific inscription; EDH HD000405 from Hr. Sliman; monument type: Statuenbasis; transcription: C(aio) Annaeo [N]onano / Arn(ensi) Qu[a]rtiano / decurion[i p]agg(orum) viro / principal[i o]mnibus ho/noribus in [sua] ...,available,151,,medium,"Source: Epigraphic Database Heidelberg (https://edh.ub.uni-heidelberg.de), inscription HD000405, retrieved 2026-10-04; inscription type: titulus honorarius (EDH genre 'tithon'); province: Africa Proconsularis (EDH code Afr); EDH dating: not before 151 CE, not after 230 CE (79-year window); astronomical start_year 151. Data licence CC BY-SA 4.0."
edh:hd000406,work,Epitaph from Djebel Mansour,,Latin epitaph; EDH HD000406 from Djebel Mansour; monument type: Stele; material: Kalkstein; transcription: D(is) M(anibus) s(acrum) / Aris Sto/racis f(ilius) / vix(it) an(nos) LXX / h(ic) s(itus) e(st) // D(is) M(anibus) s(acru...,available,193,,medium,"Source: Epigraphic Database Heidelberg (https://edh.ub.uni-heidelberg.de), inscription HD000406, retrieved 2026-10-04; inscription type: titulus sepulcralis (EDH genre 'titsep'); province: Africa Proconsularis (EDH code Afr); EDH dating: not before 193 CE, not after 235 CE (42-year window); astronomical start_year 193. Data licence CC BY-SA 4.0."
edh:hd000407,work,Votive inscription from Emerita Augusta - Mérida,,Latin votive inscription; EDH HD000407 from Emerita Augusta - Mérida; monument type: Altar; transcription: Deae sanctae / sac(rum) L(ucius) Caelius / Philinus a(nimo) l(ibens) p(osuit),available,1,,medium,"Source: Epigraphic Database Heidelberg (https://edh.ub.uni-heidelberg.de), inscription HD000407, retrieved 2026-10-04; inscription type: titulus votivus (EDH genre 'titsac'); province: Lusitania (EDH code Lus); EDH dating: not before 1 CE, not after 200 CE (199-year window); astronomical start_year 1. Data licence CC BY-SA 4.0. Caveats: wide EDH dating window (199 years)."
edh:hd000408,work,Votive inscription from Apisa Minus - Hr. Tarf Ech-Chena,,Latin votive inscription; EDH HD000408 from Apisa Minus - Hr. Tarf Ech-Chena; monument type: Architekturteil; transcription: Imp(eratori) T(ito) Aelio Antonino Caes(ari) Aug(usto) templ(um) Miner(vae) Aug(ustae) sac(ravit) / Apisa minus ex arca ...,available,138,,medium,"Source: Epigraphic Database Heidelberg (https://edh.ub.uni-heidelberg.de), inscription HD000408, retrieved 2026-10-04; inscription type: titulus votivus (EDH genre 'titsac'); province: Africa Proconsularis (EDH code Afr); EDH dating: not before 138 CE, not after 161 CE (23-year window); astronomical start_year 138. Data licence CC BY-SA 4.0."
edh:hd000409,work,Epitaph from Djebel Mansour,,Latin epitaph; EDH HD000409 from Djebel Mansour; monument type: Stele; material: Kalkstein; transcription: D(is) M(anibus) s(acrum) Sat/urnina M(---)(?) Za/ndulis fil(ia) vix/it ann(os) LXXV h(ic) s(ita) e(st) // D(is) [M(anibu...,available,193,,medium,"Source: Epigraphic Database Heidelberg (https://edh.ub.uni-heidelberg.de), inscription HD000409, retrieved 2026-10-04; inscription type: titulus sepulcralis (EDH genre 'titsep'); province: Africa Proconsularis (EDH code Afr); EDH dating: not before 193 CE, not after 235 CE (42-year window); astronomical start_year 193. Data licence CC BY-SA 4.0."
edh:hd000410,work,Votive inscription from Ericeira,,Latin votive inscription; EDH HD000410 from Ericeira; monument type: Altar; material: Kalkstein; transcription: Atilia Pup[i] / [l(iberta)?] Amo[ena] / Fonti / a(nimo) l(ibens) [p(osuit)],available,151,,medium,"Source: Epigraphic Database Heidelberg (https://edh.ub.uni-heidelberg.de), inscription HD000410, retrieved 2026-10-04; inscription type: titulus votivus (EDH genre 'titsac'); province: Lusitania (EDH code Lus); EDH dating: not before 151 CE, not after 250 CE (99-year window); astronomical start_year 151. Data licence CC BY-SA 4.0."
edh:hd000411,work,Epitaph from Furnos Minus - Hr. el Msaadine,,Latin epitaph; EDH HD000411 from Furnos Minus - Hr. el Msaadine; monument type: Architekturteil; transcription: Fl(avius) Vitalis / f<l=I>(amen)#f<l>(amen)#FI p(erpetuus) vis(!) cur(ator) / r(ei) p(ublicae) vixit [--] / [------] / [...,available,371,,medium,"Source: Epigraphic Database Heidelberg (https://edh.ub.uni-heidelberg.de), inscription HD000411, retrieved 2026-10-04; inscription type: titulus sepulcralis (EDH genre 'titsep'); province: Africa Proconsularis (EDH code Afr); EDH dating: not before 371 CE, not after 400 CE (29-year window); astronomical start_year 371. Data licence CC BY-SA 4.0."
edh:hd000412,work,Epitaph from Djebel Mansour,,Latin epitaph; EDH HD000412 from Djebel Mansour; monument type: Stele; material: Kalkstein; transcription: D(is) M(anibus) s(acrum) / Nasidia / Conces/sa pia vixit / annis / LXI h(ic) s(ita) e(st),available,201,,medium,"Source: Epigraphic Database Heidelberg (https://edh.ub.uni-heidelberg.de), inscription HD000412, retrieved 2026-10-04; inscription type: titulus sepulcralis (EDH genre 'titsep'); province: Africa Proconsularis (EDH code Afr); EDH dating: not before 201 CE, not after 300 CE (99-year window); astronomical start_year 201. Data licence CC BY-SA 4.0."
edh:hd000413,work,Epitaph from Almacave,,Latin epitaph; EDH HD000413 from Almacave; monument type: Stele; material: Granit; transcription: Doqirus / Turei f(ilius) an(norum) C / Ibdoena / Talotis f(ilia) an(norum) C / h(ic) s(iti) s(unt) v(obis) t(erra) l(evi...,available,1,,medium,"Source: Epigraphic Database Heidelberg (https://edh.ub.uni-heidelberg.de), inscription HD000413, retrieved 2026-10-04; inscription type: titulus sepulcralis (EDH genre 'titsep'); province: Lusitania (EDH code Lus); EDH dating: not before 1 CE, not after 100 CE (99-year window); astronomical start_year 1. Data licence CC BY-SA 4.0."
edh:hd000414,work,Epitaph from Abitinae - Medjez-el-Bab,,Latin epitaph; EDH HD000414 from Abitinae - Medjez-el-Bab; monument type: Altar; transcription: D(is) M(anibus) s(acrum) // M(arco) Praecilio Secun/do C(ai) f(ilio) vix(it) annis LXX / Praecili Rogatus et Saturninus ...,available,101,,medium,"Source: Epigraphic Database Heidelberg (https://edh.ub.uni-heidelberg.de), inscription HD000414, retrieved 2026-10-04; inscription type: titulus sepulcralis (EDH genre 'titsep'); province: Africa Proconsularis (EDH code Afr); EDH dating: not before 101 CE, not after 300 CE (199-year window); astronomical start_year 101. Data licence CC BY-SA 4.0. Caveats: wide EDH dating window (199 years)."
edh:hd000415,work,Epitaph from Hr. Sidi Slimane,,Latin epitaph; EDH HD000415 from Hr. Sidi Slimane; monument type: Stele; material: Kalkstein; transcription: C(aius) Sempronius Ianuar/ius Petronia / Proba,available,201,,medium,"Source: Epigraphic Database Heidelberg (https://edh.ub.uni-heidelberg.de), inscription HD000415, retrieved 2026-10-04; inscription type: titulus sepulcralis (EDH genre 'titsep'); province: Africa Proconsularis (EDH code Afr); EDH dating: not before 201 CE, not after 300 CE (99-year window); astronomical start_year 201. Data licence CC BY-SA 4.0."
edh:hd000417,work,Epitaph from Sicca Veneria - Le Kef,,Latin epitaph; EDH HD000417 from Sicca Veneria - Le Kef; monument type: Stele; material: Kalkstein; transcription: P(ublius) Iulius Ia/nuarius / vixit an/nis XXXV h(ic) s(itus) e(st),available,1,,medium,"Source: Epigraphic Database Heidelberg (https://edh.ub.uni-heidelberg.de), inscription HD000417, retrieved 2026-10-04; inscription type: titulus sepulcralis (EDH genre 'titsep'); province: Africa Proconsularis (EDH code Afr); EDH dating: not before 1 CE, not after 100 CE (99-year window); astronomical start_year 1. Data licence CC BY-SA 4.0."
edh:hd000418,work,Epitaph from Hr. Messaouer,,Latin epitaph; EDH HD000418 from Hr. Messaouer; monument type: Stele; material: Kalkstein; transcription: D(is) M(anibus) s(acrum) // [---]erila pi[a? vixi]t ann(os) / [---] vix(it) / [ann(os) &,available,171,,medium,"Source: Epigraphic Database Heidelberg (https://edh.ub.uni-heidelberg.de), inscription HD000418, retrieved 2026-10-04; inscription type: titulus sepulcralis (EDH genre 'titsep'); province: Africa Proconsularis (EDH code Afr); EDH dating: not before 171 CE, not after 230 CE (59-year window); astronomical start_year 171. Data licence CC BY-SA 4.0."
edh:hd000420,work,Epitaph from Sicca Veneria - Le Kef,,Latin epitaph; EDH HD000420 from Sicca Veneria - Le Kef; monument type: Stele; material: Kalkstein; transcription: L(ucius) Iulius Mus/tus vix(it) an(nos) / LXXXV h(ic) s(itus) e(st),available,1,,medium,"Source: Epigraphic Database Heidelberg (https://edh.ub.uni-heidelberg.de), inscription HD000420, retrieved 2026-10-04; inscription type: titulus sepulcralis (EDH genre 'titsep'); province: Africa Proconsularis (EDH code Afr); EDH dating: not before 1 CE, not after 100 CE (99-year window); astronomical start_year 1. Data licence CC BY-SA 4.0."
edh:hd000421,work,Epitaph from unknown findspot,,Latin epitaph; EDH HD000421 from unknown findspot; monument type: Stele; transcription: C(aius) Iulius Felix / Nargudianus / pius vix(it) annis / LXX hic situs est // o(ssa) / t(ibi) / b(ene) / [q(uiescant)] ...,available,1,,medium,"Source: Epigraphic Database Heidelberg (https://edh.ub.uni-heidelberg.de), inscription HD000421, retrieved 2026-10-04; inscription type: titulus sepulcralis (EDH genre 'titsep'); province: Africa Proconsularis (EDH code Afr); EDH dating: not before 1 CE, not after 100 CE (99-year window); astronomical start_year 1. Data licence CC BY-SA 4.0."
edh:hd000423,work,Epitaph from Sicca Veneria - Le Kef,,Latin epitaph; EDH HD000423 from Sicca Veneria - Le Kef; monument type: Stele; transcription: C(aius) Iulius / Paris Igil(gili) / vix(it) an(nos) XXXV / h(ic) e(st) s(itus),available,1,,medium,"Source: Epigraphic Database Heidelberg (https://edh.ub.uni-heidelberg.de), inscription HD000423, retrieved 2026-10-04; inscription type: titulus sepulcralis (EDH genre 'titsep'); province: Africa Proconsularis (EDH code Afr); EDH dating: not before 1 CE, not after 100 CE (99-year window); astronomical start_year 1. Data licence CC BY-SA 4.0."
edh:hd000424,work,Epitaph from Bisica Lucana - Hr. Bijga,,Latin epitaph; EDH HD000424 from Bisica Lucana - Hr. Bijga; monument type: Stele; material: Kalkstein; transcription: D(is) M(anibus) s(acrum) // Bommia / L(uci) f(ilia) Saturnina / p(ia) v(ixit) a(nnos) h(ic) s(ita) e(st),available,251,,medium,"Source: Epigraphic Database Heidelberg (https://edh.ub.uni-heidelberg.de), inscription HD000424, retrieved 2026-10-04; inscription type: titulus sepulcralis (EDH genre 'titsep'); province: Africa Proconsularis (EDH code Afr); EDH dating: not before 251 CE, not after 300 CE (49-year window); astronomical start_year 251. Data licence CC BY-SA 4.0."
edh:hd000425,work,Epitaph from Vale Formoso,,Latin epitaph; EDH HD000425 from Vale Formoso; monument type: Tafel; material: Granit; transcription: Tranq(u)illo Silonis f(ilio) patri an/no(rum) L Siloni Tranq(u)illi f(ilio) fr/atri anno(rum) XV Boutiae / Mantai f(ilia...,available,51,,medium,"Source: Epigraphic Database Heidelberg (https://edh.ub.uni-heidelberg.de), inscription HD000425, retrieved 2026-10-04; inscription type: titulus sepulcralis (EDH genre 'titsep'); province: Lusitania (EDH code Lus); EDH dating: not before 51 CE, not after 150 CE (99-year window); astronomical start_year 51. Data licence CC BY-SA 4.0."
edh:hd000426,work,Votive inscription from Hippo Regius - ʿAnnaba,,Latin votive inscription; EDH HD000426 from Hippo Regius - ʿAnnaba; transcription: $] / res publica / Hipp(onensium) Reg(iorum) d(ecreto) d(ecurionum) / p(ecunia) p(ublica),available,192,,medium,"Source: Epigraphic Database Heidelberg (https://edh.ub.uni-heidelberg.de), inscription HD000426, retrieved 2026-10-04; inscription type: titulus votivus (EDH genre 'titsac?'); genre attribution uncertain in EDH; province: Africa Proconsularis (EDH code Afr); EDH dating: not before 192 CE, not after 400 CE (208-year window); astronomical start_year 192. Data licence CC BY-SA 4.0. Caveats: wide EDH dating window (208 years)."
edh:hd000427,work,Epitaph from Vicus Haterianus - Aïn-Naja,,Latin epitaph; EDH HD000427 from Vicus Haterianus - Aïn-Naja; monument type: Stele; material: Kalkstein; transcription: C(aius) Geminius / Rufus / p(ius) v(ixit) [an(nos)] LVII / h(ic) s(itus) [e(st)],available,1,,medium,"Source: Epigraphic Database Heidelberg (https://edh.ub.uni-heidelberg.de), inscription HD000427, retrieved 2026-10-04; inscription type: titulus sepulcralis (EDH genre 'titsep'); province: Africa Proconsularis (EDH code Afr); EDH dating: not before 1 CE, not after 100 CE (99-year window); astronomical start_year 1. Data licence CC BY-SA 4.0."
edh:hd000429,work,Epitaph from Utica - Utique,,Latin epitaph; EDH HD000429 from Utica - Utique; monument type: Stele?; transcription: $] / L(ucius) Gravius Romanus [---] / [&,available,1,,medium,"Source: Epigraphic Database Heidelberg (https://edh.ub.uni-heidelberg.de), inscription HD000429, retrieved 2026-10-04; inscription type: titulus sepulcralis (EDH genre 'titsep'); province: Africa Proconsularis (EDH code Afr); EDH dating: not before 1 CE, not after 300 CE (299-year window); astronomical start_year 1. Data licence CC BY-SA 4.0. Caveats: wide EDH dating window (299 years)."
edh:hd000430,work,Building/dedicatory inscription from Gerasa - Jerash,,Latin building/dedicatory inscription; EDH HD000430 from Gerasa - Jerash; monument type: Block; material: Marmor; transcription: $] / [---]e(?) piae fideli[s] / Arabiae / [---] leg(ionis) VI ferr(atae) / [Imp(eratore) Caes(are) T]raiano Hadriano / [...,available,118,,high,"Source: Epigraphic Database Heidelberg (https://edh.ub.uni-heidelberg.de), inscription HD000430, retrieved 2026-10-04; inscription type: titulus dedicatorius (EDH genre 'titoppubpriv?'); genre attribution uncertain in EDH; province: Arabia (EDH code Ara); EDH dating: not before 118 CE, not after 119 CE (1-year window); astronomical start_year 118. Data licence CC BY-SA 4.0."
edh:hd000431,work,Epitaph from Nursia - Norcia,,Latin epitaph; EDH HD000431 from Nursia - Norcia; monument type: Block; material: Kalkstein; transcription: Q(uinti) M[a]ltin[i Q(uinti)] l(iberti) Mid[ae] / h(oc) m(onumentum) h(eredem) n(on) s(equetur),available,1,,medium,"Source: Epigraphic Database Heidelberg (https://edh.ub.uni-heidelberg.de), inscription HD000431, retrieved 2026-10-04; inscription type: titulus sepulcralis (EDH genre 'titsep'); province: Samnium (Regio IV) (EDH code Sam); EDH dating: not before 1 CE, not after 100 CE (99-year window); astronomical start_year 1. Data licence CC BY-SA 4.0."
edh:hd000432,work,Epitaph from Lugdunum - Lyon,,Latin epitaph; EDH HD000432 from Lugdunum - Lyon; monument type: Tafel; material: Gesteine; transcription: C(aio) Cla(udio) Claudi Maxi/mi f(ilio) Floro Sunuco / Cl(audia) Severa mater f(aciendum) c(uravit) / civitas Aeduorum /...,available,51,,medium,"Source: Epigraphic Database Heidelberg (https://edh.ub.uni-heidelberg.de), inscription HD000432, retrieved 2026-10-04; inscription type: titulus sepulcralis (EDH genre 'titsep'); province: Lugdunensis (EDH code Lug); EDH dating: not before 51 CE, not after 130 CE (79-year window); astronomical start_year 51. Data licence CC BY-SA 4.0."
edh:hd000433,work,Epitaph from Vicus Haterianus - Aïn-Naja,,Latin epitaph; EDH HD000433 from Vicus Haterianus - Aïn-Naja; monument type: Stele; material: Kalkstein; transcription: T(itus) Volusenus / Potitus Rufian(i) fil(ius) / p(ius) v(ixit) a(nnos) LXVII h(ic) s(itus) e(st) / Geminia Secunda / in...,available,71,,medium,"Source: Epigraphic Database Heidelberg (https://edh.ub.uni-heidelberg.de), inscription HD000433, retrieved 2026-10-04; inscription type: titulus sepulcralis (EDH genre 'titsep'); province: Africa Proconsularis (EDH code Afr); EDH dating: not before 71 CE, not after 100 CE (29-year window); astronomical start_year 71. Data licence CC BY-SA 4.0."
edh:hd000434,work,Epitaph from Corfinium - Corfinio,,Latin epitaph; EDH HD000434 from Corfinium - Corfinio; monument type: Tafel; material: Kalkstein; transcription: Ploceni / C(ai) Septimi / Bellici anc(illae) / Felix frater / p(osuit),available,1,,medium,"Source: Epigraphic Database Heidelberg (https://edh.ub.uni-heidelberg.de), inscription HD000434, retrieved 2026-10-04; inscription type: titulus sepulcralis (EDH genre 'titsep'); province: Samnium (Regio IV) (EDH code Sam); EDH dating: not before 1 CE, not after 100 CE (99-year window); astronomical start_year 1. Data licence CC BY-SA 4.0."
edh:hd000435,work,Epitaph from Lugdunum - Lyon,,Latin epitaph; EDH HD000435 from Lugdunum - Lyon; monument type: Altar; transcription: Manet hic / iuvenis pia mater // D(is) // M(anibus) // et memoriae Va/riae Restitutae / have mihi dul/cissimum nomen / V...,available,201,,medium,"Source: Epigraphic Database Heidelberg (https://edh.ub.uni-heidelberg.de), inscription HD000435, retrieved 2026-10-04; inscription type: titulus sepulcralis (EDH genre 'titsep'); province: Lugdunensis (EDH code Lug); EDH dating: not before 201 CE, not after 300 CE (99-year window); astronomical start_year 201. Data licence CC BY-SA 4.0."
edh:hd000437,work,Epitaph from Ocriculum - Otricoli,,Latin epitaph; EDH HD000437 from Ocriculum - Otricoli; transcription: Q(uintus) Curtius Q(uinti) l(ibertus) Diogenes / Curtia / Q(uinti) l(iberta) Arbuscula,available,1,,medium,"Source: Epigraphic Database Heidelberg (https://edh.ub.uni-heidelberg.de), inscription HD000437, retrieved 2026-10-04; inscription type: titulus sepulcralis (EDH genre 'titsep'); province: Umbria (Regio VI) (EDH code Umb); EDH dating: not before 1 CE, not after 300 CE (299-year window); astronomical start_year 1. Data licence CC BY-SA 4.0. Caveats: wide EDH dating window (299 years)."
edh:hd000438,work,Epitaph from Lugdunum - Lyon,,Latin epitaph; EDH HD000438 from Lugdunum - Lyon; monument type: Altar; material: Gesteine; transcription: D(is) // M(anibus) // et memori(a)e (a)etern(a)e / Fortianus Pater/nus coniugi cari/ssim(a)e Ver(a)e Ex(s)uper(a)e / qu(...,available,101,,medium,"Source: Epigraphic Database Heidelberg (https://edh.ub.uni-heidelberg.de), inscription HD000438, retrieved 2026-10-04; inscription type: titulus sepulcralis (EDH genre 'titsep'); province: Lugdunensis (EDH code Lug); EDH dating: not before 101 CE, not after 300 CE (199-year window); astronomical start_year 101. Data licence CC BY-SA 4.0. Caveats: wide EDH dating window (199 years)."
edh:hd000440,work,Epitaph from Ocriculum - Otricoli,,Latin epitaph; EDH HD000440 from Ocriculum - Otricoli; transcription: $] / [--- Se]rtorius |(mulieris) l(ibertus) / [---]naeus sibi et suis / in fro(nte) p(edes) X in agr(o) p(edes) XII,available,1,,medium,"Source: Epigraphic Database Heidelberg (https://edh.ub.uni-heidelberg.de), inscription HD000440, retrieved 2026-10-04; inscription type: titulus sepulcralis (EDH genre 'titsep'); province: Umbria (Regio VI) (EDH code Umb); EDH dating: not before 1 CE, not after 300 CE (299-year window); astronomical start_year 1. Data licence CC BY-SA 4.0. Caveats: wide EDH dating window (299 years)."
edh:hd000441,work,Epitaph from Lugdunum - Lyon,,Latin epitaph; EDH HD000441 from Lugdunum - Lyon; monument type: Altar; material: Gesteine; transcription: D(is) M(anibus) / et memoriae / aeternae Aureli / Epicteti Aureliu[s] / Aemilianus et Au/relius Iucundus / heredes per c...,available,171,,medium,"Source: Epigraphic Database Heidelberg (https://edh.ub.uni-heidelberg.de), inscription HD000441, retrieved 2026-10-04; inscription type: titulus sepulcralis (EDH genre 'titsep'); province: Lugdunensis (EDH code Lug); EDH dating: not before 171 CE, not after 230 CE (59-year window); astronomical start_year 171. Data licence CC BY-SA 4.0."
edh:hd000442,work,Epitaph from Divodurum - Metz,,Latin epitaph; EDH HD000442 from Divodurum - Metz; monument type: Tafel; material: Marmor; transcription: $]o C(ai) Gnati / [---]si filio / [--- s]acer(doti) civi/[tatis Medioma]tric(orum) et Sentiae / [---]ae coniu/[gi ---] V...,available,71,,medium,"Source: Epigraphic Database Heidelberg (https://edh.ub.uni-heidelberg.de), inscription HD000442, retrieved 2026-10-04; inscription type: titulus sepulcralis (EDH genre 'titsep?'); genre attribution uncertain in EDH; province: Belgica (EDH code Bel); EDH dating: not before 71 CE, not after 200 CE (129-year window); astronomical start_year 71. Data licence CC BY-SA 4.0. Caveats: wide EDH dating window (129 years)."
edh:hd000443,work,Epitaph from Ocriculum - Otricoli,,Latin epitaph; EDH HD000443 from Ocriculum - Otricoli; transcription: Dis Manibus / M(arci) Sestili / Crescentis / Cornelia Silvina / posuit / coniugi carissimo / hoc domine / [---]ITV(?) mi...,available,151,,medium,"Source: Epigraphic Database Heidelberg (https://edh.ub.uni-heidelberg.de), inscription HD000443, retrieved 2026-10-04; inscription type: titulus sepulcralis (EDH genre 'titsep'); province: Umbria (Regio VI) (EDH code Umb); EDH dating: not before 151 CE, not after 300 CE (149-year window); astronomical start_year 151. Data licence CC BY-SA 4.0. Caveats: wide EDH dating window (149 years)."
edh:hd000444,work,Votive inscription from Donobriga? - Deneuvre,,Latin votive inscription; EDH HD000444 from Donobriga? - Deneuvre; monument type: Altar; material: Sandstein; transcription: [Deo] Herculi / Magiso / [v(otum)] / s(olvit) l(ibens) m(erito),available,117,,medium,"Source: Epigraphic Database Heidelberg (https://edh.ub.uni-heidelberg.de), inscription HD000444, retrieved 2026-10-04; inscription type: titulus votivus (EDH genre 'titsac'); province: Belgica (EDH code Bel); EDH dating: not before 117 CE, not after 200 CE (83-year window); astronomical start_year 117. Data licence CC BY-SA 4.0."
edh:hd000446,work,Epitaph from Ocriculum - Otricoli,,Latin epitaph; EDH HD000446 from Ocriculum - Otricoli; material: Marmor; transcription: C(aius) Aponius C(ai) l(ibertus) Felix sib(i) / et / C(aio) Aponio C(ai) l(iberto) Liccaeo / Aponiae C(ai) l(ibertae) Ur...,available,51,,medium,"Source: Epigraphic Database Heidelberg (https://edh.ub.uni-heidelberg.de), inscription HD000446, retrieved 2026-10-04; inscription type: titulus sepulcralis (EDH genre 'titsep'); province: Umbria (Regio VI) (EDH code Umb); EDH dating: not before 51 CE, not after 150 CE (99-year window); astronomical start_year 51. Data licence CC BY-SA 4.0."
edh:hd000449,work,Epitaph from S. Pietro,,Latin epitaph; EDH HD000449 from S. Pietro; monument type: Urne; transcription: D(is) M(anibus) / C(ai) Decimi / C(ai) f(ilii) Volt(inia) / Prisci,available,101,,medium,"Source: Epigraphic Database Heidelberg (https://edh.ub.uni-heidelberg.de), inscription HD000449, retrieved 2026-10-04; inscription type: titulus sepulcralis (EDH genre 'titsep'); province: Umbria (Regio VI) (EDH code Umb); EDH dating: not before 101 CE, not after 200 CE (99-year window); astronomical start_year 101. Data licence CC BY-SA 4.0."
edh:hd000450,work,Honorific inscription from Durocortorum Remorum - Reims,,Latin honorific inscription; EDH HD000450 from Durocortorum Remorum - Reims; transcription: [C(ai) Caesaris Augusti fili Divi] nepotis pontificis consuli[s im]peratoris / [L(uci) Caesaris Augusti fili Divi nepo]t...,available,2,,high,"Source: Epigraphic Database Heidelberg (https://edh.ub.uni-heidelberg.de), inscription HD000450, retrieved 2026-10-04; inscription type: titulus honorarius (EDH genre 'tithon'); province: Belgica (EDH code Bel); EDH dating: not before 2 CE, not after 14 CE (12-year window); astronomical start_year 2. Data licence CC BY-SA 4.0."
edh:hd000451,work,Epitaph from Caesarea - Cherchell,,Latin epitaph; EDH HD000451 from Caesarea - Cherchell; monument type: Cupa; material: Kalkstein; transcription: $] / Iun[--- vixit an(nos) --- mens]/es XI d[ies ---] / Ti(berius)(?) Otacil[ius ---] / [-] fec(it) f[ratri? ---],available,150,,medium,"Source: Epigraphic Database Heidelberg (https://edh.ub.uni-heidelberg.de), inscription HD000451, retrieved 2026-10-04; inscription type: titulus sepulcralis (EDH genre 'titsep'); province: Mauretania Caesariensis (EDH code MaC); EDH dating: not before 150 CE, not after 300 CE (150-year window); astronomical start_year 150. Data licence CC BY-SA 4.0. Caveats: wide EDH dating window (150 years)."
edh:hd000452,work,Epitaph from Spoletium? - Spoleto?,,Latin epitaph; EDH HD000452 from Spoletium? - Spoleto?; monument type: Block; material: Travertin; transcription: P(ublius) Merc/usienus T(iti) l(ibertus),available,-99,,medium,"Source: Epigraphic Database Heidelberg (https://edh.ub.uni-heidelberg.de), inscription HD000452, retrieved 2026-10-04; inscription type: titulus sepulcralis (EDH genre 'titsep?'); genre attribution uncertain in EDH; province: Umbria (Regio VI) (EDH code Umb); EDH dating: not before 100 BCE, not after 1 BCE (99-year window); astronomical start_year -99. Data licence CC BY-SA 4.0."
edh:hd000454,work,Epitaph from Caesarea - Cherchell,,Latin epitaph; EDH HD000454 from Caesarea - Cherchell; monument type: Tafel; material: Marmor; transcription: D(is) [M(anibus)] / Sex(tus) Tes[tius? ---] / vix(it) [---] / [& // [vi]xit an[nos ---] / h(ic) s(it--) e(st),available,101,,medium,"Source: Epigraphic Database Heidelberg (https://edh.ub.uni-heidelberg.de), inscription HD000454, retrieved 2026-10-04; inscription type: titulus sepulcralis (EDH genre 'titsep'); province: Mauretania Caesariensis (EDH code MaC); EDH dating: not before 101 CE, not after 300 CE (199-year window); astronomical start_year 101. Data licence CC BY-SA 4.0. Caveats: wide EDH dating window (199 years)."
edh:hd000455,work,Epitaph from Spoletium - Spoleto,,Latin epitaph; EDH HD000455 from Spoletium - Spoleto; monument type: Stele; material: Kalkstein; transcription: Ti(berius) Octavius / Ti(beri) l(ibertus) Homerus / p(edes) q(uadrati) XVI,available,51,,medium,"Source: Epigraphic Database Heidelberg (https://edh.ub.uni-heidelberg.de), inscription HD000455, retrieved 2026-10-04; inscription type: titulus sepulcralis (EDH genre 'titsep'); province: Umbria (Regio VI) (EDH code Umb); EDH dating: not before 51 CE, not after 150 CE (99-year window); astronomical start_year 51. Data licence CC BY-SA 4.0."
edh:hd000457,work,Epitaph from Caesarea - Cherchell,,Latin epitaph; EDH HD000457 from Caesarea - Cherchell; monument type: Tafel; material: Marmor; transcription: $]DIE[---] / [---]RBISSI[---] / [---] Q(uintus) Valerius Euty/[c]hes et Valeria Cy/rilla parentes,available,101,,medium,"Source: Epigraphic Database Heidelberg (https://edh.ub.uni-heidelberg.de), inscription HD000457, retrieved 2026-10-04; inscription type: titulus sepulcralis (EDH genre 'titsep'); province: Mauretania Caesariensis (EDH code MaC); EDH dating: not before 101 CE, not after 300 CE (199-year window); astronomical start_year 101. Data licence CC BY-SA 4.0. Caveats: wide EDH dating window (199 years)."
edh:hd000458,work,Honorific inscription from Spoletium - Spoleto,,Latin honorific inscription; EDH HD000458 from Spoletium - Spoleto; monument type: Tafel; material: Marmor; transcription: L(ucio) Succo[nio - f(ilio)] / [Q]uir(ina) Vi[---] / [IIII]v(iro) i(ure) d(icundo) a[uguri &,available,1,,medium,"Source: Epigraphic Database Heidelberg (https://edh.ub.uni-heidelberg.de), inscription HD000458, retrieved 2026-10-04; inscription type: titulus honorarius (EDH genre 'tithon'); province: Umbria (Regio VI) (EDH code Umb); EDH dating: not before 1 CE, not after 100 CE (99-year window); astronomical start_year 1. Data licence CC BY-SA 4.0."
edh:hd000460,work,Epitaph from Caesarea - Cherchell,,"Latin epitaph; EDH HD000460 from Caesarea - Cherchell; monument type: Tafel; material: Marmor, geädert / farbig; transcription: $] / dieb(us) X Q(uintus) Aelius I[--- ca]/rissim(a)e FELIIDVII[&",available,101,,medium,"Source: Epigraphic Database Heidelberg (https://edh.ub.uni-heidelberg.de), inscription HD000460, retrieved 2026-10-04; inscription type: titulus sepulcralis (EDH genre 'titsep'); province: Mauretania Caesariensis (EDH code MaC); EDH dating: not before 101 CE, not after 300 CE (199-year window); astronomical start_year 101. Data licence CC BY-SA 4.0. Caveats: wide EDH dating window (199 years)."
edh:hd000462,work,Epitaph from Gacko,,Latin epitaph; EDH HD000462 from Gacko; material: Kalkstein; transcription: D(is) M(anibus) s(acrum) / Aur(---) Er(---) d(efunct--) an(nos) LV / [et] Aur(---) Co(---) d(efunct--) an(nos) XIIX / [e...,available,201,,medium,"Source: Epigraphic Database Heidelberg (https://edh.ub.uni-heidelberg.de), inscription HD000462, retrieved 2026-10-04; inscription type: titulus sepulcralis (EDH genre 'titsep'); province: Dalmatia (EDH code Dal); EDH dating: not before 201 CE, not after 300 CE (99-year window); astronomical start_year 201. Data licence CC BY-SA 4.0."
edh:hd000463,work,Epitaph from Aïoun Mérane (Rabelais),,Latin epitaph; EDH HD000463 from Aïoun Mérane (Rabelais); monument type: Stele; transcription: [---]V[---]us vet(eranus?) / [---]CIS[---]MO[---]/bus vixit anno[s] / XXXXI Aurel(ius) Nori[cus?] / et Val(erius) Omo[l]...,available,201,,medium,"Source: Epigraphic Database Heidelberg (https://edh.ub.uni-heidelberg.de), inscription HD000463, retrieved 2026-10-04; inscription type: titulus sepulcralis (EDH genre 'titsep'); province: Mauretania Caesariensis (EDH code MaC); EDH dating: not before 201 CE, not after 300 CE (99-year window); astronomical start_year 201. Data licence CC BY-SA 4.0."
edh:hd000464,work,Epitaph from Spoletium - Spoleto,,Latin epitaph; EDH HD000464 from Spoletium - Spoleto; monument type: Tafel; material: Marmor; transcription: P(ublius) Attius / M(arcus) Attius,available,1,,medium,"Source: Epigraphic Database Heidelberg (https://edh.ub.uni-heidelberg.de), inscription HD000464, retrieved 2026-10-04; inscription type: titulus sepulcralis (EDH genre 'titsep?'); genre attribution uncertain in EDH; province: Umbria (Regio VI) (EDH code Umb); EDH dating: not before 1 CE, not after 50 CE (49-year window); astronomical start_year 1. Data licence CC BY-SA 4.0."
edh:hd000465,work,Epitaph from Lugdunum - Lyon,,Latin epitaph; EDH HD000465 from Lugdunum - Lyon; monument type: Altar; transcription: $]FI[---] / [---]ien curio[sus? viator?] / [ubi] si scire quae[ris] / corpus et ips(um) u[t] / [pe]r mare Romam p[et]/[i...,available,101,,medium,"Source: Epigraphic Database Heidelberg (https://edh.ub.uni-heidelberg.de), inscription HD000465, retrieved 2026-10-04; inscription type: titulus sepulcralis (EDH genre 'titsep'); province: Lugdunensis (EDH code Lug); EDH dating: not before 101 CE, not after 230 CE (129-year window); astronomical start_year 101. Data licence CC BY-SA 4.0. Caveats: wide EDH dating window (129 years)."
edh:hd000466,work,Epitaph from Zucchabar - Miliana,,Latin epitaph; EDH HD000466 from Zucchabar - Miliana; monument type: Stele; material: Kalkstein; transcription: D(is) M(anibus) s(acrum) // Iul(ia) Tertula / Aur(elio) Iovino pos(uit) / marito dulci/ssimo / vixit a(nnos) XXXIII,available,201,,medium,"Source: Epigraphic Database Heidelberg (https://edh.ub.uni-heidelberg.de), inscription HD000466, retrieved 2026-10-04; inscription type: titulus sepulcralis (EDH genre 'titsep'); province: Mauretania Caesariensis (EDH code MaC); EDH dating: not before 201 CE, not after 300 CE (99-year window); astronomical start_year 201. Data licence CC BY-SA 4.0."
edh:hd000467,work,Inscription from Spoletium - Spoleto,,Latin inscription; EDH HD000467 from Spoletium - Spoleto; monument type: Tafel; material: Marmor; transcription: $] / [---] ut prior occi/[sus? --- me]ritis namqu/[e --- V]italis ut a te g/[---]se prior si qu/[is? --- oratio]nes Deus...,available,301,,medium,"Source: Epigraphic Database Heidelberg (https://edh.ub.uni-heidelberg.de), inscription HD000467, retrieved 2026-10-04; inscription type not recorded in EDH (genre code 'empty'); province: Umbria (Regio VI) (EDH code Umb); EDH dating: not before 301 CE, not after 500 CE (199-year window); astronomical start_year 301. Data licence CC BY-SA 4.0. Caveats: wide EDH dating window (199 years)."
edh:hd000468,work,Acclamation from Lugdunum - Lyon,,Latin acclamation; EDH HD000468 from Lugdunum - Lyon; monument type: instrdom; material: Ton; transcription: Nica pr[asine] // Saturni/ne // Iuno,available,171,,medium,"Source: Epigraphic Database Heidelberg (https://edh.ub.uni-heidelberg.de), inscription HD000468, retrieved 2026-10-04; inscription type: acclamatio (EDH genre 'titaccl'); province: Lugdunensis (EDH code Lug); EDH dating: not before 171 CE, not after 200 CE (29-year window); astronomical start_year 171. Data licence CC BY-SA 4.0."
edh:hd000469,work,Epitaph from Aquae Calidae - Hammam-Righa,,Latin epitaph; EDH HD000469 from Aquae Calidae - Hammam-Righa; monument type: Stele; material: Kalkstein; transcription: D(is) M(anibus) / Cl(audia) Sa/turni/na vixit / a(nnos) XXXV,available,101,,medium,"Source: Epigraphic Database Heidelberg (https://edh.ub.uni-heidelberg.de), inscription HD000469, retrieved 2026-10-04; inscription type: titulus sepulcralis (EDH genre 'titsep'); province: Mauretania Caesariensis (EDH code MaC); EDH dating: not before 101 CE, not after 300 CE (199-year window); astronomical start_year 101. Data licence CC BY-SA 4.0. Caveats: wide EDH dating window (199 years)."
edh:hd000470,work,Epitaph from Corfinium - Corfinio,,Latin epitaph; EDH HD000470 from Corfinium - Corfinio; monument type: Tafel; material: Kalkstein; transcription: Accae |(mulieris) l(ibertae) / Myrine // Accae / |(mulieris) l(ibertae) / Sympherusae // M(arco) Ant[onio] / M(arci) l(i...,available,31,,medium,"Source: Epigraphic Database Heidelberg (https://edh.ub.uni-heidelberg.de), inscription HD000470, retrieved 2026-10-04; inscription type: titulus sepulcralis (EDH genre 'titsep'); province: Samnium (Regio IV) (EDH code Sam); EDH dating: not before 31 CE, not after 70 CE (39-year window); astronomical start_year 31. Data licence CC BY-SA 4.0."
edh:hd000471,work,Acclamation from Lugdunum - Lyon,,Latin acclamation; EDH HD000471 from Lugdunum - Lyon; monument type: instrdom; material: Ton; transcription: [Nica pras]in[e] // [S]uceli(?) // C[---],available,171,,medium,"Source: Epigraphic Database Heidelberg (https://edh.ub.uni-heidelberg.de), inscription HD000471, retrieved 2026-10-04; inscription type: acclamatio (EDH genre 'titaccl'); province: Lugdunensis (EDH code Lug); EDH dating: not before 171 CE, not after 200 CE (29-year window); astronomical start_year 171. Data licence CC BY-SA 4.0."
edh:hd000472,work,"Votive inscription from Cartennae, bei - Ténès, bei",,"Latin votive inscription; EDH HD000472 from Cartennae, bei - Ténès, bei; monument type: Statuenbasis; transcription: Victoriae / Augg(ustorum) / T(itus) Fab(ius) Quin/tilianus / Ma[---]ati/ [anus] eq(ues) R(omanus) / ob h(onorem) / aed(i...",available,161,,medium,"Source: Epigraphic Database Heidelberg (https://edh.ub.uni-heidelberg.de), inscription HD000472, retrieved 2026-10-04; inscription type: titulus votivus (EDH genre 'titsac'); province: Mauretania Caesariensis (EDH code MaC); EDH dating: not before 161 CE, not after 211 CE (50-year window); astronomical start_year 161. Data licence CC BY-SA 4.0."
edh:hd000473,work,Inscription from Lucus Feroniae - Capena,,Latin inscription; EDH HD000473 from Lucus Feroniae - Capena; monument type: Tafel; material: Marmor; transcription: Hoc est palatiu(m) Minerv(a)e / imperatoris civitati(s?) / Menandre / C(---) D(---) VII,available,401,,medium,"Source: Epigraphic Database Heidelberg (https://edh.ub.uni-heidelberg.de), inscription HD000473, retrieved 2026-10-04; inscription type not recorded in EDH (genre code 'empty'); province: Etruria (Regio VII) (EDH code Etr); EDH dating: not before 401 CE, not after 600 CE (199-year window); astronomical start_year 401. Data licence CC BY-SA 4.0. Caveats: wide EDH dating window (199 years)."
edh:hd000476,work,Inscription from Trebiae - Trevi,,Latin inscription; EDH HD000476 from Trebiae - Trevi; monument type: Tafel; material: Kalkstein; transcription: T(itus) Au[---]s T(iti) l(ibertus) / Cry[---]enes,available,51,,medium,"Source: Epigraphic Database Heidelberg (https://edh.ub.uni-heidelberg.de), inscription HD000476, retrieved 2026-10-04; inscription type not recorded in EDH (genre code 'empty'); province: Umbria (Regio VI) (EDH code Umb); EDH dating: not before 51 CE, not after 200 CE (149-year window); astronomical start_year 51. Data licence CC BY-SA 4.0. Caveats: wide EDH dating window (149 years)."
edh:hd000479,work,Inscription from Nursia - Norcia,,Latin inscription; EDH HD000479 from Nursia - Norcia; monument type: Block; material: Kalkstein; transcription: T(iti) Corani Sex(ti) f(ilii) / [---] Nervae,available,1,,medium,"Source: Epigraphic Database Heidelberg (https://edh.ub.uni-heidelberg.de), inscription HD000479, retrieved 2026-10-04; inscription type not recorded in EDH (genre code 'empty'); province: Samnium (Regio IV) (EDH code Sam); EDH dating: not before 1 CE, not after 100 CE (99-year window); astronomical start_year 1. Data licence CC BY-SA 4.0."
edh:hd000483,work,Label from Lugdunum - Lyon,,Latin label; EDH HD000483 from Lugdunum - Lyon; monument type: instrdom; material: Ton; transcription: Ias[on](?) // Hercu[les],available,171,,medium,"Source: Epigraphic Database Heidelberg (https://edh.ub.uni-heidelberg.de), inscription HD000483, retrieved 2026-10-04; inscription type: titulus rei explicandae (EDH genre 'titreiexpl'); province: Lugdunensis (EDH code Lug); EDH dating: not before 171 CE, not after 200 CE (29-year window); astronomical start_year 171. Data licence CC BY-SA 4.0."
edh:hd000488,work,Epitaph from Fanum Fortunae - Fano,,Latin epitaph; EDH HD000488 from Fanum Fortunae - Fano; monument type: Tafel; material: Sandstein; transcription: $] / Cla[---] / Allia A[---] / co(n)iug[i bene] / mere[nti],available,101,,medium,"Source: Epigraphic Database Heidelberg (https://edh.ub.uni-heidelberg.de), inscription HD000488, retrieved 2026-10-04; inscription type: titulus sepulcralis (EDH genre 'titsep'); province: Umbria (Regio VI) (EDH code Umb); EDH dating: not before 101 CE, not after 200 CE (99-year window); astronomical start_year 101. Data licence CC BY-SA 4.0."
edh:hd000492,work,"Votive inscription from Lauriacum, bei - Amstetten",,"Latin votive inscription; EDH HD000492 from Lauriacum, bei - Amstetten; monument type: Tessera; material: Silber; transcription: Matug(e)/na Iovi / Dulic(h)e/no(!) vot(um) / so(lvit) l(a)e(ta) lib(ens) // Matu/gena / Iunoni / vot(um) s(olvit) l(iben...",available,151,,medium,"Source: Epigraphic Database Heidelberg (https://edh.ub.uni-heidelberg.de), inscription HD000492, retrieved 2026-10-04; inscription type: titulus votivus (EDH genre 'titsac'); province: Noricum (EDH code Nor); EDH dating: not before 151 CE, not after 230 CE (79-year window); astronomical start_year 151. Data licence CC BY-SA 4.0."
edh:hd000493,work,Votive inscription from Lambaesis - Tazoult-Lambèse,,Latin votive inscription; EDH HD000493 from Lambaesis - Tazoult-Lambèse; monument type: Basis; material: Marmor; transcription: I(ovi) O(ptimo) M(aximo) D(olicheno) // P(ublius) Ael(ius) Cl(audia) Col(---) I(primus? pilus?) / l(egionis) Vol(ubili) ...,available,151,,medium,"Source: Epigraphic Database Heidelberg (https://edh.ub.uni-heidelberg.de), inscription HD000493, retrieved 2026-10-04; inscription type: titulus votivus (EDH genre 'titsac'); province: Numidia (EDH code Num); EDH dating: not before 151 CE, not after 250 CE (99-year window); astronomical start_year 151. Data licence CC BY-SA 4.0."
edh:hd000496,work,Building/dedicatory inscription from Aquae Iasae - Varaždinske Toplice,,Latin building/dedicatory inscription; EDH HD000496 from Aquae Iasae - Varaždinske Toplice; monument type: Statuenbasis; material: Marmor; transcription: M[i]nervam / Aug(ustam) / L(ucius) Cl(audius) Ti(beri) f(ilius) Quirina / Moderatus / dec(urio) c(oloniae) C(laudiae) Sa...,available,131,,medium,"Source: Epigraphic Database Heidelberg (https://edh.ub.uni-heidelberg.de), inscription HD000496, retrieved 2026-10-04; inscription type: titulus dedicatorius (EDH genre 'titoppubpriv'); province: Pannonia superior (EDH code PaS); EDH dating: not before 131 CE, not after 170 CE (39-year window); astronomical start_year 131. Data licence CC BY-SA 4.0."
edh:hd000499,work,Military diploma from Salla - Zalalövő,,Latin military diploma; EDH HD000499 from Salla - Zalalövő; monument type: Tafel; material: Bronze; transcription: Imp(erator) Ca[es(ar) divi Antonini Magni] / Pii fil(ius) [divi Severi Pii nepos] / M(arcus) Aurel[lius! Severus Alexand...,available,223,,high,"Source: Epigraphic Database Heidelberg (https://edh.ub.uni-heidelberg.de), inscription HD000499, retrieved 2026-10-04; inscription type: diploma militare (EDH genre 'diplmil'); province: Pannonia superior (EDH code PaS); EDH dating: not before 223 CE, not after 235 CE (12-year window); astronomical start_year 223. Data licence CC BY-SA 4.0."
edh:hd000501,work,Label from Lugdunum - Lyon,,Latin label; EDH HD000501 from Lugdunum - Lyon; monument type: instrdom; material: Ton; transcription: [So?]l,available,101,,medium,"Source: Epigraphic Database Heidelberg (https://edh.ub.uni-heidelberg.de), inscription HD000501, retrieved 2026-10-04; inscription type: titulus rei explicandae (EDH genre 'titreiexpl'); province: Lugdunensis (EDH code Lug); EDH dating: not before 101 CE, not after 200 CE (99-year window); astronomical start_year 101. Data licence CC BY-SA 4.0."
edh:hd000502,work,Votive inscription from Cirpi - Dunabogdány,,Latin votive inscription; EDH HD000502 from Cirpi - Dunabogdány; monument type: Tafel; material: Kalkstein; transcription: $] / [templum? quod? ---] / [--- praef(ectus) coh(ortis)] / II A[lpinor(um) deder(at)? vetustate] / conla[psum p]ro s[al...,available,222,,high,"Source: Epigraphic Database Heidelberg (https://edh.ub.uni-heidelberg.de), inscription HD000502, retrieved 2026-10-04; inscription type: titulus votivus (EDH genre 'titsac'); province: Pannonia superior (EDH code PaS); EDH dating: not before 222 CE, not after 235 CE (13-year window); astronomical start_year 222. Data licence CC BY-SA 4.0."
edh:hd000505,work,Votive inscription from Cirpi - Dunabogdány,,Latin votive inscription; EDH HD000505 from Cirpi - Dunabogdány; monument type: Tafel; material: Kalkstein; transcription: Iovi Optumo Maxim(o) p[ro] / salute Imp(eratoris) Caes(aris) [[Marci A[ureli]]] / [[Commodi]] Antonini Aug(usti) [Pii] /...,available,185,,high,"Source: Epigraphic Database Heidelberg (https://edh.ub.uni-heidelberg.de), inscription HD000505, retrieved 2026-10-04; inscription type: titulus votivus (EDH genre 'titsac'); province: Pannonia superior (EDH code PaS); EDH dating: not before 185 CE, not after 191 CE (6-year window); astronomical start_year 185. Data licence CC BY-SA 4.0."
edh:hd000508,work,Votive inscription from Cirpi - Dunabogdány,,Latin votive inscription; EDH HD000508 from Cirpi - Dunabogdány; monument type: Altar; material: Sandstein; transcription: I(ovi) O(ptimo) M(aximo) [---] / l(egionis) II ad(iutricis) [---] / VNV[---] / IO[---] / [&?,available,201,,medium,"Source: Epigraphic Database Heidelberg (https://edh.ub.uni-heidelberg.de), inscription HD000508, retrieved 2026-10-04; inscription type: titulus votivus (EDH genre 'titsac'); province: Pannonia superior (EDH code PaS); EDH dating: not before 201 CE, not after 300 CE (99-year window); astronomical start_year 201. Data licence CC BY-SA 4.0."
edh:hd000511,work,Epitaph from Gorsium - Tác,,Latin epitaph; EDH HD000511 from Gorsium - Tác; monument type: Tafel; material: Kalkstein; transcription: Dullibogius Flori f(ilius) / ann(orum) XL h(ic) s(itus) e(st) Flavia / Giboruna coniugi / pientissimo et sibi / vivae fa...,available,151,,medium,"Source: Epigraphic Database Heidelberg (https://edh.ub.uni-heidelberg.de), inscription HD000511, retrieved 2026-10-04; inscription type: titulus sepulcralis (EDH genre 'titsep'); province: Pannonia inferior (EDH code PaI); EDH dating: not before 151 CE, not after 250 CE (99-year window); astronomical start_year 151. Data licence CC BY-SA 4.0."
edh:hd000513,work,Label from Lugdunum - Lyon,,Latin label; EDH HD000513 from Lugdunum - Lyon; monument type: instrdom; material: Ton; transcription: Andromache // Priamus // Hecu/ba // Achil/les // Hector // aurum,available,101,,medium,"Source: Epigraphic Database Heidelberg (https://edh.ub.uni-heidelberg.de), inscription HD000513, retrieved 2026-10-04; inscription type: titulus rei explicandae (EDH genre 'titreiexpl'); province: Lugdunensis (EDH code Lug); EDH dating: not before 101 CE, not after 200 CE (99-year window); astronomical start_year 101. Data licence CC BY-SA 4.0."
edh:hd000515,work,Votive inscription from Gensiacum - Jansé,,Latin votive inscription; EDH HD000515 from Gensiacum - Jansé; monument type: Altar; material: Kalkstein; transcription: I(ovi) O(ptimo) M(aximo) Achiropoio / Iulia Servata / ex visu,available,1,,medium,"Source: Epigraphic Database Heidelberg (https://edh.ub.uni-heidelberg.de), inscription HD000515, retrieved 2026-10-04; inscription type: titulus votivus (EDH genre 'titsac'); province: Narbonensis (EDH code Nar); EDH dating: not before 1 CE, not after 200 CE (199-year window); astronomical start_year 1. Data licence CC BY-SA 4.0. Caveats: wide EDH dating window (199 years)."
edh:hd000516,work,Acclamation from Lugdunum - Lyon,,Latin acclamation; EDH HD000516 from Lugdunum - Lyon; monument type: instrdom; material: Ton; transcription: Te[n]/eo [te],available,171,,medium,"Source: Epigraphic Database Heidelberg (https://edh.ub.uni-heidelberg.de), inscription HD000516, retrieved 2026-10-04; inscription type: acclamatio (EDH genre 'titaccl'); province: Lugdunensis (EDH code Lug); EDH dating: not before 171 CE, not after 200 CE (29-year window); astronomical start_year 171. Data licence CC BY-SA 4.0."
edh:hd000517,work,"Mile-/Leaguestone from Matrica, bei - Százhalombatta, bei",,"Latin mile-/leaguestone; EDH HD000517 from Matrica, bei - Százhalombatta, bei; monument type: Meilenstein; material: Kalkstein; transcription: Imp(eratori) Caes(ari) C(aio) / Iulio Ve/ro Maxi/mino P(io) F(elici) / Aug(usto) p(atri) p(atriae) / ab Aq(uinco) m(ilia...",available,235,,high,"Source: Epigraphic Database Heidelberg (https://edh.ub.uni-heidelberg.de), inscription HD000517, retrieved 2026-10-04; inscription type: miliarium (EDH genre 'miliarium'); province: Pannonia inferior (EDH code PaI); EDH dating: not before 235 CE, not after 237 CE (2-year window); astronomical start_year 235. Data licence CC BY-SA 4.0."
edh:hd000518,work,Epitaph from Corfinium - Corfinio,,Latin epitaph; EDH HD000518 from Corfinium - Corfinio; monument type: Cippus?; material: Kalkstein; transcription: $] / C[---] / Marcia Ia[---](?) / co(n)iugi suo [---] / sibi et suis o[mnibus? ---] / et tibi qui I[---] / [&,available,1,,medium,"Source: Epigraphic Database Heidelberg (https://edh.ub.uni-heidelberg.de), inscription HD000518, retrieved 2026-10-04; inscription type: titulus sepulcralis (EDH genre 'titsep'); province: Samnium (Regio IV) (EDH code Sam); EDH dating: not before 1 CE, not after 200 CE (199-year window); astronomical start_year 1. Data licence CC BY-SA 4.0. Caveats: wide EDH dating window (199 years)."
edh:hd000521,work,Epitaph from Fanum Fortunae - Fano,,Latin epitaph; EDH HD000521 from Fanum Fortunae - Fano; monument type: Tafel; material: Marmor; transcription: $] / [--- coniugi] / car[issimae be]/ne me[renti] / Felix et [---]/te et Ammi[a m]/atri dulciss[imae],available,301,,medium,"Source: Epigraphic Database Heidelberg (https://edh.ub.uni-heidelberg.de), inscription HD000521, retrieved 2026-10-04; inscription type: titulus sepulcralis (EDH genre 'titsep'); province: Umbria (Regio VI) (EDH code Umb); EDH dating: not before 301 CE, not after 400 CE (99-year window); astronomical start_year 301. Data licence CC BY-SA 4.0."
edh:hd000522,work,Acclamation from Lugdunum - Lyon,,Latin acclamation; EDH HD000522 from Lugdunum - Lyon; monument type: instrdom; material: Ton; transcription: Calos venete,available,101,,medium,"Source: Epigraphic Database Heidelberg (https://edh.ub.uni-heidelberg.de), inscription HD000522, retrieved 2026-10-04; inscription type: acclamatio (EDH genre 'titaccl'); province: Lugdunensis (EDH code Lug); EDH dating: not before 101 CE, not after 130 CE (29-year window); astronomical start_year 101. Data licence CC BY-SA 4.0."
edh:hd000523,work,"Mile-/Leaguestone from Matrica, bei - Százhalombatta, bei",,"Latin mile-/leaguestone; EDH HD000523 from Matrica, bei - Százhalombatta, bei; monument type: Meilenstein; material: Sandstein; transcription: Imp(eratori) Caes(ari) / M(arco) Aur(elio) Claudio / [P(io)? F(elici)? Aug(usto)? pont(ifici)?] / [max(imo)? trib(unicia...",available,268,,high,"Source: Epigraphic Database Heidelberg (https://edh.ub.uni-heidelberg.de), inscription HD000523, retrieved 2026-10-04; inscription type: miliarium (EDH genre 'miliarium'); province: Pannonia inferior (EDH code PaI); EDH dating: not before 268 CE, not after 270 CE (2-year window); astronomical start_year 268. Data licence CC BY-SA 4.0."
edh:hd000524,work,Mile-/Leaguestone from Fanum Fortunae? - Fano?,,Latin mile-/leaguestone; EDH HD000524 from Fanum Fortunae? - Fano?; monument type: Meilenstein; material: Granit; transcription: D(omino) n(ostro) / Im[p(eratori) Caes(ari)] M(arco) Aur(elio) / Val(erio) Maxentio / P(io) F(elici) Invicto / Augusto,available,307,,high,"Source: Epigraphic Database Heidelberg (https://edh.ub.uni-heidelberg.de), inscription HD000524, retrieved 2026-10-04; inscription type: miliarium (EDH genre 'miliarium'); province: Umbria (Regio VI) (EDH code Umb); EDH dating: not before 307 CE, not after 312 CE (5-year window); astronomical start_year 307. Data licence CC BY-SA 4.0."
edh:hd000525,work,Label from Lugdunum - Lyon,,Latin label; EDH HD000525 from Lugdunum - Lyon; monument type: instrdom; material: Ton; transcription: Ma(n?)sue[tus?],available,101,,medium,"Source: Epigraphic Database Heidelberg (https://edh.ub.uni-heidelberg.de), inscription HD000525, retrieved 2026-10-04; inscription type: titulus rei explicandae (EDH genre 'titreiexpl'); province: Lugdunensis (EDH code Lug); EDH dating: not before 101 CE, not after 200 CE (99-year window); astronomical start_year 101. Data licence CC BY-SA 4.0."
edh:hd000527,work,Epitaph from Fanum Fortunae - Fano,,Latin epitaph; EDH HD000527 from Fanum Fortunae - Fano; monument type: Stele; material: Marmor; transcription: D(is) M(anibus) // Decimiae / Aquilinae / q(uae) v(ixit) ann(os) XIX / m(enses) VIIII / Dec(imia) Felicit(as) / mat(er) ...,available,151,,medium,"Source: Epigraphic Database Heidelberg (https://edh.ub.uni-heidelberg.de), inscription HD000527, retrieved 2026-10-04; inscription type: titulus sepulcralis (EDH genre 'titsep'); province: Umbria (Regio VI) (EDH code Umb); EDH dating: not before 151 CE, not after 250 CE (99-year window); astronomical start_year 151. Data licence CC BY-SA 4.0."
edh:hd000528,work,Acclamation from Lugdunum - Lyon,,Latin acclamation; EDH HD000528 from Lugdunum - Lyon; monument type: instrdom; material: Ton; transcription: Orte venetu/s / est,available,171,,medium,"Source: Epigraphic Database Heidelberg (https://edh.ub.uni-heidelberg.de), inscription HD000528, retrieved 2026-10-04; inscription type: acclamatio (EDH genre 'titaccl'); province: Lugdunensis (EDH code Lug); EDH dating: not before 171 CE, not after 200 CE (29-year window); astronomical start_year 171. Data licence CC BY-SA 4.0."
edh:hd000529,work,Epitaph from Intercisa - Dunaújváros,,Latin epitaph; EDH HD000529 from Intercisa - Dunaújváros; monument type: Stele; material: Kalkstein; transcription: D(is) M(anibus) // Aureliae Barachae [v]ixit / ann(os) XXXV et Aur<e=H>l(iae)#Aur<e>l(iae)#AURHL Ger/ma[n]il(l)ae vixit ...,available,201,,medium,"Source: Epigraphic Database Heidelberg (https://edh.ub.uni-heidelberg.de), inscription HD000529, retrieved 2026-10-04; inscription type: titulus sepulcralis (EDH genre 'titsep'); province: Pannonia inferior (EDH code PaI); EDH dating: not before 201 CE, not after 250 CE (49-year window); astronomical start_year 201. Data licence CC BY-SA 4.0."
edh:hd000531,work,Acclamation from Lugdunum - Lyon,,Latin acclamation; EDH HD000531 from Lugdunum - Lyon; monument type: instrdom; material: Ton; transcription: Nica prasin/e,available,171,,medium,"Source: Epigraphic Database Heidelberg (https://edh.ub.uni-heidelberg.de), inscription HD000531, retrieved 2026-10-04; inscription type: acclamatio (EDH genre 'titaccl'); province: Lugdunensis (EDH code Lug); EDH dating: not before 171 CE, not after 200 CE (29-year window); astronomical start_year 171. Data licence CC BY-SA 4.0."
edh:hd000532,work,Epitaph from Intercisa - Dunaújváros,,Latin epitaph; EDH HD000532 from Intercisa - Dunaújváros; monument type: Tafel; material: Kalkstein; transcription: D(is) // [M(anibus)] // M(arcus) Aur(elius) Sallumas vet(eranus) / ex tess(e)r(ario) coh(ortis) |(miliariae) Hemes(enoru...,available,231,,medium,"Source: Epigraphic Database Heidelberg (https://edh.ub.uni-heidelberg.de), inscription HD000532, retrieved 2026-10-04; inscription type: titulus sepulcralis (EDH genre 'titsep'); province: Pannonia inferior (EDH code PaI); EDH dating: not before 231 CE, not after 270 CE (39-year window); astronomical start_year 231. Data licence CC BY-SA 4.0."
edh:hd000533,work,Epitaph from Genava - Genève,,Latin epitaph; EDH HD000533 from Genava - Genève; monument type: Block; transcription: $] / [-] Octavio P(ubli) fil(io) / [M]ellito trib(uno) mil(itum) / [-] Octavius Fuscu[s] / pro fratribus,available,1,,medium,"Source: Epigraphic Database Heidelberg (https://edh.ub.uni-heidelberg.de), inscription HD000533, retrieved 2026-10-04; inscription type: titulus sepulcralis (EDH genre 'titsep'); province: Narbonensis (EDH code Nar); EDH dating: not before 1 CE, not after 100 CE (99-year window); astronomical start_year 1. Data licence CC BY-SA 4.0."
edh:hd000537,work,Label from Lugdunum - Lyon,,Latin label; EDH HD000537 from Lugdunum - Lyon; monument type: instrdom; material: Ton; transcription: [Serva]nd[us] // Salu/tus,available,171,,medium,"Source: Epigraphic Database Heidelberg (https://edh.ub.uni-heidelberg.de), inscription HD000537, retrieved 2026-10-04; inscription type: titulus rei explicandae (EDH genre 'titreiexpl'); province: Lugdunensis (EDH code Lug); EDH dating: not before 171 CE, not after 200 CE (29-year window); astronomical start_year 171. Data licence CC BY-SA 4.0."
edh:hd000540,work,Label from Lugdunum - Lyon,,Latin label; EDH HD000540 from Lugdunum - Lyon; monument type: instrdom; material: Ton; transcription: Hiberu(s),available,171,,medium,"Source: Epigraphic Database Heidelberg (https://edh.ub.uni-heidelberg.de), inscription HD000540, retrieved 2026-10-04; inscription type: titulus rei explicandae (EDH genre 'titreiexpl'); province: Lugdunensis (EDH code Lug); EDH dating: not before 171 CE, not after 200 CE (29-year window); astronomical start_year 171. Data licence CC BY-SA 4.0."
edh:hd000549,work,Label from Lugdunum - Lyon,,Latin label; EDH HD000549 from Lugdunum - Lyon; monument type: instrdom; material: Ton; transcription: Panc[arpus] // R[usbrinus] / imp(ugnavit) [---],available,201,,medium,"Source: Epigraphic Database Heidelberg (https://edh.ub.uni-heidelberg.de), inscription HD000549, retrieved 2026-10-04; inscription type: titulus rei explicandae (EDH genre 'titreiexpl'); province: Lugdunensis (EDH code Lug); EDH dating: not before 201 CE, not after 300 CE (99-year window); astronomical start_year 201. Data licence CC BY-SA 4.0."
edh:hd000564,work,Label from Lugdunum - Lyon,,Latin label; EDH HD000564 from Lugdunum - Lyon; monument type: instrdom; material: Ton; transcription: Ar/me/nia,available,171,,medium,"Source: Epigraphic Database Heidelberg (https://edh.ub.uni-heidelberg.de), inscription HD000564, retrieved 2026-10-04; inscription type: titulus rei explicandae (EDH genre 'titreiexpl'); province: Lugdunensis (EDH code Lug); EDH dating: not before 171 CE, not after 200 CE (29-year window); astronomical start_year 171. Data licence CC BY-SA 4.0."
edh:hd000570,work,Epitaph from Lugdunum - Lyon,,Latin epitaph; EDH HD000570 from Lugdunum - Lyon; monument type: Block; material: Kalkstein; transcription: [D(is) M(anibus) e]t m(emoriae) / [aete]rn(ae) Vindicin(i) [---] / [col(onia) Cl(audia) A]grippin(ensium) veteran(i) [mi...,available,197,,medium,"Source: Epigraphic Database Heidelberg (https://edh.ub.uni-heidelberg.de), inscription HD000570, retrieved 2026-10-04; inscription type: titulus sepulcralis (EDH genre 'titsep'); province: Lugdunensis (EDH code Lug); EDH dating: not before 197 CE, not after 275 CE (78-year window); astronomical start_year 197. Data licence CC BY-SA 4.0."
edh:hd000573,work,Epitaph from Tipasa - Tipasa,,Latin epitaph; EDH HD000573 from Tipasa - Tipasa; monument type: Block; material: Sandstein; transcription: M(arco) Asel/lio / Roga/to patri / piissimo / M(arcus) Asellius / Mummius,available,101,,medium,"Source: Epigraphic Database Heidelberg (https://edh.ub.uni-heidelberg.de), inscription HD000573, retrieved 2026-10-04; inscription type: titulus sepulcralis (EDH genre 'titsep'); province: Mauretania Caesariensis (EDH code MaC); EDH dating: not before 101 CE, not after 300 CE (199-year window); astronomical start_year 101. Data licence CC BY-SA 4.0. Caveats: wide EDH dating window (199 years)."
edh:hd000576,work,Epitaph from Tipasa - Tipasa,,Latin epitaph; EDH HD000576 from Tipasa - Tipasa; monument type: Block; material: Sandstein; transcription: Bibulliae(!) / Saturninae / Q(uinti) Bibulli(!) Bari/cis filiae / Iulia Satur/nina mater / et Claudiae / Monnae / nepoti,available,101,,medium,"Source: Epigraphic Database Heidelberg (https://edh.ub.uni-heidelberg.de), inscription HD000576, retrieved 2026-10-04; inscription type: titulus sepulcralis (EDH genre 'titsep'); province: Mauretania Caesariensis (EDH code MaC); EDH dating: not before 101 CE, not after 300 CE (199-year window); astronomical start_year 101. Data licence CC BY-SA 4.0. Caveats: wide EDH dating window (199 years)."
edh:hd000578,work,Votive inscription from Volsinii - Bolsena,,Latin votive inscription; EDH HD000578 from Volsinii - Bolsena; monument type: Block; material: Nenfro; transcription: A(ulus) L(ucius) Seii A(uli) f(ilii) curatores aquae / ex aere conlato / Fonti Telluri sacr(um),available,-10,,medium,"Source: Epigraphic Database Heidelberg (https://edh.ub.uni-heidelberg.de), inscription HD000578, retrieved 2026-10-04; inscription type: titulus votivus (EDH genre 'titsac'); province: Etruria (Regio VII) (EDH code Etr); EDH dating: not before 11 BCE, not after 50 CE (61-year window); astronomical start_year -10. Data licence CC BY-SA 4.0."
edh:hd000579,work,Epitaph from Tipasa - Tipasa,,Latin epitaph; EDH HD000579 from Tipasa - Tipasa; monument type: Block; material: Sandstein; transcription: Q(uinto) Cal/purnio / Hono/rato / Q(uintus) Calp(urnius) / Ianua/rius fil(io) / piissi/mo,available,101,,medium,"Source: Epigraphic Database Heidelberg (https://edh.ub.uni-heidelberg.de), inscription HD000579, retrieved 2026-10-04; inscription type: titulus sepulcralis (EDH genre 'titsep'); province: Mauretania Caesariensis (EDH code MaC); EDH dating: not before 101 CE, not after 300 CE (199-year window); astronomical start_year 101. Data licence CC BY-SA 4.0. Caveats: wide EDH dating window (199 years)."
edh:hd000581,work,Inscription from Volsinii - Bolsena,,Latin inscription; EDH HD000581 from Volsinii - Bolsena; monument type: Block; material: Nenfro; transcription: Sei[---] / [&,available,1,,medium,"Source: Epigraphic Database Heidelberg (https://edh.ub.uni-heidelberg.de), inscription HD000581, retrieved 2026-10-04; inscription type not recorded in EDH (genre code 'empty'); province: Etruria (Regio VII) (EDH code Etr); EDH dating: not before 1 CE, not after 100 CE (99-year window); astronomical start_year 1. Data licence CC BY-SA 4.0."
edh:hd000582,work,Epitaph from Tipasa - Tipasa,,Latin epitaph; EDH HD000582 from Tipasa - Tipasa; monument type: Block; material: Sandstein; transcription: Clodiae / Masculinae / b(ene) m(erenti) f(eminae) coniu/gi / inno[c]entis/simae C(aius) Iul(ius) / Larciosus / pontifex,available,101,,medium,"Source: Epigraphic Database Heidelberg (https://edh.ub.uni-heidelberg.de), inscription HD000582, retrieved 2026-10-04; inscription type: titulus sepulcralis (EDH genre 'titsep'); province: Mauretania Caesariensis (EDH code MaC); EDH dating: not before 101 CE, not after 300 CE (199-year window); astronomical start_year 101. Data licence CC BY-SA 4.0. Caveats: wide EDH dating window (199 years)."
edh:hd000584,work,Owner/artist inscription from Massaciuccoli,,Latin owner/artist inscription; EDH HD000584 from Massaciuccoli; monument type: Ziegel; material: Ton; transcription: L(uci) Venu/l(ei) Apro(niani),available,151,,high,"Source: Epigraphic Database Heidelberg (https://edh.ub.uni-heidelberg.de), inscription HD000584, retrieved 2026-10-04; inscription type: titulus possessorius/fabrilis (EDH genre 'titpossfabr'); province: Etruria (Regio VII) (EDH code Etr); EDH dating: not before 151 CE, not after 170 CE (19-year window); astronomical start_year 151. Data licence CC BY-SA 4.0."
edh:hd000585,work,Epitaph from Tipasa - Tipasa,,Latin epitaph; EDH HD000585 from Tipasa - Tipasa; monument type: Block; material: Sandstein; transcription: C(aio) Grittio / C(ai) filio Q(uirina) / Felici / ex testa/mento / suo,available,101,,medium,"Source: Epigraphic Database Heidelberg (https://edh.ub.uni-heidelberg.de), inscription HD000585, retrieved 2026-10-04; inscription type: titulus sepulcralis (EDH genre 'titsep'); province: Mauretania Caesariensis (EDH code MaC); EDH dating: not before 101 CE, not after 300 CE (199-year window); astronomical start_year 101. Data licence CC BY-SA 4.0. Caveats: wide EDH dating window (199 years)."
edh:hd000586,work,Epitaph from Ocriculum - Otricoli,,Latin epitaph; EDH HD000586 from Ocriculum - Otricoli; monument type: Tafel; material: Marmor; transcription: Thiasus / Glabri(onis) / dispens(ator),available,1,,medium,"Source: Epigraphic Database Heidelberg (https://edh.ub.uni-heidelberg.de), inscription HD000586, retrieved 2026-10-04; inscription type: titulus sepulcralis (EDH genre 'titsep'); province: Umbria (Regio VI) (EDH code Umb); EDH dating: not before 1 CE, not after 50 CE (49-year window); astronomical start_year 1. Data licence CC BY-SA 4.0."
edh:hd000588,work,Epitaph from Tipasa - Tipasa,,Latin epitaph; EDH HD000588 from Tipasa - Tipasa; monument type: Block; material: Sandstein; transcription: Pinariae P(ubli) fil(iae) / Extricatae / Sex(tus) Val(erius) Fuscinus / augur Thevestini / fil(ius) matri piissi/mae ite...,available,101,,medium,"Source: Epigraphic Database Heidelberg (https://edh.ub.uni-heidelberg.de), inscription HD000588, retrieved 2026-10-04; inscription type: titulus sepulcralis (EDH genre 'titsep'); province: Mauretania Caesariensis (EDH code MaC); EDH dating: not before 101 CE, not after 300 CE (199-year window); astronomical start_year 101. Data licence CC BY-SA 4.0. Caveats: wide EDH dating window (199 years)."
edh:hd000589,work,"Epitaph from S. Miniato, bei",,"Latin epitaph; EDH HD000589 from S. Miniato, bei; monument type: Stele; material: Marmor; transcription: D(is) // [M(anibus)] // M(arco) Lauselio Maxsimo(!) / et Cauliae Thyche(!) / M(arcus) Lauselius / Tacitus / et Lauselia ...",available,101,,medium,"Source: Epigraphic Database Heidelberg (https://edh.ub.uni-heidelberg.de), inscription HD000589, retrieved 2026-10-04; inscription type: titulus sepulcralis (EDH genre 'titsep'); province: Etruria (Regio VII) (EDH code Etr); EDH dating: not before 101 CE, not after 200 CE (99-year window); astronomical start_year 101. Data licence CC BY-SA 4.0."
edh:hd000590,work,Votive inscription from Spoletium - Spoleto,,Latin votive inscription; EDH HD000590 from Spoletium - Spoleto; monument type: Cippus?; material: Kalkstein; transcription: $] / VIvir Aug(ustalis) / arc(arius) / d(ono) d(edit),available,1,,medium,"Source: Epigraphic Database Heidelberg (https://edh.ub.uni-heidelberg.de), inscription HD000590, retrieved 2026-10-04; inscription type: titulus votivus (EDH genre 'titsac?'); genre attribution uncertain in EDH; province: Umbria (Regio VI) (EDH code Umb); EDH dating: not before 1 CE, not after 200 CE (199-year window); astronomical start_year 1. Data licence CC BY-SA 4.0. Caveats: wide EDH dating window (199 years)."
edh:hd000591,work,Epitaph from Tipasa - Tipasa,,Latin epitaph; EDH HD000591 from Tipasa - Tipasa; monument type: Sarkophag; transcription: [------] / Felici fil(io) / carissimo / fecit,available,101,,medium,"Source: Epigraphic Database Heidelberg (https://edh.ub.uni-heidelberg.de), inscription HD000591, retrieved 2026-10-04; inscription type: titulus sepulcralis (EDH genre 'titsep'); province: Mauretania Caesariensis (EDH code MaC); EDH dating: not before 101 CE, not after 300 CE (199-year window); astronomical start_year 101. Data licence CC BY-SA 4.0. Caveats: wide EDH dating window (199 years)."
edh:hd000592,work,Epitaph from Vicetia - Vicenza,,Latin epitaph; EDH HD000592 from Vicetia - Vicenza; monument type: Stele; transcription: Baeati(!) mart/ures(!) / Felix et / Fortuna/tus,available,431,,medium,"Source: Epigraphic Database Heidelberg (https://edh.ub.uni-heidelberg.de), inscription HD000592, retrieved 2026-10-04; inscription type: titulus sepulcralis (EDH genre 'titsep'); province: Venetia et Histria (Regio X) (EDH code VeH); EDH dating: not before 431 CE, not after 470 CE (39-year window); astronomical start_year 431. Data licence CC BY-SA 4.0."
edh:hd000593,work,Epitaph from Morro,,Latin epitaph; EDH HD000593 from Morro; monument type: Cippus?; material: Kalkstein; transcription: D(is) M(anibus) / C(aio) Ar[rio ---]io / C(aius) Arrius / P[---] / p[atri bene m]er(enti),available,51,,medium,"Source: Epigraphic Database Heidelberg (https://edh.ub.uni-heidelberg.de), inscription HD000593, retrieved 2026-10-04; inscription type: titulus sepulcralis (EDH genre 'titsep'); province: Umbria (Regio VI) (EDH code Umb); EDH dating: not before 51 CE, not after 200 CE (149-year window); astronomical start_year 51. Data licence CC BY-SA 4.0. Caveats: wide EDH dating window (149 years)."
edh:hd000594,work,Epitaph from Tipasa - Tipasa,,Latin epitaph; EDH HD000594 from Tipasa - Tipasa; monument type: Block; material: Sandstein; transcription: L(ucio) Marcio / L(uci) fil(io) Quir(ina) / Feroci / flamini / Aug[[gg(ustorum)]] / marito / Iuliana eius,available,209,,high,"Source: Epigraphic Database Heidelberg (https://edh.ub.uni-heidelberg.de), inscription HD000594, retrieved 2026-10-04; inscription type: titulus sepulcralis (EDH genre 'titsep'); province: Mauretania Caesariensis (EDH code MaC); EDH dating: not before 209 CE, not after 211 CE (2-year window); astronomical start_year 209. Data licence CC BY-SA 4.0."
edh:hd000595,work,Votive inscription from Tibiscum - Caransebeş,,Latin votive inscription; EDH HD000595 from Tibiscum - Caransebeş; monument type: Altar; transcription: S(oli) I(nvicto) N(umini) M(ithrae) / pro salute / P(ubli) Ael(i) Mari / Hermadio / act(or) Turran(i) / Dii v(otum) s(ol...,available,131,,medium,"Source: Epigraphic Database Heidelberg (https://edh.ub.uni-heidelberg.de), inscription HD000595, retrieved 2026-10-04; inscription type: titulus votivus (EDH genre 'titsac'); province: Dacia (EDH code Dac); EDH dating: not before 131 CE, not after 200 CE (69-year window); astronomical start_year 131. Data licence CC BY-SA 4.0."
edh:hd000596,work,"Epitaph from Spoletium, bei - Spoleto, bei",,"Latin epitaph; EDH HD000596 from Spoletium, bei - Spoleto, bei; monument type: Block; material: Travertin; transcription: C(aius) Tursidius / C(ai) f(ilius) [---]M / mem[---]E[&",available,-29,,medium,"Source: Epigraphic Database Heidelberg (https://edh.ub.uni-heidelberg.de), inscription HD000596, retrieved 2026-10-04; inscription type: titulus sepulcralis (EDH genre 'titsep?'); genre attribution uncertain in EDH; province: Umbria (Regio VI) (EDH code Umb); EDH dating: not before 30 BCE, not after 14 CE (44-year window); astronomical start_year -29. Data licence CC BY-SA 4.0."
edh:hd000598,work,Votive inscription from Tibiscum - Caransebeş,,Latin votive inscription; EDH HD000598 from Tibiscum - Caransebeş; monument type: Altar; transcription: Libero Patri / pro salute Mar(ci) / Turrani Dii et / [F]l(aviae)(?) Aeliae Nices / M(arcus) Turran(ius) / Patroclus ex /...,available,107,,medium,"Source: Epigraphic Database Heidelberg (https://edh.ub.uni-heidelberg.de), inscription HD000598, retrieved 2026-10-04; inscription type: titulus votivus (EDH genre 'titsac'); province: Dacia (EDH code Dac); EDH dating: not before 107 CE, not after 200 CE (93-year window); astronomical start_year 107. Data licence CC BY-SA 4.0."
edh:hd000599,work,Building/dedicatory inscription from Lucus Feroniae - Lucus Feroniae,,Latin building/dedicatory inscription; EDH HD000599 from Lucus Feroniae - Lucus Feroniae; transcription: L(ucius) Octavius / A(uli) f(ilius) IIvir / de sua pecunia / fecit / forumque / refecit,available,-29,,medium,"Source: Epigraphic Database Heidelberg (https://edh.ub.uni-heidelberg.de), inscription HD000599, retrieved 2026-10-04; inscription type: titulus dedicatorius (EDH genre 'titoppubpriv'); province: Etruria (Regio VII) (EDH code Etr); EDH dating: not before 30 BCE, not after 14 CE (44-year window); astronomical start_year -29. Data licence CC BY-SA 4.0."
edh:hd000600,work,Epitaph from Salonae - Solin,,Latin epitaph; EDH HD000600 from Salonae - Solin; transcription: [------] / [Pompt]ina A[rr]etio / mil(es) le[g(ionis)] VII / ann{i}or(um) V(?)M(?) / [s]tipe[n]dior(um) IX / h(ic) s(itu...,available,9,,medium,"Source: Epigraphic Database Heidelberg (https://edh.ub.uni-heidelberg.de), inscription HD000600, retrieved 2026-10-04; inscription type: titulus sepulcralis (EDH genre 'titsep'); province: Dalmatia (EDH code Dal); EDH dating: not before 9 CE, not after 57 CE (48-year window); astronomical start_year 9. Data licence CC BY-SA 4.0."
edh:hd000601,work,Votive inscription from Tibiscum - Caransebeş,,Latin votive inscription; EDH HD000601 from Tibiscum - Caransebeş; monument type: Tafel; transcription: Au[ribus] / D[ei?] / Malag[beli] / Ael(ius) V[&,available,131,,medium,"Source: Epigraphic Database Heidelberg (https://edh.ub.uni-heidelberg.de), inscription HD000601, retrieved 2026-10-04; inscription type: titulus votivus (EDH genre 'titsac'); province: Dacia (EDH code Dac); EDH dating: not before 131 CE, not after 250 CE (119-year window); astronomical start_year 131. Data licence CC BY-SA 4.0. Caveats: wide EDH dating window (119 years)."
edh:hd000602,work,Epitaph from Fanum Fortunae - Fano,,Latin epitaph; EDH HD000602 from Fanum Fortunae - Fano; monument type: Stele; material: Marmor; transcription: D(is) M(anibus) // Casidiae Cle/mentinae so/cerae pientis/simae suae mu/lieri incompa/rabili Caria / Heliodora / nurus b...,available,201,,medium,"Source: Epigraphic Database Heidelberg (https://edh.ub.uni-heidelberg.de), inscription HD000602, retrieved 2026-10-04; inscription type: titulus sepulcralis (EDH genre 'titsep'); province: Umbria (Regio VI) (EDH code Umb); EDH dating: not before 201 CE, not after 300 CE (99-year window); astronomical start_year 201. Data licence CC BY-SA 4.0."
edh:hd000603,work,Honorific inscription from Lambaesis - Tazoult-Lambèse,,Latin honorific inscription; EDH HD000603 from Lambaesis - Tazoult-Lambèse; monument type: Statuenbasis; material: Kalkstein; transcription: M(arco) Pontio M(arci) fil(io) / Pupinia Varano / Sabino / trib(uno) laticlavio / mil(itum) leg(ionis) III Aug(ustae) / ...,available,151,,medium,"Source: Epigraphic Database Heidelberg (https://edh.ub.uni-heidelberg.de), inscription HD000603, retrieved 2026-10-04; inscription type: titulus honorarius (EDH genre 'tithon'); province: Numidia (EDH code Num); EDH dating: not before 151 CE, not after 230 CE (79-year window); astronomical start_year 151. Data licence CC BY-SA 4.0."
edh:hd000604,work,Votive inscription from Tibiscum - Caransebeş,,Latin votive inscription; EDH HD000604 from Tibiscum - Caransebeş; monument type: Tafel; transcription: [Deo M]alach[belo pr]o sal(ute) ddd(ominorum) / [nnn(ostrorum) A]uggg(ustorum) P(ublius) A[elius Ser?]vius / vet(eranus)...,available,209,,high,"Source: Epigraphic Database Heidelberg (https://edh.ub.uni-heidelberg.de), inscription HD000604, retrieved 2026-10-04; inscription type: titulus votivus (EDH genre 'titsac'); province: Dacia (EDH code Dac); EDH dating: not before 209 CE, not after 211 CE (2-year window); astronomical start_year 209. Data licence CC BY-SA 4.0."
edh:hd000605,work,Epitaph from Fanum Fortunae - Fano,,Latin epitaph; EDH HD000605 from Fanum Fortunae - Fano; monument type: Tafel; material: Sandstein; transcription: $] / [--- sibi et] suis et [---] / Artemon[i --- I]/ucunda[e --- Ve?]/ttoni [---],available,51,,medium,"Source: Epigraphic Database Heidelberg (https://edh.ub.uni-heidelberg.de), inscription HD000605, retrieved 2026-10-04; inscription type: titulus sepulcralis (EDH genre 'titsep'); province: Umbria (Regio VI) (EDH code Umb); EDH dating: not before 51 CE, not after 100 CE (49-year window); astronomical start_year 51. Data licence CC BY-SA 4.0."
edh:hd000607,work,Epitaph from Tibiscum - Caransebeş,,Latin epitaph; EDH HD000607 from Tibiscum - Caransebeş; monument type: Altar; transcription: D(is) M(anibus) / Fla(vius) Qui/ntus PRI / ex MARO / vix(it) [an(nos)] XXX / Iul(i)a Max(?)/ima con(iugi) / p(iissimo) f...,available,171,,medium,"Source: Epigraphic Database Heidelberg (https://edh.ub.uni-heidelberg.de), inscription HD000607, retrieved 2026-10-04; inscription type: titulus sepulcralis (EDH genre 'titsep'); province: Dacia (EDH code Dac); EDH dating: not before 171 CE, not after 230 CE (59-year window); astronomical start_year 171. Data licence CC BY-SA 4.0."
edh:hd000608,work,Epitaph from Fanum Fortunae - Fano,,Latin epitaph; EDH HD000608 from Fanum Fortunae - Fano; monument type: Stele; material: Marmor; transcription: D(is) M(anibus) / L(uci) Atti / Fortunati / Victori/nus evoc(atus) / Aug(usti) / / liberto / b(ene) m(erenti),available,51,,medium,"Source: Epigraphic Database Heidelberg (https://edh.ub.uni-heidelberg.de), inscription HD000608, retrieved 2026-10-04; inscription type: titulus sepulcralis (EDH genre 'titsep'); province: Umbria (Regio VI) (EDH code Umb); EDH dating: not before 51 CE, not after 100 CE (49-year window); astronomical start_year 51. Data licence CC BY-SA 4.0."
edh:hd000610,work,Votive inscription from Tibiscum - Caransebeş,,Latin votive inscription; EDH HD000610 from Tibiscum - Caransebeş; monument type: Tafel; transcription: [G]enio n(umeri) Pa[l(myrenorum)] Tib(iscensium) / [et? Genio?] hor(r)e(i)(?) dis p[a]t(riis) et pro / [sal]ute Augg(ust...,available,161,,high,"Source: Epigraphic Database Heidelberg (https://edh.ub.uni-heidelberg.de), inscription HD000610, retrieved 2026-10-04; inscription type: titulus votivus (EDH genre 'titsac'); province: Dacia (EDH code Dac); EDH dating: not before 161 CE, not after 169 CE (8-year window); astronomical start_year 161. Data licence CC BY-SA 4.0."
edh:hd000611,work,Votive inscription from Genava - Genève,,Latin votive inscription; EDH HD000611 from Genava - Genève; monument type: Block; transcription: [M]arti / [---]tius s(olvit),available,101,,medium,"Source: Epigraphic Database Heidelberg (https://edh.ub.uni-heidelberg.de), inscription HD000611, retrieved 2026-10-04; inscription type: titulus votivus (EDH genre 'titsac'); province: Narbonensis (EDH code Nar); EDH dating: not before 101 CE, not after 200 CE (99-year window); astronomical start_year 101. Data licence CC BY-SA 4.0."
edh:hd000619,work,Honorific inscription from Placentia - Piacenza,,Latin honorific inscription; EDH HD000619 from Placentia - Piacenza; monument type: Tafel; transcription: L(ucius) Caecilius L(uci) f(ilius) / Flaccus pater / q(uaestor) tr(ibunus) aug(ur) curator / aedis Iovis faciund(ae) // ...,available,-49,,medium,"Source: Epigraphic Database Heidelberg (https://edh.ub.uni-heidelberg.de), inscription HD000619, retrieved 2026-10-04; inscription type: titulus honorarius (EDH genre 'tithon'); province: Aemilia (Regio VIII) (EDH code Aem); EDH dating: not before 50 BCE, not after 14 CE (64-year window); astronomical start_year -49. Data licence CC BY-SA 4.0."
edh:hd000622,work,"Owner/artist inscription from Luca, bei - Lucca, bei",,"Latin owner/artist inscription; EDH HD000622 from Luca, bei - Lucca, bei; monument type: instrdom; material: Blei; transcription: LL(uciorum) Venuleior(um) / Mont(ani) et Apron(iani)",available,51,,medium,"Source: Epigraphic Database Heidelberg (https://edh.ub.uni-heidelberg.de), inscription HD000622, retrieved 2026-10-04; inscription type: titulus possessorius/fabrilis (EDH genre 'titpossfabr'); province: Etruria (Regio VII) (EDH code Etr); EDH dating: not before 51 CE, not after 100 CE (49-year window); astronomical start_year 51. Data licence CC BY-SA 4.0."
edh:hd000623,work,Epitaph from Brigantio - Briançonnet,,Latin epitaph; EDH HD000623 from Brigantio - Briançonnet; monument type: Stele; material: Kalkstein; transcription: D(is) M(anibus) // Lucius Primi fil(ius) / Primo Iusti fil(io) / patri pi<i>ssimo et / de me bene merito / et Surae matr...,available,101,,medium,"Source: Epigraphic Database Heidelberg (https://edh.ub.uni-heidelberg.de), inscription HD000623, retrieved 2026-10-04; inscription type: titulus sepulcralis (EDH genre 'titsep'); province: Alpes Maritimae (EDH code AlM); EDH dating: not before 101 CE, not after 200 CE (99-year window); astronomical start_year 101. Data licence CC BY-SA 4.0."
edh:hd000626,work,Votive inscription from Lazenay,,"Latin votive inscription; EDH HD000626 from Lazenay; monument type: instrsac; material: Bronze, Silber; transcription: Silvinus Connixii f(ilius) Iuno(ni) v(otum) s(olvit) l(ibens) m(erito)",available,1,,medium,"Source: Epigraphic Database Heidelberg (https://edh.ub.uni-heidelberg.de), inscription HD000626, retrieved 2026-10-04; inscription type: titulus votivus (EDH genre 'titsac'); province: Aquitania (EDH code Aqu); EDH dating: not before 1 CE, not after 200 CE (199-year window); astronomical start_year 1. Data licence CC BY-SA 4.0. Caveats: wide EDH dating window (199 years)."
edh:hd000629,work,Mile-/Leaguestone from Divodurum - Metz,,Latin mile-/leaguestone; EDH HD000629 from Divodurum - Metz; monument type: Meilenstein; transcription: $] / vias et pon[tes vetus]/tate conl[apsos restituit ---],available,101,,medium,"Source: Epigraphic Database Heidelberg (https://edh.ub.uni-heidelberg.de), inscription HD000629, retrieved 2026-10-04; inscription type: miliarium (EDH genre 'miliarium'); province: Belgica (EDH code Bel); EDH dating: not before 101 CE, not after 300 CE (199-year window); astronomical start_year 101. Data licence CC BY-SA 4.0. Caveats: wide EDH dating window (199 years)."
edh:hd000631,work,Honorific inscription from Arretium - Arezzo,,Latin honorific inscription; EDH HD000631 from Arretium - Arezzo; monument type: Block; material: Travertin; transcription: [C(aio) Petillio Q(uinti) f(ilio) P]om(ptina) Firmo / [Xvir(o) stlit(ibus) iudi]c(andis) tr(ibuno) mil(itum) leg(ionis) ...,available,70,,high,"Source: Epigraphic Database Heidelberg (https://edh.ub.uni-heidelberg.de), inscription HD000631, retrieved 2026-10-04; inscription type: titulus honorarius (EDH genre 'tithon'); province: Etruria (Regio VII) (EDH code Etr); EDH dating: not before 70 CE, not after 79 CE (9-year window); astronomical start_year 70. Data licence CC BY-SA 4.0."
edh:hd000632,work,Epitaph from Orolaunum - Arlon,,Latin epitaph; EDH HD000632 from Orolaunum - Arlon; monument type: Grabbau; transcription: D(is) // M(anibus) // Sex(to) Vervicio / Modestino et Verv/iciae Modestinae / parentes fecerun[t],available,170,,high,"Source: Epigraphic Database Heidelberg (https://edh.ub.uni-heidelberg.de), inscription HD000632, retrieved 2026-10-04; inscription type: titulus sepulcralis (EDH genre 'titsep'); province: Belgica (EDH code Bel); EDH dating: not before 170 CE, not after 190 CE (20-year window); astronomical start_year 170. Data licence CC BY-SA 4.0."
edh:hd000635,work,"Votive inscription from Divodurum, bei - Metz, bei",,"Latin votive inscription; EDH HD000635 from Divodurum, bei - Metz, bei; monument type: Tafel; material: Kalkstein; transcription: [In h]onorem domu[s Augustae] / [--- Carat]hounus Sex(tus) Massius Gen[---] / [---]lianus C(aius) Celsius Mattos[us? ---...",available,101,,medium,"Source: Epigraphic Database Heidelberg (https://edh.ub.uni-heidelberg.de), inscription HD000635, retrieved 2026-10-04; inscription type: titulus votivus (EDH genre 'titsac'); province: Belgica (EDH code Bel); EDH dating: not before 101 CE, not after 130 CE (29-year window); astronomical start_year 101. Data licence CC BY-SA 4.0."
edh:hd000638,work,Votive inscription from Ratiatum - Rezé,,Latin votive inscription; EDH HD000638 from Ratiatum - Rezé; monument type: Tafel; material: Kalkstein; transcription: $] M(arcus) Iul(ius) Py[---]/[---]rus Matu[---] / [--- ha]nc aedem [---],available,1,,medium,"Source: Epigraphic Database Heidelberg (https://edh.ub.uni-heidelberg.de), inscription HD000638, retrieved 2026-10-04; inscription type: titulus votivus (EDH genre 'titsac?'); genre attribution uncertain in EDH; province: Aquitania (EDH code Aqu); EDH dating: not before 1 CE, not after 200 CE (199-year window); astronomical start_year 1. Data licence CC BY-SA 4.0. Caveats: wide EDH dating window (199 years)."
edh:hd000640,work,Building/dedicatory inscription from Lucus Feroniae - Lucus Feroniae,,Latin building/dedicatory inscription; EDH HD000640 from Lucus Feroniae - Lucus Feroniae; monument type: Tafel; material: Marmor; transcription: [L(ucius) Vo]lusius Q(uinti) f(ilius) Sa[turninus VIIvir epulon(um) co(n)s(ul) IIIvir] / [c]enturi(i)s equ[itum recognos...,available,-11,,medium,"Source: Epigraphic Database Heidelberg (https://edh.ub.uni-heidelberg.de), inscription HD000640, retrieved 2026-10-04; inscription type: titulus dedicatorius (EDH genre 'titoppubpriv'); province: Etruria (Regio VII) (EDH code Etr); EDH dating: not before 12 BCE, not after 20 CE (32-year window); astronomical start_year -11. Data licence CC BY-SA 4.0."
edh:hd000641,work,Epitaph from Chatelais,,Latin epitaph; EDH HD000641 from Chatelais; monument type: Sarkophag; material: Schiefer; transcription: Hic q(uiescit?) Labid(e)lpa(?),available,401,,medium,"Source: Epigraphic Database Heidelberg (https://edh.ub.uni-heidelberg.de), inscription HD000641, retrieved 2026-10-04; inscription type: titulus sepulcralis (EDH genre 'titsep'); province: Lugdunensis (EDH code Lug); EDH dating: not before 401 CE, not after 600 CE (199-year window); astronomical start_year 401. Data licence CC BY-SA 4.0. Caveats: wide EDH dating window (199 years)."
edh:hd000643,work,Building/dedicatory inscription from Corfinium - Corfinio,,Latin building/dedicatory inscription; EDH HD000643 from Corfinium - Corfinio; monument type: Tafel; material: Kalkstein; transcription: [T(itus) Muttius P(ubli) f(ilius) Ce]ler IIIIv(ir) q(uinquennalis) / [theatrum ---]mundum / [gradus facie]ndos cur(avit)...,available,-48,,medium,"Source: Epigraphic Database Heidelberg (https://edh.ub.uni-heidelberg.de), inscription HD000643, retrieved 2026-10-04; inscription type: titulus dedicatorius (EDH genre 'titoppubpriv'); province: Samnium (Regio IV) (EDH code Sam); EDH dating: not before 49 BCE, not after 1 BCE (48-year window); astronomical start_year -48. Data licence CC BY-SA 4.0."
edh:hd000644,work,Acclamation from Lugdunum - Lyon,,Latin acclamation; EDH HD000644 from Lugdunum - Lyon; monument type: instrdom; material: Ton; transcription: Vien(na) / Flor(entia) / Felix // F[elix Vi]enna Potens Flore(ntia) / [suo?] principe salvo,available,98,,medium,"Source: Epigraphic Database Heidelberg (https://edh.ub.uni-heidelberg.de), inscription HD000644, retrieved 2026-10-04; inscription type: acclamatio (EDH genre 'titaccl'); province: Lugdunensis (EDH code Lug); EDH dating: not before 98 CE, not after 138 CE (40-year window); astronomical start_year 98. Data licence CC BY-SA 4.0."
edh:hd000646,work,Epitaph from Perusia - Perugia,,Latin epitaph; EDH HD000646 from Perusia - Perugia; monument type: Tafel; material: Kalkstein; transcription: C(aius) Atilius A(uli) f(ilius) Glabrio / IIIIvir quinq(uennalis) praef(ectus) fabr(um) / delat(us?) a co(n)s(ule) praef...,available,-29,,medium,"Source: Epigraphic Database Heidelberg (https://edh.ub.uni-heidelberg.de), inscription HD000646, retrieved 2026-10-04; inscription type: titulus sepulcralis (EDH genre 'titsep'); province: Etruria (Regio VII) (EDH code Etr); EDH dating: not before 30 BCE, not after 30 CE (60-year window); astronomical start_year -29. Data licence CC BY-SA 4.0."
edh:hd000647,work,Building/dedicatory inscription from Migennes,,Latin building/dedicatory inscription; EDH HD000647 from Migennes; monument type: Tafel; material: Kalkstein; transcription: Dd(omini) nn(ostri) Co[nst]antin[us ---] / Licinius [Aug]g(usti) / [&,available,308,,high,"Source: Epigraphic Database Heidelberg (https://edh.ub.uni-heidelberg.de), inscription HD000647, retrieved 2026-10-04; inscription type: titulus dedicatorius (EDH genre 'titoppubpriv?'); genre attribution uncertain in EDH; province: Lugdunensis (EDH code Lug); EDH dating: not before 308 CE, not after 324 CE (16-year window); astronomical start_year 308. Data licence CC BY-SA 4.0."
edh:hd000649,work,Epitaph from Aesernia - Isernia,,Latin epitaph; EDH HD000649 from Aesernia - Isernia; monument type: Altar; material: Kalkstein; transcription: L(ucius) Calidius Eroticus / sibi et Fanniae Voluptati v(ivus) f(ecit) / copo(!) computemus habes vini |(sextarium) I pa...,available,51,,medium,"Source: Epigraphic Database Heidelberg (https://edh.ub.uni-heidelberg.de), inscription HD000649, retrieved 2026-10-04; inscription type: titulus sepulcralis (EDH genre 'titsep'); province: Samnium (Regio IV) (EDH code Sam); EDH dating: not before 51 CE, not after 150 CE (99-year window); astronomical start_year 51. Data licence CC BY-SA 4.0."
edh:hd000650,work,Honorific inscription from Lugdunum - Lyon,,Latin honorific inscription; EDH HD000650 from Lugdunum - Lyon; monument type: Statuenbasis?; transcription: T(ito) Belgis[io? ---] / sacerdot[i ad aram omnibus] / honorib(us) [apud suos functo] / statuam [equestrem?] / cum su[bs...,available,1,,medium,"Source: Epigraphic Database Heidelberg (https://edh.ub.uni-heidelberg.de), inscription HD000650, retrieved 2026-10-04; inscription type: titulus honorarius (EDH genre 'tithon'); province: Lugdunensis (EDH code Lug); EDH dating: not before 1 CE, not after 200 CE (199-year window); astronomical start_year 1. Data licence CC BY-SA 4.0. Caveats: wide EDH dating window (199 years)."
edh:hd000652,work,Epitaph from Apulum - Alba Iulia,,Latin epitaph; EDH HD000652 from Apulum - Alba Iulia; monument type: Tafel; material: Sandstein; transcription: $]N[---] / [--- sig]nifer / [leg(ionis) XIII] gem(inae) / [&,available,131,,medium,"Source: Epigraphic Database Heidelberg (https://edh.ub.uni-heidelberg.de), inscription HD000652, retrieved 2026-10-04; inscription type: titulus sepulcralis (EDH genre 'titsep?'); genre attribution uncertain in EDH; province: Dacia (EDH code Dac); EDH dating: not before 131 CE, not after 275 CE (144-year window); astronomical start_year 131. Data licence CC BY-SA 4.0. Caveats: wide EDH dating window (144 years)."
edh:hd000655,work,Epitaph from Apulum - Alba Iulia,,Latin epitaph; EDH HD000655 from Apulum - Alba Iulia; monument type: Tafel; material: Kalkstein; transcription: $] / Q[---] / Aur(elius) T(?)[---]us tesse/rar[ius coniu]x eius / et E(?)I(?)[---] filius / [matri?] pien[tissi]m(a)e / ...,available,201,,medium,"Source: Epigraphic Database Heidelberg (https://edh.ub.uni-heidelberg.de), inscription HD000655, retrieved 2026-10-04; inscription type: titulus sepulcralis (EDH genre 'titsep'); province: Dacia (EDH code Dac); EDH dating: not before 201 CE, not after 270 CE (69-year window); astronomical start_year 201. Data licence CC BY-SA 4.0."
edh:hd000656,work,Votive inscription from Allonnes,,Latin votive inscription; EDH HD000656 from Allonnes; monument type: Statuenbasis; material: Gesteine; transcription: C(aius) Nemau/mius(?) Albi/nus f(ecit) ca[s(tae)] / pud(icaeque) Minerv(ae) / v(otum) s(olvit) l(ibens) m(erito),available,1,,medium,"Source: Epigraphic Database Heidelberg (https://edh.ub.uni-heidelberg.de), inscription HD000656, retrieved 2026-10-04; inscription type: titulus votivus (EDH genre 'titsac'); province: Lugdunensis (EDH code Lug); EDH dating: not before 1 CE, not after 300 CE (299-year window); astronomical start_year 1. Data licence CC BY-SA 4.0. Caveats: wide EDH dating window (299 years)."
edh:hd000658,work,Epitaph from Apulum - Alba Iulia,,Latin epitaph; EDH HD000658 from Apulum - Alba Iulia; monument type: Stele; material: Kalkstein; transcription: D(is) [M(anibus)] / L(ucio) Iul(io) Ga[---] / civi Treve[ro] / ann(orum) XXXXV / Iulia Egloge / patron(o) et con(iugi) /...,available,131,,medium,"Source: Epigraphic Database Heidelberg (https://edh.ub.uni-heidelberg.de), inscription HD000658, retrieved 2026-10-04; inscription type: titulus sepulcralis (EDH genre 'titsep'); province: Dacia (EDH code Dac); EDH dating: not before 131 CE, not after 200 CE (69-year window); astronomical start_year 131. Data licence CC BY-SA 4.0."
edh:hd000659,work,Epitaph from Solesmes,,Latin epitaph; EDH HD000659 from Solesmes; monument type: Sarkophag; material: Muschelkalk; transcription: [Com]memoracio(!) / [bo]n(a)e memori(a)e / [Be]neriae(!) hic quod / [req]uiescit quod fecit / [Apr]ilis dies XXVII,available,501,,medium,"Source: Epigraphic Database Heidelberg (https://edh.ub.uni-heidelberg.de), inscription HD000659, retrieved 2026-10-04; inscription type: titulus sepulcralis (EDH genre 'titsep'); province: Lugdunensis (EDH code Lug); EDH dating: not before 501 CE, not after 600 CE (99-year window); astronomical start_year 501. Data licence CC BY-SA 4.0."
edh:hd000661,work,Epitaph from Apulum - Alba Iulia,,Latin epitaph; EDH HD000661 from Apulum - Alba Iulia; monument type: Tafel?; material: Kalkstein; transcription: [D(is)] M(anibus) / [--- Cor]nel[ius?] / [--- Se]cundin[us?] / [---] vix[it] [an(nis) ---] / [&,available,101,,medium,"Source: Epigraphic Database Heidelberg (https://edh.ub.uni-heidelberg.de), inscription HD000661, retrieved 2026-10-04; inscription type: titulus sepulcralis (EDH genre 'titsep'); province: Dacia (EDH code Dac); EDH dating: not before 101 CE, not after 250 CE (149-year window); astronomical start_year 101. Data licence CC BY-SA 4.0. Caveats: wide EDH dating window (149 years)."
edh:hd000662,work,Epitaph from Divodurum - Metz,,Latin epitaph; EDH HD000662 from Divodurum - Metz; monument type: Stele; transcription: D(is) M(anibus) / Cariano Bel/liani fil(io) et Feli/ci Cariani fil(io) / Bellianus Boud/illi et Augusta / Crobi fil(ia) ...,available,101,,medium,"Source: Epigraphic Database Heidelberg (https://edh.ub.uni-heidelberg.de), inscription HD000662, retrieved 2026-10-04; inscription type: titulus sepulcralis (EDH genre 'titsep'); province: Belgica (EDH code Bel); EDH dating: not before 101 CE, not after 200 CE (99-year window); astronomical start_year 101. Data licence CC BY-SA 4.0."
edh:hd000663,work,Building/dedicatory inscription from Lissus - Lezha,,Latin building/dedicatory inscription; EDH HD000663 from Lissus - Lezha; monument type: Block; material: Kalkstein; transcription: L(ucius) Gaviarius L(uci) f(ilius) T(iti) n(epos) aug(ur) C(aius) [Iuliu]s / Caesaris l(ibertus) Meges IIviri qu(in)que(...,available,-59,,high,"Source: Epigraphic Database Heidelberg (https://edh.ub.uni-heidelberg.de), inscription HD000663, retrieved 2026-10-04; inscription type: titulus dedicatorius (EDH genre 'titoppubpriv'); province: Dalmatia (EDH code Dal); EDH dating: not before 60 BCE, not after 48 BCE (12-year window); astronomical start_year -59. Data licence CC BY-SA 4.0."
edh:hd000664,work,Epitaph from Apulum - Alba Iulia,,Latin epitaph; EDH HD000664 from Apulum - Alba Iulia; monument type: Altar?; material: Gesteine; transcription: D(is) M(anibus) / Curneli(a)e(!) / Quint(a)e v/[ix(it) ann(os)] XX et / [&,available,131,,medium,"Source: Epigraphic Database Heidelberg (https://edh.ub.uni-heidelberg.de), inscription HD000664, retrieved 2026-10-04; inscription type: titulus sepulcralis (EDH genre 'titsep'); province: Dacia (EDH code Dac); EDH dating: not before 131 CE, not after 170 CE (39-year window); astronomical start_year 131. Data licence CC BY-SA 4.0."
edh:hd000666,work,Building/dedicatory inscription from Lissus - Lezha,,Latin building/dedicatory inscription; EDH HD000666 from Lissus - Lezha; monument type: Block; material: Kalkstein; transcription: L(ucius) Gaviarius L(uci) f(ilius) T(iti) n(epos) / aug(ur) C(aius) Iulius Caes/aris l(ibertus) Meges IIvir(i) quinque(n...,available,-59,,high,"Source: Epigraphic Database Heidelberg (https://edh.ub.uni-heidelberg.de), inscription HD000666, retrieved 2026-10-04; inscription type: titulus dedicatorius (EDH genre 'titoppubpriv'); province: Dalmatia (EDH code Dal); EDH dating: not before 60 BCE, not after 48 BCE (12-year window); astronomical start_year -59. Data licence CC BY-SA 4.0."
edh:hd000667,work,Votive inscription from Apulum - Alba Iulia,,Latin votive inscription; EDH HD000667 from Apulum - Alba Iulia; monument type: Statuenbasis; material: Kalkstein; transcription: I(ovi) O(ptimo) M(aximo) / ex voto / [---]E Mu/cianus / pro se et pro / SOSOSE(?),available,151,,medium,"Source: Epigraphic Database Heidelberg (https://edh.ub.uni-heidelberg.de), inscription HD000667, retrieved 2026-10-04; inscription type: titulus votivus (EDH genre 'titsac'); province: Dacia (EDH code Dac); EDH dating: not before 151 CE, not after 270 CE (119-year window); astronomical start_year 151. Data licence CC BY-SA 4.0. Caveats: wide EDH dating window (119 years)."
edh:hd000669,work,Epitaph from Carnuntum - Petronell-Carnuntum,,Latin epitaph; EDH HD000669 from Carnuntum - Petronell-Carnuntum; monument type: Stele; material: Kalkstein; transcription: T(itus) Valeri/us <T=F>a<r=B>(ia)#<T>a<r>(ia)#FAB Pri/mus Brixia / mil(es) leg(ionis) I ad(iutricis) / stip(endiorum) XI...,available,101,,medium,"Source: Epigraphic Database Heidelberg (https://edh.ub.uni-heidelberg.de), inscription HD000669, retrieved 2026-10-04; inscription type: titulus sepulcralis (EDH genre 'titsep'); province: Pannonia superior (EDH code PaS); EDH dating: not before 101 CE, not after 150 CE (49-year window); astronomical start_year 101. Data licence CC BY-SA 4.0."
edh:hd000670,work,Votive inscription from Apulum - Alba Iulia,,Latin votive inscription; EDH HD000670 from Apulum - Alba Iulia; monument type: Statuenbasis; material: Kalkstein; transcription: I(ovi) [O(ptimo)] M(aximo) / C(aius) Va[l(erius)?] [Tel?]e/gonus pr/o <se> et [s]uos(!) / v(otum) s(olvit) l(ibens) m(er...,available,101,,medium,"Source: Epigraphic Database Heidelberg (https://edh.ub.uni-heidelberg.de), inscription HD000670, retrieved 2026-10-04; inscription type: titulus votivus (EDH genre 'titsac'); province: Dacia (EDH code Dac); EDH dating: not before 101 CE, not after 200 CE (99-year window); astronomical start_year 101. Data licence CC BY-SA 4.0."
edh:hd000671,work,Epitaph from Les-Rues-des-Vignes,,Latin epitaph; EDH HD000671 from Les-Rues-des-Vignes; monument type: Stele; transcription: Hic in pace re/quiiscit(!) sanct/(a)e ben(a)e(!) memori[(a)e] / Aviulfus qu[i] / visit(!) annus(!) XX / et minsis(!) III...,available,501,,medium,"Source: Epigraphic Database Heidelberg (https://edh.ub.uni-heidelberg.de), inscription HD000671, retrieved 2026-10-04; inscription type: titulus sepulcralis (EDH genre 'titsep'); province: Belgica (EDH code Bel); EDH dating: not before 501 CE, not after 600 CE (99-year window); astronomical start_year 501. Data licence CC BY-SA 4.0."
edh:hd000672,work,Epitaph from Carnuntum - Petronell-Carnuntum,,Latin epitaph; EDH HD000672 from Carnuntum - Petronell-Carnuntum; monument type: Stele; material: Kalkstein; transcription: C(aius) Curi(us) Placi/dus an(norum) XX h(ic) s(itus) / e(st) C(aius) Curius Valeriu/s vet(eranus) leg(ionis) XV Ap(olli...,available,71,,medium,"Source: Epigraphic Database Heidelberg (https://edh.ub.uni-heidelberg.de), inscription HD000672, retrieved 2026-10-04; inscription type: titulus sepulcralis (EDH genre 'titsep'); province: Pannonia superior (EDH code PaS); EDH dating: not before 71 CE, not after 100 CE (29-year window); astronomical start_year 71. Data licence CC BY-SA 4.0."
edh:hd000673,work,Votive inscription from Apulum - Alba Iulia,,Latin votive inscription; EDH HD000673 from Apulum - Alba Iulia; monument type: Architekturteil; material: Marmor; transcription: [------] / [s]ac(rum) / [P(ublius) Ae]l(ius) Rustic[us?] / dec(urio) mu[ni]/c(ipii) Amp(elensium?) / votum vix / satis /...,available,193,,medium,"Source: Epigraphic Database Heidelberg (https://edh.ub.uni-heidelberg.de), inscription HD000673, retrieved 2026-10-04; inscription type: titulus votivus (EDH genre 'titsac'); province: Dacia (EDH code Dac); EDH dating: not before 193 CE, not after 275 CE (82-year window); astronomical start_year 193. Data licence CC BY-SA 4.0."
edh:hd000675,work,Epitaph from Carnuntum - Bad Deutsch-Altenburg,,Latin epitaph; EDH HD000675 from Carnuntum - Bad Deutsch-Altenburg; monument type: Stele; material: Kalkstein; transcription: [---]urius L(uci) f(ilius) / [---] mil(es) leg(ionis) / [XV A]pol(llinaris) an(norum) / [&,available,14,,medium,"Source: Epigraphic Database Heidelberg (https://edh.ub.uni-heidelberg.de), inscription HD000675, retrieved 2026-10-04; inscription type: titulus sepulcralis (EDH genre 'titsep'); province: Pannonia superior (EDH code PaS); EDH dating: not before 14 CE, not after 63 CE (49-year window); astronomical start_year 14. Data licence CC BY-SA 4.0."
edh:hd000676,work,Votive inscription from Apulum - Alba Iulia,,Latin votive inscription; EDH HD000676 from Apulum - Alba Iulia; monument type: Tafel; material: Marmor; transcription: $] / [C?]arus [---] / ob ho[norem ---] / [&,available,161,,medium,"Source: Epigraphic Database Heidelberg (https://edh.ub.uni-heidelberg.de), inscription HD000676, retrieved 2026-10-04; inscription type: titulus votivus (EDH genre 'titsac?'); genre attribution uncertain in EDH; province: Dacia (EDH code Dac); EDH dating: not before 161 CE, not after 275 CE (114-year window); astronomical start_year 161. Data licence CC BY-SA 4.0. Caveats: wide EDH dating window (114 years)."
edh:hd000677,work,"Honorific inscription from Salonae, bei - Split",,"Latin honorific inscription; EDH HD000677 from Salonae, bei - Split; transcription: Fl(avio) Constan/ti nobilissi/mo ac beatis/[simo] Caesari / [c]oll(egium) fabrum / Veneris",available,333,,high,"Source: Epigraphic Database Heidelberg (https://edh.ub.uni-heidelberg.de), inscription HD000677, retrieved 2026-10-04; inscription type: titulus honorarius (EDH genre 'tithon'); province: Dalmatia (EDH code Dal); EDH dating: not before 333 CE, not after 337 CE (4-year window); astronomical start_year 333. Data licence CC BY-SA 4.0."
edh:hd000679,work,List from Apulum - Alba Iulia,,Latin list; EDH HD000679 from Apulum - Alba Iulia; monument type: Tafel; material: Kalkstein; transcription: $] / [---aere?] collato I[---] / IVOVIVSI Iul(ius) Ru[---] // [------] / [------] / [------] / [---]SC(?) / [---]SED(?) ...,available,171,,medium,"Source: Epigraphic Database Heidelberg (https://edh.ub.uni-heidelberg.de), inscription HD000679, retrieved 2026-10-04; inscription type: index (EDH genre 'indexlaterc'); province: Dacia (EDH code Dac); EDH dating: not before 171 CE, not after 217 CE (46-year window); astronomical start_year 171. Data licence CC BY-SA 4.0."
edh:hd000680,work,"Votive inscription from Domavium, bei - Bratunac",,"Latin votive inscription; EDH HD000680 from Domavium, bei - Bratunac; monument type: Altar; transcription: Sil(vano) Aug(usto) / M(arcus) Aurel(ius) / Maximus / l(ibens) p(osuit)",available,171,,medium,"Source: Epigraphic Database Heidelberg (https://edh.ub.uni-heidelberg.de), inscription HD000680, retrieved 2026-10-04; inscription type: titulus votivus (EDH genre 'titsac'); province: Dalmatia (EDH code Dal); EDH dating: not before 171 CE, not after 300 CE (129-year window); astronomical start_year 171. Data licence CC BY-SA 4.0. Caveats: wide EDH dating window (129 years)."
edh:hd000681,work,Epitaph from Tipasa - Tipasa,,Latin epitaph; EDH HD000681 from Tipasa - Tipasa; monument type: Block; material: Kalkstein; transcription: D(is) M(anibus) sacru(m) / (A)elius Publ/ius vetera/nus milita/vit ala Bri/tannica bi/s torquat/a p(ius) v(ixit) a(nnos)...,available,131,,medium,"Source: Epigraphic Database Heidelberg (https://edh.ub.uni-heidelberg.de), inscription HD000681, retrieved 2026-10-04; inscription type: titulus sepulcralis (EDH genre 'titsep'); province: Mauretania Caesariensis (EDH code MaC); EDH dating: not before 131 CE, not after 170 CE (39-year window); astronomical start_year 131. Data licence CC BY-SA 4.0."
edh:hd000682,work,Inscription from Apulum - Alba Iulia,,Latin inscription; EDH HD000682 from Apulum - Alba Iulia; monument type: Architekturteil; transcription: $?] Vopisco [co(n)s(ule)?],available,107,,medium,"Source: Epigraphic Database Heidelberg (https://edh.ub.uni-heidelberg.de), inscription HD000682, retrieved 2026-10-04; inscription type not recorded in EDH (genre code 'empty'); province: Dacia (EDH code Dac); EDH dating: not before 107 CE, not after 250 CE (143-year window); astronomical start_year 107. Data licence CC BY-SA 4.0. Caveats: wide EDH dating window (143 years)."
edh:hd000683,work,Votive inscription from Novi Grad,,Latin votive inscription; EDH HD000683 from Novi Grad; monument type: Altar; transcription: I(ovi) O(ptimo) M(aximo) / sacr(um) / P(ublius) Vo/lusi/us Se/[---](?) / [&?,available,1,,medium,"Source: Epigraphic Database Heidelberg (https://edh.ub.uni-heidelberg.de), inscription HD000683, retrieved 2026-10-04; inscription type: titulus votivus (EDH genre 'titsac'); province: Dalmatia (EDH code Dal); EDH dating: not before 1 CE, not after 100 CE (99-year window); astronomical start_year 1. Data licence CC BY-SA 4.0."
edh:hd000685,work,Votive inscription from Apulum - Alba Iulia,,Latin votive inscription; EDH HD000685 from Apulum - Alba Iulia; monument type: Tafel; material: Marmor; transcription: Numini I[---] / pro salu[te Imp(eratoris) Caes(aris)] / [[C(ai) Iul(i) Ve[ri Maximini Aug(usti)]]] / [et? C(ai)?] Iul[i ...,available,235,,high,"Source: Epigraphic Database Heidelberg (https://edh.ub.uni-heidelberg.de), inscription HD000685, retrieved 2026-10-04; inscription type: titulus votivus (EDH genre 'titsac'); province: Dacia (EDH code Dac); EDH dating: not before 235 CE, not after 238 CE (3-year window); astronomical start_year 235. Data licence CC BY-SA 4.0."
edh:hd000686,work,Votive inscription from Raetinium? - Bihać,,Latin votive inscription; EDH HD000686 from Raetinium? - Bihać; monument type: Altar; transcription: Silvan/o C(aius) O(---) C(---) / p(ro) s(alute) sua,available,201,,medium,"Source: Epigraphic Database Heidelberg (https://edh.ub.uni-heidelberg.de), inscription HD000686, retrieved 2026-10-04; inscription type: titulus votivus (EDH genre 'titsac'); province: Dalmatia (EDH code Dal); EDH dating: not before 201 CE, not after 300 CE (99-year window); astronomical start_year 201. Data licence CC BY-SA 4.0."
edh:hd000688,work,Votive inscription from Apulum - Alba Iulia,,Latin votive inscription; EDH HD000688 from Apulum - Alba Iulia; monument type: Tafel; material: Kalkstein; transcription: $] / [pro salute ---] / [[d]]d(ominorum) [[n]]n(ostrorum) Aug[[[g(ustorum)]]] / [[C(ai) [I]ul(i) V[e]ri M[a]]]/[[ximin[i...,available,237,,high,"Source: Epigraphic Database Heidelberg (https://edh.ub.uni-heidelberg.de), inscription HD000688, retrieved 2026-10-04; inscription type: titulus votivus (EDH genre 'titsac'); province: Dacia (EDH code Dac); EDH dating: not before 237 CE, not after 238 CE (1-year window); astronomical start_year 237. Data licence CC BY-SA 4.0."
edh:hd000689,work,Votive inscription from Zenica,,Latin votive inscription; EDH HD000689 from Zenica; monument type: Altar; transcription: Hercu<l>i Aug(usto) / Aur(elius) Liciniu(s) / II(vir) posuit,available,251,,medium,"Source: Epigraphic Database Heidelberg (https://edh.ub.uni-heidelberg.de), inscription HD000689, retrieved 2026-10-04; inscription type: titulus votivus (EDH genre 'titsac'); province: Dalmatia (EDH code Dal); EDH dating: not before 251 CE, not after 350 CE (99-year window); astronomical start_year 251. Data licence CC BY-SA 4.0."
edh:hd000691,work,Votive inscription from Apulum - Alba Iulia,,Latin votive inscription; EDH HD000691 from Apulum - Alba Iulia; monument type: Altar; material: Kalkstein; transcription: I(ovi) O(ptimo) M(aximo) / pro salute / G(ai) C(---) Hast(a)e / co(n)s(ularis) trium / Dac(iarum) str(atores) ei(us) / l...,available,185,,high,"Source: Epigraphic Database Heidelberg (https://edh.ub.uni-heidelberg.de), inscription HD000691, retrieved 2026-10-04; inscription type: titulus votivus (EDH genre 'titsac'); province: Dacia (EDH code Dac); EDH dating: not before 185 CE, not after 193 CE (8-year window); astronomical start_year 185. Data licence CC BY-SA 4.0."
edh:hd000692,work,"Votive inscription from Raetinium, bei? - Bihać",,"Latin votive inscription; EDH HD000692 from Raetinium, bei? - Bihać; monument type: Altar; material: Kalkstein; transcription: [Ul]p(ius) Satu/[r]ninu[s] / [S]ilvano / [&?",available,151,,medium,"Source: Epigraphic Database Heidelberg (https://edh.ub.uni-heidelberg.de), inscription HD000692, retrieved 2026-10-04; inscription type: titulus votivus (EDH genre 'titsac'); province: Dalmatia (EDH code Dal); EDH dating: not before 151 CE, not after 300 CE (149-year window); astronomical start_year 151. Data licence CC BY-SA 4.0. Caveats: wide EDH dating window (149 years)."
edh:hd000694,work,List from Apulum - Alba Iulia,,Latin list; EDH HD000694 from Apulum - Alba Iulia; monument type: Tafel; material: Marmor; transcription: $] / [---] Viator / [---] Firmus / [Ae]l(ius) Priscus / [A]el(ius) Domiti(anus?) / [A]el(ius) Florus / [A]el(ius) Valens...,available,117,,medium,"Source: Epigraphic Database Heidelberg (https://edh.ub.uni-heidelberg.de), inscription HD000694, retrieved 2026-10-04; inscription type: index (EDH genre 'indexlaterc'); province: Dacia (EDH code Dac); EDH dating: not before 117 CE, not after 161 CE (44-year window); astronomical start_year 117. Data licence CC BY-SA 4.0."
edh:hd000695,work,Votive inscription from Prijepolje,,Latin votive inscription; EDH HD000695 from Prijepolje; monument type: Altar; material: Kalkstein; transcription: I(ovi) O(ptimo) M(aximo) C(ohortali) / Aur(elius) Lavius / et Ae(lia) Tito / l(ibentes) p(osuerunt),available,151,,medium,"Source: Epigraphic Database Heidelberg (https://edh.ub.uni-heidelberg.de), inscription HD000695, retrieved 2026-10-04; inscription type: titulus votivus (EDH genre 'titsac'); province: Dalmatia (EDH code Dal); EDH dating: not before 151 CE, not after 300 CE (149-year window); astronomical start_year 151. Data licence CC BY-SA 4.0. Caveats: wide EDH dating window (149 years)."
edh:hd000697,work,Military diploma from Tajó,,Latin military diploma; EDH HD000697 from Tajó; monument type: Tafel; material: Bronze; transcription: [Imp(erator) Caes(ar) divi Hadriani f(ilius) di]vi Traiani / [Parthic(i) nep(os) divi Nervae pro]nepos / [T(itus) Aelius...,available,154,,high,"Source: Epigraphic Database Heidelberg (https://edh.ub.uni-heidelberg.de), inscription HD000697, retrieved 2026-10-04; inscription type: diploma militare (EDH genre 'diplmil'); province: Barbaricum (EDH code Bar); EDH dating: not before 154 CE, not after 161 CE (7-year window); astronomical start_year 154. Data licence CC BY-SA 4.0."
edh:hd000698,work,Epitaph from Prijepolje,,Latin epitaph; EDH HD000698 from Prijepolje; monument type: Stele; transcription: D(is) M(anibus) s(acrum) / Aur(eliae) Sce/nutae / q(uae) v(ixit) a(nnos) XXXV / Aur(elius) Plares coni(ugi) / k(arissmae...,available,231,,medium,"Source: Epigraphic Database Heidelberg (https://edh.ub.uni-heidelberg.de), inscription HD000698, retrieved 2026-10-04; inscription type: titulus sepulcralis (EDH genre 'titsep'); province: Dalmatia (EDH code Dal); EDH dating: not before 231 CE, not after 300 CE (69-year window); astronomical start_year 231. Data licence CC BY-SA 4.0."
edh:hd000701,work,Boundary inscription from Iader? - Zadar?,,Latin boundary inscription; EDH HD000701 from Iader? - Zadar?; monument type: Tafel; material: Kalkstein; transcription: C(aius) Petillius Firm[us] / trib(unus) mil(itum) leg(ionis) IIII F(laviae) [f(elicis)] / ex auctoritate / Imp(eratoris)...,available,70,,high,"Source: Epigraphic Database Heidelberg (https://edh.ub.uni-heidelberg.de), inscription HD000701, retrieved 2026-10-04; inscription type: terminus (EDH genre 'titterm'); province: Dalmatia (EDH code Dal); EDH dating: not before 70 CE, not after 79 CE (9-year window); astronomical start_year 70. Data licence CC BY-SA 4.0."
edh:hd000704,work,Votive inscription from Lucus Feroniae - Lucus Feroniae,,Latin votive inscription; EDH HD000704 from Lucus Feroniae - Lucus Feroniae; monument type: Statuenbasis; material: Kalkstein; transcription: [---]rcius l(ibertae) l(ibertus) / [Fer]oneae / [------],available,-249,,medium,"Source: Epigraphic Database Heidelberg (https://edh.ub.uni-heidelberg.de), inscription HD000704, retrieved 2026-10-04; inscription type: titulus votivus (EDH genre 'titsac'); province: Etruria (Regio VII) (EDH code Etr); EDH dating: not before 250 BCE, not after 201 BCE (49-year window); astronomical start_year -249. Data licence CC BY-SA 4.0."
edh:hd000706,work,Military diploma from Annamatia - Baracs,,Latin military diploma; EDH HD000706 from Annamatia - Baracs; monument type: Tafel; material: Bronze; transcription: [Imp(erator) Caesar Marcus Aurelius Anto]ninus / [Augustus pontif(ex) maximus trib]uniciae / [potestatis --- co(n)s(ul) ...,available,161,,high,"Source: Epigraphic Database Heidelberg (https://edh.ub.uni-heidelberg.de), inscription HD000706, retrieved 2026-10-04; inscription type: diploma militare (EDH genre 'diplmil'); province: Pannonia inferior (EDH code PaI); EDH dating: not before 161 CE, not after 163 CE (2-year window); astronomical start_year 161. Data licence CC BY-SA 4.0."
edh:hd000707,work,Votive inscription from Lucus Feroniae - Lucus Feroniae,,Latin votive inscription; EDH HD000707 from Lucus Feroniae - Lucus Feroniae; monument type: Statuenbasis; material: Kalkstein; transcription: $?] / Feronea dono / lubens merto / dedit,available,-299,,medium,"Source: Epigraphic Database Heidelberg (https://edh.ub.uni-heidelberg.de), inscription HD000707, retrieved 2026-10-04; inscription type: titulus votivus (EDH genre 'titsac'); province: Etruria (Regio VII) (EDH code Etr); EDH dating: not before 300 BCE, not after 201 BCE (99-year window); astronomical start_year -299. Data licence CC BY-SA 4.0."
edh:hd000710,work,Votive inscription from Lucus Feroniae - Capena,,Latin votive inscription; EDH HD000710 from Lucus Feroniae - Capena; monument type: Architekturteil; material: Kalkstein; transcription: L(ucius) Calpurnius / [Fe]ronea dono merite,available,-299,,medium,"Source: Epigraphic Database Heidelberg (https://edh.ub.uni-heidelberg.de), inscription HD000710, retrieved 2026-10-04; inscription type: titulus votivus (EDH genre 'titsac'); province: Etruria (Regio VII) (EDH code Etr); EDH dating: not before 300 BCE, not after 211 BCE (89-year window); astronomical start_year -299. Data licence CC BY-SA 4.0."
edh:hd000712,work,Building/dedicatory inscription from Comum - Como,,Latin building/dedicatory inscription; EDH HD000712 from Comum - Como; monument type: Tafel; material: Kalkstein; transcription: [Caeci]liae f(iliae) suae nomin[e] L(ucius) Ca[e]/[ciliu]s C(ai) f(ilius) Ouf(entina) Secundus praef(ectus) / [fabr(um)]...,available,77,,high,"Source: Epigraphic Database Heidelberg (https://edh.ub.uni-heidelberg.de), inscription HD000712, retrieved 2026-10-04; inscription type: titulus dedicatorius (EDH genre 'titoppubpriv'); province: Transpadana (Regio XI) (EDH code Tra); EDH dating: not before 77 CE, not after 79 CE (2-year window); astronomical start_year 77. Data licence CC BY-SA 4.0."
edh:hd000713,work,Epitaph from Casali di Legogne,,Latin epitaph; EDH HD000713 from Casali di Legogne; monument type: Stele; material: Kalkstein; transcription: $] / [---]lae / [M]axsimus(!) et / Saturninus / sorori / pientissi/mae,available,101,,medium,"Source: Epigraphic Database Heidelberg (https://edh.ub.uni-heidelberg.de), inscription HD000713, retrieved 2026-10-04; inscription type: titulus sepulcralis (EDH genre 'titsep'); province: Samnium (Regio IV) (EDH code Sam); EDH dating: not before 101 CE, not after 250 CE (149-year window); astronomical start_year 101. Data licence CC BY-SA 4.0. Caveats: wide EDH dating window (149 years)."
edh:hd000716,work,Votive inscription from Nursia - Norcia,,Latin votive inscription; EDH HD000716 from Nursia - Norcia; monument type: Basis; material: Kalkstein; transcription: C(aius) Torenas An(iensis) / Herc(uli) Vict(ori) d(ono) d(edit) / quone Lunam / [i]nferat Solis / [l]umen sectu[m],available,-49,,medium,"Source: Epigraphic Database Heidelberg (https://edh.ub.uni-heidelberg.de), inscription HD000716, retrieved 2026-10-04; inscription type: titulus votivus (EDH genre 'titsac'); province: Samnium (Regio IV) (EDH code Sam); EDH dating: not before 50 BCE, not after 50 CE (100-year window); astronomical start_year -49. Data licence CC BY-SA 4.0."
edh:hd000720,work,Epitaph from Turris Libisonis - Porto Torres,,Latin epitaph; EDH HD000720 from Turris Libisonis - Porto Torres; monument type: Tafel?; transcription: Spiritus sanctus / hic qu(ie)s(cit) Irene / vix(it) ann(os) III me(nse)s / [&,available,301,,medium,"Source: Epigraphic Database Heidelberg (https://edh.ub.uni-heidelberg.de), inscription HD000720, retrieved 2026-10-04; inscription type: titulus sepulcralis (EDH genre 'titsep'); province: Sardinia (EDH code Sar); EDH dating: not before 301 CE, not after 500 CE (199-year window); astronomical start_year 301. Data licence CC BY-SA 4.0. Caveats: wide EDH dating window (199 years)."
edh:hd000722,work,Honorific inscription from Fanum Fortunae - Fano,,Latin honorific inscription; EDH HD000722 from Fanum Fortunae - Fano; monument type: Block; transcription: $]/CALDAI D[---] / IIIIvir P[---] / P(ublius) Scantiu[s &,available,-99,,medium,"Source: Epigraphic Database Heidelberg (https://edh.ub.uni-heidelberg.de), inscription HD000722, retrieved 2026-10-04; inscription type: titulus honorarius (EDH genre 'tithon?'); genre attribution uncertain in EDH; province: Umbria (Regio VI) (EDH code Umb); EDH dating: not before 100 BCE, not after 1 BCE (99-year window); astronomical start_year -99. Data licence CC BY-SA 4.0."
edh:hd000724,work,"Inscription from Saepinum, bei - Altilia",,"Latin inscription; EDH HD000724 from Saepinum, bei - Altilia; monument type: Tafel; transcription: Bassaeus Rufus et Macrinius Vindex magg(istratibus) / Saepinat(ibus) salutem / exemplum epistulae scriptae nobis a Cosmo...",available,169,,high,"Source: Epigraphic Database Heidelberg (https://edh.ub.uni-heidelberg.de), inscription HD000724, retrieved 2026-10-04; inscription type not recorded in EDH (genre code 'empty'); province: Samnium (Regio IV) (EDH code Sam); EDH dating: not before 169 CE, not after 172 CE (3-year window); astronomical start_year 169. Data licence CC BY-SA 4.0."
edh:hd000725,work,Honorific inscription from Fanum Fortunae - Fano,,Latin honorific inscription; EDH HD000725 from Fanum Fortunae - Fano; monument type: Tafel; material: Kalkstein; transcription: P(ublius) Tediseno [---] / VI[viro ---] / Primigen[---] / VI[vir ---] / [&,available,1,,medium,"Source: Epigraphic Database Heidelberg (https://edh.ub.uni-heidelberg.de), inscription HD000725, retrieved 2026-10-04; inscription type: titulus honorarius (EDH genre 'tithon?'); genre attribution uncertain in EDH; province: Umbria (Regio VI) (EDH code Umb); EDH dating: not before 1 CE, not after 100 CE (99-year window); astronomical start_year 1. Data licence CC BY-SA 4.0."
edh:hd000728,work,Inscription from Fanum Fortunae - Fano,,Latin inscription; EDH HD000728 from Fanum Fortunae - Fano; monument type: Block; transcription: $] cultoribus,available,201,,medium,"Source: Epigraphic Database Heidelberg (https://edh.ub.uni-heidelberg.de), inscription HD000728, retrieved 2026-10-04; inscription type not recorded in EDH (genre code 'empty'); province: Umbria (Regio VI) (EDH code Umb); EDH dating: not before 201 CE, not after 300 CE (99-year window); astronomical start_year 201. Data licence CC BY-SA 4.0."
edh:hd000734,work,Votive inscription from Kanfanar,,Latin votive inscription; EDH HD000734 from Kanfanar; monument type: Altar; material: Kalkstein; transcription: Eiae Aug(ustae) / Cn(aeus) Pollent/[ius? &,available,101,,medium,"Source: Epigraphic Database Heidelberg (https://edh.ub.uni-heidelberg.de), inscription HD000734, retrieved 2026-10-04; inscription type: titulus votivus (EDH genre 'titsac'); province: Venetia et Histria (Regio X) (EDH code VeH); EDH dating: not before 101 CE, not after 200 CE (99-year window); astronomical start_year 101. Data licence CC BY-SA 4.0."
edh:hd000736,work,Votive inscription from Apulum - Alba Iulia,,Latin votive inscription; EDH HD000736 from Apulum - Alba Iulia; monument type: Altar; material: Kalkstein; transcription: Eponae Aug(ustae) / pro salute / [[dd(ominorum) [nn(ostrorum)]]] / [[G[alli et V]o]]/[[lusi[an]i]] / [[Augg(ustorum)]] /...,available,251,,high,"Source: Epigraphic Database Heidelberg (https://edh.ub.uni-heidelberg.de), inscription HD000736, retrieved 2026-10-04; inscription type: titulus votivus (EDH genre 'titsac'); province: Dacia (EDH code Dac); EDH dating: not before 251 CE, not after 253 CE (2-year window); astronomical start_year 251. Data licence CC BY-SA 4.0."
edh:hd000737,work,Epitaph from Motovun,,Latin epitaph; EDH HD000737 from Motovun; monument type: Stele; material: Gesteine unbestimmt; transcription: C(aio) Mo[---]o L(uci) f(ilio) / Rufo [---] / IP[-]O[---] / MC[---] / [-]LE[---]MO[---] / BE[---]AE / AE[---]F / [---]OR...,available,51,,medium,"Source: Epigraphic Database Heidelberg (https://edh.ub.uni-heidelberg.de), inscription HD000737, retrieved 2026-10-04; inscription type: titulus sepulcralis (EDH genre 'titsep?'); genre attribution uncertain in EDH; province: Venetia et Histria (Regio X) (EDH code VeH); EDH dating: not before 51 CE, not after 250 CE (199-year window); astronomical start_year 51. Data licence CC BY-SA 4.0. Caveats: wide EDH dating window (199 years)."
edh:hd000739,work,Votive inscription from Apulum - Alba Iulia,,Latin votive inscription; EDH HD000739 from Apulum - Alba Iulia; monument type: Altar; material: Kalkstein; transcription: $] / P(ublius) Ae[l(ius) ---]us / po[ntifex co]l(oniae) / Apu[lensis e(quo)] p(ublico) / pro sa[lute s]u[a] / suor[umqu]...,available,180,,medium,"Source: Epigraphic Database Heidelberg (https://edh.ub.uni-heidelberg.de), inscription HD000739, retrieved 2026-10-04; inscription type: titulus votivus (EDH genre 'titsac'); province: Dacia (EDH code Dac); EDH dating: not before 180 CE, not after 250 CE (70-year window); astronomical start_year 180. Data licence CC BY-SA 4.0."
edh:hd000740,work,Epitaph from Pola - Pula,,Latin epitaph; EDH HD000740 from Pola - Pula; monument type: Tafel; material: Kalkstein; transcription: C(aius) Iulius C(ai) l(ibertus) / Philippus v(ivus) f(ecit) sibi et / Iuliae Melissae,available,1,,medium,"Source: Epigraphic Database Heidelberg (https://edh.ub.uni-heidelberg.de), inscription HD000740, retrieved 2026-10-04; inscription type: titulus sepulcralis (EDH genre 'titsep'); province: Venetia et Histria (Regio X) (EDH code VeH); EDH dating: not before 1 CE, not after 100 CE (99-year window); astronomical start_year 1. Data licence CC BY-SA 4.0."
edh:hd000741,work,Identification inscription from unknown findspot,,Latin identification inscription; EDH HD000741 from unknown findspot; monument type: Fels; transcription: Hermas,available,1,,medium,"Source: Epigraphic Database Heidelberg (https://edh.ub.uni-heidelberg.de), inscription HD000741, retrieved 2026-10-04; inscription type: nota (EDH genre 'nota'); province: Aegyptus (EDH code Aeg); EDH dating: not before 1 CE, not after 200 CE (199-year window); astronomical start_year 1. Data licence CC BY-SA 4.0. Caveats: wide EDH dating window (199 years)."
edh:hd000742,work,Epitaph from Apulum - Alba Iulia,,Latin epitaph; EDH HD000742 from Apulum - Alba Iulia; monument type: Altar?; material: Kalkstein; transcription: D(is) M(anibus) / Spediae L(uci) f(iliae) Sev/erae coniugi / L(uci) Val(eri) Montan(i) Q(uinti) f(ili) / p(rimi) p(ili) ...,available,201,,medium,"Source: Epigraphic Database Heidelberg (https://edh.ub.uni-heidelberg.de), inscription HD000742, retrieved 2026-10-04; inscription type: titulus sepulcralis (EDH genre 'titsep'); province: Dacia (EDH code Dac); EDH dating: not before 201 CE, not after 270 CE (69-year window); astronomical start_year 201. Data licence CC BY-SA 4.0."
edh:hd000743,work,Epitaph from Pola - Pula,,Latin epitaph; EDH HD000743 from Pola - Pula; monument type: Tafel; material: Kalkstein; transcription: [---]ntius Symma/[chus --- e]t Antistia Libas / [---]s uniter / [&,available,101,,medium,"Source: Epigraphic Database Heidelberg (https://edh.ub.uni-heidelberg.de), inscription HD000743, retrieved 2026-10-04; inscription type: titulus sepulcralis (EDH genre 'titsep?'); genre attribution uncertain in EDH; province: Venetia et Histria (Regio X) (EDH code VeH); EDH dating: not before 101 CE, not after 200 CE (99-year window); astronomical start_year 101. Data licence CC BY-SA 4.0."
edh:hd000744,work,Epitaph from Tipasa - Tipasa,,Latin epitaph; EDH HD000744 from Tipasa - Tipasa; monument type: Stele; material: Sandstein; transcription: D(is) M(anibus) / Aponi A[---] / Mai[---] / Helv[ia? ---] / [&,available,101,,medium,"Source: Epigraphic Database Heidelberg (https://edh.ub.uni-heidelberg.de), inscription HD000744, retrieved 2026-10-04; inscription type: titulus sepulcralis (EDH genre 'titsep'); province: Mauretania Caesariensis (EDH code MaC); EDH dating: not before 101 CE, not after 300 CE (199-year window); astronomical start_year 101. Data licence CC BY-SA 4.0. Caveats: wide EDH dating window (199 years)."
edh:hd000746,work,"Epitaph from Forum Cornelii, bei - Imola, bei",,"Latin epitaph; EDH HD000746 from Forum Cornelii, bei - Imola, bei; monument type: Stele; material: Travertin; transcription: L(ucius) Gav<i=L>us#Gav<i>us#GAVLUS L(uci) l(ibertus) / Pal(atina) Ingenuus / Varia L(uci) l(iberta) Glyce",available,1,,medium,"Source: Epigraphic Database Heidelberg (https://edh.ub.uni-heidelberg.de), inscription HD000746, retrieved 2026-10-04; inscription type: titulus sepulcralis (EDH genre 'titsep'); province: Aemilia (Regio VIII) (EDH code Aem); EDH dating: not before 1 CE, not after 100 CE (99-year window); astronomical start_year 1. Data licence CC BY-SA 4.0."
edh:hd000747,work,Epitaph from Tipasa - Tipasa,,Latin epitaph; EDH HD000747 from Tipasa - Tipasa; monument type: Tafel; material: Marmor; transcription: D(is) M(anibus) / Ti(berius) Cl(audius) Ex[upius?] / b(onus) v(ir) vix[it a(nnos)] / XXVII [m(enses)] / VII d(ies) [&,available,151,,medium,"Source: Epigraphic Database Heidelberg (https://edh.ub.uni-heidelberg.de), inscription HD000747, retrieved 2026-10-04; inscription type: titulus sepulcralis (EDH genre 'titsep'); province: Mauretania Caesariensis (EDH code MaC); EDH dating: not before 151 CE, not after 230 CE (79-year window); astronomical start_year 151. Data licence CC BY-SA 4.0."
edh:hd000748,work,Epitaph from Apulum - Alba Iulia,,Latin epitaph; EDH HD000748 from Apulum - Alba Iulia; monument type: Stele; material: Kalkstein; transcription: $] / [--- vix(it)] / an(nos) LX Lucius coniu/gi bene merenti pos(ui)/t,available,151,,medium,"Source: Epigraphic Database Heidelberg (https://edh.ub.uni-heidelberg.de), inscription HD000748, retrieved 2026-10-04; inscription type: titulus sepulcralis (EDH genre 'titsep'); province: Dacia (EDH code Dac); EDH dating: not before 151 CE, not after 270 CE (119-year window); astronomical start_year 151. Data licence CC BY-SA 4.0. Caveats: wide EDH dating window (119 years)."
edh:hd000749,work,Votive inscription from Brijuni,,Latin votive inscription; EDH HD000749 from Brijuni; monument type: Altar; material: Kalkstein; transcription: Flor(a)e / Aug(ustae) / M(arcus) Aure(lius) / Iustus / v(ivus) l(ibens) s(olvit) v(otum) / l(aetus) [---] f(ecit),available,101,,medium,"Source: Epigraphic Database Heidelberg (https://edh.ub.uni-heidelberg.de), inscription HD000749, retrieved 2026-10-04; inscription type: titulus votivus (EDH genre 'titsac'); province: Venetia et Histria (Regio X) (EDH code VeH); EDH dating: not before 101 CE, not after 200 CE (99-year window); astronomical start_year 101. Data licence CC BY-SA 4.0."
edh:hd000750,work,Epitaph from Tipasa - Tipasa,,Latin epitaph; EDH HD000750 from Tipasa - Tipasa; monument type: Tafel?; material: Marmor; transcription: [------] / [---]uli Ce/rialis,available,201,,medium,"Source: Epigraphic Database Heidelberg (https://edh.ub.uni-heidelberg.de), inscription HD000750, retrieved 2026-10-04; inscription type: titulus sepulcralis (EDH genre 'titsep?'); genre attribution uncertain in EDH; province: Mauretania Caesariensis (EDH code MaC); EDH dating: not before 201 CE, not after 300 CE (99-year window); astronomical start_year 201. Data licence CC BY-SA 4.0."
edh:hd000751,work,Epitaph from Apulum - Alba Iulia,,Latin epitaph; EDH HD000751 from Apulum - Alba Iulia; monument type: Stele; material: Kalkstein; transcription: D(is) M(anibus) / Ponti(a)e Sy[-]/us(a)e vix(it) an(nos) V(?) / et Ponti(a)e A/si(a)e mat(ri) ei/us vix(it) an(nos) / [&,available,151,,medium,"Source: Epigraphic Database Heidelberg (https://edh.ub.uni-heidelberg.de), inscription HD000751, retrieved 2026-10-04; inscription type: titulus sepulcralis (EDH genre 'titsep'); province: Dacia (EDH code Dac); EDH dating: not before 151 CE, not after 270 CE (119-year window); astronomical start_year 151. Data licence CC BY-SA 4.0. Caveats: wide EDH dating window (119 years)."
edh:hd000752,work,Epitaph from Chiavenna,,Latin epitaph; EDH HD000752 from Chiavenna; monument type: Stele; material: Speckstein; transcription: D(is) M(anibus) / memoriae Publicies Septi/mines / L(ucius) Sammonius Adiutor coniug(i) / pientissim(a)e / et animules(!...,available,201,,medium,"Source: Epigraphic Database Heidelberg (https://edh.ub.uni-heidelberg.de), inscription HD000752, retrieved 2026-10-04; inscription type: titulus sepulcralis (EDH genre 'titsep'); province: Transpadana (Regio XI) (EDH code Tra); EDH dating: not before 201 CE, not after 350 CE (149-year window); astronomical start_year 201. Data licence CC BY-SA 4.0. Caveats: wide EDH dating window (149 years)."
edh:hd000753,work,Epitaph from Tipasa - Tipasa,,"Latin epitaph; EDH HD000753 from Tipasa - Tipasa; monument type: Tafel; material: Marmor, geädert / farbig; transcription: L(ucius) Muna[tius] / Pastor [vix(it)] / an(nos) XXXV[---] / Talincia [uxor] / marito [f(ecit)]",available,151,,medium,"Source: Epigraphic Database Heidelberg (https://edh.ub.uni-heidelberg.de), inscription HD000753, retrieved 2026-10-04; inscription type: titulus sepulcralis (EDH genre 'titsep'); province: Mauretania Caesariensis (EDH code MaC); EDH dating: not before 151 CE, not after 300 CE (149-year window); astronomical start_year 151. Data licence CC BY-SA 4.0. Caveats: wide EDH dating window (149 years)."
edh:hd000754,work,Epitaph from Apulum - Alba Iulia,,Latin epitaph; EDH HD000754 from Apulum - Alba Iulia; monument type: Altar?; material: Kalkstein; transcription: D(is) M(anibus) / Rufus D/iomedis / v(ixit) an(nos) I(?)V / [&,available,131,,medium,"Source: Epigraphic Database Heidelberg (https://edh.ub.uni-heidelberg.de), inscription HD000754, retrieved 2026-10-04; inscription type: titulus sepulcralis (EDH genre 'titsep'); province: Dacia (EDH code Dac); EDH dating: not before 131 CE, not after 200 CE (69-year window); astronomical start_year 131. Data licence CC BY-SA 4.0."
edh:hd000755,work,"Epitaph from Nursia, bei - Norcia, bei",,"Latin epitaph; EDH HD000755 from Nursia, bei - Norcia, bei; material: Kalkstein; transcription: Thymelo / et Amando / servis Verae / familia / urbana / conservis / b(ene) m(erentibus) / Thymelicus / pater filis / car...",available,151,,medium,"Source: Epigraphic Database Heidelberg (https://edh.ub.uni-heidelberg.de), inscription HD000755, retrieved 2026-10-04; inscription type: titulus sepulcralis (EDH genre 'titsep'); province: Samnium (Regio IV) (EDH code Sam); EDH dating: not before 151 CE, not after 300 CE (149-year window); astronomical start_year 151. Data licence CC BY-SA 4.0. Caveats: wide EDH dating window (149 years)."
edh:hd000756,work,Epitaph from Tipasa - Tipasa,,Latin epitaph; EDH HD000756 from Tipasa - Tipasa; monument type: Tafel; material: Marmor; transcription: Alto labsa(!) loco casu / defuncta nefando / primis rapta annis / istic Fidentia dormit / cui pater hunc tumulum / sibi ...,available,201,,medium,"Source: Epigraphic Database Heidelberg (https://edh.ub.uni-heidelberg.de), inscription HD000756, retrieved 2026-10-04; inscription type: titulus sepulcralis (EDH genre 'titsep'); province: Mauretania Caesariensis (EDH code MaC); EDH dating: not before 201 CE, not after 400 CE (199-year window); astronomical start_year 201. Data licence CC BY-SA 4.0. Caveats: wide EDH dating window (199 years)."
edh:hd000757,work,Votive inscription from Colonia Ulpia Traiana Sarmizegetusa - Sarmizegetusa,,Latin votive inscription; EDH HD000757 from Colonia Ulpia Traiana Sarmizegetusa - Sarmizegetusa; monument type: Altar?; transcription: Volcano / miti / C(aius) Sempron(ius) / Urbanus / [p]roc(urator) Aug(usti),available,182,,high,"Source: Epigraphic Database Heidelberg (https://edh.ub.uni-heidelberg.de), inscription HD000757, retrieved 2026-10-04; inscription type: titulus votivus (EDH genre 'titsac'); province: Dacia (EDH code Dac); EDH dating: not before 182 CE, not after 185 CE (3-year window); astronomical start_year 182. Data licence CC BY-SA 4.0."
edh:hd000758,work,Votive inscription from Iésolo,,Latin votive inscription; EDH HD000758 from Iésolo; monument type: Architekturteil; material: Gesteine unbestimmt; transcription: [---]imiu/s cum sui/s de dono / Dei f(ecit) p(edes) LXX,available,401,,medium,"Source: Epigraphic Database Heidelberg (https://edh.ub.uni-heidelberg.de), inscription HD000758, retrieved 2026-10-04; inscription type: titulus votivus (EDH genre 'titsac'); province: Venetia et Histria (Regio X) (EDH code VeH); EDH dating: not before 401 CE, not after 600 CE (199-year window); astronomical start_year 401. Data licence CC BY-SA 4.0. Caveats: wide EDH dating window (199 years)."
edh:hd000759,work,Epitaph from Tipasa - Tipasa,,Latin epitaph; EDH HD000759 from Tipasa - Tipasa; monument type: Tafel; material: Marmor; transcription: $] / [--- d]ies XIII[I?] r(ecessit) III No[nas] / Maias (h)ora noctis [---] / dies Lun(a)e (anno) pr(ovinciae) CCXX[&,available,259,,medium,"Source: Epigraphic Database Heidelberg (https://edh.ub.uni-heidelberg.de), inscription HD000759, retrieved 2026-10-04; inscription type: titulus sepulcralis (EDH genre 'titsep'); province: Mauretania Caesariensis (EDH code MaC); EDH dating: not before 259 CE, not after 288 CE (29-year window); astronomical start_year 259. Data licence CC BY-SA 4.0."
edh:hd000760,work,Votive inscription from Colonia Ulpia Traiana Sarmizegetusa - Sarmizegetusa,,Latin votive inscription; EDH HD000760 from Colonia Ulpia Traiana Sarmizegetusa - Sarmizegetusa; monument type: Altar?; transcription: Herculi Aug(usto) / C(aius) Sempron(ius) / Urbanus / proc(urator) Aug(usti),available,182,,high,"Source: Epigraphic Database Heidelberg (https://edh.ub.uni-heidelberg.de), inscription HD000760, retrieved 2026-10-04; inscription type: titulus votivus (EDH genre 'titsac'); province: Dacia (EDH code Dac); EDH dating: not before 182 CE, not after 185 CE (3-year window); astronomical start_year 182. Data licence CC BY-SA 4.0."
edh:hd000761,work,Votive inscription from Iésolo,,Latin votive inscription; EDH HD000761 from Iésolo; monument type: Architekturteil; material: Gesteine unbestimmt; transcription: [Vi]ctur[---] / [--- d]e don[o Dei] / f(ecit) p(edes) XI,available,401,,medium,"Source: Epigraphic Database Heidelberg (https://edh.ub.uni-heidelberg.de), inscription HD000761, retrieved 2026-10-04; inscription type: titulus votivus (EDH genre 'titsac'); province: Venetia et Histria (Regio X) (EDH code VeH); EDH dating: not before 401 CE, not after 600 CE (199-year window); astronomical start_year 401. Data licence CC BY-SA 4.0. Caveats: wide EDH dating window (199 years)."
edh:hd000762,work,Votive inscription from Tfilzi? - Menaa,,Latin votive inscription; EDH HD000762 from Tfilzi? - Menaa; monument type: Block; transcription: [Iovi Opt(imo) Max(imo) conser]/vat[ori domini n(ostri)] / Imp(eratoris) C[aes(aris) L(uci) Sept(imi) Sever(i) Pii] / Pe...,available,195,,high,"Source: Epigraphic Database Heidelberg (https://edh.ub.uni-heidelberg.de), inscription HD000762, retrieved 2026-10-04; inscription type: titulus votivus (EDH genre 'titsac'); province: Numidia (EDH code Num); EDH dating: not before 195 CE, not after 197 CE (2-year window); astronomical start_year 195. Data licence CC BY-SA 4.0."
edh:hd000764,work,Inscription from Iésolo,,Latin inscription; EDH HD000764 from Iésolo; monument type: Architekturteil; material: Gesteine unbestimmt; transcription: Iohan[nes],available,701,,medium,"Source: Epigraphic Database Heidelberg (https://edh.ub.uni-heidelberg.de), inscription HD000764, retrieved 2026-10-04; inscription type not recorded in EDH (genre code 'empty'); province: Venetia et Histria (Regio X) (EDH code VeH); EDH dating: not before 701 CE, not after 800 CE (99-year window); astronomical start_year 701. Data licence CC BY-SA 4.0."
edh:hd000765,work,Epitaph from Bostra - Buṣrā,,Latin epitaph; EDH HD000765 from Bostra - Buṣrā; monument type: Stele; material: Basalt; transcription: D(is) M(anibus) s(acrum) / Chresto / sanctissimo / marito Corin/thias dulcis/sima uxor be/ne merenti / fecit,available,201,,medium,"Source: Epigraphic Database Heidelberg (https://edh.ub.uni-heidelberg.de), inscription HD000765, retrieved 2026-10-04; inscription type: titulus sepulcralis (EDH genre 'titsep'); province: Arabia (EDH code Ara); EDH dating: not before 201 CE, not after 300 CE (99-year window); astronomical start_year 201. Data licence CC BY-SA 4.0."
edh:hd000767,work,Votive inscription from Iésolo,,Latin votive inscription; EDH HD000767 from Iésolo; monument type: Architekturteil; material: Gesteine unbestimmt; transcription: Paulus cum / suis fecit / [de d]onum(!) / Dei f(ecit) p(edes) XXVII,available,401,,medium,"Source: Epigraphic Database Heidelberg (https://edh.ub.uni-heidelberg.de), inscription HD000767, retrieved 2026-10-04; inscription type: titulus votivus (EDH genre 'titsac'); province: Venetia et Histria (Regio X) (EDH code VeH); EDH dating: not before 401 CE, not after 600 CE (199-year window); astronomical start_year 401. Data licence CC BY-SA 4.0. Caveats: wide EDH dating window (199 years)."
edh:hd000768,work,Votive inscription from Mascula - Khenchela,,Latin votive inscription; EDH HD000768 from Mascula - Khenchela; monument type: Block?; transcription: [Saec]ulo feli[cissimo dd(ominorum) nn(ostrorum) victoriosissimorum? ---] / [---]ntis perpet[uorum Augg(ustorum) ---] / ...,available,337,,medium,"Source: Epigraphic Database Heidelberg (https://edh.ub.uni-heidelberg.de), inscription HD000768, retrieved 2026-10-04; inscription type: titulus votivus (EDH genre 'titsac'); province: Numidia (EDH code Num); EDH dating: not before 337 CE, not after 378 CE (41-year window); astronomical start_year 337. Data licence CC BY-SA 4.0."
edh:hd000770,work,Votive inscription from Luna - Luni,,"Latin votive inscription; EDH HD000770 from Luna - Luni; monument type: Altar; material: Marmor, weiß; transcription: [Fo]rtunae / [Primi]geniae / [&",available,1,,medium,"Source: Epigraphic Database Heidelberg (https://edh.ub.uni-heidelberg.de), inscription HD000770, retrieved 2026-10-04; inscription type: titulus votivus (EDH genre 'titsac'); province: Etruria (Regio VII) (EDH code Etr); EDH dating: not before 1 CE, not after 100 CE (99-year window); astronomical start_year 1. Data licence CC BY-SA 4.0."
edh:hd000771,work,Votive inscription from Leges Maiorum - Hr. Gousset,,Latin votive inscription; EDH HD000771 from Leges Maiorum - Hr. Gousset; monument type: Tafel; material: Kalkstein; transcription: Imp(erator) Caesar M(arcus) / Claudius Ta/citus Pius / Felix Aug(ustus) / fecerunt / coloni loci / Legum Ma/[i]orum et /...,available,275,,high,"Source: Epigraphic Database Heidelberg (https://edh.ub.uni-heidelberg.de), inscription HD000771, retrieved 2026-10-04; inscription type: titulus votivus (EDH genre 'titsac'); province: Numidia (EDH code Num); EDH dating: not before 275 CE, not after 276 CE (1-year window); astronomical start_year 275. Data licence CC BY-SA 4.0."
edh:hd000773,work,Epitaph from Luna - Luni,,"Latin epitaph; EDH HD000773 from Luna - Luni; monument type: Altar; material: Marmor, weiß; transcription: Terentia / Hermione / coll(iberta?) Nauta / [&",available,1,,medium,"Source: Epigraphic Database Heidelberg (https://edh.ub.uni-heidelberg.de), inscription HD000773, retrieved 2026-10-04; inscription type: titulus sepulcralis (EDH genre 'titsep'); province: Etruria (Regio VII) (EDH code Etr); EDH dating: not before 1 CE, not after 100 CE (99-year window); astronomical start_year 1. Data licence CC BY-SA 4.0."
edh:hd000774,work,Votive inscription from Leges Maiorum - Hr. Gousset,,Latin votive inscription; EDH HD000774 from Leges Maiorum - Hr. Gousset; monument type: Tafel; transcription: Pro felicitate temporum beatorum / Quintus Cassius Taurus fl(amen) p(er)p(etuus) Legalis / ob honorem flamoni paterni co...,available,371,,medium,"Source: Epigraphic Database Heidelberg (https://edh.ub.uni-heidelberg.de), inscription HD000774, retrieved 2026-10-04; inscription type: titulus votivus (EDH genre 'titsac'); province: Numidia (EDH code Num); EDH dating: not before 371 CE, not after 400 CE (29-year window); astronomical start_year 371. Data licence CC BY-SA 4.0."
edh:hd000776,work,Inscription from Luna - Luni,,"Latin inscription; EDH HD000776 from Luna - Luni; monument type: Tafel; material: Marmor, weiß; transcription: $] / coll(egium) fabr(um) tign(ariorum)",available,101,,medium,"Source: Epigraphic Database Heidelberg (https://edh.ub.uni-heidelberg.de), inscription HD000776, retrieved 2026-10-04; inscription type not recorded in EDH (genre code 'empty'); province: Etruria (Regio VII) (EDH code Etr); EDH dating: not before 101 CE, not after 200 CE (99-year window); astronomical start_year 101. Data licence CC BY-SA 4.0."
edh:hd000777,work,Epitaph from Urso - Osuna,,"Latin epitaph; EDH HD000777 from Urso - Osuna; monument type: Tafel; material: Marmor, geädert / farbig; transcription: Sabidia / an(norum) LV / h(ic) s(ita) e(st) s(it) t(ibi) t(erra) l(evis)",available,101,,medium,"Source: Epigraphic Database Heidelberg (https://edh.ub.uni-heidelberg.de), inscription HD000777, retrieved 2026-10-04; inscription type: titulus sepulcralis (EDH genre 'titsep'); province: Baetica (EDH code Bae); EDH dating: not before 101 CE, not after 200 CE (99-year window); astronomical start_year 101. Data licence CC BY-SA 4.0."
edh:hd000779,work,Private legal inscription from Luna - Luni,,Latin private legal inscription; EDH HD000779 from Luna - Luni; monument type: Tafel; material: Bronze; transcription: $] / [---]ius ad pe/[---]os eius bonae / [---]riorem eor(um) et(?) col(legii?) in / [---]dignatio eorum habere / [---]at...,available,201,,medium,"Source: Epigraphic Database Heidelberg (https://edh.ub.uni-heidelberg.de), inscription HD000779, retrieved 2026-10-04; inscription type: titulus iuridicus privatus (EDH genre 'titiurpriv?'); genre attribution uncertain in EDH; province: Etruria (Regio VII) (EDH code Etr); EDH dating: not before 201 CE, not after 300 CE (99-year window); astronomical start_year 201. Data licence CC BY-SA 4.0."
edh:hd000780,work,Epitaph from Cerro de las Cabezas,,Latin epitaph; EDH HD000780 from Cerro de las Cabezas; monument type: Tafel; material: Granit; transcription: C(aio) Aelio C(ai) f(ilio) Turpioni / mater,available,1,,medium,"Source: Epigraphic Database Heidelberg (https://edh.ub.uni-heidelberg.de), inscription HD000780, retrieved 2026-10-04; inscription type: titulus sepulcralis (EDH genre 'titsep'); province: Baetica (EDH code Bae); EDH dating: not before 1 CE, not after 100 CE (99-year window); astronomical start_year 1. Data licence CC BY-SA 4.0."
edh:hd000783,work,Epitaph from Cortijo de Consuegra,,Latin epitaph; EDH HD000783 from Cortijo de Consuegra; monument type: Stele; material: Basalt; transcription: Valeria G(ai) f(ilia) [---?] / annor(um) X[---] / h(ic) s(ita) e(st) d(ic) q(ui) l(egis) s(it) / [t(ibi) t(erra) l(evis)...,available,101,,medium,"Source: Epigraphic Database Heidelberg (https://edh.ub.uni-heidelberg.de), inscription HD000783, retrieved 2026-10-04; inscription type: titulus sepulcralis (EDH genre 'titsep'); province: Baetica (EDH code Bae); EDH dating: not before 101 CE, not after 150 CE (49-year window); astronomical start_year 101. Data licence CC BY-SA 4.0."
edh:hd000786,work,Epitaph from Ilipula Minor - Cortijos de Repla,,"Latin epitaph; EDH HD000786 from Ilipula Minor - Cortijos de Repla; monument type: Tafel; material: Marmor, geädert / farbig; transcription: D(is) M(anibus) s(acrum) / Thisbe ser(va) / ann(orum) LXV / h(ic) s(ita) e(st) s(it) t(ibi) t(erra) l(evis)",available,101,,medium,"Source: Epigraphic Database Heidelberg (https://edh.ub.uni-heidelberg.de), inscription HD000786, retrieved 2026-10-04; inscription type: titulus sepulcralis (EDH genre 'titsep'); province: Baetica (EDH code Bae); EDH dating: not before 101 CE, not after 200 CE (99-year window); astronomical start_year 101. Data licence CC BY-SA 4.0."
edh:hd000791,work,Honorific inscription from Foruli - Civitatomassa,,Latin honorific inscription; EDH HD000791 from Foruli - Civitatomassa; monument type: Block; material: Kalkstein; transcription: [Ti(berio) Clau]dio Neroni / [--- ponti]fici imp(eratori) iter(um) / [Amiternini] patrono,available,-7,,high,"Source: Epigraphic Database Heidelberg (https://edh.ub.uni-heidelberg.de), inscription HD000791, retrieved 2026-10-04; inscription type: titulus honorarius (EDH genre 'tithon'); province: Samnium (Regio IV) (EDH code Sam); EDH dating: not before 8 BCE, not after 4 CE (12-year window); astronomical start_year -7. Data licence CC BY-SA 4.0."
edh:hd000793,work,Honorific inscription from Sala - Chellah,,Latin honorific inscription; EDH HD000793 from Sala - Chellah; monument type: Statuenbasis; material: Kalkstein; transcription: Q(uinto) Ant(onio) C(ai) f(ilio) Cl(audia) Tran/quillo / Saturnino / annor(um) quinq(ue) / dec(urioni) munic(ipii) / Vol...,available,131,,medium,"Source: Epigraphic Database Heidelberg (https://edh.ub.uni-heidelberg.de), inscription HD000793, retrieved 2026-10-04; inscription type: titulus honorarius (EDH genre 'tithon'); province: Mauretania Tingitana (EDH code MaT); EDH dating: not before 131 CE, not after 170 CE (39-year window); astronomical start_year 131. Data licence CC BY-SA 4.0."
edh:hd000794,work,Epitaph from Carnuntum - Petronell-Carnuntum,,Latin epitaph; EDH HD000794 from Carnuntum - Petronell-Carnuntum; monument type: Tafel; material: Sandstein; transcription: M(anius) Flavius M(ani) l(ibertus) / Favor ann(orum) XXX / h(ic) s(itus) e(st) / M(anius) Flavius M(ani) f(ilius) / Vel(...,available,71,,medium,"Source: Epigraphic Database Heidelberg (https://edh.ub.uni-heidelberg.de), inscription HD000794, retrieved 2026-10-04; inscription type: titulus sepulcralis (EDH genre 'titsep'); province: Pannonia superior (EDH code PaS); EDH dating: not before 71 CE, not after 130 CE (59-year window); astronomical start_year 71. Data licence CC BY-SA 4.0."
edh:hd000796,work,Epitaph from Sala - Chellah,,Latin epitaph; EDH HD000796 from Sala - Chellah; monument type: Tafel; material: Sandstein; transcription: Valeri V/et(t)onis m(ilitis) / c(ohortis) I Lam(avorum)(!) / |(centuria) Lucani / hic s(itus) e(st) / f(aciendum) cu(rav...,available,51,,medium,"Source: Epigraphic Database Heidelberg (https://edh.ub.uni-heidelberg.de), inscription HD000796, retrieved 2026-10-04; inscription type: titulus sepulcralis (EDH genre 'titsep'); province: Mauretania Tingitana (EDH code MaT); EDH dating: not before 51 CE, not after 100 CE (49-year window); astronomical start_year 51. Data licence CC BY-SA 4.0."
edh:hd000797,work,Epitaph from Carnuntum - Petronell-Carnuntum,,Latin epitaph; EDH HD000797 from Carnuntum - Petronell-Carnuntum; monument type: Stele; material: Sandstein; transcription: $] / mil(es) leg(ionis) XV Ap(ollinaris) / stip(endiorum) XX an(norum) XL / h(eres) p(osuit),available,39,,medium,"Source: Epigraphic Database Heidelberg (https://edh.ub.uni-heidelberg.de), inscription HD000797, retrieved 2026-10-04; inscription type: titulus sepulcralis (EDH genre 'titsep'); province: Pannonia superior (EDH code PaS); EDH dating: not before 39 CE, not after 114 CE (75-year window); astronomical start_year 39. Data licence CC BY-SA 4.0."
edh:hd000799,work,Honorific inscription from Sala - Chellah,,"Latin honorific inscription; EDH HD000799 from Sala - Chellah; monument type: Statuenbasis; material: Marmor, geädert / farbig; transcription: L(ucio) Minicio / M(arci) f(ilio) Gal(eria) / Pulchro / domo Tigul/lis exs(!) / Liguria / praef(ecto) eq(uitum) / amici ...",available,140,,high,"Source: Epigraphic Database Heidelberg (https://edh.ub.uni-heidelberg.de), inscription HD000799, retrieved 2026-10-04; inscription type: titulus honorarius (EDH genre 'tithon'); province: Mauretania Tingitana (EDH code MaT); EDH dating: not before 140 CE, not after 149 CE (9-year window); astronomical start_year 140. Data licence CC BY-SA 4.0."
edh:hd000800,work,Epitaph from Carnuntum - Bad Deutsch-Altenburg,,Latin epitaph; EDH HD000800 from Carnuntum - Bad Deutsch-Altenburg; monument type: Stele; material: Sandstein; transcription: $] / s(itus) e(st) Sex(tus) Iulius / Sentius fratr(i) p(osuit),available,1,,medium,"Source: Epigraphic Database Heidelberg (https://edh.ub.uni-heidelberg.de), inscription HD000800, retrieved 2026-10-04; inscription type: titulus sepulcralis (EDH genre 'titsep'); province: Pannonia superior (EDH code PaS); EDH dating: not before 1 CE, not after 200 CE (199-year window); astronomical start_year 1. Data licence CC BY-SA 4.0. Caveats: wide EDH dating window (199 years)."
edh:hd000802,work,Building/dedicatory inscription from Comum - Como,,Latin building/dedicatory inscription; EDH HD000802 from Comum - Como; monument type: Tafel; transcription: $] / [--- templum] / [aeternitati Romae et Au]gustor[um] / [cum porticib(us) et orname]nt(is) incoh[avit] / [- Caecilius...,available,77,,high,"Source: Epigraphic Database Heidelberg (https://edh.ub.uni-heidelberg.de), inscription HD000802, retrieved 2026-10-04; inscription type: titulus dedicatorius (EDH genre 'titoppubpriv'); province: Transpadana (Regio XI) (EDH code Tra); EDH dating: not before 77 CE, not after 79 CE (2-year window); astronomical start_year 77. Data licence CC BY-SA 4.0."
edh:hd000803,work,Epitaph from Carnuntum - Bad Deutsch-Altenburg,,Latin epitaph; EDH HD000803 from Carnuntum - Bad Deutsch-Altenburg; monument type: Stele; material: Sandstein; transcription: $] ann(orum) XXV / [stip]endior/[um ---]I h(ic) s(itus) e(st) / [--- Va]lerius / [--- f(ilius)] Valer/[ianus] ti(tulum) ...,available,1,,medium,"Source: Epigraphic Database Heidelberg (https://edh.ub.uni-heidelberg.de), inscription HD000803, retrieved 2026-10-04; inscription type: titulus sepulcralis (EDH genre 'titsep'); province: Pannonia superior (EDH code PaS); EDH dating: not before 1 CE, not after 100 CE (99-year window); astronomical start_year 1. Data licence CC BY-SA 4.0."
edh:hd000805,work,Epitaph from Ephesus,,"Latin epitaph; EDH HD000805 from Ephesus; monument type: Statuenbasis; material: Marmor, geädert / farbig; transcription: D(is) M(anibus) / Iuliae Hermione / co(n)iugi bene merenti / Marcius Vitalis / |(centurio) leg(ionis) XIII gemin(a)e",available,101,,medium,"Source: Epigraphic Database Heidelberg (https://edh.ub.uni-heidelberg.de), inscription HD000805, retrieved 2026-10-04; inscription type: titulus sepulcralis (EDH genre 'titsep'); province: Asia (EDH code Asi); EDH dating: not before 101 CE, not after 200 CE (99-year window); astronomical start_year 101. Data licence CC BY-SA 4.0."
edh:hd000806,work,Epitaph from Carnuntum - Petronell-Carnuntum,,Latin epitaph; EDH HD000806 from Carnuntum - Petronell-Carnuntum; monument type: Stele; material: Sandstein; transcription: $] sti[p(endiorum)] X h(ic) s(itus) e(st) / Q(uintus) Atilius amico / de suo fecit,available,17,,medium,"Source: Epigraphic Database Heidelberg (https://edh.ub.uni-heidelberg.de), inscription HD000806, retrieved 2026-10-04; inscription type: titulus sepulcralis (EDH genre 'titsep'); province: Pannonia superior (EDH code PaS); EDH dating: not before 17 CE, not after 50 CE (33-year window); astronomical start_year 17. Data licence CC BY-SA 4.0."
edh:hd000808,work,Epitaph from Ephesus,,Latin epitaph; EDH HD000808 from Ephesus; monument type: Stele; material: Marmor; transcription: M(arcus) Palicanus / M(arci) f(ilius) Quir(ina) / Marcellinus / s(trator) co(nsularis) v(ivus?) pos(uit) / vixit [annos ...,available,101,,medium,"Source: Epigraphic Database Heidelberg (https://edh.ub.uni-heidelberg.de), inscription HD000808, retrieved 2026-10-04; inscription type: titulus sepulcralis (EDH genre 'titsep'); province: Asia (EDH code Asi); EDH dating: not before 101 CE, not after 200 CE (99-year window); astronomical start_year 101. Data licence CC BY-SA 4.0."
edh:hd000809,work,Epitaph from Carnuntum - Petronell-Carnuntum,,Latin epitaph; EDH HD000809 from Carnuntum - Petronell-Carnuntum; monument type: Stele; material: Kalkstein; transcription: M(arcus) Alfie[nus] / M(arci filius) Col(lina) N[---]a / [--- mil(es) le]g(ionis) [X]V / Apo[l(linaris)] |(centuria) V[e...,available,90,,high,"Source: Epigraphic Database Heidelberg (https://edh.ub.uni-heidelberg.de), inscription HD000809, retrieved 2026-10-04; inscription type: titulus sepulcralis (EDH genre 'titsep'); province: Pannonia superior (EDH code PaS); EDH dating: not before 90 CE, not after 100 CE (10-year window); astronomical start_year 90. Data licence CC BY-SA 4.0."
edh:hd000811,work,Epitaph from Nabha,,Latin epitaph; EDH HD000811 from Nabha; monument type: Block; material: Kalkstein; transcription: C(aio) Iulio Sala/magatis f(ilio) Fab(ia) Mos/cho Laetoria M(arci) f(ilia) Iulia / uxor eius de suo fecit,available,101,,medium,"Source: Epigraphic Database Heidelberg (https://edh.ub.uni-heidelberg.de), inscription HD000811, retrieved 2026-10-04; inscription type: titulus sepulcralis (EDH genre 'titsep'); province: Syria (EDH code Syr); EDH dating: not before 101 CE, not after 200 CE (99-year window); astronomical start_year 101. Data licence CC BY-SA 4.0."
edh:hd000812,work,Epitaph from Carnuntum - Petronell-Carnuntum,,Latin epitaph; EDH HD000812 from Carnuntum - Petronell-Carnuntum; monument type: Stele; material: Sandstein; transcription: [Ma]rcellina / an(norum) V h(ic) s(ita) e(st) / C(aius) Clodius Mar/cellus mil(es) leg(ionis) XV / Apol(linaris) f(iliae...,available,90,,medium,"Source: Epigraphic Database Heidelberg (https://edh.ub.uni-heidelberg.de), inscription HD000812, retrieved 2026-10-04; inscription type: titulus sepulcralis (EDH genre 'titsep'); province: Pannonia superior (EDH code PaS); EDH dating: not before 90 CE, not after 114 CE (24-year window); astronomical start_year 90. Data licence CC BY-SA 4.0."
edh:hd000821,work,Mile-/Leaguestone from Campogalliano,,Latin mile-/leaguestone; EDH HD000821 from Campogalliano; monument type: Meilenstein; material: Kalkstein; transcription: [Fl(avio)] Cl(audio) Iuliano / [vi]ctori ac / [tri]umfatori sem/[per Au]g(usto) orbis / [terraru]m domino / [bono r(ei) ...,available,361,,high,"Source: Epigraphic Database Heidelberg (https://edh.ub.uni-heidelberg.de), inscription HD000821, retrieved 2026-10-04; inscription type: miliarium (EDH genre 'miliarium'); province: Aemilia (Regio VIII) (EDH code Aem); EDH dating: not before 361 CE, not after 363 CE (2-year window); astronomical start_year 361. Data licence CC BY-SA 4.0."
edh:hd000824,work,Epitaph from Ariminum - Rimini,,"Latin epitaph; EDH HD000824 from Ariminum - Rimini; monument type: Tafel; material: Marmor, weiß; transcription: Hic requiescit in / pace Innocentius / qui deprecans s(an)c(tae) m(emoriae) / Andream et s(an)c(tae) m(emoriae) Do/natum...",available,501,,medium,"Source: Epigraphic Database Heidelberg (https://edh.ub.uni-heidelberg.de), inscription HD000824, retrieved 2026-10-04; inscription type: titulus sepulcralis (EDH genre 'titsep'); province: Aemilia (Regio VIII) (EDH code Aem); EDH dating: not before 501 CE, not after 600 CE (99-year window); astronomical start_year 501. Data licence CC BY-SA 4.0."
edh:hd000827,work,Honorific inscription from Comum - Como,,Latin honorific inscription; EDH HD000827 from Comum - Como; monument type: Statuenbasis; material: Kalkstein; transcription: Imp(eratori) Ti(berio) / d(ivi) Aug(usti) f(ilio) D(ivi) I(uli) / n(epoti) Aug(usto),available,14,,medium,"Source: Epigraphic Database Heidelberg (https://edh.ub.uni-heidelberg.de), inscription HD000827, retrieved 2026-10-04; inscription type: titulus honorarius (EDH genre 'tithon'); province: Transpadana (Regio XI) (EDH code Tra); EDH dating: not before 14 CE, not after 37 CE (23-year window); astronomical start_year 14. Data licence CC BY-SA 4.0."
edh:hd000830,work,Epitaph from Bononia - Bologna,,Latin epitaph; EDH HD000830 from Bononia - Bologna; monument type: Stele; material: Sandstein; transcription: T(ito) Baebio Pacis / lib(erto) Ingenuo / IIIIIIvir(o),available,1,,medium,"Source: Epigraphic Database Heidelberg (https://edh.ub.uni-heidelberg.de), inscription HD000830, retrieved 2026-10-04; inscription type: titulus sepulcralis (EDH genre 'titsep'); province: Aemilia (Regio VIII) (EDH code Aem); EDH dating: not before 1 CE, not after 100 CE (99-year window); astronomical start_year 1. Data licence CC BY-SA 4.0."
edh:hd000835,work,"Epitaph from Ptolemais, bei - Tulmaythah, bei",,"Latin epitaph; EDH HD000835 from Ptolemais, bei - Tulmaythah, bei; monument type: Stele; material: Kalkstein; transcription: C(aio) Sempronio C(ai) f(ilio) / Longo duplicar(io) / c(o)hortis Hispanor(um) / Venusta lib(erta)",available,71,,medium,"Source: Epigraphic Database Heidelberg (https://edh.ub.uni-heidelberg.de), inscription HD000835, retrieved 2026-10-04; inscription type: titulus sepulcralis (EDH genre 'titsep'); province: Cyrene (EDH code Cyr); EDH dating: not before 71 CE, not after 130 CE (59-year window); astronomical start_year 71. Data licence CC BY-SA 4.0."
edh:hd000838,work,Epitaph from Cyrene - Shaḩḩāt,,Latin epitaph; EDH HD000838 from Cyrene - Shaḩḩāt; monument type: Stele; material: Kalkstein; transcription: T(itus) Pompei/us Ligyrus / Autric(o) / ann(orum) XL / eques [e]x / cohorte / Hispanor(um) / aer(um) XX / h[i]c situs / ...,available,71,,medium,"Source: Epigraphic Database Heidelberg (https://edh.ub.uni-heidelberg.de), inscription HD000838, retrieved 2026-10-04; inscription type: titulus sepulcralis (EDH genre 'titsep'); province: Cyrene (EDH code Cyr); EDH dating: not before 71 CE, not after 130 CE (59-year window); astronomical start_year 71. Data licence CC BY-SA 4.0."
edh:hd000841,work,Epitaph from Cyrene - Shaḩḩāt,,Latin epitaph; EDH HD000841 from Cyrene - Shaḩḩāt; monument type: Stele; material: Kalkstein; transcription: M(arcus) Aemiliu[s] / M(arci) f(ilius) Macer / tur(ma) Anic(i) V[---]/ian(i) me(n)s(or) c(o)h[o]/rtis I(?) Hispan/orum a...,available,71,,medium,"Source: Epigraphic Database Heidelberg (https://edh.ub.uni-heidelberg.de), inscription HD000841, retrieved 2026-10-04; inscription type: titulus sepulcralis (EDH genre 'titsep'); province: Cyrene (EDH code Cyr); EDH dating: not before 71 CE, not after 130 CE (59-year window); astronomical start_year 71. Data licence CC BY-SA 4.0."
edh:hd000844,work,Epitaph from Kaçanik / Kačanik,,Latin epitaph; EDH HD000844 from Kaçanik / Kačanik; monument type: Stele; material: Marmor; transcription: D(is) M(anibus) // M(arcus) Cocc(eius) Via/tor vix(it) ann(os) / LV Ulpia An/nia vix(it) ann(os) / XXXV h(ic) s(iti) s(u...,available,151,,medium,"Source: Epigraphic Database Heidelberg (https://edh.ub.uni-heidelberg.de), inscription HD000844, retrieved 2026-10-04; inscription type: titulus sepulcralis (EDH genre 'titsep'); province: Moesia superior (EDH code MoS); EDH dating: not before 151 CE, not after 200 CE (49-year window); astronomical start_year 151. Data licence CC BY-SA 4.0."
edh:hd000850,work,"Votive inscription from Ulpiana - Graçanicë / Gračanica, bei",,"Latin votive inscription; EDH HD000850 from Ulpiana - Graçanicë / Gračanica, bei; monument type: Tafel; transcription: $]apis / [--- Va?]ranillae ser(vus) act(or) / [fac(iendum)] curavit",available,151,,medium,"Source: Epigraphic Database Heidelberg (https://edh.ub.uni-heidelberg.de), inscription HD000850, retrieved 2026-10-04; inscription type: titulus votivus (EDH genre 'titsac?'); genre attribution uncertain in EDH; province: Moesia superior (EDH code MoS); EDH dating: not before 151 CE, not after 200 CE (49-year window); astronomical start_year 151. Data licence CC BY-SA 4.0."
edh:hd000853,work,"Epitaph from Ulpiana - Graçanicë / Gračanica, bei",,"Latin epitaph; EDH HD000853 from Ulpiana - Graçanicë / Gračanica, bei; monument type: Stele; transcription: $]I / [---]a Ursula / [---]as ser(v)us(?) / [v]ivis / [fe]cerunt",available,101,,medium,"Source: Epigraphic Database Heidelberg (https://edh.ub.uni-heidelberg.de), inscription HD000853, retrieved 2026-10-04; inscription type: titulus sepulcralis (EDH genre 'titsep'); province: Moesia superior (EDH code MoS); EDH dating: not before 101 CE, not after 250 CE (149-year window); astronomical start_year 101. Data licence CC BY-SA 4.0. Caveats: wide EDH dating window (149 years)."
edh:hd000854,work,Epitaph from Bononia - Bologna,,Latin epitaph; EDH HD000854 from Bononia - Bologna; monument type: Stele; material: Sandstein; transcription: [L(ucius)] Sertorius L(uci) l(ibertus) / Aequalis vivus / [f]ecit sibi et suis / corporibus VI / Helvaciae |(mulieris) l...,available,1,,medium,"Source: Epigraphic Database Heidelberg (https://edh.ub.uni-heidelberg.de), inscription HD000854, retrieved 2026-10-04; inscription type: titulus sepulcralis (EDH genre 'titsep'); province: Aemilia (Regio VIII) (EDH code Aem); EDH dating: not before 1 CE, not after 150 CE (149-year window); astronomical start_year 1. Data licence CC BY-SA 4.0. Caveats: wide EDH dating window (149 years)."
edh:hd000857,work,Votive inscription from S. Miniato,,Latin votive inscription; EDH HD000857 from S. Miniato; monument type: Tafel; material: Marmor; transcription: Bonae Deae / L(ucius) Venuleius [L(uci) f(ilius)] Gal(eria) Mon[tanus] / et L(ucius) Venuleius [L(uci) f(ilius)] L(uci) ...,available,51,,medium,"Source: Epigraphic Database Heidelberg (https://edh.ub.uni-heidelberg.de), inscription HD000857, retrieved 2026-10-04; inscription type: titulus votivus (EDH genre 'titsac'); province: Etruria (Regio VII) (EDH code Etr); EDH dating: not before 51 CE, not after 100 CE (49-year window); astronomical start_year 51. Data licence CC BY-SA 4.0."
edh:hd000859,work,"Inscription from Caldis - Mechtar Nahar, bei",,"Latin inscription; EDH HD000859 from Caldis - Mechtar Nahar, bei; monument type: Block; transcription: Castel(l)a / [Fuss]alla / [C]ald(is)",available,1,,medium,"Source: Epigraphic Database Heidelberg (https://edh.ub.uni-heidelberg.de), inscription HD000859, retrieved 2026-10-04; inscription type not recorded in EDH (genre code 'empty'); province: Numidia (EDH code Num); EDH dating: not before 1 CE, not after 500 CE (499-year window); astronomical start_year 1. Data licence CC BY-SA 4.0. Caveats: wide EDH dating window (499 years)."
edh:hd000860,work,"Votive inscription from Verona, bei - Bardolino",,"Latin votive inscription; EDH HD000860 from Verona, bei - Bardolino; monument type: Altar; material: Kalkstein; transcription: Ruca Maxim[i f(ilius)] / Veneri Aug(ustae) / sacrum / v(otum) s(olvit) l(ibens) m(erito)",available,101,,medium,"Source: Epigraphic Database Heidelberg (https://edh.ub.uni-heidelberg.de), inscription HD000860, retrieved 2026-10-04; inscription type: titulus votivus (EDH genre 'titsac'); province: Venetia et Histria (Regio X) (EDH code VeH); EDH dating: not before 101 CE, not after 200 CE (99-year window); astronomical start_year 101. Data licence CC BY-SA 4.0."
edh:hd000861,work,"Epitaph from Membidj, bei",,"Latin epitaph; EDH HD000861 from Membidj, bei; monument type: Block; transcription: M(arcus) Cocceius / Severi f(ilius) Quir(ina) / Valens ve(teranus) al(ae) III / Thrac(um) vix(it) ann(os) / LXXV h(ic) s...",available,96,,medium,"Source: Epigraphic Database Heidelberg (https://edh.ub.uni-heidelberg.de), inscription HD000861, retrieved 2026-10-04; inscription type: titulus sepulcralis (EDH genre 'titsep'); province: Syria (EDH code Syr); EDH dating: not before 96 CE, not after 150 CE (54-year window); astronomical start_year 96. Data licence CC BY-SA 4.0."
edh:hd000863,work,"Owner/artist inscription from Cala Cartoe, bei",,"Latin owner/artist inscription; EDH HD000863 from Cala Cartoe, bei; monument type: Barren; material: Blei; transcription: L(uci) Plaani(!) L(uci) f(ilii) Russini",available,-130,,medium,"Source: Epigraphic Database Heidelberg (https://edh.ub.uni-heidelberg.de), inscription HD000863, retrieved 2026-10-04; inscription type: titulus possessorius/fabrilis (EDH genre 'titpossfabr'); province: Sardinia (EDH code Sar); EDH dating: not before 131 BCE, not after 70 BCE (61-year window); astronomical start_year -130. Data licence CC BY-SA 4.0."
edh:hd000864,work,Honorific inscription from Lambaesis - Tazoult-Lambèse,,Latin honorific inscription; EDH HD000864 from Lambaesis - Tazoult-Lambèse; monument type: Block?; transcription: [A(ulo) Iulio Pompilio] / [A(uli) fil(io) Corn(elia) Pisoni] / [T(ito) Vibio L]ae[v]il[lo] / [Quadr]ato Berenic[i]/ano [...,available,177,,high,"Source: Epigraphic Database Heidelberg (https://edh.ub.uni-heidelberg.de), inscription HD000864, retrieved 2026-10-04; inscription type: titulus honorarius (EDH genre 'tithon'); province: Numidia (EDH code Num); EDH dating: not before 177 CE, not after 178 CE (1-year window); astronomical start_year 177. Data licence CC BY-SA 4.0."
edh:hd000865,work,Owner/artist inscription from Galaţi,,Latin owner/artist inscription; EDH HD000865 from Galaţi; monument type: instrdom; material: Ton; transcription: [Theoti]mus [---],available,51,,medium,"Source: Epigraphic Database Heidelberg (https://edh.ub.uni-heidelberg.de), inscription HD000865, retrieved 2026-10-04; inscription type: titulus possessorius/fabrilis (EDH genre 'titpossfabr'); province: Moesia inferior (EDH code MoI); EDH dating: not before 51 CE, not after 300 CE (249-year window); astronomical start_year 51. Data licence CC BY-SA 4.0. Caveats: wide EDH dating window (249 years)."
edh:hd000866,work,Votive inscription from Iésolo,,Latin votive inscription; EDH HD000866 from Iésolo; monument type: Architekturteil; material: Gesteine unbestimmt; transcription: Georgius O/loseri[cus ---] / [------] / f(ecerunt) p(edes) [&,available,401,,medium,"Source: Epigraphic Database Heidelberg (https://edh.ub.uni-heidelberg.de), inscription HD000866, retrieved 2026-10-04; inscription type: titulus votivus (EDH genre 'titsac'); province: Venetia et Histria (Regio X) (EDH code VeH); EDH dating: not before 401 CE, not after 600 CE (199-year window); astronomical start_year 401. Data licence CC BY-SA 4.0. Caveats: wide EDH dating window (199 years)."
edh:hd000867,work,Epitaph from Heliopolis - Baalbek,,Latin epitaph; EDH HD000867 from Heliopolis - Baalbek; monument type: Architekturteil; transcription: D(ecimo) Velio Fido leg(ato) Aug(usti) pr(o) pr(aetore) prov(inciae) [---] / [&,available,151,,medium,"Source: Epigraphic Database Heidelberg (https://edh.ub.uni-heidelberg.de), inscription HD000867, retrieved 2026-10-04; inscription type: titulus sepulcralis (EDH genre 'titsep?'); genre attribution uncertain in EDH; province: Syria (EDH code Syr); EDH dating: not before 151 CE, not after 200 CE (49-year window); astronomical start_year 151. Data licence CC BY-SA 4.0."
edh:hd000868,work,Owner/artist inscription from Galaţi,,Latin owner/artist inscription; EDH HD000868 from Galaţi; monument type: instrdom; material: Bronze; transcription: Cipi(us) Poly(bius),available,71,,medium,"Source: Epigraphic Database Heidelberg (https://edh.ub.uni-heidelberg.de), inscription HD000868, retrieved 2026-10-04; inscription type: titulus possessorius/fabrilis (EDH genre 'titpossfabr'); province: Moesia inferior (EDH code MoI); EDH dating: not before 71 CE, not after 100 CE (29-year window); astronomical start_year 71. Data licence CC BY-SA 4.0."
edh:hd000869,work,List from Luna - Luni,,"Latin list; EDH HD000869 from Luna - Luni; monument type: Block; material: Marmor, weiß; transcription: P(ublius) [H]irtius T(iti) f(ilius) / P(ublius) Curfidius [- f(ilius)] / M(arcus) Fuficius [- f(ilius)] / Sal(vius) Vibi...",available,-149,,medium,"Source: Epigraphic Database Heidelberg (https://edh.ub.uni-heidelberg.de), inscription HD000869, retrieved 2026-10-04; inscription type: index (EDH genre 'indexlaterc'); province: Etruria (Regio VII) (EDH code Etr); EDH dating: not before 150 BCE, not after 31 BCE (119-year window); astronomical start_year -149. Data licence CC BY-SA 4.0. Caveats: wide EDH dating window (119 years)."
edh:hd000870,work,Epitaph from Ephesus,,"Latin epitaph; EDH HD000870 from Ephesus; monument type: Urne; material: Marmor, geädert / farbig; transcription: Ikarus Zmaragdi Aug(usti) / disp(ensatoris) vic(arius)",available,1,,medium,"Source: Epigraphic Database Heidelberg (https://edh.ub.uni-heidelberg.de), inscription HD000870, retrieved 2026-10-04; inscription type: titulus sepulcralis (EDH genre 'titsep'); province: Asia (EDH code Asi); EDH dating: not before 1 CE, not after 300 CE (299-year window); astronomical start_year 1. Data licence CC BY-SA 4.0. Caveats: wide EDH dating window (299 years)."
edh:hd000871,work,"Epitaph from Durostorum, aus - Ostrov, bei",,"Latin epitaph; EDH HD000871 from Durostorum, aus - Ostrov, bei; monument type: Sarkophag; transcription: D(is) [M(anibus)] // C(aio) Val(erio) C(ai) Val(eri) filio colonia Ulp(ia) / Zermizegetusa(!) Iuliano p(rimo) p(ilo) / l...",available,251,,medium,"Source: Epigraphic Database Heidelberg (https://edh.ub.uni-heidelberg.de), inscription HD000871, retrieved 2026-10-04; inscription type: titulus sepulcralis (EDH genre 'titsep'); province: Moesia inferior (EDH code MoI); EDH dating: not before 251 CE, not after 300 CE (49-year window); astronomical start_year 251. Data licence CC BY-SA 4.0."
edh:hd000872,work,Votive inscription from Luna - Luni,,"Latin votive inscription; EDH HD000872 from Luna - Luni; monument type: Altar; material: Marmor, weiß; transcription: $?] / [------] / [--- Pa?]tricen[sis? ---?] / [---]I(?)A P(---) Lunae d(onum?) [d(edit?) ---?]",available,1,,medium,"Source: Epigraphic Database Heidelberg (https://edh.ub.uni-heidelberg.de), inscription HD000872, retrieved 2026-10-04; inscription type: titulus votivus (EDH genre 'titsac?'); genre attribution uncertain in EDH; province: Etruria (Regio VII) (EDH code Etr); EDH dating: not before 1 CE, not after 200 CE (199-year window); astronomical start_year 1. Data licence CC BY-SA 4.0. Caveats: wide EDH dating window (199 years)."
edh:hd000873,work,Epitaph from Pomaria - Tlemcen,,Latin epitaph; EDH HD000873 from Pomaria - Tlemcen; monument type: Block; transcription: D(is) M(anibus) s(acrum) / Viatorius Exsu/peri vixit an(n)is / III Viatorius Sene/cio a militis mer/enti fecit / h(ic) s...,available,101,,medium,"Source: Epigraphic Database Heidelberg (https://edh.ub.uni-heidelberg.de), inscription HD000873, retrieved 2026-10-04; inscription type: titulus sepulcralis (EDH genre 'titsep'); province: Mauretania Caesariensis (EDH code MaC); EDH dating: not before 101 CE, not after 300 CE (199-year window); astronomical start_year 101. Data licence CC BY-SA 4.0. Caveats: wide EDH dating window (199 years)."
edh:hd000875,work,Epitaph from unknown findspot,,Latin epitaph; EDH HD000875 from unknown findspot; monument type: Relief; material: Marmor; transcription: [- Sor]ilio C(ai) f(ilio) Pup(inia) Basso scr(ibae) princ(ipali) Pacia C(ai) f(ilia) Galla C(aio) Sorilio Q(uinti) f(ili...,available,31,,medium,"Source: Epigraphic Database Heidelberg (https://edh.ub.uni-heidelberg.de), inscription HD000875, retrieved 2026-10-04; inscription type: titulus sepulcralis (EDH genre 'titsep'); province: Provincia incerta (EDH code Inc); EDH dating: not before 31 CE, not after 70 CE (39-year window); astronomical start_year 31. Data licence CC BY-SA 4.0."
edh:hd000876,work,Honorific inscription from Ephesus,,"Latin honorific inscription; EDH HD000876 from Ephesus; monument type: Statuenbasis; material: Marmor, geädert / farbig; transcription: [T(ito)] Fl(avio) Aug(usti) lib(erto) / [P]ergamo / proc(uratori) / [pr]ovinciae Asiae / [pr]oc(uratori) reg(ionis) Syri...",available,69,,medium,"Source: Epigraphic Database Heidelberg (https://edh.ub.uni-heidelberg.de), inscription HD000876, retrieved 2026-10-04; inscription type: titulus honorarius (EDH genre 'tithon'); province: Asia (EDH code Asi); EDH dating: not before 69 CE, not after 130 CE (61-year window); astronomical start_year 69. Data licence CC BY-SA 4.0."
edh:hd000878,work,Acclamation from Lucus Feroniae - Lucus Feroniae,,Latin acclamation; EDH HD000878 from Lucus Feroniae - Lucus Feroniae; monument type: instrdom; material: Glas; transcription: C(a)esia Feli/citas vivas / cum tuis,available,201,,medium,"Source: Epigraphic Database Heidelberg (https://edh.ub.uni-heidelberg.de), inscription HD000878, retrieved 2026-10-04; inscription type: acclamatio (EDH genre 'titaccl'); province: Etruria (Regio VII) (EDH code Etr); EDH dating: not before 201 CE, not after 400 CE (199-year window); astronomical start_year 201. Data licence CC BY-SA 4.0. Caveats: wide EDH dating window (199 years)."
edh:hd000879,work,Epitaph from Pomaria - Tlemcen,,Latin epitaph; EDH HD000879 from Pomaria - Tlemcen; monument type: Block; transcription: Iulia C(a)ecilia / vicxit(!) annis XLV / cui Terensus marit(us) / fek(it)(!) dom(um) (a)et(e)r(nalem) f(eci)t,available,101,,medium,"Source: Epigraphic Database Heidelberg (https://edh.ub.uni-heidelberg.de), inscription HD000879, retrieved 2026-10-04; inscription type: titulus sepulcralis (EDH genre 'titsep'); province: Mauretania Caesariensis (EDH code MaC); EDH dating: not before 101 CE, not after 300 CE (199-year window); astronomical start_year 101. Data licence CC BY-SA 4.0. Caveats: wide EDH dating window (199 years)."
edh:hd000881,work,Votive inscription from Lucus Feroniae - Lucus Feroniae,,Latin votive inscription; EDH HD000881 from Lucus Feroniae - Lucus Feroniae; monument type: Statuenbasis; material: Kalkstein; transcription: M(---) T(---) V(ibius) Genucilio(s) Sen(---) l(ibertus) / Feroneai dedit,available,-249,,medium,"Source: Epigraphic Database Heidelberg (https://edh.ub.uni-heidelberg.de), inscription HD000881, retrieved 2026-10-04; inscription type: titulus votivus (EDH genre 'titsac'); province: Etruria (Regio VII) (EDH code Etr); EDH dating: not before 250 BCE, not after 201 BCE (49-year window); astronomical start_year -249. Data licence CC BY-SA 4.0."
edh:hd000882,work,Epitaph from Pomaria - Tlemcen,,Latin epitaph; EDH HD000882 from Pomaria - Tlemcen; monument type: Altar; transcription: D(is) M(anibus) s(acrum) / M(arcus)(?) (A)emilius / Festus vix(it) / an(nos) XLV Flo(rus) / sod(ali) me(renti) fecit / h...,available,101,,medium,"Source: Epigraphic Database Heidelberg (https://edh.ub.uni-heidelberg.de), inscription HD000882, retrieved 2026-10-04; inscription type: titulus sepulcralis (EDH genre 'titsep'); province: Mauretania Caesariensis (EDH code MaC); EDH dating: not before 101 CE, not after 300 CE (199-year window); astronomical start_year 101. Data licence CC BY-SA 4.0. Caveats: wide EDH dating window (199 years)."
edh:hd000884,work,Votive inscription from Lucus Feroniae - Capena,,ItL votive inscription; EDH HD000884 from Lucus Feroniae - Capena; monument type: Statuenbasis; material: Kalkstein; transcription: Pesco Sal(via) / Plaria T(iti) l(iberta) / Fero(niae) don(o) // [q]uod a[f] luc(o) / dedet libes / m(erente) mereto,available,-299,,medium,"Source: Epigraphic Database Heidelberg (https://edh.ub.uni-heidelberg.de), inscription HD000884, retrieved 2026-10-04; inscription type: titulus votivus (EDH genre 'titsac'); province: Etruria (Regio VII) (EDH code Etr); EDH dating: not before 300 BCE, not after 201 BCE (99-year window); astronomical start_year -299. Data licence CC BY-SA 4.0."
edh:hd000886,work,"Mile-/Leaguestone from Libyssa, bei",,"GL mile-/leaguestone; EDH HD000886 from Libyssa, bei; monument type: Meilenstein; material: Kalkstein; transcription: B(ona) F(ortuna) / Imperator Caesar / divi Gordianus(!) / M(arcus) Antonius Gordianus / Pius Felix Aug(ustus) / pon[t]if...",available,239,,high,"Source: Epigraphic Database Heidelberg (https://edh.ub.uni-heidelberg.de), inscription HD000886, retrieved 2026-10-04; inscription type: miliarium (EDH genre 'miliarium'); province: Bithynia et Pontus (EDH code BiP); EDH dating: not before 239 CE, not after 244 CE (5-year window); astronomical start_year 239. Data licence CC BY-SA 4.0."
edh:hd000888,work,Epitaph from Savaria - Szombathely,,Latin epitaph; EDH HD000888 from Savaria - Szombathely; monument type: Stele; material: Kalkstein; transcription: Iul(ia) Priscilla v(iva) f(ecit) s(ibi) / et Q(uinto) Cl(audio) Martiniano / con(iugi) an(norum) XXX et Claud(iis) / Dec...,available,201,,medium,"Source: Epigraphic Database Heidelberg (https://edh.ub.uni-heidelberg.de), inscription HD000888, retrieved 2026-10-04; inscription type: titulus sepulcralis (EDH genre 'titsep'); province: Pannonia superior (EDH code PaS); EDH dating: not before 201 CE, not after 230 CE (29-year window); astronomical start_year 201. Data licence CC BY-SA 4.0."
edh:hd000889,work,Votive inscription from Heraclea Lyncestis - Bitola,,Latin votive inscription; EDH HD000889 from Heraclea Lyncestis - Bitola; monument type: Architekturteil; transcription: Vinica do/mesticus la/boraviit(!) pro / peccatis sui(s),available,401,,medium,"Source: Epigraphic Database Heidelberg (https://edh.ub.uni-heidelberg.de), inscription HD000889, retrieved 2026-10-04; inscription type: titulus votivus (EDH genre 'titsac'); province: Macedonia (EDH code Mak); EDH dating: not before 401 CE, not after 500 CE (99-year window); astronomical start_year 401. Data licence CC BY-SA 4.0."
edh:hd000891,work,Label from Gerulata - Bratislava,,Latin label; EDH HD000891 from Gerulata - Bratislava; monument type: instrdom; material: Ton; transcription: Bibi(a)e(!) // [Tribiae!] // [Quadribiae!] // Ceriali[s],available,161,,high,"Source: Epigraphic Database Heidelberg (https://edh.ub.uni-heidelberg.de), inscription HD000891, retrieved 2026-10-04; inscription type: titulus rei explicandae (EDH genre 'titreiexpl'); province: Pannonia superior (EDH code PaS); EDH dating: not before 161 CE, not after 180 CE (19-year window); astronomical start_year 161. Data licence CC BY-SA 4.0."
edh:hd000892,work,Epitaph from Edessa - Édhessa,,Latin epitaph; EDH HD000892 from Edessa - Édhessa; transcription: Memoria / Marcilli/n(a)e(!),available,401,,medium,"Source: Epigraphic Database Heidelberg (https://edh.ub.uni-heidelberg.de), inscription HD000892, retrieved 2026-10-04; inscription type: titulus sepulcralis (EDH genre 'titsep'); province: Macedonia (EDH code Mak); EDH dating: not before 401 CE, not after 600 CE (199-year window); astronomical start_year 401. Data licence CC BY-SA 4.0. Caveats: wide EDH dating window (199 years)."
edh:hd000893,work,Honorific inscription from Volsinii - Bolsena,,Latin honorific inscription; EDH HD000893 from Volsinii - Bolsena; transcription: [L(ucio) Seio --- f(ilio)] / [Str]aboni / [pra]efecto / [pra]etori[i],available,10,,high,"Source: Epigraphic Database Heidelberg (https://edh.ub.uni-heidelberg.de), inscription HD000893, retrieved 2026-10-04; inscription type: titulus honorarius (EDH genre 'tithon'); province: Etruria (Regio VII) (EDH code Etr); EDH dating: not before 10 CE, not after 16 CE (6-year window); astronomical start_year 10. Data licence CC BY-SA 4.0."
edh:hd000894,work,Owner/artist inscription from Mursella - Árpás,,Latin owner/artist inscription; EDH HD000894 from Mursella - Árpás; monument type: instrdom; material: Ton; transcription: Cal(purniae) Cr(i)sp(i)nae // XVI,available,51,,medium,"Source: Epigraphic Database Heidelberg (https://edh.ub.uni-heidelberg.de), inscription HD000894, retrieved 2026-10-04; inscription type: titulus possessorius/fabrilis (EDH genre 'titpossfabr'); province: Pannonia superior (EDH code PaS); EDH dating: not before 51 CE, not after 100 CE (49-year window); astronomical start_year 51. Data licence CC BY-SA 4.0."
edh:hd000895,work,Votive inscription from Nabha,,Latin votive inscription; EDH HD000895 from Nabha; monument type: Block; material: Kalkstein; transcription: I(ovi) O(ptimo) M(aximo) [H(eliopolitano)] / Zab/das / Isauri/ci p(ecunia) s(ua) [f(ecit)?],available,101,,medium,"Source: Epigraphic Database Heidelberg (https://edh.ub.uni-heidelberg.de), inscription HD000895, retrieved 2026-10-04; inscription type: titulus votivus (EDH genre 'titsac'); province: Syria (EDH code Syr); EDH dating: not before 101 CE, not after 200 CE (99-year window); astronomical start_year 101. Data licence CC BY-SA 4.0."
edh:hd000898,work,Epitaph from Beroia - Véroia,,Latin epitaph; EDH HD000898 from Beroia - Véroia; monument type: Tafel; material: Marmor; transcription: M(e)m(oria) Belesario Phl(avio) kand[(idato)] / ex trib(uno) <e=I>t#<e>t#IT Gerontia(!),available,501,,medium,"Source: Epigraphic Database Heidelberg (https://edh.ub.uni-heidelberg.de), inscription HD000898, retrieved 2026-10-04; inscription type: titulus sepulcralis (EDH genre 'titsep'); province: Macedonia (EDH code Mak); EDH dating: not before 501 CE, not after 600 CE (99-year window); astronomical start_year 501. Data licence CC BY-SA 4.0."
edh:hd000901,work,"Mile-/Leaguestone from Libyssa, bei",,"Latin mile-/leaguestone; EDH HD000901 from Libyssa, bei; monument type: Meilenstein; material: Kalkstein; transcription: B(ona) F(ortuna) / Imp(eratori) Caisari(!) / M(arco) Cl(audio) / Tacito / P(io) F(elici) Aug(usto) [---] / EVBA[---] / [...",available,275,,high,"Source: Epigraphic Database Heidelberg (https://edh.ub.uni-heidelberg.de), inscription HD000901, retrieved 2026-10-04; inscription type: miliarium (EDH genre 'miliarium'); province: Bithynia et Pontus (EDH code BiP); EDH dating: not before 275 CE, not after 276 CE (1-year window); astronomical start_year 275. Data licence CC BY-SA 4.0."
edh:hd000902,work,Building/dedicatory inscription from Volsinii - Bolsena,,Latin building/dedicatory inscription; EDH HD000902 from Volsinii - Bolsena; monument type: Tafel; material: Marmor; transcription: $] / praefectus Aegypt[i et] / Terentia A(uli) f(ilia) mater eiu[s et] / Cosconia Lentulii(!) Malug[inensis f(ilia)] / G...,available,15,,high,"Source: Epigraphic Database Heidelberg (https://edh.ub.uni-heidelberg.de), inscription HD000902, retrieved 2026-10-04; inscription type: titulus dedicatorius (EDH genre 'titoppubpriv?'); genre attribution uncertain in EDH; province: Etruria (Regio VII) (EDH code Etr); EDH dating: not before 15 CE, not after 16 CE (1-year window); astronomical start_year 15. Data licence CC BY-SA 4.0."
edh:hd000904,work,"Mile-/Leaguestone from Libyssa, bei",,"GL mile-/leaguestone; EDH HD000904 from Libyssa, bei; monument type: Meilenstein; material: Kalkstein; transcription: B(ona) F(ortuna) / Imp(eratori) / Caesari / M(arco) Claudio / Tacito / P(io) F(elici) Inv(i)cto / Aug(usto) a Nico/media...",available,275,,high,"Source: Epigraphic Database Heidelberg (https://edh.ub.uni-heidelberg.de), inscription HD000904, retrieved 2026-10-04; inscription type: miliarium (EDH genre 'miliarium'); province: Bithynia et Pontus (EDH code BiP); EDH dating: not before 275 CE, not after 276 CE (1-year window); astronomical start_year 275. Data licence CC BY-SA 4.0."
edh:hd000905,work,Building/dedicatory inscription from Poetovio - Hajdina,,Latin building/dedicatory inscription; EDH HD000905 from Poetovio - Hajdina; monument type: Tafel; material: Marmor; transcription: $] / [------] / [---]C(?)i M(arci) Aur[eli] / [---] Augg(ustorum) [---] / [i]nvic[ti]ssimorum Imp[p(eratorum) ---] / sub...,available,209,,high,"Source: Epigraphic Database Heidelberg (https://edh.ub.uni-heidelberg.de), inscription HD000905, retrieved 2026-10-04; inscription type: titulus dedicatorius (EDH genre 'titoppubpriv'); province: Pannonia superior (EDH code PaS); EDH dating: not before 209 CE, not after 211 CE (2-year window); astronomical start_year 209. Data licence CC BY-SA 4.0."
edh:hd000907,work,"Mile-/Leaguestone from Libyssa, bei",,"GL mile-/leaguestone; EDH HD000907 from Libyssa, bei; monument type: Meilenstein; material: Kalkstein; transcription: B(ona) F(ortuna) / Imp(erator) Caesar / divi Gordiani nepos / M(arcus) Antonius Gordianus / Pius Felix Aug(ustus) / pont...",available,238,,high,"Source: Epigraphic Database Heidelberg (https://edh.ub.uni-heidelberg.de), inscription HD000907, retrieved 2026-10-04; inscription type: miliarium (EDH genre 'miliarium'); province: Bithynia et Pontus (EDH code BiP); EDH dating: not before 238 CE, not after 244 CE (6-year window); astronomical start_year 238. Data licence CC BY-SA 4.0."
edh:hd000908,work,Votive inscription from Carnuntum - Bad Deutsch-Altenburg,,Latin votive inscription; EDH HD000908 from Carnuntum - Bad Deutsch-Altenburg; monument type: Tafel?; material: Sandstein; transcription: [I(ovi) O(ptimo)] M(aximo) / Dolic[h(eno)] / pro sal(ute) / [[[Imp(eratoris) Caes(aris)] C(ai)]] / [[[Iul(i) Veri] Max]]...,available,235,,high,"Source: Epigraphic Database Heidelberg (https://edh.ub.uni-heidelberg.de), inscription HD000908, retrieved 2026-10-04; inscription type: titulus votivus (EDH genre 'titsac'); province: Pannonia superior (EDH code PaS); EDH dating: not before 235 CE, not after 238 CE (3-year window); astronomical start_year 235. Data licence CC BY-SA 4.0."
edh:hd000911,work,Votive inscription from Carnuntum - Petronell-Carnuntum,,Latin votive inscription; EDH HD000911 from Carnuntum - Petronell-Carnuntum; monument type: Tafel; material: Sandstein; transcription: $] / [---]les et(?) [---]s Adauct[us] / [m]agistri col(legiorum) vet[e]/[ra]noru(m) centonari/oru(m) i(mpensis) s(uis) p...,available,51,,medium,"Source: Epigraphic Database Heidelberg (https://edh.ub.uni-heidelberg.de), inscription HD000911, retrieved 2026-10-04; inscription type: titulus votivus (EDH genre 'titsac?'); genre attribution uncertain in EDH; province: Pannonia superior (EDH code PaS); EDH dating: not before 51 CE, not after 200 CE (149-year window); astronomical start_year 51. Data licence CC BY-SA 4.0. Caveats: wide EDH dating window (149 years)."
edh:hd000913,work,"Mile-/Leaguestone from Libyssa, bei",,"GL mile-/leaguestone; EDH HD000913 from Libyssa, bei; monument type: Meilenstein; material: Kalkstein; transcription: B(ona) F(ortuna) / Imp(eratori) Caesari / M(arco) Iulio Filippo(!) / Pio Felic(i) Aug(usto) / restitutore(!) / mil(ia) a...",available,244,,high,"Source: Epigraphic Database Heidelberg (https://edh.ub.uni-heidelberg.de), inscription HD000913, retrieved 2026-10-04; inscription type: miliarium (EDH genre 'miliarium'); province: Bithynia et Pontus (EDH code BiP); EDH dating: not before 244 CE, not after 249 CE (5-year window); astronomical start_year 244. Data licence CC BY-SA 4.0."
edh:hd000914,work,Votive inscription from Poetovio - Ptuj,,Latin votive inscription; EDH HD000914 from Poetovio - Ptuj; monument type: Ziegel; material: Ton; transcription: Mat(ribus?) / Matron(is) / Quito Comoso(?) s(o)lv(i)t(?),available,1,,medium,"Source: Epigraphic Database Heidelberg (https://edh.ub.uni-heidelberg.de), inscription HD000914, retrieved 2026-10-04; inscription type: titulus votivus (EDH genre 'titsac'); province: Pannonia superior (EDH code PaS); EDH dating: not before 1 CE, not after 200 CE (199-year window); astronomical start_year 1. Data licence CC BY-SA 4.0. Caveats: wide EDH dating window (199 years)."
edh:hd000916,work,"Mile-/Leaguestone from Libyssa, bei",,"Latin mile-/leaguestone; EDH HD000916 from Libyssa, bei; monument type: Meilenstein; material: Kalkstein; transcription: [B(ona)] F(ortuna) / [Imp(erator)] C(aesar) G(aius) Aur(elius) Val(erius) / [Dioclet]ianus P(ius) F(elix) Inv(ictus) Aug...",available,293,,high,"Source: Epigraphic Database Heidelberg (https://edh.ub.uni-heidelberg.de), inscription HD000916, retrieved 2026-10-04; inscription type: miliarium (EDH genre 'miliarium'); province: Bithynia et Pontus (EDH code BiP); EDH dating: not before 293 CE, not after 305 CE (12-year window); astronomical start_year 293. Data licence CC BY-SA 4.0."
edh:hd000917,work,Identification inscription from Valcum (Volgum) - Keszthely,,Latin identification inscription; EDH HD000917 from Valcum (Volgum) - Keszthely; monument type: Ziegel; material: Ton; transcription: Arma virumqua(!) / arma vi,available,301,,medium,"Source: Epigraphic Database Heidelberg (https://edh.ub.uni-heidelberg.de), inscription HD000917, retrieved 2026-10-04; inscription type: nota (EDH genre 'nota'); province: Pannonia superior (EDH code PaS); EDH dating: not before 301 CE, not after 400 CE (99-year window); astronomical start_year 301. Data licence CC BY-SA 4.0."
edh:hd000919,work,Epitaph from Thessalonica? - Thessaloníki?,,Latin epitaph; EDH HD000919 from Thessalonica? - Thessaloníki?; monument type: Tafel; material: Marmor; transcription: Memor[ia ---]/tycha[e? depo]/sita i[n pace? ---] / corp[---],available,401,,medium,"Source: Epigraphic Database Heidelberg (https://edh.ub.uni-heidelberg.de), inscription HD000919, retrieved 2026-10-04; inscription type: titulus sepulcralis (EDH genre 'titsep'); province: Macedonia (EDH code Mak); EDH dating: not before 401 CE, not after 600 CE (199-year window); astronomical start_year 401. Data licence CC BY-SA 4.0. Caveats: wide EDH dating window (199 years)."
edh:hd000920,work,"Identification inscription from Solva, bei - Kesztölc",,"Latin identification inscription; EDH HD000920 from Solva, bei - Kesztölc; monument type: Ziegel; material: Ton; transcription: Adque(!) ea diversa penitus dum parte <geruntur> / Irim de caelo misit Saturnia I[uno]",available,1,,medium,"Source: Epigraphic Database Heidelberg (https://edh.ub.uni-heidelberg.de), inscription HD000920, retrieved 2026-10-04; inscription type: nota (EDH genre 'nota'); province: Pannonia superior (EDH code PaS); EDH dating: not before 1 CE, not after 200 CE (199-year window); astronomical start_year 1. Data licence CC BY-SA 4.0. Caveats: wide EDH dating window (199 years)."
edh:hd000922,work,Epitaph from Colonia Iulia Augusta Philippensium (= Philippi) - Krenides,,"Latin epitaph; EDH HD000922 from Colonia Iulia Augusta Philippensium (= Philippi) - Krenides; monument type: Tafel; material: Marmor, geädert / farbig; transcription: Hic in pac[e requiescit] / in nomine Ch[risti] / Lauriciu(s) se[rvus Dei] / qui vixit an[nos] XXII",available,301,,medium,"Source: Epigraphic Database Heidelberg (https://edh.ub.uni-heidelberg.de), inscription HD000922, retrieved 2026-10-04; inscription type: titulus sepulcralis (EDH genre 'titsep'); province: Macedonia (EDH code Mak); EDH dating: not before 301 CE, not after 400 CE (99-year window); astronomical start_year 301. Data licence CC BY-SA 4.0."
edh:hd000927,work,Votive inscription from Aquincum - Budapest,,Latin votive inscription; EDH HD000927 from Aquincum - Budapest; monument type: Tafel; material: Kalkstein; transcription: Deae Syri(ae) // et [Balti De]//ae pro sa//lut[e Aug(usti)] // C(aius) Iul(ius) Sextinus con/ductor ex decr(eto) ordin(i...,available,201,,medium,"Source: Epigraphic Database Heidelberg (https://edh.ub.uni-heidelberg.de), inscription HD000927, retrieved 2026-10-04; inscription type: titulus votivus (EDH genre 'titsac'); province: Pannonia inferior (EDH code PaI); EDH dating: not before 201 CE, not after 250 CE (49-year window); astronomical start_year 201. Data licence CC BY-SA 4.0."
edh:hd000928,work,Epitaph from Beroia - Véroia,,"GL epitaph; EDH HD000928 from Beroia - Véroia; monument type: Tafel; material: Marmor, geädert / farbig; transcription: Memoria dua<r=B><u=P>m#dua<r><u>m#DUABPM <p>uella/rum virg(i)num Rome/um(!) Abundantiae / <e>t Termantiae // εὐτύ<χ=H>ι#...",available,401,,medium,"Source: Epigraphic Database Heidelberg (https://edh.ub.uni-heidelberg.de), inscription HD000928, retrieved 2026-10-04; inscription type: titulus sepulcralis (EDH genre 'titsep'); province: Macedonia (EDH code Mak); EDH dating: not before 401 CE, not after 600 CE (199-year window); astronomical start_year 401. Data licence CC BY-SA 4.0. Caveats: wide EDH dating window (199 years)."
edh:hd000931,work,Building/dedicatory inscription from Thessalonica - Thessaloníki,,Latin building/dedicatory inscription; EDH HD000931 from Thessalonica - Thessaloníki; monument type: Statuenbasis; material: Marmor; transcription: Inter cetera etiam euripum statuis / adornatum Domitius Catafronius v(ir) p(erfectissimus) proc(urator) s(acrae) m(oneta...,available,331,,medium,"Source: Epigraphic Database Heidelberg (https://edh.ub.uni-heidelberg.de), inscription HD000931, retrieved 2026-10-04; inscription type: titulus dedicatorius (EDH genre 'titoppubpriv'); province: Macedonia (EDH code Mak); EDH dating: not before 331 CE, not after 370 CE (39-year window); astronomical start_year 331. Data licence CC BY-SA 4.0."
edh:hd000935,work,Mile-/Leaguestone from Metapontum - Metaponto,,Latin mile-/leaguestone; EDH HD000935 from Metapontum - Metaponto; monument type: Meilenstein; transcription: D(omino) n(ostro) Fl(avio) Cl(audio) [I]uli/ani(!) victori ac / triumfatori / semper Aug(usto),available,361,,high,"Source: Epigraphic Database Heidelberg (https://edh.ub.uni-heidelberg.de), inscription HD000935, retrieved 2026-10-04; inscription type: miliarium (EDH genre 'miliarium'); province: Bruttium et Lucania (Regio III) (EDH code BrL); EDH dating: not before 361 CE, not after 363 CE (2-year window); astronomical start_year 361. Data licence CC BY-SA 4.0."
edh:hd000944,work,Owner/artist inscription from Urbs Salvia - Urbisaglia,,Latin owner/artist inscription; EDH HD000944 from Urbs Salvia - Urbisaglia; monument type: Ziegel; material: Ton; transcription: Salutis Aug(ustae) Salviens(ium?) // M(arci) Atti Fabati,available,1,,medium,"Source: Epigraphic Database Heidelberg (https://edh.ub.uni-heidelberg.de), inscription HD000944, retrieved 2026-10-04; inscription type: titulus possessorius/fabrilis (EDH genre 'titpossfabr'); province: Picenum (Regio V) (EDH code Pic); EDH dating: not before 1 CE, not after 100 CE (99-year window); astronomical start_year 1. Data licence CC BY-SA 4.0."
edh:hd000946,work,"Epitaph from Troesmis - Turcoaia, bei",,"Latin epitaph; EDH HD000946 from Troesmis - Turcoaia, bei; monument type: Tafel; material: Kalkstein; transcription: $] / filius Cla[udia] / Decimus [---]/ria |(centurio) leg(ionis) V [Mace]/[doni]cae h(ic) s(itus) e(st) / [Vale]rius Pu/...",available,101,,medium,"Source: Epigraphic Database Heidelberg (https://edh.ub.uni-heidelberg.de), inscription HD000946, retrieved 2026-10-04; inscription type: titulus sepulcralis (EDH genre 'titsep'); province: Moesia inferior (EDH code MoI); EDH dating: not before 101 CE, not after 162 CE (61-year window); astronomical start_year 101. Data licence CC BY-SA 4.0."
edh:hd000947,work,Votive inscription from Iésolo,,Latin votive inscription; EDH HD000947 from Iésolo; monument type: Architekturteil; material: Gesteine unbestimmt; transcription: [---]urius / [cum] suis / [de don]o Dei / [f(ecit) p(edes) ---] V // Ioh[annes] / cum [suis] / de do[no Dei] / f(ecit) p...,available,401,,medium,"Source: Epigraphic Database Heidelberg (https://edh.ub.uni-heidelberg.de), inscription HD000947, retrieved 2026-10-04; inscription type: titulus votivus (EDH genre 'titsac'); province: Venetia et Histria (Regio X) (EDH code VeH); EDH dating: not before 401 CE, not after 600 CE (199-year window); astronomical start_year 401. Data licence CC BY-SA 4.0. Caveats: wide EDH dating window (199 years)."
edh:hd000949,work,"Votive inscription from Singidunum, bei - Smederevo - Smederevska Palanka, zwischen",,"Latin votive inscription; EDH HD000949 from Singidunum, bei - Smederevo - Smederevska Palanka, zwischen; monument type: instrsac; material: Bronze; transcription: Dei in domu Hermogenes votum fecit",available,251,,medium,"Source: Epigraphic Database Heidelberg (https://edh.ub.uni-heidelberg.de), inscription HD000949, retrieved 2026-10-04; inscription type: titulus votivus (EDH genre 'titsac'); province: Moesia superior (EDH code MoS); EDH dating: not before 251 CE, not after 300 CE (49-year window); astronomical start_year 251. Data licence CC BY-SA 4.0."
edh:hd000950,work,"Owner/artist inscription from Tridentum, bei - Trento, bei",,"Latin owner/artist inscription; EDH HD000950 from Tridentum, bei - Trento, bei; monument type: Ziegel; material: Ton; transcription: L(uci) Arre(ni) Maur(i) Anau(nia)",available,1,,medium,"Source: Epigraphic Database Heidelberg (https://edh.ub.uni-heidelberg.de), inscription HD000950, retrieved 2026-10-04; inscription type: titulus possessorius/fabrilis (EDH genre 'titpossfabr'); province: Venetia et Histria (Regio X) (EDH code VeH); EDH dating: not before 1 CE, not after 100 CE (99-year window); astronomical start_year 1. Data licence CC BY-SA 4.0."
edh:hd000952,work,Epitaph from Tegianum - S. Rufo,,Latin epitaph; EDH HD000952 from Tegianum - S. Rufo; monument type: Tafel; transcription: C(aius) Luxsilius(!) C(ai) f(ilius) / Pom(ptina) Macer / arma haec quae cernis princeps lu[dend]o fui / id ita fuisse ca...,available,51,,medium,"Source: Epigraphic Database Heidelberg (https://edh.ub.uni-heidelberg.de), inscription HD000952, retrieved 2026-10-04; inscription type: titulus sepulcralis (EDH genre 'titsep'); province: Bruttium et Lucania (Regio III) (EDH code BrL); EDH dating: not before 51 CE, not after 150 CE (99-year window); astronomical start_year 51. Data licence CC BY-SA 4.0."
edh:hd000955,work,Building/dedicatory inscription from Novae - Svištov,,Latin building/dedicatory inscription; EDH HD000955 from Novae - Svištov; monument type: Architekturteil?; material: Kalkstein; transcription: Imperatores [Caes(ares) Aurelius Antoninus] / et Aurelius Com[modus Augusti praetorium? ve]/tustate conlabsu[m! a solo r...,available,176,,high,"Source: Epigraphic Database Heidelberg (https://edh.ub.uni-heidelberg.de), inscription HD000955, retrieved 2026-10-04; inscription type: titulus dedicatorius (EDH genre 'titoppubpriv'); province: Moesia inferior (EDH code MoI); EDH dating: not before 176 CE, not after 180 CE (4-year window); astronomical start_year 176. Data licence CC BY-SA 4.0."
edh:hd000958,work,"Honorific inscription from Paramythia, bei - Paramithía, bei",,"Latin honorific inscription; EDH HD000958 from Paramythia, bei - Paramithía, bei; transcription: Sex(to) Po[m]peio / Sex(ti)(?) f(ilio) <C>o[l(lina?)] / Sabin[o] / praef(ecto) a[la]e Taur(ianae) / proc(uratori) A[u]g(...",available,69,,medium,"Source: Epigraphic Database Heidelberg (https://edh.ub.uni-heidelberg.de), inscription HD000958, retrieved 2026-10-04; inscription type: titulus honorarius (EDH genre 'tithon'); province: Epirus (EDH code Epi); EDH dating: not before 69 CE, not after 96 CE (27-year window); astronomical start_year 69. Data licence CC BY-SA 4.0."
edh:hd000961,work,"Epitaph from Stobi, aus - Kavadarci",,"Latin epitaph; EDH HD000961 from Stobi, aus - Kavadarci; monument type: Tafel; material: Schiefer; transcription: Noviae Q(uinti) f(iliae) Secun/dae et Liviae Ni/ceroti Tertyl/lae(!) T(itus) Livius Ver(us) / uxori et sorori / fecit et...",available,101,,medium,"Source: Epigraphic Database Heidelberg (https://edh.ub.uni-heidelberg.de), inscription HD000961, retrieved 2026-10-04; inscription type: titulus sepulcralis (EDH genre 'titsep'); province: Macedonia (EDH code Mak); EDH dating: not before 101 CE, not after 200 CE (99-year window); astronomical start_year 101. Data licence CC BY-SA 4.0."
edh:hd000964,work,Votive inscription from Hatra - Al Hadr,,Latin votive inscription; EDH HD000964 from Hatra - Al Hadr; monument type: Statuenbasis; material: Kalkstein; transcription: Herculi sanct(o) / pro salute do/mini nostri Au[g(usti) Q(uintus)] / Petronius Qu[in]/tianus dom(o) [Nu]/midia trib(unus...,available,238,,high,"Source: Epigraphic Database Heidelberg (https://edh.ub.uni-heidelberg.de), inscription HD000964, retrieved 2026-10-04; inscription type: titulus votivus (EDH genre 'titsac'); province: Syria (EDH code Syr); EDH dating: not before 238 CE, not after 246 CE (8-year window); astronomical start_year 238. Data licence CC BY-SA 4.0."
edh:hd000973,work,Private legal inscription from Lambaesis - Tazoult-Lambèse,,Latin private legal inscription; EDH HD000973 from Lambaesis - Tazoult-Lambèse; transcription: [Pr]o felicitat[e] et incolumitat[e] / [sa]eculi domin(orum) nn[[n]](ostrorum) Augg[[g]](ustorum) / [L(uci) Se]ptimi Sev...,available,209,,high,"Source: Epigraphic Database Heidelberg (https://edh.ub.uni-heidelberg.de), inscription HD000973, retrieved 2026-10-04; inscription type: titulus iuridicus privatus (EDH genre 'titiurpriv'); province: Numidia (EDH code Num); EDH dating: not before 209 CE, not after 211 CE (2-year window); astronomical start_year 209. Data licence CC BY-SA 4.0."
edh:hd000976,work,"Epitaph from Stobi, bei - Sirkovo",,"Latin epitaph; EDH HD000976 from Stobi, bei - Sirkovo; monument type: Tafel; material: Sandstein; transcription: C(aio) Aeficio Maximo / L(uci) f(ilio) Aem(ilia) Stobis / mil(iti) leg(ionis) VII C(laudiae) p(iae) f(idelis) vixit / [a...",available,101,,medium,"Source: Epigraphic Database Heidelberg (https://edh.ub.uni-heidelberg.de), inscription HD000976, retrieved 2026-10-04; inscription type: titulus sepulcralis (EDH genre 'titsep'); province: Macedonia (EDH code Mak); EDH dating: not before 101 CE, not after 150 CE (49-year window); astronomical start_year 101. Data licence CC BY-SA 4.0."
edh:hd000985,work,Inscription from Thérouanne,,Latin inscription; EDH HD000985 from Thérouanne; transcription: EX // RE,available,1,,medium,"Source: Epigraphic Database Heidelberg (https://edh.ub.uni-heidelberg.de), inscription HD000985, retrieved 2026-10-04; inscription type not recorded in EDH (genre code 'empty'); province: Belgica (EDH code Bel); EDH dating: not before 1 CE, not after 200 CE (199-year window); astronomical start_year 1. Data licence CC BY-SA 4.0. Caveats: wide EDH dating window (199 years)."
edh:hd001000,work,Owner/artist inscription from Londinium - London,,Latin owner/artist inscription; EDH HD001000 from Londinium - London; monument type: instrdom; material: Ton; transcription: C(ai) Acerroni Fur[---],available,51,,medium,"Source: Epigraphic Database Heidelberg (https://edh.ub.uni-heidelberg.de), inscription HD001000, retrieved 2026-10-04; inscription type: titulus possessorius/fabrilis (EDH genre 'titpossfabr'); province: Britannia (EDH code Bri); EDH dating: not before 51 CE, not after 200 CE (149-year window); astronomical start_year 51. Data licence CC BY-SA 4.0. Caveats: wide EDH dating window (149 years)."
edh:hd001003,work,Epitaph from Londinium - London,,Latin epitaph; EDH HD001003 from Londinium - London; monument type: Stele; material: Oolith; transcription: D(is) M(anibus) // [et m]emoriae / [perpe]tuitati / [Aureli(iae)] Marcianae / [quae vix]it ann(os) X / [m(enses) --- d(i...,available,201,,medium,"Source: Epigraphic Database Heidelberg (https://edh.ub.uni-heidelberg.de), inscription HD001003, retrieved 2026-10-04; inscription type: titulus sepulcralis (EDH genre 'titsep'); province: Britannia (EDH code Bri); EDH dating: not before 201 CE, not after 300 CE (99-year window); astronomical start_year 201. Data licence CC BY-SA 4.0."
edh:hd001005,work,Epitaph from Matrica - Százhalombatta,,Latin epitaph; EDH HD001005 from Matrica - Százhalombatta; monument type: Stele; material: Kalkstein; transcription: D(is) M(anibus) / Cl(audius) Ingenu(u)s / buc(inator) coh(ortis) |(miliariae) Maur(orum) / et Fla(via) Paulina con(iunx)...,available,171,,medium,"Source: Epigraphic Database Heidelberg (https://edh.ub.uni-heidelberg.de), inscription HD001005, retrieved 2026-10-04; inscription type: titulus sepulcralis (EDH genre 'titsep'); province: Pannonia inferior (EDH code PaI); EDH dating: not before 171 CE, not after 230 CE (59-year window); astronomical start_year 171. Data licence CC BY-SA 4.0."
edh:hd001009,work,Votive inscription from Aquae Sulis - Bath,,Latin votive inscription; EDH HD001009 from Aquae Sulis - Bath; monument type: instrsac; material: Silber; transcription: D(eae) Suli // p(ondo) s(emis) |(scripula),available,101,,medium,"Source: Epigraphic Database Heidelberg (https://edh.ub.uni-heidelberg.de), inscription HD001009, retrieved 2026-10-04; inscription type: titulus votivus (EDH genre 'titsac'); province: Britannia (EDH code Bri); EDH dating: not before 101 CE, not after 300 CE (199-year window); astronomical start_year 101. Data licence CC BY-SA 4.0. Caveats: wide EDH dating window (199 years)."
edh:hd001012,work,Votive inscription from Aquae Sulis - Bath,,Latin votive inscription; EDH HD001012 from Aquae Sulis - Bath; monument type: instrsac; material: Zinn; transcription: Dea{a}e Suli Minerv(a)e,available,101,,medium,"Source: Epigraphic Database Heidelberg (https://edh.ub.uni-heidelberg.de), inscription HD001012, retrieved 2026-10-04; inscription type: titulus votivus (EDH genre 'titsac'); province: Britannia (EDH code Bri); EDH dating: not before 101 CE, not after 300 CE (199-year window); astronomical start_year 101. Data licence CC BY-SA 4.0. Caveats: wide EDH dating window (199 years)."
edh:hd001015,work,Votive inscription from Aquae Sulis - Bath,,Latin votive inscription; EDH HD001015 from Aquae Sulis - Bath; monument type: instrsac; material: Zinn; transcription: D(eae) S(uli) M(inervae) // [---] Suli Minervae,available,101,,medium,"Source: Epigraphic Database Heidelberg (https://edh.ub.uni-heidelberg.de), inscription HD001015, retrieved 2026-10-04; inscription type: titulus votivus (EDH genre 'titsac'); province: Britannia (EDH code Bri); EDH dating: not before 101 CE, not after 300 CE (199-year window); astronomical start_year 101. Data licence CC BY-SA 4.0. Caveats: wide EDH dating window (199 years)."
edh:hd001018,work,Votive inscription from Aquae Sulis - Bath,,Latin votive inscription; EDH HD001018 from Aquae Sulis - Bath; monument type: instrsac; material: Bronze; transcription: De[ae] Su(li) M(inervae) / Codon[---],available,101,,medium,"Source: Epigraphic Database Heidelberg (https://edh.ub.uni-heidelberg.de), inscription HD001018, retrieved 2026-10-04; inscription type: titulus votivus (EDH genre 'titsac'); province: Britannia (EDH code Bri); EDH dating: not before 101 CE, not after 300 CE (199-year window); astronomical start_year 101. Data licence CC BY-SA 4.0. Caveats: wide EDH dating window (199 years)."
edh:hd001021,work,Votive inscription from Aquae Sulis - Bath,,Latin votive inscription; EDH HD001021 from Aquae Sulis - Bath; monument type: instrsac; material: Zinn; transcription: Deae Sul(i) Min(ervae),available,101,,medium,"Source: Epigraphic Database Heidelberg (https://edh.ub.uni-heidelberg.de), inscription HD001021, retrieved 2026-10-04; inscription type: titulus votivus (EDH genre 'titsac'); province: Britannia (EDH code Bri); EDH dating: not before 101 CE, not after 300 CE (199-year window); astronomical start_year 101. Data licence CC BY-SA 4.0. Caveats: wide EDH dating window (199 years)."
edh:hd001024,work,Defixio from Aquae Sulis - Bath,,Latin defixio; EDH HD001024 from Aquae Sulis - Bath; monument type: Tessera; material: Blei; transcription: [D]eae Suli donavi [--- arg]/[e]ntiolos sex quos perd[idi] / a nomin[i]bus infrascript[is] / deae exactura est / Senicia...,available,201,,medium,"Source: Epigraphic Database Heidelberg (https://edh.ub.uni-heidelberg.de), inscription HD001024, retrieved 2026-10-04; inscription type: defixio (EDH genre 'titdefix'); province: Britannia (EDH code Bri); EDH dating: not before 201 CE, not after 300 CE (99-year window); astronomical start_year 201. Data licence CC BY-SA 4.0."
edh:hd001027,work,Defixio from Aquae Sulis - Bath,,Latin defixio; EDH HD001027 from Aquae Sulis - Bath; monument type: Tessera; material: Blei; transcription: Severa / Dracontius / Spectatus / Innocentius / Senicio / Candidianus / Applicius / Belator / Surilla / Austus / Carinia...,available,101,,medium,"Source: Epigraphic Database Heidelberg (https://edh.ub.uni-heidelberg.de), inscription HD001027, retrieved 2026-10-04; inscription type: defixio (EDH genre 'titdefix'); province: Britannia (EDH code Bri); EDH dating: not before 101 CE, not after 300 CE (199-year window); astronomical start_year 101. Data licence CC BY-SA 4.0. Caveats: wide EDH dating window (199 years)."
edh:hd001030,work,Defixio from Aquae Sulis - Bath,,Latin defixio; EDH HD001030 from Aquae Sulis - Bath; monument type: Tessera; material: Blei; transcription: Docilianus / Bruceri / deae sanctissim(a)e / Suli / devoveo eum [q]ui / caracellam(!) meam / involaverit si / vir si fem...,available,101,,medium,"Source: Epigraphic Database Heidelberg (https://edh.ub.uni-heidelberg.de), inscription HD001030, retrieved 2026-10-04; inscription type: defixio (EDH genre 'titdefix'); province: Britannia (EDH code Bri); EDH dating: not before 101 CE, not after 200 CE (99-year window); astronomical start_year 101. Data licence CC BY-SA 4.0."
edh:hd001031,work,Identification inscription from Aquincum - Budapest,,Latin identification inscription; EDH HD001031 from Aquincum - Budapest; monument type: Ziegel; material: Ton; transcription: Roma // Leg(io) II ad(iutrix),available,106,,medium,"Source: Epigraphic Database Heidelberg (https://edh.ub.uni-heidelberg.de), inscription HD001031, retrieved 2026-10-04; inscription type: nota (EDH genre 'nota'); province: Pannonia inferior (EDH code PaI); EDH dating: not before 106 CE, not after 300 CE (194-year window); astronomical start_year 106. Data licence CC BY-SA 4.0. Caveats: wide EDH dating window (194 years)."
edh:hd001033,work,Defixio from Aquae Sulis - Bath,,Latin defixio; EDH HD001033 from Aquae Sulis - Bath; monument type: Tafel; material: Blei; transcription: Uricalus Do[c]ilosa uxor sua / Docilis filius suus et Docilina / Decentinus frater suus Alogiosa / nomina {a}eorum qui i...,available,201,,medium,"Source: Epigraphic Database Heidelberg (https://edh.ub.uni-heidelberg.de), inscription HD001033, retrieved 2026-10-04; inscription type: defixio (EDH genre 'titdefix'); province: Britannia (EDH code Bri); EDH dating: not before 201 CE, not after 300 CE (99-year window); astronomical start_year 201. Data licence CC BY-SA 4.0."
edh:hd001034,work,Votive inscription from Grannum (Civitas Lingonum)? - Grand,,Latin votive inscription; EDH HD001034 from Grannum (Civitas Lingonum)? - Grand; monument type: Architekturteil?; material: Gesteine; transcription: [---]o Invi[cto] // [---] ac deinde c[---] / [--- A]ntoninum / [---]g(---) s(---) numini E(?)[ius? ---] / [---]O(?)MI(?)...,available,161,,medium,"Source: Epigraphic Database Heidelberg (https://edh.ub.uni-heidelberg.de), inscription HD001034, retrieved 2026-10-04; inscription type: titulus votivus (EDH genre 'titsac'); province: Germania superior (EDH code GeS); EDH dating: not before 161 CE, not after 222 CE (61-year window); astronomical start_year 161. Data licence CC BY-SA 4.0."
edh:hd001036,work,Defixio from Aquae Sulis - Bath,,Latin defixio; EDH HD001036 from Aquae Sulis - Bath; monument type: Tessera; material: Blei; transcription: Br<p>ituenda / Marinus / Memorina,available,201,,medium,"Source: Epigraphic Database Heidelberg (https://edh.ub.uni-heidelberg.de), inscription HD001036, retrieved 2026-10-04; inscription type: defixio (EDH genre 'titdefix'); province: Britannia (EDH code Bri); EDH dating: not before 201 CE, not after 300 CE (99-year window); astronomical start_year 201. Data licence CC BY-SA 4.0."
edh:hd001039,work,Defixio from Aquae Sulis - Bath,,Latin defixio; EDH HD001039 from Aquae Sulis - Bath; monument type: Tafel; material: Blei; transcription: Nomen / furis qui / LATERA // IRQVET / donatu/r [---],available,201,,medium,"Source: Epigraphic Database Heidelberg (https://edh.ub.uni-heidelberg.de), inscription HD001039, retrieved 2026-10-04; inscription type: defixio (EDH genre 'titdefix'); province: Britannia (EDH code Bri); EDH dating: not before 201 CE, not after 400 CE (199-year window); astronomical start_year 201. Data licence CC BY-SA 4.0. Caveats: wide EDH dating window (199 years)."
edh:hd001042,work,Defixio from Aquae Sulis - Bath,,Latin defixio; EDH HD001042 from Aquae Sulis - Bath; monument type: Tafel; material: Blei; transcription: Pet(it)io / ro<go=VE>#ro<go>#ROVE te / Victoria vind(---) / Cun Minici / Cunomolius / Minervina u<x=SS>or#u<x>or#USSOR /...,available,71,,medium,"Source: Epigraphic Database Heidelberg (https://edh.ub.uni-heidelberg.de), inscription HD001042, retrieved 2026-10-04; inscription type: defixio (EDH genre 'titdefix'); province: Britannia (EDH code Bri); EDH dating: not before 71 CE, not after 400 CE (329-year window); astronomical start_year 71. Data licence CC BY-SA 4.0. Caveats: wide EDH dating window (329 years)."
edh:hd001045,work,Defixio from Aquae Sulis - Bath,,Latin defixio; EDH HD001045 from Aquae Sulis - Bath; monument type: Tafel; material: Blei; transcription: Nomen rei / qui de<x=S>tra/le#de<x>tra/le#DESTRALE involave/rit,available,201,,medium,"Source: Epigraphic Database Heidelberg (https://edh.ub.uni-heidelberg.de), inscription HD001045, retrieved 2026-10-04; inscription type: defixio (EDH genre 'titdefix'); province: Britannia (EDH code Bri); EDH dating: not before 201 CE, not after 400 CE (199-year window); astronomical start_year 201. Data licence CC BY-SA 4.0. Caveats: wide EDH dating window (199 years)."
edh:hd001048,work,Defixio from Aquae Sulis - Bath,,Latin defixio; EDH HD001048 from Aquae Sulis - Bath; monument type: Tessera; material: Blei; transcription: Deae Suli Minervae Docca / dono numini tuo pecuniam quam / [--- a]misi id est |(denarios) V et is [q]ui / [eam involaver...,available,101,,medium,"Source: Epigraphic Database Heidelberg (https://edh.ub.uni-heidelberg.de), inscription HD001048, retrieved 2026-10-04; inscription type: defixio (EDH genre 'titdefix'); province: Britannia (EDH code Bri); EDH dating: not before 101 CE, not after 300 CE (199-year window); astronomical start_year 101. Data licence CC BY-SA 4.0. Caveats: wide EDH dating window (199 years)."
edh:hd001051,work,Defixio from Aquae Sulis - Bath,,Latin defixio; EDH HD001051 from Aquae Sulis - Bath; monument type: Tessera; material: Blei; transcription: Seu gen(tili)s seu C/h(r)istianus quaecumque(!) utrum vir / utrum mulier utrum puer utrum puella / utrum servus utrum li...,available,301,,medium,"Source: Epigraphic Database Heidelberg (https://edh.ub.uni-heidelberg.de), inscription HD001051, retrieved 2026-10-04; inscription type: defixio (EDH genre 'titdefix'); province: Britannia (EDH code Bri); EDH dating: not before 301 CE, not after 400 CE (99-year window); astronomical start_year 301. Data licence CC BY-SA 4.0."
edh:hd001057,work,Defixio from Venta Icenorum - Caistor S. Edmund,,Latin defixio; EDH HD001057 from Venta Icenorum - Caistor S. Edmund; monument type: Tessera; material: Blei; transcription: A Nase[---] / eve(h)it Vroc[---]/sius fascia(m) et armi[lla]/s cap(t)olare(!) spectr[um?] / cufia(m)(!) duas ocrias X va...,available,71,,medium,"Source: Epigraphic Database Heidelberg (https://edh.ub.uni-heidelberg.de), inscription HD001057, retrieved 2026-10-04; inscription type: defixio (EDH genre 'titdefix'); province: Britannia (EDH code Bri); EDH dating: not before 71 CE, not after 400 CE (329-year window); astronomical start_year 71. Data licence CC BY-SA 4.0. Caveats: wide EDH dating window (329 years)."
edh:hd001060,work,Votive inscription from Thetford,,Latin votive inscription; EDH HD001060 from Thetford; monument type: instrdom; material: Silber; transcription: Dei Fau(ni) Andicrose,available,331,,medium,"Source: Epigraphic Database Heidelberg (https://edh.ub.uni-heidelberg.de), inscription HD001060, retrieved 2026-10-04; inscription type: titulus votivus (EDH genre 'titsac'); province: Britannia (EDH code Bri); EDH dating: not before 331 CE, not after 400 CE (69-year window); astronomical start_year 331. Data licence CC BY-SA 4.0."
edh:hd001061,work,"Epitaph from Scupi - Skopje, Karpoš",,"Latin epitaph; EDH HD001061 from Scupi - Skopje, Karpoš; monument type: Stele; material: Kalkstein; transcription: $] / Aniensis Fo/ro Iulio mil(es) / leg(ionis) I Italic(ae) / h(ic) s(itus) e(st) / annor(um) XVIII / L(ucius) Octavius ...",available,71,,medium,"Source: Epigraphic Database Heidelberg (https://edh.ub.uni-heidelberg.de), inscription HD001061, retrieved 2026-10-04; inscription type: titulus sepulcralis (EDH genre 'titsep'); province: Moesia superior (EDH code MoS); EDH dating: not before 71 CE, not after 100 CE (29-year window); astronomical start_year 71. Data licence CC BY-SA 4.0."
edh:hd001063,work,Votive inscription from Thetford,,Latin votive inscription; EDH HD001063 from Thetford; monument type: instrdom; material: Silber; transcription: Dei Fauni Auseci,available,331,,medium,"Source: Epigraphic Database Heidelberg (https://edh.ub.uni-heidelberg.de), inscription HD001063, retrieved 2026-10-04; inscription type: titulus votivus (EDH genre 'titsac'); province: Britannia (EDH code Bri); EDH dating: not before 331 CE, not after 400 CE (69-year window); astronomical start_year 331. Data licence CC BY-SA 4.0."
edh:hd001064,work,"Epitaph from Scupi, bei - Skopje, Karpoš",,"Latin epitaph; EDH HD001064 from Scupi, bei - Skopje, Karpoš; monument type: Stele; material: Marmor; transcription: M(arcus) Octavius / M(arci) f(ilius) Aemil(ia) Valens / Stobis mil(es) leg(ionis) V / Macedo(nicae) decu(rio) / pontif(e...",available,101,,medium,"Source: Epigraphic Database Heidelberg (https://edh.ub.uni-heidelberg.de), inscription HD001064, retrieved 2026-10-04; inscription type: titulus sepulcralis (EDH genre 'titsep'); province: Moesia superior (EDH code MoS); EDH dating: not before 101 CE, not after 200 CE (99-year window); astronomical start_year 101. Data licence CC BY-SA 4.0."
edh:hd001066,work,Votive inscription from Thetford,,Latin votive inscription; EDH HD001066 from Thetford; monument type: instrdom; material: Silber; transcription: Dei Fau(ni) Blotugi,available,331,,medium,"Source: Epigraphic Database Heidelberg (https://edh.ub.uni-heidelberg.de), inscription HD001066, retrieved 2026-10-04; inscription type: titulus votivus (EDH genre 'titsac'); province: Britannia (EDH code Bri); EDH dating: not before 331 CE, not after 400 CE (69-year window); astronomical start_year 331. Data licence CC BY-SA 4.0."
edh:hd001067,work,"Honorific inscription from Scupi - Skopje, Karpoš",,"Latin honorific inscription; EDH HD001067 from Scupi - Skopje, Karpoš; monument type: Tafel; material: Gesteine; transcription: T(ito) Turranio / L(uci) f(ilio) Sergia / Proculo / Flan(ona) primip(ilo) / praef(ecto) castror(um) / leg(ionis) XIIII g...",available,101,,medium,"Source: Epigraphic Database Heidelberg (https://edh.ub.uni-heidelberg.de), inscription HD001067, retrieved 2026-10-04; inscription type: titulus honorarius (EDH genre 'tithon'); province: Moesia superior (EDH code MoS); EDH dating: not before 101 CE, not after 150 CE (49-year window); astronomical start_year 101. Data licence CC BY-SA 4.0."
edh:hd001068,work,Identification inscription from Gorsium - Tác,,Latin identification inscription; EDH HD001068 from Gorsium - Tác; monument type: instrmil; material: Bronze; transcription: Ex(actum) ad I cast(rensis),available,301,,medium,"Source: Epigraphic Database Heidelberg (https://edh.ub.uni-heidelberg.de), inscription HD001068, retrieved 2026-10-04; inscription type: nota (EDH genre 'nota'); province: Pannonia inferior (EDH code PaI); EDH dating: not before 301 CE, not after 370 CE (69-year window); astronomical start_year 301. Data licence CC BY-SA 4.0."
edh:hd001070,work,"Honorific inscription from Scupi - Skopje, Karpoš",,"Latin honorific inscription; EDH HD001070 from Scupi - Skopje, Karpoš; monument type: Statuenbasis; transcription: T(ito) Statilio T(iti) f(ilio) / Tauro Quir(ina) / Faustiniano / ornat(o) a splen/didiss(imo) ordin(e) / Scup(inorum) or...",available,101,,medium,"Source: Epigraphic Database Heidelberg (https://edh.ub.uni-heidelberg.de), inscription HD001070, retrieved 2026-10-04; inscription type: titulus honorarius (EDH genre 'tithon'); province: Moesia superior (EDH code MoS); EDH dating: not before 101 CE, not after 150 CE (49-year window); astronomical start_year 101. Data licence CC BY-SA 4.0."
edh:hd001071,work,Identification inscription from Gorsium - Tác,,Latin identification inscription; EDH HD001071 from Gorsium - Tác; monument type: instrmil; material: Bronze; transcription: Ex(actum) a(d) |(triens) cas(trensis),available,301,,medium,"Source: Epigraphic Database Heidelberg (https://edh.ub.uni-heidelberg.de), inscription HD001071, retrieved 2026-10-04; inscription type: nota (EDH genre 'nota'); province: Pannonia inferior (EDH code PaI); EDH dating: not before 301 CE, not after 370 CE (69-year window); astronomical start_year 301. Data licence CC BY-SA 4.0."
edh:hd001073,work,"Honorific inscription from Scupi - Skopje, Karpoš",,"Latin honorific inscription; EDH HD001073 from Scupi - Skopje, Karpoš; monument type: Tafel; transcription: M(arco) Insteio / M(arci) f(ilio) Scap(tia) / Valenti p(rimo) p(ilo) / praef(ecto) leg(ionis) III Aug(ustae)",available,71,,medium,"Source: Epigraphic Database Heidelberg (https://edh.ub.uni-heidelberg.de), inscription HD001073, retrieved 2026-10-04; inscription type: titulus honorarius (EDH genre 'tithon'); province: Moesia superior (EDH code MoS); EDH dating: not before 71 CE, not after 130 CE (59-year window); astronomical start_year 71. Data licence CC BY-SA 4.0."
edh:hd001074,work,Identification inscription from Gorsium - Tác,,Latin identification inscription; EDH HD001074 from Gorsium - Tác; monument type: instrmil; material: Bronze; transcription: Ex(actum) a(d) s(emissem) cas(trensis),available,301,,medium,"Source: Epigraphic Database Heidelberg (https://edh.ub.uni-heidelberg.de), inscription HD001074, retrieved 2026-10-04; inscription type: nota (EDH genre 'nota'); province: Pannonia inferior (EDH code PaI); EDH dating: not before 301 CE, not after 370 CE (69-year window); astronomical start_year 301. Data licence CC BY-SA 4.0."
edh:hd001077,work,Owner/artist inscription from Gorsium - Tác,,Latin owner/artist inscription; EDH HD001077 from Gorsium - Tác; monument type: instrdom; material: Ton; transcription: Ael(ius) Iu(lianus?) mortarius(!),available,1,,medium,"Source: Epigraphic Database Heidelberg (https://edh.ub.uni-heidelberg.de), inscription HD001077, retrieved 2026-10-04; inscription type: titulus possessorius/fabrilis (EDH genre 'titpossfabr'); province: Pannonia inferior (EDH code PaI); EDH dating: not before 1 CE, not after 370 CE (369-year window); astronomical start_year 1. Data licence CC BY-SA 4.0. Caveats: wide EDH dating window (369 years)."
edh:hd001080,work,Votive inscription from Gorsium - Tác,,Latin votive inscription; EDH HD001080 from Gorsium - Tác; monument type: Statue; material: Marmor; transcription: Herculi Aug(usto) s(acrum) / Septimii l(ibentes)(?) [m(erito)?],available,151,,medium,"Source: Epigraphic Database Heidelberg (https://edh.ub.uni-heidelberg.de), inscription HD001080, retrieved 2026-10-04; inscription type: titulus votivus (EDH genre 'titsac'); province: Pannonia inferior (EDH code PaI); EDH dating: not before 151 CE, not after 250 CE (99-year window); astronomical start_year 151. Data licence CC BY-SA 4.0."
edh:hd001083,work,Owner/artist inscription from Gorsium - Tác,,Latin owner/artist inscription; EDH HD001083 from Gorsium - Tác; monument type: Ziegel; material: Ton; transcription: L(egionis) X g(eminae) p(iae) f(idelis),available,103,,high,"Source: Epigraphic Database Heidelberg (https://edh.ub.uni-heidelberg.de), inscription HD001083, retrieved 2026-10-04; inscription type: titulus possessorius/fabrilis (EDH genre 'titpossfabr'); province: Pannonia inferior (EDH code PaI); EDH dating: not before 103 CE, not after 117 CE (14-year window); astronomical start_year 103. Data licence CC BY-SA 4.0."
edh:hd001086,work,Epitaph from Bátaszék,,Latin epitaph; EDH HD001086 from Bátaszék; monument type: Stele; material: Kalkstein; transcription: Ulpiae Quaet(a)e / an(norum) LX Ulp(io) Quaeti/no an(norum) XV Ulpiae / Crispin(a)e an(norum) XX[---] / Ulpia Quaeti[na?...,available,171,,medium,"Source: Epigraphic Database Heidelberg (https://edh.ub.uni-heidelberg.de), inscription HD001086, retrieved 2026-10-04; inscription type: titulus sepulcralis (EDH genre 'titsep'); province: Pannonia inferior (EDH code PaI); EDH dating: not before 171 CE, not after 300 CE (129-year window); astronomical start_year 171. Data licence CC BY-SA 4.0. Caveats: wide EDH dating window (129 years)."
edh:hd001103,work,"Epitaph from Salonae, bei - Solin",,"Latin epitaph; EDH HD001103 from Salonae, bei - Solin; monument type: Stele?; transcription: $] / [---]I(?)I(?)AE[--] / [mi]l(iti) leg(ionis) I Italic(a)e / Severianae st[i]/pend(iorum) XX(?)III vixi[t] / an[nos -...",available,222,,high,"Source: Epigraphic Database Heidelberg (https://edh.ub.uni-heidelberg.de), inscription HD001103, retrieved 2026-10-04; inscription type: titulus sepulcralis (EDH genre 'titsep'); province: Dalmatia (EDH code Dal); EDH dating: not before 222 CE, not after 235 CE (13-year window); astronomical start_year 222. Data licence CC BY-SA 4.0."
edh:hd001120,work,Epitaph from Gonfaron,,Latin epitaph; EDH HD001120 from Gonfaron; monument type: Stele; material: Sandstein; transcription: S(extae)(?) Satiae Sext(i) / f(iliae) Maxsu/mae(!) coniu/gi Q(uintus) Mas/onius Kari l(ibertus) / Alco,available,1,,medium,"Source: Epigraphic Database Heidelberg (https://edh.ub.uni-heidelberg.de), inscription HD001120, retrieved 2026-10-04; inscription type: titulus sepulcralis (EDH genre 'titsep'); province: Narbonensis (EDH code Nar); EDH dating: not before 1 CE, not after 200 CE (199-year window); astronomical start_year 1. Data licence CC BY-SA 4.0. Caveats: wide EDH dating window (199 years)."
edh:hd001123,work,Honorific inscription from Nemausus - Nîmes,,Latin honorific inscription; EDH HD001123 from Nemausus - Nîmes; monument type: Cippus; transcription: [D(ecimo) Terentio D(ecimi) f(ilio) Volt(inia) Scauriano co(n)s(uli) --- comiti et leg(ato) pro pr(aetore) Imp(eratoris)...,available,101,,high,"Source: Epigraphic Database Heidelberg (https://edh.ub.uni-heidelberg.de), inscription HD001123, retrieved 2026-10-04; inscription type: titulus honorarius (EDH genre 'tithon'); province: Narbonensis (EDH code Nar); EDH dating: not before 101 CE, not after 102 CE (1-year window); astronomical start_year 101. Data licence CC BY-SA 4.0."
edh:hd001126,work,Honorific inscription from Nemausus - Nîmes,,Latin honorific inscription; EDH HD001126 from Nemausus - Nîmes; monument type: Statuenbasis; transcription: T(ito) Iulio Sex(ti) f(ilio) Volt(inia) Maximo Ma[nliano] / Broccho Servilian(o) A(ulo) Quadron[io Vero] / L(ucio) Servi...,available,106,,high,"Source: Epigraphic Database Heidelberg (https://edh.ub.uni-heidelberg.de), inscription HD001126, retrieved 2026-10-04; inscription type: titulus honorarius (EDH genre 'tithon'); province: Narbonensis (EDH code Nar); EDH dating: not before 106 CE, not after 108 CE (2-year window); astronomical start_year 106. Data licence CC BY-SA 4.0."
edh:hd001129,work,Honorific inscription from Nemausus - Nîmes,,Latin honorific inscription; EDH HD001129 from Nemausus - Nîmes; monument type: Statuenbasis; material: Kalkstein; transcription: Attiae L(uci) fil(iae) Pa/terclae flami/nicae perpet(uae) gra/tuitae decret(o) or/dinis [I(uliensium)] A[p]t(ensium) ob ...,available,161,,medium,"Source: Epigraphic Database Heidelberg (https://edh.ub.uni-heidelberg.de), inscription HD001129, retrieved 2026-10-04; inscription type: titulus honorarius (EDH genre 'tithon'); province: Narbonensis (EDH code Nar); EDH dating: not before 161 CE, not after 200 CE (39-year window); astronomical start_year 161. Data licence CC BY-SA 4.0."
edh:hd001132,work,Honorific inscription from Nemausus - Nîmes,,Latin honorific inscription; EDH HD001132 from Nemausus - Nîmes; monument type: Statuenbasis; material: Kalkstein; transcription: Ordo sanctissim(us) / Q(uinto) Avilio Q(uinti) f(ilio) Sennio / Palatina Comini/ano in honorem pa/tris eius Q(uinti) Avi...,available,151,,medium,"Source: Epigraphic Database Heidelberg (https://edh.ub.uni-heidelberg.de), inscription HD001132, retrieved 2026-10-04; inscription type: titulus honorarius (EDH genre 'tithon'); province: Narbonensis (EDH code Nar); EDH dating: not before 151 CE, not after 200 CE (49-year window); astronomical start_year 151. Data licence CC BY-SA 4.0."
edh:hd001135,work,Honorific inscription from Nemausus - Nîmes,,Latin honorific inscription; EDH HD001135 from Nemausus - Nîmes; monument type: Statuenbasis; material: Kalkstein; transcription: Indelviae T(iti) fil(iae) / Valerillae / flaminicae / perpetuae / quae pro eo honore / statuam argenteam cum / basi ex H...,available,151,,medium,"Source: Epigraphic Database Heidelberg (https://edh.ub.uni-heidelberg.de), inscription HD001135, retrieved 2026-10-04; inscription type: titulus honorarius (EDH genre 'tithon'); province: Narbonensis (EDH code Nar); EDH dating: not before 151 CE, not after 200 CE (49-year window); astronomical start_year 151. Data licence CC BY-SA 4.0."
edh:hd001138,work,Epitaph from Nemausus - Nîmes,,Latin epitaph; EDH HD001138 from Nemausus - Nîmes; monument type: Altar; material: Kalkstein; transcription: Diis Manibus / L(uci) Allidii Postumiani / Satrieni Fabati / L(ucius) Allidius Satrien(us) / Nymphodotus / libertus,available,71,,medium,"Source: Epigraphic Database Heidelberg (https://edh.ub.uni-heidelberg.de), inscription HD001138, retrieved 2026-10-04; inscription type: titulus sepulcralis (EDH genre 'titsep'); province: Narbonensis (EDH code Nar); EDH dating: not before 71 CE, not after 130 CE (59-year window); astronomical start_year 71. Data licence CC BY-SA 4.0."
edh:hd001141,work,Epitaph from Nemausus - Nîmes,,Latin epitaph; EDH HD001141 from Nemausus - Nîmes; monument type: Block; material: Kalkstein; transcription: D(is) M(anibus) / IIIIIIvir(i) Aug(ustalis) / L(uci) Aemilii Asyncriti / L(ucius) Aemil(ius) Honoratus / et L(ucius) Aem...,available,151,,medium,"Source: Epigraphic Database Heidelberg (https://edh.ub.uni-heidelberg.de), inscription HD001141, retrieved 2026-10-04; inscription type: titulus sepulcralis (EDH genre 'titsep'); province: Narbonensis (EDH code Nar); EDH dating: not before 151 CE, not after 200 CE (49-year window); astronomical start_year 151. Data licence CC BY-SA 4.0."
edh:hd001144,work,Epitaph from Nemausus - Nîmes,,Latin epitaph; EDH HD001144 from Nemausus - Nîmes; monument type: Statuenbasis; material: Kalkstein; transcription: D(is) M(anibus) / Corneliae Philaenidis / et Aemiliae Cornelian(ae) / IIIIII(vir) Aug(ustalis) / L(ucius) Aemilius Async...,available,131,,medium,"Source: Epigraphic Database Heidelberg (https://edh.ub.uni-heidelberg.de), inscription HD001144, retrieved 2026-10-04; inscription type: titulus sepulcralis (EDH genre 'titsep'); province: Narbonensis (EDH code Nar); EDH dating: not before 131 CE, not after 200 CE (69-year window); astronomical start_year 131. Data licence CC BY-SA 4.0."
edh:hd001147,work,Epitaph from Nemausus - Nîmes,,Latin epitaph; EDH HD001147 from Nemausus - Nîmes; monument type: Statuenbasis; material: Kalkstein; transcription: D(is) M(anibus) / Antoni Secund[i] / Vassedonis q(uaestoris) col(oniae) / Aemilia Nigellionis f(ilia) / Nigrina uxor sib...,available,71,,medium,"Source: Epigraphic Database Heidelberg (https://edh.ub.uni-heidelberg.de), inscription HD001147, retrieved 2026-10-04; inscription type: titulus sepulcralis (EDH genre 'titsep'); province: Narbonensis (EDH code Nar); EDH dating: not before 71 CE, not after 130 CE (59-year window); astronomical start_year 71. Data licence CC BY-SA 4.0."
edh:hd001150,work,Epitaph from Nemausus - Nîmes,,Latin epitaph; EDH HD001150 from Nemausus - Nîmes; monument type: Block; material: Kalkstein; transcription: [D(is)] M(anibus) / [---] v(ixit?) a(nnos?) [---] / [---] Victr[ix? ---] / [---]o Sero[tino? ---] / [--- op]timo [---],available,71,,medium,"Source: Epigraphic Database Heidelberg (https://edh.ub.uni-heidelberg.de), inscription HD001150, retrieved 2026-10-04; inscription type: titulus sepulcralis (EDH genre 'titsep'); province: Narbonensis (EDH code Nar); EDH dating: not before 71 CE, not after 200 CE (129-year window); astronomical start_year 71. Data licence CC BY-SA 4.0. Caveats: wide EDH dating window (129 years)."
edh:hd001153,work,Epitaph from Nemausus - Nîmes,,Latin epitaph; EDH HD001153 from Nemausus - Nîmes; monument type: Architekturteil; material: Kalkstein; transcription: [---]fia marit(o) et s[ibi],available,1,,medium,"Source: Epigraphic Database Heidelberg (https://edh.ub.uni-heidelberg.de), inscription HD001153, retrieved 2026-10-04; inscription type: titulus sepulcralis (EDH genre 'titsep'); province: Narbonensis (EDH code Nar); EDH dating: not before 1 CE, not after 200 CE (199-year window); astronomical start_year 1. Data licence CC BY-SA 4.0. Caveats: wide EDH dating window (199 years)."
edh:hd001156,work,Epitaph from Nemausus - Nîmes,,Latin epitaph; EDH HD001156 from Nemausus - Nîmes; monument type: Stele; material: Kalkstein; transcription: D(is) M(anibus) // M(arci) Aetroni / Onesimi,available,71,,medium,"Source: Epigraphic Database Heidelberg (https://edh.ub.uni-heidelberg.de), inscription HD001156, retrieved 2026-10-04; inscription type: titulus sepulcralis (EDH genre 'titsep'); province: Narbonensis (EDH code Nar); EDH dating: not before 71 CE, not after 200 CE (129-year window); astronomical start_year 71. Data licence CC BY-SA 4.0. Caveats: wide EDH dating window (129 years)."
edh:hd001159,work,Epitaph from Nemausus - Nîmes,,Latin epitaph; EDH HD001159 from Nemausus - Nîmes; monument type: Block; material: Kalkstein; transcription: Dis M[anib(us)] / Alli[diae] / Persi[---] / et Allid[iae ---] / Allidia P[---],available,71,,medium,"Source: Epigraphic Database Heidelberg (https://edh.ub.uni-heidelberg.de), inscription HD001159, retrieved 2026-10-04; inscription type: titulus sepulcralis (EDH genre 'titsep'); province: Narbonensis (EDH code Nar); EDH dating: not before 71 CE, not after 130 CE (59-year window); astronomical start_year 71. Data licence CC BY-SA 4.0."
edh:hd001162,work,Epitaph from Nemausus - Nîmes,,Latin epitaph; EDH HD001162 from Nemausus - Nîmes; monument type: Block; material: Kalkstein; transcription: $ omnibu]s ho/[nori]bus in ci/[vitat]e sua fun/[cto] Titus Iu[li]us / [Tel]esphorus / [p]atrono,available,151,,medium,"Source: Epigraphic Database Heidelberg (https://edh.ub.uni-heidelberg.de), inscription HD001162, retrieved 2026-10-04; inscription type: titulus sepulcralis (EDH genre 'titsep'); province: Narbonensis (EDH code Nar); EDH dating: not before 151 CE, not after 230 CE (79-year window); astronomical start_year 151. Data licence CC BY-SA 4.0."
edh:hd001167,work,"Votive inscription from Tomi, bei - Lipniţa",,"Latin votive inscription; EDH HD001167 from Tomi, bei - Lipniţa; monument type: Altar; transcription: Cauti / M(arcus) Domi(t)i(us) / Vale(n)s // p(osuit)",available,171,,medium,"Source: Epigraphic Database Heidelberg (https://edh.ub.uni-heidelberg.de), inscription HD001167, retrieved 2026-10-04; inscription type: titulus votivus (EDH genre 'titsac'); province: Moesia inferior (EDH code MoI); EDH dating: not before 171 CE, not after 230 CE (59-year window); astronomical start_year 171. Data licence CC BY-SA 4.0."
edh:hd001170,work,Epitaph from Tomi - Constanţa,,Latin epitaph; EDH HD001170 from Tomi - Constanţa; monument type: Tafel; transcription: $] / [--- ex] eq(uite) / [mil(es)? l]eg(ionis) V / [Mac(edonicae) vix]it an(nos) / [--- et] Mama / [con(iux)? ei]us vix(...,available,151,,medium,"Source: Epigraphic Database Heidelberg (https://edh.ub.uni-heidelberg.de), inscription HD001170, retrieved 2026-10-04; inscription type: titulus sepulcralis (EDH genre 'titsep'); province: Moesia inferior (EDH code MoI); EDH dating: not before 151 CE, not after 300 CE (149-year window); astronomical start_year 151. Data licence CC BY-SA 4.0. Caveats: wide EDH dating window (149 years)."
edh:hd001173,work,Honorific inscription from Tomi - Constanţa,,Latin honorific inscription; EDH HD001173 from Tomi - Constanţa; monument type: Tafel; transcription: [Imp(eratori) Caes(ari) di]vi Traia[ni Parthici f(ilio) divi] / [Nervae nep]oti Tra[iano Hadriano Aug(usto) &,available,117,,medium,"Source: Epigraphic Database Heidelberg (https://edh.ub.uni-heidelberg.de), inscription HD001173, retrieved 2026-10-04; inscription type: titulus honorarius (EDH genre 'tithon'); province: Moesia inferior (EDH code MoI); EDH dating: not before 117 CE, not after 138 CE (21-year window); astronomical start_year 117. Data licence CC BY-SA 4.0."
edh:hd001176,work,Epitaph from Tomi - Constanţa,,Latin epitaph; EDH HD001176 from Tomi - Constanţa; monument type: Tafel; transcription: [D(is)] M(anibus) / [---] Vitales(!) / [mil(es)? leg(ionis) V] Mac(edonicae) / C(aius) Iulius Festus / frater et h(eres)...,available,131,,medium,"Source: Epigraphic Database Heidelberg (https://edh.ub.uni-heidelberg.de), inscription HD001176, retrieved 2026-10-04; inscription type: titulus sepulcralis (EDH genre 'titsep'); province: Moesia inferior (EDH code MoI); EDH dating: not before 131 CE, not after 200 CE (69-year window); astronomical start_year 131. Data licence CC BY-SA 4.0."
edh:hd001177,work,Votive inscription from Saint-Béat,,"Latin votive inscription; EDH HD001177 from Saint-Béat; monument type: Altar; material: Marmor, weiß; transcription: D(eo) Erriape(!) Tauria/nus et Andustinus / et Taurianus lapid/em post an(nos) III d(e)po//sueru/nt / v(otum) s(olverunt...",available,71,,medium,"Source: Epigraphic Database Heidelberg (https://edh.ub.uni-heidelberg.de), inscription HD001177, retrieved 2026-10-04; inscription type: titulus votivus (EDH genre 'titsac'); province: Aquitania (EDH code Aqu); EDH dating: not before 71 CE, not after 200 CE (129-year window); astronomical start_year 71. Data licence CC BY-SA 4.0. Caveats: wide EDH dating window (129 years)."
edh:hd001179,work,Votive inscription from Ephesus,,"Latin votive inscription; EDH HD001179 from Ephesus; monument type: Altar?; material: Marmor, geädert / farbig; transcription: [B(onae)? F(ortunae)?] / domini n(ostri) Imp(eratoris) M(arci) Aur(eli) [[Antonini]] Pii / Felicis Aug(usti) // Cl(audio...",available,218,,medium,"Source: Epigraphic Database Heidelberg (https://edh.ub.uni-heidelberg.de), inscription HD001179, retrieved 2026-10-04; inscription type: titulus votivus (EDH genre 'titsac'); province: Asia (EDH code Asi); EDH dating: not before 218 CE, not after 300 CE (82-year window); astronomical start_year 218. Data licence CC BY-SA 4.0."
edh:hd001180,work,Votive inscription from Saint-Béat,,"Latin votive inscription; EDH HD001180 from Saint-Béat; monument type: Altar; material: Marmor, weiß; transcription: Deo Eriap/po Castinus / agens pro / salute sua / et suorum / v(otum) s(olvit) l(ibens) m(erito)",available,71,,medium,"Source: Epigraphic Database Heidelberg (https://edh.ub.uni-heidelberg.de), inscription HD001180, retrieved 2026-10-04; inscription type: titulus votivus (EDH genre 'titsac'); province: Aquitania (EDH code Aqu); EDH dating: not before 71 CE, not after 200 CE (129-year window); astronomical start_year 71. Data licence CC BY-SA 4.0. Caveats: wide EDH dating window (129 years)."
edh:hd001182,work,Epitaph from Ibida - Slava Cercheză,,Latin epitaph; EDH HD001182 from Ibida - Slava Cercheză; monument type: Ziegel; material: Ton; transcription: Pridi(e) Kal(endas) Mart(ias) / <Mar>tinianus(?) / h(ic) situs,available,201,,medium,"Source: Epigraphic Database Heidelberg (https://edh.ub.uni-heidelberg.de), inscription HD001182, retrieved 2026-10-04; inscription type: titulus sepulcralis (EDH genre 'titsep'); province: Moesia inferior (EDH code MoI); EDH dating: not before 201 CE, not after 300 CE (99-year window); astronomical start_year 201. Data licence CC BY-SA 4.0."
edh:hd001183,work,Epitaph from Lugdunum - Lyon,,Latin epitaph; EDH HD001183 from Lugdunum - Lyon; monument type: Sarkophag; material: Kalkstein; transcription: D(is) M(anibus) / et m[emoriae a]eter/na[e ---] At/tal[i IIIIIIvir(i) Aug(ustalis)] Lug(uduni) / neg[otiator(is) s]epla/...,available,151,,medium,"Source: Epigraphic Database Heidelberg (https://edh.ub.uni-heidelberg.de), inscription HD001183, retrieved 2026-10-04; inscription type: titulus sepulcralis (EDH genre 'titsep'); province: Lugdunensis (EDH code Lug); EDH dating: not before 151 CE, not after 200 CE (49-year window); astronomical start_year 151. Data licence CC BY-SA 4.0."
edh:hd001188,work,Votive inscription from Sacidava - Aliman,,Latin votive inscription; EDH HD001188 from Sacidava - Aliman; monument type: Altar; transcription: $] / [- Capitoni]/[us] Prisc(us) p[r]/aef(ectus) coh(ortis) I Aq/ui(tanorum) et trib(unus) coh(ortis) / I Cil(icum),available,158,,high,"Source: Epigraphic Database Heidelberg (https://edh.ub.uni-heidelberg.de), inscription HD001188, retrieved 2026-10-04; inscription type: titulus votivus (EDH genre 'titsac'); province: Moesia inferior (EDH code MoI); EDH dating: not before 158 CE, not after 161 CE (3-year window); astronomical start_year 158. Data licence CC BY-SA 4.0."
edh:hd001189,work,Epitaph from Lugdunum - Lyon,,Latin epitaph; EDH HD001189 from Lugdunum - Lyon; monument type: Stele; material: Sandstein; transcription: C(aio) Iulio Ilae f(ilio) Sperato / seviro c(oloniae) C(opiae) Lug(duni) sibi / et Co[bro?]villae fil(iae) / [---]V[---]...,available,1,,medium,"Source: Epigraphic Database Heidelberg (https://edh.ub.uni-heidelberg.de), inscription HD001189, retrieved 2026-10-04; inscription type: titulus sepulcralis (EDH genre 'titsep'); province: Lugdunensis (EDH code Lug); EDH dating: not before 1 CE, not after 130 CE (129-year window); astronomical start_year 1. Data licence CC BY-SA 4.0. Caveats: wide EDH dating window (129 years)."
edh:hd001191,work,"Honorific inscription from Apameia Bithyniae, bei - Mudanya, bei",,"Latin honorific inscription; EDH HD001191 from Apameia Bithyniae, bei - Mudanya, bei; monument type: Tafel; transcription: [--- Ca]tilio P(ubli) f(ilio) Clu(stumina) Lon[g]o / [t]rib(uno) mil(itum) leg(ionis) IIII Scythic(ae) / beneficio divi ...",available,71,,medium,"Source: Epigraphic Database Heidelberg (https://edh.ub.uni-heidelberg.de), inscription HD001191, retrieved 2026-10-04; inscription type: titulus honorarius (EDH genre 'tithon'); province: Asia (EDH code Asi); EDH dating: not before 71 CE, not after 100 CE (29-year window); astronomical start_year 71. Data licence CC BY-SA 4.0."
edh:hd001198,work,Building/dedicatory inscription from Seiopa (Civitas Alisinensium) - Miltenberg,,Latin building/dedicatory inscription; EDH HD001198 from Seiopa (Civitas Alisinensium) - Miltenberg; monument type: Tafel; material: Sandstein; transcription: [Imperatores C]aesares / [L(ucius) Septimius Se]verus Au[g(ustus)] / [et M(arcus) Aurelius An]ton[inus] / [Pius Aug(ustu...,available,198,,high,"Source: Epigraphic Database Heidelberg (https://edh.ub.uni-heidelberg.de), inscription HD001198, retrieved 2026-10-04; inscription type: titulus dedicatorius (EDH genre 'titoppubpriv'); province: Germania superior (EDH code GeS); EDH dating: not before 198 CE, not after 209 CE (11-year window); astronomical start_year 198. Data licence CC BY-SA 4.0."
edh:hd001200,work,Epitaph from Thessalonica - Thessaloníki,,Latin epitaph; EDH HD001200 from Thessalonica - Thessaloníki; monument type: Stele; transcription: Catto Bellovaci f(ilio) / domo Segusiavo equiti / alae Maced(o)nicae / ex testamento T(itus) Cornelius / T(iti) f(ilius)...,available,-26,,medium,"Source: Epigraphic Database Heidelberg (https://edh.ub.uni-heidelberg.de), inscription HD001200, retrieved 2026-10-04; inscription type: titulus sepulcralis (EDH genre 'titsep'); province: Macedonia (EDH code Mak); EDH dating: not before 27 BCE, not after 15 CE (42-year window); astronomical start_year -26. Data licence CC BY-SA 4.0."
edh:hd001201,work,Epitaph from Mogontiacum - Mainz,,Latin epitaph; EDH HD001201 from Mogontiacum - Mainz; monument type: Stele; material: Kalkstein; transcription: L(ucius) Sergius / L(uci) f(ilius) Sabati(na) / Valenti(nus) / leg(ionis) XXII / ann(orum) XXVII / stip(endiorum) VII,available,31,,high,"Source: Epigraphic Database Heidelberg (https://edh.ub.uni-heidelberg.de), inscription HD001201, retrieved 2026-10-04; inscription type: titulus sepulcralis (EDH genre 'titsep'); province: Germania superior (EDH code GeS); EDH dating: not before 31 CE, not after 50 CE (19-year window); astronomical start_year 31. Data licence CC BY-SA 4.0."
edh:hd001203,work,"Honorific inscription from Antiochia Pisidiae, bei - Hissar-ardi",,"Latin honorific inscription; EDH HD001203 from Antiochia Pisidiae, bei - Hissar-ardi; transcription: $] / [trib(uno) mil(itum) leg(ionis) ---] / [praefec]t(o) alae Anti/[anae pr]aef(ecto) veteran/[orum leg(ionis)] XII pra...",available,14,,medium,"Source: Epigraphic Database Heidelberg (https://edh.ub.uni-heidelberg.de), inscription HD001203, retrieved 2026-10-04; inscription type: titulus honorarius (EDH genre 'tithon'); province: Galatia (EDH code Gal); EDH dating: not before 14 CE, not after 37 CE (23-year window); astronomical start_year 14. Data licence CC BY-SA 4.0."
edh:hd001204,work,Building/dedicatory inscription from Bou-Tlébis,,Latin building/dedicatory inscription; EDH HD001204 from Bou-Tlébis; transcription: Imp(eratore) Caes(are) M(arco) / Aurelio [[[Commodo]]] / Pio Fel[ic]e Aug(usto) / t(ribunicia) p(otestate) p(atre) [p(at...,available,184,,high,"Source: Epigraphic Database Heidelberg (https://edh.ub.uni-heidelberg.de), inscription HD001204, retrieved 2026-10-04; inscription type: titulus dedicatorius (EDH genre 'titoppubpriv'); province: Mauretania Caesariensis (EDH code MaC); EDH dating: not before 184 CE, not after 192 CE (8-year window); astronomical start_year 184. Data licence CC BY-SA 4.0."
edh:hd001206,work,"Military diploma from Viminacium - Kostolac, bei",,"Latin military diploma; EDH HD001206 from Viminacium - Kostolac, bei; monument type: Tafel; material: Bronze; transcription: [Imp(erator) Caesar M(arcus) Aure]lius Anton[inus] / [Augustus pontif(ex) max]imus tribu[niciae] / [potestatis XVI? co(n...",available,161,,high,"Source: Epigraphic Database Heidelberg (https://edh.ub.uni-heidelberg.de), inscription HD001206, retrieved 2026-10-04; inscription type: diploma militare (EDH genre 'diplmil'); province: Moesia superior (EDH code MoS); EDH dating: not before 161 CE, not after 163 CE (2-year window); astronomical start_year 161. Data licence CC BY-SA 4.0."
edh:hd001209,work,Building/dedicatory inscription from Cosa - Ansedonia,,Latin building/dedicatory inscription; EDH HD001209 from Cosa - Ansedonia; monument type: Tafel; material: Marmor; transcription: Imp(erator) Caes(ar) C(aius) Iulius Ve/rus Maximinus In/victus Aug(ustus) et C(aius) Iulius / Verus Maximus nobil(issimu...,available,236,,high,"Source: Epigraphic Database Heidelberg (https://edh.ub.uni-heidelberg.de), inscription HD001209, retrieved 2026-10-04; inscription type: titulus dedicatorius (EDH genre 'titoppubpriv'); province: Etruria (Regio VII) (EDH code Etr); EDH dating: not before 236 CE, not after 238 CE (2-year window); astronomical start_year 236. Data licence CC BY-SA 4.0."
edh:hd001221,work,Votive inscription from Aquincum - Budapest,,Latin votive inscription; EDH HD001221 from Aquincum - Budapest; monument type: Altar; material: Gesteine; transcription: Sphinc[ibus](!) / [---]INAEI[---] / [---]RDI(?)A(?)[---] / [------],available,101,,medium,"Source: Epigraphic Database Heidelberg (https://edh.ub.uni-heidelberg.de), inscription HD001221, retrieved 2026-10-04; inscription type: titulus votivus (EDH genre 'titsac'); province: Pannonia inferior (EDH code PaI); EDH dating: not before 101 CE, not after 200 CE (99-year window); astronomical start_year 101. Data licence CC BY-SA 4.0."
edh:hd001224,work,"Epitaph from Felonica, bei",,"Latin epitaph; EDH HD001224 from Felonica, bei; monument type: Stele; material: Marmor; transcription: [D(is)] M(anibus) // [- M?]umm(ius) / [Vale?]rianus / [---]Q(?)V/[---] / [------] / coniugi / pos(uit) memor(iam) / in r...",available,151,,medium,"Source: Epigraphic Database Heidelberg (https://edh.ub.uni-heidelberg.de), inscription HD001224, retrieved 2026-10-04; inscription type: titulus sepulcralis (EDH genre 'titsep'); province: Aemilia (Regio VIII) (EDH code Aem); EDH dating: not before 151 CE, not after 250 CE (99-year window); astronomical start_year 151. Data licence CC BY-SA 4.0."
edh:hd001225,work,Epitaph from Dumnissus - Kirchberg/Hunsrück,,Latin epitaph; EDH HD001225 from Dumnissus - Kirchberg/Hunsrück; monument type: Urne; material: Sandstein; transcription: Maximius / Acceptus / sibi viv(u)s et / Connou/g(a)e uxori / d(e)f(unctae) f(aciendum) c(uravit),available,172,,medium,"Source: Epigraphic Database Heidelberg (https://edh.ub.uni-heidelberg.de), inscription HD001225, retrieved 2026-10-04; inscription type: titulus sepulcralis (EDH genre 'titsep'); province: Germania superior (EDH code GeS); EDH dating: not before 172 CE, not after 250 CE (78-year window); astronomical start_year 172. Data licence CC BY-SA 4.0."
edh:hd001227,work,Epitaph from Dertona - Viguzzolo,,"Latin epitaph; EDH HD001227 from Dertona - Viguzzolo; monument type: Block; material: Marmor, weiß; transcription: $] / condedit(!) [---]/tia Severiana hoc fun/eri(!) dolens quod mihi / debuerant fecisse(!) ego / mater scelesta feci / ...",available,201,,medium,"Source: Epigraphic Database Heidelberg (https://edh.ub.uni-heidelberg.de), inscription HD001227, retrieved 2026-10-04; inscription type: titulus sepulcralis (EDH genre 'titsep'); province: Liguria (Regio IX) (EDH code Lig); EDH dating: not before 201 CE, not after 300 CE (99-year window); astronomical start_year 201. Data licence CC BY-SA 4.0."
edh:hd001228,work,Epitaph from Dumnissus - Kirchberg/Hunsrück,,Latin epitaph; EDH HD001228 from Dumnissus - Kirchberg/Hunsrück; monument type: Urne; material: Sandstein; transcription: [---]ius / [---]us excus/sor(!) viv(u)s sibi / et Masioni fr/atri def(uncto) f(aciendum) c(uravit),available,171,,medium,"Source: Epigraphic Database Heidelberg (https://edh.ub.uni-heidelberg.de), inscription HD001228, retrieved 2026-10-04; inscription type: titulus sepulcralis (EDH genre 'titsep'); province: Germania superior (EDH code GeS); EDH dating: not before 171 CE, not after 250 CE (79-year window); astronomical start_year 171. Data licence CC BY-SA 4.0."
edh:hd001229,work,Identification inscription from Cannabiaca - Zeiselmauer-Wolfpassing,,Latin identification inscription; EDH HD001229 from Cannabiaca - Zeiselmauer-Wolfpassing; monument type: Tessera; material: Messing; transcription: |(centuria) Dom(iti?) / Fl(avi) Eme/riti,available,201,,medium,"Source: Epigraphic Database Heidelberg (https://edh.ub.uni-heidelberg.de), inscription HD001229, retrieved 2026-10-04; inscription type: nota (EDH genre 'nota'); province: Noricum (EDH code Nor); EDH dating: not before 201 CE, not after 400 CE (199-year window); astronomical start_year 201. Data licence CC BY-SA 4.0. Caveats: wide EDH dating window (199 years)."
edh:hd001230,work,Epitaph from Aquileia - Aquileia,,Latin epitaph; EDH HD001230 from Aquileia - Aquileia; monument type: Stele; material: Kalkstein; transcription: L(ocus) m(onumenti) / Maticiae / Lampedonis / et Velei Paridis / lib(ertis) liber(tabus)q(ue) suis / in fr(onte) p(edes)...,available,101,,medium,"Source: Epigraphic Database Heidelberg (https://edh.ub.uni-heidelberg.de), inscription HD001230, retrieved 2026-10-04; inscription type: titulus sepulcralis (EDH genre 'titsep'); province: Venetia et Histria (Regio X) (EDH code VeH); EDH dating: not before 101 CE, not after 300 CE (199-year window); astronomical start_year 101. Data licence CC BY-SA 4.0. Caveats: wide EDH dating window (199 years)."
edh:hd001233,work,Epitaph from Volaterrae - Volterra,,Latin epitaph; EDH HD001233 from Volaterrae - Volterra; monument type: Tafel; material: Kalkstein; transcription: A(ulus) Tutilius C(ai) f(ilius) [---] / Statiena Q(uinti) f(ilia) Prisc[a] / huic bene compositae lucem fo[---] / apstul...,available,101,,medium,"Source: Epigraphic Database Heidelberg (https://edh.ub.uni-heidelberg.de), inscription HD001233, retrieved 2026-10-04; inscription type: titulus sepulcralis (EDH genre 'titsep'); province: Etruria (Regio VII) (EDH code Etr); EDH dating: not before 101 CE, not after 200 CE (99-year window); astronomical start_year 101. Data licence CC BY-SA 4.0."
edh:hd001235,work,Epitaph from Paestum - Capaccio,,Latin epitaph; EDH HD001235 from Paestum - Capaccio; monument type: Tafel; transcription: Hic posita est / Petronia qu(a)e / recessit V Id(us) / Aug(ustas) et Adeo/data reces/sit Non(is) Mart(iis),available,401,,medium,"Source: Epigraphic Database Heidelberg (https://edh.ub.uni-heidelberg.de), inscription HD001235, retrieved 2026-10-04; inscription type: titulus sepulcralis (EDH genre 'titsep'); province: Bruttium et Lucania (Regio III) (EDH code BrL); EDH dating: not before 401 CE, not after 600 CE (199-year window); astronomical start_year 401. Data licence CC BY-SA 4.0. Caveats: wide EDH dating window (199 years)."
edh:hd001236,work,Epitaph from Mediolanum - Milano,,Latin epitaph; EDH HD001236 from Mediolanum - Milano; transcription: [B(onae?) m(emoriae?) P?]ontiae Virg[iniae] / quae vixit in s(a)ec[ulo ann(os)] / XXIIII m(enses) duo [d(ies) ---] / et ...,available,301,,medium,"Source: Epigraphic Database Heidelberg (https://edh.ub.uni-heidelberg.de), inscription HD001236, retrieved 2026-10-04; inscription type: titulus sepulcralis (EDH genre 'titsep'); province: Transpadana (Regio XI) (EDH code Tra); EDH dating: not before 301 CE, not after 400 CE (99-year window); astronomical start_year 301. Data licence CC BY-SA 4.0."
edh:hd001238,work,Epitaph from S. Marco di Agropoli,,Latin epitaph; EDH HD001238 from S. Marco di Agropoli; monument type: Tafel; material: Marmor; transcription: [Hic r]equiescit / [---]rus qui vixit / [an(nos) pl(us)] m(inus) XVIII dep(ositus) est / [die No]narum Nov(embrium) ind(...,available,401,,medium,"Source: Epigraphic Database Heidelberg (https://edh.ub.uni-heidelberg.de), inscription HD001238, retrieved 2026-10-04; inscription type: titulus sepulcralis (EDH genre 'titsep'); province: Bruttium et Lucania (Regio III) (EDH code BrL); EDH dating: not before 401 CE, not after 500 CE (99-year window); astronomical start_year 401. Data licence CC BY-SA 4.0."
edh:hd001239,work,Epitaph from Mediolanum - Milano,,Latin epitaph; EDH HD001239 from Mediolanum - Milano; material: Marmor; transcription: $]s[ti?]co [---] / [--- a]nnos [---] / [---] et [---] / [--- a]nnos [---] / [--- die?]s III [&,available,201,,medium,"Source: Epigraphic Database Heidelberg (https://edh.ub.uni-heidelberg.de), inscription HD001239, retrieved 2026-10-04; inscription type: titulus sepulcralis (EDH genre 'titsep?'); genre attribution uncertain in EDH; province: Transpadana (Regio XI) (EDH code Tra); EDH dating: not before 201 CE, not after 400 CE (199-year window); astronomical start_year 201. Data licence CC BY-SA 4.0. Caveats: wide EDH dating window (199 years)."
edh:hd001241,work,Epitaph from Septempeda - S. Severino Marche,,Latin epitaph; EDH HD001241 from Septempeda - S. Severino Marche; monument type: Urne; material: Kalkstein; transcription: $] / Nobilis,available,1,,medium,"Source: Epigraphic Database Heidelberg (https://edh.ub.uni-heidelberg.de), inscription HD001241, retrieved 2026-10-04; inscription type: titulus sepulcralis (EDH genre 'titsep'); province: Picenum (Regio V) (EDH code Pic); EDH dating: not before 1 CE, not after 300 CE (299-year window); astronomical start_year 1. Data licence CC BY-SA 4.0. Caveats: wide EDH dating window (299 years)."
edh:hd001244,work,Votive inscription from Urbs Salvia - Urbisaglia,,Latin votive inscription; EDH HD001244 from Urbs Salvia - Urbisaglia; monument type: Tafel; material: Kalkstein; transcription: $] / C(aius) Fu[fius Gemini l(ibertus)] / Po[liticus ---] / idem [---] / [&,available,31,,medium,"Source: Epigraphic Database Heidelberg (https://edh.ub.uni-heidelberg.de), inscription HD001244, retrieved 2026-10-04; inscription type: titulus votivus (EDH genre 'titsac?'); genre attribution uncertain in EDH; province: Picenum (Regio V) (EDH code Pic); EDH dating: not before 31 CE, not after 100 CE (69-year window); astronomical start_year 31. Data licence CC BY-SA 4.0."
edh:hd001245,work,Epitaph from Tauromenium - Taormina,,Latin epitaph; EDH HD001245 from Tauromenium - Taormina; material: Marmor; transcription: D(is) M(anibus) s(acrum) / A(ulus) Larcius [---]/[---]anus vi[xit] / annis [---],available,201,,medium,"Source: Epigraphic Database Heidelberg (https://edh.ub.uni-heidelberg.de), inscription HD001245, retrieved 2026-10-04; inscription type: titulus sepulcralis (EDH genre 'titsep'); province: Sicilia, Melita (EDH code Sic); EDH dating: not before 201 CE, not after 250 CE (49-year window); astronomical start_year 201. Data licence CC BY-SA 4.0."
edh:hd001247,work,Votive inscription from Urbs Salvia - Urbisaglia,,Latin votive inscription; EDH HD001247 from Urbs Salvia - Urbisaglia; monument type: Tafel; transcription: Nymphis Geminis / sacrum / C(aius) Fufius Gemini l(ibertus) / Politicus / idem aquam perduxit,available,31,,medium,"Source: Epigraphic Database Heidelberg (https://edh.ub.uni-heidelberg.de), inscription HD001247, retrieved 2026-10-04; inscription type: titulus votivus (EDH genre 'titsac'); province: Picenum (Regio V) (EDH code Pic); EDH dating: not before 31 CE, not after 100 CE (69-year window); astronomical start_year 31. Data licence CC BY-SA 4.0."
edh:hd001248,work,Epitaph from Thermae Himeraeae - Termini Imerese,,Latin epitaph; EDH HD001248 from Thermae Himeraeae - Termini Imerese; monument type: Tafel; material: Marmor; transcription: Dis Manibus / Eu(h)odia Saluta/ri(!) filia vixit an/nis III mensi/bus II,available,301,,medium,"Source: Epigraphic Database Heidelberg (https://edh.ub.uni-heidelberg.de), inscription HD001248, retrieved 2026-10-04; inscription type: titulus sepulcralis (EDH genre 'titsep'); province: Sicilia, Melita (EDH code Sic); EDH dating: not before 301 CE, not after 400 CE (99-year window); astronomical start_year 301. Data licence CC BY-SA 4.0."
edh:hd001250,work,Honorific inscription from Falerio - Falerone,,Latin honorific inscription; EDH HD001250 from Falerio - Falerone; monument type: Tafel; material: Marmor; transcription: [M(arco) Cla]udio M(arci) f(ilio) / [Mar]cello / [Aeser]nino / [&,available,-29,,medium,"Source: Epigraphic Database Heidelberg (https://edh.ub.uni-heidelberg.de), inscription HD001250, retrieved 2026-10-04; inscription type: titulus honorarius (EDH genre 'tithon?'); genre attribution uncertain in EDH; province: Picenum (Regio V) (EDH code Pic); EDH dating: not before 30 BCE, not after 1 BCE (29-year window); astronomical start_year -29. Data licence CC BY-SA 4.0."
edh:hd001251,work,Epitaph from Pisae - Pisa,,Latin epitaph; EDH HD001251 from Pisae - Pisa; monument type: Tafel; material: Marmor; transcription: $] / [---]m q(uin)q(uennali) c[ura]tor(i) / [--- nego]tiantium vina/[riorum ---]ium concessum / [---]ae Felicita[t]i con...,available,151,,medium,"Source: Epigraphic Database Heidelberg (https://edh.ub.uni-heidelberg.de), inscription HD001251, retrieved 2026-10-04; inscription type: titulus sepulcralis (EDH genre 'titsep'); province: Etruria (Regio VII) (EDH code Etr); EDH dating: not before 151 CE, not after 250 CE (99-year window); astronomical start_year 151. Data licence CC BY-SA 4.0."
edh:hd001254,work,Epitaph from Dertona - Tortona,,Latin epitaph; EDH HD001254 from Dertona - Tortona; monument type: Tafel; material: Sandstein; transcription: $] / [--- adiuro omnem? morta]/le(m) ut n[emo mem(oriam)] / istam levetis aut / in ista memoria ali/um mittatis si cum /...,available,571,,medium,"Source: Epigraphic Database Heidelberg (https://edh.ub.uni-heidelberg.de), inscription HD001254, retrieved 2026-10-04; inscription type: titulus sepulcralis (EDH genre 'titsep?'); genre attribution uncertain in EDH; province: Liguria (Regio IX) (EDH code Lig); EDH dating: not before 571 CE, not after 630 CE (59-year window); astronomical start_year 571. Data licence CC BY-SA 4.0."
edh:hd001256,work,Honorific inscription from Urbs Salvia - Urbisaglia,,Latin honorific inscription; EDH HD001256 from Urbs Salvia - Urbisaglia; monument type: Tafel; material: Marmor; transcription: $] / [---]ri Neron[is ---] / [--- pub]lice,available,50,,high,"Source: Epigraphic Database Heidelberg (https://edh.ub.uni-heidelberg.de), inscription HD001256, retrieved 2026-10-04; inscription type: titulus honorarius (EDH genre 'tithon'); province: Picenum (Regio V) (EDH code Pic); EDH dating: not before 50 CE, not after 54 CE (4-year window); astronomical start_year 50. Data licence CC BY-SA 4.0."
edh:hd001257,work,Epitaph from Forum Iulii Iriensium - Voghera,,Latin epitaph; EDH HD001257 from Forum Iulii Iriensium - Voghera; monument type: Tafel; transcription: $] / [---]ITR[---] / [---] dignum [est?] / [---] sororum / [--- s]uperas est / [---]are sub auras [&,available,201,,medium,"Source: Epigraphic Database Heidelberg (https://edh.ub.uni-heidelberg.de), inscription HD001257, retrieved 2026-10-04; inscription type: titulus sepulcralis (EDH genre 'titsep'); province: Liguria (Regio IX) (EDH code Lig); EDH dating: not before 201 CE, not after 300 CE (99-year window); astronomical start_year 201. Data licence CC BY-SA 4.0."
edh:hd001260,work,Epitaph from Castagnara,,Latin epitaph; EDH HD001260 from Castagnara; material: Sandstein; transcription: Metelliae / Maximae [&? [------] / [---] Postumus / [veteranu?]s l[eg(ionis)] XIII / [gemi]nae / [---] veteranor(um) / [...,available,101,,medium,"Source: Epigraphic Database Heidelberg (https://edh.ub.uni-heidelberg.de), inscription HD001260, retrieved 2026-10-04; inscription type: titulus sepulcralis (EDH genre 'titsep'); province: Aemilia (Regio VIII) (EDH code Aem); EDH dating: not before 101 CE, not after 200 CE (99-year window); astronomical start_year 101. Data licence CC BY-SA 4.0."
edh:hd001265,work,Epitaph from Ancona - Ancona,,Latin epitaph; EDH HD001265 from Ancona - Ancona; monument type: Tafel; material: Marmor; transcription: Si quis forte queras cuius sint hoc ossa sepulcro / Stephanus hic situs est claro qui sthemmate(!) ful/gens / Iusti q(ui...,available,401,,medium,"Source: Epigraphic Database Heidelberg (https://edh.ub.uni-heidelberg.de), inscription HD001265, retrieved 2026-10-04; inscription type: titulus sepulcralis (EDH genre 'titsep'); province: Picenum (Regio V) (EDH code Pic); EDH dating: not before 401 CE, not after 600 CE (199-year window); astronomical start_year 401. Data licence CC BY-SA 4.0. Caveats: wide EDH dating window (199 years)."
edh:hd001266,work,Votive inscription from Colonia Claudia Augusta? Agrippinensium - Köln,,Latin votive inscription; EDH HD001266 from Colonia Claudia Augusta? Agrippinensium - Köln; monument type: Altar; material: Kalkstein; transcription: [I](ovi) O(ptimo) M(aximo) e[t] / Matronis / pontem / C(aius) Hedius Silva/nus IIIIIIvir / Aug(ustalis) / v(otum) s(olvi...,available,201,,medium,"Source: Epigraphic Database Heidelberg (https://edh.ub.uni-heidelberg.de), inscription HD001266, retrieved 2026-10-04; inscription type: titulus votivus (EDH genre 'titsac'); province: Germania inferior (EDH code GeI); EDH dating: not before 201 CE, not after 300 CE (99-year window); astronomical start_year 201. Data licence CC BY-SA 4.0."
edh:hd001267,work,Inscription from Grave,,Latin inscription; EDH HD001267 from Grave; monument type: Tafel; material: Bronze; transcription: [Ti(berio) Cl]audio / [Drusi Ge]rmanici f(ilio) / [&,available,41,,high,"Source: Epigraphic Database Heidelberg (https://edh.ub.uni-heidelberg.de), inscription HD001267, retrieved 2026-10-04; inscription type not recorded in EDH (genre code 'empty'); province: Germania inferior (EDH code GeI); EDH dating: not before 41 CE, not after 54 CE (13-year window); astronomical start_year 41. Data licence CC BY-SA 4.0."
edh:hd001268,work,Epitaph from Ancona - Ancona,,Latin epitaph; EDH HD001268 from Ancona - Ancona; monument type: Tafel; material: Marmor; transcription: B(onae) m(emoriae) / Vulcasiae Uraniae / coniugi castissim(a)e / omnibus notissim(a)e / fama conperta ab / origine nativ...,available,301,,medium,"Source: Epigraphic Database Heidelberg (https://edh.ub.uni-heidelberg.de), inscription HD001268, retrieved 2026-10-04; inscription type: titulus sepulcralis (EDH genre 'titsep'); province: Picenum (Regio V) (EDH code Pic); EDH dating: not before 301 CE, not after 400 CE (99-year window); astronomical start_year 301. Data licence CC BY-SA 4.0."
edh:hd001269,work,Building/dedicatory inscription from Colonia Claudia Augusta? Agrippinensium - Köln,,Latin building/dedicatory inscription; EDH HD001269 from Colonia Claudia Augusta? Agrippinensium - Köln; monument type: Tafel; material: Kalkstein; transcription: Imp(erator) Caesar [M(arcus) Aurelius Com]/modus Anton[inus Aug(ustus) Pius Sar(maticus)] / [Ge]rman(icus) maxim[us Brit...,available,184,,high,"Source: Epigraphic Database Heidelberg (https://edh.ub.uni-heidelberg.de), inscription HD001269, retrieved 2026-10-04; inscription type: titulus dedicatorius (EDH genre 'titoppubpriv'); province: Germania inferior (EDH code GeI); EDH dating: not before 184 CE, not after 185 CE (1-year window); astronomical start_year 184. Data licence CC BY-SA 4.0."
edh:hd001271,work,Epitaph from Ancona - Ancona,,Latin epitaph; EDH HD001271 from Ancona - Ancona; transcription: Hic requiescit [---] / Siricus filiu[s in ---] / spirit(u) san(cto) [---] / et I(e)s(u)(?) vixit an[---] / situs [---] /...,available,301,,medium,"Source: Epigraphic Database Heidelberg (https://edh.ub.uni-heidelberg.de), inscription HD001271, retrieved 2026-10-04; inscription type: titulus sepulcralis (EDH genre 'titsep'); province: Picenum (Regio V) (EDH code Pic); EDH dating: not before 301 CE, not after 400 CE (99-year window); astronomical start_year 301. Data licence CC BY-SA 4.0."
edh:hd001272,work,Owner/artist inscription from Colonia Claudia Augusta? Agrippinensium - Köln,,Latin owner/artist inscription; EDH HD001272 from Colonia Claudia Augusta? Agrippinensium - Köln; monument type: Ziegel; material: Ton; transcription: SS(sesquipedales) in us(u)ris fel(i)c(ibus) Augu(sti) // leg(ionis) I M(inerviae) p(iae),available,101,,medium,"Source: Epigraphic Database Heidelberg (https://edh.ub.uni-heidelberg.de), inscription HD001272, retrieved 2026-10-04; inscription type: titulus possessorius/fabrilis (EDH genre 'titpossfabr'); province: Germania inferior (EDH code GeI); EDH dating: not before 101 CE, not after 200 CE (99-year window); astronomical start_year 101. Data licence CC BY-SA 4.0."
edh:hd001275,work,Votive inscription from Colonia Ulpia Traiana - Xanten,,Latin votive inscription; EDH HD001275 from Colonia Ulpia Traiana - Xanten; monument type: Altar; material: Kalkstein; transcription: Marti Cicol/lui sacrum / pro salute [[Ne]]/[[ronis Caes(aris)]] Au[g(usti)] / German[i]ci im[p(eratoris)] / p(atris) [p(...,available,54,,high,"Source: Epigraphic Database Heidelberg (https://edh.ub.uni-heidelberg.de), inscription HD001275, retrieved 2026-10-04; inscription type: titulus votivus (EDH genre 'titsac'); province: Germania inferior (EDH code GeI); EDH dating: not before 54 CE, not after 66 CE (12-year window); astronomical start_year 54. Data licence CC BY-SA 4.0."
edh:hd001278,work,Votive inscription from Colonia Claudia Augusta? Agrippinensium - Köln,,Latin votive inscription; EDH HD001278 from Colonia Claudia Augusta? Agrippinensium - Köln; monument type: Altar; material: Kalkstein; transcription: Matribus Sueb[i]s / Sidinis M(arcus) / [--]udius Accept[us] / v(otum) s(olvit) l(ibens) m(erito),available,201,,medium,"Source: Epigraphic Database Heidelberg (https://edh.ub.uni-heidelberg.de), inscription HD001278, retrieved 2026-10-04; inscription type: titulus votivus (EDH genre 'titsac'); province: Germania inferior (EDH code GeI); EDH dating: not before 201 CE, not after 230 CE (29-year window); astronomical start_year 201. Data licence CC BY-SA 4.0."
edh:hd001283,work,Votive inscription from Urbs Salvia - Urbisaglia,,Latin votive inscription; EDH HD001283 from Urbs Salvia - Urbisaglia; monument type: Tafel; material: Marmor; transcription: [A]equitat[i ---] / [Ru]tileius C(ai) f(ilius) Ve[l(ina) ---] / HS C(centum milibus nummum),available,-29,,medium,"Source: Epigraphic Database Heidelberg (https://edh.ub.uni-heidelberg.de), inscription HD001283, retrieved 2026-10-04; inscription type: titulus votivus (EDH genre 'titsac'); province: Picenum (Regio V) (EDH code Pic); EDH dating: not before 30 BCE, not after 30 CE (60-year window); astronomical start_year -29. Data licence CC BY-SA 4.0."
edh:hd001287,work,Epitaph from Colonia Claudia Augusta? Agrippinensium - Köln,,Latin epitaph; EDH HD001287 from Colonia Claudia Augusta? Agrippinensium - Köln; monument type: Stele; material: Kalkstein; transcription: [D(is) M(anibus)]? // [L?]ucio C[alv?]isi[o et] / [A]gillia[e] Amu[cae?] / [Ca]lvisius Mon[nus?] / [|(centurio)] leg(ion...,available,151,,high,"Source: Epigraphic Database Heidelberg (https://edh.ub.uni-heidelberg.de), inscription HD001287, retrieved 2026-10-04; inscription type: titulus sepulcralis (EDH genre 'titsep'); province: Germania inferior (EDH code GeI); EDH dating: not before 151 CE, not after 170 CE (19-year window); astronomical start_year 151. Data licence CC BY-SA 4.0."
edh:hd001290,work,Epitaph from Colonia Claudia Augusta? Agrippinensium - Köln,,Latin epitaph; EDH HD001290 from Colonia Claudia Augusta? Agrippinensium - Köln; monument type: Architekturteil; material: Kalkstein; transcription: [D(is)?] // [M(anibus)?] // [---]rrini Seve[ri] / [tes?]s(erarii) leg(ionis) I Min(erviae) / [ann(orum) ---] stipend(ior...,available,201,,medium,"Source: Epigraphic Database Heidelberg (https://edh.ub.uni-heidelberg.de), inscription HD001290, retrieved 2026-10-04; inscription type: titulus sepulcralis (EDH genre 'titsep'); province: Germania inferior (EDH code GeI); EDH dating: not before 201 CE, not after 250 CE (49-year window); astronomical start_year 201. Data licence CC BY-SA 4.0."
edh:hd001293,work,Epitaph from Colonia Claudia Augusta? Agrippinensium - Köln,,Latin epitaph; EDH HD001293 from Colonia Claudia Augusta? Agrippinensium - Köln; monument type: Tafel; material: Kalkstein; transcription: C(aio) Iul(io) Eutyches/tato sive Tousco / C(aius) Iul(ius) Chirisofus / et Tib(eria) Lupula / filio / vixsit(!) ann(is)...,available,201,,medium,"Source: Epigraphic Database Heidelberg (https://edh.ub.uni-heidelberg.de), inscription HD001293, retrieved 2026-10-04; inscription type: titulus sepulcralis (EDH genre 'titsep'); province: Germania inferior (EDH code GeI); EDH dating: not before 201 CE, not after 300 CE (99-year window); astronomical start_year 201. Data licence CC BY-SA 4.0."
edh:hd001296,work,Epitaph from Colonia Claudia Augusta? Agrippinensium - Köln,,Latin epitaph; EDH HD001296 from Colonia Claudia Augusta? Agrippinensium - Köln; monument type: Architekturteil; material: Kalkstein; transcription: [- Lo?]llius Iustus / [neg]otiat(or) c(oloniae) C(laudiae) A(ugustae?) A(grippinensium) / [vin?]ar(ius) et Caldinia / [M...,available,101,,medium,"Source: Epigraphic Database Heidelberg (https://edh.ub.uni-heidelberg.de), inscription HD001296, retrieved 2026-10-04; inscription type: titulus sepulcralis (EDH genre 'titsep'); province: Germania inferior (EDH code GeI); EDH dating: not before 101 CE, not after 300 CE (199-year window); astronomical start_year 101. Data licence CC BY-SA 4.0. Caveats: wide EDH dating window (199 years)."
edh:hd001298,work,Epitaph from Potentia - Potenza,,Latin epitaph; EDH HD001298 from Potentia - Potenza; monument type: Stele; material: Kalkstein; transcription: P(ublio) Petronio / Trophimo Pet/ronia Chreste ma/t(e)r posuit P(ublius) Petronius / Tiasus posu(i)t an(norum) XX / h(ic...,available,31,,medium,"Source: Epigraphic Database Heidelberg (https://edh.ub.uni-heidelberg.de), inscription HD001298, retrieved 2026-10-04; inscription type: titulus sepulcralis (EDH genre 'titsep'); province: Bruttium et Lucania (Regio III) (EDH code BrL); EDH dating: not before 31 CE, not after 70 CE (39-year window); astronomical start_year 31. Data licence CC BY-SA 4.0."
edh:hd001299,work,Epitaph from Colonia Claudia Augusta? Agrippinensium - Köln,,Latin epitaph; EDH HD001299 from Colonia Claudia Augusta? Agrippinensium - Köln; monument type: Architekturteil; material: Sandstein; transcription: Q(uintus) Mattoni[us ---] / vet(eranus) leg(ionis) XXX [U(lpiae) v(ictricis) sibi et] / Iul(iae) Chara[e? coniugi dul]/c...,available,171,,medium,"Source: Epigraphic Database Heidelberg (https://edh.ub.uni-heidelberg.de), inscription HD001299, retrieved 2026-10-04; inscription type: titulus sepulcralis (EDH genre 'titsep'); province: Germania inferior (EDH code GeI); EDH dating: not before 171 CE, not after 250 CE (79-year window); astronomical start_year 171. Data licence CC BY-SA 4.0."
edh:hd001302,work,Epitaph from Colonia Claudia Augusta? Agrippinensium - Köln,,Latin epitaph; EDH HD001302 from Colonia Claudia Augusta? Agrippinensium - Köln; monument type: Architekturteil; material: Kalkstein; transcription: [--- V]ot(uria) / [---] IIvir / [c(oloniae) C(laudiae) A(ugustae?) A(grippinensium)?] / [&?,available,31,,medium,"Source: Epigraphic Database Heidelberg (https://edh.ub.uni-heidelberg.de), inscription HD001302, retrieved 2026-10-04; inscription type: titulus sepulcralis (EDH genre 'titsep'); province: Germania inferior (EDH code GeI); EDH dating: not before 31 CE, not after 70 CE (39-year window); astronomical start_year 31. Data licence CC BY-SA 4.0."
edh:hd001305,work,Epitaph from Colonia Claudia Augusta? Agrippinensium - Köln,,Latin epitaph; EDH HD001305 from Colonia Claudia Augusta? Agrippinensium - Köln; monument type: Block; material: Kalkstein; transcription: I[--- divi Au]gusti / [et Ti(beri) Caes(aris) disp]ensatori / [---]is / [&?,available,14,,medium,"Source: Epigraphic Database Heidelberg (https://edh.ub.uni-heidelberg.de), inscription HD001305, retrieved 2026-10-04; inscription type: titulus sepulcralis (EDH genre 'titsep'); province: Germania inferior (EDH code GeI); EDH dating: not before 14 CE, not after 37 CE (23-year window); astronomical start_year 14. Data licence CC BY-SA 4.0."
edh:hd001306,work,Votive inscription from Augusta Vindelicorum - Augsburg,,Latin votive inscription; EDH HD001306 from Augusta Vindelicorum - Augsburg; monument type: Tafel; material: Marmor; transcription: Fl(avius) / Eu/dia/prac/tus // Isi/di / reg(inae) // ex / vo/to // s(olvit) l(ibens) m(erito),available,101,,medium,"Source: Epigraphic Database Heidelberg (https://edh.ub.uni-heidelberg.de), inscription HD001306, retrieved 2026-10-04; inscription type: titulus votivus (EDH genre 'titsac'); province: Raetia (EDH code Rae); EDH dating: not before 101 CE, not after 300 CE (199-year window); astronomical start_year 101. Data licence CC BY-SA 4.0. Caveats: wide EDH dating window (199 years)."
edh:hd001308,work,Epitaph from Colonia Claudia Augusta? Agrippinensium - Köln,,Latin epitaph; EDH HD001308 from Colonia Claudia Augusta? Agrippinensium - Köln; monument type: Tafel; material: Kalkstein; transcription: Hic [in p]ac[e] r[e]/qui[escit ---] funere / raptus qui vixit annus(!) / XI menses VIII / in sua fata recessit / (h)unc ...,available,301,,medium,"Source: Epigraphic Database Heidelberg (https://edh.ub.uni-heidelberg.de), inscription HD001308, retrieved 2026-10-04; inscription type: titulus sepulcralis (EDH genre 'titsep'); province: Germania inferior (EDH code GeI); EDH dating: not before 301 CE, not after 500 CE (199-year window); astronomical start_year 301. Data licence CC BY-SA 4.0. Caveats: wide EDH dating window (199 years)."
edh:hd001309,work,Military diploma from Grinario (Civitas Sumelocennensis) - Köngen,,Latin military diploma; EDH HD001309 from Grinario (Civitas Sumelocennensis) - Köngen; monument type: Tafel; material: Bronze; transcription: Imp(erator) Caesar divi [Traiani Parthici f(ilius) divi Nervae] / nepos Traian[us Hadrianus Aug(ustus) pont(ifex) max(im...,available,129,,high,"Source: Epigraphic Database Heidelberg (https://edh.ub.uni-heidelberg.de), inscription HD001309, retrieved 2026-10-04; inscription type: diploma militare (EDH genre 'diplmil'); province: Germania superior (EDH code GeS); EDH dating: not before 129 CE, not after 130 CE (1-year window); astronomical start_year 129. Data licence CC BY-SA 4.0."
edh:hd001311,work,Owner/artist inscription from Colonia Claudia Augusta? Agrippinensium - Köln,,Latin owner/artist inscription; EDH HD001311 from Colonia Claudia Augusta? Agrippinensium - Köln; monument type: Tafel; material: Kalkstein; transcription: Angenio / Ingenio,available,1,,medium,"Source: Epigraphic Database Heidelberg (https://edh.ub.uni-heidelberg.de), inscription HD001311, retrieved 2026-10-04; inscription type: titulus possessorius/fabrilis (EDH genre 'titpossfabr?'); genre attribution uncertain in EDH; province: Germania inferior (EDH code GeI); EDH dating: not before 1 CE, not after 50 CE (49-year window); astronomical start_year 1. Data licence CC BY-SA 4.0."
edh:hd001313,work,"Votive inscription from Lauriacum, bei - Amstetten",,"Latin votive inscription; EDH HD001313 from Lauriacum, bei - Amstetten; monument type: Tessera; material: Silber; transcription: I(ovi) O(ptimo) M(aximo) D(olicheno) / Aesti/(v)us v(otum) s(olvit) / l(ibens) l(aetus) m(erito)",available,151,,medium,"Source: Epigraphic Database Heidelberg (https://edh.ub.uni-heidelberg.de), inscription HD001313, retrieved 2026-10-04; inscription type: titulus votivus (EDH genre 'titsac'); province: Noricum (EDH code Nor); EDH dating: not before 151 CE, not after 230 CE (79-year window); astronomical start_year 151. Data licence CC BY-SA 4.0."
edh:hd001316,work,"Votive inscription from Lauriacum, bei - Amstetten",,"Latin votive inscription; EDH HD001316 from Lauriacum, bei - Amstetten; monument type: Tessera; material: Silber; transcription: I(ovi) O(ptimo) M(aximo) / Sur(us?) / v(otum) s(olvit) l(ibens) m(erito) // MOI / Sur(us?)",available,151,,medium,"Source: Epigraphic Database Heidelberg (https://edh.ub.uni-heidelberg.de), inscription HD001316, retrieved 2026-10-04; inscription type: titulus votivus (EDH genre 'titsac'); province: Noricum (EDH code Nor); EDH dating: not before 151 CE, not after 230 CE (79-year window); astronomical start_year 151. Data licence CC BY-SA 4.0."
edh:hd001317,work,Votive inscription from Bonna? - Bonn?,,Latin votive inscription; EDH HD001317 from Bonna? - Bonn?; monument type: Altar; material: Kalkstein; transcription: Deo / Silvuno(!) / sacrum M(arcus) / Aur(eliu)s Tuto/rius pr/o se et / suuis(!) / v(otum solvit) l(ibens) m(erito) // mi...,available,151,,medium,"Source: Epigraphic Database Heidelberg (https://edh.ub.uni-heidelberg.de), inscription HD001317, retrieved 2026-10-04; inscription type: titulus votivus (EDH genre 'titsac'); province: Germania inferior (EDH code GeI); EDH dating: not before 151 CE, not after 250 CE (99-year window); astronomical start_year 151. Data licence CC BY-SA 4.0."
edh:hd001319,work,"Votive inscription from Lauriacum, bei - Amstetten",,"Latin votive inscription; EDH HD001319 from Lauriacum, bei - Amstetten; monument type: Tessera; material: Silber; transcription: Dul(i)c(h)e/no(!) Ve/neria / v(otum) s(olvit) l(ibens) m(erito)",available,151,,medium,"Source: Epigraphic Database Heidelberg (https://edh.ub.uni-heidelberg.de), inscription HD001319, retrieved 2026-10-04; inscription type: titulus votivus (EDH genre 'titsac'); province: Noricum (EDH code Nor); EDH dating: not before 151 CE, not after 230 CE (79-year window); astronomical start_year 151. Data licence CC BY-SA 4.0."
edh:hd001320,work,Votive inscription from Erftstadt,,Latin votive inscription; EDH HD001320 from Erftstadt; monument type: Altar; material: Sandstein; transcription: Matronis su/[i]s Vanginehis / Auvaca Attici / [f(ilia)] E(?) ex imperio / [i]psarum l(ibens) m(erito),available,151,,medium,"Source: Epigraphic Database Heidelberg (https://edh.ub.uni-heidelberg.de), inscription HD001320, retrieved 2026-10-04; inscription type: titulus votivus (EDH genre 'titsac'); province: Germania inferior (EDH code GeI); EDH dating: not before 151 CE, not after 250 CE (99-year window); astronomical start_year 151. Data licence CC BY-SA 4.0."
edh:hd001321,work,Epitaph from Lugdunum - Lyon,,Latin epitaph; EDH HD001321 from Lugdunum - Lyon; monument type: Altar; material: Gesteine; transcription: D(is) M(anibus) // et memoriae / aeternae Vic/torio Regulo / civi Nemeti et / neg(otiatori) Duro(cortoro) purpu/rario Vi...,available,201,,medium,"Source: Epigraphic Database Heidelberg (https://edh.ub.uni-heidelberg.de), inscription HD001321, retrieved 2026-10-04; inscription type: titulus sepulcralis (EDH genre 'titsep'); province: Lugdunensis (EDH code Lug); EDH dating: not before 201 CE, not after 250 CE (49-year window); astronomical start_year 201. Data licence CC BY-SA 4.0."
edh:hd001322,work,"Votive inscription from Lauriacum, bei - Amstetten",,"Latin votive inscription; EDH HD001322 from Lauriacum, bei - Amstetten; monument type: Tessera; material: Silber; transcription: I(ovi) O(ptimo) M(aximo) / Aur(elius) Mer(---) / s(olvit) v(otum) l(ibens) l(aetus) m(erito)",available,171,,medium,"Source: Epigraphic Database Heidelberg (https://edh.ub.uni-heidelberg.de), inscription HD001322, retrieved 2026-10-04; inscription type: titulus votivus (EDH genre 'titsac'); province: Noricum (EDH code Nor); EDH dating: not before 171 CE, not after 230 CE (59-year window); astronomical start_year 171. Data licence CC BY-SA 4.0."
edh:hd001323,work,"Votive inscription from Colonia Claudia Augusta? Agrippinensium, bei - Eschweiler",,"Latin votive inscription; EDH HD001323 from Colonia Claudia Augusta? Agrippinensium, bei - Eschweiler; monument type: Altar; material: Sandstein; transcription: [Amf]ratnihen[is] / [---]aniae Titaca [et] / [---] l(ibentes)(?) m(erito)(?) / [&?",available,151,,medium,"Source: Epigraphic Database Heidelberg (https://edh.ub.uni-heidelberg.de), inscription HD001323, retrieved 2026-10-04; inscription type: titulus votivus (EDH genre 'titsac'); province: Germania inferior (EDH code GeI); EDH dating: not before 151 CE, not after 250 CE (99-year window); astronomical start_year 151. Data licence CC BY-SA 4.0."
edh:hd001325,work,"Votive inscription from Lauriacum, bei - Amstetten",,"Latin votive inscription; EDH HD001325 from Lauriacum, bei - Amstetten; monument type: Tessera; material: Silber; transcription: Iovi Opti/mo Maxi/mo Dul(i)ge/no(!) // votum / sol(vit) l(aetus) m(erito) / Facundus",available,151,,medium,"Source: Epigraphic Database Heidelberg (https://edh.ub.uni-heidelberg.de), inscription HD001325, retrieved 2026-10-04; inscription type: titulus votivus (EDH genre 'titsac'); province: Noricum (EDH code Nor); EDH dating: not before 151 CE, not after 230 CE (79-year window); astronomical start_year 151. Data licence CC BY-SA 4.0."
edh:hd001326,work,"Votive inscription from Colonia Claudia Augusta? Agrippinensium, bei - Eschweiler",,"Latin votive inscription; EDH HD001326 from Colonia Claudia Augusta? Agrippinensium, bei - Eschweiler; monument type: Altar; material: Sandstein; transcription: [Matronis Alaferh]/uiabus Q(uintus) Apon[iu]s / Primus pro se et suis l(ibens) / l(aetus) m(erito)",available,151,,medium,"Source: Epigraphic Database Heidelberg (https://edh.ub.uni-heidelberg.de), inscription HD001326, retrieved 2026-10-04; inscription type: titulus votivus (EDH genre 'titsac'); province: Germania inferior (EDH code GeI); EDH dating: not before 151 CE, not after 230 CE (79-year window); astronomical start_year 151. Data licence CC BY-SA 4.0."
edh:hd001328,work,"Votive inscription from Lauriacum, bei - Amstetten",,"Latin votive inscription; EDH HD001328 from Lauriacum, bei - Amstetten; monument type: Tessera; material: Silber; transcription: D(olicheno) // I(ovi) O(ptimo) M(aximo) / Suc(c)essus / Potenti(s) / v(otum) r(eddidit?) l(ibens) l(aetus) m(erito)",available,151,,medium,"Source: Epigraphic Database Heidelberg (https://edh.ub.uni-heidelberg.de), inscription HD001328, retrieved 2026-10-04; inscription type: titulus votivus (EDH genre 'titsac'); province: Noricum (EDH code Nor); EDH dating: not before 151 CE, not after 200 CE (49-year window); astronomical start_year 151. Data licence CC BY-SA 4.0."
edh:hd001329,work,"Votive inscription from Colonia Claudia Augusta? Agrippinensium, bei - Eschweiler",,"Latin votive inscription; EDH HD001329 from Colonia Claudia Augusta? Agrippinensium, bei - Eschweiler; monument type: Altar; material: Sandstein; transcription: $] / Albanus ex / [i]mperio ipsa/rum l(ibens) m(erito)",available,151,,medium,"Source: Epigraphic Database Heidelberg (https://edh.ub.uni-heidelberg.de), inscription HD001329, retrieved 2026-10-04; inscription type: titulus votivus (EDH genre 'titsac'); province: Germania inferior (EDH code GeI); EDH dating: not before 151 CE, not after 250 CE (99-year window); astronomical start_year 151. Data licence CC BY-SA 4.0."
edh:hd001331,work,"Votive inscription from Lauriacum, bei - Amstetten",,"Latin votive inscription; EDH HD001331 from Lauriacum, bei - Amstetten; monument type: Tessera; material: Silber; transcription: Iunoni Regin(a)e / Marina ex vo/to posuit",available,151,,medium,"Source: Epigraphic Database Heidelberg (https://edh.ub.uni-heidelberg.de), inscription HD001331, retrieved 2026-10-04; inscription type: titulus votivus (EDH genre 'titsac'); province: Noricum (EDH code Nor); EDH dating: not before 151 CE, not after 230 CE (79-year window); astronomical start_year 151. Data licence CC BY-SA 4.0."
edh:hd001332,work,"Votive inscription from Colonia Claudia Augusta? Agrippinensium, bei - Eschweiler",,"Latin votive inscription; EDH HD001332 from Colonia Claudia Augusta? Agrippinensium, bei - Eschweiler; monument type: Altar; material: Sandstein; transcription: Alaferhuis / Q(uintus) Volusius In/genu(u)s p(ro) se et su(is) l(ibens)",available,151,,medium,"Source: Epigraphic Database Heidelberg (https://edh.ub.uni-heidelberg.de), inscription HD001332, retrieved 2026-10-04; inscription type: titulus votivus (EDH genre 'titsac'); province: Germania inferior (EDH code GeI); EDH dating: not before 151 CE, not after 250 CE (99-year window); astronomical start_year 151. Data licence CC BY-SA 4.0."
edh:hd001334,work,"Votive inscription from Lauriacum, bei - Amstetten",,"Latin votive inscription; EDH HD001334 from Lauriacum, bei - Amstetten; monument type: Tessera; material: Silber; transcription: I(ovi) Op(timo) Maximo / Dul(i)cheno(!) / Apollonius / Runna (v)otum / solvit l(ibens) l(aetus) m(erito)",available,151,,medium,"Source: Epigraphic Database Heidelberg (https://edh.ub.uni-heidelberg.de), inscription HD001334, retrieved 2026-10-04; inscription type: titulus votivus (EDH genre 'titsac'); province: Noricum (EDH code Nor); EDH dating: not before 151 CE, not after 230 CE (79-year window); astronomical start_year 151. Data licence CC BY-SA 4.0."
edh:hd001335,work,"Votive inscription from Colonia Claudia Augusta? Agrippinensium, bei - Eschweiler",,"Latin votive inscription; EDH HD001335 from Colonia Claudia Augusta? Agrippinensium, bei - Eschweiler; monument type: Altar; material: Sandstein; transcription: Matron(is) / Amratnine(is) / Optius Qua[rt(us)?] / [ &?",available,151,,medium,"Source: Epigraphic Database Heidelberg (https://edh.ub.uni-heidelberg.de), inscription HD001335, retrieved 2026-10-04; inscription type: titulus votivus (EDH genre 'titsac'); province: Germania inferior (EDH code GeI); EDH dating: not before 151 CE, not after 225 CE (74-year window); astronomical start_year 151. Data licence CC BY-SA 4.0."
edh:hd001337,work,Owner/artist inscription from Viminacium - Kostolac,,Latin owner/artist inscription; EDH HD001337 from Viminacium - Kostolac; monument type: Tessera; material: Bronze; transcription: C(o)ho(rs) I Lu/sitano(rum) / |(centuria) Claudi / Laedi/us,available,100,,medium,"Source: Epigraphic Database Heidelberg (https://edh.ub.uni-heidelberg.de), inscription HD001337, retrieved 2026-10-04; inscription type: titulus possessorius/fabrilis (EDH genre 'titpossfabr'); province: Moesia superior (EDH code MoS); EDH dating: not before 100 CE, not after 160 CE (60-year window); astronomical start_year 100. Data licence CC BY-SA 4.0."
edh:hd001338,work,"Votive inscription from Colonia Claudia Augusta? Agrippinensium, bei - Eschweiler",,"Latin votive inscription; EDH HD001338 from Colonia Claudia Augusta? Agrippinensium, bei - Eschweiler; monument type: Altar; material: Sandstein; transcription: Amfratni<h=I>enis#Amfratni<h>enis#AMFRATNIIENIS / C(aius) Iul(ius) Tertius / ex [im(perio) ip(sarum)] p(osuit) l(ibens) ...",available,151,,medium,"Source: Epigraphic Database Heidelberg (https://edh.ub.uni-heidelberg.de), inscription HD001338, retrieved 2026-10-04; inscription type: titulus votivus (EDH genre 'titsac'); province: Germania inferior (EDH code GeI); EDH dating: not before 151 CE, not after 225 CE (74-year window); astronomical start_year 151. Data licence CC BY-SA 4.0."
edh:hd001340,work,"Votive inscription from Mediana - Niš, Medijana",,"Latin votive inscription; EDH HD001340 from Mediana - Niš, Medijana; monument type: Altar; material: Kalkstein; transcription: I(ovi) O(ptimo) M(aximo) / Co(ho)rtali / Aurel(ius) Ampelius trib(unus) Bat(avorum) / cum filio s[u]o [Ampel]iano / ob d...",available,316,,medium,"Source: Epigraphic Database Heidelberg (https://edh.ub.uni-heidelberg.de), inscription HD001340, retrieved 2026-10-04; inscription type: titulus votivus (EDH genre 'titsac'); province: Moesia superior (EDH code MoS); EDH dating: not before 316 CE, not after 363 CE (47-year window); astronomical start_year 316. Data licence CC BY-SA 4.0."
edh:hd001341,work,"Votive inscription from Colonia Claudia Augusta? Agrippinensium, bei - Eschweiler",,"Latin votive inscription; EDH HD001341 from Colonia Claudia Augusta? Agrippinensium, bei - Eschweiler; monument type: Altar; material: Sandstein; transcription: Alaferhuiab[us] / T(itus) Bassianu[s] / Firminus p[ro se et] / suis ex impe[rio] / [ips(arum)] P(---) P(---) S(---) T(--...",available,151,,medium,"Source: Epigraphic Database Heidelberg (https://edh.ub.uni-heidelberg.de), inscription HD001341, retrieved 2026-10-04; inscription type: titulus votivus (EDH genre 'titsac'); province: Germania inferior (EDH code GeI); EDH dating: not before 151 CE, not after 225 CE (74-year window); astronomical start_year 151. Data licence CC BY-SA 4.0."
edh:hd001344,work,"Votive inscription from Colonia Claudia Augusta? Agrippinensium, bei - Eschweiler",,"Latin votive inscription; EDH HD001344 from Colonia Claudia Augusta? Agrippinensium, bei - Eschweiler; monument type: Altar; material: Sandstein; transcription: Alaferhuiabu[s] / C(a)esoniae Iar[-]/stu[--- et ---]ia l(ibentes) m(erito)",available,151,,medium,"Source: Epigraphic Database Heidelberg (https://edh.ub.uni-heidelberg.de), inscription HD001344, retrieved 2026-10-04; inscription type: titulus votivus (EDH genre 'titsac'); province: Germania inferior (EDH code GeI); EDH dating: not before 151 CE, not after 225 CE (74-year window); astronomical start_year 151. Data licence CC BY-SA 4.0."
edh:hd001346,work,Acclamation from Teurnia - Lendorf,,Latin acclamation; EDH HD001346 from Teurnia - Lendorf; monument type: instrdom?; material: Ton; transcription: Hic munus hic circus,available,301,,medium,"Source: Epigraphic Database Heidelberg (https://edh.ub.uni-heidelberg.de), inscription HD001346, retrieved 2026-10-04; inscription type: acclamatio (EDH genre 'titaccl'); province: Noricum (EDH code Nor); EDH dating: not before 301 CE, not after 400 CE (99-year window); astronomical start_year 301. Data licence CC BY-SA 4.0."
edh:hd001347,work,"Votive inscription from Colonia Claudia Augusta? Agrippinensium, bei - Eschweiler",,"Latin votive inscription; EDH HD001347 from Colonia Claudia Augusta? Agrippinensium, bei - Eschweiler; monument type: Altar; material: Sandstein; transcription: Matronis / Alafer<h=I>uia/bus#Alafer<h>uia/bus#ALAFERIUIABUS / Flavia Amma / l(ibens) m(erito)",available,151,,medium,"Source: Epigraphic Database Heidelberg (https://edh.ub.uni-heidelberg.de), inscription HD001347, retrieved 2026-10-04; inscription type: titulus votivus (EDH genre 'titsac'); province: Germania inferior (EDH code GeI); EDH dating: not before 151 CE, not after 250 CE (99-year window); astronomical start_year 151. Data licence CC BY-SA 4.0."
edh:hd001349,work,Votive inscription from Flavia Solva - Wagna,,Latin votive inscription; EDH HD001349 from Flavia Solva - Wagna; monument type: Statuenbasis?; material: Sandstein; transcription: I(ovi) O(ptimo) M(aximo) D(epulsori?) / Aureliis / Fl(avii) Severus / et Senator / et Bellianus / et Severianus / iuveni...,available,201,,medium,"Source: Epigraphic Database Heidelberg (https://edh.ub.uni-heidelberg.de), inscription HD001349, retrieved 2026-10-04; inscription type: titulus votivus (EDH genre 'titsac'); province: Noricum (EDH code Nor); EDH dating: not before 201 CE, not after 300 CE (99-year window); astronomical start_year 201. Data licence CC BY-SA 4.0."
edh:hd001350,work,"Votive inscription from Colonia Claudia Augusta? Agrippinensium, bei - Eschweiler",,"Latin votive inscription; EDH HD001350 from Colonia Claudia Augusta? Agrippinensium, bei - Eschweiler; monument type: Altar; material: Sandstein; transcription: Matronis / Amfratnineis / T(itus) Iulius Secun/dus v(otum) s(olvit) l(ibens) m(erito)",available,151,,medium,"Source: Epigraphic Database Heidelberg (https://edh.ub.uni-heidelberg.de), inscription HD001350, retrieved 2026-10-04; inscription type: titulus votivus (EDH genre 'titsac'); province: Germania inferior (EDH code GeI); EDH dating: not before 151 CE, not after 250 CE (99-year window); astronomical start_year 151. Data licence CC BY-SA 4.0."
edh:hd001352,work,"Votive inscription from Iuvavum, bei - Erl",,"Latin votive inscription; EDH HD001352 from Iuvavum, bei - Erl; monument type: Altar?; material: Kalkstein; transcription: D(eo) I(nvicto) M(ithrae) / pro salut[e ---] / [&",available,101,,medium,"Source: Epigraphic Database Heidelberg (https://edh.ub.uni-heidelberg.de), inscription HD001352, retrieved 2026-10-04; inscription type: titulus votivus (EDH genre 'titsac'); province: Noricum (EDH code Nor); EDH dating: not before 101 CE, not after 300 CE (199-year window); astronomical start_year 101. Data licence CC BY-SA 4.0. Caveats: wide EDH dating window (199 years)."
edh:hd001367,work,"Votive inscription from Lauriacum, bei - Amstetten",,"Latin votive inscription; EDH HD001367 from Lauriacum, bei - Amstetten; monument type: Tessera; material: Silber; transcription: Dulic(he)no(!) / palma/m sc<ri=IR>(ipsi)(?)#sc<ri>(ipsi)(?)#SCIR / l(ibens) l(aetus) m(erito)",available,151,,medium,"Source: Epigraphic Database Heidelberg (https://edh.ub.uni-heidelberg.de), inscription HD001367, retrieved 2026-10-04; inscription type: titulus votivus (EDH genre 'titsac'); province: Noricum (EDH code Nor); EDH dating: not before 151 CE, not after 230 CE (79-year window); astronomical start_year 151. Data licence CC BY-SA 4.0."
edh:hd001370,work,Honorific inscription from Oescus - Guljanci,,Latin honorific inscription; EDH HD001370 from Oescus - Guljanci; monument type: Statuenbasis; transcription: Im[p(erator-) ---] / Par[thic- ---] / [&,available,116,,medium,"Source: Epigraphic Database Heidelberg (https://edh.ub.uni-heidelberg.de), inscription HD001370, retrieved 2026-10-04; inscription type: titulus honorarius (EDH genre 'tithon'); province: Moesia inferior (EDH code MoI); EDH dating: not before 116 CE, not after 250 CE (134-year window); astronomical start_year 116. Data licence CC BY-SA 4.0. Caveats: wide EDH dating window (134 years)."
edh:hd001404,work,Epitaph from Mogontiacum - Mainz,,Latin epitaph; EDH HD001404 from Mogontiacum - Mainz; monument type: Stele; material: Kalkstein; transcription: C(aius) Val(erius) C(ai) f(ilius) Ga[l]e[r]i[a] / [S]ecu(n)dus C[l]u[nia mil(es)?] / leg(ionis) XIIII [gem(inae) Mar(tia...,available,71,,medium,"Source: Epigraphic Database Heidelberg (https://edh.ub.uni-heidelberg.de), inscription HD001404, retrieved 2026-10-04; inscription type: titulus sepulcralis (EDH genre 'titsep'); province: Germania superior (EDH code GeS); EDH dating: not before 71 CE, not after 100 CE (29-year window); astronomical start_year 71. Data licence CC BY-SA 4.0."
edh:hd001407,work,"Votive inscription from Argentorate, bei (Civitas Tribocorum) - Strasbourg",,"Latin votive inscription; EDH HD001407 from Argentorate, bei (Civitas Tribocorum) - Strasbourg; monument type: instrsac; material: Kalkstein; transcription: D(eo) I(nvicto) M(ithrae) / M(arcus) Bellius Tr[io?] / v(otum) s(olvit) [l(ibens) l(aetus)? m(erito)]",available,151,,medium,"Source: Epigraphic Database Heidelberg (https://edh.ub.uni-heidelberg.de), inscription HD001407, retrieved 2026-10-04; inscription type: titulus votivus (EDH genre 'titsac'); province: Germania superior (EDH code GeS); EDH dating: not before 151 CE, not after 250 CE (99-year window); astronomical start_year 151. Data licence CC BY-SA 4.0."
edh:hd001409,work,Votive inscription from Teurnia - Lendorf,,Latin votive inscription; EDH HD001409 from Teurnia - Lendorf; monument type: Altar; material: Marmor; transcription: Mercur[io] / Q(uintus) Vol(usius?) / Priscus / v(otum) s(olvit) l(ibens) m(erito),available,150,,medium,"Source: Epigraphic Database Heidelberg (https://edh.ub.uni-heidelberg.de), inscription HD001409, retrieved 2026-10-04; inscription type: titulus votivus (EDH genre 'titsac'); province: Noricum (EDH code Nor); EDH dating: not before 150 CE, not after 230 CE (80-year window); astronomical start_year 150. Data licence CC BY-SA 4.0."
edh:hd001410,work,"Votive inscription from Argentorate, bei (Civitas Tribocorum) - Strasbourg",,"Latin votive inscription; EDH HD001410 from Argentorate, bei (Civitas Tribocorum) - Strasbourg; monument type: instrsac; material: Kalkstein; transcription: IN[---] / O(?)[---] / [& // $] / [---] qua fluit votum [---]",available,151,,medium,"Source: Epigraphic Database Heidelberg (https://edh.ub.uni-heidelberg.de), inscription HD001410, retrieved 2026-10-04; inscription type: titulus votivus (EDH genre 'titsac?'); genre attribution uncertain in EDH; province: Germania superior (EDH code GeS); EDH dating: not before 151 CE, not after 250 CE (99-year window); astronomical start_year 151. Data licence CC BY-SA 4.0."
edh:hd001412,work,"Epitaph from Municipium Claudium Virunum, bei - Maria Saal",,"Latin epitaph; EDH HD001412 from Municipium Claudium Virunum, bei - Maria Saal; monument type: Tafel; material: Kalkstein; transcription: Iomatio / Velsonis f(ilio) / mil(iti) c(o)hor(tis) IIII Tun(grorum) / stip(endiorum) XXXIII Firminae / f(iliae) a(nnorum...",available,101,,medium,"Source: Epigraphic Database Heidelberg (https://edh.ub.uni-heidelberg.de), inscription HD001412, retrieved 2026-10-04; inscription type: titulus sepulcralis (EDH genre 'titsep'); province: Noricum (EDH code Nor); EDH dating: not before 101 CE, not after 150 CE (49-year window); astronomical start_year 101. Data licence CC BY-SA 4.0."
edh:hd001413,work,"Votive inscription from Argentorate, bei (Civitas Tribocorum) - Strasbourg",,"Latin votive inscription; EDH HD001413 from Argentorate, bei (Civitas Tribocorum) - Strasbourg; monument type: instrsac; transcription: D(eo) I(nvicto) M(ithrae)",available,151,,medium,"Source: Epigraphic Database Heidelberg (https://edh.ub.uni-heidelberg.de), inscription HD001413, retrieved 2026-10-04; inscription type: titulus votivus (EDH genre 'titsac'); province: Germania superior (EDH code GeS); EDH dating: not before 151 CE, not after 250 CE (99-year window); astronomical start_year 151. Data licence CC BY-SA 4.0."
edh:hd001415,work,"Epitaph from Iuvavum, bei - Salzburg",,"Latin epitaph; EDH HD001415 from Iuvavum, bei - Salzburg; monument type: Urne; material: Kalkstein; transcription: [- C]occeio Cupito / [mil(iti)] leg(ionis) II Ital(icae) adiutori / [pri?]nc(ipis) co(n)s(ularis) @(obito) ann(orum) XXI...",available,171,,medium,"Source: Epigraphic Database Heidelberg (https://edh.ub.uni-heidelberg.de), inscription HD001415, retrieved 2026-10-04; inscription type: titulus sepulcralis (EDH genre 'titsep'); province: Noricum (EDH code Nor); EDH dating: not before 171 CE, not after 250 CE (79-year window); astronomical start_year 171. Data licence CC BY-SA 4.0."
edh:hd001421,work,"Votive inscription from Municipium Claudium Virunum, bei - Klein S. Paul",,"Latin votive inscription; EDH HD001421 from Municipium Claudium Virunum, bei - Klein S. Paul; monument type: Altar; material: Marmor, weiß; transcription: $] / Crescens / fili(i) m(erito) s(olverunt)",available,1,,medium,"Source: Epigraphic Database Heidelberg (https://edh.ub.uni-heidelberg.de), inscription HD001421, retrieved 2026-10-04; inscription type: titulus votivus (EDH genre 'titsac'); province: Noricum (EDH code Nor); EDH dating: not before 1 CE, not after 300 CE (299-year window); astronomical start_year 1. Data licence CC BY-SA 4.0. Caveats: wide EDH dating window (299 years)."
edh:hd001424,work,"Votive inscription from Municipium Claudium Virunum, bei - Klein S. Paul",,"Latin votive inscription; EDH HD001424 from Municipium Claudium Virunum, bei - Klein S. Paul; monument type: Altar; material: Marmor, geädert / farbig; transcription: [Ge]nio Au[g(usti)] / [sa]c(rum) Ursu[s] / [Au]g(usti) n(ostri) ser(vus) / [--]STINGE[-] / [v(otum)] s(olvit) l(ibens) m...",available,1,,medium,"Source: Epigraphic Database Heidelberg (https://edh.ub.uni-heidelberg.de), inscription HD001424, retrieved 2026-10-04; inscription type: titulus votivus (EDH genre 'titsac'); province: Noricum (EDH code Nor); EDH dating: not before 1 CE, not after 300 CE (299-year window); astronomical start_year 1. Data licence CC BY-SA 4.0. Caveats: wide EDH dating window (299 years)."
edh:hd001425,work,Owner/artist inscription from Ratiaria - Dimovo,,Latin owner/artist inscription; EDH HD001425 from Ratiaria - Dimovo; monument type: Ziegel; material: Ton; transcription: Leg(ionis) IIII F(laviae) f(elicis),available,117,,medium,"Source: Epigraphic Database Heidelberg (https://edh.ub.uni-heidelberg.de), inscription HD001425, retrieved 2026-10-04; inscription type: titulus possessorius/fabrilis (EDH genre 'titpossfabr'); province: Moesia superior (EDH code MoS); EDH dating: not before 117 CE, not after 138 CE (21-year window); astronomical start_year 117. Data licence CC BY-SA 4.0."
edh:hd001427,work,"Epitaph from Municipium Claudium Virunum, bei - S. Veit/Glan",,"Latin epitaph; EDH HD001427 from Municipium Claudium Virunum, bei - S. Veit/Glan; monument type: Stele; material: Marmor, geädert / farbig; transcription: [- Pris]ciu[s C(ai) f(ilius)] / [Cla(udia) S]tatu[tus] / [si]bi e[t] / [- Prisci]o C(ai) f(ilio) V[ere?]/[cundo?] frat[r...",available,51,,medium,"Source: Epigraphic Database Heidelberg (https://edh.ub.uni-heidelberg.de), inscription HD001427, retrieved 2026-10-04; inscription type: titulus sepulcralis (EDH genre 'titsep'); province: Noricum (EDH code Nor); EDH dating: not before 51 CE, not after 150 CE (99-year window); astronomical start_year 51. Data licence CC BY-SA 4.0."
edh:hd001428,work,Owner/artist inscription from Ratiaria - Dimovo,,Latin owner/artist inscription; EDH HD001428 from Ratiaria - Dimovo; monument type: Ziegel; material: Ton; transcription: Leg(ionis) V Mac(edonicae) Va(riniae?),available,274,,medium,"Source: Epigraphic Database Heidelberg (https://edh.ub.uni-heidelberg.de), inscription HD001428, retrieved 2026-10-04; inscription type: titulus possessorius/fabrilis (EDH genre 'titpossfabr'); province: Moesia superior (EDH code MoS); EDH dating: not before 274 CE, not after 330 CE (56-year window); astronomical start_year 274. Data licence CC BY-SA 4.0."
edh:hd001431,work,Owner/artist inscription from Ratiaria - Dimovo,,Latin owner/artist inscription; EDH HD001431 from Ratiaria - Dimovo; monument type: Ziegel; material: Ton; transcription: Leg(ionis) VII C(laudiae) p(iae) f(idelis),available,131,,medium,"Source: Epigraphic Database Heidelberg (https://edh.ub.uni-heidelberg.de), inscription HD001431, retrieved 2026-10-04; inscription type: titulus possessorius/fabrilis (EDH genre 'titpossfabr'); province: Moesia superior (EDH code MoS); EDH dating: not before 131 CE, not after 250 CE (119-year window); astronomical start_year 131. Data licence CC BY-SA 4.0. Caveats: wide EDH dating window (119 years)."
edh:hd001434,work,Owner/artist inscription from Ratiaria - Dimovo,,Latin owner/artist inscription; EDH HD001434 from Ratiaria - Dimovo; monument type: Ziegel; material: Ton; transcription: Leg(ionis) XIII g(eminae) Rat(iariae),available,274,,medium,"Source: Epigraphic Database Heidelberg (https://edh.ub.uni-heidelberg.de), inscription HD001434, retrieved 2026-10-04; inscription type: titulus possessorius/fabrilis (EDH genre 'titpossfabr'); province: Moesia superior (EDH code MoS); EDH dating: not before 274 CE, not after 400 CE (126-year window); astronomical start_year 274. Data licence CC BY-SA 4.0. Caveats: wide EDH dating window (126 years)."
edh:hd001435,work,"Votive inscription from Lauriacum, bei - Amstetten",,"Latin votive inscription; EDH HD001435 from Lauriacum, bei - Amstetten; monument type: Tessera; material: Silber; transcription: I(ovi) O(ptimo) M(aximo) Dolic(h)en(o) / Vera / v(otum) s(olvit) l(ibens) m(erito)",available,151,,medium,"Source: Epigraphic Database Heidelberg (https://edh.ub.uni-heidelberg.de), inscription HD001435, retrieved 2026-10-04; inscription type: titulus votivus (EDH genre 'titsac'); province: Noricum (EDH code Nor); EDH dating: not before 151 CE, not after 230 CE (79-year window); astronomical start_year 151. Data licence CC BY-SA 4.0."
edh:hd001438,work,"Votive inscription from Lauriacum, bei - Amstetten",,"Latin votive inscription; EDH HD001438 from Lauriacum, bei - Amstetten; monument type: Tessera; material: Silber; transcription: I(ovi) Dolic(h)e(no) / (A)el(ius) Secundian(us) / v(otum) s(olvit) l(ibens) m(erito)",available,151,,medium,"Source: Epigraphic Database Heidelberg (https://edh.ub.uni-heidelberg.de), inscription HD001438, retrieved 2026-10-04; inscription type: titulus votivus (EDH genre 'titsac'); province: Noricum (EDH code Nor); EDH dating: not before 151 CE, not after 230 CE (79-year window); astronomical start_year 151. Data licence CC BY-SA 4.0."
edh:hd001443,work,Owner/artist inscription from Ratiaria - Dimovo,,Latin owner/artist inscription; EDH HD001443 from Ratiaria - Dimovo; monument type: Ziegel; material: Ton; transcription: Aquis,available,274,,medium,"Source: Epigraphic Database Heidelberg (https://edh.ub.uni-heidelberg.de), inscription HD001443, retrieved 2026-10-04; inscription type: titulus possessorius/fabrilis (EDH genre 'titpossfabr'); province: Moesia superior (EDH code MoS); EDH dating: not before 274 CE, not after 400 CE (126-year window); astronomical start_year 274. Data licence CC BY-SA 4.0. Caveats: wide EDH dating window (126 years)."
edh:hd001446,work,Owner/artist inscription from Ratiaria - Dimovo,,Latin owner/artist inscription; EDH HD001446 from Ratiaria - Dimovo; monument type: Ziegel; material: Ton; transcription: [D(aciae)] R(i)p(ensis) Dier[na],available,274,,medium,"Source: Epigraphic Database Heidelberg (https://edh.ub.uni-heidelberg.de), inscription HD001446, retrieved 2026-10-04; inscription type: titulus possessorius/fabrilis (EDH genre 'titpossfabr'); province: Moesia superior (EDH code MoS); EDH dating: not before 274 CE, not after 400 CE (126-year window); astronomical start_year 274. Data licence CC BY-SA 4.0. Caveats: wide EDH dating window (126 years)."
edh:hd001449,work,Owner/artist inscription from Ratiaria - Dimovo,,Latin owner/artist inscription; EDH HD001449 from Ratiaria - Dimovo; monument type: Ziegel; material: Ton; transcription: L(uci) Coe(li) Sat(urnini),available,101,,medium,"Source: Epigraphic Database Heidelberg (https://edh.ub.uni-heidelberg.de), inscription HD001449, retrieved 2026-10-04; inscription type: titulus possessorius/fabrilis (EDH genre 'titpossfabr'); province: Moesia superior (EDH code MoS); EDH dating: not before 101 CE, not after 200 CE (99-year window); astronomical start_year 101. Data licence CC BY-SA 4.0."
edh:hd001452,work,Owner/artist inscription from Ratiaria - Dimovo,,Latin owner/artist inscription; EDH HD001452 from Ratiaria - Dimovo; monument type: Ziegel; material: Ton; transcription: L(uci) Coel(i) Ing(enui),available,274,,medium,"Source: Epigraphic Database Heidelberg (https://edh.ub.uni-heidelberg.de), inscription HD001452, retrieved 2026-10-04; inscription type: titulus possessorius/fabrilis (EDH genre 'titpossfabr'); province: Moesia superior (EDH code MoS); EDH dating: not before 274 CE, not after 400 CE (126-year window); astronomical start_year 274. Data licence CC BY-SA 4.0. Caveats: wide EDH dating window (126 years)."
edh:hd001455,work,Owner/artist inscription from Ratiaria - Dimovo,,Latin owner/artist inscription; EDH HD001455 from Ratiaria - Dimovo; monument type: Ziegel; material: Ton; transcription: L(uci) Coel(i) Prim(i),available,274,,medium,"Source: Epigraphic Database Heidelberg (https://edh.ub.uni-heidelberg.de), inscription HD001455, retrieved 2026-10-04; inscription type: titulus possessorius/fabrilis (EDH genre 'titpossfabr'); province: Moesia superior (EDH code MoS); EDH dating: not before 274 CE, not after 400 CE (126-year window); astronomical start_year 274. Data licence CC BY-SA 4.0. Caveats: wide EDH dating window (126 years)."
edh:hd001458,work,"Identification inscription from Ratiaria, bei - Dimovo",,"Latin identification inscription; EDH HD001458 from Ratiaria, bei - Dimovo; monument type: Ziegel; material: Ton; transcription: $?] / [------] / [Pri?]mitivi(?) dec(urionis) / col(oniae) / [&?",available,101,,medium,"Source: Epigraphic Database Heidelberg (https://edh.ub.uni-heidelberg.de), inscription HD001458, retrieved 2026-10-04; inscription type: nota (EDH genre 'nota?'); genre attribution uncertain in EDH; province: Moesia superior (EDH code MoS); EDH dating: not before 101 CE, not after 300 CE (199-year window); astronomical start_year 101. Data licence CC BY-SA 4.0. Caveats: wide EDH dating window (199 years)."
edh:hd001461,work,"Building/dedicatory inscription from Aelia Capitolina, bei - Jerusalem, bei",,"Latin building/dedicatory inscription; EDH HD001461 from Aelia Capitolina, bei - Jerusalem, bei; monument type: Block; material: Kalkstein; transcription: Leg(io) X fre(tensis) / coh(ors) IIX",available,71,,medium,"Source: Epigraphic Database Heidelberg (https://edh.ub.uni-heidelberg.de), inscription HD001461, retrieved 2026-10-04; inscription type: titulus dedicatorius (EDH genre 'titoppubpriv'); province: Iudaea (EDH code Iud); EDH dating: not before 71 CE, not after 130 CE (59-year window); astronomical start_year 71. Data licence CC BY-SA 4.0."
edh:hd001471,work,"Epitaph from Sigus, bei - Bou Hadjar",,"Latin epitaph; EDH HD001471 from Sigus, bei - Bou Hadjar; monument type: Block; transcription: Chioni / memoriae / P(ubli) Exoppi P(ubli) fil(ii) Quir(ina) / Nivalis / quaest(oris) aed(ilis) IIIvir(i) quinq(uennalis...",available,201,,medium,"Source: Epigraphic Database Heidelberg (https://edh.ub.uni-heidelberg.de), inscription HD001471, retrieved 2026-10-04; inscription type: titulus sepulcralis (EDH genre 'titsep'); province: Numidia (EDH code Num); EDH dating: not before 201 CE, not after 250 CE (49-year window); astronomical start_year 201. Data licence CC BY-SA 4.0."
edh:hd001472,work,"Epitaph from Municipium Claudium Virunum, bei - Poggersdorf",,"Latin epitaph; EDH HD001472 from Municipium Claudium Virunum, bei - Poggersdorf; monument type: Tafel; material: Kalkstein; transcription: Secundus Me/[li]sses(!) lib(ertus) v(ivus) f(ecit) s(ibi) / [et ---]ovixt(a)e / [so]rori",available,71,,medium,"Source: Epigraphic Database Heidelberg (https://edh.ub.uni-heidelberg.de), inscription HD001472, retrieved 2026-10-04; inscription type: titulus sepulcralis (EDH genre 'titsep'); province: Noricum (EDH code Nor); EDH dating: not before 71 CE, not after 130 CE (59-year window); astronomical start_year 71. Data licence CC BY-SA 4.0."
edh:hd001475,work,Votive inscription from Celeia - Celje,,"Latin votive inscription; EDH HD001475 from Celeia - Celje; monument type: Altar; material: Marmor, weiß; transcription: I(ovi) O(ptimo) M(aximo) et Cel(eiae) / et Noreiae / Sanct(a)e Rufi(us) / Senilis b(ene)f(iciarius) co(n)s(ularis) / pro...",available,171,,medium,"Source: Epigraphic Database Heidelberg (https://edh.ub.uni-heidelberg.de), inscription HD001475, retrieved 2026-10-04; inscription type: titulus votivus (EDH genre 'titsac'); province: Noricum (EDH code Nor); EDH dating: not before 171 CE, not after 230 CE (59-year window); astronomical start_year 171. Data licence CC BY-SA 4.0."
edh:hd001478,work,"Epitaph from Municipium Claudium Virunum, bei - S. Veit/Glan",,"Latin epitaph; EDH HD001478 from Municipium Claudium Virunum, bei - S. Veit/Glan; monument type: Tafel; material: Marmor, weiß; transcription: $](?) / [---]R / [---]conius / [---]vinus / [---] sibi et / [---]coniae / [---] Variae / [--- u]xori et / [---]viniano /...",available,101,,medium,"Source: Epigraphic Database Heidelberg (https://edh.ub.uni-heidelberg.de), inscription HD001478, retrieved 2026-10-04; inscription type: titulus sepulcralis (EDH genre 'titsep'); province: Noricum (EDH code Nor); EDH dating: not before 101 CE, not after 300 CE (199-year window); astronomical start_year 101. Data licence CC BY-SA 4.0. Caveats: wide EDH dating window (199 years)."
edh:hd001479,work,"Epitaph from Lauriacum, bei - Aschbach-Markt",,"Latin epitaph; EDH HD001479 from Lauriacum, bei - Aschbach-Markt; transcription: D(is) M(anibus) C(aio) P(ublicio) Ing/enuo ann(orum) VIIII / C(aius) Publicius / Synecdemus / ann(orum) L t(estamento) [...",available,51,,medium,"Source: Epigraphic Database Heidelberg (https://edh.ub.uni-heidelberg.de), inscription HD001479, retrieved 2026-10-04; inscription type: titulus sepulcralis (EDH genre 'titsep'); province: Noricum (EDH code Nor); EDH dating: not before 51 CE, not after 150 CE (99-year window); astronomical start_year 51. Data licence CC BY-SA 4.0."
edh:hd001481,work,"Epitaph from Municipium Claudium Virunum, bei - Metnitz",,"Latin epitaph; EDH HD001481 from Municipium Claudium Virunum, bei - Metnitz; monument type: Tafel; material: Kalkstein; transcription: Atticus / Quarti / et Melissa / Melissonis / ab (h)aeredebus(!) / factum",available,1,,medium,"Source: Epigraphic Database Heidelberg (https://edh.ub.uni-heidelberg.de), inscription HD001481, retrieved 2026-10-04; inscription type: titulus sepulcralis (EDH genre 'titsep'); province: Noricum (EDH code Nor); EDH dating: not before 1 CE, not after 50 CE (49-year window); astronomical start_year 1. Data licence CC BY-SA 4.0."
edh:hd001484,work,"Epitaph from Municipium Claudium Virunum, bei - S. Paul/Lavanttal",,"Latin epitaph; EDH HD001484 from Municipium Claudium Virunum, bei - S. Paul/Lavanttal; monument type: Stele; material: Kalkstein; transcription: $] / Restitutius / Provincialis / avonculo(!)",available,51,,medium,"Source: Epigraphic Database Heidelberg (https://edh.ub.uni-heidelberg.de), inscription HD001484, retrieved 2026-10-04; inscription type: titulus sepulcralis (EDH genre 'titsep'); province: Noricum (EDH code Nor); EDH dating: not before 51 CE, not after 100 CE (49-year window); astronomical start_year 51. Data licence CC BY-SA 4.0."
edh:hd001487,work,Votive inscription from Lentia - Linz,,Latin votive inscription; EDH HD001487 from Lentia - Linz; monument type: Altar?; material: Gesteine; transcription: $] / coh(ortis) II Bata[vo]/rum pro se [et] / suis v(otum) s(olvit) l(ibens) m(erito),available,151,,medium,"Source: Epigraphic Database Heidelberg (https://edh.ub.uni-heidelberg.de), inscription HD001487, retrieved 2026-10-04; inscription type: titulus votivus (EDH genre 'titsac'); province: Noricum (EDH code Nor); EDH dating: not before 151 CE, not after 250 CE (99-year window); astronomical start_year 151. Data licence CC BY-SA 4.0."
edh:hd001491,work,"Epitaph from Singidunum - Beograd, Stari Grad",,"Latin epitaph; EDH HD001491 from Singidunum - Beograd, Stari Grad; monument type: Stele; material: Gesteine; transcription: D(is) M(anibus) / Cassio / Ingenuo / mil(iti) leg(ionis) IIII / Fl(aviae) qui vix(it) / ann(os) XL / Cass(ia) Atta / fra...",available,101,,medium,"Source: Epigraphic Database Heidelberg (https://edh.ub.uni-heidelberg.de), inscription HD001491, retrieved 2026-10-04; inscription type: titulus sepulcralis (EDH genre 'titsep'); province: Moesia superior (EDH code MoS); EDH dating: not before 101 CE, not after 200 CE (99-year window); astronomical start_year 101. Data licence CC BY-SA 4.0."
edh:hd001496,work,"Votive inscription from Municipium Claudium Virunum, aus? - Klagenfurt/Wörthersee - S. Veit/Glan, zwischen",,"Latin votive inscription; EDH HD001496 from Municipium Claudium Virunum, aus? - Klagenfurt/Wörthersee - S. Veit/Glan, zwischen; monument type: Altar; material: Marmor, geädert / farbig; transcription: $] / T(itus) Flavius / Aelianus / homerista",available,131,,medium,"Source: Epigraphic Database Heidelberg (https://edh.ub.uni-heidelberg.de), inscription HD001496, retrieved 2026-10-04; inscription type: titulus votivus (EDH genre 'titsac'); province: Noricum (EDH code Nor); EDH dating: not before 131 CE, not after 200 CE (69-year window); astronomical start_year 131. Data licence CC BY-SA 4.0."
edh:hd001523,work,Epitaph from Mediolanum - Milano,,Latin epitaph; EDH HD001523 from Mediolanum - Milano; monument type: Tafel; material: Marmor; transcription: B(onae) m(emoriae) // Aur(eliae) Theodorae / quae vixit in s(a)eculo / annis XL cum coniuge / annis XXVI Aurelius / coni...,available,301,,medium,"Source: Epigraphic Database Heidelberg (https://edh.ub.uni-heidelberg.de), inscription HD001523, retrieved 2026-10-04; inscription type: titulus sepulcralis (EDH genre 'titsep'); province: Transpadana (Regio XI) (EDH code Tra); EDH dating: not before 301 CE, not after 500 CE (199-year window); astronomical start_year 301. Data licence CC BY-SA 4.0. Caveats: wide EDH dating window (199 years)."
edh:hd001529,work,Epitaph from Pola - Pula,,Latin epitaph; EDH HD001529 from Pola - Pula; monument type: Urne; transcription: M(ater) p(osuit) // tumul(um) Aelia / Octavia filiae / incomparabili / Aepaphroditae(!) / q(uae) v(ixit) an(nos) IIII m(...,available,301,,medium,"Source: Epigraphic Database Heidelberg (https://edh.ub.uni-heidelberg.de), inscription HD001529, retrieved 2026-10-04; inscription type: titulus sepulcralis (EDH genre 'titsep'); province: Venetia et Histria (Regio X) (EDH code VeH); EDH dating: not before 301 CE, not after 400 CE (99-year window); astronomical start_year 301. Data licence CC BY-SA 4.0."
edh:hd001532,work,"Epitaph from Clastidium, bei - Casteggio, bei",,"Latin epitaph; EDH HD001532 from Clastidium, bei - Casteggio, bei; transcription: T(itus) Catius Terti f(ilius) / v(ivus) f(ecit) Catiae T(iti) f(iliae) / Maxsumae(!) f(iliae) / Probae / Catiae T(iti) f...",available,1,,medium,"Source: Epigraphic Database Heidelberg (https://edh.ub.uni-heidelberg.de), inscription HD001532, retrieved 2026-10-04; inscription type: titulus sepulcralis (EDH genre 'titsep'); province: Aemilia (Regio VIII) (EDH code Aem); EDH dating: not before 1 CE, not after 100 CE (99-year window); astronomical start_year 1. Data licence CC BY-SA 4.0."
edh:hd001547,work,Epitaph from Cuneo,,Latin epitaph; EDH HD001547 from Cuneo; monument type: Block; material: Gneis; transcription: Nicus / Roncarius / Dissi f(ilius) / decurio,available,1,,medium,"Source: Epigraphic Database Heidelberg (https://edh.ub.uni-heidelberg.de), inscription HD001547, retrieved 2026-10-04; inscription type: titulus sepulcralis (EDH genre 'titsep'); province: Liguria (Regio IX) (EDH code Lig); EDH dating: not before 1 CE, not after 50 CE (49-year window); astronomical start_year 1. Data licence CC BY-SA 4.0."
edh:hd001550,work,Epitaph from Monte di Buja,,Latin epitaph; EDH HD001550 from Monte di Buja; monument type: Stele; transcription: $] / C(aius) Ser(vius?) [---] / Iunia T(iti) f(ilia) [--- vi]/vi fe(cerunt) sib(i) [suisque ---] / [&,available,1,,medium,"Source: Epigraphic Database Heidelberg (https://edh.ub.uni-heidelberg.de), inscription HD001550, retrieved 2026-10-04; inscription type: titulus sepulcralis (EDH genre 'titsep'); province: Venetia et Histria (Regio X) (EDH code VeH); EDH dating: not before 1 CE, not after 100 CE (99-year window); astronomical start_year 1. Data licence CC BY-SA 4.0."
edh:hd001553,work,Epitaph from Volpara,,Latin epitaph; EDH HD001553 from Volpara; monument type: Stele; transcription: C(aius) Cal(purnius?) C(ai) l(ibertus) Quadri(garius?) / [------] / [---?] Cal(purnius?) C(ai) f(ilius) Cr[---] / L(uciu...,available,1,,medium,"Source: Epigraphic Database Heidelberg (https://edh.ub.uni-heidelberg.de), inscription HD001553, retrieved 2026-10-04; inscription type: titulus sepulcralis (EDH genre 'titsep'); province: Aemilia (Regio VIII) (EDH code Aem); EDH dating: not before 1 CE, not after 100 CE (99-year window); astronomical start_year 1. Data licence CC BY-SA 4.0."
edh:hd001556,work,Inscription from Aleria - Aléria,,Latin inscription; EDH HD001556 from Aleria - Aléria; monument type: Tafel; material: Marmor; transcription: $] / [--- p]ontifex [maximus ---] / [---] co(n)s(ul) III p(ater) p(atriae) [---] / [&,available,51,,medium,"Source: Epigraphic Database Heidelberg (https://edh.ub.uni-heidelberg.de), inscription HD001556, retrieved 2026-10-04; inscription type not recorded in EDH (genre code 'empty'); province: Corsica (EDH code Cor); EDH dating: not before 51 CE, not after 150 CE (99-year window); astronomical start_year 51. Data licence CC BY-SA 4.0."
edh:hd001559,work,Epitaph from Aleria - Aléria,,Latin epitaph; EDH HD001559 from Aleria - Aléria; monument type: Tafel; material: Brekzie; transcription: D(is) [M(anibus)] / L(ucio) Pom[---] / [&,available,1,,medium,"Source: Epigraphic Database Heidelberg (https://edh.ub.uni-heidelberg.de), inscription HD001559, retrieved 2026-10-04; inscription type: titulus sepulcralis (EDH genre 'titsep'); province: Corsica (EDH code Cor); EDH dating: not before 1 CE, not after 200 CE (199-year window); astronomical start_year 1. Data licence CC BY-SA 4.0. Caveats: wide EDH dating window (199 years)."
edh:hd001562,work,Epitaph from Aleria - Aléria,,Latin epitaph; EDH HD001562 from Aleria - Aléria; monument type: Tafel; material: Marmor; transcription: $] / fil(io) piiss[imo] / vix(it) ann(os) X m(enses) V / Epaphrod[itus] / pater m(erito) f(ecit),available,101,,medium,"Source: Epigraphic Database Heidelberg (https://edh.ub.uni-heidelberg.de), inscription HD001562, retrieved 2026-10-04; inscription type: titulus sepulcralis (EDH genre 'titsep'); province: Corsica (EDH code Cor); EDH dating: not before 101 CE, not after 250 CE (149-year window); astronomical start_year 101. Data licence CC BY-SA 4.0. Caveats: wide EDH dating window (149 years)."
edh:hd001565,work,Epitaph from Bosa,,Latin epitaph; EDH HD001565 from Bosa; material: Trachyt; transcription: [D(is)] M(anibus) / L(ucio) Arrio / Cresce/nti feci/t Anton/ia Rutil/ia c(oniugi) b(ene) m(erenti) / [v(ixit) a(nnos)] X...,available,151,,medium,"Source: Epigraphic Database Heidelberg (https://edh.ub.uni-heidelberg.de), inscription HD001565, retrieved 2026-10-04; inscription type: titulus sepulcralis (EDH genre 'titsep'); province: Sardinia (EDH code Sar); EDH dating: not before 151 CE, not after 250 CE (99-year window); astronomical start_year 151. Data licence CC BY-SA 4.0."
edh:hd001568,work,Epitaph from Comum - Como,,Latin epitaph; EDH HD001568 from Comum - Como; monument type: Stele; transcription: L(ucio) Verginio / Macrino / [VI]vir(o) Comi / aedit(uo) m[a]g(istro) / Martis per / ann(os) XLV / Vergini(i) / Secundus...,available,51,,medium,"Source: Epigraphic Database Heidelberg (https://edh.ub.uni-heidelberg.de), inscription HD001568, retrieved 2026-10-04; inscription type: titulus sepulcralis (EDH genre 'titsep'); province: Transpadana (Regio XI) (EDH code Tra); EDH dating: not before 51 CE, not after 130 CE (79-year window); astronomical start_year 51. Data licence CC BY-SA 4.0."
edh:hd001574,work,Votive inscription from Limonum Pictonum - Poitiers,,Latin votive inscription; EDH HD001574 from Limonum Pictonum - Poitiers; monument type: Block; material: Kalkstein; transcription: Aug(usto) et / Mercurio / v(otum) s(olverunt) l(ibentes) m(erito) / Tib(erius) Cl(audius) Potit/us T(itus) Fl(avius) Pin...,available,51,,medium,"Source: Epigraphic Database Heidelberg (https://edh.ub.uni-heidelberg.de), inscription HD001574, retrieved 2026-10-04; inscription type: titulus votivus (EDH genre 'titsac'); province: Aquitania (EDH code Aqu); EDH dating: not before 51 CE, not after 100 CE (49-year window); astronomical start_year 51. Data licence CC BY-SA 4.0."
edh:hd001577,work,"Mile-/Leaguestone from Augusta Suessionum, bei - Soissons, bei",,"Latin mile-/leaguestone; EDH HD001577 from Augusta Suessionum, bei - Soissons, bei; monument type: Meilenstein; material: Kalkstein; transcription: Imp(eratore) Cae[s(are) L(ucio)] / Septimio Se/vero Pio Per/tinace Aug(usto) Ara/bico Adiabenico / Parthico maximo / p(a...",available,202,,high,"Source: Epigraphic Database Heidelberg (https://edh.ub.uni-heidelberg.de), inscription HD001577, retrieved 2026-10-04; inscription type: miliarium (EDH genre 'miliarium'); province: Belgica (EDH code Bel); EDH dating: not before 202 CE, not after 209 CE (7-year window); astronomical start_year 202. Data licence CC BY-SA 4.0."
edh:hd001586,work,Epitaph from unknown findspot,,Latin epitaph; EDH HD001586 from unknown findspot; monument type: Block; material: Marmor; transcription: [---]ulli l(ibertus) Philo sevir / [---]o Menophilo liberto / [--- An]tiopae libertae uxori,available,-11,,medium,"Source: Epigraphic Database Heidelberg (https://edh.ub.uni-heidelberg.de), inscription HD001586, retrieved 2026-10-04; inscription type: titulus sepulcralis (EDH genre 'titsep'); province: unknown province code 'Sam?' (EDH code Sam?); EDH dating: not before 12 BCE, not after 50 CE (62-year window); astronomical start_year -11. Data licence CC BY-SA 4.0."
edh:hd001621,work,Military diploma from Niederleis,,Latin military diploma; EDH HD001621 from Niederleis; monument type: Tafel; material: Bronze; transcription: $ coh(ors) --- pr(aetoria) Seve?]ria[na p(ia) v(index)] / [---] Floriano / [Sava?]ria / [descript(um) et recognit(um) ex...,available,223,,high,"Source: Epigraphic Database Heidelberg (https://edh.ub.uni-heidelberg.de), inscription HD001621, retrieved 2026-10-04; inscription type: diploma militare (EDH genre 'diplmil'); province: Barbaricum (EDH code Bar); EDH dating: not before 223 CE, not after 235 CE (12-year window); astronomical start_year 223. Data licence CC BY-SA 4.0."
edh:hd001627,work,Votive inscription from Aquincum - Budapest,,Latin votive inscription; EDH HD001627 from Aquincum - Budapest; monument type: Altar; material: Kalkstein; transcription: I(ovi) O(ptimo) M(aximo) / Aure[l]i(us) / Marcian/us / v(otum) s(olvit) l(ibens) m(erito),available,201,,medium,"Source: Epigraphic Database Heidelberg (https://edh.ub.uni-heidelberg.de), inscription HD001627, retrieved 2026-10-04; inscription type: titulus votivus (EDH genre 'titsac'); province: Pannonia inferior (EDH code PaI); EDH dating: not before 201 CE, not after 250 CE (49-year window); astronomical start_year 201. Data licence CC BY-SA 4.0."
edh:hd001630,work,Votive inscription from Aquincum - Budapest,,Latin votive inscription; EDH HD001630 from Aquincum - Budapest; monument type: Altar; material: Kalkstein; transcription: Asclepio et / Hygiae / C(aius) Gavillius / Eutychus,available,101,,medium,"Source: Epigraphic Database Heidelberg (https://edh.ub.uni-heidelberg.de), inscription HD001630, retrieved 2026-10-04; inscription type: titulus votivus (EDH genre 'titsac'); province: Pannonia inferior (EDH code PaI); EDH dating: not before 101 CE, not after 300 CE (199-year window); astronomical start_year 101. Data licence CC BY-SA 4.0. Caveats: wide EDH dating window (199 years)."
edh:hd001633,work,Votive inscription from Aquincum - Budapest,,Latin votive inscription; EDH HD001633 from Aquincum - Budapest; monument type: Altar; material: Kalkstein; transcription: Apollini / et / Seranae(!) / T(itus) Iul(ius) Mer/cator d(ecurio) c(oloniae) / v(otum) s(olvit) l(ibens) m(erito),available,194,,medium,"Source: Epigraphic Database Heidelberg (https://edh.ub.uni-heidelberg.de), inscription HD001633, retrieved 2026-10-04; inscription type: titulus votivus (EDH genre 'titsac'); province: Pannonia inferior (EDH code PaI); EDH dating: not before 194 CE, not after 270 CE (76-year window); astronomical start_year 194. Data licence CC BY-SA 4.0."
edh:hd001636,work,Votive inscription from Aquincum - Budapest,,Latin votive inscription; EDH HD001636 from Aquincum - Budapest; monument type: Altar; material: Kalkstein; transcription: Silvano // Antices/sori T(itus) Fl/avius Lu/cius dec(urio) / col(oniae) Aq(uincensium) q/u(a)esto//rius v(otum) s(olvit)...,available,194,,medium,"Source: Epigraphic Database Heidelberg (https://edh.ub.uni-heidelberg.de), inscription HD001636, retrieved 2026-10-04; inscription type: titulus votivus (EDH genre 'titsac'); province: Pannonia inferior (EDH code PaI); EDH dating: not before 194 CE, not after 270 CE (76-year window); astronomical start_year 194. Data licence CC BY-SA 4.0."
edh:hd001639,work,Votive inscription from Aquincum - Budapest,,Latin votive inscription; EDH HD001639 from Aquincum - Budapest; monument type: Altar; material: Kalkstein; transcription: [---] Kal(endas) Maia[s] // Lun(ae) II // Soli Deo / [I]victo M(ithrae) / [pro] salute [------] / [&,available,201,,medium,"Source: Epigraphic Database Heidelberg (https://edh.ub.uni-heidelberg.de), inscription HD001639, retrieved 2026-10-04; inscription type: titulus votivus (EDH genre 'titsac'); province: Pannonia inferior (EDH code PaI); EDH dating: not before 201 CE, not after 300 CE (99-year window); astronomical start_year 201. Data licence CC BY-SA 4.0."
edh:hd001642,work,Votive inscription from Aquincum - Budapest,,Latin votive inscription; EDH HD001642 from Aquincum - Budapest; monument type: Altar; material: Kalkstein; transcription: Soli / Invi(c)/to / Aur(elius) / Vind//icanus v(otum) s(olvit) l(ibens) / m(erito),available,201,,medium,"Source: Epigraphic Database Heidelberg (https://edh.ub.uni-heidelberg.de), inscription HD001642, retrieved 2026-10-04; inscription type: titulus votivus (EDH genre 'titsac'); province: Pannonia inferior (EDH code PaI); EDH dating: not before 201 CE, not after 300 CE (99-year window); astronomical start_year 201. Data licence CC BY-SA 4.0."
edh:hd001657,work,List from Urbs Salvia - Urbisaglia,,Latin list; EDH HD001657 from Urbs Salvia - Urbisaglia; monument type: Tafel; material: Marmor; transcription: $] / [---]I[---] / [Imp(erator) Caes]ar divi f(ilius) [Augustus tribunic(ia) potestat(e) III?] / [M(arcus)?] Appuleius [...,available,-19,,medium,"Source: Epigraphic Database Heidelberg (https://edh.ub.uni-heidelberg.de), inscription HD001657, retrieved 2026-10-04; inscription type: index (EDH genre 'indexlaterc'); province: Picenum (Regio V) (EDH code Pic); EDH dating: not before 20 BCE, not after 15 CE (35-year window); astronomical start_year -19. Data licence CC BY-SA 4.0."
edh:hd001672,work,"Epitaph from Oschiri, bei",,"Latin epitaph; EDH HD001672 from Oschiri, bei; monument type: Tafel; transcription: Ti(berius) Iulius Fab(ia) / Capito mis(s)ic/ius ex c(o)hor(te) / Aq(uitanorum) III an(n)or(um) / LXV hic sit(us) / est",available,1,,medium,"Source: Epigraphic Database Heidelberg (https://edh.ub.uni-heidelberg.de), inscription HD001672, retrieved 2026-10-04; inscription type: titulus sepulcralis (EDH genre 'titsep'); province: Sardinia (EDH code Sar); EDH dating: not before 1 CE, not after 70 CE (69-year window); astronomical start_year 1. Data licence CC BY-SA 4.0."
edh:hd001675,work,Epitaph from Matrica - Százhalombatta,,Latin epitaph; EDH HD001675 from Matrica - Százhalombatta; monument type: Stele; material: Kalkstein; transcription: D(is) M(anibus) / P(ublius) Afranius / Victor |(centurio) c(o)ho(rtis) I / Alp(inorum) an(norum) L / h(ic) s(itus) e(st)...,available,101,,medium,"Source: Epigraphic Database Heidelberg (https://edh.ub.uni-heidelberg.de), inscription HD001675, retrieved 2026-10-04; inscription type: titulus sepulcralis (EDH genre 'titsep'); province: Pannonia inferior (EDH code PaI); EDH dating: not before 101 CE, not after 150 CE (49-year window); astronomical start_year 101. Data licence CC BY-SA 4.0."
edh:hd001678,work,Epitaph from Matrica - Százhalombatta,,Latin epitaph; EDH HD001678 from Matrica - Százhalombatta; monument type: Stele; material: Kalkstein; transcription: $] / [--- pie]ntissimo / [cum --- S]aturnino / [et --- Com]mune / [filiis? f(aciendum)] c(uravit),available,101,,medium,"Source: Epigraphic Database Heidelberg (https://edh.ub.uni-heidelberg.de), inscription HD001678, retrieved 2026-10-04; inscription type: titulus sepulcralis (EDH genre 'titsep'); province: Pannonia inferior (EDH code PaI); EDH dating: not before 101 CE, not after 200 CE (99-year window); astronomical start_year 101. Data licence CC BY-SA 4.0."
edh:hd001681,work,Epitaph from Matrica - Százhalombatta,,Latin epitaph; EDH HD001681 from Matrica - Százhalombatta; monument type: Stele; material: Kalkstein; transcription: $]/in(a)e vix[it] / ann(os) XXIII / coniugi mere/ntissim(a)e Cl(audius) Valeri/us mil(es) l[eg(ionis) I] It(alicae) et C...,available,151,,medium,"Source: Epigraphic Database Heidelberg (https://edh.ub.uni-heidelberg.de), inscription HD001681, retrieved 2026-10-04; inscription type: titulus sepulcralis (EDH genre 'titsep'); province: Pannonia inferior (EDH code PaI); EDH dating: not before 151 CE, not after 200 CE (49-year window); astronomical start_year 151. Data licence CC BY-SA 4.0."
edh:hd001684,work,Owner/artist inscription from Matrica - Százhalombatta,,Latin owner/artist inscription; EDH HD001684 from Matrica - Százhalombatta; monument type: instrdom; material: Ton; transcription: Maximini sum refer me,available,101,,medium,"Source: Epigraphic Database Heidelberg (https://edh.ub.uni-heidelberg.de), inscription HD001684, retrieved 2026-10-04; inscription type: titulus possessorius/fabrilis (EDH genre 'titpossfabr'); province: Pannonia inferior (EDH code PaI); EDH dating: not before 101 CE, not after 250 CE (149-year window); astronomical start_year 101. Data licence CC BY-SA 4.0. Caveats: wide EDH dating window (149 years)."
edh:hd001692,work,Inscription from La Croisille-sur-Briance,,Latin inscription; EDH HD001692 from La Croisille-sur-Briance; monument type: Architekturteil; transcription: $] Romulus [& // $] vocati sunt,available,101,,medium,"Source: Epigraphic Database Heidelberg (https://edh.ub.uni-heidelberg.de), inscription HD001692, retrieved 2026-10-04; inscription type not recorded in EDH (genre code 'empty'); province: Aquitania (EDH code Aqu); EDH dating: not before 101 CE, not after 150 CE (49-year window); astronomical start_year 101. Data licence CC BY-SA 4.0."
edh:hd001697,work,Epitaph from Roma? - Roma?,,Latin epitaph; EDH HD001697 from Roma? - Roma?; monument type: Tafel; material: Marmor; transcription: D(is) M(anibus) / Mindio / Philadelfo(!) / qui bixit(!) annis / LV d(iebus) III Caecilia / Prima co(n)iugi incomparabi/l...,available,101,,medium,"Source: Epigraphic Database Heidelberg (https://edh.ub.uni-heidelberg.de), inscription HD001697, retrieved 2026-10-04; inscription type: titulus sepulcralis (EDH genre 'titsep'); province: unknown province code 'Rom?' (EDH code Rom?); EDH dating: not before 101 CE, not after 200 CE (99-year window); astronomical start_year 101. Data licence CC BY-SA 4.0."
edh:hd001700,work,Epitaph from Roma? - Roma?,,Latin epitaph; EDH HD001700 from Roma? - Roma?; monument type: Tafel; material: Marmor; transcription: D(is) M(anibus) / Bolusius(!) Fl/avianus qu/i vixxit(!) ann/is L m(ensibus) II co(n)/iug(i) b(ene) m(erenti) f(ecit),available,201,,medium,"Source: Epigraphic Database Heidelberg (https://edh.ub.uni-heidelberg.de), inscription HD001700, retrieved 2026-10-04; inscription type: titulus sepulcralis (EDH genre 'titsep'); province: unknown province code 'Rom?' (EDH code Rom?); EDH dating: not before 201 CE, not after 250 CE (49-year window); astronomical start_year 201. Data licence CC BY-SA 4.0."
edh:hd001717,work,Building/dedicatory inscription from Urbs Salvia - Urbisaglia,,Latin building/dedicatory inscription; EDH HD001717 from Urbs Salvia - Urbisaglia; monument type: Tafel; material: Kalkstein; transcription: C(aius) Fufius G[eminu]s VIIvir / epul(onum) q(uaestor) Ti(beri) C[aesar(is)] Augusti / trib(unus) pl(ebis) des[ignat(us...,available,1,,medium,"Source: Epigraphic Database Heidelberg (https://edh.ub.uni-heidelberg.de), inscription HD001717, retrieved 2026-10-04; inscription type: titulus dedicatorius (EDH genre 'titoppubpriv?'); genre attribution uncertain in EDH; province: Picenum (Regio V) (EDH code Pic); EDH dating: not before 1 CE, not after 32 CE (31-year window); astronomical start_year 1. Data licence CC BY-SA 4.0."
edh:hd001719,work,Epitaph from Roma? - Roma?,,Latin epitaph; EDH HD001719 from Roma? - Roma?; monument type: Altar; material: Marmor; transcription: Ascanius Aug(usti) l(ibertus) / sibi et / Valeriae Maurae et / Marciae Anapaumae et / T(ito) Flavio Communi filio / et l...,available,71,,medium,"Source: Epigraphic Database Heidelberg (https://edh.ub.uni-heidelberg.de), inscription HD001719, retrieved 2026-10-04; inscription type: titulus sepulcralis (EDH genre 'titsep'); province: unknown province code 'Rom?' (EDH code Rom?); EDH dating: not before 71 CE, not after 100 CE (29-year window); astronomical start_year 71. Data licence CC BY-SA 4.0."
edh:hd001720,work,List from Urbs Salvia - Urbisaglia,,Latin list; EDH HD001720 from Urbs Salvia - Urbisaglia; monument type: Tafel; material: Marmor; transcription: [L(ucius) A]nici[us Gallus M(arcus) Cornelius Cethegus] / [Cn(aeus)] Cornelius [Dolabella M(arcus) Fulvius Nobilior] / c...,available,-19,,high,"Source: Epigraphic Database Heidelberg (https://edh.ub.uni-heidelberg.de), inscription HD001720, retrieved 2026-10-04; inscription type: index (EDH genre 'indexlaterc'); province: Picenum (Regio V) (EDH code Pic); EDH dating: not before 20 BCE, not after 19 BCE (1-year window); astronomical start_year -19. Data licence CC BY-SA 4.0."
edh:hd001722,work,Epitaph from Roma? - Roma?,,Latin epitaph; EDH HD001722 from Roma? - Roma?; monument type: Altar; material: Marmor; transcription: D(is) M(anibus) / L(ucio) Cervonio / L(uci) f(ilio) Pom(ptina) Verus(!) / Ticino mil(iti) / coh(ortis) X pr(aetoriae) |(...,available,101,,medium,"Source: Epigraphic Database Heidelberg (https://edh.ub.uni-heidelberg.de), inscription HD001722, retrieved 2026-10-04; inscription type: titulus sepulcralis (EDH genre 'titsep'); province: unknown province code 'Rom?' (EDH code Rom?); EDH dating: not before 101 CE, not after 200 CE (99-year window); astronomical start_year 101. Data licence CC BY-SA 4.0."
edh:hd001728,work,Epitaph from Roma? - Roma?,,Latin epitaph; EDH HD001728 from Roma? - Roma?; monument type: Stele; material: Travertin; transcription: [Q(uintus)? ---]aelius Q(uinti) l(ibertus) praeco et dissignato[r] // [Q(uintus)? --- Q(uinti)?] f(ilius?) // Licinia Cn...,available,-69,,medium,"Source: Epigraphic Database Heidelberg (https://edh.ub.uni-heidelberg.de), inscription HD001728, retrieved 2026-10-04; inscription type: titulus sepulcralis (EDH genre 'titsep'); province: unknown province code 'Rom?' (EDH code Rom?); EDH dating: not before 70 BCE, not after 31 BCE (39-year window); astronomical start_year -69. Data licence CC BY-SA 4.0."
edh:hd001737,work,"Epitaph from Lussonium, aus - Bölcske",,"Latin epitaph; EDH HD001737 from Lussonium, aus - Bölcske; monument type: Tafel; material: Kalkstein; transcription: $]r(?)i(?) Quirin/a Sirmi(o) Maximo / quondam vet(erano) ex sig(nifero) / leg(ionis) II ad(iutricis) et Comini(a)e / Max...",available,151,,medium,"Source: Epigraphic Database Heidelberg (https://edh.ub.uni-heidelberg.de), inscription HD001737, retrieved 2026-10-04; inscription type: titulus sepulcralis (EDH genre 'titsep'); province: Pannonia inferior (EDH code PaI); EDH dating: not before 151 CE, not after 200 CE (49-year window); astronomical start_year 151. Data licence CC BY-SA 4.0."
edh:hd001743,work,Votive inscription from Szekszárd,,Latin votive inscription; EDH HD001743 from Szekszárd; monument type: Altar; material: Kalkstein; transcription: $] / [--- ve]t(eranus) al(a)e / S(ilianae) pro s/alute / v(otum) s(olvit) l(ibens) m(erito),available,71,,medium,"Source: Epigraphic Database Heidelberg (https://edh.ub.uni-heidelberg.de), inscription HD001743, retrieved 2026-10-04; inscription type: titulus votivus (EDH genre 'titsac'); province: Pannonia inferior (EDH code PaI); EDH dating: not before 71 CE, not after 130 CE (59-year window); astronomical start_year 71. Data licence CC BY-SA 4.0."
edh:hd001746,work,Epitaph from Kölked,,Latin epitaph; EDH HD001746 from Kölked; monument type: Tafel; material: Kalkstein; transcription: D(is) M(anibus) / Aurelia Do/bnina qu/(a)e vixsit(!) a/nnos vig/inti et duos,available,101,,medium,"Source: Epigraphic Database Heidelberg (https://edh.ub.uni-heidelberg.de), inscription HD001746, retrieved 2026-10-04; inscription type: titulus sepulcralis (EDH genre 'titsep'); province: Pannonia inferior (EDH code PaI); EDH dating: not before 101 CE, not after 300 CE (199-year window); astronomical start_year 101. Data licence CC BY-SA 4.0. Caveats: wide EDH dating window (199 years)."
edh:hd001763,work,"Epitaph from Salonae, bei - Solin",,"Latin epitaph; EDH HD001763 from Salonae, bei - Solin; monument type: Sarkophag; transcription: G(aius) Metellius Restutus / et Noniae(!) Eu(h)odiae(!) / co(n)iugi(!) vivis sibi / posuerunt",available,151,,medium,"Source: Epigraphic Database Heidelberg (https://edh.ub.uni-heidelberg.de), inscription HD001763, retrieved 2026-10-04; inscription type: titulus sepulcralis (EDH genre 'titsep'); province: Dalmatia (EDH code Dal); EDH dating: not before 151 CE, not after 300 CE (149-year window); astronomical start_year 151. Data licence CC BY-SA 4.0. Caveats: wide EDH dating window (149 years)."
edh:hd001767,work,"Votive inscription from Scupi, bei - Skopje, Karpoš",,"Latin votive inscription; EDH HD001767 from Scupi, bei - Skopje, Karpoš; monument type: Altar; material: Kalkstein; transcription: Deae / Bello/nae / C(aius) Iuli/us Lon/ginus / dec(urio) q(uin)q(uennalis) / ex visu",available,101,,medium,"Source: Epigraphic Database Heidelberg (https://edh.ub.uni-heidelberg.de), inscription HD001767, retrieved 2026-10-04; inscription type: titulus votivus (EDH genre 'titsac'); province: Moesia superior (EDH code MoS); EDH dating: not before 101 CE, not after 230 CE (129-year window); astronomical start_year 101. Data licence CC BY-SA 4.0. Caveats: wide EDH dating window (129 years)."
edh:hd001770,work,"Epitaph from Scupi, bei - Skopje, bei",,"Latin epitaph; EDH HD001770 from Scupi, bei - Skopje, bei; monument type: Stele; material: Kalkstein; transcription: [------] / Cla(udia) Maxu/mus(!) Curico / veter(anus) leg(ionis) VII / C(laudiae) p(iae) f(idelis) stip(endiorum) XX[-] ...",available,71,,medium,"Source: Epigraphic Database Heidelberg (https://edh.ub.uni-heidelberg.de), inscription HD001770, retrieved 2026-10-04; inscription type: titulus sepulcralis (EDH genre 'titsep'); province: Moesia superior (EDH code MoS); EDH dating: not before 71 CE, not after 100 CE (29-year window); astronomical start_year 71. Data licence CC BY-SA 4.0."
edh:hd001803,work,Votive inscription from Badenweiler,,Latin votive inscription; EDH HD001803 from Badenweiler; monument type: Statuenbasis; material: Kalkstein; transcription: Dianae / Abnob[ae] / M(arcus) Senn[i]us / [Fr]onto s(olvit) l(ibens) / ex voto,available,71,,medium,"Source: Epigraphic Database Heidelberg (https://edh.ub.uni-heidelberg.de), inscription HD001803, retrieved 2026-10-04; inscription type: titulus votivus (EDH genre 'titsac'); province: Germania superior (EDH code GeS); EDH dating: not before 71 CE, not after 250 CE (179-year window); astronomical start_year 71. Data licence CC BY-SA 4.0. Caveats: wide EDH dating window (179 years)."
edh:hd001806,work,Votive inscription from Batavis - Passau,,Latin votive inscription; EDH HD001806 from Batavis - Passau; monument type: Altar; material: Granit; transcription: Hercul(i) / Aug(usto) sa[c(rum)] / colle(gium) / bubu[l(ariorum)] / ex v(oto) [p(osuit)?] / l(ibens) l(aetus) m(erito),available,201,,medium,"Source: Epigraphic Database Heidelberg (https://edh.ub.uni-heidelberg.de), inscription HD001806, retrieved 2026-10-04; inscription type: titulus votivus (EDH genre 'titsac'); province: Raetia (EDH code Rae); EDH dating: not before 201 CE, not after 300 CE (99-year window); astronomical start_year 201. Data licence CC BY-SA 4.0."
edh:hd001814,work,Epitaph from Salonae - Solin,,Latin epitaph; EDH HD001814 from Salonae - Solin; monument type: Stele; transcription: C(aio) Albucio / Trophimo / C(aius) Albucius / Vitalis / colliber(tus) / bene mere(nti),available,151,,medium,"Source: Epigraphic Database Heidelberg (https://edh.ub.uni-heidelberg.de), inscription HD001814, retrieved 2026-10-04; inscription type: titulus sepulcralis (EDH genre 'titsep'); province: Dalmatia (EDH code Dal); EDH dating: not before 151 CE, not after 200 CE (49-year window); astronomical start_year 151. Data licence CC BY-SA 4.0."
edh:hd001815,work,Votive inscription from Ratiaria - Dimovo,,Latin votive inscription; EDH HD001815 from Ratiaria - Dimovo; monument type: Altar; material: Marmor; transcription: I(ovi) O(ptimo) M(aximo) D(epulsori?) / pro salute / Titi Iuli / Optati / circitoris p(ortorii) p(ublici) / L(ucius) Lic...,available,151,,medium,"Source: Epigraphic Database Heidelberg (https://edh.ub.uni-heidelberg.de), inscription HD001815, retrieved 2026-10-04; inscription type: titulus votivus (EDH genre 'titsac'); province: Moesia superior (EDH code MoS); EDH dating: not before 151 CE, not after 230 CE (79-year window); astronomical start_year 151. Data licence CC BY-SA 4.0."
edh:hd001818,work,Epitaph from Batavis - Passau,,Latin epitaph; EDH HD001818 from Batavis - Passau; monument type: Altar; material: Marmor; transcription: D(is) M(anibus) / P(ublio) Tenatio Ess/imno negot/ianti vinar/iario domo / Iulia Triden/tum @(obito) anno(rum) LVII / P(...,available,101,,medium,"Source: Epigraphic Database Heidelberg (https://edh.ub.uni-heidelberg.de), inscription HD001818, retrieved 2026-10-04; inscription type: titulus sepulcralis (EDH genre 'titsep'); province: Raetia (EDH code Rae); EDH dating: not before 101 CE, not after 250 CE (149-year window); astronomical start_year 101. Data licence CC BY-SA 4.0. Caveats: wide EDH dating window (149 years)."
edh:hd001824,work,Identification inscription from Dyrrachium - Durrës,,Latin identification inscription; EDH HD001824 from Dyrrachium - Durrës; monument type: instrdom; material: Blei; transcription: Col(oniae) Iuliae Aug(ustae) Dyrrachin(orum) / aq(uae) Hadrian(ae) / {C}(?) cur(atoribus) Tell(utio) Gaet(ulico) et Avid...,available,117,,medium,"Source: Epigraphic Database Heidelberg (https://edh.ub.uni-heidelberg.de), inscription HD001824, retrieved 2026-10-04; inscription type: nota (EDH genre 'nota'); province: Macedonia (EDH code Mak); EDH dating: not before 117 CE, not after 138 CE (21-year window); astronomical start_year 117. Data licence CC BY-SA 4.0."
edh:hd001827,work,Identification inscription from Dyrrachium - Durrës,,Latin identification inscription; EDH HD001827 from Dyrrachium - Durrës; monument type: instrdom; material: Blei; transcription: Aquae Ha[d]rian(ae) / col(oniae) Iul(iae) Aug(ustae) Dyrr(achinorum) / offic(inator) Eutychius PE(?) // Aquae Hadrian(ae...,available,117,,medium,"Source: Epigraphic Database Heidelberg (https://edh.ub.uni-heidelberg.de), inscription HD001827, retrieved 2026-10-04; inscription type: nota (EDH genre 'nota'); province: Macedonia (EDH code Mak); EDH dating: not before 117 CE, not after 138 CE (21-year window); astronomical start_year 117. Data licence CC BY-SA 4.0."
edh:hd001830,work,Identification inscription from Dyrrachium - Durrës,,Latin identification inscription; EDH HD001830 from Dyrrachium - Durrës; monument type: instrdom; material: Blei; transcription: S(ub) c(ura) Pr(---) Epagat[h---],available,117,,medium,"Source: Epigraphic Database Heidelberg (https://edh.ub.uni-heidelberg.de), inscription HD001830, retrieved 2026-10-04; inscription type: nota (EDH genre 'nota'); province: Macedonia (EDH code Mak); EDH dating: not before 117 CE, not after 150 CE (33-year window); astronomical start_year 117. Data licence CC BY-SA 4.0."
edh:hd001844,work,Epitaph from Cosentia - Cosenza,,Latin epitaph; EDH HD001844 from Cosentia - Cosenza; monument type: Stele; material: Sandstein; transcription: Um(mi)diae / Flori Plae/to[r]ius Prim/us matri / [b(ene)] m(erenti),available,201,,medium,"Source: Epigraphic Database Heidelberg (https://edh.ub.uni-heidelberg.de), inscription HD001844, retrieved 2026-10-04; inscription type: titulus sepulcralis (EDH genre 'titsep'); province: Bruttium et Lucania (Regio III) (EDH code BrL); EDH dating: not before 201 CE, not after 300 CE (99-year window); astronomical start_year 201. Data licence CC BY-SA 4.0."
edh:hd001848,work,Military diploma from Oberschneiding,,Latin military diploma; EDH HD001848 from Oberschneiding; monument type: Tafel; material: Bronze; transcription: [Imp(erator) C]aesar d[ivi Hadriani f(ilius) divi Traiani] / [Pa]rthici nepos divi [Nervae pronepos] / T(itus) Aelius Ha...,available,138,,high,"Source: Epigraphic Database Heidelberg (https://edh.ub.uni-heidelberg.de), inscription HD001848, retrieved 2026-10-04; inscription type: diploma militare (EDH genre 'diplmil'); province: Raetia (EDH code Rae); EDH dating: not before 138 CE, not after 140 CE (2-year window); astronomical start_year 138. Data licence CC BY-SA 4.0."
edh:hd001850,work,Epitaph from Petelia - Strongoli,,Latin epitaph; EDH HD001850 from Petelia - Strongoli; monument type: Stele; material: Kalkstein; transcription: M(anius) Mego/nius Eryx / vixit / ann(os) XIIX / s(it) t(ibi) t(erra) l(evis),available,1,,medium,"Source: Epigraphic Database Heidelberg (https://edh.ub.uni-heidelberg.de), inscription HD001850, retrieved 2026-10-04; inscription type: titulus sepulcralis (EDH genre 'titsep'); province: Bruttium et Lucania (Regio III) (EDH code BrL); EDH dating: not before 1 CE, not after 100 CE (99-year window); astronomical start_year 1. Data licence CC BY-SA 4.0."
edh:hd001853,work,Epitaph from Petelia - Strongoli,,Latin epitaph; EDH HD001853 from Petelia - Strongoli; monument type: Stele; material: Kalkstein; transcription: Have / C(ai) Aufidi Felix / vix(it) ann(os) L,available,1,,medium,"Source: Epigraphic Database Heidelberg (https://edh.ub.uni-heidelberg.de), inscription HD001853, retrieved 2026-10-04; inscription type: titulus sepulcralis (EDH genre 'titsep'); province: Bruttium et Lucania (Regio III) (EDH code BrL); EDH dating: not before 1 CE, not after 100 CE (99-year window); astronomical start_year 1. Data licence CC BY-SA 4.0."
edh:hd001856,work,Epitaph from Petelia - Strongoli,,Latin epitaph; EDH HD001856 from Petelia - Strongoli; monument type: Stele; material: Kalkstein; transcription: Have / C(ai) Au<f=E>idi#Au<f>idi#AUEIDI / Successe / vix(it) a(nnos) XXX / s(it) t(ibi) t(erra) <l=E>(evis)#<l>(evis)#E,available,1,,medium,"Source: Epigraphic Database Heidelberg (https://edh.ub.uni-heidelberg.de), inscription HD001856, retrieved 2026-10-04; inscription type: titulus sepulcralis (EDH genre 'titsep'); province: Bruttium et Lucania (Regio III) (EDH code BrL); EDH dating: not before 1 CE, not after 100 CE (99-year window); astronomical start_year 1. Data licence CC BY-SA 4.0."
edh:hd001859,work,Epitaph from Petelia - Strongoli,,Latin epitaph; EDH HD001859 from Petelia - Strongoli; monument type: Stele; transcription: Have / Phili/cia L(uci) f(ilia) / Aphro / vix(it) an(nos) / III m(enses) XI / d(ies) X / s(it) [t(ibi) t(erra) l(evis)],available,71,,medium,"Source: Epigraphic Database Heidelberg (https://edh.ub.uni-heidelberg.de), inscription HD001859, retrieved 2026-10-04; inscription type: titulus sepulcralis (EDH genre 'titsep'); province: Bruttium et Lucania (Regio III) (EDH code BrL); EDH dating: not before 71 CE, not after 130 CE (59-year window); astronomical start_year 71. Data licence CC BY-SA 4.0."
edh:hd001862,work,Epitaph from Petelia - Strongoli,,Latin epitaph; EDH HD001862 from Petelia - Strongoli; monument type: Stele; material: Kalkstein; transcription: Have / Silvia Sex(ti) / Arelli Ursi / ser(va) vix(it) ann(os) / XXX fecit Dion/ysius co(n)servae / bene merenti,available,71,,medium,"Source: Epigraphic Database Heidelberg (https://edh.ub.uni-heidelberg.de), inscription HD001862, retrieved 2026-10-04; inscription type: titulus sepulcralis (EDH genre 'titsep'); province: Bruttium et Lucania (Regio III) (EDH code BrL); EDH dating: not before 71 CE, not after 130 CE (59-year window); astronomical start_year 71. Data licence CC BY-SA 4.0."
edh:hd001865,work,Epitaph from Petelia - Strongoli,,Latin epitaph; EDH HD001865 from Petelia - Strongoli; monument type: Stele; material: Kalkstein; transcription: Diis Mani/bus Modiae / Benedictae / v(ixit) a(nnos) XL,available,101,,medium,"Source: Epigraphic Database Heidelberg (https://edh.ub.uni-heidelberg.de), inscription HD001865, retrieved 2026-10-04; inscription type: titulus sepulcralis (EDH genre 'titsep'); province: Bruttium et Lucania (Regio III) (EDH code BrL); EDH dating: not before 101 CE, not after 130 CE (29-year window); astronomical start_year 101. Data licence CC BY-SA 4.0."
edh:hd001866,work,Epitaph from Zucchabar - Miliana,,Latin epitaph; EDH HD001866 from Zucchabar - Miliana; monument type: Stele; material: Kalkstein; transcription: D(is) M(anibus) / Val(eriae) Sa/turninae / Fab(ia) Maura / avia sua,available,101,,medium,"Source: Epigraphic Database Heidelberg (https://edh.ub.uni-heidelberg.de), inscription HD001866, retrieved 2026-10-04; inscription type: titulus sepulcralis (EDH genre 'titsep'); province: Mauretania Caesariensis (EDH code MaC); EDH dating: not before 101 CE, not after 300 CE (199-year window); astronomical start_year 101. Data licence CC BY-SA 4.0. Caveats: wide EDH dating window (199 years)."
edh:hd001868,work,Epitaph from Petelia - Strongoli,,Latin epitaph; EDH HD001868 from Petelia - Strongoli; monument type: Tafel; material: Marmor; transcription: Have / Megonia / Euhodis / vixit ann(os) / XXVI / s(it) t(ibi) t(erra) l(evis),available,1,,medium,"Source: Epigraphic Database Heidelberg (https://edh.ub.uni-heidelberg.de), inscription HD001868, retrieved 2026-10-04; inscription type: titulus sepulcralis (EDH genre 'titsep'); province: Bruttium et Lucania (Regio III) (EDH code BrL); EDH dating: not before 1 CE, not after 100 CE (99-year window); astronomical start_year 1. Data licence CC BY-SA 4.0."
edh:hd001881,work,Epitaph from Zucchabar - Miliana,,Latin epitaph; EDH HD001881 from Zucchabar - Miliana; monument type: Stele; transcription: D(is) M(anibus) s(acrum) / Iulia Lu/ciosa / quae vi/xit annis / XXIIII hic sita (e)st,available,101,,medium,"Source: Epigraphic Database Heidelberg (https://edh.ub.uni-heidelberg.de), inscription HD001881, retrieved 2026-10-04; inscription type: titulus sepulcralis (EDH genre 'titsep'); province: Mauretania Caesariensis (EDH code MaC); EDH dating: not before 101 CE, not after 300 CE (199-year window); astronomical start_year 101. Data licence CC BY-SA 4.0. Caveats: wide EDH dating window (199 years)."
edh:hd001884,work,Epitaph from Zucchabar - Miliana,,Latin epitaph; EDH HD001884 from Zucchabar - Miliana; monument type: Stele; material: Kalkstein; transcription: $] vic[xit! annos --- mens(es)] / VII dies VII Flav(ia) / Quintosa filia e/ius et Sit(tius) Victor / gener sedano(!) / d...,available,201,,medium,"Source: Epigraphic Database Heidelberg (https://edh.ub.uni-heidelberg.de), inscription HD001884, retrieved 2026-10-04; inscription type: titulus sepulcralis (EDH genre 'titsep'); province: Mauretania Caesariensis (EDH code MaC); EDH dating: not before 201 CE, not after 400 CE (199-year window); astronomical start_year 201. Data licence CC BY-SA 4.0. Caveats: wide EDH dating window (199 years)."
edh:hd001903,work,Votive inscription from Verona - Verona,,Latin votive inscription; EDH HD001903 from Verona - Verona; monument type: Statuenbasis; transcription: Minerva[e ---] / sa[crum] / L(ucius) Marc[ius ---] / IIIIv[ir &,available,1,,medium,"Source: Epigraphic Database Heidelberg (https://edh.ub.uni-heidelberg.de), inscription HD001903, retrieved 2026-10-04; inscription type: titulus votivus (EDH genre 'titsac'); province: Venetia et Histria (Regio X) (EDH code VeH); EDH dating: not before 1 CE, not after 100 CE (99-year window); astronomical start_year 1. Data licence CC BY-SA 4.0."
edh:hd001906,work,Epitaph from Aquileia - Aquileia,,"Latin epitaph; EDH HD001906 from Aquileia - Aquileia; monument type: Tafel; material: Marmor, weiß; transcription: [B(onae)? m(emoriae)?] / [Aur(elia)] Vict[orina] / [quae] vixit a[nn(os) ---]",available,331,,medium,"Source: Epigraphic Database Heidelberg (https://edh.ub.uni-heidelberg.de), inscription HD001906, retrieved 2026-10-04; inscription type: titulus sepulcralis (EDH genre 'titsep'); province: Venetia et Histria (Regio X) (EDH code VeH); EDH dating: not before 331 CE, not after 370 CE (39-year window); astronomical start_year 331. Data licence CC BY-SA 4.0."
edh:hd001909,work,"Epitaph from Aquileia, bei - Aquileia, bei",,"Latin epitaph; EDH HD001909 from Aquileia, bei - Aquileia, bei; monument type: Stele; material: Kalkstein; transcription: P(ublius) Carfulenus / P(ubli) l(ibertus) / Modestus / negotiator / Corneliensis / P(ublius) Carfulenus / Princeps lib(e...",available,-49,,medium,"Source: Epigraphic Database Heidelberg (https://edh.ub.uni-heidelberg.de), inscription HD001909, retrieved 2026-10-04; inscription type: titulus sepulcralis (EDH genre 'titsep'); province: Venetia et Histria (Regio X) (EDH code VeH); EDH dating: not before 50 BCE, not after 30 CE (80-year window); astronomical start_year -49. Data licence CC BY-SA 4.0."
edh:hd001910,work,Epitaph from Opitergium - Oderzo,,Latin epitaph; EDH HD001910 from Opitergium - Oderzo; monument type: Stele; transcription: M(arcus) Cespius M(arci) f(ilius) Optatus v(ivus) f(ecit) / aviae sorori patri,available,1,,medium,"Source: Epigraphic Database Heidelberg (https://edh.ub.uni-heidelberg.de), inscription HD001910, retrieved 2026-10-04; inscription type: titulus sepulcralis (EDH genre 'titsep'); province: Venetia et Histria (Regio X) (EDH code VeH); EDH dating: not before 1 CE, not after 100 CE (99-year window); astronomical start_year 1. Data licence CC BY-SA 4.0."
edh:hd001912,work,Epitaph from Patavium - Padova,,Latin epitaph; EDH HD001912 from Patavium - Padova; monument type: Stele; material: Kalkstein; transcription: [- Mi]nucio T(iti) f(ilio) Lorario c[e]ntur(ioni) in / [leg(ione)] Martia Terti[---] / [--- fe]cit ide(mque) r(---),available,-44,,high,"Source: Epigraphic Database Heidelberg (https://edh.ub.uni-heidelberg.de), inscription HD001912, retrieved 2026-10-04; inscription type: titulus sepulcralis (EDH genre 'titsep'); province: Venetia et Histria (Regio X) (EDH code VeH); EDH dating: not before 45 BCE, not after 42 BCE (3-year window); astronomical start_year -44. Data licence CC BY-SA 4.0."
edh:hd001914,work,Epitaph from Roma? - Roma?,,Latin epitaph; EDH HD001914 from Roma? - Roma?; monument type: Altar; material: Marmor; transcription: D(is) M(anibus) / Ti(berio) Cl(audio) / Sextino / ex provincia / Lugdunensi / h(eres) r(eficiendum?) c(uravit?),available,51,,medium,"Source: Epigraphic Database Heidelberg (https://edh.ub.uni-heidelberg.de), inscription HD001914, retrieved 2026-10-04; inscription type: titulus sepulcralis (EDH genre 'titsep'); province: unknown province code 'Rom?' (EDH code Rom?); EDH dating: not before 51 CE, not after 100 CE (49-year window); astronomical start_year 51. Data licence CC BY-SA 4.0."
edh:hd001915,work,Votive inscription from Pollentia - Centallo,,Latin votive inscription; EDH HD001915 from Pollentia - Centallo; monument type: Altar; material: Marmor; transcription: [I(ovi)] O(ptimo) M(aximo) / [---]s M(arci) f(ilius) Ingenus(!) / [---] Delphus / [&,available,51,,medium,"Source: Epigraphic Database Heidelberg (https://edh.ub.uni-heidelberg.de), inscription HD001915, retrieved 2026-10-04; inscription type: titulus votivus (EDH genre 'titsac'); province: Liguria (Regio IX) (EDH code Lig); EDH dating: not before 51 CE, not after 200 CE (149-year window); astronomical start_year 51. Data licence CC BY-SA 4.0. Caveats: wide EDH dating window (149 years)."
edh:hd001917,work,"Epitaph from Kephallenia, aus - Roma",,"GL epitaph; EDH HD001917 from Kephallenia, aus - Roma; monument type: Tafel; material: Marmor; transcription: L(ucius) Ponponius(!) Rufus / vixit an(n)os XXVII / Eia Ponponia(!) mater / ave // Δόξα Νίκη ἐτε/λεύτα ἐτῶν κ / χαῖρε",available,101,,medium,"Source: Epigraphic Database Heidelberg (https://edh.ub.uni-heidelberg.de), inscription HD001917, retrieved 2026-10-04; inscription type: titulus sepulcralis (EDH genre 'titsep'); province: Achaia (EDH code Ach); EDH dating: not before 101 CE, not after 200 CE (99-year window); astronomical start_year 101. Data licence CC BY-SA 4.0."
edh:hd001918,work,Epitaph from Cuneo,,Latin epitaph; EDH HD001918 from Cuneo; monument type: Block; material: Gneis; transcription: Quintus / Caturlius(!),available,1,,medium,"Source: Epigraphic Database Heidelberg (https://edh.ub.uni-heidelberg.de), inscription HD001918, retrieved 2026-10-04; inscription type: titulus sepulcralis (EDH genre 'titsep'); province: Liguria (Regio IX) (EDH code Lig); EDH dating: not before 1 CE, not after 50 CE (49-year window); astronomical start_year 1. Data licence CC BY-SA 4.0."
edh:hd001921,work,Epitaph from Mediolanum - Milano,,Latin epitaph; EDH HD001921 from Mediolanum - Milano; monument type: Tafel; material: Marmor; transcription: B(onae) m(emoriae) / <D=O>esideria(!)#<D>esideria(!)#OESIDERIA qu(a)e visit(!) in s(a)eculo / an(n)us(!) plus minu(s) XX...,available,401,,medium,"Source: Epigraphic Database Heidelberg (https://edh.ub.uni-heidelberg.de), inscription HD001921, retrieved 2026-10-04; inscription type: titulus sepulcralis (EDH genre 'titsep'); province: Transpadana (Regio XI) (EDH code Tra); EDH dating: not before 401 CE, not after 500 CE (99-year window); astronomical start_year 401. Data licence CC BY-SA 4.0."
edh:hd001924,work,Epitaph from Monte di Buja,,Latin epitaph; EDH HD001924 from Monte di Buja; monument type: Urne; material: Marmor; transcription: $] / [---]us / Proculus / Mediol(anensis) / [&,available,1,,medium,"Source: Epigraphic Database Heidelberg (https://edh.ub.uni-heidelberg.de), inscription HD001924, retrieved 2026-10-04; inscription type: titulus sepulcralis (EDH genre 'titsep'); province: Venetia et Histria (Regio X) (EDH code VeH); EDH dating: not before 1 CE, not after 200 CE (199-year window); astronomical start_year 1. Data licence CC BY-SA 4.0. Caveats: wide EDH dating window (199 years)."
edh:hd001927,work,"Epitaph from Aquileia, bei - Grado",,"Latin epitaph; EDH HD001927 from Aquileia, bei - Grado; monument type: Tafel; transcription: [---] Aurelia Aquili[na quae] / [vix]it ann(os) V et mens[es ---] / [et di]es XV et Aurelia [---] / [---]E[---] / [---]A...",available,301,,medium,"Source: Epigraphic Database Heidelberg (https://edh.ub.uni-heidelberg.de), inscription HD001927, retrieved 2026-10-04; inscription type: titulus sepulcralis (EDH genre 'titsep'); province: Venetia et Histria (Regio X) (EDH code VeH); EDH dating: not before 301 CE, not after 500 CE (199-year window); astronomical start_year 301. Data licence CC BY-SA 4.0. Caveats: wide EDH dating window (199 years)."
edh:hd001930,work,"Epitaph from Aquileia, bei - Grado",,"Latin epitaph; EDH HD001930 from Aquileia, bei - Grado; monument type: Tafel; material: Marmor; transcription: [---]to fecerunt / [---] qui vixit an(nos) VI / [&",available,351,,medium,"Source: Epigraphic Database Heidelberg (https://edh.ub.uni-heidelberg.de), inscription HD001930, retrieved 2026-10-04; inscription type: titulus sepulcralis (EDH genre 'titsep'); province: Venetia et Histria (Regio X) (EDH code VeH); EDH dating: not before 351 CE, not after 500 CE (149-year window); astronomical start_year 351. Data licence CC BY-SA 4.0. Caveats: wide EDH dating window (149 years)."
edh:hd001931,work,Epitaph from Elecik,,"Latin epitaph; EDH HD001931 from Elecik; monument type: Block; material: Marmor, weiß; transcription: [C(aio) Avianio veterano] / [leg(ionis) --- honorato] / commodis a / C(aio) Caesari(!) Augusto mil(itavit) / [an(nos) -]...",available,37,,medium,"Source: Epigraphic Database Heidelberg (https://edh.ub.uni-heidelberg.de), inscription HD001931, retrieved 2026-10-04; inscription type: titulus sepulcralis (EDH genre 'titsep'); province: Galatia (EDH code Gal); EDH dating: not before 37 CE, not after 70 CE (33-year window); astronomical start_year 37. Data licence CC BY-SA 4.0."
edh:hd001933,work,Epitaph from Thermae Himeraeae - Termini Imerese,,Latin epitaph; EDH HD001933 from Thermae Himeraeae - Termini Imerese; monument type: Tafel; transcription: D(is) M(anibus) / Cornelius / Acathobu/s(!) vix(it) ann(os) LV,available,301,,medium,"Source: Epigraphic Database Heidelberg (https://edh.ub.uni-heidelberg.de), inscription HD001933, retrieved 2026-10-04; inscription type: titulus sepulcralis (EDH genre 'titsep'); province: Sicilia, Melita (EDH code Sic); EDH dating: not before 301 CE, not after 400 CE (99-year window); astronomical start_year 301. Data licence CC BY-SA 4.0."
edh:hd001934,work,Mile-/Leaguestone from Iuliopolis - Çayirhan,,GL mile-/leaguestone; EDH HD001934 from Iuliopolis - Çayirhan; monument type: Meilenstein; transcription: [B(ona) F(ortuna)] / Imp(erator) Ca[es(ar) M(arcus) Aurellius!] Ant[oninus Pius Aug(ustus)] / Parthi[cus maximus] / Brit...,available,215,,high,"Source: Epigraphic Database Heidelberg (https://edh.ub.uni-heidelberg.de), inscription HD001934, retrieved 2026-10-04; inscription type: miliarium (EDH genre 'miliarium'); province: Galatia (EDH code Gal); EDH dating: not before 215 CE, not after 216 CE (1-year window); astronomical start_year 215. Data licence CC BY-SA 4.0."
edh:hd001936,work,Epitaph from Panormus - Palermo,,Latin epitaph; EDH HD001936 from Panormus - Palermo; monument type: Tafel; material: Marmor; transcription: D(is) Ma(nibus) s(acrum) / Victor vix(it) / ann(os) LI fec(it) Charis,available,201,,medium,"Source: Epigraphic Database Heidelberg (https://edh.ub.uni-heidelberg.de), inscription HD001936, retrieved 2026-10-04; inscription type: titulus sepulcralis (EDH genre 'titsep'); province: Sicilia, Melita (EDH code Sic); EDH dating: not before 201 CE, not after 230 CE (29-year window); astronomical start_year 201. Data licence CC BY-SA 4.0."
edh:hd001937,work,Mile-/Leaguestone from Iuliopolis - Çayirhan,,GL mile-/leaguestone; EDH HD001937 from Iuliopolis - Çayirhan; monument type: Meilenstein; transcription: B(ona) F(ortuna) / Imp(erator) Caes(ar) M(arcus) Aurellius(!) / Antoninus Pius Aug(ustus) / Parthicus maximus / Britanni...,available,215,,high,"Source: Epigraphic Database Heidelberg (https://edh.ub.uni-heidelberg.de), inscription HD001937, retrieved 2026-10-04; inscription type: miliarium (EDH genre 'miliarium'); province: Galatia (EDH code Gal); EDH dating: not before 215 CE, not after 216 CE (1-year window); astronomical start_year 215. Data licence CC BY-SA 4.0."
edh:hd001939,work,Epitaph from Mediolanum - Milano,,Latin epitaph; EDH HD001939 from Mediolanum - Milano; material: Marmor; transcription: [B(onae)] m(emoriae) / Victor(i)a qu[ae] / vixit in s(a)ecul[o] / annis XXVI m(ensibus) II / d(iebus) III maritus [posu]...,available,301,,medium,"Source: Epigraphic Database Heidelberg (https://edh.ub.uni-heidelberg.de), inscription HD001939, retrieved 2026-10-04; inscription type: titulus sepulcralis (EDH genre 'titsep'); province: Transpadana (Regio XI) (EDH code Tra); EDH dating: not before 301 CE, not after 500 CE (199-year window); astronomical start_year 301. Data licence CC BY-SA 4.0. Caveats: wide EDH dating window (199 years)."
edh:hd001940,work,Mile-/Leaguestone from Iuliopolis - Çayirhan,,GL mile-/leaguestone; EDH HD001940 from Iuliopolis - Çayirhan; monument type: Meilenstein; material: Kalkstein; transcription: [B(ona) F(ortuna)] / [Imp(erator) Caes(ar) M(arcus) A]urellius(!) / [Antoninus] Pius Aug(ustus) / [Parthic]us maximus / ...,available,215,,high,"Source: Epigraphic Database Heidelberg (https://edh.ub.uni-heidelberg.de), inscription HD001940, retrieved 2026-10-04; inscription type: miliarium (EDH genre 'miliarium'); province: Galatia (EDH code Gal); EDH dating: not before 215 CE, not after 216 CE (1-year window); astronomical start_year 215. Data licence CC BY-SA 4.0."
edh:hd001942,work,Epitaph from Mediolanum - Milano,,Latin epitaph; EDH HD001942 from Mediolanum - Milano; monument type: Tafel; material: Marmor; transcription: $] / [--- infeli?]/cissimo et f[ilio? pien?]/tissimo qui vix[it] an(nos) / VII m(enses) X dies XXVII / Victorinianus et ...,available,301,,medium,"Source: Epigraphic Database Heidelberg (https://edh.ub.uni-heidelberg.de), inscription HD001942, retrieved 2026-10-04; inscription type: titulus sepulcralis (EDH genre 'titsep'); province: Transpadana (Regio XI) (EDH code Tra); EDH dating: not before 301 CE, not after 500 CE (199-year window); astronomical start_year 301. Data licence CC BY-SA 4.0. Caveats: wide EDH dating window (199 years)."
edh:hd001943,work,Building/dedicatory inscription from Yukari Iǧde Aǧac,,"Latin building/dedicatory inscription; EDH HD001943 from Yukari Iǧde Aǧac; monument type: Architekturteil; material: Marmor, geädert / farbig; transcription: $ Imp(eratoris) Caes(aris) M(arci) Aur(eli)] Antonini Aug(usti) et Luci Aur(eli) Commodi A[ug(usti) &",available,177,,high,"Source: Epigraphic Database Heidelberg (https://edh.ub.uni-heidelberg.de), inscription HD001943, retrieved 2026-10-04; inscription type: titulus dedicatorius (EDH genre 'titoppubpriv?'); genre attribution uncertain in EDH; province: Galatia (EDH code Gal); EDH dating: not before 177 CE, not after 180 CE (3-year window); astronomical start_year 177. Data licence CC BY-SA 4.0."
edh:hd001945,work,Epitaph from Dertona - Tortona,,Latin epitaph; EDH HD001945 from Dertona - Tortona; monument type: Tafel; material: Marmor; transcription: $] / [--- r]is offici[---] / [---] conderet ut tu[mulum ---] / [---] felix heu nim[ium felix ---] / [---] cum solo tran[...,available,401,,medium,"Source: Epigraphic Database Heidelberg (https://edh.ub.uni-heidelberg.de), inscription HD001945, retrieved 2026-10-04; inscription type: titulus sepulcralis (EDH genre 'titsep'); province: Liguria (Regio IX) (EDH code Lig); EDH dating: not before 401 CE, not after 500 CE (99-year window); astronomical start_year 401. Data licence CC BY-SA 4.0."
edh:hd001946,work,Honorific inscription from Comama - Ürkütlü,,Latin honorific inscription; EDH HD001946 from Comama - Ürkütlü; monument type: Statuenbasis; material: Kalkstein; transcription: [L(ucium)] Paccium M(arci) fi[l(ium)] / [F]ab(ia) Montanu[m] / [tr]ib(unum) leg(ionis) IIII [---] / [---]F[---] / [honor...,available,151,,medium,"Source: Epigraphic Database Heidelberg (https://edh.ub.uni-heidelberg.de), inscription HD001946, retrieved 2026-10-04; inscription type: titulus honorarius (EDH genre 'tithon'); province: Lycia et Pamphylia (EDH code LyP); EDH dating: not before 151 CE, not after 200 CE (49-year window); astronomical start_year 151. Data licence CC BY-SA 4.0."
edh:hd001948,work,"Epitaph from Aquileia, bei - Aquileia, bei",,"Latin epitaph; EDH HD001948 from Aquileia, bei - Aquileia, bei; monument type: Tafel; material: Marmor; transcription: (H)ic iacet agi/tator Urb/icus quis(!) dic/ibatur(!) Rom/ulus qui bix/it(!) an(nos) XXIII m(enses) V d(ies) / X peri(i)t...",available,351,,medium,"Source: Epigraphic Database Heidelberg (https://edh.ub.uni-heidelberg.de), inscription HD001948, retrieved 2026-10-04; inscription type: titulus sepulcralis (EDH genre 'titsep'); province: Venetia et Histria (Regio X) (EDH code VeH); EDH dating: not before 351 CE, not after 400 CE (49-year window); astronomical start_year 351. Data licence CC BY-SA 4.0."
edh:hd001949,work,Epitaph from Caesarea Cappadociae - Kayseri,,GL epitaph; EDH HD001949 from Caesarea Cappadociae - Kayseri; monument type: Stele; material: Kalkstein; transcription: C(aio) Coesio C(ai) f(ilio) / Fab(ia) Floro p(rimo) [p(ilo)] / leg(ionis) IV Scyt(hicae) / praef(ecto) leg(ionis) XI / C...,available,131,,medium,"Source: Epigraphic Database Heidelberg (https://edh.ub.uni-heidelberg.de), inscription HD001949, retrieved 2026-10-04; inscription type: titulus sepulcralis (EDH genre 'titsep'); province: Cappadocia (EDH code Cap); EDH dating: not before 131 CE, not after 230 CE (99-year window); astronomical start_year 131. Data licence CC BY-SA 4.0."
edh:hd001952,work,"Votive inscription from Zeugma (Seleucia), bei - Balkis, bei",,"Latin votive inscription; EDH HD001952 from Zeugma (Seleucia), bei - Balkis, bei; monument type: Fels; transcription: I(ovi) O(ptimo) M(aximo) Silvano / conservatori / Soli devino(!) / legeoni[s](!) IIII Scy(thicae) signif(eri) / Iul(ius)...",available,71,,medium,"Source: Epigraphic Database Heidelberg (https://edh.ub.uni-heidelberg.de), inscription HD001952, retrieved 2026-10-04; inscription type: titulus votivus (EDH genre 'titsac'); province: Syria (EDH code Syr); EDH dating: not before 71 CE, not after 250 CE (179-year window); astronomical start_year 71. Data licence CC BY-SA 4.0. Caveats: wide EDH dating window (179 years)."
edh:hd001954,work,Inscription from Monte di Buja,,Latin inscription; EDH HD001954 from Monte di Buja; monument type: Tafel?; transcription: $] / [---]ON[---] / [---]S L F / [---]MINVS E[---] / F[---] / [&,available,101,,medium,"Source: Epigraphic Database Heidelberg (https://edh.ub.uni-heidelberg.de), inscription HD001954, retrieved 2026-10-04; inscription type not recorded in EDH (genre code 'empty'); province: Venetia et Histria (Regio X) (EDH code VeH); EDH dating: not before 101 CE, not after 250 CE (149-year window); astronomical start_year 101. Data licence CC BY-SA 4.0. Caveats: wide EDH dating window (149 years)."
edh:hd001955,work,"Epitaph from Çardak, bei",,"Latin epitaph; EDH HD001955 from Çardak, bei; monument type: Tafel; material: Kalkstein; transcription: $]/ndus [---] / mil(es) leg(ionis) s(upra) s(criptae) |(centuria) [I?] / has(tati) pos(terioris) con/vicano pos(uit) / b...",available,101,,medium,"Source: Epigraphic Database Heidelberg (https://edh.ub.uni-heidelberg.de), inscription HD001955, retrieved 2026-10-04; inscription type: titulus sepulcralis (EDH genre 'titsep'); province: Syria (EDH code Syr); EDH dating: not before 101 CE, not after 250 CE (149-year window); astronomical start_year 101. Data licence CC BY-SA 4.0. Caveats: wide EDH dating window (149 years)."
edh:hd001957,work,"Epitaph from Verona, bei - Verona, bei",,"Latin epitaph; EDH HD001957 from Verona, bei - Verona, bei; material: Kalkstein; transcription: [---] Arrunti[o] / [P]risco // [A]rruntiai(!) / [M]aximai(!)",available,1,,medium,"Source: Epigraphic Database Heidelberg (https://edh.ub.uni-heidelberg.de), inscription HD001957, retrieved 2026-10-04; inscription type: titulus sepulcralis (EDH genre 'titsep'); province: Venetia et Histria (Regio X) (EDH code VeH); EDH dating: not before 1 CE, not after 50 CE (49-year window); astronomical start_year 1. Data licence CC BY-SA 4.0."
edh:hd001958,work,Inscription from Nordiyeh,,"Latin inscription; EDH HD001958 from Nordiyeh; monument type: Tafel; material: Marmor, geädert / farbig; transcription: $] leg(ato?) Aug(usti) pr(o) pr(aetore) / prov(inciae) [[Pa[le]st[i]nae]] Syr(iae) / [---]NIVS / [&",available,301,,medium,"Source: Epigraphic Database Heidelberg (https://edh.ub.uni-heidelberg.de), inscription HD001958, retrieved 2026-10-04; inscription type not recorded in EDH (genre code 'empty'); province: Iudaea (EDH code Iud); EDH dating: not before 301 CE, not after 400 CE (99-year window); astronomical start_year 301. Data licence CC BY-SA 4.0."
edh:hd001960,work,"Boundary inscription from Garda, bei",,"Latin boundary inscription; EDH HD001960 from Garda, bei; monument type: Block; material: Sandstein; transcription: Iter / precariu/m",available,-29,,medium,"Source: Epigraphic Database Heidelberg (https://edh.ub.uni-heidelberg.de), inscription HD001960, retrieved 2026-10-04; inscription type: terminus (EDH genre 'titterm'); province: Venetia et Histria (Regio X) (EDH code VeH); EDH dating: not before 30 BCE, not after 50 CE (80-year window); astronomical start_year -29. Data licence CC BY-SA 4.0."
edh:hd001963,work,Honorific inscription from Pollentia - Pollenzo,,Latin honorific inscription; EDH HD001963 from Pollentia - Pollenzo; monument type: Tafel; material: Marmor; transcription: $] / [---]nae / [--- Re?]stituti / [co(n)]s(ulis) desig(nati) / sacerdoti / divae Plotinae / Pollentiae / divae Faustina...,available,175,,medium,"Source: Epigraphic Database Heidelberg (https://edh.ub.uni-heidelberg.de), inscription HD001963, retrieved 2026-10-04; inscription type: titulus honorarius (EDH genre 'tithon'); province: Liguria (Regio IX) (EDH code Lig); EDH dating: not before 175 CE, not after 200 CE (25-year window); astronomical start_year 175. Data licence CC BY-SA 4.0."
edh:hd001964,work,Votive inscription from Caesarea Maritima - Har Qesari,,Latin votive inscription; EDH HD001964 from Caesarea Maritima - Har Qesari; monument type: Altar; material: Sandstein; transcription: [Iovi? Optimo? Maximo? Turma?]sgad(a)e // Iulius Magnu[s] / |(centurio) leg(ionis) XII fulm(inatae),available,132,,high,"Source: Epigraphic Database Heidelberg (https://edh.ub.uni-heidelberg.de), inscription HD001964, retrieved 2026-10-04; inscription type: titulus votivus (EDH genre 'titsac'); province: Iudaea (EDH code Iud); EDH dating: not before 132 CE, not after 135 CE (3-year window); astronomical start_year 132. Data licence CC BY-SA 4.0."
edh:hd001966,work,Building/dedicatory inscription from Mediolanum - Milano,,Latin building/dedicatory inscription; EDH HD001966 from Mediolanum - Milano; monument type: Tafel; transcription: [--- Teren]tius P(ubli) f(ilius) Hisp[o] / [legatus Ti(beri) C]aesaris Aug[usti] / [sodalis Titi]us Xvir st(litibus) iud...,available,14,,medium,"Source: Epigraphic Database Heidelberg (https://edh.ub.uni-heidelberg.de), inscription HD001966, retrieved 2026-10-04; inscription type: titulus dedicatorius (EDH genre 'titoppubpriv'); province: Transpadana (Regio XI) (EDH code Tra); EDH dating: not before 14 CE, not after 37 CE (23-year window); astronomical start_year 14. Data licence CC BY-SA 4.0."
edh:hd001967,work,Owner/artist inscription from Augusta Vindelicorum - Augsburg,,Latin owner/artist inscription; EDH HD001967 from Augusta Vindelicorum - Augsburg; monument type: instrdom; material: Ton; transcription: [Al]binus fe(cit),available,151,,medium,"Source: Epigraphic Database Heidelberg (https://edh.ub.uni-heidelberg.de), inscription HD001967, retrieved 2026-10-04; inscription type: titulus possessorius/fabrilis (EDH genre 'titpossfabr'); province: Raetia (EDH code Rae); EDH dating: not before 151 CE, not after 250 CE (99-year window); astronomical start_year 151. Data licence CC BY-SA 4.0."
edh:hd001968,work,Epitaph from unknown findspot,,GL epitaph; EDH HD001968 from unknown findspot; monument type: Tafel; material: Alabaster; transcription: Divi Aug(usti) liberti / Calycis l(ibertae) Hygiae // Θεοῦ Σεβαστοῦ / ἀπελευθέρου / Κάλυκος ἀπελευ/θέρα Ὑγιεία,available,14,,medium,"Source: Epigraphic Database Heidelberg (https://edh.ub.uni-heidelberg.de), inscription HD001968, retrieved 2026-10-04; inscription type: titulus sepulcralis (EDH genre 'titsep'); province: Provincia incerta (EDH code Inc); EDH dating: not before 14 CE, not after 70 CE (56-year window); astronomical start_year 14. Data licence CC BY-SA 4.0."
edh:hd001969,work,"Epitaph from Aquileia, bei - Aquileia, bei",,"Latin epitaph; EDH HD001969 from Aquileia, bei - Aquileia, bei; monument type: Tafel; material: Marmor; transcription: Pardo / Lucifera filio merenti / qui bixit(!) an(n)is cinque(!)",available,301,,medium,"Source: Epigraphic Database Heidelberg (https://edh.ub.uni-heidelberg.de), inscription HD001969, retrieved 2026-10-04; inscription type: titulus sepulcralis (EDH genre 'titsep'); province: Venetia et Histria (Regio X) (EDH code VeH); EDH dating: not before 301 CE, not after 500 CE (199-year window); astronomical start_year 301. Data licence CC BY-SA 4.0. Caveats: wide EDH dating window (199 years)."
edh:hd001971,work,Votive inscription from unknown findspot,,Latin votive inscription; EDH HD001971 from unknown findspot; monument type: Tafel; material: Bronze; transcription: I(ovi) O(ptimo) M(aximo) H(eliopolitano) / signi(!) ka/pitis aquae,available,171,,medium,"Source: Epigraphic Database Heidelberg (https://edh.ub.uni-heidelberg.de), inscription HD001971, retrieved 2026-10-04; inscription type: titulus votivus (EDH genre 'titsac'); province: Provincia incerta (EDH code Inc); EDH dating: not before 171 CE, not after 300 CE (129-year window); astronomical start_year 171. Data licence CC BY-SA 4.0. Caveats: wide EDH dating window (129 years)."
edh:hd001972,work,"Votive inscription from Cuneo, bei",,"Latin votive inscription; EDH HD001972 from Cuneo, bei; monument type: Altar?; material: Marmor; transcription: [---] sacr(um) // [---]anus / [---]ndus / [&",available,1,,medium,"Source: Epigraphic Database Heidelberg (https://edh.ub.uni-heidelberg.de), inscription HD001972, retrieved 2026-10-04; inscription type: titulus votivus (EDH genre 'titsac'); province: Liguria (Regio IX) (EDH code Lig); EDH dating: not before 1 CE, not after 200 CE (199-year window); astronomical start_year 1. Data licence CC BY-SA 4.0. Caveats: wide EDH dating window (199 years)."
edh:hd001973,work,Epitaph from Aelia Capitolina - Jerusalem,,Latin epitaph; EDH HD001973 from Aelia Capitolina - Jerusalem; monument type: Block; transcription: Ti(berius) Cl(audius) Ti(beri) f(ilius) Pop(lilia) Fatalis / Roma |(centurio) leg(ionis) II Aug(ustae) leg(ionis) XX / v...,available,71,,medium,"Source: Epigraphic Database Heidelberg (https://edh.ub.uni-heidelberg.de), inscription HD001973, retrieved 2026-10-04; inscription type: titulus sepulcralis (EDH genre 'titsep'); province: Iudaea (EDH code Iud); EDH dating: not before 71 CE, not after 130 CE (59-year window); astronomical start_year 71. Data licence CC BY-SA 4.0."
edh:hd001976,work,Epitaph from Vicohabentia - Voghenza,,Latin epitaph; EDH HD001976 from Vicohabentia - Voghenza; monument type: Stele; material: Kalkstein; transcription: D(is) M(anibus) // Iuniae Li/ciniae ra/rissim(a)e fem(inae) / Calocerus / co(n)iugi b(ene) m(erenti) p(osuit),available,101,,medium,"Source: Epigraphic Database Heidelberg (https://edh.ub.uni-heidelberg.de), inscription HD001976, retrieved 2026-10-04; inscription type: titulus sepulcralis (EDH genre 'titsep'); province: Aemilia (Regio VIII) (EDH code Aem); EDH dating: not before 101 CE, not after 250 CE (149-year window); astronomical start_year 101. Data licence CC BY-SA 4.0. Caveats: wide EDH dating window (149 years)."
edh:hd001979,work,Epitaph from Vicohabentia - Voghenza,,"Latin epitaph; EDH HD001979 from Vicohabentia - Voghenza; monument type: Altar; material: Marmor, weiß; transcription: D(is) [M(anibus)] // Hyg[i]a hav[e] // bene valeatis // dulcis anima Hygi[ae] / non digna cito peristi",available,101,,medium,"Source: Epigraphic Database Heidelberg (https://edh.ub.uni-heidelberg.de), inscription HD001979, retrieved 2026-10-04; inscription type: titulus sepulcralis (EDH genre 'titsep'); province: Aemilia (Regio VIII) (EDH code Aem); EDH dating: not before 101 CE, not after 250 CE (149-year window); astronomical start_year 101. Data licence CC BY-SA 4.0. Caveats: wide EDH dating window (149 years)."
edh:hd001984,work,Epitaph from Stresa,,Latin epitaph; EDH HD001984 from Stresa; monument type: Stele; material: Gneis; transcription: Luto / Artonis f(ilius),available,1,,medium,"Source: Epigraphic Database Heidelberg (https://edh.ub.uni-heidelberg.de), inscription HD001984, retrieved 2026-10-04; inscription type: titulus sepulcralis (EDH genre 'titsep'); province: Transpadana (Regio XI) (EDH code Tra); EDH dating: not before 1 CE, not after 100 CE (99-year window); astronomical start_year 1. Data licence CC BY-SA 4.0."
edh:hd001985,work,Building/dedicatory inscription from Aelia Capitolina - Jerusalem,,Latin building/dedicatory inscription; EDH HD001985 from Aelia Capitolina - Jerusalem; monument type: Tafel; material: Kalkstein; transcription: [Imp(eratori) Caes(ari) L(ucio) Septimio Severo Pio Pertinaci Aug(usto) Arab(ico)] Adiab(enico) Parth(ico) / [max(imo) p...,available,198,,high,"Source: Epigraphic Database Heidelberg (https://edh.ub.uni-heidelberg.de), inscription HD001985, retrieved 2026-10-04; inscription type: titulus dedicatorius (EDH genre 'titoppubpriv'); province: Iudaea (EDH code Iud); EDH dating: not before 198 CE, not after 209 CE (11-year window); astronomical start_year 198. Data licence CC BY-SA 4.0."
edh:hd001987,work,Epitaph from Stresa,,Latin epitaph; EDH HD001987 from Stresa; monument type: Stele; material: Gneis; transcription: Exobna / Diuconis / f(ilia),available,1,,medium,"Source: Epigraphic Database Heidelberg (https://edh.ub.uni-heidelberg.de), inscription HD001987, retrieved 2026-10-04; inscription type: titulus sepulcralis (EDH genre 'titsep'); province: Transpadana (Regio XI) (EDH code Tra); EDH dating: not before 1 CE, not after 100 CE (99-year window); astronomical start_year 1. Data licence CC BY-SA 4.0."
edh:hd001988,work,Owner/artist inscription from Eski Hisar,,Latin owner/artist inscription; EDH HD001988 from Eski Hisar; monument type: Ziegel; material: Ton; transcription: Leg(ionis) IIII Scyt(hicae),available,193,,high,"Source: Epigraphic Database Heidelberg (https://edh.ub.uni-heidelberg.de), inscription HD001988, retrieved 2026-10-04; inscription type: titulus possessorius/fabrilis (EDH genre 'titpossfabr'); province: Mesopotamia (EDH code Mes); EDH dating: not before 193 CE, not after 211 CE (18-year window); astronomical start_year 193. Data licence CC BY-SA 4.0."
edh:hd001990,work,"Epitaph from Stradella, bei",,"Latin epitaph; EDH HD001990 from Stradella, bei; monument type: Sarkophag; material: Gneis; transcription: Oct(aviae) Valeriae / Afrae Aur(elius) Se/cundinus coni(ugi) ex / her(editate) Venuleia f(ecit)",available,151,,medium,"Source: Epigraphic Database Heidelberg (https://edh.ub.uni-heidelberg.de), inscription HD001990, retrieved 2026-10-04; inscription type: titulus sepulcralis (EDH genre 'titsep'); province: Aemilia (Regio VIII) (EDH code Aem); EDH dating: not before 151 CE, not after 300 CE (149-year window); astronomical start_year 151. Data licence CC BY-SA 4.0. Caveats: wide EDH dating window (149 years)."
edh:hd001993,work,"Epitaph from Clastidium, bei - Casteggio, bei",,"Latin epitaph; EDH HD001993 from Clastidium, bei - Casteggio, bei; monument type: Tafel; transcription: [- P]ublilius / Exsoratus(!) / locum sibi / et suis / in fron/tem p(edes) XX / in agrum / p(edes) XXV / et Secun/d(a)e U...",available,1,,medium,"Source: Epigraphic Database Heidelberg (https://edh.ub.uni-heidelberg.de), inscription HD001993, retrieved 2026-10-04; inscription type: titulus sepulcralis (EDH genre 'titsep'); province: Aemilia (Regio VIII) (EDH code Aem); EDH dating: not before 1 CE, not after 200 CE (199-year window); astronomical start_year 1. Data licence CC BY-SA 4.0. Caveats: wide EDH dating window (199 years)."
edh:hd001996,work,"Inscription from Cuneo, bei",,"Latin inscription; EDH HD001996 from Cuneo, bei; monument type: Altar; material: Marmor; transcription: Aram [---] / [&",available,1,,medium,"Source: Epigraphic Database Heidelberg (https://edh.ub.uni-heidelberg.de), inscription HD001996, retrieved 2026-10-04; inscription type not recorded in EDH (genre code 'empty'); province: Liguria (Regio IX) (EDH code Lig); EDH dating: not before 1 CE, not after 200 CE (199-year window); astronomical start_year 1. Data licence CC BY-SA 4.0. Caveats: wide EDH dating window (199 years)."
edh:hd002004,work,"Votive inscription from Scupi, bei - Skopje, Karpoš",,"Latin votive inscription; EDH HD002004 from Scupi, bei - Skopje, Karpoš; monument type: Tafel; transcription: $] L(uci) f(ilius) Pub(lilia) Re/[---] Verona con/[---] [de]c(urio) quaestor IIv(i)r / [col(oniae) Fl(aviae)?] fel(icis)...",available,101,,medium,"Source: Epigraphic Database Heidelberg (https://edh.ub.uni-heidelberg.de), inscription HD002004, retrieved 2026-10-04; inscription type: titulus votivus (EDH genre 'titsac'); province: Moesia superior (EDH code MoS); EDH dating: not before 101 CE, not after 300 CE (199-year window); astronomical start_year 101. Data licence CC BY-SA 4.0. Caveats: wide EDH dating window (199 years)."
edh:hd002005,work,Votive inscription from Burdigala - Bordeaux,,Latin votive inscription; EDH HD002005 from Burdigala - Bordeaux; monument type: Block; transcription: $]ino(?) / Anician/ni(!) fi(lius) Mer/curi(o) A(u)g(usto) / v(otum) s(olvit) l(ibens) [m(erito)],available,101,,medium,"Source: Epigraphic Database Heidelberg (https://edh.ub.uni-heidelberg.de), inscription HD002005, retrieved 2026-10-04; inscription type: titulus votivus (EDH genre 'titsac'); province: Aquitania (EDH code Aqu); EDH dating: not before 101 CE, not after 200 CE (99-year window); astronomical start_year 101. Data licence CC BY-SA 4.0."
edh:hd002007,work,"Votive inscription from Scupi, bei - Skopje, Karpoš",,"Latin votive inscription; EDH HD002007 from Scupi, bei - Skopje, Karpoš; monument type: Altar; transcription: De[ae] / Aureli(us) / voto lib(ens) / posuit NO / SEMPRIG / et IINFORT",available,101,,medium,"Source: Epigraphic Database Heidelberg (https://edh.ub.uni-heidelberg.de), inscription HD002007, retrieved 2026-10-04; inscription type: titulus votivus (EDH genre 'titsac'); province: Moesia superior (EDH code MoS); EDH dating: not before 101 CE, not after 300 CE (199-year window); astronomical start_year 101. Data licence CC BY-SA 4.0. Caveats: wide EDH dating window (199 years)."
edh:hd002008,work,Epitaph from Turris Libisonis - Porto Torres,,Latin epitaph; EDH HD002008 from Turris Libisonis - Porto Torres; monument type: Tafel?; transcription: Philoponius Fortunatae / virginiae co(n)iugi / filis ac nepotibus / procreatis debitum / Domino reddidit,available,301,,medium,"Source: Epigraphic Database Heidelberg (https://edh.ub.uni-heidelberg.de), inscription HD002008, retrieved 2026-10-04; inscription type: titulus sepulcralis (EDH genre 'titsep'); province: Sardinia (EDH code Sar); EDH dating: not before 301 CE, not after 500 CE (199-year window); astronomical start_year 301. Data licence CC BY-SA 4.0. Caveats: wide EDH dating window (199 years)."
edh:hd002010,work,"Epitaph from Scupi, bei - Skopje, Karpoš",,"Latin epitaph; EDH HD002010 from Scupi, bei - Skopje, Karpoš; monument type: Block; material: Marmor; transcription: C(aio) Sempro/nio C(ai) f(ilio) Quir(ina) / Lupo dec(urioni) q(uaestori) / IIviro col(oniae) / Scupinor(um) / et Terenti...",available,101,,medium,"Source: Epigraphic Database Heidelberg (https://edh.ub.uni-heidelberg.de), inscription HD002010, retrieved 2026-10-04; inscription type: titulus sepulcralis (EDH genre 'titsep'); province: Moesia superior (EDH code MoS); EDH dating: not before 101 CE, not after 250 CE (149-year window); astronomical start_year 101. Data licence CC BY-SA 4.0. Caveats: wide EDH dating window (149 years)."
edh:hd002011,work,Epitaph from Turris Libisonis - Porto Torres,,Latin epitaph; EDH HD002011 from Turris Libisonis - Porto Torres; transcription: (H)ic iacet Gaudi/osa infantula / qui(!) bissit(!) annoru/m plus minu(s) tre/s requiebit(!) in / pacem(!),available,401,,medium,"Source: Epigraphic Database Heidelberg (https://edh.ub.uni-heidelberg.de), inscription HD002011, retrieved 2026-10-04; inscription type: titulus sepulcralis (EDH genre 'titsep'); province: Sardinia (EDH code Sar); EDH dating: not before 401 CE, not after 600 CE (199-year window); astronomical start_year 401. Data licence CC BY-SA 4.0. Caveats: wide EDH dating window (199 years)."
edh:hd002014,work,Epitaph from Tharros - Tharros,,Latin epitaph; EDH HD002014 from Tharros - Tharros; monument type: Mensa; material: Marmor; transcription: D(is) M(anibus) / spirito requiescenti Karissimi / amicorum omnium pr(a)estatori bono / pauperum mandatis serviens / vig...,available,301,,medium,"Source: Epigraphic Database Heidelberg (https://edh.ub.uni-heidelberg.de), inscription HD002014, retrieved 2026-10-04; inscription type: titulus sepulcralis (EDH genre 'titsep'); province: Sardinia (EDH code Sar); EDH dating: not before 301 CE, not after 400 CE (99-year window); astronomical start_year 301. Data licence CC BY-SA 4.0."
edh:hd002017,work,Epitaph from Bravone,,Latin epitaph; EDH HD002017 from Bravone; monument type: Tafel; material: Marmor; transcription: D(is) [M(anibus)] / M(arcus) Stati[us? ---]/ [-]luss[---] / [s]ibi et [suis] / poster[isq(ue)] / et Satu[---]/nurae q[ua...,available,151,,medium,"Source: Epigraphic Database Heidelberg (https://edh.ub.uni-heidelberg.de), inscription HD002017, retrieved 2026-10-04; inscription type: titulus sepulcralis (EDH genre 'titsep'); province: Corsica (EDH code Cor); EDH dating: not before 151 CE, not after 250 CE (99-year window); astronomical start_year 151. Data licence CC BY-SA 4.0."
edh:hd002020,work,"Inscription from Ticinum, bei - Bornasco",,"Latin inscription; EDH HD002020 from Ticinum, bei - Bornasco; monument type: Block; material: Marmor; transcription: $] / Mania L(uci) f(ilia) B[e]tutia Pro[---] / flaminica divae Aug(ustae) [&",available,51,,medium,"Source: Epigraphic Database Heidelberg (https://edh.ub.uni-heidelberg.de), inscription HD002020, retrieved 2026-10-04; inscription type not recorded in EDH (genre code 'empty'); province: Transpadana (Regio XI) (EDH code Tra); EDH dating: not before 51 CE, not after 100 CE (49-year window); astronomical start_year 51. Data licence CC BY-SA 4.0."
edh:hd002021,work,Epitaph from Lipkovo,,Latin epitaph; EDH HD002021 from Lipkovo; monument type: Tafel; transcription: M(arcus) Ulp(ius) Ma/ximus Ti/mentis h(ic) / s(itus) e(st) v(ixit) an(nos) LX,available,101,,medium,"Source: Epigraphic Database Heidelberg (https://edh.ub.uni-heidelberg.de), inscription HD002021, retrieved 2026-10-04; inscription type: titulus sepulcralis (EDH genre 'titsep'); province: Moesia superior (EDH code MoS); EDH dating: not before 101 CE, not after 300 CE (199-year window); astronomical start_year 101. Data licence CC BY-SA 4.0. Caveats: wide EDH dating window (199 years)."
edh:hd002026,work,"Epitaph from Asseria, aus? - Venezia",,"Latin epitaph; EDH HD002026 from Asseria, aus? - Venezia; transcription: Arrun/tiae T(iti) f(iliae) / Secundi/nae / ann(orum) VII / Cla<u>dia Sec/unda n<e=I>p<t=I>i#n<e>p<t>i#NIPII",available,1,,medium,"Source: Epigraphic Database Heidelberg (https://edh.ub.uni-heidelberg.de), inscription HD002026, retrieved 2026-10-04; inscription type: titulus sepulcralis (EDH genre 'titsep'); province: Dalmatia (EDH code Dal); EDH dating: not before 1 CE, not after 100 CE (99-year window); astronomical start_year 1. Data licence CC BY-SA 4.0."
edh:hd002029,work,Building/dedicatory inscription from Aleria - Aléria,,Latin building/dedicatory inscription; EDH HD002029 from Aleria - Aléria; monument type: Tafel; material: Marmor; transcription: $]Aug[---?] / ex senatus c[onsulto] / [---] super propugnac[ula turres?] / qua late portae pr[ospiciunt?] / civibus soci...,available,-26,,medium,"Source: Epigraphic Database Heidelberg (https://edh.ub.uni-heidelberg.de), inscription HD002029, retrieved 2026-10-04; inscription type: titulus dedicatorius (EDH genre 'titoppubpriv?'); genre attribution uncertain in EDH; province: Corsica (EDH code Cor); EDH dating: not before 27 BCE, not after 100 CE (127-year window); astronomical start_year -26. Data licence CC BY-SA 4.0. Caveats: wide EDH dating window (127 years)."
edh:hd002032,work,"Epitaph from Bosa, bei",,"Latin epitaph; EDH HD002032 from Bosa, bei; monument type: Block; material: Trachyt; transcription: L(ucio) Rutilia/no Rutil/ius Felix / pater [---] / f(ecit) v(ixit) a(nnos) X[---]",available,201,,medium,"Source: Epigraphic Database Heidelberg (https://edh.ub.uni-heidelberg.de), inscription HD002032, retrieved 2026-10-04; inscription type: titulus sepulcralis (EDH genre 'titsep'); province: Sardinia (EDH code Sar); EDH dating: not before 201 CE, not after 400 CE (199-year window); astronomical start_year 201. Data licence CC BY-SA 4.0. Caveats: wide EDH dating window (199 years)."
edh:hd002035,work,Epitaph from Turris Libisonis - Porto Torres,,Latin epitaph; EDH HD002035 from Turris Libisonis - Porto Torres; transcription: Memoria Aniani fi[lius!] / Iacotuli nepus(!) pate/ris(!) Aniani mortu(u)s / dein gen(itus) vixit anni/s XVII mense unu(!...,available,401,,medium,"Source: Epigraphic Database Heidelberg (https://edh.ub.uni-heidelberg.de), inscription HD002035, retrieved 2026-10-04; inscription type: titulus sepulcralis (EDH genre 'titsep'); province: Sardinia (EDH code Sar); EDH dating: not before 401 CE, not after 600 CE (199-year window); astronomical start_year 401. Data licence CC BY-SA 4.0. Caveats: wide EDH dating window (199 years)."
edh:hd002038,work,Epitaph from Mediolanum - Milano,,Latin epitaph; EDH HD002038 from Mediolanum - Milano; monument type: Tafel; transcription: D(o)m(ino) / et patrono / amantissimo M(---) / Iuliano viro pre/f(ectissimo?)(!) qui sine fato peri(i)t / qui vixit an(n...,available,351,,medium,"Source: Epigraphic Database Heidelberg (https://edh.ub.uni-heidelberg.de), inscription HD002038, retrieved 2026-10-04; inscription type: titulus sepulcralis (EDH genre 'titsep'); province: Transpadana (Regio XI) (EDH code Tra); EDH dating: not before 351 CE, not after 500 CE (149-year window); astronomical start_year 351. Data licence CC BY-SA 4.0. Caveats: wide EDH dating window (149 years)."
edh:hd002039,work,Epitaph from Bononia - Bologna,,Latin epitaph; EDH HD002039 from Bononia - Bologna; monument type: Stele; material: Sandstein; transcription: $] / A(uli) l(ibertus) R[-]el[-]cn(---) / Apronu[s v]iv(us) / fecit sibi [e]t suis / a l(imite) f(undi) in f(ronte) p(ed...,available,1,,medium,"Source: Epigraphic Database Heidelberg (https://edh.ub.uni-heidelberg.de), inscription HD002039, retrieved 2026-10-04; inscription type: titulus sepulcralis (EDH genre 'titsep'); province: Aemilia (Regio VIII) (EDH code Aem); EDH dating: not before 1 CE, not after 200 CE (199-year window); astronomical start_year 1. Data licence CC BY-SA 4.0. Caveats: wide EDH dating window (199 years)."
edh:hd002041,work,Epitaph from Aleria - Aléria,,"Latin epitaph; EDH HD002041 from Aleria - Aléria; monument type: Tafel; material: Marmor, geädert / farbig; transcription: D(is) [M(anibus)] / Luciae [---] / [---]niae filiae [--- dul]/cissimae c[oniugi qua]/e vixit an(nos) [---] / men(ses) [&",available,151,,medium,"Source: Epigraphic Database Heidelberg (https://edh.ub.uni-heidelberg.de), inscription HD002041, retrieved 2026-10-04; inscription type: titulus sepulcralis (EDH genre 'titsep'); province: Corsica (EDH code Cor); EDH dating: not before 151 CE, not after 300 CE (149-year window); astronomical start_year 151. Data licence CC BY-SA 4.0. Caveats: wide EDH dating window (149 years)."
edh:hd002042,work,Votive inscription from Bois-l'Abbé,,Latin votive inscription; EDH HD002042 from Bois-l'Abbé; monument type: Tafel; transcription: L(ucius) Cerialius Rectus sacerdos R[omae et Aug(usti)] IIIIvir q(uaestor) pra[efectus latro]cinio [arcendo?] / Numinibu...,available,198,,high,"Source: Epigraphic Database Heidelberg (https://edh.ub.uni-heidelberg.de), inscription HD002042, retrieved 2026-10-04; inscription type: titulus votivus (EDH genre 'titsac'); province: Belgica (EDH code Bel); EDH dating: not before 198 CE, not after 211 CE (13-year window); astronomical start_year 198. Data licence CC BY-SA 4.0."
edh:hd002051,work,Votive inscription from (Civitas Alisinensium) - Osterburken,,Latin votive inscription; EDH HD002051 from (Civitas Alisinensium) - Osterburken; monument type: Altar; material: Sandstein; transcription: Deae Candi/dae Reginae be/ne merenti pro / se et suis C(aius) Pau/linius Iustus / mil(es) leg(ionis) XXII P(rimigeniae) ...,available,180,,high,"Source: Epigraphic Database Heidelberg (https://edh.ub.uni-heidelberg.de), inscription HD002051, retrieved 2026-10-04; inscription type: titulus votivus (EDH genre 'titsac'); province: Germania superior (EDH code GeS); EDH dating: not before 180 CE, not after 185 CE (5-year window); astronomical start_year 180. Data licence CC BY-SA 4.0."
edh:hd002054,work,Votive inscription from (Civitas Alisinensium) - Osterburken,,Latin votive inscription; EDH HD002054 from (Civitas Alisinensium) - Osterburken; monument type: Altar; material: Sandstein; transcription: I(ovi) O(ptimo) M(aximo) / Iunoni Reg(inae) / Genio loci / dis deabus/que omnib(us) / L(ucius) Annama/tius Atrect/us b(e...,available,171,,medium,"Source: Epigraphic Database Heidelberg (https://edh.ub.uni-heidelberg.de), inscription HD002054, retrieved 2026-10-04; inscription type: titulus votivus (EDH genre 'titsac'); province: Germania superior (EDH code GeS); EDH dating: not before 171 CE, not after 200 CE (29-year window); astronomical start_year 171. Data licence CC BY-SA 4.0."
edh:hd002063,work,Votive inscription from (Civitas Alisinensium) - Osterburken,,Latin votive inscription; EDH HD002063 from (Civitas Alisinensium) - Osterburken; monument type: Altar; material: Sandstein; transcription: I(ovi) O(ptimo) M(aximo) / et Iunoni / Reginae / T(itus) Essimni/us Tertius b(ene)f(iciarius) co(n)s(ularis) pro / se et...,available,171,,medium,"Source: Epigraphic Database Heidelberg (https://edh.ub.uni-heidelberg.de), inscription HD002063, retrieved 2026-10-04; inscription type: titulus votivus (EDH genre 'titsac'); province: Germania superior (EDH code GeS); EDH dating: not before 171 CE, not after 231 CE (60-year window); astronomical start_year 171. Data licence CC BY-SA 4.0."
edh:hd002066,work,Votive inscription from (Civitas Alisinensium) - Osterburken,,Latin votive inscription; EDH HD002066 from (Civitas Alisinensium) - Osterburken; monument type: Altar; material: Sandstein; transcription: I(ovi) O(ptimo) M(aximo) / et Iunoni / Reginae / et Genio loci / dis deabusq/ue omnibus / G(aius) Iul(ius) Iullinus / mi...,available,171,,medium,"Source: Epigraphic Database Heidelberg (https://edh.ub.uni-heidelberg.de), inscription HD002066, retrieved 2026-10-04; inscription type: titulus votivus (EDH genre 'titsac'); province: Germania superior (EDH code GeS); EDH dating: not before 171 CE, not after 200 CE (29-year window); astronomical start_year 171. Data licence CC BY-SA 4.0."
edh:hd002069,work,Votive inscription from (Civitas Alisinensium) - Osterburken,,Latin votive inscription; EDH HD002069 from (Civitas Alisinensium) - Osterburken; monument type: Altar; material: Sandstein; transcription: I(ovi) O(ptimo) M(aximo) / et Iunoni / Reginae et / Genio loci / Q(uintus) Cornelius Sab(atina) Severianus / mil(es) leg...,available,171,,medium,"Source: Epigraphic Database Heidelberg (https://edh.ub.uni-heidelberg.de), inscription HD002069, retrieved 2026-10-04; inscription type: titulus votivus (EDH genre 'titsac'); province: Germania superior (EDH code GeS); EDH dating: not before 171 CE, not after 230 CE (59-year window); astronomical start_year 171. Data licence CC BY-SA 4.0."
edh:hd002072,work,Votive inscription from (Civitas Alisinensium) - Osterburken,,Latin votive inscription; EDH HD002072 from (Civitas Alisinensium) - Osterburken; monument type: Altar; transcription: I(ovi) O(ptimo) M(aximo) et Iu/noni Regin(ae) / et Marti Ex/albiovici / dis deab(us)q(ue) / omnibus / et Genio loci / pr...,available,171,,medium,"Source: Epigraphic Database Heidelberg (https://edh.ub.uni-heidelberg.de), inscription HD002072, retrieved 2026-10-04; inscription type: titulus votivus (EDH genre 'titsac'); province: Germania superior (EDH code GeS); EDH dating: not before 171 CE, not after 200 CE (29-year window); astronomical start_year 171. Data licence CC BY-SA 4.0."
edh:hd002075,work,Epitaph from Tarnaiae Nantuatium (Acaunum) - S.-Maurice,,Latin epitaph; EDH HD002075 from Tarnaiae Nantuatium (Acaunum) - S.-Maurice; monument type: Stele; material: Gesteine; transcription: [---] Anchari(u)s / [---?] Pacatus / [---]sia poni iussit / [ex] HS n(ummum) XII,available,1,,medium,"Source: Epigraphic Database Heidelberg (https://edh.ub.uni-heidelberg.de), inscription HD002075, retrieved 2026-10-04; inscription type: titulus sepulcralis (EDH genre 'titsep'); province: Alpes Poeninae (EDH code AlP); EDH dating: not before 1 CE, not after 100 CE (99-year window); astronomical start_year 1. Data licence CC BY-SA 4.0."
edh:hd002078,work,Epitaph from Tarnaiae Nantuatium (Acaunum) - S.-Maurice,,Latin epitaph; EDH HD002078 from Tarnaiae Nantuatium (Acaunum) - S.-Maurice; monument type: Sarkophag; material: Kalkstein; transcription: MM(anibus) // Nitoniae Avitianae clar(issimae) fem(inae) / Vassonius Gellianus et / Nitonia Marcella et / Nitonius Pompe...,available,201,,medium,"Source: Epigraphic Database Heidelberg (https://edh.ub.uni-heidelberg.de), inscription HD002078, retrieved 2026-10-04; inscription type: titulus sepulcralis (EDH genre 'titsep'); province: Alpes Poeninae (EDH code AlP); EDH dating: not before 201 CE, not after 300 CE (99-year window); astronomical start_year 201. Data licence CC BY-SA 4.0."
edh:hd002091,work,Epitaph from Claudiopolis - Bolu,,"Latin epitaph; EDH HD002091 from Claudiopolis - Bolu; monument type: Stele; material: Marmor, geädert / farbig; transcription: D(is) M(anibus) / Val(erius) Fuscianus d[uc]enarius ex / regione Scadiesiana vico / qui vixit annis L stipendi[or]um XXV...",available,284,,medium,"Source: Epigraphic Database Heidelberg (https://edh.ub.uni-heidelberg.de), inscription HD002091, retrieved 2026-10-04; inscription type: titulus sepulcralis (EDH genre 'titsep'); province: Bithynia et Pontus (EDH code BiP); EDH dating: not before 284 CE, not after 324 CE (40-year window); astronomical start_year 284. Data licence CC BY-SA 4.0."
edh:hd002093,work,Votive inscription from (Civitas Alisinensium) - Osterburken,,Latin votive inscription; EDH HD002093 from (Civitas Alisinensium) - Osterburken; monument type: Altar; material: Sandstein; transcription: In h(onorem) d(omus) d(ivinae) I(ovi) O(ptimo) M(aximo) / Iun(oni) Reg(inae) Fort(unae) / Red(uci) dis dea/busq(ue) omni...,available,201,,medium,"Source: Epigraphic Database Heidelberg (https://edh.ub.uni-heidelberg.de), inscription HD002093, retrieved 2026-10-04; inscription type: titulus votivus (EDH genre 'titsac'); province: Germania superior (EDH code GeS); EDH dating: not before 201 CE, not after 250 CE (49-year window); astronomical start_year 201. Data licence CC BY-SA 4.0."
edh:hd002094,work,Epitaph from Noviodunum - Isaccea,,Latin epitaph; EDH HD002094 from Noviodunum - Isaccea; monument type: Tafel; transcription: [------] / [Kr?]ystallus alumnus / Postumi praef(ecti) class(is) / apud fluent[u]m I[b]e[r]ic(um) / Romanus infans editu...,available,201,,medium,"Source: Epigraphic Database Heidelberg (https://edh.ub.uni-heidelberg.de), inscription HD002094, retrieved 2026-10-04; inscription type: titulus sepulcralis (EDH genre 'titsep'); province: Moesia inferior (EDH code MoI); EDH dating: not before 201 CE, not after 300 CE (99-year window); astronomical start_year 201. Data licence CC BY-SA 4.0."
edh:hd002096,work,Votive inscription from (Civitas Alisinensium) - Osterburken,,Latin votive inscription; EDH HD002096 from (Civitas Alisinensium) - Osterburken; monument type: Altar; material: Sandstein; transcription: Diae(!) Candid(a)e Reg(inae) et num(ini) eius // L(ucius) Traianius Iblioma/rus mil(es) leg(ionis) VIII Aug(ustae) / b(e...,available,171,,medium,"Source: Epigraphic Database Heidelberg (https://edh.ub.uni-heidelberg.de), inscription HD002096, retrieved 2026-10-04; inscription type: titulus votivus (EDH genre 'titsac'); province: Germania superior (EDH code GeS); EDH dating: not before 171 CE, not after 230 CE (59-year window); astronomical start_year 171. Data licence CC BY-SA 4.0."
edh:hd002097,work,"Mile-/Leaguestone from Athenae, bei - Patrasso - Athínai, zwischen",,"GL mile-/leaguestone; EDH HD002097 from Athenae, bei - Patrasso - Athínai, zwischen; monument type: Meilenstein; material: Marmor, geädert / farbig; transcription: [Α]ὐτοκράτορι / [Κ]αίσαρι / [[[---]]] / [Ε]ὐσεβεῖ Εὐτυχε[ι] / Σεβαστῶι / [ἐ]ξ ἄστεως / ϛ // [---] / [Σ]ε[βα ]/στοῖς Βαλλ...",available,395,,high,"Source: Epigraphic Database Heidelberg (https://edh.ub.uni-heidelberg.de), inscription HD002097, retrieved 2026-10-04; inscription type: miliarium (EDH genre 'miliarium'); province: Achaia (EDH code Ach); EDH dating: not before 395 CE, not after 397 CE (2-year window); astronomical start_year 395. Data licence CC BY-SA 4.0."
edh:hd002099,work,Votive inscription from (Civitas Alisinensium) - Osterburken,,Latin votive inscription; EDH HD002099 from (Civitas Alisinensium) - Osterburken; monument type: Altar; material: Sandstein; transcription: I(ovi) O(ptimo) M(aximo) / L(ucius) Mansue/tius Cons/tans b(ene)f(iciarius) / co(n)s(ularis) pro / se et suos(!) / v(otu...,available,151,,medium,"Source: Epigraphic Database Heidelberg (https://edh.ub.uni-heidelberg.de), inscription HD002099, retrieved 2026-10-04; inscription type: titulus votivus (EDH genre 'titsac'); province: Germania superior (EDH code GeS); EDH dating: not before 151 CE, not after 200 CE (49-year window); astronomical start_year 151. Data licence CC BY-SA 4.0."
edh:hd002101,work,Epitaph from Mediolanum - Milano,,Latin epitaph; EDH HD002101 from Mediolanum - Milano; monument type: Tafel; transcription: [---]ius subducitur an(n)us / [---]oe sero sub nube iacenti / [---]IIL[--- f]rigi[d]a os(s)a C(h)arybde / [Ma]rcel(l)in[...,available,301,,medium,"Source: Epigraphic Database Heidelberg (https://edh.ub.uni-heidelberg.de), inscription HD002101, retrieved 2026-10-04; inscription type: titulus sepulcralis (EDH genre 'titsep'); province: Transpadana (Regio XI) (EDH code Tra); EDH dating: not before 301 CE, not after 400 CE (99-year window); astronomical start_year 301. Data licence CC BY-SA 4.0."
edh:hd002102,work,Owner/artist inscription from Lousonna - Lausanne,,Latin owner/artist inscription; EDH HD002102 from Lousonna - Lausanne; monument type: instrdom; material: Ton; transcription: M(arci) / Iuli Martialis / CIIII(?),available,69,,medium,"Source: Epigraphic Database Heidelberg (https://edh.ub.uni-heidelberg.de), inscription HD002102, retrieved 2026-10-04; inscription type: titulus possessorius/fabrilis (EDH genre 'titpossfabr'); province: Germania superior (EDH code GeS); EDH dating: not before 69 CE, not after 96 CE (27-year window); astronomical start_year 69. Data licence CC BY-SA 4.0."
edh:hd002104,work,Defixio from Lucciana,,Latin defixio; EDH HD002104 from Lucciana; monument type: Tafel; material: Blei; transcription: $] / [---]ule vindica te qui tibi male f[aciet] qui [---] / [--- v]indica te et si C(aius) Statius tibi nocuit ab eo vin...,available,1,,medium,"Source: Epigraphic Database Heidelberg (https://edh.ub.uni-heidelberg.de), inscription HD002104, retrieved 2026-10-04; inscription type: defixio (EDH genre 'titdefix'); province: Corsica (EDH code Cor); EDH dating: not before 1 CE, not after 100 CE (99-year window); astronomical start_year 1. Data licence CC BY-SA 4.0."
edh:hd002107,work,Epitaph from Mediolanum - Milano,,Latin epitaph; EDH HD002107 from Mediolanum - Milano; monument type: Tafel; material: Marmor; transcription: B(o)n(ae) m(emoriae) / Adtic(a)e(!) Leae qu(a)e ante tenpus(!) sicut / arbor deruit inm[a]tura poma / reliquid(!) quorum...,available,301,,medium,"Source: Epigraphic Database Heidelberg (https://edh.ub.uni-heidelberg.de), inscription HD002107, retrieved 2026-10-04; inscription type: titulus sepulcralis (EDH genre 'titsep'); province: Transpadana (Regio XI) (EDH code Tra); EDH dating: not before 301 CE, not after 500 CE (199-year window); astronomical start_year 301. Data licence CC BY-SA 4.0. Caveats: wide EDH dating window (199 years)."
edh:hd002108,work,Owner/artist inscription from Augusta Treverorum - Trier,,Latin owner/artist inscription; EDH HD002108 from Augusta Treverorum - Trier; monument type: Tessera; material: Blei; transcription: Marti / cortex // p(ondo) XVIII (sestertius?) I,available,101,,medium,"Source: Epigraphic Database Heidelberg (https://edh.ub.uni-heidelberg.de), inscription HD002108, retrieved 2026-10-04; inscription type: titulus possessorius/fabrilis (EDH genre 'titpossfabr'); province: Belgica (EDH code Bel); EDH dating: not before 101 CE, not after 200 CE (99-year window); astronomical start_year 101. Data licence CC BY-SA 4.0."
edh:hd002110,work,"Calendar from Cupra Maritima, bei - Montefiore dell'Aso",,"Latin calendar; EDH HD002110 from Cupra Maritima, bei - Montefiore dell'Aso; monument type: Tafel; material: Kalkstein; transcription: $] / [D XIIII n(efastus)] Ludi / [E XIII C]er(ialia) n(efastus) p(ublicus) in cir[co ---] / [F XII n(efastus)] / [G XI P...",available,1,,medium,"Source: Epigraphic Database Heidelberg (https://edh.ub.uni-heidelberg.de), inscription HD002110, retrieved 2026-10-04; inscription type: fasti (EDH genre 'fasti'); province: Picenum (Regio V) (EDH code Pic); EDH dating: not before 1 CE, not after 100 CE (99-year window); astronomical start_year 1. Data licence CC BY-SA 4.0."
edh:hd002111,work,Votive inscription from Ganuenta? - Colijnsplaat,,Latin votive inscription; EDH HD002111 from Ganuenta? - Colijnsplaat; monument type: Statuenbasis; material: Kalkstein; transcription: Immuni(i) / Primus et / Ibliomarus / Trev(eri) v(otum) s(olverunt) l(ibentes) m(erito),available,151,,medium,"Source: Epigraphic Database Heidelberg (https://edh.ub.uni-heidelberg.de), inscription HD002111, retrieved 2026-10-04; inscription type: titulus votivus (EDH genre 'titsac'); province: Belgica (EDH code Bel); EDH dating: not before 151 CE, not after 250 CE (99-year window); astronomical start_year 151. Data licence CC BY-SA 4.0."
edh:hd002114,work,Epitaph from Turris Libisonis - Porto Torres,,Latin epitaph; EDH HD002114 from Turris Libisonis - Porto Torres; monument type: Tafel; material: Marmor; transcription: D(is) [M(anibus)] / Flaviae A[---] / T(itus) Aelius Aug(usti) [l(ibertus) Vic]tor proc(urator) r[eg(ionis)] / [---]e [--...,available,138,,medium,"Source: Epigraphic Database Heidelberg (https://edh.ub.uni-heidelberg.de), inscription HD002114, retrieved 2026-10-04; inscription type: titulus sepulcralis (EDH genre 'titsep'); province: Sardinia (EDH code Sar); EDH dating: not before 138 CE, not after 161 CE (23-year window); astronomical start_year 138. Data licence CC BY-SA 4.0."
edh:hd002119,work,Honorific inscription from Ephesus,,GL honorific inscription; EDH HD002119 from Ephesus; monument type: Statuenbasis; material: Marmor; transcription: Ti(berio) Claudio Aug(usti) lib(erto) / Classico / divi T(iti) a cubiculo et proc(uratori) / castrensi divi Nervae / pro...,available,98,,high,"Source: Epigraphic Database Heidelberg (https://edh.ub.uni-heidelberg.de), inscription HD002119, retrieved 2026-10-04; inscription type: titulus honorarius (EDH genre 'tithon'); province: Asia (EDH code Asi); EDH dating: not before 98 CE, not after 117 CE (19-year window); astronomical start_year 98. Data licence CC BY-SA 4.0."
edh:hd002120,work,Epitaph from Tarnaiae Nantuatium (Acaunum) - S.-Maurice,,Latin epitaph; EDH HD002120 from Tarnaiae Nantuatium (Acaunum) - S.-Maurice; monument type: Stele; material: Kalkstein; transcription: [D(is) M(anibus)](?) / V[ine]li[a]e Veg[e]/tin[a]e T(iti) V[i]neli / Ama[n]di filiae / Nitoniu[s] Vege/tinus fil[i]us / ...,available,101,,medium,"Source: Epigraphic Database Heidelberg (https://edh.ub.uni-heidelberg.de), inscription HD002120, retrieved 2026-10-04; inscription type: titulus sepulcralis (EDH genre 'titsep'); province: Alpes Poeninae (EDH code AlP); EDH dating: not before 101 CE, not after 200 CE (99-year window); astronomical start_year 101. Data licence CC BY-SA 4.0."
edh:hd002123,work,Mile-/Leaguestone from Tarnaiae Nantuatium (Acaunum) - S.-Maurice,,Latin mile-/leaguestone; EDH HD002123 from Tarnaiae Nantuatium (Acaunum) - S.-Maurice; monument type: Meilenstein; material: Kalkstein; transcription: [Imp(eratori) Caes(ari) M(arco)] / [Aurelio Caro] / [Pio Fel(ici) Invic(to)] / [Aug(usto) pont(ifici) max(imo)] / tri[b(...,available,282,,high,"Source: Epigraphic Database Heidelberg (https://edh.ub.uni-heidelberg.de), inscription HD002123, retrieved 2026-10-04; inscription type: miliarium (EDH genre 'miliarium'); province: Alpes Poeninae (EDH code AlP); EDH dating: not before 282 CE, not after 283 CE (1-year window); astronomical start_year 282. Data licence CC BY-SA 4.0."
edh:hd002126,work,Votive inscription from Octodurus Varagrorum (Forum Claudii Vallensium) - Martigny,,Latin votive inscription; EDH HD002126 from Octodurus Varagrorum (Forum Claudii Vallensium) - Martigny; material: Kalkstein; transcription: Deo Mart[i] / MOTM[---] / OME[&,available,1,,medium,"Source: Epigraphic Database Heidelberg (https://edh.ub.uni-heidelberg.de), inscription HD002126, retrieved 2026-10-04; inscription type: titulus votivus (EDH genre 'titsac'); province: Alpes Poeninae (EDH code AlP); EDH dating: not before 1 CE, not after 200 CE (199-year window); astronomical start_year 1. Data licence CC BY-SA 4.0. Caveats: wide EDH dating window (199 years)."
edh:hd002131,work,Epitaph from Vesontio (Civitas Sequanorum) - Besançon,,Latin epitaph; EDH HD002131 from Vesontio (Civitas Sequanorum) - Besançon; monument type: Block; material: Kalkstein; transcription: Geminia Titulla / Arausiensis mater / sacrorum hic / adquiescit / D(ecimus) Iul(ius) P(ubli) l(ibertus) Auctus con(iugi?...,available,201,,medium,"Source: Epigraphic Database Heidelberg (https://edh.ub.uni-heidelberg.de), inscription HD002131, retrieved 2026-10-04; inscription type: titulus sepulcralis (EDH genre 'titsep'); province: Germania superior (EDH code GeS); EDH dating: not before 201 CE, not after 300 CE (99-year window); astronomical start_year 201. Data licence CC BY-SA 4.0."
edh:hd002132,work,Votive inscription from Augusta Treverorum - Trier,,Latin votive inscription; EDH HD002132 from Augusta Treverorum - Trier; monument type: Altar; transcription: [I]n h(onorem) d(omus) d(ivinae) Marti / et Ancamnae / C(aius) Serotinius / Iustus ex voto / posuit,available,171,,medium,"Source: Epigraphic Database Heidelberg (https://edh.ub.uni-heidelberg.de), inscription HD002132, retrieved 2026-10-04; inscription type: titulus votivus (EDH genre 'titsac'); province: Belgica (EDH code Bel); EDH dating: not before 171 CE, not after 250 CE (79-year window); astronomical start_year 171. Data licence CC BY-SA 4.0."
edh:hd002135,work,Epitaph from Octodurus Varagrorum (Forum Claudii Vallensium) - Martigny,,Latin epitaph; EDH HD002135 from Octodurus Varagrorum (Forum Claudii Vallensium) - Martigny; monument type: Stele; material: Gesteine; transcription: Quinctiai(!) / Maximai(!) / matri,available,31,,medium,"Source: Epigraphic Database Heidelberg (https://edh.ub.uni-heidelberg.de), inscription HD002135, retrieved 2026-10-04; inscription type: titulus sepulcralis (EDH genre 'titsep'); province: Alpes Poeninae (EDH code AlP); EDH dating: not before 31 CE, not after 70 CE (39-year window); astronomical start_year 31. Data licence CC BY-SA 4.0."
edh:hd002141,work,Identification inscription from Augusta Treverorum - Trier,,Latin identification inscription; EDH HD002141 from Augusta Treverorum - Trier; monument type: Tessera; material: Blei; transcription: Novel(l)u[m] / piper [---] // p(ondo) VIII / n(ummum?) se(stertium?) XX[---],available,101,,medium,"Source: Epigraphic Database Heidelberg (https://edh.ub.uni-heidelberg.de), inscription HD002141, retrieved 2026-10-04; inscription type: nota (EDH genre 'nota'); province: Belgica (EDH code Bel); EDH dating: not before 101 CE, not after 200 CE (99-year window); astronomical start_year 101. Data licence CC BY-SA 4.0."
edh:hd002143,work,Epitaph from Istrus - Istria,,Latin epitaph; EDH HD002143 from Istrus - Istria; monument type: Stele; material: Kalkstein; transcription: [---?] / Mama [---?] Da[dae?] lib[ert]a / patrono bene me/renti tit(u)lum posu/it de suo segun/dum(!) voluctatem(!) / te...,available,201,,medium,"Source: Epigraphic Database Heidelberg (https://edh.ub.uni-heidelberg.de), inscription HD002143, retrieved 2026-10-04; inscription type: titulus sepulcralis (EDH genre 'titsep'); province: Moesia inferior (EDH code MoI); EDH dating: not before 201 CE, not after 300 CE (99-year window); astronomical start_year 201. Data licence CC BY-SA 4.0."
edh:hd002144,work,Identification inscription from Augusta Treverorum - Trier,,Latin identification inscription; EDH HD002144 from Augusta Treverorum - Trier; monument type: Tessera; material: Blei; transcription: P(ondo) XIV / n(ummum sestertium?) XXXIIIIII,available,101,,medium,"Source: Epigraphic Database Heidelberg (https://edh.ub.uni-heidelberg.de), inscription HD002144, retrieved 2026-10-04; inscription type: nota (EDH genre 'nota'); province: Belgica (EDH code Bel); EDH dating: not before 101 CE, not after 300 CE (199-year window); astronomical start_year 101. Data licence CC BY-SA 4.0. Caveats: wide EDH dating window (199 years)."
edh:hd002146,work,Votive inscription from Istrus - Istria,,Latin votive inscription; EDH HD002146 from Istrus - Istria; monument type: Altar; material: Gesteine; transcription: Maioribus / sanctis Sul/picianus / Timocrati / ex voto po/suit pro se et / suos(!),available,101,,medium,"Source: Epigraphic Database Heidelberg (https://edh.ub.uni-heidelberg.de), inscription HD002146, retrieved 2026-10-04; inscription type: titulus votivus (EDH genre 'titsac'); province: Moesia inferior (EDH code MoI); EDH dating: not before 101 CE, not after 300 CE (199-year window); astronomical start_year 101. Data licence CC BY-SA 4.0. Caveats: wide EDH dating window (199 years)."
edh:hd002147,work,Owner/artist inscription from Augusta Treverorum - Trier,,Latin owner/artist inscription; EDH HD002147 from Augusta Treverorum - Trier; monument type: Tessera; material: Blei; transcription: Boroani mic[tualia? medicamenta?] // ONI[---],available,101,,medium,"Source: Epigraphic Database Heidelberg (https://edh.ub.uni-heidelberg.de), inscription HD002147, retrieved 2026-10-04; inscription type: titulus possessorius/fabrilis (EDH genre 'titpossfabr'); province: Belgica (EDH code Bel); EDH dating: not before 101 CE, not after 300 CE (199-year window); astronomical start_year 101. Data licence CC BY-SA 4.0. Caveats: wide EDH dating window (199 years)."
edh:hd002149,work,Epitaph from Istrus - Istria,,Latin epitaph; EDH HD002149 from Istrus - Istria; monument type: Stele; material: Kalkstein; transcription: D(is) M(anibus) / Aur(elius) Firmus / veteranus ex / dec(urione) al(ae) II Araba/corum(!) vixit an/nis L Aur(elia) Vetti...,available,101,,medium,"Source: Epigraphic Database Heidelberg (https://edh.ub.uni-heidelberg.de), inscription HD002149, retrieved 2026-10-04; inscription type: titulus sepulcralis (EDH genre 'titsep'); province: Moesia inferior (EDH code MoI); EDH dating: not before 101 CE, not after 300 CE (199-year window); astronomical start_year 101. Data licence CC BY-SA 4.0. Caveats: wide EDH dating window (199 years)."
edh:hd002150,work,Owner/artist inscription from Octodurus Varagrorum (Forum Claudii Vallensium) - Martigny,,Latin owner/artist inscription; EDH HD002150 from Octodurus Varagrorum (Forum Claudii Vallensium) - Martigny; monument type: instrdom; material: Schiefer; transcription: I(uli) Vic(tori) Victoris / decentetu(m) p(ost) im(petum) // I(uli) Vic(tori) Victoris / lenem(entum) cont(ra) li(ppitud...,available,101,,medium,"Source: Epigraphic Database Heidelberg (https://edh.ub.uni-heidelberg.de), inscription HD002150, retrieved 2026-10-04; inscription type: titulus possessorius/fabrilis (EDH genre 'titpossfabr'); province: Alpes Poeninae (EDH code AlP); EDH dating: not before 101 CE, not after 300 CE (199-year window); astronomical start_year 101. Data licence CC BY-SA 4.0. Caveats: wide EDH dating window (199 years)."
edh:hd002152,work,Epitaph from Istrus - Istria,,Latin epitaph; EDH HD002152 from Istrus - Istria; monument type: Stele; material: Kalkstein; transcription: D(is) I(nferis) M(anibus) / Victor filius Cor/[neli ---]IA/[--- vixit an]/nis XVI cui sapul/chrum(!) fecit et / titulum ...,available,201,,medium,"Source: Epigraphic Database Heidelberg (https://edh.ub.uni-heidelberg.de), inscription HD002152, retrieved 2026-10-04; inscription type: titulus sepulcralis (EDH genre 'titsep'); province: Moesia inferior (EDH code MoI); EDH dating: not before 201 CE, not after 250 CE (49-year window); astronomical start_year 201. Data licence CC BY-SA 4.0."
edh:hd002153,work,"Epitaph from Salonae, bei - Solin",,"Latin epitaph; EDH HD002153 from Salonae, bei - Solin; monument type: Stele; material: Kalkstein; transcription: D(is) M(anibus) / Noeto / Aug(usti) / vernae / adiut(ori) tab(ularii) / b(ene) m(erenti) / coll(egae) fec(erunt)",available,201,,medium,"Source: Epigraphic Database Heidelberg (https://edh.ub.uni-heidelberg.de), inscription HD002153, retrieved 2026-10-04; inscription type: titulus sepulcralis (EDH genre 'titsep'); province: Dalmatia (EDH code Dal); EDH dating: not before 201 CE, not after 300 CE (99-year window); astronomical start_year 201. Data licence CC BY-SA 4.0."
edh:hd002155,work,"Epitaph from Vicus Quintionis, aus? - Istria",,"Latin epitaph; EDH HD002155 from Vicus Quintionis, aus? - Istria; monument type: Stele; material: Kalkstein; transcription: D(is) M(anibus) / Aur(elio) (H)ercula/no Seuti Aur(elia) Dusia / Seuti co(n)iux et Aur(elius) / Cocceius (h)er(es) et Au...",available,201,,medium,"Source: Epigraphic Database Heidelberg (https://edh.ub.uni-heidelberg.de), inscription HD002155, retrieved 2026-10-04; inscription type: titulus sepulcralis (EDH genre 'titsep'); province: Moesia inferior (EDH code MoI); EDH dating: not before 201 CE, not after 300 CE (99-year window); astronomical start_year 201. Data licence CC BY-SA 4.0."
edh:hd002156,work,Acclamation from Octodurus Varagrorum (Forum Claudii Vallensium) - Martigny,,"Latin acclamation; EDH HD002156 from Octodurus Varagrorum (Forum Claudii Vallensium) - Martigny; monument type: instrdom; material: Glas, Gold; transcription: Cum / Vive/ntio",available,351,,medium,"Source: Epigraphic Database Heidelberg (https://edh.ub.uni-heidelberg.de), inscription HD002156, retrieved 2026-10-04; inscription type: acclamatio (EDH genre 'titaccl'); province: Alpes Poeninae (EDH code AlP); EDH dating: not before 351 CE, not after 400 CE (49-year window); astronomical start_year 351. Data licence CC BY-SA 4.0."
edh:hd002158,work,Epitaph from Istrus - Istria,,Latin epitaph; EDH HD002158 from Istrus - Istria; monument type: Stele; transcription: D(is) M(anibus) / Mucatrio / Seutonis / f(ilius) vixit ann(os) / XXXV / Seuto SOP(?) / [&,available,201,,medium,"Source: Epigraphic Database Heidelberg (https://edh.ub.uni-heidelberg.de), inscription HD002158, retrieved 2026-10-04; inscription type: titulus sepulcralis (EDH genre 'titsep'); province: Moesia inferior (EDH code MoI); EDH dating: not before 201 CE, not after 300 CE (99-year window); astronomical start_year 201. Data licence CC BY-SA 4.0."
edh:hd002159,work,Honorific inscription from Octodurus Varagrorum (Forum Claudii Vallensium) - Martigny,,Latin honorific inscription; EDH HD002159 from Octodurus Varagrorum (Forum Claudii Vallensium) - Martigny; monument type: Statuenbasis?; material: Kalkstein; transcription: Imp(eratori) Ca[esari] / [d]ivi [Nervae f(ilio)] / [Nervae Traiano] / [Aug(usto) German]/i[co Dacico] / po[ntifici] / ma...,available,107,,high,"Source: Epigraphic Database Heidelberg (https://edh.ub.uni-heidelberg.de), inscription HD002159, retrieved 2026-10-04; inscription type: titulus honorarius (EDH genre 'tithon'); province: Alpes Poeninae (EDH code AlP); EDH dating: not before 107 CE, not after 108 CE (1-year window); astronomical start_year 107. Data licence CC BY-SA 4.0."
edh:hd002161,work,Epitaph from Istrus - Istria,,GL epitaph; EDH HD002161 from Istrus - Istria; monument type: Stele; material: Kalkstein; transcription: Ael(ius) Victor b(ene)f(iciarius) co(n)s(ularis) l[eg(ionis) I] / Itali(cae) vixit annis X[XXVIII] / mil(itavit) annis X...,available,169,,medium,"Source: Epigraphic Database Heidelberg (https://edh.ub.uni-heidelberg.de), inscription HD002161, retrieved 2026-10-04; inscription type: titulus sepulcralis (EDH genre 'titsep'); province: Moesia inferior (EDH code MoI); EDH dating: not before 169 CE, not after 300 CE (131-year window); astronomical start_year 169. Data licence CC BY-SA 4.0. Caveats: wide EDH dating window (131 years)."
edh:hd002164,work,Epitaph from Istrus - Istria,,Latin epitaph; EDH HD002164 from Istrus - Istria; monument type: Stele; material: Kalkstein; transcription: D(is) M(anibus) / Val(eri) Iustini Iusti/[&,available,101,,medium,"Source: Epigraphic Database Heidelberg (https://edh.ub.uni-heidelberg.de), inscription HD002164, retrieved 2026-10-04; inscription type: titulus sepulcralis (EDH genre 'titsep'); province: Moesia inferior (EDH code MoI); EDH dating: not before 101 CE, not after 200 CE (99-year window); astronomical start_year 101. Data licence CC BY-SA 4.0."
edh:hd002167,work,Votive inscription from Vicus Quintionis - Mihai Viteazu,,Latin votive inscription; EDH HD002167 from Vicus Quintionis - Mihai Viteazu; monument type: Altar; material: Gesteine; transcription: I(ovi) O(ptimo) M(aximo) / et Iunoni Re/gi(nae) pro sa(lute) Imp(eratoris) / Aug(usti) civit(as) / et reg(io) His(triae)...,available,151,,medium,"Source: Epigraphic Database Heidelberg (https://edh.ub.uni-heidelberg.de), inscription HD002167, retrieved 2026-10-04; inscription type: titulus votivus (EDH genre 'titsac'); province: Moesia inferior (EDH code MoI); EDH dating: not before 151 CE, not after 200 CE (49-year window); astronomical start_year 151. Data licence CC BY-SA 4.0."
edh:hd002173,work,"Epitaph from Arlaines, bei",,"Latin epitaph; EDH HD002173 from Arlaines, bei; monument type: Stele?; material: Kalkstein; transcription: $] / <G>allu[s? ---] / f(ilius?) et Pri[&",available,1,,medium,"Source: Epigraphic Database Heidelberg (https://edh.ub.uni-heidelberg.de), inscription HD002173, retrieved 2026-10-04; inscription type: titulus sepulcralis (EDH genre 'titsep?'); genre attribution uncertain in EDH; province: Belgica (EDH code Bel); EDH dating: not before 1 CE, not after 200 CE (199-year window); astronomical start_year 1. Data licence CC BY-SA 4.0. Caveats: wide EDH dating window (199 years)."
edh:hd002180,work,Epitaph from Conthey,,Latin epitaph; EDH HD002180 from Conthey; monument type: Stele; material: Schiefer; transcription: [[Atticus]] / [[Avioxsonis!]] / [[fil(ius) Senator]] / [[a(nnorum) XXV hic]] / [[situs est]],available,1,,medium,"Source: Epigraphic Database Heidelberg (https://edh.ub.uni-heidelberg.de), inscription HD002180, retrieved 2026-10-04; inscription type: titulus sepulcralis (EDH genre 'titsep'); province: Alpes Poeninae (EDH code AlP); EDH dating: not before 1 CE, not after 100 CE (99-year window); astronomical start_year 1. Data licence CC BY-SA 4.0."
edh:hd002184,work,Mile-/Leaguestone from Ollon,,Latin mile-/leaguestone; EDH HD002184 from Ollon; monument type: Meilenstein; material: Gesteine; transcription: [C(aio) Caesari Augusto] / [Germanici] Caesar(is) [f(ilio)] / [Ger]manico [imper(atori)] / [pontifici m]aximo / [tribuni...,available,37,,high,"Source: Epigraphic Database Heidelberg (https://edh.ub.uni-heidelberg.de), inscription HD002184, retrieved 2026-10-04; inscription type: miliarium (EDH genre 'miliarium'); province: Alpes Poeninae (EDH code AlP); EDH dating: not before 37 CE, not after 38 CE (1-year window); astronomical start_year 37. Data licence CC BY-SA 4.0."
edh:hd002197,work,"Mile-/Leaguestone from Nicaea, bei - Iznik, bei",,"GL mile-/leaguestone; EDH HD002197 from Nicaea, bei - Iznik, bei; monument type: Meilenstein; transcription: B(ona) F(ortuna) / [D(omini) n(ostri) Im]p(erator) C(aesar) G(aius) Aur(elius) Val(erius) / [Dioc]letianus / [P(ius) F(e...",available,285,,high,"Source: Epigraphic Database Heidelberg (https://edh.ub.uni-heidelberg.de), inscription HD002197, retrieved 2026-10-04; inscription type: miliarium (EDH genre 'miliarium'); province: Bithynia et Pontus (EDH code BiP); EDH dating: not before 285 CE, not after 305 CE (20-year window); astronomical start_year 285. Data licence CC BY-SA 4.0."
edh:hd002198,work,Epitaph from Conthey,,Latin epitaph; EDH HD002198 from Conthey; monument type: Stele; material: Kalkstein; transcription: Sabellus Sabini f(ilius) / annorum XXV / hic situs / t(estamento) f(ieri) i(ussit),available,1,,medium,"Source: Epigraphic Database Heidelberg (https://edh.ub.uni-heidelberg.de), inscription HD002198, retrieved 2026-10-04; inscription type: titulus sepulcralis (EDH genre 'titsep'); province: Alpes Poeninae (EDH code AlP); EDH dating: not before 1 CE, not after 100 CE (99-year window); astronomical start_year 1. Data licence CC BY-SA 4.0."
edh:hd002200,work,Mile-/Leaguestone from Nicomedia - İzmit,,Latin mile-/leaguestone; EDH HD002200 from Nicomedia - İzmit; monument type: Meilenstein; transcription: B(onae) F(ortunae) / Imp(erator) Caes(ar) / M(arcus) Aurelius / [&,available,161,,medium,"Source: Epigraphic Database Heidelberg (https://edh.ub.uni-heidelberg.de), inscription HD002200, retrieved 2026-10-04; inscription type: miliarium (EDH genre 'miliarium'); province: Bithynia et Pontus (EDH code BiP); EDH dating: not before 161 CE, not after 235 CE (74-year window); astronomical start_year 161. Data licence CC BY-SA 4.0."
edh:hd002201,work,"Votive inscription from Tarnaiae Nantuatium (Acaunum), bei - Massongex",,"Latin votive inscription; EDH HD002201 from Tarnaiae Nantuatium (Acaunum), bei - Massongex; monument type: Altar; material: Gneis; transcription: I(ovi) O(ptimo) M(aximo) v(otum) s(olvit) l(ibens) / Daphnus Cla[---]i(?) / dispensato(ris) / vicar(ius)",available,101,,medium,"Source: Epigraphic Database Heidelberg (https://edh.ub.uni-heidelberg.de), inscription HD002201, retrieved 2026-10-04; inscription type: titulus votivus (EDH genre 'titsac'); province: Alpes Poeninae (EDH code AlP); EDH dating: not before 101 CE, not after 300 CE (199-year window); astronomical start_year 101. Data licence CC BY-SA 4.0. Caveats: wide EDH dating window (199 years)."
edh:hd002204,work,Epitaph from Troistorrents,,Latin epitaph; EDH HD002204 from Troistorrents; monument type: Tafel; material: Schiefer; transcription: Lucio Bucconis / fil(io) / L(ucius) Quintius / Acurius fratri / [ex t]estamento / [f(aciendum)] c(uravit),available,71,,medium,"Source: Epigraphic Database Heidelberg (https://edh.ub.uni-heidelberg.de), inscription HD002204, retrieved 2026-10-04; inscription type: titulus sepulcralis (EDH genre 'titsep'); province: Alpes Poeninae (EDH code AlP); EDH dating: not before 71 CE, not after 130 CE (59-year window); astronomical start_year 71. Data licence CC BY-SA 4.0."
edh:hd002226,work,Votive inscription from Novae? - Svištov?,,"Latin votive inscription; EDH HD002226 from Novae? - Svištov?; monument type: Relief; material: Marmor, weiß; transcription: Dian(a)e xan(c)t(a)e(!) Cas(sius?) Su/rus mi(les) leg(ionis) I Ital(icae) Anto(ninianae) / SAVO[---]M",available,212,,high,"Source: Epigraphic Database Heidelberg (https://edh.ub.uni-heidelberg.de), inscription HD002226, retrieved 2026-10-04; inscription type: titulus votivus (EDH genre 'titsac'); province: Moesia inferior (EDH code MoI); EDH dating: not before 212 CE, not after 222 CE (10-year window); astronomical start_year 212. Data licence CC BY-SA 4.0."
edh:hd002238,work,Epitaph from Roma? - Roma?,,Latin epitaph; EDH HD002238 from Roma? - Roma?; monument type: Tafel; transcription: T(itus) Precilius / Silaugus hic / situs an(norum) XV,available,1,,medium,"Source: Epigraphic Database Heidelberg (https://edh.ub.uni-heidelberg.de), inscription HD002238, retrieved 2026-10-04; inscription type: titulus sepulcralis (EDH genre 'titsep'); province: unknown province code 'Rom?' (EDH code Rom?); EDH dating: not before 1 CE, not after 50 CE (49-year window); astronomical start_year 1. Data licence CC BY-SA 4.0."
edh:hd002242,work,"Mile-/Leaguestone from Protonika? - Artemis, inter - Sarıhacılar",,"Latin mile-/leaguestone; EDH HD002242 from Protonika? - Artemis, inter - Sarıhacılar; monument type: Meilenstein; transcription: [Imp]p(eratoribus) Caess(aribus) Fl(avio) Val(erio) / Constantino P(io) F(elici) / vic(tori) semper Aug(usto) / et Fl(av...",available,337,,high,"Source: Epigraphic Database Heidelberg (https://edh.ub.uni-heidelberg.de), inscription HD002242, retrieved 2026-10-04; inscription type: miliarium (EDH genre 'miliarium'); province: Bithynia et Pontus (EDH code BiP); EDH dating: not before 337 CE, not after 340 CE (3-year window); astronomical start_year 337. Data licence CC BY-SA 4.0."
edh:hd002245,work,"Mile-/Leaguestone from Tataion, bei - Doğancılar",,"GL mile-/leaguestone; EDH HD002245 from Tataion, bei - Doğancılar; monument type: Meilenstein; transcription: B(ona) F(ortuna) / Imp(erator) C(aesar) G(aius) Aur(elius) Val(erius) / Diocletianus / P(ius) F(elix) Inv(ictus) Aug(ust...",available,293,,high,"Source: Epigraphic Database Heidelberg (https://edh.ub.uni-heidelberg.de), inscription HD002245, retrieved 2026-10-04; inscription type: miliarium (EDH genre 'miliarium'); province: Bithynia et Pontus (EDH code BiP); EDH dating: not before 293 CE, not after 305 CE (12-year window); astronomical start_year 293. Data licence CC BY-SA 4.0."
edh:hd002248,work,"Mile-/Leaguestone from Tataion, bei - Beşevler",,"Latin mile-/leaguestone; EDH HD002248 from Tataion, bei - Beşevler; monument type: Meilenstein; transcription: Valentiniano / et Valenti / PP(iis) FF(elicibus) s(e)mper / Augg(ustis)",available,364,,high,"Source: Epigraphic Database Heidelberg (https://edh.ub.uni-heidelberg.de), inscription HD002248, retrieved 2026-10-04; inscription type: miliarium (EDH genre 'miliarium'); province: Bithynia et Pontus (EDH code BiP); EDH dating: not before 364 CE, not after 367 CE (3-year window); astronomical start_year 364. Data licence CC BY-SA 4.0."
edh:hd002251,work,"Mile-/Leaguestone from Tataion, bei - Beşevler",,"Latin mile-/leaguestone; EDH HD002251 from Tataion, bei - Beşevler; monument type: Meilenstein; transcription: [Imp(eratoribus) Caesari Fl(avio) iuni(ori)] / [Constantino P(io) F(elici) vic(tori)] / [semper Aug(usto) et Fl(avio)] /...",available,337,,high,"Source: Epigraphic Database Heidelberg (https://edh.ub.uni-heidelberg.de), inscription HD002251, retrieved 2026-10-04; inscription type: miliarium (EDH genre 'miliarium'); province: Bithynia et Pontus (EDH code BiP); EDH dating: not before 337 CE, not after 350 CE (13-year window); astronomical start_year 337. Data licence CC BY-SA 4.0."
edh:hd002257,work,"Mile-/Leaguestone from Chogeae, bei - Üyük",,"GL mile-/leaguestone; EDH HD002257 from Chogeae, bei - Üyük; monument type: Meilenstein; transcription: Imp(erator) Caes(ar) C(aius) Aur(elius) Val(erius) / Diocletianus / P(ius) F(elix) Inv(ictus) [A]ug(ustus) et / Imp(erat...",available,293,,high,"Source: Epigraphic Database Heidelberg (https://edh.ub.uni-heidelberg.de), inscription HD002257, retrieved 2026-10-04; inscription type: miliarium (EDH genre 'miliarium'); province: Bithynia et Pontus (EDH code BiP); EDH dating: not before 293 CE, not after 305 CE (12-year window); astronomical start_year 293. Data licence CC BY-SA 4.0."
edh:hd002260,work,Mile-/Leaguestone from Medetli,,GL mile-/leaguestone; EDH HD002260 from Medetli; monument type: Meilenstein; transcription: Πολλὰ / τὰ ἔτη / τοῦ βασιλέ[ως] // B(onae) F(ortunae) / [[Imp(eratoribus) Caesari Fl(avio) iun(iori)]] / Constant[i]no P...,available,337,,high,"Source: Epigraphic Database Heidelberg (https://edh.ub.uni-heidelberg.de), inscription HD002260, retrieved 2026-10-04; inscription type: miliarium (EDH genre 'miliarium'); province: Bithynia et Pontus (EDH code BiP); EDH dating: not before 337 CE, not after 340 CE (3-year window); astronomical start_year 337. Data licence CC BY-SA 4.0."
edh:hd002261,work,"Identification inscription from Tarvenna - Clarques-Thérouanne, bei",,"Latin identification inscription; EDH HD002261 from Tarvenna - Clarques-Thérouanne, bei; monument type: instrdom; material: Steatit; transcription: Diap(soricum) // diapsoric(um)",available,1,,medium,"Source: Epigraphic Database Heidelberg (https://edh.ub.uni-heidelberg.de), inscription HD002261, retrieved 2026-10-04; inscription type: nota (EDH genre 'nota'); province: Belgica (EDH code Bel); EDH dating: not before 1 CE, not after 300 CE (299-year window); astronomical start_year 1. Data licence CC BY-SA 4.0. Caveats: wide EDH dating window (299 years)."
edh:hd002262,work,Votive inscription from Mihai Bravu,,Latin votive inscription; EDH HD002262 from Mihai Bravu; monument type: Tafel; transcription: $] / [pro salute] / Cn(aei) Sue[l(li) Rufi] / Cos(coni) Gen(tiani) l[eg(ati)] / T(itus) Cael(ius) Cat[us] / b(ene)f(icia...,available,191,,high,"Source: Epigraphic Database Heidelberg (https://edh.ub.uni-heidelberg.de), inscription HD002262, retrieved 2026-10-04; inscription type: titulus votivus (EDH genre 'titsac'); province: Moesia inferior (EDH code MoI); EDH dating: not before 191 CE, not after 194 CE (3-year window); astronomical start_year 191. Data licence CC BY-SA 4.0."
edh:hd002263,work,Mile-/Leaguestone from Medetli,,GL mile-/leaguestone; EDH HD002263 from Medetli; monument type: Meilenstein; transcription: [[B(onae) F(ortunae)]] / Imp(erator) C(aesar) C(aius) Aur(elius) Val(erius) / Diocletianus P(ius) F(elix) Inv(ictus) Aug...,available,293,,high,"Source: Epigraphic Database Heidelberg (https://edh.ub.uni-heidelberg.de), inscription HD002263, retrieved 2026-10-04; inscription type: miliarium (EDH genre 'miliarium'); province: Bithynia et Pontus (EDH code BiP); EDH dating: not before 293 CE, not after 305 CE (12-year window); astronomical start_year 293. Data licence CC BY-SA 4.0."
edh:hd002264,work,Owner/artist inscription from Geminiacum - Liberchies,,Latin owner/artist inscription; EDH HD002264 from Geminiacum - Liberchies; monument type: Schmuck; material: Gold; transcription: Ore/nti,available,201,,medium,"Source: Epigraphic Database Heidelberg (https://edh.ub.uni-heidelberg.de), inscription HD002264, retrieved 2026-10-04; inscription type: titulus possessorius/fabrilis (EDH genre 'titpossfabr'); province: Belgica (EDH code Bel); EDH dating: not before 201 CE, not after 300 CE (99-year window); astronomical start_year 201. Data licence CC BY-SA 4.0."
edh:hd002276,work,"Mile-/Leaguestone from Nedinum, bei - Škabrnja",,"Latin mile-/leaguestone; EDH HD002276 from Nedinum, bei - Škabrnja; monument type: Meilenstein; material: Kalkstein; transcription: Imppp(eratoribus) ddd(ominis) nnn(ostris) / M(arco) Aurelio Caro Aug(usto) / et M(arco) Aurelio Carino / et M(arco) Aure...",available,282,,high,"Source: Epigraphic Database Heidelberg (https://edh.ub.uni-heidelberg.de), inscription HD002276, retrieved 2026-10-04; inscription type: miliarium (EDH genre 'miliarium'); province: Dalmatia (EDH code Dal); EDH dating: not before 282 CE, not after 283 CE (1-year window); astronomical start_year 282. Data licence CC BY-SA 4.0."
edh:hd002287,work,Votive inscription from Chersonesus Taurica - Kherson,,Latin votive inscription; EDH HD002287 from Chersonesus Taurica - Kherson; monument type: Block; material: Kalkstein; transcription: $] / vex(illatio)(?) l[eg(ionum)] / I Ital(icae) et / II Herc(uliae) / posuit,available,284,,medium,"Source: Epigraphic Database Heidelberg (https://edh.ub.uni-heidelberg.de), inscription HD002287, retrieved 2026-10-04; inscription type: titulus votivus (EDH genre 'titsac?'); genre attribution uncertain in EDH; province: Regnum Bospori (EDH code ReB); EDH dating: not before 284 CE, not after 350 CE (66-year window); astronomical start_year 284. Data licence CC BY-SA 4.0."
edh:hd002290,work,Epitaph from Chersonesus Taurica - Kherson,,Latin epitaph; EDH HD002290 from Chersonesus Taurica - Kherson; monument type: Tafel; transcription: $] / [--- vi]x(it) ann(os) / LV mil(itavit) / ann(os) XX Auluz[e]/nus o[pt(io)] / cl(assis) eiu[sd(em)] / here[s f(ecit)...,available,101,,medium,"Source: Epigraphic Database Heidelberg (https://edh.ub.uni-heidelberg.de), inscription HD002290, retrieved 2026-10-04; inscription type: titulus sepulcralis (EDH genre 'titsep'); province: Regnum Bospori (EDH code ReB); EDH dating: not before 101 CE, not after 200 CE (99-year window); astronomical start_year 101. Data licence CC BY-SA 4.0."
edh:hd002297,work,Building/dedicatory inscription from Lambaesis - Tazoult-Lambèse,,Latin building/dedicatory inscription; EDH HD002297 from Lambaesis - Tazoult-Lambèse; monument type: Architekturteil; transcription: [Felicissimo ac] florentissimo saec[ulo dd(ominorum) nn(ostrorum) Carini et Numeriani Augg(ustorum) por]ticum a fundamen...,available,283,,high,"Source: Epigraphic Database Heidelberg (https://edh.ub.uni-heidelberg.de), inscription HD002297, retrieved 2026-10-04; inscription type: titulus dedicatorius (EDH genre 'titoppubpriv'); province: Numidia (EDH code Num); EDH dating: not before 283 CE, not after 284 CE (1-year window); astronomical start_year 283. Data licence CC BY-SA 4.0."
edh:hd002299,work,Epitaph from Chersonesus Taurica - Kherson,,"Latin epitaph; EDH HD002299 from Chersonesus Taurica - Kherson; monument type: Tafel; material: Marmor, geädert / farbig; transcription: Dis [Manibus] / Sextil[ius ---] / vix(it) an[nos ---] / Kapi[to ---]",available,201,,medium,"Source: Epigraphic Database Heidelberg (https://edh.ub.uni-heidelberg.de), inscription HD002299, retrieved 2026-10-04; inscription type: titulus sepulcralis (EDH genre 'titsep'); province: Regnum Bospori (EDH code ReB); EDH dating: not before 201 CE, not after 300 CE (99-year window); astronomical start_year 201. Data licence CC BY-SA 4.0."
edh:hd002302,work,Inscription from Chersonesus Taurica - Kherson,,"Latin inscription; EDH HD002302 from Chersonesus Taurica - Kherson; monument type: Tafel; material: Marmor, weiß; transcription: $ legio? II] Hercu[lia? ---] / [---] ead(em)que [---] / [---]ATE(?) sua [&",available,284,,medium,"Source: Epigraphic Database Heidelberg (https://edh.ub.uni-heidelberg.de), inscription HD002302, retrieved 2026-10-04; inscription type not recorded in EDH (genre code 'empty'); province: Regnum Bospori (EDH code ReB); EDH dating: not before 284 CE, not after 350 CE (66-year window); astronomical start_year 284. Data licence CC BY-SA 4.0."
edh:hd002305,work,Epitaph from Sardis - Sart,,Latin epitaph; EDH HD002305 from Sardis - Sart; monument type: Block; material: Marmor; transcription: $ fru]/menta[rius] / leg(ionis) X ge[m(inae) p(iae) f(idelis) a]/gens cu[ram] / custod[ia]/rum v[&,available,101,,medium,"Source: Epigraphic Database Heidelberg (https://edh.ub.uni-heidelberg.de), inscription HD002305, retrieved 2026-10-04; inscription type: titulus sepulcralis (EDH genre 'titsep?'); genre attribution uncertain in EDH; province: Asia (EDH code Asi); EDH dating: not before 101 CE, not after 250 CE (149-year window); astronomical start_year 101. Data licence CC BY-SA 4.0. Caveats: wide EDH dating window (149 years)."
edh:hd002308,work,Epitaph from Roma? - Roma?,,Latin epitaph; EDH HD002308 from Roma? - Roma?; monument type: Tafel; transcription: A(ulus) Livius |(mulieris) l(ibertus) Hilarus / Cn(aeus) Quintius Cn(aei) l(ibertus) / Stephanus / Quintia |(mulieris) l...,available,-49,,medium,"Source: Epigraphic Database Heidelberg (https://edh.ub.uni-heidelberg.de), inscription HD002308, retrieved 2026-10-04; inscription type: titulus sepulcralis (EDH genre 'titsep?'); genre attribution uncertain in EDH; province: unknown province code 'Rom?' (EDH code Rom?); EDH dating: not before 50 BCE, not after 30 CE (80-year window); astronomical start_year -49. Data licence CC BY-SA 4.0."
edh:hd002319,work,Epitaph from Vibo Valentia,,Latin epitaph; EDH HD002319 from Vibo Valentia; monument type: Tafel; material: Kalkstein; transcription: D(is) M(anibus) s(acrum) / Sex(tus) Clodius / Firmus / vix(it) an(nos) XVIIII / patro(nus) lib(erto) / b(ene) m(erenti) ...,available,101,,medium,"Source: Epigraphic Database Heidelberg (https://edh.ub.uni-heidelberg.de), inscription HD002319, retrieved 2026-10-04; inscription type: titulus sepulcralis (EDH genre 'titsep'); province: Bruttium et Lucania (Regio III) (EDH code BrL); EDH dating: not before 101 CE, not after 200 CE (99-year window); astronomical start_year 101. Data licence CC BY-SA 4.0."
edh:hd002322,work,Epitaph from Vibo Valentia,,Latin epitaph; EDH HD002322 from Vibo Valentia; monument type: Tafel; material: Kalkstein; transcription: D(is) M(anibus) s(acrum) / Iunia Ca/letyc(h)e v(ixit) / a(nnos) XX patro(nus) / lib(ertae) b(ene) m(erenti) f(ecit),available,101,,medium,"Source: Epigraphic Database Heidelberg (https://edh.ub.uni-heidelberg.de), inscription HD002322, retrieved 2026-10-04; inscription type: titulus sepulcralis (EDH genre 'titsep'); province: Bruttium et Lucania (Regio III) (EDH code BrL); EDH dating: not before 101 CE, not after 200 CE (99-year window); astronomical start_year 101. Data licence CC BY-SA 4.0."
edh:hd002323,work,Owner/artist inscription from Docimium - İscehisar,,"Latin owner/artist inscription; EDH HD002323 from Docimium - İscehisar; monument type: Architekturteil; material: Marmor, geädert / farbig; transcription: Cand(ido) II co(n)s(ule) // Cand(ido) II co(n)s(ule) / H(---) B(---) VII r(eprobavit?) ma(gister?) // Pa(lma) II co(n)s(...",available,105,,high,"Source: Epigraphic Database Heidelberg (https://edh.ub.uni-heidelberg.de), inscription HD002323, retrieved 2026-10-04; inscription type: titulus possessorius/fabrilis (EDH genre 'titpossfabr'); province: Asia (EDH code Asi); EDH dating: not before 105 CE, not after 114 CE (9-year window); astronomical start_year 105. Data licence CC BY-SA 4.0."
edh:hd002325,work,Epitaph from Vibo Valentia,,Latin epitaph; EDH HD002325 from Vibo Valentia; monument type: Tafel; material: Kalkstein; transcription: D(is) M(anibus) s(acrum) / Sex(tus) Lucilius / Felicianus / vern(a) Putiol(anus)(!) / vix(it) ann(os) LX / coniux / b(en...,available,101,,medium,"Source: Epigraphic Database Heidelberg (https://edh.ub.uni-heidelberg.de), inscription HD002325, retrieved 2026-10-04; inscription type: titulus sepulcralis (EDH genre 'titsep'); province: Bruttium et Lucania (Regio III) (EDH code BrL); EDH dating: not before 101 CE, not after 230 CE (129-year window); astronomical start_year 101. Data licence CC BY-SA 4.0. Caveats: wide EDH dating window (129 years)."
edh:hd002326,work,Owner/artist inscription from Docimium - İscehisar,,"Latin owner/artist inscription; EDH HD002326 from Docimium - İscehisar; monument type: Block; material: Marmor, geädert / farbig; transcription: [l]oc(o) XIII b(racchio) IIII // de XXVI // d(e) XXVI // r(eprobavit?) ma(gister?) // [---]ci r(ecognitum?)",available,101,,medium,"Source: Epigraphic Database Heidelberg (https://edh.ub.uni-heidelberg.de), inscription HD002326, retrieved 2026-10-04; inscription type: titulus possessorius/fabrilis (EDH genre 'titpossfabr'); province: Asia (EDH code Asi); EDH dating: not before 101 CE, not after 200 CE (99-year window); astronomical start_year 101. Data licence CC BY-SA 4.0."
edh:hd002327,work,Votive inscription from Regium Iulium - Reggio di Calabria,,Latin votive inscription; EDH HD002327 from Regium Iulium - Reggio di Calabria; monument type: Statuenbasis; transcription: Diana[e],available,1,,medium,"Source: Epigraphic Database Heidelberg (https://edh.ub.uni-heidelberg.de), inscription HD002327, retrieved 2026-10-04; inscription type: titulus votivus (EDH genre 'titsac'); province: Bruttium et Lucania (Regio III) (EDH code BrL); EDH dating: not before 1 CE, not after 300 CE (299-year window); astronomical start_year 1. Data licence CC BY-SA 4.0. Caveats: wide EDH dating window (299 years)."
edh:hd002328,work,Epitaph from Vibo Valentia,,Latin epitaph; EDH HD002328 from Vibo Valentia; monument type: Tafel; transcription: D(is) M(anibus) / Sileria / Latice / v(ixit) a(nnos) XXXV m(enses) V / [---] b(ene) m(erenti) f(ecit),available,101,,medium,"Source: Epigraphic Database Heidelberg (https://edh.ub.uni-heidelberg.de), inscription HD002328, retrieved 2026-10-04; inscription type: titulus sepulcralis (EDH genre 'titsep'); province: Bruttium et Lucania (Regio III) (EDH code BrL); EDH dating: not before 101 CE, not after 200 CE (99-year window); astronomical start_year 101. Data licence CC BY-SA 4.0."
edh:hd002333,work,Epitaph from Regium Iulium - Reggio di Calabria,,Latin epitaph; EDH HD002333 from Regium Iulium - Reggio di Calabria; monument type: Tafel; material: Marmor; transcription: [D(is)] M(anibus) / [Quintius?] Ianuar(ius) / [qui vixit a]nn(os) XXV / [---] Quintia / [--- v]ix(it) an(nos) V m(enses)...,available,101,,medium,"Source: Epigraphic Database Heidelberg (https://edh.ub.uni-heidelberg.de), inscription HD002333, retrieved 2026-10-04; inscription type: titulus sepulcralis (EDH genre 'titsep'); province: Bruttium et Lucania (Regio III) (EDH code BrL); EDH dating: not before 101 CE, not after 200 CE (99-year window); astronomical start_year 101. Data licence CC BY-SA 4.0."
edh:hd002336,work,Epitaph from Regium Iulium - Reggio di Calabria,,Latin epitaph; EDH HD002336 from Regium Iulium - Reggio di Calabria; monument type: Tafel; material: Marmor; transcription: $] A(uli) f(ilia) Priscilla m(a)ter o[&,available,51,,medium,"Source: Epigraphic Database Heidelberg (https://edh.ub.uni-heidelberg.de), inscription HD002336, retrieved 2026-10-04; inscription type: titulus sepulcralis (EDH genre 'titsep'); province: Bruttium et Lucania (Regio III) (EDH code BrL); EDH dating: not before 51 CE, not after 200 CE (149-year window); astronomical start_year 51. Data licence CC BY-SA 4.0. Caveats: wide EDH dating window (149 years)."
edh:hd002346,work,Epitaph from Petelia - Strongoli,,Latin epitaph; EDH HD002346 from Petelia - Strongoli; monument type: Stele; transcription: Have Me/goni Nata/lis v(ixit) a(nnum) I / m(enses) X s(it) t(ibi) t(erra) l(evis),available,1,,medium,"Source: Epigraphic Database Heidelberg (https://edh.ub.uni-heidelberg.de), inscription HD002346, retrieved 2026-10-04; inscription type: titulus sepulcralis (EDH genre 'titsep'); province: Bruttium et Lucania (Regio III) (EDH code BrL); EDH dating: not before 1 CE, not after 100 CE (99-year window); astronomical start_year 1. Data licence CC BY-SA 4.0."
edh:hd002349,work,Epitaph from Petelia - Strongoli,,Latin epitaph; EDH HD002349 from Petelia - Strongoli; monument type: Stele; transcription: Euctus publicus / Petelinorum / vilicus vixit / an(nos) XXIIII,available,1,,medium,"Source: Epigraphic Database Heidelberg (https://edh.ub.uni-heidelberg.de), inscription HD002349, retrieved 2026-10-04; inscription type: titulus sepulcralis (EDH genre 'titsep'); province: Bruttium et Lucania (Regio III) (EDH code BrL); EDH dating: not before 1 CE, not after 100 CE (99-year window); astronomical start_year 1. Data licence CC BY-SA 4.0."
edh:hd002351,work,"Epitaph from Nomentum, bei - Roma",,"Latin epitaph; EDH HD002351 from Nomentum, bei - Roma; monument type: Tafel; transcription: Longia C(ai) f(ilia) / Marcia P(ubli) f(ilia) / Pollitta v(ixit) a(nnos) III",available,-29,,medium,"Source: Epigraphic Database Heidelberg (https://edh.ub.uni-heidelberg.de), inscription HD002351, retrieved 2026-10-04; inscription type: titulus sepulcralis (EDH genre 'titsep'); province: unknown province code 'LaC?' (EDH code LaC?); EDH dating: not before 30 BCE, not after 14 CE (44-year window); astronomical start_year -29. Data licence CC BY-SA 4.0."
edh:hd002352,work,Epitaph from Petelia - Strongoli,,Latin epitaph; EDH HD002352 from Petelia - Strongoli; monument type: Stele; transcription: Flavia / Pher(usa?) / vix(i)t / annis / LXX,available,1,,medium,"Source: Epigraphic Database Heidelberg (https://edh.ub.uni-heidelberg.de), inscription HD002352, retrieved 2026-10-04; inscription type: titulus sepulcralis (EDH genre 'titsep'); province: Bruttium et Lucania (Regio III) (EDH code BrL); EDH dating: not before 1 CE, not after 100 CE (99-year window); astronomical start_year 1. Data licence CC BY-SA 4.0."
edh:hd002354,work,"Mile-/Leaguestone from Karakeçili, bei",,"GL mile-/leaguestone; EDH HD002354 from Karakeçili, bei; monument type: Meilenstein; material: Konglomerat; transcription: [Imp(erator) Caesar] / [L(ucius) Septimius Severus Pertinax Aug(ustus)] / [Arabicus Adiabenicus Parthicus pontifex] / [m...",available,198,,high,"Source: Epigraphic Database Heidelberg (https://edh.ub.uni-heidelberg.de), inscription HD002354, retrieved 2026-10-04; inscription type: miliarium (EDH genre 'miliarium'); province: Galatia (EDH code Gal); EDH dating: not before 198 CE, not after 203 CE (5-year window); astronomical start_year 198. Data licence CC BY-SA 4.0."
edh:hd002355,work,Epitaph from Petelia - Strongoli,,Latin epitaph; EDH HD002355 from Petelia - Strongoli; monument type: Stele; transcription: Have / C(ai) Mari / Ursule / vix(it) ann(os) L,available,1,,medium,"Source: Epigraphic Database Heidelberg (https://edh.ub.uni-heidelberg.de), inscription HD002355, retrieved 2026-10-04; inscription type: titulus sepulcralis (EDH genre 'titsep'); province: Bruttium et Lucania (Regio III) (EDH code BrL); EDH dating: not before 1 CE, not after 100 CE (99-year window); astronomical start_year 1. Data licence CC BY-SA 4.0."
edh:hd002357,work,"Mile-/Leaguestone from Karakeçili, bei",,"GL mile-/leaguestone; EDH HD002357 from Karakeçili, bei; monument type: Meilenstein; material: Konglomerat; transcription: B(onae) F(ortunae) / Imp(eratori) Caes(ari) / C(aio) Messio / Quinto / Traian(o) / Decio / P(io) Fel(ici) A(ugusto) / a(...",available,249,,high,"Source: Epigraphic Database Heidelberg (https://edh.ub.uni-heidelberg.de), inscription HD002357, retrieved 2026-10-04; inscription type: miliarium (EDH genre 'miliarium'); province: Galatia (EDH code Gal); EDH dating: not before 249 CE, not after 251 CE (2-year window); astronomical start_year 249. Data licence CC BY-SA 4.0."
edh:hd002366,work,Epitaph from Valle del Sele?,,Latin epitaph; EDH HD002366 from Valle del Sele?; monument type: Tafel; transcription: D(is) M(anibus) / [-] Helvi Lucani / [-] Helvius Priscus / patri / [b(ene)] m(erenti) f(ecit),available,101,,medium,"Source: Epigraphic Database Heidelberg (https://edh.ub.uni-heidelberg.de), inscription HD002366, retrieved 2026-10-04; inscription type: titulus sepulcralis (EDH genre 'titsep'); province: Bruttium et Lucania (Regio III) (EDH code BrL); EDH dating: not before 101 CE, not after 200 CE (99-year window); astronomical start_year 101. Data licence CC BY-SA 4.0."
edh:hd002369,work,"Epitaph from S. Giovanni di Ruoti, bei",,"Latin epitaph; EDH HD002369 from S. Giovanni di Ruoti, bei; monument type: Altar; material: Kalkstein; transcription: D(is) M(anibus) s(acrum) / Babulliae M(arci) f(iliae) / Villianae / vix(it) an(nos) XXII / M(arcus) Vaonius Lu/canus con...",available,71,,medium,"Source: Epigraphic Database Heidelberg (https://edh.ub.uni-heidelberg.de), inscription HD002369, retrieved 2026-10-04; inscription type: titulus sepulcralis (EDH genre 'titsep'); province: Bruttium et Lucania (Regio III) (EDH code BrL); EDH dating: not before 71 CE, not after 130 CE (59-year window); astronomical start_year 71. Data licence CC BY-SA 4.0."
edh:hd002372,work,"Epitaph from S. Giovanni di Ruoti, bei",,"Latin epitaph; EDH HD002372 from S. Giovanni di Ruoti, bei; monument type: Altar; material: Kalkstein; transcription: [D(is)] M(anibus) / [M]eneiae / C(ai) f(iliae) / [M]arcellae / [-] Meneius / Marcellus / nepti et sibi",available,71,,medium,"Source: Epigraphic Database Heidelberg (https://edh.ub.uni-heidelberg.de), inscription HD002372, retrieved 2026-10-04; inscription type: titulus sepulcralis (EDH genre 'titsep'); province: Bruttium et Lucania (Regio III) (EDH code BrL); EDH dating: not before 71 CE, not after 130 CE (59-year window); astronomical start_year 71. Data licence CC BY-SA 4.0."
edh:hd002376,work,Identification inscription from Aelia Capitolina? - Jerusalem?,,Latin identification inscription; EDH HD002376 from Aelia Capitolina? - Jerusalem?; monument type: instrmil; transcription: L(e)g(io) X // fr(etensis) fel(ix),available,51,,medium,"Source: Epigraphic Database Heidelberg (https://edh.ub.uni-heidelberg.de), inscription HD002376, retrieved 2026-10-04; inscription type: nota (EDH genre 'nota'); province: Iudaea (EDH code Iud); EDH dating: not before 51 CE, not after 220 CE (169-year window); astronomical start_year 51. Data licence CC BY-SA 4.0. Caveats: wide EDH dating window (169 years)."
edh:hd002379,work,"Honorific inscription from Cnossus, aus - Iráklion",,"Latin honorific inscription; EDH HD002379 from Cnossus, aus - Iráklion; monument type: Architekturteil; material: Marmor, geädert / farbig; transcription: Q(uinto) Refrio Theagenis / f(ilio) Col(lina) Theageni decurioni / coloniae Cnosiorum hono/rato quaestura aedilita/te II...",available,175,,medium,"Source: Epigraphic Database Heidelberg (https://edh.ub.uni-heidelberg.de), inscription HD002379, retrieved 2026-10-04; inscription type: titulus honorarius (EDH genre 'tithon'); province: Creta (EDH code Cre); EDH dating: not before 175 CE, not after 200 CE (25-year window); astronomical start_year 175. Data licence CC BY-SA 4.0."
edh:hd002385,work,"Epitaph from S. Giovanni di Ruoti, bei",,"Latin epitaph; EDH HD002385 from S. Giovanni di Ruoti, bei; monument type: Block; transcription: Coelia Q(uinti) f(ilia) Rufa / hic est sita",available,1,,medium,"Source: Epigraphic Database Heidelberg (https://edh.ub.uni-heidelberg.de), inscription HD002385, retrieved 2026-10-04; inscription type: titulus sepulcralis (EDH genre 'titsep'); province: Bruttium et Lucania (Regio III) (EDH code BrL); EDH dating: not before 1 CE, not after 100 CE (99-year window); astronomical start_year 1. Data licence CC BY-SA 4.0."
edh:hd002388,work,"Epitaph from S. Giovanni di Ruoti, bei",,"Latin epitaph; EDH HD002388 from S. Giovanni di Ruoti, bei; monument type: Tafel; material: Kalkstein; transcription: Firma Auga/ntian(a)e(!) fili(a)e ti/tulum posui/t qu(a)e vixit a/nnis XXIIII d(iebus) V // D(is) M(anibus)",available,301,,medium,"Source: Epigraphic Database Heidelberg (https://edh.ub.uni-heidelberg.de), inscription HD002388, retrieved 2026-10-04; inscription type: titulus sepulcralis (EDH genre 'titsep'); province: Bruttium et Lucania (Regio III) (EDH code BrL); EDH dating: not before 301 CE, not after 400 CE (99-year window); astronomical start_year 301. Data licence CC BY-SA 4.0."
edh:hd002392,work,Epitaph from Ancyra - Ankara,,Latin epitaph; EDH HD002392 from Ancyra - Ankara; monument type: Block; material: Marmor; transcription: L(ucius) Pontiu[s - f(ilius) ---] / Seneca pr[imipilaris] / militavit i[n ala? I? Ast(urum)? et] / legione V M[acedonica...,available,51,,medium,"Source: Epigraphic Database Heidelberg (https://edh.ub.uni-heidelberg.de), inscription HD002392, retrieved 2026-10-04; inscription type: titulus sepulcralis (EDH genre 'titsep'); province: Galatia (EDH code Gal); EDH dating: not before 51 CE, not after 200 CE (149-year window); astronomical start_year 51. Data licence CC BY-SA 4.0. Caveats: wide EDH dating window (149 years)."
edh:hd002393,work,Honorific inscription from Thamugadi - Timgad,,Latin honorific inscription; EDH HD002393 from Thamugadi - Timgad; monument type: Tafel; material: Kalkstein; transcription: [Imp(eratori)] Caes(ari) [T(ito) Ael]io Hadri[ano A]ntonino Aug(usto) Pio di[vi] / [Ha]dri[ani fil(io)] divi Traia[ni Pa...,available,140,,high,"Source: Epigraphic Database Heidelberg (https://edh.ub.uni-heidelberg.de), inscription HD002393, retrieved 2026-10-04; inscription type: titulus honorarius (EDH genre 'tithon'); province: Numidia (EDH code Num); EDH dating: not before 140 CE, not after 141 CE (1-year window); astronomical start_year 140. Data licence CC BY-SA 4.0."
edh:hd002409,work,"Mile-/Leaguestone from Hacilarhani, bei",,"Latin mile-/leaguestone; EDH HD002409 from Hacilarhani, bei; monument type: Meilenstein; material: Kalkstein; transcription: Imp(eratori) Ca(e)s(ari) Tr/eboni<an>o Gallo / [I]nvicto Aug(usto) OI p(atri) p(atriae) constr(uxit) / ST",available,251,,high,"Source: Epigraphic Database Heidelberg (https://edh.ub.uni-heidelberg.de), inscription HD002409, retrieved 2026-10-04; inscription type: miliarium (EDH genre 'miliarium'); province: Galatia (EDH code Gal); EDH dating: not before 251 CE, not after 253 CE (2-year window); astronomical start_year 251. Data licence CC BY-SA 4.0."
edh:hd002415,work,"Mile-/Leaguestone from Yazir, bei",,"GL mile-/leaguestone; EDH HD002415 from Yazir, bei; monument type: Meilenstein; material: Konglomerat; transcription: [Imp(erator) Caesar L(ucius) Sept]/[imius Severus] / [Pius Pertinax Aug(ustus)] / Arab(icus) Adiab(enicus) <Parthic(us) ...",available,202,,high,"Source: Epigraphic Database Heidelberg (https://edh.ub.uni-heidelberg.de), inscription HD002415, retrieved 2026-10-04; inscription type: miliarium (EDH genre 'miliarium'); province: Galatia (EDH code Gal); EDH dating: not before 202 CE, not after 203 CE (1-year window); astronomical start_year 202. Data licence CC BY-SA 4.0."
edh:hd002427,work,Votive inscription from Hr. Guesseria,,Latin votive inscription; EDH HD002427 from Hr. Guesseria; monument type: Architekturteil; material: Gesteine unbestimmt; transcription: Publius Petronius Tunninus votum quod deo et Cristo(!) / eius ipsi promiserunt et conpleverunt favente deo Gadiniana flo...,available,301,,medium,"Source: Epigraphic Database Heidelberg (https://edh.ub.uni-heidelberg.de), inscription HD002427, retrieved 2026-10-04; inscription type: titulus votivus (EDH genre 'titsac'); province: Numidia (EDH code Num); EDH dating: not before 301 CE, not after 500 CE (199-year window); astronomical start_year 301. Data licence CC BY-SA 4.0. Caveats: wide EDH dating window (199 years)."
edh:hd002430,work,Honorific inscription from Lambaesis? - Tazoult-Lambèse?,,Latin honorific inscription; EDH HD002430 from Lambaesis? - Tazoult-Lambèse?; monument type: Tafel; transcription: $] iuridici RA[---] / [praef(ecti) aerari Sat]urni leg(ati) Au[g(usti) leg(ionis) III] / [Aug(ustae) Antoni]n(i)anae F[-...,available,201,,medium,"Source: Epigraphic Database Heidelberg (https://edh.ub.uni-heidelberg.de), inscription HD002430, retrieved 2026-10-04; inscription type: titulus honorarius (EDH genre 'tithon?'); genre attribution uncertain in EDH; province: Numidia (EDH code Num); EDH dating: not before 201 CE, not after 230 CE (29-year window); astronomical start_year 201. Data licence CC BY-SA 4.0."
edh:hd002435,work,Epitaph from Glanate - Entrevaux,,Latin epitaph; EDH HD002435 from Glanate - Entrevaux; monument type: Tafel; material: Kalkstein; transcription: $] / [m]atri / [---]is f[ilius ?---],available,1,,medium,"Source: Epigraphic Database Heidelberg (https://edh.ub.uni-heidelberg.de), inscription HD002435, retrieved 2026-10-04; inscription type: titulus sepulcralis (EDH genre 'titsep'); province: Alpes Maritimae (EDH code AlM); EDH dating: not before 1 CE, not after 100 CE (99-year window); astronomical start_year 1. Data licence CC BY-SA 4.0."
edh:hd002436,work,Epitaph from Roma? - Roma?,,Latin epitaph; EDH HD002436 from Roma? - Roma?; monument type: Stele; material: Marmor; transcription: D(is) M(anibus) / Lucceiae Successae / M(arcus) Lucceius Sympho/nus coniugi bene / merenti fecit vixit / ann(os) XXXX,available,71,,medium,"Source: Epigraphic Database Heidelberg (https://edh.ub.uni-heidelberg.de), inscription HD002436, retrieved 2026-10-04; inscription type: titulus sepulcralis (EDH genre 'titsep'); province: unknown province code 'Rom?' (EDH code Rom?); EDH dating: not before 71 CE, not after 200 CE (129-year window); astronomical start_year 71. Data licence CC BY-SA 4.0. Caveats: wide EDH dating window (129 years)."
edh:hd002438,work,"Epitaph from Vintium, bei - Gréolières",,"Latin epitaph; EDH HD002438 from Vintium, bei - Gréolières; monument type: Stele; material: Kalkstein; transcription: Blaesio Ni/ponni f(ilio) / equit[i] c(o)ho(rtis) / |(centuria) Alpinae",available,1,,medium,"Source: Epigraphic Database Heidelberg (https://edh.ub.uni-heidelberg.de), inscription HD002438, retrieved 2026-10-04; inscription type: titulus sepulcralis (EDH genre 'titsep'); province: Alpes Maritimae (EDH code AlM); EDH dating: not before 1 CE, not after 100 CE (99-year window); astronomical start_year 1. Data licence CC BY-SA 4.0."
edh:hd002451,work,Honorific inscription from Thamugadi - Timgad,,Latin honorific inscription; EDH HD002451 from Thamugadi - Timgad; monument type: Statuenbasis; material: Kalkstein; transcription: Sex(to) Anicio / Fausto Ani/ci consu/laris fili/o Paulini/ano c(larissimo) p(uero) Q(uintus) / Tegonius / Latinus Q(uint...,available,199,,medium,"Source: Epigraphic Database Heidelberg (https://edh.ub.uni-heidelberg.de), inscription HD002451, retrieved 2026-10-04; inscription type: titulus honorarius (EDH genre 'tithon'); province: Numidia (EDH code Num); EDH dating: not before 199 CE, not after 230 CE (31-year window); astronomical start_year 199. Data licence CC BY-SA 4.0."
edh:hd002454,work,Building/dedicatory inscription from Thamugadi - Timgad,,Latin building/dedicatory inscription; EDH HD002454 from Thamugadi - Timgad; monument type: Tafel; material: Kalkstein; transcription: [Imp(eratore) Caes(are)] divi / [Hadr]iani fil(io) / divi Traiani / Part(hici) nep(ote) divi / Nervae prone/pote T(ito) ...,available,150,,high,"Source: Epigraphic Database Heidelberg (https://edh.ub.uni-heidelberg.de), inscription HD002454, retrieved 2026-10-04; inscription type: titulus dedicatorius (EDH genre 'titoppubpriv'); province: Numidia (EDH code Num); EDH dating: not before 150 CE, not after 151 CE (1-year window); astronomical start_year 150. Data licence CC BY-SA 4.0."
edh:hd002456,work,Honorific inscription from Diana Veteranorum - Aïn Zana,,Latin honorific inscription; EDH HD002456 from Diana Veteranorum - Aïn Zana; monument type: Statuenbasis; material: Kalkstein; transcription: M(arco) Valerio Maximiano M(arci) Valeri Maximiani quinq(uennalis) s[ac(erdotalis)] / f(ilio) pont(ifici) col(oniae) Poe...,available,183,,high,"Source: Epigraphic Database Heidelberg (https://edh.ub.uni-heidelberg.de), inscription HD002456, retrieved 2026-10-04; inscription type: titulus honorarius (EDH genre 'tithon'); province: Numidia (EDH code Num); EDH dating: not before 183 CE, not after 185 CE (2-year window); astronomical start_year 183. Data licence CC BY-SA 4.0."
edh:hd002457,work,Inscription from Roma? - Roma?,,Latin inscription; EDH HD002457 from Roma? - Roma?; monument type: Tafel; material: Marmor; transcription: [--- Pa]ulini v(iri) c(larissimi) Su[---] / [---] tantum beneficiu[m ---] / [--- urbi? pra]efectus sub[---] / [&?,available,401,,medium,"Source: Epigraphic Database Heidelberg (https://edh.ub.uni-heidelberg.de), inscription HD002457, retrieved 2026-10-04; inscription type not recorded in EDH (genre code 'empty'); province: unknown province code 'Rom?' (EDH code Rom?); EDH dating: not before 401 CE, not after 600 CE (199-year window); astronomical start_year 401. Data licence CC BY-SA 4.0. Caveats: wide EDH dating window (199 years)."
edh:hd002460,work,Epitaph from Roma? - Roma?,,Latin epitaph; EDH HD002460 from Roma? - Roma?; monument type: Tafel; material: Marmor; transcription: L(---) I(---) B(---) / Q(---) S(---) P(---) // Have domina Helpis ducis ani/ma / co(n)iux neque infida marito neque inut...,available,101,,medium,"Source: Epigraphic Database Heidelberg (https://edh.ub.uni-heidelberg.de), inscription HD002460, retrieved 2026-10-04; inscription type: titulus sepulcralis (EDH genre 'titsep'); province: unknown province code 'Rom?' (EDH code Rom?); EDH dating: not before 101 CE, not after 200 CE (99-year window); astronomical start_year 101. Data licence CC BY-SA 4.0."
edh:hd002462,work,Epitaph from Divodurum - Metz,,Latin epitaph; EDH HD002462 from Divodurum - Metz; monument type: Stele; transcription: [D(is)] M(anibus) / Genialio Iullino / [I]ulliniuss(!) Exuperator(!),available,101,,medium,"Source: Epigraphic Database Heidelberg (https://edh.ub.uni-heidelberg.de), inscription HD002462, retrieved 2026-10-04; inscription type: titulus sepulcralis (EDH genre 'titsep'); province: Belgica (EDH code Bel); EDH dating: not before 101 CE, not after 300 CE (199-year window); astronomical start_year 101. Data licence CC BY-SA 4.0. Caveats: wide EDH dating window (199 years)."
edh:hd002463,work,Votive inscription from Diluntum - Stolac,,Latin votive inscription; EDH HD002463 from Diluntum - Stolac; monument type: Altar; transcription: Marti Aug(usto) / T(itus) Ael(ius) Firmi/nus b(ene)f(iciarius) co(n)s(ularis) / leg(ionis) XIIII g(eminae) / v(otum) s(o...,available,151,,medium,"Source: Epigraphic Database Heidelberg (https://edh.ub.uni-heidelberg.de), inscription HD002463, retrieved 2026-10-04; inscription type: titulus votivus (EDH genre 'titsac'); province: Dalmatia (EDH code Dal); EDH dating: not before 151 CE, not after 300 CE (149-year window); astronomical start_year 151. Data licence CC BY-SA 4.0. Caveats: wide EDH dating window (149 years)."
edh:hd002465,work,Epitaph from Divodurum - Metz,,Latin epitaph; EDH HD002465 from Divodurum - Metz; monument type: Stele; transcription: $ Do]m[it]ia(?) Cara/[ta](?) co(n)iugi n(epos) t(itulum) [p(osuit)](?),available,101,,medium,"Source: Epigraphic Database Heidelberg (https://edh.ub.uni-heidelberg.de), inscription HD002465, retrieved 2026-10-04; inscription type: titulus sepulcralis (EDH genre 'titsep'); province: Belgica (EDH code Bel); EDH dating: not before 101 CE, not after 300 CE (199-year window); astronomical start_year 101. Data licence CC BY-SA 4.0. Caveats: wide EDH dating window (199 years)."
edh:hd002472,work,Epitaph from Cupra Maritima - Cupra Marittima,,Latin epitaph; EDH HD002472 from Cupra Maritima - Cupra Marittima; monument type: Tafel; transcription: [Ci]ncia |(mulieris) l(iberta) Hilara / fecit / [-] Cornuficio C(ai) l(iberto) / Diogeni,available,1,,medium,"Source: Epigraphic Database Heidelberg (https://edh.ub.uni-heidelberg.de), inscription HD002472, retrieved 2026-10-04; inscription type: titulus sepulcralis (EDH genre 'titsep'); province: Picenum (Regio V) (EDH code Pic); EDH dating: not before 1 CE, not after 100 CE (99-year window); astronomical start_year 1. Data licence CC BY-SA 4.0."
edh:hd002475,work,Epitaph from Cupra Maritima - Cupra Marittima,,Latin epitaph; EDH HD002475 from Cupra Maritima - Cupra Marittima; monument type: Altar; transcription: P(ublius) Iuli(us) |(mulieris) l(ibertus) / VI(vir) et [Aug(ustalis)] / [-] Semproni[---],available,1,,medium,"Source: Epigraphic Database Heidelberg (https://edh.ub.uni-heidelberg.de), inscription HD002475, retrieved 2026-10-04; inscription type: titulus sepulcralis (EDH genre 'titsep'); province: Picenum (Regio V) (EDH code Pic); EDH dating: not before 1 CE, not after 50 CE (49-year window); astronomical start_year 1. Data licence CC BY-SA 4.0."
edh:hd002478,work,Epitaph from Cupra Maritima - Cupra Marittima,,Latin epitaph; EDH HD002478 from Cupra Maritima - Cupra Marittima; monument type: Tafel; material: Marmor; transcription: Qu[---] / Qu[---] / patro[&,available,1,,medium,"Source: Epigraphic Database Heidelberg (https://edh.ub.uni-heidelberg.de), inscription HD002478, retrieved 2026-10-04; inscription type: titulus sepulcralis (EDH genre 'titsep?'); genre attribution uncertain in EDH; province: Picenum (Regio V) (EDH code Pic); EDH dating: not before 1 CE, not after 200 CE (199-year window); astronomical start_year 1. Data licence CC BY-SA 4.0. Caveats: wide EDH dating window (199 years)."
edh:hd002481,work,Epitaph from Cupra Maritima - Cupra Marittima,,Latin epitaph; EDH HD002481 from Cupra Maritima - Cupra Marittima; transcription: C(aio) Quintio Mon/tan(o) VIvir(o) / Rupilia Iulia/na coniugi [suo] / et sibi [---] / et [&,available,1,,medium,"Source: Epigraphic Database Heidelberg (https://edh.ub.uni-heidelberg.de), inscription HD002481, retrieved 2026-10-04; inscription type: titulus sepulcralis (EDH genre 'titsep'); province: Picenum (Regio V) (EDH code Pic); EDH dating: not before 1 CE, not after 100 CE (99-year window); astronomical start_year 1. Data licence CC BY-SA 4.0."
edh:hd002484,work,Honorific inscription from Cupra Maritima - Cupra Marittima,,Latin honorific inscription; EDH HD002484 from Cupra Maritima - Cupra Marittima; transcription: $]M[---] / [--- A]ugustal[---] / [--- p]raef(---) equi[tum ---] / [---] classis bis [---] / [---]eo anno d[---] / [---] ...,available,201,,medium,"Source: Epigraphic Database Heidelberg (https://edh.ub.uni-heidelberg.de), inscription HD002484, retrieved 2026-10-04; inscription type: titulus honorarius (EDH genre 'tithon?'); genre attribution uncertain in EDH; province: Picenum (Regio V) (EDH code Pic); EDH dating: not before 201 CE, not after 400 CE (199-year window); astronomical start_year 201. Data licence CC BY-SA 4.0. Caveats: wide EDH dating window (199 years)."
edh:hd002492,work,Epitaph from Colonia Iulia Augusta Philippensium (= Philippi) - Krenides,,Latin epitaph; EDH HD002492 from Colonia Iulia Augusta Philippensium (= Philippi) - Krenides; monument type: Tafel; material: Marmor; transcription: Hic in pace requies/c[i]t in nomine / [C]hristi Maurici/[us] vir clarissi/[mus] ex comite,available,401,,medium,"Source: Epigraphic Database Heidelberg (https://edh.ub.uni-heidelberg.de), inscription HD002492, retrieved 2026-10-04; inscription type: titulus sepulcralis (EDH genre 'titsep'); province: Macedonia (EDH code Mak); EDH dating: not before 401 CE, not after 500 CE (99-year window); astronomical start_year 401. Data licence CC BY-SA 4.0."
edh:hd002511,work,Epitaph from Salonae - Solin,,Latin epitaph; EDH HD002511 from Salonae - Solin; material: Kalkstein; transcription: $] / [---]dorus [---] / [---]BI[---] / [&,available,301,,medium,"Source: Epigraphic Database Heidelberg (https://edh.ub.uni-heidelberg.de), inscription HD002511, retrieved 2026-10-04; inscription type: titulus sepulcralis (EDH genre 'titsep'); province: Dalmatia (EDH code Dal); EDH dating: not before 301 CE, not after 600 CE (299-year window); astronomical start_year 301. Data licence CC BY-SA 4.0. Caveats: wide EDH dating window (299 years)."
edh:hd002532,work,"Epitaph from Firmum Picenum, bei - Petritoli",,"Latin epitaph; EDH HD002532 from Firmum Picenum, bei - Petritoli; monument type: Urne; transcription: Fadiae T(iti) f(iliae) Paulla[e] / uxori / T(iti) Saturi T(iti) f(ilii) Cele[r]is / matri / Q(uinti) Latroni Q(uinti) f(...",available,1,,medium,"Source: Epigraphic Database Heidelberg (https://edh.ub.uni-heidelberg.de), inscription HD002532, retrieved 2026-10-04; inscription type: titulus sepulcralis (EDH genre 'titsep'); province: Picenum (Regio V) (EDH code Pic); EDH dating: not before 1 CE, not after 100 CE (99-year window); astronomical start_year 1. Data licence CC BY-SA 4.0."
edh:hd002533,work,Votive inscription from Chersonesus Taurica - Kherson,,Latin votive inscription; EDH HD002533 from Chersonesus Taurica - Kherson; monument type: Tafel; material: Marmor; transcription: Salvi[s dd(ominis) nn(ostris) Invictis] / Augg(ustis) D[iocletiano? et] / Max[imiano? ---] / vixil[latio! & // $]onie [-...,available,285,,high,"Source: Epigraphic Database Heidelberg (https://edh.ub.uni-heidelberg.de), inscription HD002533, retrieved 2026-10-04; inscription type: titulus votivus (EDH genre 'titsac'); province: Regnum Bospori (EDH code ReB); EDH dating: not before 285 CE, not after 305 CE (20-year window); astronomical start_year 285. Data licence CC BY-SA 4.0."
edh:hd002534,work,Honorific inscription from Thamugadi - Timgad,,Latin honorific inscription; EDH HD002534 from Thamugadi - Timgad; monument type: Tafel; material: Kalkstein; transcription: M(arco) Aurelio [Antonin]o Caes(ari) [Imp(eratoris) Caesar]is T(iti) [Aeli] / Had(riani) Antoni[ni Aug(usti) P]ii filio ...,available,151,,high,"Source: Epigraphic Database Heidelberg (https://edh.ub.uni-heidelberg.de), inscription HD002534, retrieved 2026-10-04; inscription type: titulus honorarius (EDH genre 'tithon'); province: Numidia (EDH code Num); EDH dating: not before 151 CE, not after 152 CE (1-year window); astronomical start_year 151. Data licence CC BY-SA 4.0."
edh:hd002535,work,"Epitaph from Firmum Picenum, bei - Petritoli",,"Latin epitaph; EDH HD002535 from Firmum Picenum, bei - Petritoli; monument type: Urne; transcription: Ossa / T(iti) Saturi / T(iti) f(ilii) Vel(ina) / Celeris",available,1,,medium,"Source: Epigraphic Database Heidelberg (https://edh.ub.uni-heidelberg.de), inscription HD002535, retrieved 2026-10-04; inscription type: titulus sepulcralis (EDH genre 'titsep'); province: Picenum (Regio V) (EDH code Pic); EDH dating: not before 1 CE, not after 100 CE (99-year window); astronomical start_year 1. Data licence CC BY-SA 4.0."
edh:hd002537,work,Building/dedicatory inscription from Thamugadi - Timgad,,Latin building/dedicatory inscription; EDH HD002537 from Thamugadi - Timgad; monument type: Tafel; material: Kalkstein; transcription: [Imperatore! Caesar]e(!) d[ivi Hadriani fi]lio divi / [Tr]aiani Parthici nepote(!) [divi Nervae] pronepote(!) / T(ito) A...,available,151,,high,"Source: Epigraphic Database Heidelberg (https://edh.ub.uni-heidelberg.de), inscription HD002537, retrieved 2026-10-04; inscription type: titulus dedicatorius (EDH genre 'titoppubpriv'); province: Numidia (EDH code Num); EDH dating: not before 151 CE, not after 152 CE (1-year window); astronomical start_year 151. Data licence CC BY-SA 4.0."
edh:hd002538,work,Mile-/Leaguestone from Falerio - Falerone,,"Latin mile-/leaguestone; EDH HD002538 from Falerio - Falerone; monument type: Meilenstein; material: Marmor, geädert / farbig; transcription: Dd(ominis) nn(ostris) / Constantino / maximo et / Liciniano Lici/nio Augg(ustis) et / Flavio Crispo et / Liciniano Licin...",available,317,,high,"Source: Epigraphic Database Heidelberg (https://edh.ub.uni-heidelberg.de), inscription HD002538, retrieved 2026-10-04; inscription type: miliarium (EDH genre 'miliarium'); province: Picenum (Regio V) (EDH code Pic); EDH dating: not before 317 CE, not after 324 CE (7-year window); astronomical start_year 317. Data licence CC BY-SA 4.0."
edh:hd002541,work,Honorific inscription from Montegiorgio,,Latin honorific inscription; EDH HD002541 from Montegiorgio; monument type: Tafel; transcription: [Ti(berio) Claudi]o Dru[si f(ilio) Caesari Aug(usto)] / [Germanico] ponti[f(ici) maximo tribunic(ia)] / [potestate &,available,41,,high,"Source: Epigraphic Database Heidelberg (https://edh.ub.uni-heidelberg.de), inscription HD002541, retrieved 2026-10-04; inscription type: titulus honorarius (EDH genre 'tithon'); province: Picenum (Regio V) (EDH code Pic); EDH dating: not before 41 CE, not after 54 CE (13-year window); astronomical start_year 41. Data licence CC BY-SA 4.0."
edh:hd002544,work,Epitaph from Montegiorgio,,Latin epitaph; EDH HD002544 from Montegiorgio; monument type: Tafel; material: Kalkstein; transcription: $] coniugi pi[issimae] / [---]e pudiciss[imae ---] / [--- m]aritus Zeno[filus?! ---] / [--- f]ilius Zenofilu[s! ---] / [...,available,151,,medium,"Source: Epigraphic Database Heidelberg (https://edh.ub.uni-heidelberg.de), inscription HD002544, retrieved 2026-10-04; inscription type: titulus sepulcralis (EDH genre 'titsep'); province: Picenum (Regio V) (EDH code Pic); EDH dating: not before 151 CE, not after 300 CE (149-year window); astronomical start_year 151. Data licence CC BY-SA 4.0. Caveats: wide EDH dating window (149 years)."
edh:hd002547,work,"Mile-/Leaguestone from Asculum Picenum, bei - Montegiorgio",,"Latin mile-/leaguestone; EDH HD002547 from Asculum Picenum, bei - Montegiorgio; monument type: Meilenstein; material: Marmor; transcription: Ddd(ominis) nnn(ostris) Ffflll(aviis) / Valentinano / Valenti et Gratiano / [Piis Feli]cibus [ac triumphatoribus semper ...",available,367,,high,"Source: Epigraphic Database Heidelberg (https://edh.ub.uni-heidelberg.de), inscription HD002547, retrieved 2026-10-04; inscription type: miliarium (EDH genre 'miliarium'); province: Picenum (Regio V) (EDH code Pic); EDH dating: not before 367 CE, not after 375 CE (8-year window); astronomical start_year 367. Data licence CC BY-SA 4.0."
edh:hd002550,work,"Epitaph from Urbs Salvia, bei - Loro Piceno, bei",,"Latin epitaph; EDH HD002550 from Urbs Salvia, bei - Loro Piceno, bei; monument type: Block; material: Kalkstein; transcription: $]P[-]O[---] / C(ai) f(ilii) Probi / Nonia Phoebe / filio",available,71,,medium,"Source: Epigraphic Database Heidelberg (https://edh.ub.uni-heidelberg.de), inscription HD002550, retrieved 2026-10-04; inscription type: titulus sepulcralis (EDH genre 'titsep'); province: Picenum (Regio V) (EDH code Pic); EDH dating: not before 71 CE, not after 130 CE (59-year window); astronomical start_year 71. Data licence CC BY-SA 4.0."
edh:hd002553,work,"Mile-/Leaguestone from Urbs Salvia - Firmum Picenum, inter - Loro Piceno, bei",,"Latin mile-/leaguestone; EDH HD002553 from Urbs Salvia - Firmum Picenum, inter - Loro Piceno, bei; monument type: Meilenstein; material: Marmor, geädert / farbig; transcription: Dd(ominis) nn(ostris) Magno Ma/ximo et Fl(avio) Victori / Piis Felicibus victo/rib(us) ac triumphatorib(us) / semper Aug...",available,387,,high,"Source: Epigraphic Database Heidelberg (https://edh.ub.uni-heidelberg.de), inscription HD002553, retrieved 2026-10-04; inscription type: miliarium (EDH genre 'miliarium'); province: Picenum (Regio V) (EDH code Pic); EDH dating: not before 387 CE, not after 388 CE (1-year window); astronomical start_year 387. Data licence CC BY-SA 4.0."
edh:hd002556,work,Epitaph from Urbs Salvia - Urbisaglia,,Latin epitaph; EDH HD002556 from Urbs Salvia - Urbisaglia; monument type: Stele; transcription: [[P(ublius) Petronius]] / [[|(mulieris) l(ibertus) Primu]]s / [[lusor follicula]]tor / [[hic iacet]] / [[Venusta et sibi...,available,-49,,medium,"Source: Epigraphic Database Heidelberg (https://edh.ub.uni-heidelberg.de), inscription HD002556, retrieved 2026-10-04; inscription type: titulus sepulcralis (EDH genre 'titsep'); province: Picenum (Regio V) (EDH code Pic); EDH dating: not before 50 BCE, not after 30 CE (80-year window); astronomical start_year -49. Data licence CC BY-SA 4.0."
edh:hd002559,work,Owner/artist inscription from Septempeda - San Severino Marche,,Latin owner/artist inscription; EDH HD002559 from Septempeda - San Severino Marche; monument type: Ziegel; material: Ton; transcription: L(uci) Terenti A(uli) f(ilii) Vel(ina),available,-69,,medium,"Source: Epigraphic Database Heidelberg (https://edh.ub.uni-heidelberg.de), inscription HD002559, retrieved 2026-10-04; inscription type: titulus possessorius/fabrilis (EDH genre 'titpossfabr'); province: Picenum (Regio V) (EDH code Pic); EDH dating: not before 70 BCE, not after 31 BCE (39-year window); astronomical start_year -69. Data licence CC BY-SA 4.0."
edh:hd002562,work,"Epitaph from Septempeda, bei - San Severino Marche, bei",,"Latin epitaph; EDH HD002562 from Septempeda, bei - San Severino Marche, bei; monument type: Stele; transcription: Q(uintus) Annius |(mulieris) l(ibertus) / Acastus / VIvir / Annia |(mulieris) l(iberta) Cha[---] / Q(uintus) Annius Q(ui...",available,-29,,medium,"Source: Epigraphic Database Heidelberg (https://edh.ub.uni-heidelberg.de), inscription HD002562, retrieved 2026-10-04; inscription type: titulus sepulcralis (EDH genre 'titsep'); province: Picenum (Regio V) (EDH code Pic); EDH dating: not before 30 BCE, not after 50 CE (80-year window); astronomical start_year -29. Data licence CC BY-SA 4.0."
edh:hd002669,work,Epitaph from Roma? - Roma?,,Latin epitaph; EDH HD002669 from Roma? - Roma?; monument type: Tafel; material: Marmor; transcription: D(is) M(anibus) / Antoniae / et Apollinari / parentes fece/runt,available,151,,medium,"Source: Epigraphic Database Heidelberg (https://edh.ub.uni-heidelberg.de), inscription HD002669, retrieved 2026-10-04; inscription type: titulus sepulcralis (EDH genre 'titsep'); province: unknown province code 'Rom?' (EDH code Rom?); EDH dating: not before 151 CE, not after 200 CE (49-year window); astronomical start_year 151. Data licence CC BY-SA 4.0."
edh:hd002712,work,Epitaph from Carales - Cagliari,,Latin epitaph; EDH HD002712 from Carales - Cagliari; monument type: Tafel; transcription: Q(uintus) Ga[bini]us [A(uli) f(ilius) Q]uir(ina) / [Ca]ral[itanus IIIIvir iur(e) di]c(undo) / [---] fl(amen) [&,available,171,,medium,"Source: Epigraphic Database Heidelberg (https://edh.ub.uni-heidelberg.de), inscription HD002712, retrieved 2026-10-04; inscription type: titulus sepulcralis (EDH genre 'titsep?'); genre attribution uncertain in EDH; province: Sardinia (EDH code Sar); EDH dating: not before 171 CE, not after 230 CE (59-year window); astronomical start_year 171. Data licence CC BY-SA 4.0."
edh:hd002715,work,Honorific inscription from Carales - Cagliari,,Latin honorific inscription; EDH HD002715 from Carales - Cagliari; monument type: Tafel; transcription: $]nius M(arci) f(ilius) [---] / [---]ganus Gabiniu[s ---] / [---]na it[e]m provi[nc(iae)] Iuda[eae ---] / [------] / [--...,available,101,,medium,"Source: Epigraphic Database Heidelberg (https://edh.ub.uni-heidelberg.de), inscription HD002715, retrieved 2026-10-04; inscription type: titulus honorarius (EDH genre 'tithon?'); genre attribution uncertain in EDH; province: Sardinia (EDH code Sar); EDH dating: not before 101 CE, not after 200 CE (99-year window); astronomical start_year 101. Data licence CC BY-SA 4.0."
edh:hd002718,work,Epitaph from Carales - Cagliari,,Latin epitaph; EDH HD002718 from Carales - Cagliari; material: Kalkstein; transcription: D(is) M(anibus) / C(aius) Iulius Candidus / n(atione) Bessus mil(es) ex clas(se) / pr(aetoria) Mis(enatium) |(centuria) ...,available,51,,medium,"Source: Epigraphic Database Heidelberg (https://edh.ub.uni-heidelberg.de), inscription HD002718, retrieved 2026-10-04; inscription type: titulus sepulcralis (EDH genre 'titsep'); province: Sardinia (EDH code Sar); EDH dating: not before 51 CE, not after 200 CE (149-year window); astronomical start_year 51. Data licence CC BY-SA 4.0. Caveats: wide EDH dating window (149 years)."
edh:hd002724,work,Epitaph from Turris Libisonis - Porto Torres,,Latin epitaph; EDH HD002724 from Turris Libisonis - Porto Torres; monument type: Sarkophag; transcription: D(is) M(anibus) / Statiae Magnae P(ubli) f(iliae) / Veronensi coniugi / karissimae et incomparabili / sanctissimae femin...,available,101,,medium,"Source: Epigraphic Database Heidelberg (https://edh.ub.uni-heidelberg.de), inscription HD002724, retrieved 2026-10-04; inscription type: titulus sepulcralis (EDH genre 'titsep'); province: Sardinia (EDH code Sar); EDH dating: not before 101 CE, not after 230 CE (129-year window); astronomical start_year 101. Data licence CC BY-SA 4.0. Caveats: wide EDH dating window (129 years)."
edh:hd002727,work,Inscription from Olbia - Olbia,,Latin inscription; EDH HD002727 from Olbia - Olbia; monument type: Tafel; material: Marmor; transcription: $ Victo]r S(anctae) E(cclesiae) m(inister) L[---] / [---]entades[---] baeatissi(!)[---] / [---]sia in ruin[---] aut virt...,available,401,,medium,"Source: Epigraphic Database Heidelberg (https://edh.ub.uni-heidelberg.de), inscription HD002727, retrieved 2026-10-04; inscription type not recorded in EDH (genre code 'empty'); province: Sardinia (EDH code Sar); EDH dating: not before 401 CE, not after 600 CE (199-year window); astronomical start_year 401. Data licence CC BY-SA 4.0. Caveats: wide EDH dating window (199 years)."
edh:hd002734,work,Votive inscription from Chersonesus Taurica - Kherson,,Latin votive inscription; EDH HD002734 from Chersonesus Taurica - Kherson; monument type: Block; material: Marmor; transcription: [Triumphato]rib[u]s f[o]rti[ssi]/[mis ac glorio]sissimis princip[i]/[bus Valentini]ano victorios[is]/[simo d(omino) n(os...,available,367,,high,"Source: Epigraphic Database Heidelberg (https://edh.ub.uni-heidelberg.de), inscription HD002734, retrieved 2026-10-04; inscription type: titulus votivus (EDH genre 'titsac'); province: Regnum Bospori (EDH code ReB); EDH dating: not before 367 CE, not after 375 CE (8-year window); astronomical start_year 367. Data licence CC BY-SA 4.0."
edh:hd002738,work,Epitaph from Tauchira - Tôkra,,Latin epitaph; EDH HD002738 from Tauchira - Tôkra; transcription: D(is) M(anibus) / M(arcus) Aur(elius) Apollonius / vet(eranus) leg(ionis) II ad(iutricis) ex d[oc(tore)] / fabricae sep(...,available,301,,medium,"Source: Epigraphic Database Heidelberg (https://edh.ub.uni-heidelberg.de), inscription HD002738, retrieved 2026-10-04; inscription type: titulus sepulcralis (EDH genre 'titsep'); province: Cyrene (EDH code Cyr); EDH dating: not before 301 CE, not after 400 CE (99-year window); astronomical start_year 301. Data licence CC BY-SA 4.0."
edh:hd002754,work,Honorific inscription from Carales - Cagliari,,Latin honorific inscription; EDH HD002754 from Carales - Cagliari; monument type: Tafel; material: Marmor; transcription: $]CEM(?)[---] / patrono col[on(iae)] / d(ecreto) d(ecurionum) p(ecunia) p(ublica) / referentibus Ti(berio) Arrun[tio] / ...,available,101,,medium,"Source: Epigraphic Database Heidelberg (https://edh.ub.uni-heidelberg.de), inscription HD002754, retrieved 2026-10-04; inscription type: titulus honorarius (EDH genre 'tithon?'); genre attribution uncertain in EDH; province: Sardinia (EDH code Sar); EDH dating: not before 101 CE, not after 200 CE (99-year window); astronomical start_year 101. Data licence CC BY-SA 4.0."
edh:hd002757,work,Epitaph from Carales - Cagliari,,Latin epitaph; EDH HD002757 from Carales - Cagliari; monument type: Block; material: Kalkstein; transcription: In n(omine) d(omi)ni D(e)i / n(ostr)i Chr(ist)i l(ocu)m(?) / salinarum / pertinen[tes] / fecerunt,available,401,,medium,"Source: Epigraphic Database Heidelberg (https://edh.ub.uni-heidelberg.de), inscription HD002757, retrieved 2026-10-04; inscription type: titulus sepulcralis (EDH genre 'titsep'); province: Sardinia (EDH code Sar); EDH dating: not before 401 CE, not after 600 CE (199-year window); astronomical start_year 401. Data licence CC BY-SA 4.0. Caveats: wide EDH dating window (199 years)."
edh:hd002760,work,Votive inscription from Novae - Svištov,,Latin votive inscription; EDH HD002760 from Novae - Svištov; monument type: Altar; transcription: Bono / Eventui / Aug(usto) sacr(um) / Maesius p(rimus) p(ilus),available,171,,medium,"Source: Epigraphic Database Heidelberg (https://edh.ub.uni-heidelberg.de), inscription HD002760, retrieved 2026-10-04; inscription type: titulus votivus (EDH genre 'titsac'); province: Moesia inferior (EDH code MoI); EDH dating: not before 171 CE, not after 200 CE (29-year window); astronomical start_year 171. Data licence CC BY-SA 4.0."
edh:hd002764,work,"Epitaph from Roma, aus? - Roma, bei?",,"Latin epitaph; EDH HD002764 from Roma, aus? - Roma, bei?; monument type: Tafel; material: Marmor; transcription: D(is) [M(anibus)] / Agesil[ai? fec]/it Q(uintus) Vir[ius? Pi?]/ntamu[s pa?]/tri b(ene) m(erenti) [---?] / [&?",available,101,,medium,"Source: Epigraphic Database Heidelberg (https://edh.ub.uni-heidelberg.de), inscription HD002764, retrieved 2026-10-04; inscription type: titulus sepulcralis (EDH genre 'titsep'); province: unknown province code 'Rom?' (EDH code Rom?); EDH dating: not before 101 CE, not after 150 CE (49-year window); astronomical start_year 101. Data licence CC BY-SA 4.0."
edh:hd002767,work,"Epitaph from Roma, aus? - Roma, bei?",,"Latin epitaph; EDH HD002767 from Roma, aus? - Roma, bei?; monument type: Tafel; material: Marmor; transcription: $] / Anatole pa[rentes] / fecerunt vixit a[n(nis) --- mens(ibus)] / VIII dieb(us) X sibi suis p[osterisque] // in fr(ont...",available,71,,medium,"Source: Epigraphic Database Heidelberg (https://edh.ub.uni-heidelberg.de), inscription HD002767, retrieved 2026-10-04; inscription type: titulus sepulcralis (EDH genre 'titsep'); province: unknown province code 'Rom?' (EDH code Rom?); EDH dating: not before 71 CE, not after 150 CE (79-year window); astronomical start_year 71. Data licence CC BY-SA 4.0."
edh:hd002770,work,"Epitaph from Rom, aus? - Roma, bei?",,"Latin epitaph; EDH HD002770 from Rom, aus? - Roma, bei?; monument type: Tafel; material: Marmor; transcription: Dis Man(ibus) / Herenniae / Helpi[di] / q(uae) v(ixit) a(nnos) X? [---?] / / [&?",available,151,,medium,"Source: Epigraphic Database Heidelberg (https://edh.ub.uni-heidelberg.de), inscription HD002770, retrieved 2026-10-04; inscription type: titulus sepulcralis (EDH genre 'titsep'); province: unknown province code 'Rom?' (EDH code Rom?); EDH dating: not before 151 CE, not after 200 CE (49-year window); astronomical start_year 151. Data licence CC BY-SA 4.0."
edh:hd002773,work,"Epitaph from Roma, aus? - Ansedonia",,"Latin epitaph; EDH HD002773 from Roma, aus? - Ansedonia; monument type: Tafel; material: Marmor; transcription: [Luc]ceiae Vitali / [m]atri fecer(unt) / [-] Trebenna / [---]mus et Lucceia / [Sabi?]na fili et / [- Lucceiu?]s Sabinu[s...",available,71,,medium,"Source: Epigraphic Database Heidelberg (https://edh.ub.uni-heidelberg.de), inscription HD002773, retrieved 2026-10-04; inscription type: titulus sepulcralis (EDH genre 'titsep'); province: unknown province code 'Rom?' (EDH code Rom?); EDH dating: not before 71 CE, not after 130 CE (59-year window); astronomical start_year 71. Data licence CC BY-SA 4.0."
edh:hd002776,work,Epitaph from Vicohabentia - Voghenza,,"Latin epitaph; EDH HD002776 from Vicohabentia - Voghenza; monument type: Altar; material: Marmor, geädert / farbig; transcription: D(is) M(anibus) / Ulpiae Nice / coniugi / sanctissimae / T(itus) Calpurnius / Eutyches",available,101,,medium,"Source: Epigraphic Database Heidelberg (https://edh.ub.uni-heidelberg.de), inscription HD002776, retrieved 2026-10-04; inscription type: titulus sepulcralis (EDH genre 'titsep'); province: Aemilia (Regio VIII) (EDH code Aem); EDH dating: not before 101 CE, not after 200 CE (99-year window); astronomical start_year 101. Data licence CC BY-SA 4.0."
edh:hd002791,work,Epitaph from Vicohabentia - Voghenza,,Latin epitaph; EDH HD002791 from Vicohabentia - Voghenza; monument type: Altar; material: Marmor; transcription: D(is) M(anibus) // M(arco) Ulpio / Secundioni / Maximus et Phoebe / parentes / filio karissim(o) / posuer(unt),available,101,,medium,"Source: Epigraphic Database Heidelberg (https://edh.ub.uni-heidelberg.de), inscription HD002791, retrieved 2026-10-04; inscription type: titulus sepulcralis (EDH genre 'titsep'); province: Aemilia (Regio VIII) (EDH code Aem); EDH dating: not before 101 CE, not after 200 CE (99-year window); astronomical start_year 101. Data licence CC BY-SA 4.0."
edh:hd002793,work,Epitaph from Prush,,Latin epitaph; EDH HD002793 from Prush; monument type: Tafel; material: Marmor; transcription: In hoc loco requi/iscit(!) bon(a)e me/moriae Andreas v(ir) c(larissimus) d(e)p(o)s(itus) autem ind(ictione) VII / mens(e...,available,501,,medium,"Source: Epigraphic Database Heidelberg (https://edh.ub.uni-heidelberg.de), inscription HD002793, retrieved 2026-10-04; inscription type: titulus sepulcralis (EDH genre 'titsep'); province: Macedonia (EDH code Mak); EDH dating: not before 501 CE, not after 600 CE (99-year window); astronomical start_year 501. Data licence CC BY-SA 4.0."
edh:hd002794,work,Epitaph from Vicohabentia - Voghenza,,Latin epitaph; EDH HD002794 from Vicohabentia - Voghenza; monument type: Stele; material: Marmor; transcription: D(is) M(anibus) // Staman[i]/ae Iustinae / fil(iae) dulcis(simae) / quae v(ixit) a[nn(os) ---] / d(ies) IIII Stam[---] /...,available,101,,medium,"Source: Epigraphic Database Heidelberg (https://edh.ub.uni-heidelberg.de), inscription HD002794, retrieved 2026-10-04; inscription type: titulus sepulcralis (EDH genre 'titsep'); province: Aemilia (Regio VIII) (EDH code Aem); EDH dating: not before 101 CE, not after 250 CE (149-year window); astronomical start_year 101. Data licence CC BY-SA 4.0. Caveats: wide EDH dating window (149 years)."
edh:hd002796,work,"Honorific inscription from Palokastër, bei",,"Latin honorific inscription; EDH HD002796 from Palokastër, bei; monument type: Tafel; material: Kalkstein; transcription: D(omino) n(ostro) Imp(eratori) Val(erio) Licinniano(!) / Licinni(o)(!) P(io) F(elici) inv(icto) Aug(usto) / Val(erius) C...",available,293,,high,"Source: Epigraphic Database Heidelberg (https://edh.ub.uni-heidelberg.de), inscription HD002796, retrieved 2026-10-04; inscription type: titulus honorarius (EDH genre 'tithon'); province: Epirus (EDH code Epi); EDH dating: not before 293 CE, not after 313 CE (20-year window); astronomical start_year 293. Data licence CC BY-SA 4.0."
edh:hd002797,work,Epitaph from Vicohabentia - Voghenza,,Latin epitaph; EDH HD002797 from Vicohabentia - Voghenza; monument type: Stele; material: Kalkstein; transcription: $] / [------] / S(?)i Valeria / Messillae / fil(ia)e pientissi/mae bene m(erenti),available,151,,medium,"Source: Epigraphic Database Heidelberg (https://edh.ub.uni-heidelberg.de), inscription HD002797, retrieved 2026-10-04; inscription type: titulus sepulcralis (EDH genre 'titsep'); province: Aemilia (Regio VIII) (EDH code Aem); EDH dating: not before 151 CE, not after 300 CE (149-year window); astronomical start_year 151. Data licence CC BY-SA 4.0. Caveats: wide EDH dating window (149 years)."
edh:hd002800,work,Epitaph from Albintimilium - Ventimiglia,,"Latin epitaph; EDH HD002800 from Albintimilium - Ventimiglia; monument type: Tafel; material: Marmor, geädert / farbig; transcription: D(is) {O} M(anibus) / bene mere(n)ti / (A)emili(a)e Marc(e)l/(la)e {F} alu(mnae) Novici",available,101,,medium,"Source: Epigraphic Database Heidelberg (https://edh.ub.uni-heidelberg.de), inscription HD002800, retrieved 2026-10-04; inscription type: titulus sepulcralis (EDH genre 'titsep'); province: Liguria (Regio IX) (EDH code Lig); EDH dating: not before 101 CE, not after 200 CE (99-year window); astronomical start_year 101. Data licence CC BY-SA 4.0."
edh:hd002803,work,Epitaph from Albintimilium - Ventimiglia,,"Latin epitaph; EDH HD002803 from Albintimilium - Ventimiglia; monument type: Tafel; material: Marmor, geädert / farbig; transcription: D(is) M(anibus) / Kaniniae G(ai) f(iliae) / [Ca]tullae Ati/metus / [be]ne merenti",available,101,,medium,"Source: Epigraphic Database Heidelberg (https://edh.ub.uni-heidelberg.de), inscription HD002803, retrieved 2026-10-04; inscription type: titulus sepulcralis (EDH genre 'titsep'); province: Liguria (Regio IX) (EDH code Lig); EDH dating: not before 101 CE, not after 200 CE (99-year window); astronomical start_year 101. Data licence CC BY-SA 4.0."
edh:hd002806,work,Epitaph from Albintimilium - Ventimiglia,,"Latin epitaph; EDH HD002806 from Albintimilium - Ventimiglia; monument type: Stele; material: Marmor, weiß; transcription: D(is) M(anibus) / Felicitatis / Quinta Octavi/ae Lucanae / vernae suae fec(it) / vixit anno I m(ensibus) VIII d(iebus) X...",available,101,,medium,"Source: Epigraphic Database Heidelberg (https://edh.ub.uni-heidelberg.de), inscription HD002806, retrieved 2026-10-04; inscription type: titulus sepulcralis (EDH genre 'titsep'); province: Liguria (Regio IX) (EDH code Lig); EDH dating: not before 101 CE, not after 200 CE (99-year window); astronomical start_year 101. Data licence CC BY-SA 4.0."
edh:hd002809,work,Epitaph from Albintimilium - Ventimiglia,,"Latin epitaph; EDH HD002809 from Albintimilium - Ventimiglia; monument type: Stele; material: Marmor, geädert / farbig; transcription: D(is) M(anibus) s(acrum) M(arco) Lollio / Heliodoro vixit / annis II men(sibus) V / die(bus) XX fecerunt / T(itus) Flavi...",available,101,,medium,"Source: Epigraphic Database Heidelberg (https://edh.ub.uni-heidelberg.de), inscription HD002809, retrieved 2026-10-04; inscription type: titulus sepulcralis (EDH genre 'titsep'); province: Liguria (Regio IX) (EDH code Lig); EDH dating: not before 101 CE, not after 200 CE (99-year window); astronomical start_year 101. Data licence CC BY-SA 4.0."
edh:hd002812,work,Epitaph from Albintimilium - Ventimiglia,,"Latin epitaph; EDH HD002812 from Albintimilium - Ventimiglia; monument type: Stele; material: Marmor, geädert / farbig; transcription: D(is) M(anibus) s(acrum) / L(uci) Mummi Resti/tuti / Pilia Psaechas / coniugi suo / cum quo vixit / annis XL",available,101,,medium,"Source: Epigraphic Database Heidelberg (https://edh.ub.uni-heidelberg.de), inscription HD002812, retrieved 2026-10-04; inscription type: titulus sepulcralis (EDH genre 'titsep'); province: Liguria (Regio IX) (EDH code Lig); EDH dating: not before 101 CE, not after 200 CE (99-year window); astronomical start_year 101. Data licence CC BY-SA 4.0."
edh:hd002815,work,Epitaph from Albintimilium - Ventimiglia,,"Latin epitaph; EDH HD002815 from Albintimilium - Ventimiglia; monument type: Tafel; material: Marmor, geädert / farbig; transcription: L(ucius) Octavius / Urbicus sibi et / Octaviae Syn/tycheni uxori / suae / et suis v(ivus) f(ecit)",available,101,,medium,"Source: Epigraphic Database Heidelberg (https://edh.ub.uni-heidelberg.de), inscription HD002815, retrieved 2026-10-04; inscription type: titulus sepulcralis (EDH genre 'titsep'); province: Liguria (Regio IX) (EDH code Lig); EDH dating: not before 101 CE, not after 200 CE (99-year window); astronomical start_year 101. Data licence CC BY-SA 4.0."
edh:hd002818,work,Epitaph from Albintimilium - Ventimiglia,,"Latin epitaph; EDH HD002818 from Albintimilium - Ventimiglia; monument type: Tafel; material: Marmor, weiß; transcription: D(is) M(anibus) / Symposio Pamphilo filio / bene merenti mater / et soror fecerunt qu/i vixit an(nos) XXIX m(enses) VIII...",available,101,,medium,"Source: Epigraphic Database Heidelberg (https://edh.ub.uni-heidelberg.de), inscription HD002818, retrieved 2026-10-04; inscription type: titulus sepulcralis (EDH genre 'titsep'); province: Liguria (Regio IX) (EDH code Lig); EDH dating: not before 101 CE, not after 200 CE (99-year window); astronomical start_year 101. Data licence CC BY-SA 4.0."
edh:hd002821,work,Epitaph from Albintimilium - Ventimiglia,,"Latin epitaph; EDH HD002821 from Albintimilium - Ventimiglia; monument type: Stele; material: Marmor, geädert / farbig; transcription: C(aio) Trassario / C(ai) f(ilio) Restitu/to Dertona mil(iti) c(o)ho(rtis) X pr(aetoriae) / |(centuria) Proculi / mil(ita...",available,101,,medium,"Source: Epigraphic Database Heidelberg (https://edh.ub.uni-heidelberg.de), inscription HD002821, retrieved 2026-10-04; inscription type: titulus sepulcralis (EDH genre 'titsep'); province: Liguria (Regio IX) (EDH code Lig); EDH dating: not before 101 CE, not after 200 CE (99-year window); astronomical start_year 101. Data licence CC BY-SA 4.0."
edh:hd002824,work,Epitaph from Albintimilium - Ventimiglia,,Latin epitaph; EDH HD002824 from Albintimilium - Ventimiglia; material: Marmor; transcription: Sex(to?) Hil[---] / Aphro[disio? ---] / Considius [&,available,1,,medium,"Source: Epigraphic Database Heidelberg (https://edh.ub.uni-heidelberg.de), inscription HD002824, retrieved 2026-10-04; inscription type: titulus sepulcralis (EDH genre 'titsep'); province: Liguria (Regio IX) (EDH code Lig); EDH dating: not before 1 CE, not after 200 CE (199-year window); astronomical start_year 1. Data licence CC BY-SA 4.0. Caveats: wide EDH dating window (199 years)."
edh:hd002833,work,Epitaph from Albintimilium - Ventimiglia,,Latin epitaph; EDH HD002833 from Albintimilium - Ventimiglia; monument type: Tafel; material: Marmor; transcription: Statoria M(arci) f(ilia) Quarta // C(aius) Statorius / Sippo Manil(ia) / M(ani) f(ilia) Tertulla / Statoriae C(ai) f(ili...,available,1,,medium,"Source: Epigraphic Database Heidelberg (https://edh.ub.uni-heidelberg.de), inscription HD002833, retrieved 2026-10-04; inscription type: titulus sepulcralis (EDH genre 'titsep'); province: Liguria (Regio IX) (EDH code Lig); EDH dating: not before 1 CE, not after 200 CE (199-year window); astronomical start_year 1. Data licence CC BY-SA 4.0. Caveats: wide EDH dating window (199 years)."
edh:hd002842,work,Epitaph from Albingaunum - Albenga,,Latin epitaph; EDH HD002842 from Albingaunum - Albenga; monument type: Ziegel; material: Ton; transcription: B(onae) m(emoriae) Petrus / vi(xit) an(n)is p(lus) L / req(ui)ebit(!) / in pace,available,401,,medium,"Source: Epigraphic Database Heidelberg (https://edh.ub.uni-heidelberg.de), inscription HD002842, retrieved 2026-10-04; inscription type: titulus sepulcralis (EDH genre 'titsep'); province: Liguria (Regio IX) (EDH code Lig); EDH dating: not before 401 CE, not after 600 CE (199-year window); astronomical start_year 401. Data licence CC BY-SA 4.0. Caveats: wide EDH dating window (199 years)."
edh:hd002848,work,Epitaph from Vada Sabatia - Noli,,Latin epitaph; EDH HD002848 from Vada Sabatia - Noli; monument type: Urne; material: Marmor; transcription: D(is) M(anibus) / L(uci) Caecili Alexan/dri coniug(i) b(ene) m(erenti) / Caecilia Tyrannis,available,71,,medium,"Source: Epigraphic Database Heidelberg (https://edh.ub.uni-heidelberg.de), inscription HD002848, retrieved 2026-10-04; inscription type: titulus sepulcralis (EDH genre 'titsep'); province: Liguria (Regio IX) (EDH code Lig); EDH dating: not before 71 CE, not after 250 CE (179-year window); astronomical start_year 71. Data licence CC BY-SA 4.0. Caveats: wide EDH dating window (179 years)."
edh:hd002851,work,Epitaph from Vada Sabatia - Noli,,Latin epitaph; EDH HD002851 from Vada Sabatia - Noli; monument type: Tafel; transcription: Hic requiesci[t b(onae) m(emoriae)] / Theodo[rus qui] / vixit in [hoc sae]/colo(!) pl(us) m(inus) [annos ---] / eg[i]t e...,available,571,,medium,"Source: Epigraphic Database Heidelberg (https://edh.ub.uni-heidelberg.de), inscription HD002851, retrieved 2026-10-04; inscription type: titulus sepulcralis (EDH genre 'titsep'); province: Liguria (Regio IX) (EDH code Lig); EDH dating: not before 571 CE, not after 630 CE (59-year window); astronomical start_year 571. Data licence CC BY-SA 4.0."
edh:hd002857,work,Epitaph from Vada Sabatia - Vado Ligure,,"Latin epitaph; EDH HD002857 from Vada Sabatia - Vado Ligure; monument type: Tafel; material: Marmor, weiß; transcription: [D(is)] M(anibus) / [---]iae C(ai) f(iliae) Summae / matri / Iuniae Q(uinti) f(iliae) Secundae / sorori / v(ivus) Q(uint...",available,71,,medium,"Source: Epigraphic Database Heidelberg (https://edh.ub.uni-heidelberg.de), inscription HD002857, retrieved 2026-10-04; inscription type: titulus sepulcralis (EDH genre 'titsep'); province: Liguria (Regio IX) (EDH code Lig); EDH dating: not before 71 CE, not after 150 CE (79-year window); astronomical start_year 71. Data licence CC BY-SA 4.0."
edh:hd002865,work,Building/dedicatory inscription from Ala - Aalen,,Latin building/dedicatory inscription; EDH HD002865 from Ala - Aalen; monument type: Tafel; material: Sandstein; transcription: [Imp(eratori) Caes(ari)] M(arco) Aur[elio Anto]/[nino Aug(usto)] p(ontifici) m(aximo) t[ribunicia] / [pot(estate) XVIII]...,available,163,,high,"Source: Epigraphic Database Heidelberg (https://edh.ub.uni-heidelberg.de), inscription HD002865, retrieved 2026-10-04; inscription type: titulus dedicatorius (EDH genre 'titoppubpriv'); province: Raetia (EDH code Rae); EDH dating: not before 163 CE, not after 164 CE (1-year window); astronomical start_year 163. Data licence CC BY-SA 4.0."
edh:hd002875,work,Epitaph from Vada Sabatia - Vado Ligure,,"Latin epitaph; EDH HD002875 from Vada Sabatia - Vado Ligure; monument type: Tafel; material: Marmor, weiß; transcription: $]io M(arci) f(ilio) / [---]rioni / [--- S]aturnin(ae) / [---]rae / [& // [Hic?`re]quies/[cit ---? A]rchadi/[us! ---]ssi...",available,51,,medium,"Source: Epigraphic Database Heidelberg (https://edh.ub.uni-heidelberg.de), inscription HD002875, retrieved 2026-10-04; inscription type: titulus sepulcralis (EDH genre 'titsep'); province: Liguria (Regio IX) (EDH code Lig); EDH dating: not before 51 CE, not after 200 CE (149-year window); astronomical start_year 51. Data licence CC BY-SA 4.0. Caveats: wide EDH dating window (149 years)."
edh:hd002878,work,Epitaph from Vada Sabatia - Noli,,Latin epitaph; EDH HD002878 from Vada Sabatia - Noli; monument type: Urne; material: Marmor; transcription: D(is) M(anibus) D(ecimo) Petronio / D(ecimi) f(ilio) Stel(latina) Proculo / vix(it) ann(is) XLV mens(e) I / dieb(us) VII...,available,101,,medium,"Source: Epigraphic Database Heidelberg (https://edh.ub.uni-heidelberg.de), inscription HD002878, retrieved 2026-10-04; inscription type: titulus sepulcralis (EDH genre 'titsep'); province: Liguria (Regio IX) (EDH code Lig); EDH dating: not before 101 CE, not after 200 CE (99-year window); astronomical start_year 101. Data licence CC BY-SA 4.0."
edh:hd002887,work,Votive inscription from Piana Crixia,,Latin votive inscription; EDH HD002887 from Piana Crixia; monument type: Architekturteil; material: Sandstein; transcription: L(ucius) Laivius(!) / Clemens / mil(es) leg(ionis) / XV Apol(linaris) / m(erito) v(otum) s(olvit) l(ibens),available,69,,medium,"Source: Epigraphic Database Heidelberg (https://edh.ub.uni-heidelberg.de), inscription HD002887, retrieved 2026-10-04; inscription type: titulus votivus (EDH genre 'titsac'); province: Liguria (Regio IX) (EDH code Lig); EDH dating: not before 69 CE, not after 96 CE (27-year window); astronomical start_year 69. Data licence CC BY-SA 4.0."
edh:hd002890,work,Acclamation from Alba Pompeia - Alba,,Latin acclamation; EDH HD002890 from Alba Pompeia - Alba; monument type: Urne; material: Ton; transcription: Calos Acti Castresis,available,51,,medium,"Source: Epigraphic Database Heidelberg (https://edh.ub.uni-heidelberg.de), inscription HD002890, retrieved 2026-10-04; inscription type: acclamatio (EDH genre 'titaccl'); province: Liguria (Regio IX) (EDH code Lig); EDH dating: not before 51 CE, not after 100 CE (49-year window); astronomical start_year 51. Data licence CC BY-SA 4.0."
edh:hd002904,work,Owner/artist inscription from Vindonissa - Windisch,,Latin owner/artist inscription; EDH HD002904 from Vindonissa - Windisch; monument type: Tessera; material: Holz; transcription: Q(uinto) Maio milit(i) / leg(ionis) XIII gem(inae) / |(centuriae)(?) Statii(?) Nana(?),available,14,,medium,"Source: Epigraphic Database Heidelberg (https://edh.ub.uni-heidelberg.de), inscription HD002904, retrieved 2026-10-04; inscription type: titulus possessorius/fabrilis (EDH genre 'titpossfabr'); province: Germania superior (EDH code GeS); EDH dating: not before 14 CE, not after 41 CE (27-year window); astronomical start_year 14. Data licence CC BY-SA 4.0."
edh:hd002907,work,Owner/artist inscription from Vindonissa - Windisch,,Latin owner/artist inscription; EDH HD002907 from Vindonissa - Windisch; monument type: Tessera; material: Holz; transcription: Cre{i}scent(i) Credani / ad armam(entarium) Agili / Credan[us],available,59,,high,"Source: Epigraphic Database Heidelberg (https://edh.ub.uni-heidelberg.de), inscription HD002907, retrieved 2026-10-04; inscription type: titulus possessorius/fabrilis (EDH genre 'titpossfabr'); province: Germania superior (EDH code GeS); EDH dating: not before 59 CE, not after 70 CE (11-year window); astronomical start_year 59. Data licence CC BY-SA 4.0."
edh:hd002913,work,Identification inscription from Burdigala - Bordeaux,,Latin identification inscription; EDH HD002913 from Burdigala - Bordeaux; monument type: Tafel; material: Holz; transcription: Tra[n]q[ui]llo / lintiario(!),available,1,,medium,"Source: Epigraphic Database Heidelberg (https://edh.ub.uni-heidelberg.de), inscription HD002913, retrieved 2026-10-04; inscription type: nota (EDH genre 'nota'); province: Aquitania (EDH code Aqu); EDH dating: not before 1 CE, not after 200 CE (199-year window); astronomical start_year 1. Data licence CC BY-SA 4.0. Caveats: wide EDH dating window (199 years)."
edh:hd002919,work,Elogium from Athenae - Athínai,,Latin elogium; EDH HD002919 from Athenae - Athínai; monument type: Basis; transcription: $ nave]s hostium depresse[rit ---] / [---] CXIIX bello maritu[mo ---] / [---]uma ad imperium a[diecerit ---] / [---] sec...,available,-37,,medium,"Source: Epigraphic Database Heidelberg (https://edh.ub.uni-heidelberg.de), inscription HD002919, retrieved 2026-10-04; inscription type: elogium (EDH genre 'elogium'); province: Achaia (EDH code Ach); EDH dating: not before 38 BCE, not after 12 BCE (26-year window); astronomical start_year -37. Data licence CC BY-SA 4.0."
edh:hd002949,work,Building/dedicatory inscription from Thamugadi - Timgad,,Latin building/dedicatory inscription; EDH HD002949 from Thamugadi - Timgad; monument type: Tafel?; transcription: [Imp(eratore) Caes(are) divi Hadri]ani f[il(io) divi Traiani Part(hici) nepote divi Nervae] / [pronep(ote) T(ito) Aelio ...,available,151,,high,"Source: Epigraphic Database Heidelberg (https://edh.ub.uni-heidelberg.de), inscription HD002949, retrieved 2026-10-04; inscription type: titulus dedicatorius (EDH genre 'titoppubpriv?'); genre attribution uncertain in EDH; province: Numidia (EDH code Num); EDH dating: not before 151 CE, not after 152 CE (1-year window); astronomical start_year 151. Data licence CC BY-SA 4.0."
edh:hd002952,work,Building/dedicatory inscription from Thamugadi - Timgad,,Latin building/dedicatory inscription; EDH HD002952 from Thamugadi - Timgad; monument type: Tafel?; transcription: [Imp(eratori) Caes(ari) T(ito) Aelio] Hadriano [An]tonino Augusto Pio [p(atri) p(atriae)] / [L(ucius) Matuccius Fusci]nu...,available,158,,high,"Source: Epigraphic Database Heidelberg (https://edh.ub.uni-heidelberg.de), inscription HD002952, retrieved 2026-10-04; inscription type: titulus dedicatorius (EDH genre 'titoppubpriv?'); genre attribution uncertain in EDH; province: Numidia (EDH code Num); EDH dating: not before 158 CE, not after 159 CE (1-year window); astronomical start_year 158. Data licence CC BY-SA 4.0."
edh:hd002955,work,Building/dedicatory inscription from Thamugadi - Timgad,,Latin building/dedicatory inscription; EDH HD002955 from Thamugadi - Timgad; monument type: Architekturteil; material: Kalkstein; transcription: [Imp(eratore) Caes(are) divi Hadriani fil(io) divi] Traiani nepo[te] / [divi Nervae pronepote T(ito) Aelio H]adriano Ant...,available,158,,high,"Source: Epigraphic Database Heidelberg (https://edh.ub.uni-heidelberg.de), inscription HD002955, retrieved 2026-10-04; inscription type: titulus dedicatorius (EDH genre 'titoppubpriv?'); genre attribution uncertain in EDH; province: Numidia (EDH code Num); EDH dating: not before 158 CE, not after 159 CE (1-year window); astronomical start_year 158. Data licence CC BY-SA 4.0."
edh:hd002958,work,Votive inscription from Salonae - Solin,,Latin votive inscription; EDH HD002958 from Salonae - Solin; monument type: Architekturteil; material: Gesteine; transcription: L(ibero) P(atri) s(acrum) / Curia/nus,available,151,,medium,"Source: Epigraphic Database Heidelberg (https://edh.ub.uni-heidelberg.de), inscription HD002958, retrieved 2026-10-04; inscription type: titulus votivus (EDH genre 'titsac'); province: Dalmatia (EDH code Dal); EDH dating: not before 151 CE, not after 300 CE (149-year window); astronomical start_year 151. Data licence CC BY-SA 4.0. Caveats: wide EDH dating window (149 years)."
edh:hd002961,work,Building/dedicatory inscription from Thamugadi - Timgad,,Latin building/dedicatory inscription; EDH HD002961 from Thamugadi - Timgad; monument type: Tafel; material: Kalkstein; transcription: Imp(eratori) Caes(ari) M(arco) [Aurelio An]tonino Armeniaco Par[thico ma]ximo Medico / Aug(usto) po[ntif(ici) max(imo) t...,available,170,,high,"Source: Epigraphic Database Heidelberg (https://edh.ub.uni-heidelberg.de), inscription HD002961, retrieved 2026-10-04; inscription type: titulus dedicatorius (EDH genre 'titoppubpriv'); province: Numidia (EDH code Num); EDH dating: not before 170 CE, not after 171 CE (1-year window); astronomical start_year 170. Data licence CC BY-SA 4.0."
edh:hd002964,work,Votive inscription from Thamugadi - Timgad,,Latin votive inscription; EDH HD002964 from Thamugadi - Timgad; monument type: Tafel; material: Kalkstein; transcription: [Pro salute Imp(eratoris) Caes(aris) M(arci) Aureli Antonini Armeniaci Parthici m]ax(imi) Medici Germani[ci] / [Aug(usti...,available,172,,high,"Source: Epigraphic Database Heidelberg (https://edh.ub.uni-heidelberg.de), inscription HD002964, retrieved 2026-10-04; inscription type: titulus votivus (EDH genre 'titsac'); province: Numidia (EDH code Num); EDH dating: not before 172 CE, not after 174 CE (2-year window); astronomical start_year 172. Data licence CC BY-SA 4.0."
edh:hd002969,work,Epitaph from Tal Oued Mellagou,,Latin epitaph; EDH HD002969 from Tal Oued Mellagou; monument type: Stele; transcription: [D(is) M(anibus) s(acrum) m]emoria C(aius) Ga[llonius] / [S]enex v(ixit) a(nnos) LXXV [---] / et Fortunata [---] / [Fort...,available,101,,medium,"Source: Epigraphic Database Heidelberg (https://edh.ub.uni-heidelberg.de), inscription HD002969, retrieved 2026-10-04; inscription type: titulus sepulcralis (EDH genre 'titsep'); province: Numidia (EDH code Num); EDH dating: not before 101 CE, not after 200 CE (99-year window); astronomical start_year 101. Data licence CC BY-SA 4.0."
edh:hd002970,work,Votive inscription from Thamugadi - Timgad,,Latin votive inscription; EDH HD002970 from Thamugadi - Timgad; monument type: Tafel; transcription: [Pro salute Imp(eratoris) Caes(aris) divi M(arci)] Antonin[i Pii] Germani[ci Sarmatici fili di]vi Commo/di fratris divi ...,available,198,,high,"Source: Epigraphic Database Heidelberg (https://edh.ub.uni-heidelberg.de), inscription HD002970, retrieved 2026-10-04; inscription type: titulus votivus (EDH genre 'titsac'); province: Numidia (EDH code Num); EDH dating: not before 198 CE, not after 199 CE (1-year window); astronomical start_year 198. Data licence CC BY-SA 4.0."
edh:hd002972,work,Epitaph from Tal Oued Mellagou,,Latin epitaph; EDH HD002972 from Tal Oued Mellagou; monument type: Stele; transcription: [D(is) M(anibus)] s(acrum) hic I[---] / [---]E Gallo[nius ---] / [---]us v(ixit) a(nnos) [&,available,101,,medium,"Source: Epigraphic Database Heidelberg (https://edh.ub.uni-heidelberg.de), inscription HD002972, retrieved 2026-10-04; inscription type: titulus sepulcralis (EDH genre 'titsep'); province: Numidia (EDH code Num); EDH dating: not before 101 CE, not after 200 CE (99-year window); astronomical start_year 101. Data licence CC BY-SA 4.0."
edh:hd002973,work,Votive inscription from Thamugadi - Timgad,,Latin votive inscription; EDH HD002973 from Thamugadi - Timgad; monument type: Tafel; transcription: [Pro salute Imp(eratoris) Caes(aris) divi M(arci) Antonini Pii Sa]rmatici Germanici fili / [divi Commodi fratris divi An...,available,198,,high,"Source: Epigraphic Database Heidelberg (https://edh.ub.uni-heidelberg.de), inscription HD002973, retrieved 2026-10-04; inscription type: titulus votivus (EDH genre 'titsac'); province: Numidia (EDH code Num); EDH dating: not before 198 CE, not after 199 CE (1-year window); astronomical start_year 198. Data licence CC BY-SA 4.0."
edh:hd002976,work,Honorific inscription from Thamugadi - Timgad,,Latin honorific inscription; EDH HD002976 from Thamugadi - Timgad; monument type: Tafel; transcription: Imp(eratori) Caesari M(arco) Aurelio Antonino Aug(usto) Parthico m[a]ximo trib[uniciae potes]/tatis bis proconsuli Imper...,available,198,,high,"Source: Epigraphic Database Heidelberg (https://edh.ub.uni-heidelberg.de), inscription HD002976, retrieved 2026-10-04; inscription type: titulus honorarius (EDH genre 'tithon'); province: Numidia (EDH code Num); EDH dating: not before 198 CE, not after 199 CE (1-year window); astronomical start_year 198. Data licence CC BY-SA 4.0."
edh:hd002977,work,"Epitaph from Carales, bei - Decimomannu",,"Latin epitaph; EDH HD002977 from Carales, bei - Decimomannu; transcription: B(onae) m(emoriae) Gr(a)eca / quiescit in pace / vixit annos XX m(enses) II d(ies) XVIII / deposita pridie Idus Ianuaria...",available,301,,medium,"Source: Epigraphic Database Heidelberg (https://edh.ub.uni-heidelberg.de), inscription HD002977, retrieved 2026-10-04; inscription type: titulus sepulcralis (EDH genre 'titsep'); province: Sardinia (EDH code Sar); EDH dating: not before 301 CE, not after 500 CE (199-year window); astronomical start_year 301. Data licence CC BY-SA 4.0. Caveats: wide EDH dating window (199 years)."
edh:hd002979,work,Public legal inscription from Bergamum - Bergamo,,Latin public legal inscription; EDH HD002979 from Bergamum - Bergamo; monument type: Tafel; material: Bronze; transcription: Quod Q(uintus) Acilius Montanus M(arcus) Iunius Proculus IIviri v(erba) f(ecerunt) / cum M(arcus) Sempronius Fuscus prae...,available,51,,medium,"Source: Epigraphic Database Heidelberg (https://edh.ub.uni-heidelberg.de), inscription HD002979, retrieved 2026-10-04; inscription type: titulus iuridicus publicus (EDH genre 'titiurpub'); province: Transpadana (Regio XI) (EDH code Tra); EDH dating: not before 51 CE, not after 74 CE (23-year window); astronomical start_year 51. Data licence CC BY-SA 4.0."
edh:hd002983,work,Honorific inscription from Catina - Catania,,Latin honorific inscription; EDH HD002983 from Catina - Catania; monument type: Tafel; material: Marmor; transcription: [---]o M(arci) f(ilio) M(arci) n(epoti) / [---]ano X[viro] / [stlitibus] iudic[andis] / [tribuno mili]tum [---] / [--- q...,available,1,,medium,"Source: Epigraphic Database Heidelberg (https://edh.ub.uni-heidelberg.de), inscription HD002983, retrieved 2026-10-04; inscription type: titulus honorarius (EDH genre 'tithon'); province: Sicilia, Melita (EDH code Sic); EDH dating: not before 1 CE, not after 50 CE (49-year window); astronomical start_year 1. Data licence CC BY-SA 4.0."
edh:hd002986,work,"Elogium from Comum, aus - Milano",,"Latin elogium; EDH HD002986 from Comum, aus - Milano; monument type: Tafel?; material: Marmor; transcription: C(aius) Plinius L(uci) f(ilius) Ouf(entina) Caecilius [Secundus co(n)s(ul)] / augur legat(us) pro pr(aetore) provinciae ...",available,111,,high,"Source: Epigraphic Database Heidelberg (https://edh.ub.uni-heidelberg.de), inscription HD002986, retrieved 2026-10-04; inscription type: elogium (EDH genre 'elogium'); province: Transpadana (Regio XI) (EDH code Tra); EDH dating: not before 111 CE, not after 114 CE (3-year window); astronomical start_year 111. Data licence CC BY-SA 4.0."
edh:hd002989,work,Epitaph from Catina? - Catania?,,GL epitaph; EDH HD002989 from Catina? - Catania?; monument type: Tafel?; transcription: ἐτεληώθη ἐν κυ[ρίου ὀνόματι?] / ν μακαρια τῇ μνήμῃ [---] / ηος ζήσας ἔτι ξ [ἰ]ενα/ρήῳ ις ἠνδικ(τίονος) ιε // Hic re[quie...,available,401,,medium,"Source: Epigraphic Database Heidelberg (https://edh.ub.uni-heidelberg.de), inscription HD002989, retrieved 2026-10-04; inscription type: titulus sepulcralis (EDH genre 'titsep'); province: Sicilia, Melita (EDH code Sic); EDH dating: not before 401 CE, not after 600 CE (199-year window); astronomical start_year 401. Data licence CC BY-SA 4.0. Caveats: wide EDH dating window (199 years)."
edh:hd002992,work,Epitaph from Catina - Catania,,Latin epitaph; EDH HD002992 from Catina - Catania; monument type: Tafel?; material: Marmor?; transcription: L(ucia) Arria Partheni(o)n / vixit annos XXVI / Parthenius pat(e)r / filiae dulcissimae / fecit,available,101,,medium,"Source: Epigraphic Database Heidelberg (https://edh.ub.uni-heidelberg.de), inscription HD002992, retrieved 2026-10-04; inscription type: titulus sepulcralis (EDH genre 'titsep'); province: Sicilia, Melita (EDH code Sic); EDH dating: not before 101 CE, not after 200 CE (99-year window); astronomical start_year 101. Data licence CC BY-SA 4.0."
edh:hd002995,work,Epitaph from Catina - Catania,,Latin epitaph; EDH HD002995 from Catina - Catania; monument type: Tafel; material: Marmor; transcription: D(is) M(anibus) / Vibia Arete vix(it) / annis XXX // Vibius Artitian[us](?),available,101,,medium,"Source: Epigraphic Database Heidelberg (https://edh.ub.uni-heidelberg.de), inscription HD002995, retrieved 2026-10-04; inscription type: titulus sepulcralis (EDH genre 'titsep'); province: Sicilia, Melita (EDH code Sic); EDH dating: not before 101 CE, not after 200 CE (99-year window); astronomical start_year 101. Data licence CC BY-SA 4.0."
edh:hd003013,work,"Mile-/Leaguestone from Karales - Olbia, inter - Torralba",,"Latin mile-/leaguestone; EDH HD003013 from Karales - Olbia, inter - Torralba; monument type: Meilenstein; material: Trachyt; transcription: $] / biam(!) [qu(a)]e [ducit] / a Kar(alibus) Olvi(a)e(!) b[etust(ate)! corr(uptam)] / restituer(unt) cu[rante] / M(arco...",available,251,,high,"Source: Epigraphic Database Heidelberg (https://edh.ub.uni-heidelberg.de), inscription HD003013, retrieved 2026-10-04; inscription type: miliarium (EDH genre 'miliarium'); province: Sardinia (EDH code Sar); EDH dating: not before 251 CE, not after 253 CE (2-year window); astronomical start_year 251. Data licence CC BY-SA 4.0."
edh:hd003019,work,"Mile-/Leaguestone from Karales - Olbia, inter - Torralba",,"Latin mile-/leaguestone; EDH HD003019 from Karales - Olbia, inter - Torralba; monument type: Meilenstein; material: Trachyt; transcription: Impp(eratoribus) Caess(aribus) / dd(ominis) nn(ostris) Flavio Val(erio) / Constantio Galerio Val(erio) Max/simiano(!) Pi...",available,305,,high,"Source: Epigraphic Database Heidelberg (https://edh.ub.uni-heidelberg.de), inscription HD003019, retrieved 2026-10-04; inscription type: miliarium (EDH genre 'miliarium'); province: Sardinia (EDH code Sar); EDH dating: not before 305 CE, not after 306 CE (1-year window); astronomical start_year 305. Data licence CC BY-SA 4.0."
edh:hd003022,work,"Mile-/Leaguestone from Olbia, bei - Mores",,"Latin mile-/leaguestone; EDH HD003022 from Olbia, bei - Mores; monument type: Meilenstein; material: Trachyt; transcription: [M(ilia) p(assuum) CXVIIII] / [Imp(eratori)] Caes(ari) [P(ublio) Licinio] / [Va]leriano Pio [Fel(ici) Aug(usto)] / pont(...",available,254,,high,"Source: Epigraphic Database Heidelberg (https://edh.ub.uni-heidelberg.de), inscription HD003022, retrieved 2026-10-04; inscription type: miliarium (EDH genre 'miliarium'); province: Sardinia (EDH code Sar); EDH dating: not before 254 CE, not after 256 CE (2-year window); astronomical start_year 254. Data licence CC BY-SA 4.0."
edh:hd003028,work,"Building/dedicatory inscription from Guagno-les-Bains, bei",,"Latin building/dedicatory inscription; EDH HD003028 from Guagno-les-Bains, bei; monument type: Tafel; material: Marmor; transcription: $ matu]tini et bestiarum [---] / [---]ae Aug(ustae?) Salutaris fam[---] / [---] quam Martialis Silv[---] / [---] dilapsa...",available,71,,medium,"Source: Epigraphic Database Heidelberg (https://edh.ub.uni-heidelberg.de), inscription HD003028, retrieved 2026-10-04; inscription type: titulus dedicatorius (EDH genre 'titoppubpriv'); province: Corsica (EDH code Cor); EDH dating: not before 71 CE, not after 150 CE (79-year window); astronomical start_year 71. Data licence CC BY-SA 4.0."
edh:hd003061,work,"Epitaph from Doclea, bei - Podgorica",,"Latin epitaph; EDH HD003061 from Doclea, bei - Podgorica; material: Kalkstein; transcription: [D(is)] M(anibus) s(acrum) / [F]austi/[no] patri pi/[issi]m(o) q(ui) v(ixit) a(nnos) / [---]IX / [---]avia filia f(ecit)",available,101,,medium,"Source: Epigraphic Database Heidelberg (https://edh.ub.uni-heidelberg.de), inscription HD003061, retrieved 2026-10-04; inscription type: titulus sepulcralis (EDH genre 'titsep'); province: Dalmatia (EDH code Dal); EDH dating: not before 101 CE, not after 200 CE (99-year window); astronomical start_year 101. Data licence CC BY-SA 4.0."
edh:hd003065,work,"Epitaph from S. Pietro in Casale, bei",,"Latin epitaph; EDH HD003065 from S. Pietro in Casale, bei; monument type: Tafel; transcription: L(ucius) Cornelius L(uci) f(ilius) Lem(onia) Glabra / Iulia Q(uinti) f(ilia) Severa uxor",available,1,,medium,"Source: Epigraphic Database Heidelberg (https://edh.ub.uni-heidelberg.de), inscription HD003065, retrieved 2026-10-04; inscription type: titulus sepulcralis (EDH genre 'titsep'); province: Aemilia (Regio VIII) (EDH code Aem); EDH dating: not before 1 CE, not after 100 CE (99-year window); astronomical start_year 1. Data licence CC BY-SA 4.0."
edh:hd003087,work,Epitaph from Vercellae - Vercelli,,Latin epitaph; EDH HD003087 from Vercellae - Vercelli; monument type: Stele; material: Marmor; transcription: T(ito) Arruntio T(iti) f(ilio) / [&,available,1,,medium,"Source: Epigraphic Database Heidelberg (https://edh.ub.uni-heidelberg.de), inscription HD003087, retrieved 2026-10-04; inscription type: titulus sepulcralis (EDH genre 'titsep'); province: Transpadana (Regio XI) (EDH code Tra); EDH dating: not before 1 CE, not after 200 CE (199-year window); astronomical start_year 1. Data licence CC BY-SA 4.0. Caveats: wide EDH dating window (199 years)."
edh:hd003090,work,"Epitaph from Vercellae, bei - Valstrona?",,"Latin epitaph; EDH HD003090 from Vercellae, bei - Valstrona?; monument type: Tafel; material: Marmor; transcription: Hic requiescit in pace / b(onae) m(emoriae) Candidianus / p(res)b(yte)r qui vixit in s(a)e/colum(!) annus(!) pl(us) m(in...",available,401,,medium,"Source: Epigraphic Database Heidelberg (https://edh.ub.uni-heidelberg.de), inscription HD003090, retrieved 2026-10-04; inscription type: titulus sepulcralis (EDH genre 'titsep'); province: Transpadana (Regio XI) (EDH code Tra); EDH dating: not before 401 CE, not after 600 CE (199-year window); astronomical start_year 401. Data licence CC BY-SA 4.0. Caveats: wide EDH dating window (199 years)."
edh:hd003093,work,"Honorific inscription from Vercellae, bei - Zubiena",,"Latin honorific inscription; EDH HD003093 from Vercellae, bei - Zubiena; monument type: Tafel; material: Marmor, geädert / farbig; transcription: $]ir decu[rio ---] / [VIvir] Au[g]ustali[s ---] / [---]tius L(uci) f(ilius) Po[l(lia) ---] / [---]r IIvir qu[inq(uennali...",available,1,,medium,"Source: Epigraphic Database Heidelberg (https://edh.ub.uni-heidelberg.de), inscription HD003093, retrieved 2026-10-04; inscription type: titulus honorarius (EDH genre 'tithon?'); genre attribution uncertain in EDH; province: Transpadana (Regio XI) (EDH code Tra); EDH dating: not before 1 CE, not after 200 CE (199-year window); astronomical start_year 1. Data licence CC BY-SA 4.0. Caveats: wide EDH dating window (199 years)."
edh:hd003120,work,"Votive inscription from Tragurium, bei - Seget",,"Latin votive inscription; EDH HD003120 from Tragurium, bei - Seget; monument type: Altar?; transcription: Herculi / sacrum / P(ublius) Plotius |(centurio) leg(ionis) / VII C(laudiae) p(iae) f(idelis) / v(otum) s(olvit) l(ibens...",available,42,,high,"Source: Epigraphic Database Heidelberg (https://edh.ub.uni-heidelberg.de), inscription HD003120, retrieved 2026-10-04; inscription type: titulus votivus (EDH genre 'titsac'); province: Dalmatia (EDH code Dal); EDH dating: not before 42 CE, not after 57 CE (15-year window); astronomical start_year 42. Data licence CC BY-SA 4.0."
edh:hd003126,work,Inscription from unknown findspot,,Latin inscription; EDH HD003126 from unknown findspot; monument type: Diptychon; material: Holz; transcription: Leg(io) III Cyr(enaica) / |(centuria) Minuci / Claudiani / C(aius) Anthistius(!) / Valens nomo / Arsenoite(!),available,101,,medium,"Source: Epigraphic Database Heidelberg (https://edh.ub.uni-heidelberg.de), inscription HD003126, retrieved 2026-10-04; inscription type not recorded in EDH (genre code 'empty'); province: Aegyptus (EDH code Aeg); EDH dating: not before 101 CE, not after 200 CE (99-year window); astronomical start_year 101. Data licence CC BY-SA 4.0."
edh:hd003132,work,Epitaph from Hasta - Costigliole d'Asti,,Latin epitaph; EDH HD003132 from Hasta - Costigliole d'Asti; monument type: Stele; material: Marmor; transcription: C(aius) Silucius M(arci) f(ilius) / Secundus / IIIIIIvir sibi et / M(arco) Silucio M(arci) f(ilio) / Metello patri / Til...,available,101,,medium,"Source: Epigraphic Database Heidelberg (https://edh.ub.uni-heidelberg.de), inscription HD003132, retrieved 2026-10-04; inscription type: titulus sepulcralis (EDH genre 'titsep'); province: Liguria (Regio IX) (EDH code Lig); EDH dating: not before 101 CE, not after 200 CE (99-year window); astronomical start_year 101. Data licence CC BY-SA 4.0."
edh:hd003147,work,Epitaph from Dertona - Pozzolo Formigaro,,Latin epitaph; EDH HD003147 from Dertona - Pozzolo Formigaro; monument type: Stele; material: Marmor; transcription: C(aio) Curtio C(ai) f(ilio) / [------],available,101,,medium,"Source: Epigraphic Database Heidelberg (https://edh.ub.uni-heidelberg.de), inscription HD003147, retrieved 2026-10-04; inscription type: titulus sepulcralis (EDH genre 'titsep?'); genre attribution uncertain in EDH; province: Liguria (Regio IX) (EDH code Lig); EDH dating: not before 101 CE, not after 200 CE (99-year window); astronomical start_year 101. Data licence CC BY-SA 4.0."
edh:hd003148,work,Owner/artist inscription from Olbia - Olbia,,Latin owner/artist inscription; EDH HD003148 from Olbia - Olbia; monument type: Ziegel; material: Ton; transcription: Actes Au[g(usti) l(ibertae)],available,55,,high,"Source: Epigraphic Database Heidelberg (https://edh.ub.uni-heidelberg.de), inscription HD003148, retrieved 2026-10-04; inscription type: titulus possessorius/fabrilis (EDH genre 'titpossfabr'); province: Sardinia (EDH code Sar); EDH dating: not before 55 CE, not after 70 CE (15-year window); astronomical start_year 55. Data licence CC BY-SA 4.0."
edh:hd003180,work,Honorific inscription from Rusellae - Roselle,,Latin honorific inscription; EDH HD003180 from Rusellae - Roselle; monument type: Tafel; material: Marmor; transcription: $] / [---]i f(ilio?) / [&?,available,-26,,medium,"Source: Epigraphic Database Heidelberg (https://edh.ub.uni-heidelberg.de), inscription HD003180, retrieved 2026-10-04; inscription type: titulus honorarius (EDH genre 'tithon?'); genre attribution uncertain in EDH; province: unknown province code 'TuU' (EDH code TuU); EDH dating: not before 27 BCE, not after 69 CE (96-year window); astronomical start_year -26. Data licence CC BY-SA 4.0."
edh:hd003269,work,"Honorific inscription from Buthrotum - Ksamil, bei",,"Latin honorific inscription; EDH HD003269 from Buthrotum - Ksamil, bei; monument type: Tafel; material: Marmor; transcription: [L(ucio) Do]mitio Cn(aei) f(ilio) Ahenob(arbo) / pontif(ici) co(n)s(uli) / d(ecreto) d(ecurionum) patron(o) colonei",available,-15,,medium,"Source: Epigraphic Database Heidelberg (https://edh.ub.uni-heidelberg.de), inscription HD003269, retrieved 2026-10-04; inscription type: titulus honorarius (EDH genre 'tithon'); province: Epirus (EDH code Epi); EDH dating: not before 16 BCE, not after 25 CE (41-year window); astronomical start_year -15. Data licence CC BY-SA 4.0."
edh:hd003270,work,Epitaph from S. Pietro di Pianezza,,Latin epitaph; EDH HD003270 from S. Pietro di Pianezza; monument type: Stele; transcription: [Mo?]getius [---] / [s]ibi et Chilon[i] / [et] Rufo filiis / t(estamento) f(ieri) i(ussit),available,1,,medium,"Source: Epigraphic Database Heidelberg (https://edh.ub.uni-heidelberg.de), inscription HD003270, retrieved 2026-10-04; inscription type: titulus sepulcralis (EDH genre 'titsep'); province: Transpadana (Regio XI) (EDH code Tra); EDH dating: not before 1 CE, not after 100 CE (99-year window); astronomical start_year 1. Data licence CC BY-SA 4.0."
edh:hd003275,work,Votive inscription from Giridava? - Pleven,,Latin votive inscription; EDH HD003275 from Giridava? - Pleven; monument type: Altar; transcription: I(ovi) O(ptimo) M(aximo) // ceterisq(u)e diis de/abusque Giri/davens(ibus) Mem/or Auggg(ustorum) nnn(ostrorum) / ser(vus...,available,209,,medium,"Source: Epigraphic Database Heidelberg (https://edh.ub.uni-heidelberg.de), inscription HD003275, retrieved 2026-10-04; inscription type: titulus votivus (EDH genre 'titsac'); province: Moesia inferior (EDH code MoI); EDH dating: not before 209 CE, not after 300 CE (91-year window); astronomical start_year 209. Data licence CC BY-SA 4.0."
edh:hd003283,work,Epitaph from Cemenelum - Nice,,Latin epitaph; EDH HD003283 from Cemenelum - Nice; monument type: Stele; material: Kalkstein; transcription: C(aio) Caudio C(ai) f(ilio) / Pol(lia) / Chryserosi / e(x) t(estamento),available,1,,medium,"Source: Epigraphic Database Heidelberg (https://edh.ub.uni-heidelberg.de), inscription HD003283, retrieved 2026-10-04; inscription type: titulus sepulcralis (EDH genre 'titsep'); province: Alpes Maritimae (EDH code AlM); EDH dating: not before 1 CE, not after 100 CE (99-year window); astronomical start_year 1. Data licence CC BY-SA 4.0."
edh:hd003286,work,Epitaph from Cemenelum - Nice,,Latin epitaph; EDH HD003286 from Cemenelum - Nice; monument type: Stele; material: Kalkstein; transcription: Epicado Scenutis / f(ilio) Veloci Dalmat(ae) / mil(iti) coh(ortis) Lig(urum) |(centuria) Maelini / h(eres) ex t(estament...,available,69,,medium,"Source: Epigraphic Database Heidelberg (https://edh.ub.uni-heidelberg.de), inscription HD003286, retrieved 2026-10-04; inscription type: titulus sepulcralis (EDH genre 'titsep'); province: Alpes Maritimae (EDH code AlM); EDH dating: not before 69 CE, not after 96 CE (27-year window); astronomical start_year 69. Data licence CC BY-SA 4.0."
edh:hd003289,work,Epitaph from Cemenelum - Nice,,Latin epitaph; EDH HD003289 from Cemenelum - Nice; monument type: Stele; material: Kalkstein; transcription: T(itus) Iventius / Sevatus / miles c(o)ho(rtis) / Gaet(ulorum) |(centuria) Gall(i) / h(eres) ex t(estamento) // L(ucius)...,available,-26,,medium,"Source: Epigraphic Database Heidelberg (https://edh.ub.uni-heidelberg.de), inscription HD003289, retrieved 2026-10-04; inscription type: titulus sepulcralis (EDH genre 'titsep'); province: Alpes Maritimae (EDH code AlM); EDH dating: not before 27 BCE, not after 54 CE (81-year window); astronomical start_year -26. Data licence CC BY-SA 4.0."
edh:hd003312,work,"Epitaph from Brescello, bei",,"Latin epitaph; EDH HD003312 from Brescello, bei; monument type: Stele; transcription: L(uci) / Lucci L(uci) l(iberti) / Salvi",available,31,,medium,"Source: Epigraphic Database Heidelberg (https://edh.ub.uni-heidelberg.de), inscription HD003312, retrieved 2026-10-04; inscription type: titulus sepulcralis (EDH genre 'titsep'); province: Aemilia (Regio VIII) (EDH code Aem); EDH dating: not before 31 CE, not after 70 CE (39-year window); astronomical start_year 31. Data licence CC BY-SA 4.0."
edh:hd003363,work,"Epitaph from Volcei, bei - Caggiano",,"Latin epitaph; EDH HD003363 from Volcei, bei - Caggiano; monument type: Block; transcription: [-] Gresio C(ai) f(ilio) / Hor(atia) / Liboni fratri",available,-29,,medium,"Source: Epigraphic Database Heidelberg (https://edh.ub.uni-heidelberg.de), inscription HD003363, retrieved 2026-10-04; inscription type: titulus sepulcralis (EDH genre 'titsep'); province: Bruttium et Lucania (Regio III) (EDH code BrL); EDH dating: not before 30 BCE, not after 14 CE (44-year window); astronomical start_year -29. Data licence CC BY-SA 4.0."
edh:hd003379,work,Epitaph from Cemenelum - Nice,,Latin epitaph; EDH HD003379 from Cemenelum - Nice; monument type: Block?; material: Gesteine unbestimmt; transcription: $] / trib(uno) [leg(ionis)? --- praef(ecto)] / alae [--- praef(ecto)] / alae [&,available,1,,medium,"Source: Epigraphic Database Heidelberg (https://edh.ub.uni-heidelberg.de), inscription HD003379, retrieved 2026-10-04; inscription type: titulus sepulcralis (EDH genre 'titsep?'); genre attribution uncertain in EDH; province: Alpes Maritimae (EDH code AlM); EDH dating: not before 1 CE, not after 100 CE (99-year window); astronomical start_year 1. Data licence CC BY-SA 4.0."
edh:hd003385,work,Votive inscription from Vindonissa - Windisch,,Latin votive inscription; EDH HD003385 from Vindonissa - Windisch; monument type: Altar?; material: Kalkstein; transcription: [Dia?]nae sa(crum) / [-- Stl]laccius / [--] f(ilius) / [---]us vet(eranus) leg(ionis) / [---]T[-] / [------],available,1,,medium,"Source: Epigraphic Database Heidelberg (https://edh.ub.uni-heidelberg.de), inscription HD003385, retrieved 2026-10-04; inscription type: titulus votivus (EDH genre 'titsac'); province: Germania superior (EDH code GeS); EDH dating: not before 1 CE, not after 150 CE (149-year window); astronomical start_year 1. Data licence CC BY-SA 4.0. Caveats: wide EDH dating window (149 years)."
edh:hd003388,work,Epitaph from Cemenelum - Nice,,Latin epitaph; EDH HD003388 from Cemenelum - Nice; monument type: Stele; material: Kalkstein; transcription: Q(uintus) Vibius Ex/omni f(ilius) Capito / Decius Maturras / |(centuria) Iulli / G(aius) Cassius Pudens / P(ublius) Calv...,available,1,,medium,"Source: Epigraphic Database Heidelberg (https://edh.ub.uni-heidelberg.de), inscription HD003388, retrieved 2026-10-04; inscription type: titulus sepulcralis (EDH genre 'titsep'); province: Alpes Maritimae (EDH code AlM); EDH dating: not before 1 CE, not after 100 CE (99-year window); astronomical start_year 1. Data licence CC BY-SA 4.0."
edh:hd003391,work,Epitaph from Cemenelum - Nice,,Latin epitaph; EDH HD003391 from Cemenelum - Nice; monument type: Stele; material: Kalkstein; transcription: L(ucio) Severo / Iasucten(i) / |(centuria) Post(umi) coh(ortis) Gaet(ulorum) / h(eres) ex t(estamento),available,-26,,medium,"Source: Epigraphic Database Heidelberg (https://edh.ub.uni-heidelberg.de), inscription HD003391, retrieved 2026-10-04; inscription type: titulus sepulcralis (EDH genre 'titsep'); province: Alpes Maritimae (EDH code AlM); EDH dating: not before 27 BCE, not after 68 CE (95-year window); astronomical start_year -26. Data licence CC BY-SA 4.0."
edh:hd003397,work,Epitaph from Cemenelum - Nice,,Latin epitaph; EDH HD003397 from Cemenelum - Nice; monument type: Stele; material: Kalkstein; transcription: P(ublius) Urgulanius / Sabinus / Iuliae Firmi f(iliae) Tertiae / uxori,available,1,,medium,"Source: Epigraphic Database Heidelberg (https://edh.ub.uni-heidelberg.de), inscription HD003397, retrieved 2026-10-04; inscription type: titulus sepulcralis (EDH genre 'titsep'); province: Alpes Maritimae (EDH code AlM); EDH dating: not before 1 CE, not after 100 CE (99-year window); astronomical start_year 1. Data licence CC BY-SA 4.0."
edh:hd003400,work,Honorific inscription from Cemenelum - Nice,,Latin honorific inscription; EDH HD003400 from Cemenelum - Nice; monument type: Tafel; material: Marmor; transcription: [Antonia Augusta] M(arci) f(ilia) Claudi [Neronis Drusi Germanici ---],available,41,,high,"Source: Epigraphic Database Heidelberg (https://edh.ub.uni-heidelberg.de), inscription HD003400, retrieved 2026-10-04; inscription type: titulus honorarius (EDH genre 'tithon'); province: Alpes Maritimae (EDH code AlM); EDH dating: not before 41 CE, not after 54 CE (13-year window); astronomical start_year 41. Data licence CC BY-SA 4.0."
edh:hd003406,work,"Epitaph from Cemenelum, bei - Tourrette-Levens",,"Latin epitaph; EDH HD003406 from Cemenelum, bei - Tourrette-Levens; monument type: Tafel; material: Kalkstein; transcription: Gaio Clementis f(ilio) / Clementi Eraconis f(ilio) / Publio Clementis f(ilio) / Vectinia Enimanui f(ilia) / co(n)iugi et...",available,1,,medium,"Source: Epigraphic Database Heidelberg (https://edh.ub.uni-heidelberg.de), inscription HD003406, retrieved 2026-10-04; inscription type: titulus sepulcralis (EDH genre 'titsep'); province: Alpes Maritimae (EDH code AlM); EDH dating: not before 1 CE, not after 70 CE (69-year window); astronomical start_year 1. Data licence CC BY-SA 4.0."
edh:hd003415,work,Votive inscription from Colonia Augusta Aroe Patrae - Pátrai,,Latin votive inscription; EDH HD003415 from Colonia Augusta Aroe Patrae - Pátrai; monument type: Statuenbasis; material: Kalkstein; transcription: [Ger]m[anic]o Iul[io Ti(beri) Caesaris f(ilio)] / [Aug(usti) n]ep(oti) Divi pronep(oti) [Caesari auguri q(uaestori)?] / ...,available,4,,high,"Source: Epigraphic Database Heidelberg (https://edh.ub.uni-heidelberg.de), inscription HD003415, retrieved 2026-10-04; inscription type: titulus votivus (EDH genre 'titsac'); province: Achaia (EDH code Ach); EDH dating: not before 4 CE, not after 14 CE (10-year window); astronomical start_year 4. Data licence CC BY-SA 4.0."
edh:hd003418,work,Owner/artist inscription from Ariminum - Rimini,,Latin owner/artist inscription; EDH HD003418 from Ariminum - Rimini; monument type: Tessera; material: Knochen; transcription: M(arcus) Ullius / sp(ectavit) Id(ibus) Iul(iis) / Q(uinto) Vibio Iul(---) // Apolo[---] / T(iti) Fausti [---] / sp(ectav...,available,-49,,medium,"Source: Epigraphic Database Heidelberg (https://edh.ub.uni-heidelberg.de), inscription HD003418, retrieved 2026-10-04; inscription type: titulus possessorius/fabrilis (EDH genre 'titpossfabr'); province: Aemilia (Regio VIII) (EDH code Aem); EDH dating: not before 50 BCE, not after 50 CE (100-year window); astronomical start_year -49. Data licence CC BY-SA 4.0."
edh:hd003421,work,Building/dedicatory inscription from Lopodunum (Civitas Ulpia Sueborum Nicrensium) - Ladenburg,,Latin building/dedicatory inscription; EDH HD003421 from Lopodunum (Civitas Ulpia Sueborum Nicrensium) - Ladenburg; monument type: Architekturteil; material: Sandstein; transcription: Optati Tetrici,available,131,,medium,"Source: Epigraphic Database Heidelberg (https://edh.ub.uni-heidelberg.de), inscription HD003421, retrieved 2026-10-04; inscription type: titulus dedicatorius (EDH genre 'titoppubpriv'); province: Germania superior (EDH code GeS); EDH dating: not before 131 CE, not after 170 CE (39-year window); astronomical start_year 131. Data licence CC BY-SA 4.0."
edh:hd003430,work,"Epitaph from Montecchio Emilia, bei",,"Latin epitaph; EDH HD003430 from Montecchio Emilia, bei; monument type: Altar; transcription: L(uci) Vareni / St(ati) f(ili) Arn(ensis) Tauri",available,-29,,medium,"Source: Epigraphic Database Heidelberg (https://edh.ub.uni-heidelberg.de), inscription HD003430, retrieved 2026-10-04; inscription type: titulus sepulcralis (EDH genre 'titsep'); province: Aemilia (Regio VIII) (EDH code Aem); EDH dating: not before 30 BCE, not after 50 CE (80-year window); astronomical start_year -29. Data licence CC BY-SA 4.0."
edh:hd003511,work,Epitaph from Sulci - S. Antioco,,Latin epitaph; EDH HD003511 from Sulci - S. Antioco; monument type: Tafel; transcription: P(ublius) Docetiu[s] / Terti fili[us] / Tro(mentina) Ligu[s],available,1,,medium,"Source: Epigraphic Database Heidelberg (https://edh.ub.uni-heidelberg.de), inscription HD003511, retrieved 2026-10-04; inscription type: titulus sepulcralis (EDH genre 'titsep'); province: Sardinia (EDH code Sar); EDH dating: not before 1 CE, not after 100 CE (99-year window); astronomical start_year 1. Data licence CC BY-SA 4.0."
edh:hd003514,work,Epitaph from Telti,,Latin epitaph; EDH HD003514 from Telti; monument type: Tafel; transcription: [--- V]alerius / [---]ius ann(orum) / [---] h(ic) s(itus) e(st),available,1,,medium,"Source: Epigraphic Database Heidelberg (https://edh.ub.uni-heidelberg.de), inscription HD003514, retrieved 2026-10-04; inscription type: titulus sepulcralis (EDH genre 'titsep'); province: Sardinia (EDH code Sar); EDH dating: not before 1 CE, not after 100 CE (99-year window); astronomical start_year 1. Data licence CC BY-SA 4.0."
edh:hd003517,work,"Epitaph from Eporedia, bei - Cerrione",,"Latin epitaph; EDH HD003517 from Eporedia, bei - Cerrione; monument type: Stele; transcription: Primus / [-]ronco/nis f(ilius)",available,1,,medium,"Source: Epigraphic Database Heidelberg (https://edh.ub.uni-heidelberg.de), inscription HD003517, retrieved 2026-10-04; inscription type: titulus sepulcralis (EDH genre 'titsep'); province: Transpadana (Regio XI) (EDH code Tra); EDH dating: not before 1 CE, not after 100 CE (99-year window); astronomical start_year 1. Data licence CC BY-SA 4.0."
edh:hd003520,work,"Epitaph from Eporedia, bei - Cerrione",,"Latin epitaph; EDH HD003520 from Eporedia, bei - Cerrione; monument type: Stele; transcription: Severa / Licini f(ilia) / Tertulla Sumelli C(ai) f(ilia) / C(ai) Sumeli Pollionis / f(ilii)",available,1,,medium,"Source: Epigraphic Database Heidelberg (https://edh.ub.uni-heidelberg.de), inscription HD003520, retrieved 2026-10-04; inscription type: titulus sepulcralis (EDH genre 'titsep'); province: Transpadana (Regio XI) (EDH code Tra); EDH dating: not before 1 CE, not after 100 CE (99-year window); astronomical start_year 1. Data licence CC BY-SA 4.0."
edh:hd003523,work,"Epitaph from Eporedia, bei - Cerrione",,"Latin epitaph; EDH HD003523 from Eporedia, bei - Cerrione; monument type: Stele; transcription: Secuttius / Ebrisci / f(ilius) / D(is) M(anibus)",available,1,,medium,"Source: Epigraphic Database Heidelberg (https://edh.ub.uni-heidelberg.de), inscription HD003523, retrieved 2026-10-04; inscription type: titulus sepulcralis (EDH genre 'titsep'); province: Transpadana (Regio XI) (EDH code Tra); EDH dating: not before 1 CE, not after 100 CE (99-year window); astronomical start_year 1. Data licence CC BY-SA 4.0."
edh:hd003526,work,"Epitaph from Eporedia, bei - Cerrione",,"Latin epitaph; EDH HD003526 from Eporedia, bei - Cerrione; monument type: Stele; transcription: Aci<m=N>us#Aci<m>us#ACINUS Vibi f(ilius)",available,1,,medium,"Source: Epigraphic Database Heidelberg (https://edh.ub.uni-heidelberg.de), inscription HD003526, retrieved 2026-10-04; inscription type: titulus sepulcralis (EDH genre 'titsep'); province: Transpadana (Regio XI) (EDH code Tra); EDH dating: not before 1 CE, not after 100 CE (99-year window); astronomical start_year 1. Data licence CC BY-SA 4.0."
edh:hd003544,work,Epitaph from S. Ponso Canavese,,Latin epitaph; EDH HD003544 from S. Ponso Canavese; monument type: Tafel; transcription: P(ublius) Livius P(ubli) f(ilius) Macer / IIvir QDIV sibi et / Iuniae C(ai) f(iliae) Vetullae uxori / P(ublio) Livio Mac...,available,51,,medium,"Source: Epigraphic Database Heidelberg (https://edh.ub.uni-heidelberg.de), inscription HD003544, retrieved 2026-10-04; inscription type: titulus sepulcralis (EDH genre 'titsep'); province: Transpadana (Regio XI) (EDH code Tra); EDH dating: not before 51 CE, not after 150 CE (99-year window); astronomical start_year 51. Data licence CC BY-SA 4.0."
edh:hd003548,work,Epitaph from Rivarolo Canavese,,Latin epitaph; EDH HD003548 from Rivarolo Canavese; monument type: Stele; transcription: Q(uintus) Or/bicius / Velag/eni f(ilius),available,1,,medium,"Source: Epigraphic Database Heidelberg (https://edh.ub.uni-heidelberg.de), inscription HD003548, retrieved 2026-10-04; inscription type: titulus sepulcralis (EDH genre 'titsep'); province: Transpadana (Regio XI) (EDH code Tra); EDH dating: not before 1 CE, not after 50 CE (49-year window); astronomical start_year 1. Data licence CC BY-SA 4.0."
edh:hd003551,work,Owner/artist inscription from Vindonissa - Windisch,,Latin owner/artist inscription; EDH HD003551 from Vindonissa - Windisch; monument type: Waffe; material: Bronze; transcription: C(aius) Coelius Venust(us) Lugud(uni),available,31,,high,"Source: Epigraphic Database Heidelberg (https://edh.ub.uni-heidelberg.de), inscription HD003551, retrieved 2026-10-04; inscription type: titulus possessorius/fabrilis (EDH genre 'titpossfabr'); province: Germania superior (EDH code GeS); EDH dating: not before 31 CE, not after 50 CE (19-year window); astronomical start_year 31. Data licence CC BY-SA 4.0."
edh:hd003583,work,Honorific inscription from Tingi - Tanger,,Latin honorific inscription; EDH HD003583 from Tingi - Tanger; monument type: Block; transcription: I[---] / provinciae no[vae Mauretaniae] / ulterioris Tin[gitanae] / populus Ti[ngitanus] / statuam sua imp[ensa l(ocus) ...,available,41,,high,"Source: Epigraphic Database Heidelberg (https://edh.ub.uni-heidelberg.de), inscription HD003583, retrieved 2026-10-04; inscription type: titulus honorarius (EDH genre 'tithon'); province: Mauretania Tingitana (EDH code MaT); EDH dating: not before 41 CE, not after 54 CE (13-year window); astronomical start_year 41. Data licence CC BY-SA 4.0."
edh:hd003595,work,Honorific inscription from Tarnaiae Nantuatium (Acaunum) - S.-Maurice,,Latin honorific inscription; EDH HD003595 from Tarnaiae Nantuatium (Acaunum) - S.-Maurice; monument type: Tafel?; material: Kalkstein; transcription: [C(aio) Caesari Au]gusti f(ilio) Divi Iu[li nepoti] / [principi iuventu]tis pontifici co(n)[s(uli) imp(eratori)] / [vice...,available,-4,,high,"Source: Epigraphic Database Heidelberg (https://edh.ub.uni-heidelberg.de), inscription HD003595, retrieved 2026-10-04; inscription type: titulus honorarius (EDH genre 'tithon'); province: Alpes Poeninae (EDH code AlP); EDH dating: not before 5 BCE, not after 4 CE (9-year window); astronomical start_year -4. Data licence CC BY-SA 4.0."
edh:hd003598,work,Epitaph from Boretto,,Latin epitaph; EDH HD003598 from Boretto; monument type: Stele; transcription: V(ivus) f(ecit) / M(arcus) Raius M(arci) f(ilius) / Firmus / Aug(ustalis) Crem(onae) / sibi et / Raiae M(arci) f(iliae) ...,available,5,,medium,"Source: Epigraphic Database Heidelberg (https://edh.ub.uni-heidelberg.de), inscription HD003598, retrieved 2026-10-04; inscription type: titulus sepulcralis (EDH genre 'titsep'); province: Aemilia (Regio VIII) (EDH code Aem); EDH dating: not before 5 CE, not after 150 CE (145-year window); astronomical start_year 5. Data licence CC BY-SA 4.0. Caveats: wide EDH dating window (145 years)."
edh:hd003604,work,Votive inscription from Cemenelum - Nice,,Latin votive inscription; EDH HD003604 from Cemenelum - Nice; monument type: Altar; material: Kalkstein; transcription: In honorem / G(enii) m(unicipii) / cultor[u]m / P(ublius) Vesucius / Soterichus / v(otum) s(olvit),available,51,,medium,"Source: Epigraphic Database Heidelberg (https://edh.ub.uni-heidelberg.de), inscription HD003604, retrieved 2026-10-04; inscription type: titulus votivus (EDH genre 'titsac'); province: Alpes Maritimae (EDH code AlM); EDH dating: not before 51 CE, not after 200 CE (149-year window); astronomical start_year 51. Data licence CC BY-SA 4.0. Caveats: wide EDH dating window (149 years)."
edh:hd003616,work,"Epitaph from Correggio - S. Martino in Rio, zwischen",,"Latin epitaph; EDH HD003616 from Correggio - S. Martino in Rio, zwischen; monument type: Tafel; transcription: [L(ucius) Antistius] L(uci) f(ilius) pa[ter] / [---] Secund(a) m[ater] / [Ti(berius) Antistiu]s L(uci) f(ilius) filius /...",available,-50,,medium,"Source: Epigraphic Database Heidelberg (https://edh.ub.uni-heidelberg.de), inscription HD003616, retrieved 2026-10-04; inscription type: titulus sepulcralis (EDH genre 'titsep'); province: Aemilia (Regio VIII) (EDH code Aem); EDH dating: not before 51 BCE, not after 1 BCE (50-year window); astronomical start_year -50. Data licence CC BY-SA 4.0."
edh:hd003623,work,Votive inscription from Sasbach/Kaiserstuhl,,Latin votive inscription; EDH HD003623 from Sasbach/Kaiserstuhl; monument type: Altar?; material: Sandstein; transcription: I(ovi) O(ptimo) M(aximo) / Sac(i?)ratus / Sacredonis / [v(otum) s(olvit) l(ibens) l(aetus) m(erito)],available,1,,medium,"Source: Epigraphic Database Heidelberg (https://edh.ub.uni-heidelberg.de), inscription HD003623, retrieved 2026-10-04; inscription type: titulus votivus (EDH genre 'titsac'); province: Germania superior (EDH code GeS); EDH dating: not before 1 CE, not after 100 CE (99-year window); astronomical start_year 1. Data licence CC BY-SA 4.0."
edh:hd003625,work,Epitaph from Cemenelum - Nice,,Latin epitaph; EDH HD003625 from Cemenelum - Nice; monument type: Stele; material: Kalkstein; transcription: Mario Sace f(ilius) / gen(te) Dareus coh(ortis) / nautic(orum) |(centuria) Pacati h(eres) e(x) t(estamento) / h(ic) s(it...,available,1,,medium,"Source: Epigraphic Database Heidelberg (https://edh.ub.uni-heidelberg.de), inscription HD003625, retrieved 2026-10-04; inscription type: titulus sepulcralis (EDH genre 'titsep'); province: Alpes Maritimae (EDH code AlM); EDH dating: not before 1 CE, not after 100 CE (99-year window); astronomical start_year 1. Data licence CC BY-SA 4.0."
edh:hd003680,work,Calendar from Tauromenium - Taormina,,Latin calendar; EDH HD003680 from Tauromenium - Taormina; monument type: Tafel; material: Marmor; transcription: [---] munere d(e) s(ua) p(ecunia) f(ec---) / [---]rim ex pr(idie) Non(as) [Ap]r(iles) [a]d pr(idie) K(alendas) Iun(ias) ...,available,-7,,medium,"Source: Epigraphic Database Heidelberg (https://edh.ub.uni-heidelberg.de), inscription HD003680, retrieved 2026-10-04; inscription type: fasti (EDH genre 'fasti'); province: Sicilia, Melita (EDH code Sic); EDH dating: not before 8 BCE, not after 14 CE (22-year window); astronomical start_year -7. Data licence CC BY-SA 4.0."
edh:hd003689,work,Votive inscription from Ariminum - Rimini,,Latin votive inscription; EDH HD003689 from Ariminum - Rimini; monument type: Altar; material: Marmor; transcription: M(arcus) Arrecinus M(arci) f(ilius) [---] / Clemens trib(unus) mil(itum) leg(ionis) III Cyren(aicae) / et leg(ionis) XXI...,available,30,,medium,"Source: Epigraphic Database Heidelberg (https://edh.ub.uni-heidelberg.de), inscription HD003689, retrieved 2026-10-04; inscription type: titulus votivus (EDH genre 'titsac'); province: Aemilia (Regio VIII) (EDH code Aem); EDH dating: not before 30 CE, not after 70 CE (40-year window); astronomical start_year 30. Data licence CC BY-SA 4.0."
edh:hd003701,work,"Epitaph from S. Pietro in Casale, bei",,"Latin epitaph; EDH HD003701 from S. Pietro in Casale, bei; monument type: Block; transcription: C(aius) Trebius C(ai) f(ilius) Lem(onia) Maxim[us ---] / praef(ectus) fabr(um) q(uaestor) IIIvir Aug(ustalis) IIvir pon[...",available,1,,medium,"Source: Epigraphic Database Heidelberg (https://edh.ub.uni-heidelberg.de), inscription HD003701, retrieved 2026-10-04; inscription type: titulus sepulcralis (EDH genre 'titsep'); province: Aemilia (Regio VIII) (EDH code Aem); EDH dating: not before 1 CE, not after 100 CE (99-year window); astronomical start_year 1. Data licence CC BY-SA 4.0."
edh:hd003722,work,Honorific inscription from Mediolanum Santonum - Saintes,,Latin honorific inscription; EDH HD003722 from Mediolanum Santonum - Saintes; monument type: EhrenVotivbogen; material: Kalkstein; transcription: Germanico [Caesa]r[i] Ti(beri) Aug(usti) f(ilio) / divi Augusti nep(oti) divi Iuli pronep(oti) auguri / flam(ini) August...,available,18,,high,"Source: Epigraphic Database Heidelberg (https://edh.ub.uni-heidelberg.de), inscription HD003722, retrieved 2026-10-04; inscription type: titulus honorarius (EDH genre 'tithon'); province: Aquitania (EDH code Aqu); EDH dating: not before 18 CE, not after 19 CE (1-year window); astronomical start_year 18. Data licence CC BY-SA 4.0."
edh:hd003747,work,Epitaph from Carales - Cagliari,,Latin epitaph; EDH HD003747 from Carales - Cagliari; monument type: Tafel; transcription: [------] / alumn[---] / m(enses) VI d(ies) X[---] / Surdinius Felix / |(centurio) coh(ortis) I Sard(orum),available,51,,medium,"Source: Epigraphic Database Heidelberg (https://edh.ub.uni-heidelberg.de), inscription HD003747, retrieved 2026-10-04; inscription type: titulus sepulcralis (EDH genre 'titsep'); province: Sardinia (EDH code Sar); EDH dating: not before 51 CE, not after 100 CE (49-year window); astronomical start_year 51. Data licence CC BY-SA 4.0."
edh:hd003779,work,Epitaph from Thermae Himeraeae - Termini Imerese,,Latin epitaph; EDH HD003779 from Thermae Himeraeae - Termini Imerese; monument type: Block; transcription: Loc(us) / L(uci) Vecili / Basili/dis v(ixit) a(nnos) XII,available,1,,medium,"Source: Epigraphic Database Heidelberg (https://edh.ub.uni-heidelberg.de), inscription HD003779, retrieved 2026-10-04; inscription type: titulus sepulcralis (EDH genre 'titsep'); province: Sicilia, Melita (EDH code Sic); EDH dating: not before 1 CE, not after 100 CE (99-year window); astronomical start_year 1. Data licence CC BY-SA 4.0."
edh:hd003860,work,Epitaph from Forum Livii - Forlì,,Latin epitaph; EDH HD003860 from Forum Livii - Forlì; monument type: Stele; transcription: Grasidia / L(uci) l(iberta) Ephigenea(!) / sibi et / Arete Myrsine / Severo libertis / sueis(!) / in fr(onte) p(edes) XX,available,-49,,medium,"Source: Epigraphic Database Heidelberg (https://edh.ub.uni-heidelberg.de), inscription HD003860, retrieved 2026-10-04; inscription type: titulus sepulcralis (EDH genre 'titsep'); province: Aemilia (Regio VIII) (EDH code Aem); EDH dating: not before 50 BCE, not after 14 CE (64-year window); astronomical start_year -49. Data licence CC BY-SA 4.0."
edh:hd004006,work,Epitaph from Thermae Himeraeae - Termini Imerese,,Latin epitaph; EDH HD004006 from Thermae Himeraeae - Termini Imerese; monument type: Tafel; transcription: Seppienae / Laidi,available,1,,medium,"Source: Epigraphic Database Heidelberg (https://edh.ub.uni-heidelberg.de), inscription HD004006, retrieved 2026-10-04; inscription type: titulus sepulcralis (EDH genre 'titsep'); province: Sicilia, Melita (EDH code Sic); EDH dating: not before 1 CE, not after 100 CE (99-year window); astronomical start_year 1. Data licence CC BY-SA 4.0."
edh:hd004009,work,Epitaph from Thermae Himeraeae - Termini Imerese,,Latin epitaph; EDH HD004009 from Thermae Himeraeae - Termini Imerese; monument type: Stele; transcription: L(ucius) Pub(licius) / Iucund(us),available,1,,medium,"Source: Epigraphic Database Heidelberg (https://edh.ub.uni-heidelberg.de), inscription HD004009, retrieved 2026-10-04; inscription type: titulus sepulcralis (EDH genre 'titsep'); province: Sicilia, Melita (EDH code Sic); EDH dating: not before 1 CE, not after 100 CE (99-year window); astronomical start_year 1. Data licence CC BY-SA 4.0."
edh:hd004012,work,Epitaph from Thermae Himeraeae - Termini Imerese,,Latin epitaph; EDH HD004012 from Thermae Himeraeae - Termini Imerese; monument type: Tafel; transcription: Cn(aeus) Patulcius Phileros / Patulcia Auge,available,1,,medium,"Source: Epigraphic Database Heidelberg (https://edh.ub.uni-heidelberg.de), inscription HD004012, retrieved 2026-10-04; inscription type: titulus sepulcralis (EDH genre 'titsep'); province: Sicilia, Melita (EDH code Sic); EDH dating: not before 1 CE, not after 100 CE (99-year window); astronomical start_year 1. Data licence CC BY-SA 4.0."
edh:hd004015,work,Epitaph from Thermae Himeraeae - Termini Imerese,,Latin epitaph; EDH HD004015 from Thermae Himeraeae - Termini Imerese; monument type: Tafel; transcription: P(ublius) Antistius P(ubli) f(ilius) / Cla(udia) / Cavar(ianus),available,1,,medium,"Source: Epigraphic Database Heidelberg (https://edh.ub.uni-heidelberg.de), inscription HD004015, retrieved 2026-10-04; inscription type: titulus sepulcralis (EDH genre 'titsep'); province: Sicilia, Melita (EDH code Sic); EDH dating: not before 1 CE, not after 100 CE (99-year window); astronomical start_year 1. Data licence CC BY-SA 4.0."
edh:hd004051,work,Votive inscription from Portoferro,,Latin votive inscription; EDH HD004051 from Portoferro; monument type: Stele; transcription: Sodales / Buduntes / fecerunt,available,-29,,medium,"Source: Epigraphic Database Heidelberg (https://edh.ub.uni-heidelberg.de), inscription HD004051, retrieved 2026-10-04; inscription type: titulus votivus (EDH genre 'titsac'); province: Sardinia (EDH code Sar); EDH dating: not before 30 BCE, not after 50 CE (80-year window); astronomical start_year -29. Data licence CC BY-SA 4.0."
edh:hd004057,work,Epitaph from Thermae Himeraeae - Termini Imerese,,Latin epitaph; EDH HD004057 from Thermae Himeraeae - Termini Imerese; monument type: Block; transcription: [Ex] d(ecreto) d(ecurionum) / [-] Rufeio L(uci) f(ilio) Qui(rina) / Laeto / in front(e) p(edes) XXV / in agr(o) p(edes) ...,available,1,,medium,"Source: Epigraphic Database Heidelberg (https://edh.ub.uni-heidelberg.de), inscription HD004057, retrieved 2026-10-04; inscription type: titulus sepulcralis (EDH genre 'titsep'); province: Sicilia, Melita (EDH code Sic); EDH dating: not before 1 CE, not after 30 CE (29-year window); astronomical start_year 1. Data licence CC BY-SA 4.0."
edh:hd004072,work,"Epitaph from Oschiri, bei",,"Latin epitaph; EDH HD004072 from Oschiri, bei; monument type: Stele; transcription: Silo Te/renti / f(ilius) tur(ma) E[l?]/i Faus/tilli a/n(norum) LX / mil(itavit) an(nos) / XXXV / h(ic) s(itus) e(st)",available,1,,medium,"Source: Epigraphic Database Heidelberg (https://edh.ub.uni-heidelberg.de), inscription HD004072, retrieved 2026-10-04; inscription type: titulus sepulcralis (EDH genre 'titsep'); province: Sardinia (EDH code Sar); EDH dating: not before 1 CE, not after 30 CE (29-year window); astronomical start_year 1. Data licence CC BY-SA 4.0."
edh:hd004074,work,Building/dedicatory inscription from Caesarea Maritima - Har Qesari,,Latin building/dedicatory inscription; EDH HD004074 from Caesarea Maritima - Har Qesari; monument type: Architekturteil; material: Kalkstein; transcription: [Nauti]s Tiberieum / [- Po]ntius Pilatus / [praef]ectus Iudae[a]e / [ref]e[cit],available,26,,high,"Source: Epigraphic Database Heidelberg (https://edh.ub.uni-heidelberg.de), inscription HD004074, retrieved 2026-10-04; inscription type: titulus dedicatorius (EDH genre 'titoppubpriv'); province: Iudaea (EDH code Iud); EDH dating: not before 26 CE, not after 36 CE (10-year window); astronomical start_year 26. Data licence CC BY-SA 4.0."
edh:hd004102,work,Boundary inscription from Cornus - Cuglieri,,Latin boundary inscription; EDH HD004102 from Cornus - Cuglieri; monument type: Cippus; transcription: Term[inus] / qua[rtus] / [---]ILA[---] // [Euty]chia/[ni],available,-99,,medium,"Source: Epigraphic Database Heidelberg (https://edh.ub.uni-heidelberg.de), inscription HD004102, retrieved 2026-10-04; inscription type: terminus (EDH genre 'titterm'); province: Sardinia (EDH code Sar); EDH dating: not before 100 BCE, not after 1 BCE (99-year window); astronomical start_year -99. Data licence CC BY-SA 4.0."
edh:hd004108,work,Epitaph from Thessalonica - Thessaloníki,,GL epitaph; EDH HD004108 from Thessalonica - Thessaloníki; monument type: Stele; transcription: L(ucio) Cornelio L(uci) l(iberto) Neoni / P(ublius) Tetrinius P(ubli) f(ilius) Amphio // Λευκίωι Κορνηλίωι Νέωνι / Πόπλι...,available,-69,,medium,"Source: Epigraphic Database Heidelberg (https://edh.ub.uni-heidelberg.de), inscription HD004108, retrieved 2026-10-04; inscription type: titulus sepulcralis (EDH genre 'titsep'); province: Macedonia (EDH code Mak); EDH dating: not before 70 BCE, not after 1 BCE (69-year window); astronomical start_year -69. Data licence CC BY-SA 4.0."
edh:hd004110,work,Epitaph from Philomelion - Akşehir,,GL epitaph; EDH HD004110 from Philomelion - Akşehir; transcription: Dindiae M(arci) f(iliae) uxori L(ucius) Timinius L(uci) f(ilius) Ter(etina) // Δινδίαι Μάρκου θυγατρὶ γυναικὶ Λεύκιος / ...,available,1,,medium,"Source: Epigraphic Database Heidelberg (https://edh.ub.uni-heidelberg.de), inscription HD004110, retrieved 2026-10-04; inscription type: titulus sepulcralis (EDH genre 'titsep'); province: Asia (EDH code Asi); EDH dating: not before 1 CE, not after 30 CE (29-year window); astronomical start_year 1. Data licence CC BY-SA 4.0."
edh:hd004141,work,"Epitaph from Paphus, bei - Peyia",,"Latin epitaph; EDH HD004141 from Paphus, bei - Peyia; monument type: Tafel; transcription: C(aio) Decmio T(iti) f(ilio) Ste(llatina) / Centurioni / monumenti / causa",available,-69,,medium,"Source: Epigraphic Database Heidelberg (https://edh.ub.uni-heidelberg.de), inscription HD004141, retrieved 2026-10-04; inscription type: titulus sepulcralis (EDH genre 'titsep'); province: Cyprus (EDH code Cyp); EDH dating: not before 70 BCE, not after 31 BCE (39-year window); astronomical start_year -69. Data licence CC BY-SA 4.0."
edh:hd004213,work,Building/dedicatory inscription from Cyrene - Shaḩḩāt,,GL building/dedicatory inscription; EDH HD004213 from Cyrene - Shaḩḩāt; monument type: Block; transcription: C(aius) Clodius C(ai) f(ilius) Vestalis [[pro]] / proco(n)s(ul) / aquam Augustam restituit // Οὐεστάλις ἀνθύπατος ὕδωρ Σ...,available,-29,,medium,"Source: Epigraphic Database Heidelberg (https://edh.ub.uni-heidelberg.de), inscription HD004213, retrieved 2026-10-04; inscription type: titulus dedicatorius (EDH genre 'titoppubpriv'); province: Cyrene (EDH code Cyr); EDH dating: not before 30 BCE, not after 14 CE (44-year window); astronomical start_year -29. Data licence CC BY-SA 4.0."
edh:hd004228,work,Epitaph from Cemenelum - Nice,,Latin epitaph; EDH HD004228 from Cemenelum - Nice; monument type: Stele; material: Kalkstein; transcription: Hospes Nel(is) fi(lius) miles / coh(ortis) Gaetu(lorum) / |(centuria) Felicis h(eres) e(x) t(estamento) h(ic) s(itus) e(...,available,-26,,medium,"Source: Epigraphic Database Heidelberg (https://edh.ub.uni-heidelberg.de), inscription HD004228, retrieved 2026-10-04; inscription type: titulus sepulcralis (EDH genre 'titsep'); province: Alpes Maritimae (EDH code AlM); EDH dating: not before 27 BCE, not after 68 CE (95-year window); astronomical start_year -26. Data licence CC BY-SA 4.0."
edh:hd004251,work,Epitaph from Colonia Augusta Aroe Patrae - Pátrai,,Latin epitaph; EDH HD004251 from Colonia Augusta Aroe Patrae - Pátrai; monument type: Tafel; transcription: M(arco) Fulvio / Herophilo medico / oc(u)lario / Arescusa lib(erta) / d(e) s(ua) p(ecunia),available,1,,medium,"Source: Epigraphic Database Heidelberg (https://edh.ub.uni-heidelberg.de), inscription HD004251, retrieved 2026-10-04; inscription type: titulus sepulcralis (EDH genre 'titsep'); province: Achaia (EDH code Ach); EDH dating: not before 1 CE, not after 100 CE (99-year window); astronomical start_year 1. Data licence CC BY-SA 4.0."
edh:hd004254,work,Epitaph from Colonia Augusta Aroe Patrae - Pátrai,,Latin epitaph; EDH HD004254 from Colonia Augusta Aroe Patrae - Pátrai; monument type: Tafel; transcription: V(ivus) / T(itus) Pinarius T(iti) f(ilius) / Quir(ina) / Rufus,available,-29,,medium,"Source: Epigraphic Database Heidelberg (https://edh.ub.uni-heidelberg.de), inscription HD004254, retrieved 2026-10-04; inscription type: titulus sepulcralis (EDH genre 'titsep'); province: Achaia (EDH code Ach); EDH dating: not before 30 BCE, not after 30 CE (60-year window); astronomical start_year -29. Data licence CC BY-SA 4.0."
edh:hd004273,work,"Epitaph from Eumeneia, bei - Koçak",,"GL epitaph; EDH HD004273 from Eumeneia, bei - Koçak; monument type: Block; transcription: C(aius) Aruntiu[s - f(ilius)] / Vel(ina) Arabu[s] / Sitae leibe[rto] // Ἄραβος Σειτᾳ ἀπελ[ευθέρῷ] / Θεοῖς Ἥρωσι ἱερ[όν] ...",available,1,,medium,"Source: Epigraphic Database Heidelberg (https://edh.ub.uni-heidelberg.de), inscription HD004273, retrieved 2026-10-04; inscription type: titulus sepulcralis (EDH genre 'titsep'); province: Asia (EDH code Asi); EDH dating: not before 1 CE, not after 50 CE (49-year window); astronomical start_year 1. Data licence CC BY-SA 4.0."
edh:hd004276,work,Epitaph from Eumeneia - Işikli,,Latin epitaph; EDH HD004276 from Eumeneia - Işikli; monument type: Tafel; transcription: Modicia Alexan[dria vixit] / annis LV Anton[ius - f(ilius)] / Lucianus cornicula[rius co]/hortis matri pii[ssi]/mae faci...,available,101,,medium,"Source: Epigraphic Database Heidelberg (https://edh.ub.uni-heidelberg.de), inscription HD004276, retrieved 2026-10-04; inscription type: titulus sepulcralis (EDH genre 'titsep'); province: Asia (EDH code Asi); EDH dating: not before 101 CE, not after 200 CE (99-year window); astronomical start_year 101. Data licence CC BY-SA 4.0."
edh:hd004294,work,Votive inscription from Isthmia,,Latin votive inscription; EDH HD004294 from Isthmia; monument type: Altar; transcription: Hercul[i] / sacr(um) / ex visu,available,51,,medium,"Source: Epigraphic Database Heidelberg (https://edh.ub.uni-heidelberg.de), inscription HD004294, retrieved 2026-10-04; inscription type: titulus votivus (EDH genre 'titsac'); province: Achaia (EDH code Ach); EDH dating: not before 51 CE, not after 250 CE (199-year window); astronomical start_year 51. Data licence CC BY-SA 4.0. Caveats: wide EDH dating window (199 years)."
edh:hd004306,work,Epitaph from Colonia Laus Iulia Corinthus - Kórinthos,,Latin epitaph; EDH HD004306 from Colonia Laus Iulia Corinthus - Kórinthos; monument type: Stele; transcription: C(aius) Valerius C(ai) f(ilius) Quir(ina) Valens Cam(unnus) / mil(es) leg(ionis) VIII Aug(ustae) |(centuria) Senuci(onis...,available,45,,medium,"Source: Epigraphic Database Heidelberg (https://edh.ub.uni-heidelberg.de), inscription HD004306, retrieved 2026-10-04; inscription type: titulus sepulcralis (EDH genre 'titsep'); province: Achaia (EDH code Ach); EDH dating: not before 45 CE, not after 70 CE (25-year window); astronomical start_year 45. Data licence CC BY-SA 4.0."
edh:hd004309,work,Inscription from Athenae - Athínai,,Latin inscription; EDH HD004309 from Athenae - Athínai; monument type: Block; transcription: $] fl[---] / [---]r le[---] / [---] proc[&,available,51,,medium,"Source: Epigraphic Database Heidelberg (https://edh.ub.uni-heidelberg.de), inscription HD004309, retrieved 2026-10-04; inscription type not recorded in EDH (genre code 'empty'); province: Achaia (EDH code Ach); EDH dating: not before 51 CE, not after 150 CE (99-year window); astronomical start_year 51. Data licence CC BY-SA 4.0."
edh:hd004312,work,Epitaph from Athenae - Athínai,,Latin epitaph; EDH HD004312 from Athenae - Athínai; monument type: Tafel; transcription: D(is) [M(anibus)] / L(uci--) Tu[--- vi]/xit an[n(os) ---] / MM[--- bene] / mer[enti ---],available,101,,medium,"Source: Epigraphic Database Heidelberg (https://edh.ub.uni-heidelberg.de), inscription HD004312, retrieved 2026-10-04; inscription type: titulus sepulcralis (EDH genre 'titsep'); province: Achaia (EDH code Ach); EDH dating: not before 101 CE, not after 250 CE (149-year window); astronomical start_year 101. Data licence CC BY-SA 4.0. Caveats: wide EDH dating window (149 years)."
edh:hd004315,work,"Building/dedicatory inscription from Colonia Laus Iulia Corinthus, bei - Kyrás Vrýsi",,"Latin building/dedicatory inscription; EDH HD004315 from Colonia Laus Iulia Corinthus, bei - Kyrás Vrýsi; monument type: Architekturteil; transcription: [--- tribules] trib(us) Ma[neiae? ---] / [---]",available,71,,medium,"Source: Epigraphic Database Heidelberg (https://edh.ub.uni-heidelberg.de), inscription HD004315, retrieved 2026-10-04; inscription type: titulus dedicatorius (EDH genre 'titoppubpriv?'); genre attribution uncertain in EDH; province: Achaia (EDH code Ach); EDH dating: not before 71 CE, not after 130 CE (59-year window); astronomical start_year 71. Data licence CC BY-SA 4.0."
edh:hd004324,work,Honorific inscription from Athenae - Athínai,,Latin honorific inscription; EDH HD004324 from Athenae - Athínai; material: Marmor; transcription: $]cus / [--- XVvi]r s(acris) f(aciundis) Xvir / [stlit(ibus) iudic(andis) &,available,1,,medium,"Source: Epigraphic Database Heidelberg (https://edh.ub.uni-heidelberg.de), inscription HD004324, retrieved 2026-10-04; inscription type: titulus honorarius (EDH genre 'tithon?'); genre attribution uncertain in EDH; province: Achaia (EDH code Ach); EDH dating: not before 1 CE, not after 100 CE (99-year window); astronomical start_year 1. Data licence CC BY-SA 4.0."
edh:hd004345,work,Epitaph from Cabyle - Jambol,,Latin epitaph; EDH HD004345 from Cabyle - Jambol; monument type: Stele; transcription: D(is) M(anibus) // Val(erio) Proculo / vet(erano) qui vixit / annis LX L(ucius) / Valerius / Valens eq(ues) / fratri b(e...,available,151,,medium,"Source: Epigraphic Database Heidelberg (https://edh.ub.uni-heidelberg.de), inscription HD004345, retrieved 2026-10-04; inscription type: titulus sepulcralis (EDH genre 'titsep'); province: Thracia (EDH code Thr); EDH dating: not before 151 CE, not after 250 CE (99-year window); astronomical start_year 151. Data licence CC BY-SA 4.0."
edh:hd004350,work,Epitaph from Colonia Augusta Aroe Patrae - Pátrai,,Latin epitaph; EDH HD004350 from Colonia Augusta Aroe Patrae - Pátrai; monument type: Tafel; transcription: [D(is) M(anibus)] / L(uci) Num[isi ---] / terni m[il(itis) leg(ionis) ---] / |(centuria) Grani an[n(orum) ---],available,1,,medium,"Source: Epigraphic Database Heidelberg (https://edh.ub.uni-heidelberg.de), inscription HD004350, retrieved 2026-10-04; inscription type: titulus sepulcralis (EDH genre 'titsep'); province: Achaia (EDH code Ach); EDH dating: not before 1 CE, not after 200 CE (199-year window); astronomical start_year 1. Data licence CC BY-SA 4.0. Caveats: wide EDH dating window (199 years)."
edh:hd004353,work,Votive inscription from Colonia Augusta Aroe Patrae - Pátrai,,Latin votive inscription; EDH HD004353 from Colonia Augusta Aroe Patrae - Pátrai; monument type: Tafel; transcription: Germ[anico] / Caisa[ri Ti(beri) Aug(usti) f(ilio)] / divi Au[gusti nep(oti) divi Iulii] / pron(epoti) c[ol(onia) Patr(en...,available,14,,high,"Source: Epigraphic Database Heidelberg (https://edh.ub.uni-heidelberg.de), inscription HD004353, retrieved 2026-10-04; inscription type: titulus votivus (EDH genre 'titsac'); province: Achaia (EDH code Ach); EDH dating: not before 14 CE, not after 18 CE (4-year window); astronomical start_year 14. Data licence CC BY-SA 4.0."
edh:hd004356,work,Honorific inscription from Colonia Augusta Aroe Patrae - Pátrai,,Latin honorific inscription; EDH HD004356 from Colonia Augusta Aroe Patrae - Pátrai; monument type: Tafel; transcription: [C(aio) P]opp[aeo Sabino legato] / [div]i Aug(usti) pr(o) [pr(aetore) prov(inciae) Moesiae] / [item] legato Ti(beri) Cae...,available,26,,high,"Source: Epigraphic Database Heidelberg (https://edh.ub.uni-heidelberg.de), inscription HD004356, retrieved 2026-10-04; inscription type: titulus honorarius (EDH genre 'tithon'); province: Achaia (EDH code Ach); EDH dating: not before 26 CE, not after 33 CE (7-year window); astronomical start_year 26. Data licence CC BY-SA 4.0."
edh:hd004366,work,Honorific inscription from Pautalia - Kjustendil,,Latin honorific inscription; EDH HD004366 from Pautalia - Kjustendil; monument type: Basis; transcription: D(omino) n(ostro) Valerio Liciniano / [[Licinio Pio Felici maxi]]/mo et invicto August/o Sallustius Diogenes / vet(eranu...,available,308,,high,"Source: Epigraphic Database Heidelberg (https://edh.ub.uni-heidelberg.de), inscription HD004366, retrieved 2026-10-04; inscription type: titulus honorarius (EDH genre 'tithon'); province: Thracia (EDH code Thr); EDH dating: not before 308 CE, not after 324 CE (16-year window); astronomical start_year 308. Data licence CC BY-SA 4.0."
edh:hd004381,work,Epitaph from Dyrrachium - Durrës,,Latin epitaph; EDH HD004381 from Dyrrachium - Durrës; monument type: Altar; material: Kalkstein; transcription: D(is) M(anibus) s(acrum) // M(arco) Mario / C(ai) f(ilio) Liciniano / M(arius) Peculiaris / et Maria Secun/da patrono op...,available,51,,medium,"Source: Epigraphic Database Heidelberg (https://edh.ub.uni-heidelberg.de), inscription HD004381, retrieved 2026-10-04; inscription type: titulus sepulcralis (EDH genre 'titsep'); province: Macedonia (EDH code Mak); EDH dating: not before 51 CE, not after 200 CE (149-year window); astronomical start_year 51. Data licence CC BY-SA 4.0. Caveats: wide EDH dating window (149 years)."
edh:hd004384,work,Epitaph from Dyrrachium - Durrës,,"Latin epitaph; EDH HD004384 from Dyrrachium - Durrës; monument type: Altar; material: Marmor, geädert / farbig; transcription: D(is) M(anibus) s(acrum) // Serg(io) Corne/lio Castricio / Saturnino Aug(ustali) / fratri / Castriciae Nice / matri / [S...",available,51,,medium,"Source: Epigraphic Database Heidelberg (https://edh.ub.uni-heidelberg.de), inscription HD004384, retrieved 2026-10-04; inscription type: titulus sepulcralis (EDH genre 'titsep'); province: Macedonia (EDH code Mak); EDH dating: not before 51 CE, not after 200 CE (149-year window); astronomical start_year 51. Data licence CC BY-SA 4.0. Caveats: wide EDH dating window (149 years)."
edh:hd004387,work,Epitaph from Dyrrachium - Durrës,,Latin epitaph; EDH HD004387 from Dyrrachium - Durrës; monument type: Altar; material: Marmor; transcription: P(ublius) Clodius / Hermadion / Aug(ustalis) sibi et / Novelliae L(uci) f(iliae) / Piae coniugi / optimae q(uae) v(ixit)...,available,51,,medium,"Source: Epigraphic Database Heidelberg (https://edh.ub.uni-heidelberg.de), inscription HD004387, retrieved 2026-10-04; inscription type: titulus sepulcralis (EDH genre 'titsep'); province: Macedonia (EDH code Mak); EDH dating: not before 51 CE, not after 150 CE (99-year window); astronomical start_year 51. Data licence CC BY-SA 4.0."
edh:hd004402,work,Epitaph from Athenae - Athínai,,Latin epitaph; EDH HD004402 from Athenae - Athínai; monument type: Stele; transcription: M(arcus) Seius Ma[rci f(ilius)? Lu]cullus For(o) Iul[io] / mil(es) leg(ionis) X ge[m(inae) qui vix]it ann(os) X[---] mi[...,available,101,,medium,"Source: Epigraphic Database Heidelberg (https://edh.ub.uni-heidelberg.de), inscription HD004402, retrieved 2026-10-04; inscription type: titulus sepulcralis (EDH genre 'titsep'); province: Achaia (EDH code Ach); EDH dating: not before 101 CE, not after 130 CE (29-year window); astronomical start_year 101. Data licence CC BY-SA 4.0."
edh:hd004411,work,Votive inscription from Guntia - Günzburg,,Latin votive inscription; EDH HD004411 from Guntia - Günzburg; monument type: Altar; material: Kalkstein; transcription: Minnerv(ae)(!) / sacrum / [&,available,201,,medium,"Source: Epigraphic Database Heidelberg (https://edh.ub.uni-heidelberg.de), inscription HD004411, retrieved 2026-10-04; inscription type: titulus votivus (EDH genre 'titsac'); province: Raetia (EDH code Rae); EDH dating: not before 201 CE, not after 300 CE (99-year window); astronomical start_year 201. Data licence CC BY-SA 4.0."
edh:hd004416,work,Epitaph from Colonia Augusta Aroe Patrae - Pátrai,,Latin epitaph; EDH HD004416 from Colonia Augusta Aroe Patrae - Pátrai; monument type: Tafel; transcription: Q(uinto) Manlio / Q(uinti) f(ilio) Quir(ina) / Crescenti,available,1,,medium,"Source: Epigraphic Database Heidelberg (https://edh.ub.uni-heidelberg.de), inscription HD004416, retrieved 2026-10-04; inscription type: titulus sepulcralis (EDH genre 'titsep'); province: Achaia (EDH code Ach); EDH dating: not before 1 CE, not after 200 CE (199-year window); astronomical start_year 1. Data licence CC BY-SA 4.0. Caveats: wide EDH dating window (199 years)."
edh:hd004419,work,Building/dedicatory inscription from Dymae - Káto Akhaïa,,Latin building/dedicatory inscription; EDH HD004419 from Dymae - Káto Akhaïa; monument type: Tafel; transcription: L(ucius) [G?]avius [---] / P(ublius) Curtius [---] / II[viri? ---?] / C(aius) Fabius D(ecimi) [f(ilius)? ---] / [[------...,available,1,,medium,"Source: Epigraphic Database Heidelberg (https://edh.ub.uni-heidelberg.de), inscription HD004419, retrieved 2026-10-04; inscription type: titulus dedicatorius (EDH genre 'titoppubpriv?'); genre attribution uncertain in EDH; province: Achaia (EDH code Ach); EDH dating: not before 1 CE, not after 100 CE (99-year window); astronomical start_year 1. Data licence CC BY-SA 4.0."
edh:hd004426,work,"Owner/artist inscription from Burlafingen, bei",,"Latin owner/artist inscription; EDH HD004426 from Burlafingen, bei; monument type: instrmil; material: Bronze; transcription: Le(gio) XVI // P(ubli) Aur(eli) IR(?)I // |(centuria) Arabi M(arci) Munati",available,-14,,medium,"Source: Epigraphic Database Heidelberg (https://edh.ub.uni-heidelberg.de), inscription HD004426, retrieved 2026-10-04; inscription type: titulus possessorius/fabrilis (EDH genre 'titpossfabr'); province: Raetia (EDH code Rae); EDH dating: not before 15 BCE, not after 9 CE (24-year window); astronomical start_year -14. Data licence CC BY-SA 4.0."
edh:hd004429,work,Votive inscription from Vicus Scuttariensium - Nassenfels,,Latin votive inscription; EDH HD004429 from Vicus Scuttariensium - Nassenfels; monument type: Tafel?; material: Kalkstein; transcription: In h(onorem) d(omus) d(ivinae) [---] / sac(rum) vik(ani)(!) [---] / c(uram) ag(entibus) L(ucio) Mac[---]/no et L(ucio) V...,available,171,,medium,"Source: Epigraphic Database Heidelberg (https://edh.ub.uni-heidelberg.de), inscription HD004429, retrieved 2026-10-04; inscription type: titulus votivus (EDH genre 'titsac'); province: Raetia (EDH code Rae); EDH dating: not before 171 CE, not after 230 CE (59-year window); astronomical start_year 171. Data licence CC BY-SA 4.0."
edh:hd004432,work,Votive inscription from Summuntorium - Mertingen,,Latin votive inscription; EDH HD004432 from Summuntorium - Mertingen; monument type: Altar; material: Kalkstein; transcription: [Ap]ollini Aug(usto) / sanct(o) cons(ervatori) sacrum / M(arcus) Scandilius / Fabatus praef(ectus) / equitum alae / Auri...,available,107,,medium,"Source: Epigraphic Database Heidelberg (https://edh.ub.uni-heidelberg.de), inscription HD004432, retrieved 2026-10-04; inscription type: titulus votivus (EDH genre 'titsac'); province: Raetia (EDH code Rae); EDH dating: not before 107 CE, not after 162 CE (55-year window); astronomical start_year 107. Data licence CC BY-SA 4.0."
edh:hd004437,work,Epitaph from Colonia Augusta Aroe Patrae - Pátrai,,Latin epitaph; EDH HD004437 from Colonia Augusta Aroe Patrae - Pátrai; monument type: Tafel; transcription: Sal(vio) Vettio Sal(vi) l(iberto) / Optato / Mamilia Tyr[a]nnis / uxor,available,1,,medium,"Source: Epigraphic Database Heidelberg (https://edh.ub.uni-heidelberg.de), inscription HD004437, retrieved 2026-10-04; inscription type: titulus sepulcralis (EDH genre 'titsep'); province: Achaia (EDH code Ach); EDH dating: not before 1 CE, not after 100 CE (99-year window); astronomical start_year 1. Data licence CC BY-SA 4.0."
edh:hd004440,work,Epitaph from Colonia Augusta Aroe Patrae Naupactus - Náfpaktos,,Latin epitaph; EDH HD004440 from Colonia Augusta Aroe Patrae Naupactus - Náfpaktos; monument type: Tafel; transcription: P(ublio) Maedio P(ubli) [f(ilio) Qui(rina) vet(erano)] / leg(ionis) XII f[ulm(inatae)] / ex testamento [fieri? iussit?],available,-29,,medium,"Source: Epigraphic Database Heidelberg (https://edh.ub.uni-heidelberg.de), inscription HD004440, retrieved 2026-10-04; inscription type: titulus sepulcralis (EDH genre 'titsep'); province: Achaia (EDH code Ach); EDH dating: not before 30 BCE, not after 30 CE (60-year window); astronomical start_year -29. Data licence CC BY-SA 4.0."
edh:hd004441,work,Epitaph from Augusta Vindelicorum - Augsburg,,Latin epitaph; EDH HD004441 from Augusta Vindelicorum - Augsburg; monument type: Stele; material: Kalkstein; transcription: D(is) M(anibus) / et perpetuae s/aecuri/tati(!) Saecu/ndano(!) Floren/tino Pictori mil(iti) / leg(ionis) III Ital(icae) ...,available,179,,medium,"Source: Epigraphic Database Heidelberg (https://edh.ub.uni-heidelberg.de), inscription HD004441, retrieved 2026-10-04; inscription type: titulus sepulcralis (EDH genre 'titsep'); province: Raetia (EDH code Rae); EDH dating: not before 179 CE, not after 300 CE (121-year window); astronomical start_year 179. Data licence CC BY-SA 4.0. Caveats: wide EDH dating window (121 years)."
edh:hd004498,work,"Epitaph from Anazarbus, bei - Dilekkaya, bei",,"GL epitaph; EDH HD004498 from Anazarbus, bei - Dilekkaya, bei; monument type: Altar; transcription: D(is) o(mnibus) M(anibus) // Flac(cius) Septiminus / [e]q(ues) sing(ularis) dom(inorum) n(ostrorum) Imp(eratorum) / [mi]...",available,197,,medium,"Source: Epigraphic Database Heidelberg (https://edh.ub.uni-heidelberg.de), inscription HD004498, retrieved 2026-10-04; inscription type: titulus sepulcralis (EDH genre 'titsep'); province: Cilicia (EDH code Cil); EDH dating: not before 197 CE, not after 218 CE (21-year window); astronomical start_year 197. Data licence CC BY-SA 4.0."
edh:hd004504,work,Honorific inscription from Seleucia ad Calycadnum - Silifke,,GL honorific inscription; EDH HD004504 from Seleucia ad Calycadnum - Silifke; monument type: Statuenbasis?; material: Kalkstein; transcription: Domino ac prin/cipi nostro be/atissimo Aug(usto) / [[[------]]] / Aur(elius) Fortunatus v(ir) p(erfectissimus) / pr(aese...,available,308,,high,"Source: Epigraphic Database Heidelberg (https://edh.ub.uni-heidelberg.de), inscription HD004504, retrieved 2026-10-04; inscription type: titulus honorarius (EDH genre 'tithon'); province: Cilicia (EDH code Cil); EDH dating: not before 308 CE, not after 324 CE (16-year window); astronomical start_year 308. Data licence CC BY-SA 4.0."
edh:hd004507,work,Honorific inscription from Seleucia ad Calycadnum - Silifke,,Latin honorific inscription; EDH HD004507 from Seleucia ad Calycadnum - Silifke; monument type: Statuenbasis?; transcription: Bono Romani imperii / procreato domino nostro / [[[Gal(erio) Val(erio) Maximino]]] / clementissimo et / victoriosissimo ...,available,306,,high,"Source: Epigraphic Database Heidelberg (https://edh.ub.uni-heidelberg.de), inscription HD004507, retrieved 2026-10-04; inscription type: titulus honorarius (EDH genre 'tithon'); province: Cilicia (EDH code Cil); EDH dating: not before 306 CE, not after 310 CE (4-year window); astronomical start_year 306. Data licence CC BY-SA 4.0."
edh:hd004513,work,Honorific inscription from Seleucia ad Calycadnum - Silifke,,Latin honorific inscription; EDH HD004513 from Seleucia ad Calycadnum - Silifke; monument type: Statuenbasis?; transcription: Bono Romani imperii / procreato domino / nostro Flavio Valerio / Constantino clemen/tissimo et victoriosissimo / Caesari...,available,306,,high,"Source: Epigraphic Database Heidelberg (https://edh.ub.uni-heidelberg.de), inscription HD004513, retrieved 2026-10-04; inscription type: titulus honorarius (EDH genre 'tithon'); province: Cilicia (EDH code Cil); EDH dating: not before 306 CE, not after 310 CE (4-year window); astronomical start_year 306. Data licence CC BY-SA 4.0."
edh:hd004518,work,"Epitaph from Dionysopolis, bei - General Toševo",,"Latin epitaph; EDH HD004518 from Dionysopolis, bei - General Toševo; monument type: Tafel?; transcription: Fl(avio) Nepotia[no ---] / circitori [---] / v(iri) c(larissimi) CENSO[---] / [vix(it) an]nis XX[---] / [milit(avit) ann...",available,101,,medium,"Source: Epigraphic Database Heidelberg (https://edh.ub.uni-heidelberg.de), inscription HD004518, retrieved 2026-10-04; inscription type: titulus sepulcralis (EDH genre 'titsep'); province: Moesia inferior (EDH code MoI); EDH dating: not before 101 CE, not after 300 CE (199-year window); astronomical start_year 101. Data licence CC BY-SA 4.0. Caveats: wide EDH dating window (199 years)."
edh:hd004527,work,Public legal inscription from Kyme - Aliağa,,"GL public legal inscription; EDH HD004527 from Kyme - Aliağa; monument type: Stele; transcription: [Α]ὐτοκράτωρ Καῖσαρ θεοῦ υἱὸς Σεβαστός, / [Μ]ᾶρκος Ἀγρίπας Λευκίου υἱὸς ὕπατοι """"ἐ[νέχυρα] / [εἴ] τινες δημόσιοι τόποι ἢ...",available,-26,,medium,"Source: Epigraphic Database Heidelberg (https://edh.ub.uni-heidelberg.de), inscription HD004527, retrieved 2026-10-04; inscription type: titulus iuridicus publicus (EDH genre 'titiurpub'); province: Asia (EDH code Asi); EDH dating: not before 27 BCE, not after 1 BCE (26-year window); astronomical start_year -26. Data licence CC BY-SA 4.0."
edh:hd004562,work,Epitaph from Patara - Kelemiş,,Latin epitaph; EDH HD004562 from Patara - Kelemiş; monument type: Stele; transcription: Marciae Egloge / v(ixit) ann(os) IIII mens(es) X d(ies) XII / Paederos pater a manu / Sex(ti) Marci Prisci leg(ati) pro ...,available,1,,medium,"Source: Epigraphic Database Heidelberg (https://edh.ub.uni-heidelberg.de), inscription HD004562, retrieved 2026-10-04; inscription type: titulus sepulcralis (EDH genre 'titsep'); province: Lycia et Pamphylia (EDH code LyP); EDH dating: not before 1 CE, not after 100 CE (99-year window); astronomical start_year 1. Data licence CC BY-SA 4.0."
edh:hd004573,work,Mile-/Leaguestone from Teke Kozağaçi,,Latin mile-/leaguestone; EDH HD004573 from Teke Kozağaçi; monument type: Meilenstein; transcription: $] / pra[eside provinciae] / Lyciae / mi(lia) XVIIII,available,314,,medium,"Source: Epigraphic Database Heidelberg (https://edh.ub.uni-heidelberg.de), inscription HD004573, retrieved 2026-10-04; inscription type: miliarium (EDH genre 'miliarium'); province: Lycia et Pamphylia (EDH code LyP); EDH dating: not before 314 CE, not after 350 CE (36-year window); astronomical start_year 314. Data licence CC BY-SA 4.0."
edh:hd004609,work,Honorific inscription from Athenae - Athínai,,Latin honorific inscription; EDH HD004609 from Athenae - Athínai; monument type: Architekturteil; transcription: [---]on[---] / [---]us Au[---] / [---] aed[&,available,201,,medium,"Source: Epigraphic Database Heidelberg (https://edh.ub.uni-heidelberg.de), inscription HD004609, retrieved 2026-10-04; inscription type: titulus honorarius (EDH genre 'tithon?'); genre attribution uncertain in EDH; province: Achaia (EDH code Ach); EDH dating: not before 201 CE, not after 300 CE (99-year window); astronomical start_year 201. Data licence CC BY-SA 4.0."
edh:hd004624,work,Epitaph from Dürrlauingen,,Latin epitaph; EDH HD004624 from Dürrlauingen; monument type: Altar; material: Kalkstein; transcription: D(is) M(anibus) s(acrum) // Gemelio Digniano vix/it annos no(vem) menses VII / [G]emelius Dignus mil(es) / [leg(ionis) I...,available,201,,medium,"Source: Epigraphic Database Heidelberg (https://edh.ub.uni-heidelberg.de), inscription HD004624, retrieved 2026-10-04; inscription type: titulus sepulcralis (EDH genre 'titsep'); province: Raetia (EDH code Rae); EDH dating: not before 201 CE, not after 300 CE (99-year window); astronomical start_year 201. Data licence CC BY-SA 4.0."
edh:hd004639,work,Honorific inscription from Cyrene - Shaḩḩāt,,Latin honorific inscription; EDH HD004639 from Cyrene - Shaḩḩāt; monument type: Statuenbasis; transcription: [T]i(berius) Iulius Aug[usti filius] / Divi nepos Cae[sar ---?] / M(arcus) Sufenas M(arci) f(ilius) P[roculus ---] / coh...,available,4,,high,"Source: Epigraphic Database Heidelberg (https://edh.ub.uni-heidelberg.de), inscription HD004639, retrieved 2026-10-04; inscription type: titulus honorarius (EDH genre 'tithon?'); genre attribution uncertain in EDH; province: Cyrene (EDH code Cyr); EDH dating: not before 4 CE, not after 14 CE (10-year window); astronomical start_year 4. Data licence CC BY-SA 4.0."
edh:hd004645,work,Votive inscription from Novae - Svištov,,Latin votive inscription; EDH HD004645 from Novae - Svištov; monument type: Altar; transcription: Marti [et] / Genio a[r]/mamen[t(arii)] / Val(erius) Cresc(ens) // c(ustos) a(rmorum),available,171,,medium,"Source: Epigraphic Database Heidelberg (https://edh.ub.uni-heidelberg.de), inscription HD004645, retrieved 2026-10-04; inscription type: titulus votivus (EDH genre 'titsac'); province: Moesia inferior (EDH code MoI); EDH dating: not before 171 CE, not after 250 CE (79-year window); astronomical start_year 171. Data licence CC BY-SA 4.0."
edh:hd004651,work,"Owner/artist inscription from Gavidina? - Ostrov, bei",,"Latin owner/artist inscription; EDH HD004651 from Gavidina? - Ostrov, bei; monument type: Ziegel; material: Ton; transcription: Leg(io) XI Cl(audia) Ant(oniniana)",available,151,,medium,"Source: Epigraphic Database Heidelberg (https://edh.ub.uni-heidelberg.de), inscription HD004651, retrieved 2026-10-04; inscription type: titulus possessorius/fabrilis (EDH genre 'titpossfabr'); province: Moesia inferior (EDH code MoI); EDH dating: not before 151 CE, not after 230 CE (79-year window); astronomical start_year 151. Data licence CC BY-SA 4.0."
edh:hd004660,work,Votive inscription from Qasr el Uweinid,,Latin votive inscription; EDH HD004660 from Qasr el Uweinid; monument type: Block; transcription: Pro salute et [in]columitate domi/norum [nn(ostrorum)] Impp(eratorum) Augg(ustorum) L(uci) Septimi Se/veri Pii Pertinaci...,available,198,,high,"Source: Epigraphic Database Heidelberg (https://edh.ub.uni-heidelberg.de), inscription HD004660, retrieved 2026-10-04; inscription type: titulus votivus (EDH genre 'titsac'); province: Syria (EDH code Syr); EDH dating: not before 198 CE, not after 211 CE (13-year window); astronomical start_year 198. Data licence CC BY-SA 4.0."
edh:hd004664,work,Epitaph from Iasus - Kıyıkışlacık,,GL epitaph; EDH HD004664 from Iasus - Kıyıkışlacık; monument type: Stele; material: Marmor; transcription: $] / port(ori--) Asia[e ---] / Iassi / SA[---] // κοι[νωνῶν λιμένων Ἀσίας] / [οἰκονόμος ἐν Ἰασῷ],available,1,,medium,"Source: Epigraphic Database Heidelberg (https://edh.ub.uni-heidelberg.de), inscription HD004664, retrieved 2026-10-04; inscription type: titulus sepulcralis (EDH genre 'titsep'); province: Asia (EDH code Asi); EDH dating: not before 1 CE, not after 100 CE (99-year window); astronomical start_year 1. Data licence CC BY-SA 4.0."
edh:hd004669,work,Building/dedicatory inscription from Dyrrachium - Durrës,,"Latin building/dedicatory inscription; EDH HD004669 from Dyrrachium - Durrës; monument type: Tafel; material: Marmor, weiß; transcription: [Imp(erator) Caes(ar) divi T]raiani Par[thici] / [filius divi] Nervae nepos Tra[ianus] / [Hadrianus] Aug(ustus) pontifex...",available,134,,high,"Source: Epigraphic Database Heidelberg (https://edh.ub.uni-heidelberg.de), inscription HD004669, retrieved 2026-10-04; inscription type: titulus dedicatorius (EDH genre 'titoppubpriv'); province: Macedonia (EDH code Mak); EDH dating: not before 134 CE, not after 138 CE (4-year window); astronomical start_year 134. Data licence CC BY-SA 4.0."
edh:hd004672,work,Honorific inscription from Dyrrachium - Durrës,,Latin honorific inscription; EDH HD004672 from Dyrrachium - Durrës; monument type: Altar; material: Marmor; transcription: L(ucio) Papio L(uci) l(iberto) / Fortunat[o] / Aug(ustali) perpet<u=I>o#perpet<u>o#PERPETIO / biselli(o) ex d(ecreto) d(...,available,1,,medium,"Source: Epigraphic Database Heidelberg (https://edh.ub.uni-heidelberg.de), inscription HD004672, retrieved 2026-10-04; inscription type: titulus honorarius (EDH genre 'tithon'); province: Macedonia (EDH code Mak); EDH dating: not before 1 CE, not after 150 CE (149-year window); astronomical start_year 1. Data licence CC BY-SA 4.0. Caveats: wide EDH dating window (149 years)."
edh:hd004678,work,Building/dedicatory inscription from Byllis - Hekal,,Latin building/dedicatory inscription; EDH HD004678 from Byllis - Hekal; monument type: Tafel; material: Kalkstein; transcription: $] / [--- Epaphr]odit[---] / [--- ae]d(ilis?) IIv[ir? ---],available,-49,,medium,"Source: Epigraphic Database Heidelberg (https://edh.ub.uni-heidelberg.de), inscription HD004678, retrieved 2026-10-04; inscription type: titulus dedicatorius (EDH genre 'titoppubpriv?'); genre attribution uncertain in EDH; province: Macedonia (EDH code Mak); EDH dating: not before 50 BCE, not after 50 CE (100-year window); astronomical start_year -49. Data licence CC BY-SA 4.0."
edh:hd004708,work,Mile-/Leaguestone from Cormasa - Boǧaziçi,,Latin mile-/leaguestone; EDH HD004708 from Cormasa - Boǧaziçi; monument type: Meilenstein; transcription: Imp(erator) Caesar M(arcus) Aurelius Ant/oni(n)us Aug(ustus) Armeniacus / p(ontifex) m(aximus) trib(unicia) pot(estate) ...,available,164,,high,"Source: Epigraphic Database Heidelberg (https://edh.ub.uni-heidelberg.de), inscription HD004708, retrieved 2026-10-04; inscription type: miliarium (EDH genre 'miliarium'); province: Asia (EDH code Asi); EDH dating: not before 164 CE, not after 165 CE (1-year window); astronomical start_year 164. Data licence CC BY-SA 4.0."
edh:hd004723,work,Mile-/Leaguestone from Teke Kozaǧaçi,,Latin mile-/leaguestone; EDH HD004723 from Teke Kozaǧaçi; monument type: Meilenstein; transcription: Dd(ominis) nn(ostris) / F[l(avio)] Val(erio) Const[antino] / [P(io) F(elici) Invicto Aug(usto)] et / Fl(avio) Cl(audio) ...,available,333,,high,"Source: Epigraphic Database Heidelberg (https://edh.ub.uni-heidelberg.de), inscription HD004723, retrieved 2026-10-04; inscription type: miliarium (EDH genre 'miliarium'); province: Lycia et Pamphylia (EDH code LyP); EDH dating: not before 333 CE, not after 337 CE (4-year window); astronomical start_year 333. Data licence CC BY-SA 4.0."
edh:hd004735,work,Building/dedicatory inscription from Aelia Capitolina - Jerusalem,,Latin building/dedicatory inscription; EDH HD004735 from Aelia Capitolina - Jerusalem; monument type: Meilenstein; transcription: Imp(erator) Caesar / Vespasian[us] / Aug(ustus) Imp(erator) T(itus) [Cae]/sar Vesp(asiani) Aug(usti) [f(ilius)] / L[[[uc...,available,70,,high,"Source: Epigraphic Database Heidelberg (https://edh.ub.uni-heidelberg.de), inscription HD004735, retrieved 2026-10-04; inscription type: titulus dedicatorius (EDH genre 'titoppubpriv'); province: Iudaea (EDH code Iud); EDH dating: not before 70 CE, not after 79 CE (9-year window); astronomical start_year 70. Data licence CC BY-SA 4.0."
edh:hd004753,work,Epitaph from Cabyle - Jambol,,Latin epitaph; EDH HD004753 from Cabyle - Jambol; monument type: Altar; transcription: D(is) M(anibus) // Val(eria) Festiva et Ulp(ius) Vi/tales(!) Damanaeo Ama/zeni generi(!) suo milit(i) / car(cerario) leg...,available,151,,medium,"Source: Epigraphic Database Heidelberg (https://edh.ub.uni-heidelberg.de), inscription HD004753, retrieved 2026-10-04; inscription type: titulus sepulcralis (EDH genre 'titsep'); province: Thracia (EDH code Thr); EDH dating: not before 151 CE, not after 300 CE (149-year window); astronomical start_year 151. Data licence CC BY-SA 4.0. Caveats: wide EDH dating window (149 years)."
edh:hd004768,work,Honorific inscription from Isthmia,,Latin honorific inscription; EDH HD004768 from Isthmia; monument type: Statuenbasis?; transcription: Callicrateae / Philesi fil(iae) / sacerdoti in perpet(uum) / Providentiae Aug(usti?) / et Salutis publicae / tribules tr...,available,14,,medium,"Source: Epigraphic Database Heidelberg (https://edh.ub.uni-heidelberg.de), inscription HD004768, retrieved 2026-10-04; inscription type: titulus honorarius (EDH genre 'tithon'); province: Achaia (EDH code Ach); EDH dating: not before 14 CE, not after 37 CE (23-year window); astronomical start_year 14. Data licence CC BY-SA 4.0."
edh:hd004780,work,Epitaph from Dyrrachium - Durrës,,Latin epitaph; EDH HD004780 from Dyrrachium - Durrës; monument type: Altar; material: Marmor; transcription: L(ucius) Scantius L(uci) l(ibertus) / Nymphodotus / Aug(ustalis) sibi et / Crastinae Tigridi / coniugi optimae / quae cu...,available,1,,medium,"Source: Epigraphic Database Heidelberg (https://edh.ub.uni-heidelberg.de), inscription HD004780, retrieved 2026-10-04; inscription type: titulus sepulcralis (EDH genre 'titsep'); province: Macedonia (EDH code Mak); EDH dating: not before 1 CE, not after 150 CE (149-year window); astronomical start_year 1. Data licence CC BY-SA 4.0. Caveats: wide EDH dating window (149 years)."
edh:hd004798,work,Mile-/Leaguestone from Serdica - Sofija,,GL mile-/leaguestone; EDH HD004798 from Serdica - Sofija; monument type: Meilenstein; transcription: [ἀγα]θῇ [τύ]χ[ῃ] / [ὑπὲρ ὑ]γεία[ς καὶ σωτηρίας καὶ] / νε[ίκης καὶ αἰωνίου διαμονῆς] / το[ῦ μεγίστου καὶ θειοτάτου] / Καί...,available,238,,high,"Source: Epigraphic Database Heidelberg (https://edh.ub.uni-heidelberg.de), inscription HD004798, retrieved 2026-10-04; inscription type: miliarium (EDH genre 'miliarium'); province: Thracia (EDH code Thr); EDH dating: not before 238 CE, not after 241 CE (3-year window); astronomical start_year 238. Data licence CC BY-SA 4.0."
edh:hd004804,work,"Votive inscription from Cuicul, bei - Aziz-ben-Tellis",,"Latin votive inscription; EDH HD004804 from Cuicul, bei - Aziz-ben-Tellis; monument type: Stele; transcription: D(eo) m(agno?) s(acrum) / C(aius) Gargilius Zabo / intravit sacerdos / Saturni annis LXV v(otum) l(ibens) a(nimo) s(olvi...",available,101,,medium,"Source: Epigraphic Database Heidelberg (https://edh.ub.uni-heidelberg.de), inscription HD004804, retrieved 2026-10-04; inscription type: titulus votivus (EDH genre 'titsac'); province: Numidia (EDH code Num); EDH dating: not before 101 CE, not after 200 CE (99-year window); astronomical start_year 101. Data licence CC BY-SA 4.0."
edh:hd004808,work,Mile-/Leaguestone from Sanitium - Sénez,,Latin mile-/leaguestone; EDH HD004808 from Sanitium - Sénez; monument type: Meilenstein; material: Kalkstein; transcription: Imp(erator) Caes(ar) / M(arcus) Aureli/u[s] Anto/[ni]nus P(ius) / Felix Aug(ustus) / Pa[rthic(us) m(aximus)] / Br[i]tann...,available,212,,high,"Source: Epigraphic Database Heidelberg (https://edh.ub.uni-heidelberg.de), inscription HD004808, retrieved 2026-10-04; inscription type: miliarium (EDH genre 'miliarium'); province: Alpes Maritimae (EDH code AlM); EDH dating: not before 212 CE, not after 213 CE (1-year window); astronomical start_year 212. Data licence CC BY-SA 4.0."
edh:hd004814,work,Votive inscription from Darantasia - Moûtiers,,Latin votive inscription; EDH HD004814 from Darantasia - Moûtiers; monument type: Statuenbasis; material: Gesteine?; transcription: Numinibus / Augg(ustorum) / Matri Deum / et Matronis / Salvennis / T(itus) Romanius / Mercator / ex voto // [---]QVADVS ...,available,161,,high,"Source: Epigraphic Database Heidelberg (https://edh.ub.uni-heidelberg.de), inscription HD004814, retrieved 2026-10-04; inscription type: titulus votivus (EDH genre 'titsac'); province: Alpes Cottiae (EDH code AlC); EDH dating: not before 161 CE, not after 180 CE (19-year window); astronomical start_year 161. Data licence CC BY-SA 4.0."
edh:hd004823,work,Epitaph from Mediolanum Santonum - Saintes,,Latin epitaph; EDH HD004823 from Mediolanum Santonum - Saintes; transcription: D(is) M(anibus) et memoriae aeternae [---] / [---]vi veterani leg(ionis) [VIII] / [missi hon]esta missione qui na[tus] /...,available,71,,medium,"Source: Epigraphic Database Heidelberg (https://edh.ub.uni-heidelberg.de), inscription HD004823, retrieved 2026-10-04; inscription type: titulus sepulcralis (EDH genre 'titsep'); province: Aquitania (EDH code Aqu); EDH dating: not before 71 CE, not after 200 CE (129-year window); astronomical start_year 71. Data licence CC BY-SA 4.0. Caveats: wide EDH dating window (129 years)."
edh:hd004843,work,Mile-/Leaguestone from Ehekirchen,,Latin mile-/leaguestone; EDH HD004843 from Ehekirchen; monument type: Meilenstein; material: Kalkstein; transcription: Imp(eratori) Caes(ari) / L(ucio) Sept(imio) [Se]ver[o] Pio Pert(inaci) Aug(usto) / Arab(ico) Adiab(enico) Part(hico) Br[...,available,194,,medium,"Source: Epigraphic Database Heidelberg (https://edh.ub.uni-heidelberg.de), inscription HD004843, retrieved 2026-10-04; inscription type: miliarium (EDH genre 'miliarium'); province: Raetia (EDH code Rae); EDH dating: not before 194 CE, not after 215 CE (21-year window); astronomical start_year 194. Data licence CC BY-SA 4.0."
edh:hd004849,work,Military diploma from Abusina - Neustadt/Donau,,Latin military diploma; EDH HD004849 from Abusina - Neustadt/Donau; monument type: Tafel; material: Bronze; transcription: $] / [I] sing(ularium) c(ivium) R(omanorum) p(ia) f(idelis) et coh(ortibus) X[--- I Fl(avia) Canath(enorum) et I Breu]/[...,available,167,,high,"Source: Epigraphic Database Heidelberg (https://edh.ub.uni-heidelberg.de), inscription HD004849, retrieved 2026-10-04; inscription type: diploma militare (EDH genre 'diplmil'); province: Raetia (EDH code Rae); EDH dating: not before 167 CE, not after 168 CE (1-year window); astronomical start_year 167. Data licence CC BY-SA 4.0."
edh:hd004852,work,Military diploma from Sorviodurum - Straubing,,Latin military diploma; EDH HD004852 from Sorviodurum - Straubing; monument type: Tafel; material: Bronze; transcription: [Imp(erator) Caes(ar)] divi Traiani [Parthici f(ilius) divi Nervae] / [nepos Tra]ianus Hadr[ianus Aug(ustus) pont(ifex) ...,available,119,,high,"Source: Epigraphic Database Heidelberg (https://edh.ub.uni-heidelberg.de), inscription HD004852, retrieved 2026-10-04; inscription type: diploma militare (EDH genre 'diplmil'); province: Raetia (EDH code Rae); EDH dating: not before 119 CE, not after 135 CE (16-year window); astronomical start_year 119. Data licence CC BY-SA 4.0."
edh:hd004858,work,Military diploma from Abusina - Neustadt/Donau,,Latin military diploma; EDH HD004858 from Abusina - Neustadt/Donau; monument type: Tafel; material: Bronze; transcription: [Imp(erator) C]aes(ar) divi Ha[driani f(ilius) divi Traia]/[ni Pa]rthic(i) nep(os) d[ivi Nervae pronep(os) T(itus) Ae]/[...,available,151,,high,"Source: Epigraphic Database Heidelberg (https://edh.ub.uni-heidelberg.de), inscription HD004858, retrieved 2026-10-04; inscription type: diploma militare (EDH genre 'diplmil'); province: Raetia (EDH code Rae); EDH dating: not before 151 CE, not after 170 CE (19-year window); astronomical start_year 151. Data licence CC BY-SA 4.0."
edh:hd004888,work,Epitaph from Boldog,,Latin epitaph; EDH HD004888 from Boldog; monument type: Stele; material: Kalkstein; transcription: Q(uintus) Atilius / Sp(uri) f(ilius) Vot(uria) Pri/mus interrex / leg(ionis) XV idem |(centurio) / negotiator an(norum) ...,available,51,,medium,"Source: Epigraphic Database Heidelberg (https://edh.ub.uni-heidelberg.de), inscription HD004888, retrieved 2026-10-04; inscription type: titulus sepulcralis (EDH genre 'titsep'); province: Barbaricum (EDH code Bar); EDH dating: not before 51 CE, not after 100 CE (49-year window); astronomical start_year 51. Data licence CC BY-SA 4.0."
edh:hd004915,work,Epitaph from Dyrrachium - Durrës,,Latin epitaph; EDH HD004915 from Dyrrachium - Durrës; monument type: Stele; material: Kalkstein; transcription: L(ucius) Novelliu[s] / Lucifer praeco / have / Novia Scodrina / coniunx mil[-] ma[--?] / have / [---]er / [---]es have /...,available,1,,medium,"Source: Epigraphic Database Heidelberg (https://edh.ub.uni-heidelberg.de), inscription HD004915, retrieved 2026-10-04; inscription type: titulus sepulcralis (EDH genre 'titsep'); province: Macedonia (EDH code Mak); EDH dating: not before 1 CE, not after 100 CE (99-year window); astronomical start_year 1. Data licence CC BY-SA 4.0."
edh:hd004916,work,Epitaph from Thermae Himeraeae - Termini Imerese,,Latin epitaph; EDH HD004916 from Thermae Himeraeae - Termini Imerese; monument type: Stele; transcription: C(aio) Popillio C(ai) f(ilio) Mae(cia) / [P]risco mil(iti) coh(ortis) X urb(anae) / [|(cohortis)] Avilli Maximi optioni ...,available,70,,high,"Source: Epigraphic Database Heidelberg (https://edh.ub.uni-heidelberg.de), inscription HD004916, retrieved 2026-10-04; inscription type: titulus sepulcralis (EDH genre 'titsep'); province: Sicilia, Melita (EDH code Sic); EDH dating: not before 70 CE, not after 80 CE (10-year window); astronomical start_year 70. Data licence CC BY-SA 4.0."
edh:hd004918,work,Mile-/Leaguestone from Wehringen,,Latin mile-/leaguestone; EDH HD004918 from Wehringen; monument type: Meilenstein; material: Kalkstein; transcription: [I]mp(eratori) Cae[s(ari)] / M(arco) [Au]rel(io) [S]evero A[le]/[xandro Pi]o Fel[ici] / [Invicto A]ug(usto) d[ivi] / [Se...,available,226,,high,"Source: Epigraphic Database Heidelberg (https://edh.ub.uni-heidelberg.de), inscription HD004918, retrieved 2026-10-04; inscription type: miliarium (EDH genre 'miliarium'); province: Raetia (EDH code Rae); EDH dating: not before 226 CE, not after 228 CE (2-year window); astronomical start_year 226. Data licence CC BY-SA 4.0."
edh:hd004933,work,Military diploma from Mediana - Gnotzheim,,Latin military diploma; EDH HD004933 from Mediana - Gnotzheim; monument type: Tafel; material: Bronze; transcription: [Imp(erator) Caes(ar) d]ivi Hadria[ni f(ilius) divi Tra]/[iani Parth(ici)] nepos divi N[ervae pronep(os)] / [T(itus) Ael...,available,138,,high,"Source: Epigraphic Database Heidelberg (https://edh.ub.uni-heidelberg.de), inscription HD004933, retrieved 2026-10-04; inscription type: diploma militare (EDH genre 'diplmil'); province: Raetia (EDH code Rae); EDH dating: not before 138 CE, not after 141 CE (3-year window); astronomical start_year 138. Data licence CC BY-SA 4.0."
edh:hd004934,work,Owner/artist inscription from Sauviat-sur-Vige,,Latin owner/artist inscription; EDH HD004934 from Sauviat-sur-Vige; monument type: instrdom; transcription: P(ubli) F(abi) Pupi harpag(ion) ad lippitudin(em) // P(ubli) Fabi Pupi mixtum militare // P(ubli) F(abi) Pupi dialepidos...,available,201,,medium,"Source: Epigraphic Database Heidelberg (https://edh.ub.uni-heidelberg.de), inscription HD004934, retrieved 2026-10-04; inscription type: titulus possessorius/fabrilis (EDH genre 'titpossfabr'); province: Aquitania (EDH code Aqu); EDH dating: not before 201 CE, not after 250 CE (49-year window); astronomical start_year 201. Data licence CC BY-SA 4.0."
edh:hd004960,work,Public legal inscription from Praetoria - Burdur,,GL public legal inscription; EDH HD004960 from Praetoria - Burdur; monument type: Stele; transcription: Sex(tus) Sotidius Strabo Libuscidianus leg(atus) / pr(aetore) dic(it) / est quidem omnium iniquissimum me edicto meo ads...,available,14,,medium,"Source: Epigraphic Database Heidelberg (https://edh.ub.uni-heidelberg.de), inscription HD004960, retrieved 2026-10-04; inscription type: titulus iuridicus publicus (EDH genre 'titiurpub'); province: Asia (EDH code Asi); EDH dating: not before 14 CE, not after 37 CE (23-year window); astronomical start_year 14. Data licence CC BY-SA 4.0."
edh:hd005123,work,Votive inscription from Rusellae - Roselle,,Latin votive inscription; EDH HD005123 from Rusellae - Roselle; monument type: Tafel; transcription: Iano Patri sacrum / L(ucius) Titinius Vitalis sevir / Aug(ustalis) et L(ucius) Titinius L(uci) filius / Pelagianus Arne(...,available,101,,medium,"Source: Epigraphic Database Heidelberg (https://edh.ub.uni-heidelberg.de), inscription HD005123, retrieved 2026-10-04; inscription type: titulus votivus (EDH genre 'titsac'); province: unknown province code 'TuU' (EDH code TuU); EDH dating: not before 101 CE, not after 250 CE (149-year window); astronomical start_year 101. Data licence CC BY-SA 4.0. Caveats: wide EDH dating window (149 years)."
edh:hd005542,work,Epitaph from Messana - Messina,,Latin epitaph; EDH HD005542 from Messana - Messina; transcription: D(is) M(anibus) / P(ublio) Licinio Liciniano / vixit annis XXXVI / Didia Pistis / coniugi bene merenti,available,51,,medium,"Source: Epigraphic Database Heidelberg (https://edh.ub.uni-heidelberg.de), inscription HD005542, retrieved 2026-10-04; inscription type: titulus sepulcralis (EDH genre 'titsep'); province: Sicilia, Melita (EDH code Sic); EDH dating: not before 51 CE, not after 200 CE (149-year window); astronomical start_year 51. Data licence CC BY-SA 4.0. Caveats: wide EDH dating window (149 years)."
edh:hd005545,work,Epitaph from Messana - Messina,,Latin epitaph; EDH HD005545 from Messana - Messina; transcription: D(is) M(anibus) / Ti(berius) Cl(audius) Claudianus / vix(it) ann(os) XIIII / Cl(audius) Theseus pater / filio dulcissimo,available,51,,medium,"Source: Epigraphic Database Heidelberg (https://edh.ub.uni-heidelberg.de), inscription HD005545, retrieved 2026-10-04; inscription type: titulus sepulcralis (EDH genre 'titsep'); province: Sicilia, Melita (EDH code Sic); EDH dating: not before 51 CE, not after 200 CE (149-year window); astronomical start_year 51. Data licence CC BY-SA 4.0. Caveats: wide EDH dating window (149 years)."
edh:hd005548,work,Epitaph from Messana - Messina,,Latin epitaph; EDH HD005548 from Messana - Messina; transcription: D(is) M(anibus) / Cartilia Ire/ne vix(it) ann(os) / XXXVIII Cl(audius) The/seus uxori / sanctissimae,available,51,,medium,"Source: Epigraphic Database Heidelberg (https://edh.ub.uni-heidelberg.de), inscription HD005548, retrieved 2026-10-04; inscription type: titulus sepulcralis (EDH genre 'titsep'); province: Sicilia, Melita (EDH code Sic); EDH dating: not before 51 CE, not after 200 CE (149-year window); astronomical start_year 51. Data licence CC BY-SA 4.0. Caveats: wide EDH dating window (149 years)."
edh:hd005602,work,Epitaph from Cemenelum - Nice,,Latin epitaph; EDH HD005602 from Cemenelum - Nice; monument type: Altar?; material: Marmor; transcription: Mottiae He/lene M(arcus) Salo[ni]/us Myron [uxo]/ri optim[ae] / l(ocus) d(atus) [d(ecreto) d(ecurionum)],available,51,,medium,"Source: Epigraphic Database Heidelberg (https://edh.ub.uni-heidelberg.de), inscription HD005602, retrieved 2026-10-04; inscription type: titulus sepulcralis (EDH genre 'titsep'); province: Alpes Maritimae (EDH code AlM); EDH dating: not before 51 CE, not after 100 CE (49-year window); astronomical start_year 51. Data licence CC BY-SA 4.0."
edh:hd005605,work,Epitaph from Cemenelum - Nice,,Latin epitaph; EDH HD005605 from Cemenelum - Nice; monument type: Altar; material: Kalkstein; transcription: D(is) M(anibus) / Q(uinti) Pompei Vera/ti Q(uintus) Pompe/ius Verinus / patri pien/tiss(imo),available,101,,medium,"Source: Epigraphic Database Heidelberg (https://edh.ub.uni-heidelberg.de), inscription HD005605, retrieved 2026-10-04; inscription type: titulus sepulcralis (EDH genre 'titsep'); province: Alpes Maritimae (EDH code AlM); EDH dating: not before 101 CE, not after 130 CE (29-year window); astronomical start_year 101. Data licence CC BY-SA 4.0."
edh:hd005608,work,Epitaph from Cemenelum - Nice,,Latin epitaph; EDH HD005608 from Cemenelum - Nice; monument type: Tafel; material: Marmor; transcription: $] / [------] / [---]e Secundi/[nae coniugi?] rarissim/[ae ---]s Pudens / [ut nome]n ieus(!) eter/[na le]ctione celebre[...,available,151,,medium,"Source: Epigraphic Database Heidelberg (https://edh.ub.uni-heidelberg.de), inscription HD005608, retrieved 2026-10-04; inscription type: titulus sepulcralis (EDH genre 'titsep'); province: Alpes Maritimae (EDH code AlM); EDH dating: not before 151 CE, not after 300 CE (149-year window); astronomical start_year 151. Data licence CC BY-SA 4.0. Caveats: wide EDH dating window (149 years)."
edh:hd005611,work,Epitaph from Cemenelum - Nice,,Latin epitaph; EDH HD005611 from Cemenelum - Nice; monument type: Urne; material: Gesteine unbestimmt; transcription: D(is) M(anibus) / Verduliae Cupitae / Verdulia Victori/a alumna patronae be/ne merenti posuit,available,101,,medium,"Source: Epigraphic Database Heidelberg (https://edh.ub.uni-heidelberg.de), inscription HD005611, retrieved 2026-10-04; inscription type: titulus sepulcralis (EDH genre 'titsep'); province: Alpes Maritimae (EDH code AlM); EDH dating: not before 101 CE, not after 150 CE (49-year window); astronomical start_year 101. Data licence CC BY-SA 4.0."
edh:hd005614,work,Epitaph from Cemenelum - Nice,,Latin epitaph; EDH HD005614 from Cemenelum - Nice; monument type: Sarkophag; material: Kalkstein; transcription: Memoriae Aeliae Mariae / Certia Marcella fil(ia) // Memoriae Aeliae / Certia Marcella // Mariae,available,371,,medium,"Source: Epigraphic Database Heidelberg (https://edh.ub.uni-heidelberg.de), inscription HD005614, retrieved 2026-10-04; inscription type: titulus sepulcralis (EDH genre 'titsep'); province: Alpes Maritimae (EDH code AlM); EDH dating: not before 371 CE, not after 400 CE (29-year window); astronomical start_year 371. Data licence CC BY-SA 4.0."
edh:hd005617,work,Epitaph from Cemenelum - Nice,,Latin epitaph; EDH HD005617 from Cemenelum - Nice; monument type: Urne; transcription: D(is) M(anibus) / Mumi Vomanani / ob insignem munifi/centiam adlect(o) / duumviro Postu/m[---]nior fec(it) / l(ocus) d(a...,available,101,,medium,"Source: Epigraphic Database Heidelberg (https://edh.ub.uni-heidelberg.de), inscription HD005617, retrieved 2026-10-04; inscription type: titulus sepulcralis (EDH genre 'titsep'); province: Alpes Maritimae (EDH code AlM); EDH dating: not before 101 CE, not after 200 CE (99-year window); astronomical start_year 101. Data licence CC BY-SA 4.0."
edh:hd005620,work,Epitaph from Cemenelum - Nice,,Latin epitaph; EDH HD005620 from Cemenelum - Nice; monument type: Urne; material: Kalkstein; transcription: D(is) M(anibus) / P(ublio) Rannio Cla(udia) / Paterno IIvir(o) fl(amini) civi(tatis) / Cemenel(ensium) heredes,available,101,,medium,"Source: Epigraphic Database Heidelberg (https://edh.ub.uni-heidelberg.de), inscription HD005620, retrieved 2026-10-04; inscription type: titulus sepulcralis (EDH genre 'titsep'); province: Alpes Maritimae (EDH code AlM); EDH dating: not before 101 CE, not after 150 CE (49-year window); astronomical start_year 101. Data licence CC BY-SA 4.0."
edh:hd005753,work,Inscription from Cemenelum - Nice,,Latin inscription; EDH HD005753 from Cemenelum - Nice; monument type: Basis?; material: Gesteine unbestimmt; transcription: $] / [---]MO[---] / [---]I VLPIA[---] / [---]RVM C[---] / [--- praef(ecto) al]ae Classia[nae civium Romanorum] / [misso ...,available,117,,medium,"Source: Epigraphic Database Heidelberg (https://edh.ub.uni-heidelberg.de), inscription HD005753, retrieved 2026-10-04; inscription type not recorded in EDH (genre code 'empty'); province: Alpes Maritimae (EDH code AlM); EDH dating: not before 117 CE, not after 138 CE (21-year window); astronomical start_year 117. Data licence CC BY-SA 4.0."
edh:hd005841,work,Mile-/Leaguestone from Boğazkaya,,GL mile-/leaguestone; EDH HD005841 from Boğazkaya; monument type: Meilenstein; material: Kalkstein; transcription: [Imp(erator) Caesar] / [Gaius] Iu<l=I>ius#Iu<l>ius#IUIIUS / Ver[us Ma]ximinus / P(ius) F(elix) [Inv(ictus) Augustu]s tri...,available,236,,high,"Source: Epigraphic Database Heidelberg (https://edh.ub.uni-heidelberg.de), inscription HD005841, retrieved 2026-10-04; inscription type: miliarium (EDH genre 'miliarium'); province: Cappadocia (EDH code Cap); EDH dating: not before 236 CE, not after 238 CE (2-year window); astronomical start_year 236. Data licence CC BY-SA 4.0."
edh:hd005844,work,Inscription from Çamsaray,,GL inscription; EDH HD005844 from Çamsaray; material: Kalkstein; transcription: Imp(eratori) Caes(ari) M(arco) Iul(io) Philip/po P(io) F(elici) I[nvi]cto Aug(usto) / V proco(n)s(uli) trib(unicia) pot(...,available,247,,high,"Source: Epigraphic Database Heidelberg (https://edh.ub.uni-heidelberg.de), inscription HD005844, retrieved 2026-10-04; inscription type not recorded in EDH (genre code 'empty'); province: Cappadocia (EDH code Cap); EDH dating: not before 247 CE, not after 249 CE (2-year window); astronomical start_year 247. Data licence CC BY-SA 4.0."
edh:hd005856,work,"Epitaph from Buthrotum - Ksamil, bei",,"Latin epitaph; EDH HD005856 from Buthrotum - Ksamil, bei; monument type: Tafel; material: Marmor; transcription: Q(uintus) Caecilius / Epagatus / (h)ave",available,-49,,medium,"Source: Epigraphic Database Heidelberg (https://edh.ub.uni-heidelberg.de), inscription HD005856, retrieved 2026-10-04; inscription type: titulus sepulcralis (EDH genre 'titsep'); province: Epirus (EDH code Epi); EDH dating: not before 50 BCE, not after 50 CE (100-year window); astronomical start_year -49. Data licence CC BY-SA 4.0."
edh:hd005907,work,Epitaph from Cemenelum - Nice,,Latin epitaph; EDH HD005907 from Cemenelum - Nice; monument type: Urne; material: Kalkstein; transcription: $] / [--- Ale]/xand[ra] / se viva / posuit // D(is) [M(anibus)] / Aem[ilio] / Alexa[ndra] / coniugi in/comparabi/[l]i fe...,available,201,,medium,"Source: Epigraphic Database Heidelberg (https://edh.ub.uni-heidelberg.de), inscription HD005907, retrieved 2026-10-04; inscription type: titulus sepulcralis (EDH genre 'titsep'); province: Alpes Maritimae (EDH code AlM); EDH dating: not before 201 CE, not after 300 CE (99-year window); astronomical start_year 201. Data licence CC BY-SA 4.0."
edh:hd005910,work,Epitaph from Cemenelum - Nice,,Latin epitaph; EDH HD005910 from Cemenelum - Nice; monument type: Altar?; material: Gesteine unbestimmt; transcription: Domitiae / Paterni fil(iae) / Paternae / [&,available,1,,medium,"Source: Epigraphic Database Heidelberg (https://edh.ub.uni-heidelberg.de), inscription HD005910, retrieved 2026-10-04; inscription type: titulus sepulcralis (EDH genre 'titsep'); province: Alpes Maritimae (EDH code AlM); EDH dating: not before 1 CE, not after 300 CE (299-year window); astronomical start_year 1. Data licence CC BY-SA 4.0. Caveats: wide EDH dating window (299 years)."
edh:hd005913,work,Epitaph from Cemenelum - Nice,,Latin epitaph; EDH HD005913 from Cemenelum - Nice; transcription: [F]abiae Fructuo/sae / co(n)iugi incompar(abili) / Caecilius Victor / marit(us) ob insignem / eius circa se adfect(ionem...,available,101,,medium,"Source: Epigraphic Database Heidelberg (https://edh.ub.uni-heidelberg.de), inscription HD005913, retrieved 2026-10-04; inscription type: titulus sepulcralis (EDH genre 'titsep'); province: Alpes Maritimae (EDH code AlM); EDH dating: not before 101 CE, not after 250 CE (149-year window); astronomical start_year 101. Data licence CC BY-SA 4.0. Caveats: wide EDH dating window (149 years)."
edh:hd005959,work,Epitaph from Heraclea Lyncestis - Bitola,,Latin epitaph; EDH HD005959 from Heraclea Lyncestis - Bitola; monument type: Tafel; transcription: $] / Fab(ia) L[---]O[---] / C(aius) Vetili[u]s C(ai) [f(ilius)] / Fab(ia) Sedatus Her(aclea) / vet(eranus) leg(ionis) VI...,available,1,,medium,"Source: Epigraphic Database Heidelberg (https://edh.ub.uni-heidelberg.de), inscription HD005959, retrieved 2026-10-04; inscription type: titulus sepulcralis (EDH genre 'titsep'); province: Macedonia (EDH code Mak); EDH dating: not before 1 CE, not after 150 CE (149-year window); astronomical start_year 1. Data licence CC BY-SA 4.0. Caveats: wide EDH dating window (149 years)."
edh:hd006228,work,Honorific inscription from Caesarea Maritima - Har Qesari,,Latin honorific inscription; EDH HD006228 from Caesarea Maritima - Har Qesari; monument type: Statuenbasis; transcription: L(ucio) Valerio Valeriano p[roc(uratori) provin(ciae)] / Syr(iae) Palaest(inae) provin(ciae) [---] / praeposito summ(a)e...,available,212,,high,"Source: Epigraphic Database Heidelberg (https://edh.ub.uni-heidelberg.de), inscription HD006228, retrieved 2026-10-04; inscription type: titulus honorarius (EDH genre 'tithon'); province: Iudaea (EDH code Iud); EDH dating: not before 212 CE, not after 220 CE (8-year window); astronomical start_year 212. Data licence CC BY-SA 4.0."
edh:hd006406,work,Mile-/Leaguestone from Tingir,,GL mile-/leaguestone; EDH HD006406 from Tingir; monument type: Meilenstein; transcription: [Imper(atori) Caes(ari)] / [Flav(io) Valer]/io Constantio / P(io) F(elici) Invicto Aug(usto) / et Imper(atori) Caes(ari)...,available,305,,high,"Source: Epigraphic Database Heidelberg (https://edh.ub.uni-heidelberg.de), inscription HD006406, retrieved 2026-10-04; inscription type: miliarium (EDH genre 'miliarium'); province: Bithynia et Pontus (EDH code BiP); EDH dating: not before 305 CE, not after 306 CE (1-year window); astronomical start_year 305. Data licence CC BY-SA 4.0."
edh:hd006439,work,Epitaph from Colonia Augusta Aroe Patrae - Pátrai,,Latin epitaph; EDH HD006439 from Colonia Augusta Aroe Patrae - Pátrai; monument type: Stele; transcription: P(ublius) Folius Potitus / thraex,available,201,,medium,"Source: Epigraphic Database Heidelberg (https://edh.ub.uni-heidelberg.de), inscription HD006439, retrieved 2026-10-04; inscription type: titulus sepulcralis (EDH genre 'titsep'); province: Achaia (EDH code Ach); EDH dating: not before 201 CE, not after 400 CE (199-year window); astronomical start_year 201. Data licence CC BY-SA 4.0. Caveats: wide EDH dating window (199 years)."
edh:hd006516,work,Votive inscription from Octodurus Varagrorum (Forum Claudii Vallensium) - Martigny,,Latin votive inscription; EDH HD006516 from Octodurus Varagrorum (Forum Claudii Vallensium) - Martigny; monument type: Stele; material: Gesteine; transcription: [Mer]curio / Optatus Cin/tusmonis f(ilius) / v(otum) s(olvit) l(ibens) m(erito),available,1,,medium,"Source: Epigraphic Database Heidelberg (https://edh.ub.uni-heidelberg.de), inscription HD006516, retrieved 2026-10-04; inscription type: titulus votivus (EDH genre 'titsac'); province: Alpes Poeninae (EDH code AlP); EDH dating: not before 1 CE, not after 100 CE (99-year window); astronomical start_year 1. Data licence CC BY-SA 4.0."
edh:hd006526,work,"Epitaph from Chalcedon, bei - Kadıköy",,"Latin epitaph; EDH HD006526 from Chalcedon, bei - Kadıköy; monument type: Stele; transcription: D(is) M(anibus) / Aurelio Satur/nino mil(iti) coh(ortis) / II Lucensium / L(ucius) Menefron / de suo b(ene merenti) p(os...",available,151,,medium,"Source: Epigraphic Database Heidelberg (https://edh.ub.uni-heidelberg.de), inscription HD006526, retrieved 2026-10-04; inscription type: titulus sepulcralis (EDH genre 'titsep'); province: Bithynia et Pontus (EDH code BiP); EDH dating: not before 151 CE, not after 212 CE (61-year window); astronomical start_year 151. Data licence CC BY-SA 4.0."
edh:hd006653,work,Epitaph from Centumcellae - Civitavecchia,,Latin epitaph; EDH HD006653 from Centumcellae - Civitavecchia; monument type: Tafel; transcription: H(i)c re/quiescit / Marga/rita in p/[ace ---] / [&,available,501,,medium,"Source: Epigraphic Database Heidelberg (https://edh.ub.uni-heidelberg.de), inscription HD006653, retrieved 2026-10-04; inscription type: titulus sepulcralis (EDH genre 'titsep'); province: unknown province code 'TuU' (EDH code TuU); EDH dating: not before 501 CE, not after 600 CE (99-year window); astronomical start_year 501. Data licence CC BY-SA 4.0."
edh:hd006767,work,"Inscription from Thespiae, bei - Kopai",,"GL inscription; EDH HD006767 from Thespiae, bei - Kopai; monument type: Stele; transcription: C(aius) Varius / Stratullus // Γ(άϊος) Οὐάριος / Στράτυλλος",available,1,,medium,"Source: Epigraphic Database Heidelberg (https://edh.ub.uni-heidelberg.de), inscription HD006767, retrieved 2026-10-04; inscription type not recorded in EDH (genre code 'empty'); province: Achaia (EDH code Ach); EDH dating: not before 1 CE, not after 100 CE (99-year window); astronomical start_year 1. Data licence CC BY-SA 4.0."
edh:hd006770,work,Building/dedicatory inscription from Octodurus Varagrorum (Forum Claudii Vallensium) - Martigny,,Latin building/dedicatory inscription; EDH HD006770 from Octodurus Varagrorum (Forum Claudii Vallensium) - Martigny; monument type: Tafel; material: Schiefer; transcription: Muros / vetustate / conruptos / Q(uintus) Sil(ius) Saturu/s flamen / IIvirum / cura sua / resstituit(!),available,201,,medium,"Source: Epigraphic Database Heidelberg (https://edh.ub.uni-heidelberg.de), inscription HD006770, retrieved 2026-10-04; inscription type: titulus dedicatorius (EDH genre 'titoppubpriv'); province: Alpes Poeninae (EDH code AlP); EDH dating: not before 201 CE, not after 300 CE (99-year window); astronomical start_year 201. Data licence CC BY-SA 4.0."
edh:hd006782,work,Inscription from Alexandria - Alexandria,,Latin inscription; EDH HD006782 from Alexandria - Alexandria; transcription: Aurelia Iulia Epictesis origine Cilicissa quae / vixit ann(os) XXXV item M(arcus) Aurelius Paullus / filius e<i=L>us#e<i...,available,212,,medium,"Source: Epigraphic Database Heidelberg (https://edh.ub.uni-heidelberg.de), inscription HD006782, retrieved 2026-10-04; inscription type not recorded in EDH (genre code 'empty'); province: Aegyptus (EDH code Aeg); EDH dating: not before 212 CE, not after 250 CE (38-year window); astronomical start_year 212. Data licence CC BY-SA 4.0."
edh:hd006785,work,Inscription from Alexandria - Alexandria,,Latin inscription; EDH HD006785 from Alexandria - Alexandria; transcription: D(is) M(anibus) s(acrum) / M(arcus) Valerius Omuncio eq(u)e(s) Valerini fili(us) / fecit monimentum(!) Valerini fili / q...,available,200,,medium,"Source: Epigraphic Database Heidelberg (https://edh.ub.uni-heidelberg.de), inscription HD006785, retrieved 2026-10-04; inscription type not recorded in EDH (genre code 'empty'); province: Aegyptus (EDH code Aeg); EDH dating: not before 200 CE, not after 250 CE (50-year window); astronomical start_year 200. Data licence CC BY-SA 4.0."
edh:hd006917,work,Epitaph from Photike - Liboni,,Latin epitaph; EDH HD006917 from Photike - Liboni; monument type: Stele; transcription: Rhodope vix(it) // ann(os) XVI [Vict]orinus / Aug(usti) l(ibertus) <d=P>ireptae#<d>ireptae#PIREPTAE fec(it),available,151,,medium,"Source: Epigraphic Database Heidelberg (https://edh.ub.uni-heidelberg.de), inscription HD006917, retrieved 2026-10-04; inscription type: titulus sepulcralis (EDH genre 'titsep'); province: Epirus (EDH code Epi); EDH dating: not before 151 CE, not after 300 CE (149-year window); astronomical start_year 151. Data licence CC BY-SA 4.0. Caveats: wide EDH dating window (149 years)."
edh:hd007032,work,Public legal inscription from Ainos - Enez,,Latin public legal inscription; EDH HD007032 from Ainos - Enez; monument type: Tafel; transcription: $] / [---]RA[---]/ti sunt eo[dem --- descri]/ptum et recognit[um --- ex commen]/tari(i)s Imperatorum Lu[ci Septimi Sever...,available,208,,high,"Source: Epigraphic Database Heidelberg (https://edh.ub.uni-heidelberg.de), inscription HD007032, retrieved 2026-10-04; inscription type: titulus iuridicus publicus (EDH genre 'titiurpub'); province: Thracia (EDH code Thr); EDH dating: not before 208 CE, not after 209 CE (1-year window); astronomical start_year 208. Data licence CC BY-SA 4.0."
edh:hd007092,work,Building/dedicatory inscription from Cabyle - Jambol,,Latin building/dedicatory inscription; EDH HD007092 from Cabyle - Jambol; monument type: Tafel; transcription: [Imp(eratore) Caesare divi Tra]/[iani Parthici filio] / [divi Nervae nep(ote) Tra]/[iano Hadriano Aug(usto)] / [p(atre) ...,available,135,,high,"Source: Epigraphic Database Heidelberg (https://edh.ub.uni-heidelberg.de), inscription HD007092, retrieved 2026-10-04; inscription type: titulus dedicatorius (EDH genre 'titoppubpriv'); province: Thracia (EDH code Thr); EDH dating: not before 135 CE, not after 136 CE (1-year window); astronomical start_year 135. Data licence CC BY-SA 4.0."
edh:hd007120,work,"Mile-/Leaguestone from Dascylaeum - Ergili, bei",,"GL mile-/leaguestone; EDH HD007120 from Dascylaeum - Ergili, bei; monument type: Meilenstein; transcription: Imp(erator) Caesar M(arcus) Aurelius / Antoninus Aug(ustus) Armeni/acus Parthicus Medicus / pontifici(!) maximi(!) (trib...",available,168,,high,"Source: Epigraphic Database Heidelberg (https://edh.ub.uni-heidelberg.de), inscription HD007120, retrieved 2026-10-04; inscription type: miliarium (EDH genre 'miliarium'); province: Asia (EDH code Asi); EDH dating: not before 168 CE, not after 169 CE (1-year window); astronomical start_year 168. Data licence CC BY-SA 4.0."
edh:hd007184,work,"Honorific inscription from Buthrotum - Ksamil, bei",,"Latin honorific inscription; EDH HD007184 from Buthrotum - Ksamil, bei; monument type: Tafel; material: Kalkstein; transcription: [Imp(eratori) C]aesar[i L(uci) Septimi] / [Se]veri Pii Per[tinacis] / [Au]g(usti) f(ilio) M(arco) [[Aur(elio) Anto]]/[[n...",available,200,,high,"Source: Epigraphic Database Heidelberg (https://edh.ub.uni-heidelberg.de), inscription HD007184, retrieved 2026-10-04; inscription type: titulus honorarius (EDH genre 'tithon'); province: Epirus (EDH code Epi); EDH dating: not before 200 CE, not after 211 CE (11-year window); astronomical start_year 200. Data licence CC BY-SA 4.0."
edh:hd007199,work,Building/dedicatory inscription from Philippopolis - Plovdiv,,Latin building/dedicatory inscription; EDH HD007199 from Philippopolis - Plovdiv; monument type: Architekturteil; material: Marmor; transcription: [Imp(erator) Caes(ar) M(arcus) Aurelius Commodus Anto]ninus Aug(ustus) Pius S[arm(aticus) Germ(anicus) max(imus) p(ontif...,available,183,,high,"Source: Epigraphic Database Heidelberg (https://edh.ub.uni-heidelberg.de), inscription HD007199, retrieved 2026-10-04; inscription type: titulus dedicatorius (EDH genre 'titoppubpriv'); province: Thracia (EDH code Thr); EDH dating: not before 183 CE, not after 184 CE (1-year window); astronomical start_year 183. Data licence CC BY-SA 4.0."
edh:hd007875,work,Honorific inscription from Ala - Aalen,,Latin honorific inscription; EDH HD007875 from Ala - Aalen; monument type: Tafel; material: Gesteine; transcription: [D(omino) n(ostro) Imp(eratori) Caes(ari)] / [M(arco) Aur(elio)] Se[vero] / [Alexa]ndr[o] / [Pio Felic]i In/[victo Aug(u...,available,222,,high,"Source: Epigraphic Database Heidelberg (https://edh.ub.uni-heidelberg.de), inscription HD007875, retrieved 2026-10-04; inscription type: titulus honorarius (EDH genre 'tithon'); province: Raetia (EDH code Rae); EDH dating: not before 222 CE, not after 235 CE (13-year window); astronomical start_year 222. Data licence CC BY-SA 4.0."
edh:hd007878,work,Votive inscription from Brigantium - Bregenz,,Latin votive inscription; EDH HD007878 from Brigantium - Bregenz; monument type: Tafel; material: Sandstein; transcription: Dis deabusq(ue) / cives L[a]t(ini) negot(iatores) / Brig[a]ntiens(es),available,1,,medium,"Source: Epigraphic Database Heidelberg (https://edh.ub.uni-heidelberg.de), inscription HD007878, retrieved 2026-10-04; inscription type: titulus votivus (EDH genre 'titsac'); province: Raetia (EDH code Rae); EDH dating: not before 1 CE, not after 200 CE (199-year window); astronomical start_year 1. Data licence CC BY-SA 4.0. Caveats: wide EDH dating window (199 years)."
edh:hd007881,work,Votive inscription from Vicus Scuttariensium - Nassenfels,,Latin votive inscription; EDH HD007881 from Vicus Scuttariensium - Nassenfels; monument type: Altar; material: Kalkstein; transcription: $] / G(enio) a(lae) I [Flav(iae)] / Gemel[l(ianae)] / Don(ius?) Bel/lin(us) aram / d(edit) d(edicavit),available,116,,medium,"Source: Epigraphic Database Heidelberg (https://edh.ub.uni-heidelberg.de), inscription HD007881, retrieved 2026-10-04; inscription type: titulus votivus (EDH genre 'titsac'); province: Raetia (EDH code Rae); EDH dating: not before 116 CE, not after 250 CE (134-year window); astronomical start_year 116. Data licence CC BY-SA 4.0. Caveats: wide EDH dating window (134 years)."
edh:hd007884,work,Votive inscription from Castra Regina - Regensburg,,Latin votive inscription; EDH HD007884 from Castra Regina - Regensburg; monument type: Altar; material: Kalkstein; transcription: Genio centu/riai(!) pro sa/lute et vict/oria do/mini n(ostri) Imp(eratoris) / L(uci) Aur(eli) Com(modi) / Aug(usti) C(ai...,available,180,,high,"Source: Epigraphic Database Heidelberg (https://edh.ub.uni-heidelberg.de), inscription HD007884, retrieved 2026-10-04; inscription type: titulus votivus (EDH genre 'titsac'); province: Raetia (EDH code Rae); EDH dating: not before 180 CE, not after 192 CE (12-year window); astronomical start_year 180. Data licence CC BY-SA 4.0."
edh:hd007903,work,Epitaph from unknown findspot,,Greek epitaph; EDH HD007903 from unknown findspot; monument type: Stele; transcription: Κασσία Λύκου τοῦ ἰ/δίου ἀνδρὸς μνήμης / χ/ά/ρ/ι/ν,available,285,,medium,"Source: Epigraphic Database Heidelberg (https://edh.ub.uni-heidelberg.de), inscription HD007903, retrieved 2026-10-04; inscription type: titulus sepulcralis (EDH genre 'titsep'); province: Macedonia (EDH code Mak); EDH dating: not before 285 CE, not after 310 CE (25-year window); astronomical start_year 285. Data licence CC BY-SA 4.0."
edh:hd008093,work,Epitaph from Barium? - Bari?,,Latin epitaph; EDH HD008093 from Barium? - Bari?; monument type: Altar; transcription: D(is) M(anibus) / Fabiae Q(uinti) f(iliae) Stratonice / optimae ac piissimae coniugi / L(ucius) Plutius Hermes,available,101,,medium,"Source: Epigraphic Database Heidelberg (https://edh.ub.uni-heidelberg.de), inscription HD008093, retrieved 2026-10-04; inscription type: titulus sepulcralis (EDH genre 'titsep'); province: unknown province code 'ApC?' (EDH code ApC?); EDH dating: not before 101 CE, not after 130 CE (29-year window); astronomical start_year 101. Data licence CC BY-SA 4.0."
edh:hd008118,work,Epitaph from Áyion Pnévma,,Latin epitaph; EDH HD008118 from Áyion Pnévma; monument type: Stele; transcription: Gamicu[s] / conduct[or] / an(nos) X / lib(ertus) Pont[ior(um)] / Nous C[---],available,1,,medium,"Source: Epigraphic Database Heidelberg (https://edh.ub.uni-heidelberg.de), inscription HD008118, retrieved 2026-10-04; inscription type: titulus sepulcralis (EDH genre 'titsep'); province: Macedonia (EDH code Mak); EDH dating: not before 1 CE, not after 200 CE (199-year window); astronomical start_year 1. Data licence CC BY-SA 4.0. Caveats: wide EDH dating window (199 years)."
edh:hd008121,work,Honorific inscription from Colonia Laus Iulia Corinthus - Kórinthos,,Latin honorific inscription; EDH HD008121 from Colonia Laus Iulia Corinthus - Kórinthos; monument type: Tafel; transcription: Reparatori R[o]manae rei f[undatori] / aeternae [p]acis aucto[ri humani] / generis d(omino) n(ostro) [F]l(avio) Theodos[...,available,393,,high,"Source: Epigraphic Database Heidelberg (https://edh.ub.uni-heidelberg.de), inscription HD008121, retrieved 2026-10-04; inscription type: titulus honorarius (EDH genre 'tithon'); province: Achaia (EDH code Ach); EDH dating: not before 393 CE, not after 395 CE (2-year window); astronomical start_year 393. Data licence CC BY-SA 4.0."
edh:hd008136,work,Honorific inscription from El-Beqa'a,,Latin honorific inscription; EDH HD008136 from El-Beqa'a; monument type: Meilenstein?; material: Kalkstein; transcription: Impp(eratoribus) CC(aesaribus) / [F]l(avio) Val(erio) Constantino / Val(erio) Liciniano Licinio / Augg(ustis) / et Fl(av...,available,317,,high,"Source: Epigraphic Database Heidelberg (https://edh.ub.uni-heidelberg.de), inscription HD008136, retrieved 2026-10-04; inscription type: titulus honorarius (EDH genre 'tithon'); province: Syria (EDH code Syr); EDH dating: not before 317 CE, not after 324 CE (7-year window); astronomical start_year 317. Data licence CC BY-SA 4.0."
edh:hd008184,work,Votive inscription from Volubilis - Moulay Idriss,,Latin votive inscription; EDH HD008184 from Volubilis - Moulay Idriss; monument type: Altar; transcription: Deo sancto Au[lis(uae)] / voto d(edit) [V]ale[ri]/us Victor lib(ertus) [T]urno[nis?] / sutor // Deo sancto Aulisuae / vo...,available,171,,medium,"Source: Epigraphic Database Heidelberg (https://edh.ub.uni-heidelberg.de), inscription HD008184, retrieved 2026-10-04; inscription type: titulus votivus (EDH genre 'titsac'); province: Mauretania Tingitana (EDH code MaT); EDH dating: not before 171 CE, not after 300 CE (129-year window); astronomical start_year 171. Data licence CC BY-SA 4.0. Caveats: wide EDH dating window (129 years)."
edh:hd008200,work,Epitaph from Paspels,,"Latin epitaph; EDH HD008200 from Paspels; monument type: Stele; material: Marmor, weiß; transcription: D(is) M(anibus) / Claudi Seneciani qui vi/xit annos XXXX Silvania / Procella coniugi carissim(o) / s(epulchrum?) c(uravi...",available,201,,medium,"Source: Epigraphic Database Heidelberg (https://edh.ub.uni-heidelberg.de), inscription HD008200, retrieved 2026-10-04; inscription type: titulus sepulcralis (EDH genre 'titsep'); province: Raetia (EDH code Rae); EDH dating: not before 201 CE, not after 300 CE (99-year window); astronomical start_year 201. Data licence CC BY-SA 4.0."
edh:hd008269,work,Votive inscription from unknown findspot,,Latin votive inscription; EDH HD008269 from unknown findspot; monument type: Schmuck; material: Gold; transcription: Matr(ibu)s,available,201,,medium,"Source: Epigraphic Database Heidelberg (https://edh.ub.uni-heidelberg.de), inscription HD008269, retrieved 2026-10-04; inscription type: titulus votivus (EDH genre 'titsac'); province: Provincia incerta (EDH code Inc); EDH dating: not before 201 CE, not after 400 CE (199-year window); astronomical start_year 201. Data licence CC BY-SA 4.0. Caveats: wide EDH dating window (199 years)."
edh:hd008458,work,Votive inscription from Kazanlâk,,Latin votive inscription; EDH HD008458 from Kazanlâk; monument type: Relief; transcription: Aur(elius) Timotheus vet(eranus) / ex voto pos(uit),available,201,,medium,"Source: Epigraphic Database Heidelberg (https://edh.ub.uni-heidelberg.de), inscription HD008458, retrieved 2026-10-04; inscription type: titulus votivus (EDH genre 'titsac'); province: Thracia (EDH code Thr); EDH dating: not before 201 CE, not after 300 CE (99-year window); astronomical start_year 201. Data licence CC BY-SA 4.0."
edh:hd008461,work,Votive inscription from Colonia Augusta Aroe Patrae - Pátrai,,Latin votive inscription; EDH HD008461 from Colonia Augusta Aroe Patrae - Pátrai; monument type: Altar; transcription: [---]us / [---]s legatus / [pr]o pr(aetore) et proco(n)s(ul) / prov(inciae) Ach(aiae) Ae/sculapio v(otum) s(olvit),available,101,,medium,"Source: Epigraphic Database Heidelberg (https://edh.ub.uni-heidelberg.de), inscription HD008461, retrieved 2026-10-04; inscription type: titulus votivus (EDH genre 'titsac'); province: Achaia (EDH code Ach); EDH dating: not before 101 CE, not after 200 CE (99-year window); astronomical start_year 101. Data licence CC BY-SA 4.0."
edh:hd008464,work,Epitaph from Colonia Augusta Aroe Patrae - Pátrai,,Latin epitaph; EDH HD008464 from Colonia Augusta Aroe Patrae - Pátrai; monument type: Tafel; transcription: Q(uintum) Cassium / Euprepetem / aediles(!) / q(uaestor) IIvir ann(orum) XXXIII,available,1,,medium,"Source: Epigraphic Database Heidelberg (https://edh.ub.uni-heidelberg.de), inscription HD008464, retrieved 2026-10-04; inscription type: titulus sepulcralis (EDH genre 'titsep'); province: Achaia (EDH code Ach); EDH dating: not before 1 CE, not after 200 CE (199-year window); astronomical start_year 1. Data licence CC BY-SA 4.0. Caveats: wide EDH dating window (199 years)."
edh:hd008467,work,Honorific inscription from Colonia Augusta Aroe Patrae - Pátrai,,Latin honorific inscription; EDH HD008467 from Colonia Augusta Aroe Patrae - Pátrai; monument type: Stele; transcription: M(arco) Ful[vio M(arci) f(ilio) Quir(ina) ---] / aed(ili) II[vir(o) i(ure) d(icundo) ---] / M(arcus) Fulv[ius M(arci) f(...,available,1,,medium,"Source: Epigraphic Database Heidelberg (https://edh.ub.uni-heidelberg.de), inscription HD008467, retrieved 2026-10-04; inscription type: titulus honorarius (EDH genre 'tithon'); province: Achaia (EDH code Ach); EDH dating: not before 1 CE, not after 100 CE (99-year window); astronomical start_year 1. Data licence CC BY-SA 4.0."
edh:hd008470,work,Mile-/Leaguestone from Colonia Augusta Aroe Patrae - Pátrai,,Latin mile-/leaguestone; EDH HD008470 from Colonia Augusta Aroe Patrae - Pátrai; monument type: Meilenstein; transcription: D(---) D(---) M(arci) Iul(i) Bassi // D(---) D(---),available,1,,medium,"Source: Epigraphic Database Heidelberg (https://edh.ub.uni-heidelberg.de), inscription HD008470, retrieved 2026-10-04; inscription type: miliarium (EDH genre 'miliarium'); province: Achaia (EDH code Ach); EDH dating: not before 1 CE, not after 200 CE (199-year window); astronomical start_year 1. Data licence CC BY-SA 4.0. Caveats: wide EDH dating window (199 years)."
edh:hd008473,work,Epitaph from Colonia Augusta Aroe Patrae - Pátrai,,Latin epitaph; EDH HD008473 from Colonia Augusta Aroe Patrae - Pátrai; monument type: Tafel; transcription: M(arco) Sentio M(arci) f(ilio) Q[ui(rina) et] / Vatiniae Fau[---] / L(ucius) Sentius L(uci) [f(ilius) Qui(rina)] / Vatin...,available,1,,medium,"Source: Epigraphic Database Heidelberg (https://edh.ub.uni-heidelberg.de), inscription HD008473, retrieved 2026-10-04; inscription type: titulus sepulcralis (EDH genre 'titsep'); province: Achaia (EDH code Ach); EDH dating: not before 1 CE, not after 100 CE (99-year window); astronomical start_year 1. Data licence CC BY-SA 4.0."
edh:hd008512,work,"Honorific inscription from Pompeiopolis, bei - Taşköprü",,"Latin honorific inscription; EDH HD008512 from Pompeiopolis, bei - Taşköprü; transcription: B(onae) F(ortunae) / [T]i(berio) Cl(audio) Subati/ano Aquil[ae] / v(iro) e(minentissimo) praefe[cto] / Aegypti p[raef]/[...",available,206,,high,"Source: Epigraphic Database Heidelberg (https://edh.ub.uni-heidelberg.de), inscription HD008512, retrieved 2026-10-04; inscription type: titulus honorarius (EDH genre 'tithon'); province: Galatia (EDH code Gal); EDH dating: not before 206 CE, not after 211 CE (5-year window); astronomical start_year 206. Data licence CC BY-SA 4.0."
edh:hd008655,work,Epitaph from Augusta Vindelicorum - Augsburg,,Latin epitaph; EDH HD008655 from Augusta Vindelicorum - Augsburg; monument type: Block; material: Kalkstein; transcription: D(is) M(anibus) / [-] Mari Marcelli / [ve]t(erani) ex dec(urione) al(ae) II Fl(aviae) |(miliariae) / mil(itavit) an(nos)...,available,151,,medium,"Source: Epigraphic Database Heidelberg (https://edh.ub.uni-heidelberg.de), inscription HD008655, retrieved 2026-10-04; inscription type: titulus sepulcralis (EDH genre 'titsep'); province: Raetia (EDH code Rae); EDH dating: not before 151 CE, not after 200 CE (49-year window); astronomical start_year 151. Data licence CC BY-SA 4.0."
edh:hd008658,work,Epitaph from Augusta Vindelicorum - Augsburg,,Latin epitaph; EDH HD008658 from Augusta Vindelicorum - Augsburg; monument type: EhrenVotivsäule; material: Kalkstein; transcription: Pompeianius / Silvinus vivus / fecit sibi et / Pomp(eianio) Victori / fratri piissimo / qui vixit annis XXX,available,171,,medium,"Source: Epigraphic Database Heidelberg (https://edh.ub.uni-heidelberg.de), inscription HD008658, retrieved 2026-10-04; inscription type: titulus sepulcralis (EDH genre 'titsep'); province: Raetia (EDH code Rae); EDH dating: not before 171 CE, not after 230 CE (59-year window); astronomical start_year 171. Data licence CC BY-SA 4.0."
edh:hd008661,work,Epitaph from Augusta Vindelicorum - Augsburg,,Latin epitaph; EDH HD008661 from Augusta Vindelicorum - Augsburg; monument type: EhrenVotivsäule; material: Kalkstein; transcription: C(aio) Iul(io) Secundino / dec(urioni) mun(icipii) Ael(ii) Aug(usti) / [I]ul(i) Secundina / Vera Ver[u]s [fil(i)?] / [c]...,available,151,,medium,"Source: Epigraphic Database Heidelberg (https://edh.ub.uni-heidelberg.de), inscription HD008661, retrieved 2026-10-04; inscription type: titulus sepulcralis (EDH genre 'titsep'); province: Raetia (EDH code Rae); EDH dating: not before 151 CE, not after 200 CE (49-year window); astronomical start_year 151. Data licence CC BY-SA 4.0."
edh:hd008673,work,Inscription from Memphis - Saqqâra,,Latin inscription; EDH HD008673 from Memphis - Saqqâra; transcription: Q(uintus) Aebutius Q(uinti) f(ilius) Quir(ina) I[--- eques? i]n al[a] / Apriana decurio a[lae eiusdem? miss]us hon[e]sta...,available,1,,medium,"Source: Epigraphic Database Heidelberg (https://edh.ub.uni-heidelberg.de), inscription HD008673, retrieved 2026-10-04; inscription type not recorded in EDH (genre code 'empty'); province: Aegyptus (EDH code Aeg); EDH dating: not before 1 CE, not after 125 CE (124-year window); astronomical start_year 1. Data licence CC BY-SA 4.0. Caveats: wide EDH dating window (124 years)."
edh:hd008838,work,Honorific inscription from Berovo,,Latin honorific inscription; EDH HD008838 from Berovo; monument type: Statuenbasis; transcription: Imp(eratori) Caesari M(arco) / Aurel(io) Antonino / Severi Aug(usti) n(ostri) / filio trib(unicia) pot(estate) i[mp(erat...,available,208,,high,"Source: Epigraphic Database Heidelberg (https://edh.ub.uni-heidelberg.de), inscription HD008838, retrieved 2026-10-04; inscription type: titulus honorarius (EDH genre 'tithon'); province: Macedonia (EDH code Mak); EDH dating: not before 208 CE, not after 211 CE (3-year window); astronomical start_year 208. Data licence CC BY-SA 4.0."
edh:hd008907,work,Epitaph from Clusium - Chiusi,,Latin epitaph; EDH HD008907 from Clusium - Chiusi; monument type: Urne; transcription: Volusia L(uci) f(ilia),available,-29,,medium,"Source: Epigraphic Database Heidelberg (https://edh.ub.uni-heidelberg.de), inscription HD008907, retrieved 2026-10-04; inscription type: titulus sepulcralis (EDH genre 'titsep'); province: unknown province code 'TuU' (EDH code TuU); EDH dating: not before 30 BCE, not after 14 CE (44-year window); astronomical start_year -29. Data licence CC BY-SA 4.0."
edh:hd008990,work,Votive inscription from Octodurus Varagrorum (Forum Claudii Vallensium) - Martigny,,Latin votive inscription; EDH HD008990 from Octodurus Varagrorum (Forum Claudii Vallensium) - Martigny; monument type: Tafel; material: Kalkstein; transcription: [I(ovi) O(ptimo)] M(aximo) et dis Pen[at(ibus)] / s[ac]rum / [--- Pr]imigeni[us] / [v(otum) s(olvit) l(ibens) m(erito)],available,51,,medium,"Source: Epigraphic Database Heidelberg (https://edh.ub.uni-heidelberg.de), inscription HD008990, retrieved 2026-10-04; inscription type: titulus votivus (EDH genre 'titsac'); province: Alpes Poeninae (EDH code AlP); EDH dating: not before 51 CE, not after 100 CE (49-year window); astronomical start_year 51. Data licence CC BY-SA 4.0."
edh:hd008993,work,Epitaph from Sedunum - Sion,,Latin epitaph; EDH HD008993 from Sedunum - Sion; monument type: Stele; material: Kalkstein; transcription: Tito Exomnio Man/sueto equiti R(omano) / praefecto cohortis / secundae Hispano/rum defun(c)to in anno / XXII Titus Exomn...,available,201,,medium,"Source: Epigraphic Database Heidelberg (https://edh.ub.uni-heidelberg.de), inscription HD008993, retrieved 2026-10-04; inscription type: titulus sepulcralis (EDH genre 'titsep'); province: Alpes Poeninae (EDH code AlP); EDH dating: not before 201 CE, not after 300 CE (99-year window); astronomical start_year 201. Data licence CC BY-SA 4.0."
edh:hd008996,work,Epitaph from Sedunum - Sion,,Latin epitaph; EDH HD008996 from Sedunum - Sion; monument type: Stele; material: Kalkstein; transcription: Veratius / Acuti f(ilius) / t(estamento) f(ieri) i(ussit) / L(ucius) Acutius / Secundus / frater / f(aciendum) c(uravit),available,1,,medium,"Source: Epigraphic Database Heidelberg (https://edh.ub.uni-heidelberg.de), inscription HD008996, retrieved 2026-10-04; inscription type: titulus sepulcralis (EDH genre 'titsep'); province: Alpes Poeninae (EDH code AlP); EDH dating: not before 1 CE, not after 100 CE (99-year window); astronomical start_year 1. Data licence CC BY-SA 4.0."
edh:hd008999,work,Epitaph from Sedunum - Sion,,Latin epitaph; EDH HD008999 from Sedunum - Sion; monument type: Stele; material: Kalkstein; transcription: L(ucio) Sentio Secun/do aedilicio / IIvirali / et Gelliae Tindae / parentibus / et Seiio(!) fratri / Senti(i) Senecio et...,available,71,,medium,"Source: Epigraphic Database Heidelberg (https://edh.ub.uni-heidelberg.de), inscription HD008999, retrieved 2026-10-04; inscription type: titulus sepulcralis (EDH genre 'titsep'); province: Alpes Poeninae (EDH code AlP); EDH dating: not before 71 CE, not after 100 CE (29-year window); astronomical start_year 71. Data licence CC BY-SA 4.0."
edh:hd009002,work,Epitaph from Sedunum - Sion,,Latin epitaph; EDH HD009002 from Sedunum - Sion; monument type: Stele; material: Kalkstein; transcription: D(is) M(anibus) / Saturnini / qui vixit / annos L / menses duos / dies V / Arborius socero [---] / [------],available,301,,medium,"Source: Epigraphic Database Heidelberg (https://edh.ub.uni-heidelberg.de), inscription HD009002, retrieved 2026-10-04; inscription type: titulus sepulcralis (EDH genre 'titsep'); province: Alpes Poeninae (EDH code AlP); EDH dating: not before 301 CE, not after 400 CE (99-year window); astronomical start_year 301. Data licence CC BY-SA 4.0."
edh:hd009239,work,Epitaph from Ruhstorf/Rott,,Latin epitaph; EDH HD009239 from Ruhstorf/Rott; monument type: Grabbau; material: Kalkstein; transcription: D(is) M(anibus) / Copponia / [L]ucani liber(ta) // Attianus / Donata ancilla // Copponia / Iucunda / libert(a),available,201,,medium,"Source: Epigraphic Database Heidelberg (https://edh.ub.uni-heidelberg.de), inscription HD009239, retrieved 2026-10-04; inscription type: titulus sepulcralis (EDH genre 'titsep'); province: Raetia (EDH code Rae); EDH dating: not before 201 CE, not after 230 CE (29-year window); astronomical start_year 201. Data licence CC BY-SA 4.0."
edh:hd009242,work,Epitaph from Ruhstorf/Rott,,Latin epitaph; EDH HD009242 from Ruhstorf/Rott; monument type: Tafel; material: Sandstein; transcription: Lol(liae) Atticae / @(obitae) a(nnis) XII / Lol(lia) Onesime / f(iliae) p(ientissimae) f(ecit),available,101,,medium,"Source: Epigraphic Database Heidelberg (https://edh.ub.uni-heidelberg.de), inscription HD009242, retrieved 2026-10-04; inscription type: titulus sepulcralis (EDH genre 'titsep'); province: Raetia (EDH code Rae); EDH dating: not before 101 CE, not after 300 CE (199-year window); astronomical start_year 101. Data licence CC BY-SA 4.0. Caveats: wide EDH dating window (199 years)."
edh:hd009314,work,Votive inscription from Kerepestarcsa,,Latin votive inscription; EDH HD009314 from Kerepestarcsa; monument type: Altar; transcription: I(ovi) O(ptimo) M(aximo) et Nep(tuno) / vex(illarii) cl(assis) F(laviae) Pan(nonicae) / q(uae) sunt in Si/[rmio &,available,171,,medium,"Source: Epigraphic Database Heidelberg (https://edh.ub.uni-heidelberg.de), inscription HD009314, retrieved 2026-10-04; inscription type: titulus votivus (EDH genre 'titsac'); province: Barbaricum (EDH code Bar); EDH dating: not before 171 CE, not after 200 CE (29-year window); astronomical start_year 171. Data licence CC BY-SA 4.0."
edh:hd009320,work,Epitaph from Virt,,Latin epitaph; EDH HD009320 from Virt; monument type: Sarkophag; material: Kalkstein; transcription: P<l=I>ot(iis)#P<l>ot(iis)#PIOT (H)igino(!) et Polideuco(!) / equitibus Romanis / Aur(elius) Fla(v)us cons/obrinis cariss...,available,201,,medium,"Source: Epigraphic Database Heidelberg (https://edh.ub.uni-heidelberg.de), inscription HD009320, retrieved 2026-10-04; inscription type: titulus sepulcralis (EDH genre 'titsep'); province: Barbaricum (EDH code Bar); EDH dating: not before 201 CE, not after 300 CE (99-year window); astronomical start_year 201. Data licence CC BY-SA 4.0."
edh:hd009445,work,Epitaph from Leutstetten,,Latin epitaph; EDH HD009445 from Leutstetten; monument type: Tafel; material: Kalkstein; transcription: [D(is) M(anibus)] / C(aio) Iul(io) C(ai) f(ilio) Quir(ina) Pintam[o] / domo ex Hisp(ania) citerior[e] / Augusta Brac(ara...,available,131,,medium,"Source: Epigraphic Database Heidelberg (https://edh.ub.uni-heidelberg.de), inscription HD009445, retrieved 2026-10-04; inscription type: titulus sepulcralis (EDH genre 'titsep'); province: Raetia (EDH code Rae); EDH dating: not before 131 CE, not after 230 CE (99-year window); astronomical start_year 131. Data licence CC BY-SA 4.0."
edh:hd009536,work,"Building/dedicatory inscription from Aulutrene - Dinar, bei",,"Latin building/dedicatory inscription; EDH HD009536 from Aulutrene - Dinar, bei; transcription: [I(ovi) O(ptimo) M(aximo)] / et Iuno[ni Reg(inae)] / pro salu(te) dd(ominorum) / nn(ostrorum) Impp(eratorum) Augg(ustoru...",available,198,,high,"Source: Epigraphic Database Heidelberg (https://edh.ub.uni-heidelberg.de), inscription HD009536, retrieved 2026-10-04; inscription type: titulus dedicatorius (EDH genre 'titoppubpriv'); province: Asia (EDH code Asi); EDH dating: not before 198 CE, not after 209 CE (11-year window); astronomical start_year 198. Data licence CC BY-SA 4.0."
edh:hd009587,work,Honorific inscription from Tyrus - Ṣūr,,"Latin honorific inscription; EDH HD009587 from Tyrus - Ṣūr; material: Marmor, weiß; transcription: Domitio Ulpiano praefecto / praetorio eminentissimo viro / iurisconsulto item praefecto / annonae sacrae urbis Seberia(!...",available,501,,medium,"Source: Epigraphic Database Heidelberg (https://edh.ub.uni-heidelberg.de), inscription HD009587, retrieved 2026-10-04; inscription type: titulus honorarius (EDH genre 'tithon'); province: Syria (EDH code Syr); EDH dating: not before 501 CE, not after 600 CE (99-year window); astronomical start_year 501. Data licence CC BY-SA 4.0."
edh:hd009667,work,Epitaph from Eger,,Latin epitaph; EDH HD009667 from Eger; material: Sandstein; transcription: $] / [---]no Pomp[---] / [---]BAI(?)NT[-]D / [---] filio [---] / [---]E(?)RI(?)[--]TI[---] / [&?,available,1,,medium,"Source: Epigraphic Database Heidelberg (https://edh.ub.uni-heidelberg.de), inscription HD009667, retrieved 2026-10-04; inscription type: titulus sepulcralis (EDH genre 'titsep'); province: Barbaricum (EDH code Bar); EDH dating: not before 1 CE, not after 200 CE (199-year window); astronomical start_year 1. Data licence CC BY-SA 4.0. Caveats: wide EDH dating window (199 years)."
edh:hd009689,work,Defixio from unknown findspot,,Latin defixio; EDH HD009689 from unknown findspot; transcription: Philocomus / Antioc(h)us / P(h)arnace(s) / Sosus / Erato Epidia // Tabescant cea(n)t / dom(i)nis non pla[cea(n)t] / eide...,available,-69,,medium,"Source: Epigraphic Database Heidelberg (https://edh.ub.uni-heidelberg.de), inscription HD009689, retrieved 2026-10-04; inscription type: defixio (EDH genre 'titdefix'); province: Provincia incerta (EDH code Inc); EDH dating: not before 70 BCE, not after 31 BCE (39-year window); astronomical start_year -69. Data licence CC BY-SA 4.0."
edh:hd009706,work,Mile-/Leaguestone from Carasura - Čirpan,,GL mile-/leaguestone; EDH HD009706 from Carasura - Čirpan; monument type: Meilenstein; transcription: $] / principibus iuventu/tis / Fl(avio) Val(erio) Con<s=L>tantio#Con<s>tantio#CONLTANTIO et / Galer(io) Val(erio) Maximi...,available,293,,high,"Source: Epigraphic Database Heidelberg (https://edh.ub.uni-heidelberg.de), inscription HD009706, retrieved 2026-10-04; inscription type: miliarium (EDH genre 'miliarium'); province: Thracia (EDH code Thr); EDH dating: not before 293 CE, not after 305 CE (12-year window); astronomical start_year 293. Data licence CC BY-SA 4.0."
edh:hd009919,work,"Mile-/Leaguestone from Beroia, bei - Véroia, bei",,"GL mile-/leaguestone; EDH HD009919 from Beroia, bei - Véroia, bei; monument type: Meilenstein; transcription: ἀγαθῇ τύχῃ / τῷ κυρίῳ ἡμ[ῶν] / Αὐτοκράτορι Καίσ[αρι] / Γαλερίῳ [Βαλερίῳ Μαξιμια]/νῷ Σεβ(αστῷ), ἡ μητρόπο/[λι]ς Βέροια //...",available,293,,high,"Source: Epigraphic Database Heidelberg (https://edh.ub.uni-heidelberg.de), inscription HD009919, retrieved 2026-10-04; inscription type: miliarium (EDH genre 'miliarium'); province: Macedonia (EDH code Mak); EDH dating: not before 293 CE, not after 311 CE (18-year window); astronomical start_year 293. Data licence CC BY-SA 4.0."
edh:hd009922,work,Epitaph from Thessalonica - Thessaloníki,,GL epitaph; EDH HD009922 from Thessalonica - Thessaloníki; monument type: Stele; transcription: Γάιε Ποπίλλιε χαῖρε / καὶ σὺ πολλὰ τίς ποτε εἶ // C(ai) Popilli{i} salve et tu / quisquis es,available,-98,,medium,"Source: Epigraphic Database Heidelberg (https://edh.ub.uni-heidelberg.de), inscription HD009922, retrieved 2026-10-04; inscription type: titulus sepulcralis (EDH genre 'titsep'); province: Macedonia (EDH code Mak); EDH dating: not before 99 BCE, not after 50 BCE (49-year window); astronomical start_year -98. Data licence CC BY-SA 4.0."
edh:hd009964,work,Epitaph from Selinus - Gazipaşa,,Latin epitaph; EDH HD009964 from Selinus - Gazipaşa; transcription: Fortunato / bono cons(ervo) / et / bene merenti / fecerunt lib(erti) / et ser(vi) Licini / Campani / p(atroni?) p(ientis...,available,69,,medium,"Source: Epigraphic Database Heidelberg (https://edh.ub.uni-heidelberg.de), inscription HD009964, retrieved 2026-10-04; inscription type: titulus sepulcralis (EDH genre 'titsep'); province: Cilicia (EDH code Cil); EDH dating: not before 69 CE, not after 300 CE (231-year window); astronomical start_year 69. Data licence CC BY-SA 4.0. Caveats: wide EDH dating window (231 years)."
edh:hd009967,work,Honorific inscription from Seleucia ad Calycadnum - Silifke,,GL honorific inscription; EDH HD009967 from Seleucia ad Calycadnum - Silifke; monument type: Statuenbasis; transcription: (H)umani(ssimo) potentissi/mo adque(!) piissimo / vere victoriumque / clementissimo / d(omino) n(ostro) G(aio) Valerio /...,available,305,,high,"Source: Epigraphic Database Heidelberg (https://edh.ub.uni-heidelberg.de), inscription HD009967, retrieved 2026-10-04; inscription type: titulus honorarius (EDH genre 'tithon'); province: Cilicia (EDH code Cil); EDH dating: not before 305 CE, not after 311 CE (6-year window); astronomical start_year 305. Data licence CC BY-SA 4.0."
edh:hd009985,work,Honorific inscription from Salamis,,"GL honorific inscription; EDH HD009985 from Salamis; monument type: Statuenbasis; material: Marmor, geädert / farbig; transcription: Laetitiae publicae / caerimoniarumque / omnium au(c)tori d(omino) n(ostro) / Maximiano nob(ilissimo) / Caesari / Antisti...",available,293,,high,"Source: Epigraphic Database Heidelberg (https://edh.ub.uni-heidelberg.de), inscription HD009985, retrieved 2026-10-04; inscription type: titulus honorarius (EDH genre 'tithon'); province: Cyprus (EDH code Cyp); EDH dating: not before 293 CE, not after 305 CE (12-year window); astronomical start_year 293. Data licence CC BY-SA 4.0."
edh:hd010819,work,Votive inscription from Karneid / Cornedo all'Isarco,,Latin votive inscription; EDH HD010819 from Karneid / Cornedo all'Isarco; monument type: Altar; material: Sandstein; transcription: D(eo) / Satur/no / p(agani?) p(agi?) / Scare/dran/o[rum? &,available,71,,medium,"Source: Epigraphic Database Heidelberg (https://edh.ub.uni-heidelberg.de), inscription HD010819, retrieved 2026-10-04; inscription type: titulus votivus (EDH genre 'titsac'); province: Raetia (EDH code Rae); EDH dating: not before 71 CE, not after 200 CE (129-year window); astronomical start_year 71. Data licence CC BY-SA 4.0. Caveats: wide EDH dating window (129 years)."
edh:hd011297,work,Epitaph from Kratovo,,Latin epitaph; EDH HD011297 from Kratovo; monument type: Stele; transcription: $] / h(ic) s(ita) e(st) [vix(it)] / a(nnos) XXVIII / menses VI / vita inte/gerrima / Iul(ius) Mucia/nus act(uarius) / co...,available,151,,medium,"Source: Epigraphic Database Heidelberg (https://edh.ub.uni-heidelberg.de), inscription HD011297, retrieved 2026-10-04; inscription type: titulus sepulcralis (EDH genre 'titsep'); province: Thracia (EDH code Thr); EDH dating: not before 151 CE, not after 300 CE (149-year window); astronomical start_year 151. Data licence CC BY-SA 4.0. Caveats: wide EDH dating window (149 years)."
edh:hd011448,work,Votive inscription from unknown findspot,,Latin votive inscription; EDH HD011448 from unknown findspot; monument type: Altar; transcription: C(aius) Valerius / Mel(e)ager / miles c(o)ho(rtis) / XIIII urb(anae) |(centuria) M(arci) / Gemelli He/rculi // [v(otum)]...,available,1,,medium,"Source: Epigraphic Database Heidelberg (https://edh.ub.uni-heidelberg.de), inscription HD011448, retrieved 2026-10-04; inscription type: titulus votivus (EDH genre 'titsac'); province: unknown province code 'Dac?' (EDH code Dac?); EDH dating: not before 1 CE, not after 100 CE (99-year window); astronomical start_year 1. Data licence CC BY-SA 4.0."
edh:hd011556,work,Epitaph from Apri - Silivri,,Latin epitaph; EDH HD011556 from Apri - Silivri; monument type: Tafel; transcription: D(is) M(anibus) s(acrum) / [- Ca]ssius Rufi/[nus] vet(eranus) leg(ionis) II / [adiut]ricis mili/[tavi]t annos XXV / [---...,available,101,,medium,"Source: Epigraphic Database Heidelberg (https://edh.ub.uni-heidelberg.de), inscription HD011556, retrieved 2026-10-04; inscription type: titulus sepulcralis (EDH genre 'titsep'); province: Thracia (EDH code Thr); EDH dating: not before 101 CE, not after 130 CE (29-year window); astronomical start_year 101. Data licence CC BY-SA 4.0."
edh:hd011559,work,Epitaph from Apri - Silivri,,Latin epitaph; EDH HD011559 from Apri - Silivri; monument type: Tafel; transcription: M(arcus) Scu[rricius C(ai) f(ilius) Vol(tinia) Rufi]/nus ae[d(ilis) q(uaestor) IIvir i(ure) d(icundo) pontif(ex) c(oloni...,available,51,,medium,"Source: Epigraphic Database Heidelberg (https://edh.ub.uni-heidelberg.de), inscription HD011559, retrieved 2026-10-04; inscription type: titulus sepulcralis (EDH genre 'titsep'); province: Thracia (EDH code Thr); EDH dating: not before 51 CE, not after 131 CE (80-year window); astronomical start_year 51. Data licence CC BY-SA 4.0."
edh:hd011562,work,Honorific inscription from Apri - Silivri,,Latin honorific inscription; EDH HD011562 from Apri - Silivri; transcription: $] / [praef(ecto) coh(ortis) ---] / equ[it(atae) praef(ecto) coh(ortis) II? Chalci]/denor[um praef(ecto) alae] / I Panno...,available,74,,high,"Source: Epigraphic Database Heidelberg (https://edh.ub.uni-heidelberg.de), inscription HD011562, retrieved 2026-10-04; inscription type: titulus honorarius (EDH genre 'tithon'); province: Thracia (EDH code Thr); EDH dating: not before 74 CE, not after 79 CE (5-year window); astronomical start_year 74. Data licence CC BY-SA 4.0."
edh:hd011631,work,Building/dedicatory inscription from Eirenopolis - Yukarıirnabol,,Latin building/dedicatory inscription; EDH HD011631 from Eirenopolis - Yukarıirnabol; transcription: [Iuss]u dd(ominorum) nn(ostrorum) Co[nstanti triumfa]/[tori]s Aug(usti) et I[uliani nob(ilissimi) Caes(aris)] / murus ae...,available,355,,high,"Source: Epigraphic Database Heidelberg (https://edh.ub.uni-heidelberg.de), inscription HD011631, retrieved 2026-10-04; inscription type: titulus dedicatorius (EDH genre 'titoppubpriv'); province: Cilicia (EDH code Cil); EDH dating: not before 355 CE, not after 359 CE (4-year window); astronomical start_year 355. Data licence CC BY-SA 4.0."
edh:hd011634,work,Epitaph from Apamea - Hama,,Latin epitaph; EDH HD011634 from Apamea - Hama; monument type: Sarkophag; transcription: Anton(iae) Karae quae / vixit ann(os) XXVIII m(enses) IIII / Prob(ius) Sanctus |(centurio) leg(ionis) / II Par(thicae) c...,available,201,,medium,"Source: Epigraphic Database Heidelberg (https://edh.ub.uni-heidelberg.de), inscription HD011634, retrieved 2026-10-04; inscription type: titulus sepulcralis (EDH genre 'titsep'); province: Syria (EDH code Syr); EDH dating: not before 201 CE, not after 300 CE (99-year window); astronomical start_year 201. Data licence CC BY-SA 4.0."
edh:hd011646,work,"Building/dedicatory inscription from Caesarea Maritima, bei - Har Qesari, bei",,"Latin building/dedicatory inscription; EDH HD011646 from Caesarea Maritima, bei - Har Qesari, bei; monument type: Block; transcription: Imp(erator) Caes(ar) / Traianus / Hadrianus / Aug(ustus) fecit / per vexillatione(m) / leg(ionis) X frete(nsis)",available,117,,medium,"Source: Epigraphic Database Heidelberg (https://edh.ub.uni-heidelberg.de), inscription HD011646, retrieved 2026-10-04; inscription type: titulus dedicatorius (EDH genre 'titoppubpriv'); province: Iudaea (EDH code Iud); EDH dating: not before 117 CE, not after 138 CE (21-year window); astronomical start_year 117. Data licence CC BY-SA 4.0."
edh:hd011682,work,Building/dedicatory inscription from Cyrene - Shaḩḩāt,,Latin building/dedicatory inscription; EDH HD011682 from Cyrene - Shaḩḩāt; monument type: Tafel; material: Kalkstein; transcription: Imp(erator) Ca[es(ar) divi] Traiani P[arthici f(ilius)] / divi Nerv[ae nepos] Traianus [Hadria]/nus Aug(ustus) [&,available,117,,medium,"Source: Epigraphic Database Heidelberg (https://edh.ub.uni-heidelberg.de), inscription HD011682, retrieved 2026-10-04; inscription type: titulus dedicatorius (EDH genre 'titoppubpriv'); province: Cyrene (EDH code Cyr); EDH dating: not before 117 CE, not after 138 CE (21-year window); astronomical start_year 117. Data licence CC BY-SA 4.0."
edh:hd011863,work,Honorific inscription from Salamis,,"GL honorific inscription; EDH HD011863 from Salamis; monument type: Tafel; material: Marmor, geädert / farbig; transcription: [Ind]ulgentiss[imis Impp(eratoribus) dddd(ominis) nnnn(ostris)] / [Dio]cletiano [et Maximiano Augg(ustis)] / et Con[stan...",available,212,,high,"Source: Epigraphic Database Heidelberg (https://edh.ub.uni-heidelberg.de), inscription HD011863, retrieved 2026-10-04; inscription type: titulus honorarius (EDH genre 'tithon'); province: Cyprus (EDH code Cyp); EDH dating: not before 212 CE, not after 217 CE (5-year window); astronomical start_year 212. Data licence CC BY-SA 4.0."
edh:hd011866,work,Epitaph from Apamea - Hama,,Latin epitaph; EDH HD011866 from Apamea - Hama; monument type: Stele; transcription: D(is) M(anibus) / Aur(elius) Tato strator / leg(ati) leg(ionis) II Parthicae / vix(it) ann(is) XXXXV / mil(itavit) annis...,available,231,,high,"Source: Epigraphic Database Heidelberg (https://edh.ub.uni-heidelberg.de), inscription HD011866, retrieved 2026-10-04; inscription type: titulus sepulcralis (EDH genre 'titsep'); province: Syria (EDH code Syr); EDH dating: not before 231 CE, not after 233 CE (2-year window); astronomical start_year 231. Data licence CC BY-SA 4.0."
edh:hd011875,work,"Mile-/Leaguestone from Caesarea Maritima, bei - Ma'agan Michael",,"Latin mile-/leaguestone; EDH HD011875 from Caesarea Maritima, bei - Ma'agan Michael; monument type: Meilenstein; transcription: Imp(eratori) Caesari [M(arco)] / Aurel(io) Ant[onino] / Pio Fel(ici) Aug(usto) pontif(ici) / max(imo) trib(unicia) / pot...",available,212,,high,"Source: Epigraphic Database Heidelberg (https://edh.ub.uni-heidelberg.de), inscription HD011875, retrieved 2026-10-04; inscription type: miliarium (EDH genre 'miliarium'); province: Iudaea (EDH code Iud); EDH dating: not before 212 CE, not after 213 CE (1-year window); astronomical start_year 212. Data licence CC BY-SA 4.0."
edh:hd011878,work,"Mile-/Leaguestone from Caesarea Maritima, bei - Ma'agan Michael",,"Latin mile-/leaguestone; EDH HD011878 from Caesarea Maritima, bei - Ma'agan Michael; monument type: Meilenstein; transcription: Imp(eratori) Caesari / M(arco) Aurelio / Antonino / Pio Fel(ici) Aug(usto) / Parth(ico) max(imo) / Britannico / max(imo)...",available,214,,high,"Source: Epigraphic Database Heidelberg (https://edh.ub.uni-heidelberg.de), inscription HD011878, retrieved 2026-10-04; inscription type: miliarium (EDH genre 'miliarium'); province: Iudaea (EDH code Iud); EDH dating: not before 214 CE, not after 215 CE (1-year window); astronomical start_year 214. Data licence CC BY-SA 4.0."
edh:hd011881,work,"Mile-/Leaguestone from Caesarea Maritima, bei - Ma'agan Michael",,"Latin mile-/leaguestone; EDH HD011881 from Caesarea Maritima, bei - Ma'agan Michael; monument type: Meilenstein; transcription: [Imp(eratori) Caes(ari) C(aio)] / [Iulio Vero] / [Maximino P(io) F(elici)] / [Aug(usto) n(ostro) et] / [C(aio) Iulio] Ve...",available,236,,high,"Source: Epigraphic Database Heidelberg (https://edh.ub.uni-heidelberg.de), inscription HD011881, retrieved 2026-10-04; inscription type: miliarium (EDH genre 'miliarium'); province: Iudaea (EDH code Iud); EDH dating: not before 236 CE, not after 238 CE (2-year window); astronomical start_year 236. Data licence CC BY-SA 4.0."
edh:hd011887,work,Inscription from Akoris - Gebel-el-Tehne,,Latin inscription; EDH HD011887 from Akoris - Gebel-el-Tehne; transcription: [---] / [pr]o salut[e] / Imp(eratoris) L(uci) S(eptimi) Sever[i] / Pii Pert(inacis) [A]u[g(usti) e]t / M(arci) Aur(eli) ...,available,203,,high,"Source: Epigraphic Database Heidelberg (https://edh.ub.uni-heidelberg.de), inscription HD011887, retrieved 2026-10-04; inscription type not recorded in EDH (genre code 'empty'); province: Aegyptus (EDH code Aeg); EDH dating: not before 203 CE, not after 206 CE (3-year window); astronomical start_year 203. Data licence CC BY-SA 4.0."
edh:hd012217,work,Epitaph from Ruessium (Civitas Vellavorum) - Saint-Paulin,,Latin epitaph; EDH HD012217 from Ruessium (Civitas Vellavorum) - Saint-Paulin; transcription: L(ucio) Iul(io) L(uci) f(ilio) Belli/co h(oc) m(onumentum) h(eredem) n(on) / s(equetur),available,101,,medium,"Source: Epigraphic Database Heidelberg (https://edh.ub.uni-heidelberg.de), inscription HD012217, retrieved 2026-10-04; inscription type: titulus sepulcralis (EDH genre 'titsep'); province: Aquitania (EDH code Aqu); EDH dating: not before 101 CE, not after 200 CE (99-year window); astronomical start_year 101. Data licence CC BY-SA 4.0."
edh:hd012319,work,Honorific inscription from Dupnica,,Latin honorific inscription; EDH HD012319 from Dupnica; monument type: Statuenbasis; transcription: Imp(eratori) Caes(ari) // M(arco) [Aur(elio)] Severo / [Alexandr]o P(io) F[el(ici)] / Au[g(usto)] coh(ors) II Luc(ensium...,available,222,,high,"Source: Epigraphic Database Heidelberg (https://edh.ub.uni-heidelberg.de), inscription HD012319, retrieved 2026-10-04; inscription type: titulus honorarius (EDH genre 'tithon'); province: Thracia (EDH code Thr); EDH dating: not before 222 CE, not after 235 CE (13-year window); astronomical start_year 222. Data licence CC BY-SA 4.0."
edh:hd012343,work,"Inscription from Podandus, bei - Pozantı, bei",,"GL inscription; EDH HD012343 from Podandus, bei - Pozantı, bei; transcription: [Imp(erator) Caes(ar)] / [M(arcus) Aurelius Severus Antoninus] / [Pius Fe]lix {C} A[ugustus Parth(icus) max(imus)] / [Br...",available,216,,high,"Source: Epigraphic Database Heidelberg (https://edh.ub.uni-heidelberg.de), inscription HD012343, retrieved 2026-10-04; inscription type not recorded in EDH (genre code 'empty'); province: Cappadocia (EDH code Cap); EDH dating: not before 216 CE, not after 217 CE (1-year window); astronomical start_year 216. Data licence CC BY-SA 4.0."
edh:hd012345,work,"Votive inscription from Aquincum, bei - Budapest",,"Latin votive inscription; EDH HD012345 from Aquincum, bei - Budapest; monument type: Altar; material: Kalkstein; transcription: I(ovi) O(ptimo) M(aximo) / Iunoni Re/g[in]ae Nep/[t]uno Silv/[an]o M(arcus) U[lpiu]s / Silvanus / s(ignifer) leg(ionis) ...",available,201,,medium,"Source: Epigraphic Database Heidelberg (https://edh.ub.uni-heidelberg.de), inscription HD012345, retrieved 2026-10-04; inscription type: titulus votivus (EDH genre 'titsac'); province: Barbaricum (EDH code Bar); EDH dating: not before 201 CE, not after 250 CE (49-year window); astronomical start_year 201. Data licence CC BY-SA 4.0."
edh:hd012346,work,"Building/dedicatory inscription from Akçatekir, bei",,"GL building/dedicatory inscription; EDH HD012346 from Akçatekir, bei; monument type: Fels; transcription: Imp(erator) Caesar Marcus Au/relius [[Antoninus Pi]]us / Felix Invictus Augu/stus montibus caesi[s] / viam latiorem feci...",available,216,,high,"Source: Epigraphic Database Heidelberg (https://edh.ub.uni-heidelberg.de), inscription HD012346, retrieved 2026-10-04; inscription type: titulus dedicatorius (EDH genre 'titoppubpriv'); province: Cappadocia (EDH code Cap); EDH dating: not before 216 CE, not after 217 CE (1-year window); astronomical start_year 216. Data licence CC BY-SA 4.0."
edh:hd012418,work,Inscription from Nicopolis - Alexandria,,Latin inscription; EDH HD012418 from Nicopolis - Alexandria; transcription: [Imp(eratori) Caesari] / [T(ito) Aeli]o H[adriano] / [Ant]onino Aug(usto) Pio / [p]ontifici maximo / tribun(icia) potest...,available,156,,high,"Source: Epigraphic Database Heidelberg (https://edh.ub.uni-heidelberg.de), inscription HD012418, retrieved 2026-10-04; inscription type not recorded in EDH (genre code 'empty'); province: Aegyptus (EDH code Aeg); EDH dating: not before 156 CE, not after 157 CE (1-year window); astronomical start_year 156. Data licence CC BY-SA 4.0."
edh:hd012650,work,Owner/artist inscription from Mušov,,Latin owner/artist inscription; EDH HD012650 from Mušov; monument type: Ziegel; material: Ton; transcription: Leg(io) X g(emina) p(ia) f(idelis),available,151,,medium,"Source: Epigraphic Database Heidelberg (https://edh.ub.uni-heidelberg.de), inscription HD012650, retrieved 2026-10-04; inscription type: titulus possessorius/fabrilis (EDH genre 'titpossfabr'); province: Barbaricum (EDH code Bar); EDH dating: not before 151 CE, not after 200 CE (49-year window); astronomical start_year 151. Data licence CC BY-SA 4.0."
edh:hd012651,work,Epitaph from Perinthus - Marmara Ereğlisi,,Latin epitaph; EDH HD012651 from Perinthus - Marmara Ereğlisi; monument type: Stele; material: Marmor; transcription: D(is) M(anibus) // [Iul(ius) Fi]rminianus mi(les) le(gionis) I ad(i)u<t=I>(ricis)#ad(i)u<t>(ricis)#ADUI / [coh(ortis) VI...,available,193,,high,"Source: Epigraphic Database Heidelberg (https://edh.ub.uni-heidelberg.de), inscription HD012651, retrieved 2026-10-04; inscription type: titulus sepulcralis (EDH genre 'titsep'); province: Thracia (EDH code Thr); EDH dating: not before 193 CE, not after 196 CE (3-year window); astronomical start_year 193. Data licence CC BY-SA 4.0."
edh:hd012833,work,Epitaph from Perinthus - Marmara Ereğlisi,,GL epitaph; EDH HD012833 from Perinthus - Marmara Ereğlisi; monument type: Relief; material: Marmor; transcription: [Claudia Mac--- sumptibus s]uis peregit quaedam viva quaedam iussit per testamentum [fieri] // Τ(ίτος) Φλάουιος Μικκάλου...,available,71,,medium,"Source: Epigraphic Database Heidelberg (https://edh.ub.uni-heidelberg.de), inscription HD012833, retrieved 2026-10-04; inscription type: titulus sepulcralis (EDH genre 'titsep'); province: Thracia (EDH code Thr); EDH dating: not before 71 CE, not after 100 CE (29-year window); astronomical start_year 71. Data licence CC BY-SA 4.0."
edh:hd012836,work,"Votive inscription from Buthrotum - Ksamil, bei",,"Latin votive inscription; EDH HD012836 from Buthrotum - Ksamil, bei; monument type: Cippus; material: Kalkstein; transcription: A(ulus) Granius [[---]] / mag(ister) vici / Lar(ibus) vic(i) sacr(um)",available,-6,,medium,"Source: Epigraphic Database Heidelberg (https://edh.ub.uni-heidelberg.de), inscription HD012836, retrieved 2026-10-04; inscription type: titulus votivus (EDH genre 'titsac'); province: Epirus (EDH code Epi); EDH dating: not before 7 BCE, not after 14 CE (21-year window); astronomical start_year -6. Data licence CC BY-SA 4.0."
edh:hd012860,work,Mile-/Leaguestone from Apollonia Galatiae - Uloborlu,,GL mile-/leaguestone; EDH HD012860 from Apollonia Galatiae - Uloborlu; monument type: Meilenstein; transcription: Dd(ominis) nn(ostris) / Fl(avio) Val(erio) Constantino / [[et Val(erio) Liciniano]] / [[Licinio PP(iis) FF(elicibus)]] [...,available,317,,high,"Source: Epigraphic Database Heidelberg (https://edh.ub.uni-heidelberg.de), inscription HD012860, retrieved 2026-10-04; inscription type: miliarium (EDH genre 'miliarium'); province: Galatia (EDH code Gal); EDH dating: not before 317 CE, not after 324 CE (7-year window); astronomical start_year 317. Data licence CC BY-SA 4.0."
edh:hd012893,work,Honorific inscription from Caesarea Maritima - Har Qesari,,Latin honorific inscription; EDH HD012893 from Caesarea Maritima - Har Qesari; monument type: Statuenbasis; transcription: AI(?)I(?)[[[--- c(larissimo)] v(iro)]] / leg(ato) A[[[ug(usti) pro praet(ore)] provinc(iae) Syr(iae)]] / Pal(aestinae) [...,available,171,,medium,"Source: Epigraphic Database Heidelberg (https://edh.ub.uni-heidelberg.de), inscription HD012893, retrieved 2026-10-04; inscription type: titulus honorarius (EDH genre 'tithon'); province: Iudaea (EDH code Iud); EDH dating: not before 171 CE, not after 300 CE (129-year window); astronomical start_year 171. Data licence CC BY-SA 4.0. Caveats: wide EDH dating window (129 years)."
edh:hd012908,work,Inscription from Qasr el-Azraq,,Latin inscription; EDH HD012908 from Qasr el-Azraq; transcription: Im(perator) Caes(ar) L(ucius) Septim(ius) / [Se]verus Pius Pert(inax) / Aug(ustus) Arab(icus) Adiabe(nicus) Par/th(icus)...,available,208,,high,"Source: Epigraphic Database Heidelberg (https://edh.ub.uni-heidelberg.de), inscription HD012908, retrieved 2026-10-04; inscription type not recorded in EDH (genre code 'empty'); province: Arabia (EDH code Ara); EDH dating: not before 208 CE, not after 209 CE (1-year window); astronomical start_year 208. Data licence CC BY-SA 4.0."
edh:hd012926,work,Inscription from Fayoum,,Latin inscription; EDH HD012926 from Fayoum; transcription: Pro salute Im[p(eratorum)] / Caesar(um) M(arco) Aurel(io) Antonino / et L(ucio) Aurel(io) Vero Aug(ustis) d(ominis) n(os...,available,161,,high,"Source: Epigraphic Database Heidelberg (https://edh.ub.uni-heidelberg.de), inscription HD012926, retrieved 2026-10-04; inscription type not recorded in EDH (genre code 'empty'); province: Aegyptus (EDH code Aeg); EDH dating: not before 161 CE, not after 162 CE (1-year window); astronomical start_year 161. Data licence CC BY-SA 4.0."
edh:hd012929,work,Inscription from Thebes - Luxor,,Latin inscription; EDH HD012929 from Thebes - Luxor; transcription: $]ustis Felix [---] / [---] Priminia legio / [--- C]onstantiano / [---] (tres) (quattuor) Augg(ustorum),available,-29,,medium,"Source: Epigraphic Database Heidelberg (https://edh.ub.uni-heidelberg.de), inscription HD012929, retrieved 2026-10-04; inscription type not recorded in EDH (genre code 'empty'); province: Aegyptus (EDH code Aeg); EDH dating: not before 30 BCE, not after 284 CE (314-year window); astronomical start_year -29. Data licence CC BY-SA 4.0. Caveats: wide EDH dating window (314 years)."
edh:hd012932,work,Inscription from Thebes - Luxor,,Latin inscription; EDH HD012932 from Thebes - Luxor; transcription: $ Ant]onino Aug(usto) [---] / [--- Ca]esari [---] / [---] maximo [---] / [---]ne Ca[&,available,-29,,medium,"Source: Epigraphic Database Heidelberg (https://edh.ub.uni-heidelberg.de), inscription HD012932, retrieved 2026-10-04; inscription type not recorded in EDH (genre code 'empty'); province: Aegyptus (EDH code Aeg); EDH dating: not before 30 BCE, not after 284 CE (314-year window); astronomical start_year -29. Data licence CC BY-SA 4.0. Caveats: wide EDH dating window (314 years)."
edh:hd012938,work,Inscription from Claudianus mons,,Latin inscription; EDH HD012938 from Claudianus mons; transcription: An(no) XII Imp(eratore) Nerva Traiano / Caesare Aug(usto) Germanico / Dacico / per Sulpicium Similem / praef(ectum) Aegy...,available,108,,high,"Source: Epigraphic Database Heidelberg (https://edh.ub.uni-heidelberg.de), inscription HD012938, retrieved 2026-10-04; inscription type not recorded in EDH (genre code 'empty'); province: Aegyptus (EDH code Aeg); EDH dating: not before 108 CE, not after 109 CE (1-year window); astronomical start_year 108. Data licence CC BY-SA 4.0."
edh:hd013144,work,Inscription from Mesembria - Nesebâr,,Latin inscription; EDH HD013144 from Mesembria - Nesebâr; monument type: Tafel; transcription: $] / [---] exsolver[---] / [---] vestro N(?)[---] / [---] etiam cum [---] / [---]I(?)I(?)TVM MOD[---] / [---]I(?)TERINDV...,available,201,,medium,"Source: Epigraphic Database Heidelberg (https://edh.ub.uni-heidelberg.de), inscription HD013144, retrieved 2026-10-04; inscription type not recorded in EDH (genre code 'empty'); province: Thracia (EDH code Thr); EDH dating: not before 201 CE, not after 300 CE (99-year window); astronomical start_year 201. Data licence CC BY-SA 4.0."
edh:hd013178,work,Building/dedicatory inscription from Volubilis - Moulay Idriss,,"Latin building/dedicatory inscription; EDH HD013178 from Volubilis - Moulay Idriss; monument type: Tafel; material: Marmor, geädert / farbig; transcription: Imp(erator) Caes(ar) M(arcus) Antonius / Gordianus Pius Felix Invictus / Augustus domum cum balineo /vetustate conlapsam...",available,238,,high,"Source: Epigraphic Database Heidelberg (https://edh.ub.uni-heidelberg.de), inscription HD013178, retrieved 2026-10-04; inscription type: titulus dedicatorius (EDH genre 'titoppubpriv'); province: Mauretania Tingitana (EDH code MaT); EDH dating: not before 238 CE, not after 241 CE (3-year window); astronomical start_year 238. Data licence CC BY-SA 4.0."
edh:hd013199,work,Votive inscription from Volubilis - Moulay Idriss,,Latin votive inscription; EDH HD013199 from Volubilis - Moulay Idriss; monument type: Block; transcription: I(ovi) [O(ptimo) M(aximo)] / [cet]erisq[u]e diis deabusque / im[mortalibus pro salute et] / [i]ncolumi[tate e]t victoria...,available,239,,high,"Source: Epigraphic Database Heidelberg (https://edh.ub.uni-heidelberg.de), inscription HD013199, retrieved 2026-10-04; inscription type: titulus votivus (EDH genre 'titsac'); province: Mauretania Tingitana (EDH code MaT); EDH dating: not before 239 CE, not after 241 CE (2-year window); astronomical start_year 239. Data licence CC BY-SA 4.0."
edh:hd013597,work,Honorific inscription from Axima (Forum Claudii Ceutronum) - Aime-en-Tarentaise,,Latin honorific inscription; EDH HD013597 from Axima (Forum Claudii Ceutronum) - Aime-en-Tarentaise; monument type: Tafel; material: Tuff; transcription: Imp(eratori) Caesari / Divi f(ilio) Aug(usto) pont(ifici) / max(imo) trib(unicia) pot(estate) XXV,available,2,,high,"Source: Epigraphic Database Heidelberg (https://edh.ub.uni-heidelberg.de), inscription HD013597, retrieved 2026-10-04; inscription type: titulus honorarius (EDH genre 'tithon'); province: Alpes Graiae (EDH code AlG); EDH dating: not before 2 CE, not after 3 CE (1-year window); astronomical start_year 2. Data licence CC BY-SA 4.0."
edh:hd013635,work,Votive inscription from Octodurus Varagrorum (Forum Claudii Vallensium) - Martigny,,Latin votive inscription; EDH HD013635 from Octodurus Varagrorum (Forum Claudii Vallensium) - Martigny; monument type: Tessera; material: Bronze; transcription: Flore/ia Prima / v(otum) s(olvit) l(ibens) [m(erito)],available,41,,medium,"Source: Epigraphic Database Heidelberg (https://edh.ub.uni-heidelberg.de), inscription HD013635, retrieved 2026-10-04; inscription type: titulus votivus (EDH genre 'titsac'); province: Alpes Poeninae (EDH code AlP); EDH dating: not before 41 CE, not after 300 CE (259-year window); astronomical start_year 41. Data licence CC BY-SA 4.0. Caveats: wide EDH dating window (259 years)."
edh:hd013638,work,"Votive inscription from S.-Léonard, bei",,"Latin votive inscription; EDH HD013638 from S.-Léonard, bei; material: Quarzit; transcription: Victoriae [d(omini) n(ostri)] / [[[Gallieni Pii Felicis]]] / [Aug(usti) Germ(anici) max(imi) pont(ificis) max(imi)] / [e...",available,253,,high,"Source: Epigraphic Database Heidelberg (https://edh.ub.uni-heidelberg.de), inscription HD013638, retrieved 2026-10-04; inscription type: titulus votivus (EDH genre 'titsac'); province: Alpes Poeninae (EDH code AlP); EDH dating: not before 253 CE, not after 260 CE (7-year window); astronomical start_year 253. Data licence CC BY-SA 4.0."
edh:hd013641,work,Epitaph from Sierre,,Latin epitaph; EDH HD013641 from Sierre; monument type: Stele; material: Gesteine; transcription: C(aio) Cominio C(ai) fil(i)o / IIvir(o) / et Nac[in]a[e] / Bot[tiae] / Cominiu[s] / Clemens / et Comi(n)ia / Curma / par...,available,71,,medium,"Source: Epigraphic Database Heidelberg (https://edh.ub.uni-heidelberg.de), inscription HD013641, retrieved 2026-10-04; inscription type: titulus sepulcralis (EDH genre 'titsep'); province: Alpes Poeninae (EDH code AlP); EDH dating: not before 71 CE, not after 100 CE (29-year window); astronomical start_year 71. Data licence CC BY-SA 4.0."
edh:hd013644,work,Votive inscription from Ardon,,Latin votive inscription; EDH HD013644 from Ardon; monument type: Altar; material: Gesteine; transcription: Iovi O(ptimo) M(aximo) / L(ucius) Condius / Rufus / v(otum) s(olvit) l(ibens) m(erito),available,1,,medium,"Source: Epigraphic Database Heidelberg (https://edh.ub.uni-heidelberg.de), inscription HD013644, retrieved 2026-10-04; inscription type: titulus votivus (EDH genre 'titsac'); province: Alpes Poeninae (EDH code AlP); EDH dating: not before 1 CE, not after 300 CE (299-year window); astronomical start_year 1. Data licence CC BY-SA 4.0. Caveats: wide EDH dating window (299 years)."
edh:hd014100,work,"Epitaph from Buthrotum - Ksamil, bei",,"Latin epitaph; EDH HD014100 from Buthrotum - Ksamil, bei; monument type: Stele; material: Kalkstein; transcription: Plaetoriae / Gnome et / Musico f(ilio) / eius / Lycoleo / [--- f(aciendum)] c(uravit)",available,1,,medium,"Source: Epigraphic Database Heidelberg (https://edh.ub.uni-heidelberg.de), inscription HD014100, retrieved 2026-10-04; inscription type: titulus sepulcralis (EDH genre 'titsep'); province: Epirus (EDH code Epi); EDH dating: not before 1 CE, not after 100 CE (99-year window); astronomical start_year 1. Data licence CC BY-SA 4.0."
edh:hd014103,work,"Epitaph from Buthrotum - Ksamil, bei",,"Latin epitaph; EDH HD014103 from Buthrotum - Ksamil, bei; monument type: Tafel; material: Marmor; transcription: Urbana m/ater Titieno / [P]rimigeno / [q(ui) v(ixit) a(nnos)?] VII (h)av[e?]",available,51,,medium,"Source: Epigraphic Database Heidelberg (https://edh.ub.uni-heidelberg.de), inscription HD014103, retrieved 2026-10-04; inscription type: titulus sepulcralis (EDH genre 'titsep'); province: Epirus (EDH code Epi); EDH dating: not before 51 CE, not after 200 CE (149-year window); astronomical start_year 51. Data licence CC BY-SA 4.0. Caveats: wide EDH dating window (149 years)."
edh:hd014106,work,"Epitaph from Buthrotum - Ksamil, bei",,"Latin epitaph; EDH HD014106 from Buthrotum - Ksamil, bei; monument type: Tafel; material: Marmor; transcription: $] / [---]/danae [---] / vixit / annis XXX",available,51,,medium,"Source: Epigraphic Database Heidelberg (https://edh.ub.uni-heidelberg.de), inscription HD014106, retrieved 2026-10-04; inscription type: titulus sepulcralis (EDH genre 'titsep'); province: Epirus (EDH code Epi); EDH dating: not before 51 CE, not after 150 CE (99-year window); astronomical start_year 51. Data licence CC BY-SA 4.0."
edh:hd014109,work,"Epitaph from Buthrotum - Ksamil, bei",,"Latin epitaph; EDH HD014109 from Buthrotum - Ksamil, bei; monument type: Tafel; material: Marmor; transcription: $] / [---]us (?) Phil[---] / [---]rato patrono / [--- feci]t sibi et suis / b(ene) m(erenti)",available,1,,medium,"Source: Epigraphic Database Heidelberg (https://edh.ub.uni-heidelberg.de), inscription HD014109, retrieved 2026-10-04; inscription type: titulus sepulcralis (EDH genre 'titsep?'); genre attribution uncertain in EDH; province: Epirus (EDH code Epi); EDH dating: not before 1 CE, not after 250 CE (249-year window); astronomical start_year 1. Data licence CC BY-SA 4.0. Caveats: wide EDH dating window (249 years)."
edh:hd014112,work,"Epitaph from Buthrotum - Ksamil, bei",,"Latin epitaph; EDH HD014112 from Buthrotum - Ksamil, bei; monument type: Tafel; material: Marmor; transcription: Q(uintus) Caiciliu[s] / Nicostratu[s ---] / [--- q(ui) v(ixit)] ann[os ---] / [&",available,1,,medium,"Source: Epigraphic Database Heidelberg (https://edh.ub.uni-heidelberg.de), inscription HD014112, retrieved 2026-10-04; inscription type: titulus sepulcralis (EDH genre 'titsep'); province: Epirus (EDH code Epi); EDH dating: not before 1 CE, not after 150 CE (149-year window); astronomical start_year 1. Data licence CC BY-SA 4.0. Caveats: wide EDH dating window (149 years)."
edh:hd014662,work,Inscription from Aleria - Aléria,,Latin inscription; EDH HD014662 from Aleria - Aléria; monument type: Tafel; transcription: [Imp(erator) Caes(ar)] divi Nervae / [nepos di]vi Traiani / [Parthi]ci filius / [Traianu]s Hadrianus / [Aug(ustus) pon]t...,available,124,,high,"Source: Epigraphic Database Heidelberg (https://edh.ub.uni-heidelberg.de), inscription HD014662, retrieved 2026-10-04; inscription type not recorded in EDH (genre code 'empty'); province: Corsica (EDH code Cor); EDH dating: not before 124 CE, not after 125 CE (1-year window); astronomical start_year 124. Data licence CC BY-SA 4.0."
edh:hd014687,work,Epitaph from Gorna Malina,,Latin epitaph; EDH HD014687 from Gorna Malina; monument type: Stele; transcription: D(is) M(anibus) // Hic / ego ia/cio(!) infelix no/mine (A)elia / Claudia domi/ni adcubitae ge/[n]ita vixi an(nos) decem ...,available,201,,medium,"Source: Epigraphic Database Heidelberg (https://edh.ub.uni-heidelberg.de), inscription HD014687, retrieved 2026-10-04; inscription type: titulus sepulcralis (EDH genre 'titsep'); province: Thracia (EDH code Thr); EDH dating: not before 201 CE, not after 350 CE (149-year window); astronomical start_year 201. Data licence CC BY-SA 4.0. Caveats: wide EDH dating window (149 years)."
edh:hd015028,work,Epitaph from Photike - Paramythía,,Latin epitaph; EDH HD015028 from Photike - Paramythía; transcription: $] Memmi / [---]NA[---]onis et / [---] Ill[aria]e Nicomedeae / [f(ilia?) ---]A / [--- vix(it?) a]nn(os) XXXX / [---] Tro...,available,101,,medium,"Source: Epigraphic Database Heidelberg (https://edh.ub.uni-heidelberg.de), inscription HD015028, retrieved 2026-10-04; inscription type: titulus sepulcralis (EDH genre 'titsep'); province: Epirus (EDH code Epi); EDH dating: not before 101 CE, not after 300 CE (199-year window); astronomical start_year 101. Data licence CC BY-SA 4.0. Caveats: wide EDH dating window (199 years)."
edh:hd015064,work,"Honorific inscription from Antiochia Pisidiae - Yalvaç, bei",,"Latin honorific inscription; EDH HD015064 from Antiochia Pisidiae - Yalvaç, bei; monument type: Statuenbasis; transcription: $](?) / omnip[ote]nti prin/cipi florentissimo / Augusto victorio/sissimo imperatori / domitori gentium / barbararum rest...",available,305,,high,"Source: Epigraphic Database Heidelberg (https://edh.ub.uni-heidelberg.de), inscription HD015064, retrieved 2026-10-04; inscription type: titulus honorarius (EDH genre 'tithon'); province: Galatia (EDH code Gal); EDH dating: not before 305 CE, not after 311 CE (6-year window); astronomical start_year 305. Data licence CC BY-SA 4.0."
edh:hd015067,work,"Votive inscription from Antiochia Pisidiae - Yalvaç, bei",,"Latin votive inscription; EDH HD015067 from Antiochia Pisidiae - Yalvaç, bei; monument type: Altar; transcription: Pietati / Augustorum / nostrorum / Val(erius) Diogenes v(ir) p(erfectissimus) / [pr]aes(es) provin(ciae) Pisid(iae)",available,310,,high,"Source: Epigraphic Database Heidelberg (https://edh.ub.uni-heidelberg.de), inscription HD015067, retrieved 2026-10-04; inscription type: titulus votivus (EDH genre 'titsac'); province: Galatia (EDH code Gal); EDH dating: not before 310 CE, not after 311 CE (1-year window); astronomical start_year 310. Data licence CC BY-SA 4.0."
edh:hd015073,work,Votive inscription from Aberepi - Moussawwarat es-Sofra,,Latin votive inscription; EDH HD015073 from Aberepi - Moussawwarat es-Sofra; transcription: Bona Fortun[a] dominae / reginae in multos an/nos feliciter venit / (a)b Vrbe mense Apr(ili) / die XV [et? v?]idit Acu/t...,available,201,,medium,"Source: Epigraphic Database Heidelberg (https://edh.ub.uni-heidelberg.de), inscription HD015073, retrieved 2026-10-04; inscription type: titulus votivus (EDH genre 'titsac'); province: Aegyptus (EDH code Aeg); EDH dating: not before 201 CE, not after 400 CE (199-year window); astronomical start_year 201. Data licence CC BY-SA 4.0. Caveats: wide EDH dating window (199 years)."
edh:hd015146,work,Identification inscription from (Civitas A[---]) - Medoudja,,Latin identification inscription; EDH HD015146 from (Civitas A[---]) - Medoudja; monument type: Architekturteil; transcription: Intus aqu(a)e dulces biboque(!) sedilia saxa Nimfarum(!) qu(a)e Florenti fundata labore s(unt?) de donis D(ei),available,501,,medium,"Source: Epigraphic Database Heidelberg (https://edh.ub.uni-heidelberg.de), inscription HD015146, retrieved 2026-10-04; inscription type: nota (EDH genre 'nota'); province: unknown province code 'Afr?' (EDH code Afr?); EDH dating: not before 501 CE, not after 600 CE (99-year window); astronomical start_year 501. Data licence CC BY-SA 4.0."
edh:hd015189,work,Building/dedicatory inscription from Catina - Catania,,Latin building/dedicatory inscription; EDH HD015189 from Catina - Catania; monument type: Tafel; transcription: [Imp(erator) Caes(ar) M]arcu[s Aurelius Antoninus] / [Pius Aug]ustus [et L(ucius) Aurelius Verus] / [&,available,161,,high,"Source: Epigraphic Database Heidelberg (https://edh.ub.uni-heidelberg.de), inscription HD015189, retrieved 2026-10-04; inscription type: titulus dedicatorius (EDH genre 'titoppubpriv?'); genre attribution uncertain in EDH; province: Sicilia, Melita (EDH code Sic); EDH dating: not before 161 CE, not after 180 CE (19-year window); astronomical start_year 161. Data licence CC BY-SA 4.0."
edh:hd015559,work,"Inscription from Podandus, bei - Pozantı, bei",,"GL inscription; EDH HD015559 from Podandus, bei - Pozantı, bei; transcription: Imp(eratori) Caes(ari) div[i] / Severi Pii nepoti / divi Antonini / Magni Pii filio / Marco Aurelio / Severo [[Alexandro...",available,230,,high,"Source: Epigraphic Database Heidelberg (https://edh.ub.uni-heidelberg.de), inscription HD015559, retrieved 2026-10-04; inscription type not recorded in EDH (genre code 'empty'); province: Cappadocia (EDH code Cap); EDH dating: not before 230 CE, not after 231 CE (1-year window); astronomical start_year 230. Data licence CC BY-SA 4.0."
edh:hd015568,work,Epitaph from Debrecen,,Latin epitaph; EDH HD015568 from Debrecen; monument type: Sarkophag; transcription: Aelia Concordia / quae vixit ann(is) XVII / mensibus VIII dies(!) VII / Ael(ius) Victorinus vet(eranus) / leg(ionis) II ...,available,131,,medium,"Source: Epigraphic Database Heidelberg (https://edh.ub.uni-heidelberg.de), inscription HD015568, retrieved 2026-10-04; inscription type: titulus sepulcralis (EDH genre 'titsep'); province: Barbaricum (EDH code Bar); EDH dating: not before 131 CE, not after 250 CE (119-year window); astronomical start_year 131. Data licence CC BY-SA 4.0. Caveats: wide EDH dating window (119 years)."
edh:hd015661,work,Epitaph from Rosenheim,,Latin epitaph; EDH HD015661 from Rosenheim; material: Kalkstein; transcription: D(is) M(anibus) / L(uci) Val(eri) Umbri/[a]ni(?) I(?)[--]TE(?)[---] / [&,available,101,,medium,"Source: Epigraphic Database Heidelberg (https://edh.ub.uni-heidelberg.de), inscription HD015661, retrieved 2026-10-04; inscription type: titulus sepulcralis (EDH genre 'titsep'); province: unknown province code 'Rae?' (EDH code Rae?); EDH dating: not before 101 CE, not after 300 CE (199-year window); astronomical start_year 101. Data licence CC BY-SA 4.0. Caveats: wide EDH dating window (199 years)."
edh:hd015667,work,"Inscription from Samothracia, insula - Samothráki, Insel",,"Latin inscription; EDH HD015667 from Samothracia, insula - Samothráki, Insel; monument type: Tafel; transcription: $]ns invicta fugatast [---] / [---]muit scaelum moenia C[---] / [---] victor genitor LAV[---] / [---]os viginti nondum e...",available,-150,,medium,"Source: Epigraphic Database Heidelberg (https://edh.ub.uni-heidelberg.de), inscription HD015667, retrieved 2026-10-04; inscription type not recorded in EDH (genre code 'empty'); province: Thracia (EDH code Thr); EDH dating: not before 151 BCE, not after 30 BCE (121-year window); astronomical start_year -150. Data licence CC BY-SA 4.0. Caveats: wide EDH dating window (121 years)."
edh:hd016033,work,Building/dedicatory inscription from Caesarea Maritima - Har Qesari,,Latin building/dedicatory inscription; EDH HD016033 from Caesarea Maritima - Har Qesari; monument type: Block; material: Kalkstein; transcription: Imp(eratori) Traiano / Hadriano Aug(usto) / vexillatio / leg(ionis) X fret(ensis),available,117,,medium,"Source: Epigraphic Database Heidelberg (https://edh.ub.uni-heidelberg.de), inscription HD016033, retrieved 2026-10-04; inscription type: titulus dedicatorius (EDH genre 'titoppubpriv'); province: Iudaea (EDH code Iud); EDH dating: not before 117 CE, not after 138 CE (21-year window); astronomical start_year 117. Data licence CC BY-SA 4.0."
edh:hd016208,work,Votive inscription from Cabyle - Jambol,,Latin votive inscription; EDH HD016208 from Cabyle - Jambol; monument type: Altar; transcription: I(ovi) O(ptimo) M(aximo) / Cl(audius) Lupus praef(ectus) / coh(ortis) II Luc(ensium) locum / consecravit qui / et castr(...,available,135,,high,"Source: Epigraphic Database Heidelberg (https://edh.ub.uni-heidelberg.de), inscription HD016208, retrieved 2026-10-04; inscription type: titulus votivus (EDH genre 'titsac'); province: Thracia (EDH code Thr); EDH dating: not before 135 CE, not after 136 CE (1-year window); astronomical start_year 135. Data licence CC BY-SA 4.0."
edh:hd016319,work,"List from Samothracia, insula? - Samothráki, Insel?",,"Latin list; EDH HD016319 from Samothracia, insula? - Samothráki, Insel?; monument type: Tafel; material: Marmor; transcription: $](?) / [---]I(?)[---] / [--- Au?]fideius H[---] / [--- P]ompo[nius ---] / [---]P(?)[---] / [&",available,-29,,medium,"Source: Epigraphic Database Heidelberg (https://edh.ub.uni-heidelberg.de), inscription HD016319, retrieved 2026-10-04; inscription type: index (EDH genre 'indexlaterc?'); genre attribution uncertain in EDH; province: Thracia (EDH code Thr); EDH dating: not before 30 BCE, not after 30 CE (60-year window); astronomical start_year -29. Data licence CC BY-SA 4.0."
edh:hd016424,work,Mile-/Leaguestone from Goricë,,Latin mile-/leaguestone; EDH HD016424 from Goricë; monument type: Meilenstein; material: Kalkstein; transcription: Imp(erator) Caes(ari) Gal(erio) Val(erio) / Severo inv(icto) Aug(usto) / cons(uli) V p(atri) p(atriae) procons(uli),available,305,,high,"Source: Epigraphic Database Heidelberg (https://edh.ub.uni-heidelberg.de), inscription HD016424, retrieved 2026-10-04; inscription type: miliarium (EDH genre 'miliarium'); province: Epirus (EDH code Epi); EDH dating: not before 305 CE, not after 307 CE (2-year window); astronomical start_year 305. Data licence CC BY-SA 4.0."
edh:hd016451,work,Building/dedicatory inscription from Ephesus,,Latin building/dedicatory inscription; EDH HD016451 from Ephesus; transcription: C(aio) Sextilio P(ubli) f(ilio) Vot(uria) Pollioni / C(aius) Ofillius A(uli) f(ilius) Cor(nelia) Proculus patri [loco] /...,available,4,,high,"Source: Epigraphic Database Heidelberg (https://edh.ub.uni-heidelberg.de), inscription HD016451, retrieved 2026-10-04; inscription type: titulus dedicatorius (EDH genre 'titoppubpriv'); province: Asia (EDH code Asi); EDH dating: not before 4 CE, not after 14 CE (10-year window); astronomical start_year 4. Data licence CC BY-SA 4.0."
edh:hd016472,work,Boundary inscription from Mopsuestia - Yakapınar,,Latin boundary inscription; EDH HD016472 from Mopsuestia - Yakapınar; transcription: $ P(ublio) Nonio] / Asprenate C[---]/ano leg(ato) pro pr(aetore) / provinciae Cili/ciae in re praesen/ti fines inter / M...,available,72,,medium,"Source: Epigraphic Database Heidelberg (https://edh.ub.uni-heidelberg.de), inscription HD016472, retrieved 2026-10-04; inscription type: terminus (EDH genre 'titterm'); province: Cilicia (EDH code Cil); EDH dating: not before 72 CE, not after 100 CE (28-year window); astronomical start_year 72. Data licence CC BY-SA 4.0."
edh:hd016692,work,Epitaph from Clusium - Chiusi,,Latin epitaph; EDH HD016692 from Clusium - Chiusi; monument type: Urne; transcription: Sex(ti) Titi Stellini,available,-99,,medium,"Source: Epigraphic Database Heidelberg (https://edh.ub.uni-heidelberg.de), inscription HD016692, retrieved 2026-10-04; inscription type: titulus sepulcralis (EDH genre 'titsep'); province: unknown province code 'TuU' (EDH code TuU); EDH dating: not before 100 BCE, not after 51 BCE (49-year window); astronomical start_year -99. Data licence CC BY-SA 4.0."
edh:hd016787,work,Owner/artist inscription from Thamusida - Sidi Ali ben Ahmed,,Latin owner/artist inscription; EDH HD016787 from Thamusida - Sidi Ali ben Ahmed; monument type: instrdom; material: Bronze; transcription: [Aquis Hel(veticis) Ge]mellianus,available,101,,medium,"Source: Epigraphic Database Heidelberg (https://edh.ub.uni-heidelberg.de), inscription HD016787, retrieved 2026-10-04; inscription type: titulus possessorius/fabrilis (EDH genre 'titpossfabr'); province: Mauretania Tingitana (EDH code MaT); EDH dating: not before 101 CE, not after 200 CE (99-year window); astronomical start_year 101. Data licence CC BY-SA 4.0."
edh:hd016912,work,Honorific inscription from Caesarea Maritima - Har Qesari,,"Latin honorific inscription; EDH HD016912 from Caesarea Maritima - Har Qesari; monument type: Tafel; material: Marmor, geädert / farbig; transcription: $ leg(ato) Aug(usti) pr(o) pr(aetore) prov(inciae) Th]rac(iae) leg(ato) Aug(usti) L(?)[eg(ionis)? ---] / [--- trib(uno) ...",available,171,,medium,"Source: Epigraphic Database Heidelberg (https://edh.ub.uni-heidelberg.de), inscription HD016912, retrieved 2026-10-04; inscription type: titulus honorarius (EDH genre 'tithon'); province: Iudaea (EDH code Iud); EDH dating: not before 171 CE, not after 230 CE (59-year window); astronomical start_year 171. Data licence CC BY-SA 4.0."
edh:hd017017,work,Inscription from Burdigala - Bordeaux,,Latin inscription; EDH HD017017 from Burdigala - Bordeaux; transcription: M(arco) Se(---) Amabili scu(lptori) // Amandus fr(ater) curav(it),available,151,,medium,"Source: Epigraphic Database Heidelberg (https://edh.ub.uni-heidelberg.de), inscription HD017017, retrieved 2026-10-04; inscription type not recorded in EDH (genre code 'empty'); province: Aquitania (EDH code Aqu); EDH dating: not before 151 CE, not after 180 CE (29-year window); astronomical start_year 151. Data licence CC BY-SA 4.0."
edh:hd017044,work,"Honorific inscription from Syedra - Demirtaş - Kargıcak, zwischen",,"GL honorific inscription; EDH HD017044 from Syedra - Demirtaş - Kargıcak, zwischen; monument type: Statuenbasis; transcription: [C(aio)] (H)erennio Maxim[o] / veterano leg(ionis) V / Macedonicae / [s]acerdoti Ca[e]/[s]aris civitas [Sy]/ed[r]en[s]iu...",available,1,,medium,"Source: Epigraphic Database Heidelberg (https://edh.ub.uni-heidelberg.de), inscription HD017044, retrieved 2026-10-04; inscription type: titulus honorarius (EDH genre 'tithon'); province: Cilicia (EDH code Cil); EDH dating: not before 1 CE, not after 130 CE (129-year window); astronomical start_year 1. Data licence CC BY-SA 4.0. Caveats: wide EDH dating window (129 years)."
edh:hd017239,work,Boundary inscription from Straldža,,Latin boundary inscription; EDH HD017239 from Straldža; monument type: Tafel; transcription: [Ex auc]tor[ita]/[te C]l(audi) Cen[s]/[or]ini pro/[c(uratoris)] Aug(usti) et aes(timatione?) / [iuris] agrorum / [B]laes...,available,184,,high,"Source: Epigraphic Database Heidelberg (https://edh.ub.uni-heidelberg.de), inscription HD017239, retrieved 2026-10-04; inscription type: terminus (EDH genre 'titterm'); province: Thracia (EDH code Thr); EDH dating: not before 184 CE, not after 185 CE (1-year window); astronomical start_year 184. Data licence CC BY-SA 4.0."
edh:hd017242,work,Boundary inscription from Karnobat,,Latin boundary inscription; EDH HD017242 from Karnobat; monument type: Tafel; transcription: Ex auctor[ita]/te Cl(audi) Cen[s]or[i]/ni proc(uratoris) A[u]g(usti) et / aes(timatione?) iur[is] agr/orum B[l]aes(ianor...,available,184,,high,"Source: Epigraphic Database Heidelberg (https://edh.ub.uni-heidelberg.de), inscription HD017242, retrieved 2026-10-04; inscription type: terminus (EDH genre 'titterm'); province: Thracia (EDH code Thr); EDH dating: not before 184 CE, not after 185 CE (1-year window); astronomical start_year 184. Data licence CC BY-SA 4.0."
edh:hd017537,work,Epitaph from Nova Zagora,,Latin epitaph; EDH HD017537 from Nova Zagora; transcription: Fl(avia) Leontia [filia ---] / et Dom(i)nic(a)e annor[um ---] / qui(!) per maleficia de s(a)eco[lo! obiit] / Fl(avius) C...,available,301,,medium,"Source: Epigraphic Database Heidelberg (https://edh.ub.uni-heidelberg.de), inscription HD017537, retrieved 2026-10-04; inscription type: titulus sepulcralis (EDH genre 'titsep'); province: Thracia (EDH code Thr); EDH dating: not before 301 CE, not after 500 CE (199-year window); astronomical start_year 301. Data licence CC BY-SA 4.0. Caveats: wide EDH dating window (199 years)."
edh:hd017687,work,Honorific inscription from Anazarbus - Dilekkaya,,Latin honorific inscription; EDH HD017687 from Anazarbus - Dilekkaya; transcription: Principi iuv/entutis domino / nostro Flavi[o] / [Val]erio / Severo no/bilissimo ac / baeatissimo(!) / Caesari,available,305,,high,"Source: Epigraphic Database Heidelberg (https://edh.ub.uni-heidelberg.de), inscription HD017687, retrieved 2026-10-04; inscription type: titulus honorarius (EDH genre 'tithon'); province: Cilicia (EDH code Cil); EDH dating: not before 305 CE, not after 306 CE (1-year window); astronomical start_year 305. Data licence CC BY-SA 4.0."
edh:hd017802,work,Epitaph from Sierre,,Latin epitaph; EDH HD017802 from Sierre; monument type: Altar; material: Gesteine; transcription: [---] et me[moriae] / V[in]eliae / Modestinae / cl[a]rissimae / f[em]inae / a[nn]orum / [---] pientis(simae) / et perfec...,available,201,,medium,"Source: Epigraphic Database Heidelberg (https://edh.ub.uni-heidelberg.de), inscription HD017802, retrieved 2026-10-04; inscription type: titulus sepulcralis (EDH genre 'titsep'); province: Alpes Poeninae (EDH code AlP); EDH dating: not before 201 CE, not after 300 CE (99-year window); astronomical start_year 201. Data licence CC BY-SA 4.0."
edh:hd017883,work,Inscription from Alexandria - Alexandria,,Latin inscription; EDH HD017883 from Alexandria - Alexandria; transcription: Imper[atori Caesari] / M(arco) Aur[elio Severo Antonino] / Aug(usto) Felici Parth[ico maximo] / Britannico maximo [Germa...,available,213,,high,"Source: Epigraphic Database Heidelberg (https://edh.ub.uni-heidelberg.de), inscription HD017883, retrieved 2026-10-04; inscription type not recorded in EDH (genre code 'empty'); province: Aegyptus (EDH code Aeg); EDH dating: not before 213 CE, not after 217 CE (4-year window); astronomical start_year 213. Data licence CC BY-SA 4.0."
edh:hd017922,work,Inscription from Claudianus mons,,Latin inscription; EDH HD017922 from Claudianus mons; transcription: C(aius)(?) Luco/nius eq(ues) / coh(ortis) I Fl(aviae) / Cil(icum) eq(ues) / tur(mae) Scae/vae h(ic) s(itus) / e(st) s(it...,available,100,,medium,"Source: Epigraphic Database Heidelberg (https://edh.ub.uni-heidelberg.de), inscription HD017922, retrieved 2026-10-04; inscription type not recorded in EDH (genre code 'empty'); province: Aegyptus (EDH code Aeg); EDH dating: not before 100 CE, not after 175 CE (75-year window); astronomical start_year 100. Data licence CC BY-SA 4.0."
edh:hd017925,work,Inscription from Wādi Menīh,,Latin inscription; EDH HD017925 from Wādi Menīh; transcription: C(aius) Numidius Eros hic fuit / anno XXIIX Caesaris exs(!) / Ind(i)a red(i)e(n)s menos P(h)amen[oth],available,25,,high,"Source: Epigraphic Database Heidelberg (https://edh.ub.uni-heidelberg.de), inscription HD017925, retrieved 2026-10-04; inscription type not recorded in EDH (genre code 'empty'); province: Aegyptus (EDH code Aeg); EDH dating: not before 25 CE, not after 26 CE (1-year window); astronomical start_year 25. Data licence CC BY-SA 4.0."
edh:hd017928,work,Inscription from Wādi Menīh,,Latin inscription; EDH HD017928 from Wādi Menīh; transcription: Primus Sex(tus) Mevi(us) Celeris |(centuria) leg(ionis) XXII hic fu[tuit?],available,1,,medium,"Source: Epigraphic Database Heidelberg (https://edh.ub.uni-heidelberg.de), inscription HD017928, retrieved 2026-10-04; inscription type not recorded in EDH (genre code 'empty'); province: Aegyptus (EDH code Aeg); EDH dating: not before 1 CE, not after 50 CE (49-year window); astronomical start_year 1. Data licence CC BY-SA 4.0."
edh:hd017931,work,Inscription from Wādi Menīh,,Latin inscription; EDH HD017931 from Wādi Menīh; transcription: Anno IIII[---] / L(ucius) Iulius Ursus [praef(ectus) Aeg(ypti) ---] hoc [---] / loco [hydreuma ampl]iavit et cum esset /...,available,76,,high,"Source: Epigraphic Database Heidelberg (https://edh.ub.uni-heidelberg.de), inscription HD017931, retrieved 2026-10-04; inscription type not recorded in EDH (genre code 'empty'); province: Aegyptus (EDH code Aeg); EDH dating: not before 76 CE, not after 77 CE (1-year window); astronomical start_year 76. Data licence CC BY-SA 4.0."
edh:hd018025,work,Inscription from Straldža,,Latin inscription; EDH HD018025 from Straldža; transcription: $] / [Gal(erio)] Val(erio) Maximia/no nobb(ilissimis) Cae/ss(aribus),available,293,,high,"Source: Epigraphic Database Heidelberg (https://edh.ub.uni-heidelberg.de), inscription HD018025, retrieved 2026-10-04; inscription type not recorded in EDH (genre code 'empty'); province: Thracia (EDH code Thr); EDH dating: not before 293 CE, not after 305 CE (12-year window); astronomical start_year 293. Data licence CC BY-SA 4.0."
edh:hd018028,work,Building/dedicatory inscription from Augusta (Diocletianopolis) - Hisarja,,Latin building/dedicatory inscription; EDH HD018028 from Augusta (Diocletianopolis) - Hisarja; monument type: Tafel; transcription: Imp(erator) Caesar / divi Veri frater / divi Antonini Pii / filius divi Hadri/ani nepos divi Tra/iani pronepos di/vi Ner...,available,175,,high,"Source: Epigraphic Database Heidelberg (https://edh.ub.uni-heidelberg.de), inscription HD018028, retrieved 2026-10-04; inscription type: titulus dedicatorius (EDH genre 'titoppubpriv'); province: Thracia (EDH code Thr); EDH dating: not before 175 CE, not after 180 CE (5-year window); astronomical start_year 175. Data licence CC BY-SA 4.0."
edh:hd018137,work,Boundary inscription from Ptolemais - Tolmeta,,Latin boundary inscription; EDH HD018137 from Ptolemais - Tolmeta; monument type: Cippus; transcription: Iussu Imp(eratoris) Domitiani Cae/saris Aug(usti) Germ(anici) pont(ificis) ma/ximi trib(unicia) pot(estate) VIII p(atris...,available,88,,high,"Source: Epigraphic Database Heidelberg (https://edh.ub.uni-heidelberg.de), inscription HD018137, retrieved 2026-10-04; inscription type: terminus (EDH genre 'titterm'); province: Cyrene (EDH code Cyr); EDH dating: not before 88 CE, not after 89 CE (1-year window); astronomical start_year 88. Data licence CC BY-SA 4.0."
edh:hd018266,work,Epitaph from unknown findspot,,Latin epitaph; EDH HD018266 from unknown findspot; monument type: Tafel; transcription: D(is) M(anibus) / L(ucio) Deccio Gemello / militi classis pr(aetoriae) / Misenensis |(centuria) Sexti/ani vixit an(nis) ...,available,101,,medium,"Source: Epigraphic Database Heidelberg (https://edh.ub.uni-heidelberg.de), inscription HD018266, retrieved 2026-10-04; inscription type: titulus sepulcralis (EDH genre 'titsep'); province: Aegyptus (EDH code Aeg); EDH dating: not before 101 CE, not after 200 CE (99-year window); astronomical start_year 101. Data licence CC BY-SA 4.0."
edh:hd018373,work,Owner/artist inscription from Volubilis - Moulay Idriss,,Latin owner/artist inscription; EDH HD018373 from Volubilis - Moulay Idriss; monument type: instrdom; material: Ton; transcription: Of(ficina) Vitalis,available,41,,medium,"Source: Epigraphic Database Heidelberg (https://edh.ub.uni-heidelberg.de), inscription HD018373, retrieved 2026-10-04; inscription type: titulus possessorius/fabrilis (EDH genre 'titpossfabr'); province: Mauretania Tingitana (EDH code MaT); EDH dating: not before 41 CE, not after 96 CE (55-year window); astronomical start_year 41. Data licence CC BY-SA 4.0."
edh:hd018376,work,Owner/artist inscription from Volubilis - Moulay Idriss,,Latin owner/artist inscription; EDH HD018376 from Volubilis - Moulay Idriss; monument type: instrdom; material: Ton; transcription: Cri[s]/pin[i],available,41,,high,"Source: Epigraphic Database Heidelberg (https://edh.ub.uni-heidelberg.de), inscription HD018376, retrieved 2026-10-04; inscription type: titulus possessorius/fabrilis (EDH genre 'titpossfabr'); province: Mauretania Tingitana (EDH code MaT); EDH dating: not before 41 CE, not after 54 CE (13-year window); astronomical start_year 41. Data licence CC BY-SA 4.0."
edh:hd018388,work,Owner/artist inscription from Volubilis - Moulay Idriss,,Latin owner/artist inscription; EDH HD018388 from Volubilis - Moulay Idriss; monument type: instrdom; material: Ton; transcription: Ex of(ficina) Gav[---],available,101,,medium,"Source: Epigraphic Database Heidelberg (https://edh.ub.uni-heidelberg.de), inscription HD018388, retrieved 2026-10-04; inscription type: titulus possessorius/fabrilis (EDH genre 'titpossfabr'); province: Mauretania Tingitana (EDH code MaT); EDH dating: not before 101 CE, not after 250 CE (149-year window); astronomical start_year 101. Data licence CC BY-SA 4.0. Caveats: wide EDH dating window (149 years)."
edh:hd018461,work,Epitaph from Anazarbus - Dilekkaya,,Latin epitaph; EDH HD018461 from Anazarbus - Dilekkaya; transcription: [D(is)] M(anibus) s(acrum) / Sept(imi) Dizae / mil(itis) leg(ionis) II / Parth(icae) / Sept(imius) Cot/tius heres,available,101,,medium,"Source: Epigraphic Database Heidelberg (https://edh.ub.uni-heidelberg.de), inscription HD018461, retrieved 2026-10-04; inscription type: titulus sepulcralis (EDH genre 'titsep'); province: Cilicia (EDH code Cil); EDH dating: not before 101 CE, not after 300 CE (199-year window); astronomical start_year 101. Data licence CC BY-SA 4.0. Caveats: wide EDH dating window (199 years)."
edh:hd018468,work,Inscription from Akoris - Gebel-el-Tehne,,Latin inscription; EDH HD018468 from Akoris - Gebel-el-Tehne; transcription: Sarapi / C(aius) Ramnius / Cypronianus / centurio / leg(ionis) XXII Deiot(arianae) / v(otum) s(olvit),available,-29,,medium,"Source: Epigraphic Database Heidelberg (https://edh.ub.uni-heidelberg.de), inscription HD018468, retrieved 2026-10-04; inscription type not recorded in EDH (genre code 'empty'); province: Aegyptus (EDH code Aeg); EDH dating: not before 30 BCE, not after 200 CE (230-year window); astronomical start_year -29. Data licence CC BY-SA 4.0. Caveats: wide EDH dating window (230 years)."
edh:hd018470,work,Epitaph from Syracusae - Siracusa,,Latin epitaph; EDH HD018470 from Syracusae - Siracusa; monument type: Tafel; transcription: D(is) M(anibus) s(acrum) / Lollia Irenus(!) / v(ixit) a(nnos) XLIII / L(ucius) Helvius Copria/nus(!) coniugi b(ene) m(er...,available,101,,medium,"Source: Epigraphic Database Heidelberg (https://edh.ub.uni-heidelberg.de), inscription HD018470, retrieved 2026-10-04; inscription type: titulus sepulcralis (EDH genre 'titsep'); province: Sicilia, Melita (EDH code Sic); EDH dating: not before 101 CE, not after 300 CE (199-year window); astronomical start_year 101. Data licence CC BY-SA 4.0. Caveats: wide EDH dating window (199 years)."
edh:hd018471,work,Inscription from Akoris - Gebel-el-Tehne,,Latin inscription; EDH HD018471 from Akoris - Gebel-el-Tehne; transcription: M(arcus) Teren/tius Long[us] / mil(es) leg(ionis) III / Cuir(enaicae)(!) |(centuria) Arr[e]/cini v[i]xit an[n(os)] / [--...,available,1,,medium,"Source: Epigraphic Database Heidelberg (https://edh.ub.uni-heidelberg.de), inscription HD018471, retrieved 2026-10-04; inscription type not recorded in EDH (genre code 'empty'); province: Aegyptus (EDH code Aeg); EDH dating: not before 1 CE, not after 125 CE (124-year window); astronomical start_year 1. Data licence CC BY-SA 4.0. Caveats: wide EDH dating window (124 years)."
edh:hd018592,work,Epitaph from Kazanlâk,,GL epitaph; EDH HD018592 from Kazanlâk; monument type: Tafel; transcription: [D(is) M(anibus)] Ce[lsus Marius eques coh(ortis) II Bra]caug[us]starom(!) / [[[---]]] [tur(mae) Petroni XXIV stipendi]o...,available,101,,medium,"Source: Epigraphic Database Heidelberg (https://edh.ub.uni-heidelberg.de), inscription HD018592, retrieved 2026-10-04; inscription type: titulus sepulcralis (EDH genre 'titsep'); province: Thracia (EDH code Thr); EDH dating: not before 101 CE, not after 200 CE (99-year window); astronomical start_year 101. Data licence CC BY-SA 4.0."
edh:hd018844,work,Acclamation from Aliso - Haltern/See,,Latin acclamation; EDH HD018844 from Aliso - Haltern/See; monument type: instrdom; material: Ton; transcription: Acas[tus --- h]abere oportet quae nihil habet secretum mul[---] / modo e[--- n]uncquam(!) mergus,available,1,,high,"Source: Epigraphic Database Heidelberg (https://edh.ub.uni-heidelberg.de), inscription HD018844, retrieved 2026-10-04; inscription type: acclamatio (EDH genre 'titaccl'); province: Barbaricum (EDH code Bar); EDH dating: not before 1 CE, not after 16 CE (15-year window); astronomical start_year 1. Data licence CC BY-SA 4.0."
edh:hd018874,work,Inscription from unknown findspot,,GL inscription; EDH HD018874 from unknown findspot; material: Kalkstein; transcription: Decuriones / et fam(ilia) Theopompi Iuliae / Musae nutrici Classici e[t] / Luci honoris ca(u)sa // δεκουριῶνες καὶ ἡ φαμ...,available,201,,medium,"Source: Epigraphic Database Heidelberg (https://edh.ub.uni-heidelberg.de), inscription HD018874, retrieved 2026-10-04; inscription type not recorded in EDH (genre code 'empty'); province: Provincia incerta (EDH code Inc); EDH dating: not before 201 CE, not after 300 CE (99-year window); astronomical start_year 201. Data licence CC BY-SA 4.0."
edh:hd018897,work,"Epitaph from Colonia Ulpia Traiana Sarmizegetusa, aus - Suceava",,"Latin epitaph; EDH HD018897 from Colonia Ulpia Traiana Sarmizegetusa, aus - Suceava; monument type: Tafel; material: Marmor; transcription: D(is) [M(anibus)] / Iul(ius) C(?)[---] / n(umeri) P(almyrenorum) O(ptatianensium) m[il(itavit) ---] / vixit ann(os) [---...",available,201,,medium,"Source: Epigraphic Database Heidelberg (https://edh.ub.uni-heidelberg.de), inscription HD018897, retrieved 2026-10-04; inscription type: titulus sepulcralis (EDH genre 'titsep'); province: Barbaricum (EDH code Bar); EDH dating: not before 201 CE, not after 250 CE (49-year window); astronomical start_year 201. Data licence CC BY-SA 4.0."
edh:hd019274,work,Inscription from Karanis - Kôm Aushim,,Latin inscription; EDH HD019274 from Karanis - Kôm Aushim; transcription: [Imp(erator) Caes(ar)] divi Hadr[iani f(ilius) divi Traia]/[ni Parth]ic(i) nep(os) divi [Nervae pronep(os) T(itus) Ae]/[...,available,157,,high,"Source: Epigraphic Database Heidelberg (https://edh.ub.uni-heidelberg.de), inscription HD019274, retrieved 2026-10-04; inscription type not recorded in EDH (genre code 'empty'); province: Aegyptus (EDH code Aeg); EDH dating: not before 157 CE, not after 161 CE (4-year window); astronomical start_year 157. Data licence CC BY-SA 4.0."
edh:hd019277,work,Inscription from unknown findspot,,Latin inscription; EDH HD019277 from unknown findspot; transcription: [------] / mil(es) coh(ortis) I Apamenorum / |(centuria) Octavi per II nuntios / ad testamentum suum // [------] / [----...,available,175,,medium,"Source: Epigraphic Database Heidelberg (https://edh.ub.uni-heidelberg.de), inscription HD019277, retrieved 2026-10-04; inscription type not recorded in EDH (genre code 'empty'); province: Aegyptus (EDH code Aeg); EDH dating: not before 175 CE, not after 200 CE (25-year window); astronomical start_year 175. Data licence CC BY-SA 4.0."
edh:hd019287,work,"Building/dedicatory inscription from Constantinopolis, murus Theodosii - İstanbul, Fatih",,"Latin building/dedicatory inscription; EDH HD019287 from Constantinopolis, murus Theodosii - İstanbul, Fatih; monument type: EhrenVotivbogen; transcription: Haec loca Theudosius(!) decorat post fata tyranni // Aurea saec(u)la ger[it qui portam construit auro]",available,388,,high,"Source: Epigraphic Database Heidelberg (https://edh.ub.uni-heidelberg.de), inscription HD019287, retrieved 2026-10-04; inscription type: titulus dedicatorius (EDH genre 'titoppubpriv'); province: Thracia (EDH code Thr); EDH dating: not before 388 CE, not after 391 CE (3-year window); astronomical start_year 388. Data licence CC BY-SA 4.0."
edh:hd019289,work,Inscription from Wadi Semna,,Latin inscription; EDH HD019289 from Wadi Semna; transcription: [Imp(erator) Caes(ar) T(itus) Aelius Hadri]anus / Antoninu[s Aug(ustus) Pius s]up(!) / Munatio Felic[e praef(ecto) Aeg(y...,available,150,,high,"Source: Epigraphic Database Heidelberg (https://edh.ub.uni-heidelberg.de), inscription HD019289, retrieved 2026-10-04; inscription type not recorded in EDH (genre code 'empty'); province: Aegyptus (EDH code Aeg); EDH dating: not before 150 CE, not after 154 CE (4-year window); astronomical start_year 150. Data licence CC BY-SA 4.0."
edh:hd019295,work,List from Samothracia - Samothráki,,"Latin list; EDH HD019295 from Samothracia - Samothráki; monument type: Tafel; material: Marmor, weiß; transcription: $]/T(?)inianus q(uaestor) prov(inciae) M[ac(edonicae)](?) / Sex(tus) Palp[e]llius Candi/dus Tullittianus / C(aius) Modiu...",available,101,,medium,"Source: Epigraphic Database Heidelberg (https://edh.ub.uni-heidelberg.de), inscription HD019295, retrieved 2026-10-04; inscription type: index (EDH genre 'indexlaterc'); province: Thracia (EDH code Thr); EDH dating: not before 101 CE, not after 200 CE (99-year window); astronomical start_year 101. Data licence CC BY-SA 4.0."
edh:hd019297,work,Votive inscription from Salins-les-Thermes,,Latin votive inscription; EDH HD019297 from Salins-les-Thermes; monument type: Tessera; material: Bronze; transcription: Mantouno / ex voto / Sex(tus) Indutius C(ai) f(ilius) / Gratus,available,1,,medium,"Source: Epigraphic Database Heidelberg (https://edh.ub.uni-heidelberg.de), inscription HD019297, retrieved 2026-10-04; inscription type: titulus votivus (EDH genre 'titsac'); province: Alpes Graiae (EDH code AlG); EDH dating: not before 1 CE, not after 100 CE (99-year window); astronomical start_year 1. Data licence CC BY-SA 4.0."
edh:hd019298,work,List from Samothracia - Samothráki,,GL list; EDH HD019298 from Samothracia - Samothráki; monument type: Tafel; material: Marmor; transcription: [ἐπὶ] / βασι[λέως τοῦ δεῖνος] // L(ucio) Non[io ---] / M(arco) Arru[ntio ---] / [co(n)s(ulibus)] / K(alendis) Sept(embri...,available,66,,high,"Source: Epigraphic Database Heidelberg (https://edh.ub.uni-heidelberg.de), inscription HD019298, retrieved 2026-10-04; inscription type: index (EDH genre 'indexlaterc'); province: Thracia (EDH code Thr); EDH dating: not before 66 CE, not after 77 CE (11-year window); astronomical start_year 66. Data licence CC BY-SA 4.0."
edh:hd019300,work,Owner/artist inscription from Val-d'Isère,,Latin owner/artist inscription; EDH HD019300 from Val-d'Isère; monument type: Olla; material: Ton; transcription: Leitomarus,available,1,,medium,"Source: Epigraphic Database Heidelberg (https://edh.ub.uni-heidelberg.de), inscription HD019300, retrieved 2026-10-04; inscription type: titulus possessorius/fabrilis (EDH genre 'titpossfabr'); province: Alpes Graiae (EDH code AlG); EDH dating: not before 1 CE, not after 300 CE (299-year window); astronomical start_year 1. Data licence CC BY-SA 4.0. Caveats: wide EDH dating window (299 years)."
edh:hd019316,work,Inscription from unknown findspot,,Latin inscription; EDH HD019316 from unknown findspot; transcription: T(itus) Flavius Titianus praef(ectus) Aeg(ypti) postulante / Publio Diodoro quo ne ab iusto tutore / t[u]tela abeat e le...,available,126,,high,"Source: Epigraphic Database Heidelberg (https://edh.ub.uni-heidelberg.de), inscription HD019316, retrieved 2026-10-04; inscription type not recorded in EDH (genre code 'empty'); province: Aegyptus (EDH code Aeg); EDH dating: not before 126 CE, not after 132 CE (6-year window); astronomical start_year 126. Data licence CC BY-SA 4.0."
edh:hd019317,work,Epitaph from Axima (Forum Claudii Ceutronum) - Aime-en-Tarentaise,,Latin epitaph; EDH HD019317 from Axima (Forum Claudii Ceutronum) - Aime-en-Tarentaise; monument type: Stele; material: Marmor; transcription: [T(ito)] Corn(elio) / [T]iti f(ilio) Pom(ptina) / Flavo / mil(iti) c(o)ho(rtis) I c(ivium) R(omanorum) / |(centuria) C(a...,available,1,,medium,"Source: Epigraphic Database Heidelberg (https://edh.ub.uni-heidelberg.de), inscription HD019317, retrieved 2026-10-04; inscription type: titulus sepulcralis (EDH genre 'titsep'); province: Alpes Graiae (EDH code AlG); EDH dating: not before 1 CE, not after 89 CE (88-year window); astronomical start_year 1. Data licence CC BY-SA 4.0."
edh:hd019373,work,"Epitaph from Aquincum, bei - Budapest",,"GL epitaph; EDH HD019373 from Aquincum, bei - Budapest; monument type: Stele; transcription: Domo securitati[s] / Fl(avia) Cal[v]ena nata / Ulmo vix(it) an(nos) XXII / lanxit d(ies) XXVII posuit / memor(iam) Aur(e...",available,271,,medium,"Source: Epigraphic Database Heidelberg (https://edh.ub.uni-heidelberg.de), inscription HD019373, retrieved 2026-10-04; inscription type: titulus sepulcralis (EDH genre 'titsep'); province: Barbaricum (EDH code Bar); EDH dating: not before 271 CE, not after 330 CE (59-year window); astronomical start_year 271. Data licence CC BY-SA 4.0."
edh:hd019696,work,Mile-/Leaguestone from Fontado,,Latin mile-/leaguestone; EDH HD019696 from Fontado; monument type: Meilenstein; transcription: Imp(eratori) C(aesari) M(arco) C(assianio) L(atinio) Pos/tumo P(io) F(elici) I(n)v(icto) Aug(usto) / p(ontifici) m(aximo...,available,260,,high,"Source: Epigraphic Database Heidelberg (https://edh.ub.uni-heidelberg.de), inscription HD019696, retrieved 2026-10-04; inscription type: miliarium (EDH genre 'miliarium'); province: Aquitania (EDH code Aqu); EDH dating: not before 260 CE, not after 269 CE (9-year window); astronomical start_year 260. Data licence CC BY-SA 4.0."
edh:hd019721,work,Owner/artist inscription from Duran,,Latin owner/artist inscription; EDH HD019721 from Duran; transcription: L(ucius) Iul(ius) Aeto f(ecit) // Sabini,available,1,,medium,"Source: Epigraphic Database Heidelberg (https://edh.ub.uni-heidelberg.de), inscription HD019721, retrieved 2026-10-04; inscription type: titulus possessorius/fabrilis (EDH genre 'titpossfabr'); province: Aquitania (EDH code Aqu); EDH dating: not before 1 CE, not after 300 CE (299-year window); astronomical start_year 1. Data licence CC BY-SA 4.0. Caveats: wide EDH dating window (299 years)."
edh:hd019723,work,Votive inscription from Perge - Aksu,,GL votive inscription; EDH HD019723 from Perge - Aksu; transcription: Dianae Pergensi / Plancia M(arci) f(ilia) Magna // Ἀρτέμιδι Περγαίᾳ / Πλανκία Μάγνα,available,101,,medium,"Source: Epigraphic Database Heidelberg (https://edh.ub.uni-heidelberg.de), inscription HD019723, retrieved 2026-10-04; inscription type: titulus votivus (EDH genre 'titsac'); province: Lycia et Pamphylia (EDH code LyP); EDH dating: not before 101 CE, not after 130 CE (29-year window); astronomical start_year 101. Data licence CC BY-SA 4.0."
edh:hd019751,work,Votive inscription from Alexandria - Alexandria,,Latin votive inscription; EDH HD019751 from Alexandria - Alexandria; monument type: Altar; transcription: $] Iovi Auguste vincas [&,available,296,,high,"Source: Epigraphic Database Heidelberg (https://edh.ub.uni-heidelberg.de), inscription HD019751, retrieved 2026-10-04; inscription type: titulus votivus (EDH genre 'titsac'); province: Aegyptus (EDH code Aeg); EDH dating: not before 296 CE, not after 298 CE (2-year window); astronomical start_year 296. Data licence CC BY-SA 4.0."
edh:hd019754,work,Votive inscription from Alexandria - Alexandria,,Latin votive inscription; EDH HD019754 from Alexandria - Alexandria; monument type: Altar; transcription: $ Iovi Caes]ar vincas [&,available,296,,high,"Source: Epigraphic Database Heidelberg (https://edh.ub.uni-heidelberg.de), inscription HD019754, retrieved 2026-10-04; inscription type: titulus votivus (EDH genre 'titsac?'); genre attribution uncertain in EDH; province: Aegyptus (EDH code Aeg); EDH dating: not before 296 CE, not after 298 CE (2-year window); astronomical start_year 296. Data licence CC BY-SA 4.0."
edh:hd019928,work,Inscription from Syene - Assuân,,Latin inscription; EDH HD019928 from Syene - Assuân; transcription: Iovi O(ptimo) M(aximo) Hel(iopolitano) / IIO[--- Ca]e/s[a]ris [--- Ves]pas[ia]ni / Aug(usti) [---]R AIST / [-]AP R[---]S...,available,-29,,medium,"Source: Epigraphic Database Heidelberg (https://edh.ub.uni-heidelberg.de), inscription HD019928, retrieved 2026-10-04; inscription type not recorded in EDH (genre code 'empty'); province: Aegyptus (EDH code Aeg); EDH dating: not before 30 BCE, not after 284 CE (314-year window); astronomical start_year -29. Data licence CC BY-SA 4.0. Caveats: wide EDH dating window (314 years)."
edh:hd019931,work,Building/dedicatory inscription from Syene - Assuân,,Latin building/dedicatory inscription; EDH HD019931 from Syene - Assuân; transcription: Salvis ddd(ominis) nnn(ostris) / Valentiniano Valente et / Gratiano semper Augustos(!) / Fl(avius) Mauricius v(ir) c(lar...,available,367,,high,"Source: Epigraphic Database Heidelberg (https://edh.ub.uni-heidelberg.de), inscription HD019931, retrieved 2026-10-04; inscription type: titulus dedicatorius (EDH genre 'titoppubpriv'); province: Aegyptus (EDH code Aeg); EDH dating: not before 367 CE, not after 375 CE (8-year window); astronomical start_year 367. Data licence CC BY-SA 4.0."
edh:hd019971,work,Votive inscription from Ad Martis - Sauze d'Oulx,,Latin votive inscription; EDH HD019971 from Ad Martis - Sauze d'Oulx; monument type: instrsac; material: Ton; transcription: [De]o Apol[lini ---] / [&?,available,1,,medium,"Source: Epigraphic Database Heidelberg (https://edh.ub.uni-heidelberg.de), inscription HD019971, retrieved 2026-10-04; inscription type: titulus votivus (EDH genre 'titsac'); province: Alpes Cottiae (EDH code AlC); EDH dating: not before 1 CE, not after 355 CE (354-year window); astronomical start_year 1. Data licence CC BY-SA 4.0. Caveats: wide EDH dating window (354 years)."
edh:hd019974,work,Votive inscription from Ad Martis - Sauze d'Oulx,,Latin votive inscription; EDH HD019974 from Ad Martis - Sauze d'Oulx; monument type: instrsac; material: Ton; transcription: [--- Alb]iorigi Escigius Vena[---],available,1,,medium,"Source: Epigraphic Database Heidelberg (https://edh.ub.uni-heidelberg.de), inscription HD019974, retrieved 2026-10-04; inscription type: titulus votivus (EDH genre 'titsac'); province: Alpes Cottiae (EDH code AlC); EDH dating: not before 1 CE, not after 355 CE (354-year window); astronomical start_year 1. Data licence CC BY-SA 4.0. Caveats: wide EDH dating window (354 years)."
edh:hd019977,work,Votive inscription from Ad Martis - Sauze d'Oulx,,Latin votive inscription; EDH HD019977 from Ad Martis - Sauze d'Oulx; monument type: instrsac; material: Ton; transcription: Deo Albior[igi] M(---) Servata / et suis [v(otum) s(olvit)] l(ibens) l(aeta) m(erito),available,1,,medium,"Source: Epigraphic Database Heidelberg (https://edh.ub.uni-heidelberg.de), inscription HD019977, retrieved 2026-10-04; inscription type: titulus votivus (EDH genre 'titsac'); province: Alpes Cottiae (EDH code AlC); EDH dating: not before 1 CE, not after 200 CE (199-year window); astronomical start_year 1. Data licence CC BY-SA 4.0. Caveats: wide EDH dating window (199 years)."
edh:hd019980,work,Votive inscription from Ad Martis - Sauze d'Oulx,,Latin votive inscription; EDH HD019980 from Ad Martis - Sauze d'Oulx; monument type: instrsac; material: Ton; transcription: D(eo) Albior[igi ---] Macrima S[u]eta v(otum) s(olvit) l(ibens) l(aeta) m(erito),available,1,,medium,"Source: Epigraphic Database Heidelberg (https://edh.ub.uni-heidelberg.de), inscription HD019980, retrieved 2026-10-04; inscription type: titulus votivus (EDH genre 'titsac'); province: Alpes Cottiae (EDH code AlC); EDH dating: not before 1 CE, not after 355 CE (354-year window); astronomical start_year 1. Data licence CC BY-SA 4.0. Caveats: wide EDH dating window (354 years)."
edh:hd019983,work,Votive inscription from Ad Martis - Sauze d'Oulx,,Latin votive inscription; EDH HD019983 from Ad Martis - Sauze d'Oulx; monument type: instrsac; material: Ton; transcription: Apol[lini --- Sim?]plicia donum ponit,available,1,,medium,"Source: Epigraphic Database Heidelberg (https://edh.ub.uni-heidelberg.de), inscription HD019983, retrieved 2026-10-04; inscription type: titulus votivus (EDH genre 'titsac'); province: Alpes Cottiae (EDH code AlC); EDH dating: not before 1 CE, not after 300 CE (299-year window); astronomical start_year 1. Data licence CC BY-SA 4.0. Caveats: wide EDH dating window (299 years)."
edh:hd019986,work,Votive inscription from Ad Martis - Sauze d'Oulx,,Latin votive inscription; EDH HD019986 from Ad Martis - Sauze d'Oulx; monument type: instrsac; material: Metalle; transcription: Alborigi(?) v(otum?) s(olvit?),available,1,,medium,"Source: Epigraphic Database Heidelberg (https://edh.ub.uni-heidelberg.de), inscription HD019986, retrieved 2026-10-04; inscription type: titulus votivus (EDH genre 'titsac'); province: Alpes Cottiae (EDH code AlC); EDH dating: not before 1 CE, not after 300 CE (299-year window); astronomical start_year 1. Data licence CC BY-SA 4.0. Caveats: wide EDH dating window (299 years)."
edh:hd020034,work,"Building/dedicatory inscription from Tarnaiae Nantuatium (Acaunum), bei - Massongex",,"Latin building/dedicatory inscription; EDH HD020034 from Tarnaiae Nantuatium (Acaunum), bei - Massongex; monument type: Architekturteil; material: Gesteine; transcription: I(ovi) O(ptimo) M(aximo) / Cassius Carantinus mil(es) / leg(ionis) VIII Aug(ustae) labrum vetustate / [c]o[nl]abs(um)(!)...",available,101,,medium,"Source: Epigraphic Database Heidelberg (https://edh.ub.uni-heidelberg.de), inscription HD020034, retrieved 2026-10-04; inscription type: titulus dedicatorius (EDH genre 'titoppubpriv'); province: Alpes Poeninae (EDH code AlP); EDH dating: not before 101 CE, not after 200 CE (99-year window); astronomical start_year 101. Data licence CC BY-SA 4.0."
edh:hd020037,work,Building/dedicatory inscription from Tarnaiae Nantuatium (Acaunum) - S.-Maurice,,Latin building/dedicatory inscription; EDH HD020037 from Tarnaiae Nantuatium (Acaunum) - S.-Maurice; monument type: Altar; material: Gesteine; transcription: [N]um(inibus) Augg(ustis) / Mercurio sacr(um) / Montanus Augg(ustorum) / nn(ostrorum) vern(a) a(gens) v(ices) v(ilici) s...,available,161,,medium,"Source: Epigraphic Database Heidelberg (https://edh.ub.uni-heidelberg.de), inscription HD020037, retrieved 2026-10-04; inscription type: titulus dedicatorius (EDH genre 'titoppubpriv'); province: Alpes Poeninae (EDH code AlP); EDH dating: not before 161 CE, not after 300 CE (139-year window); astronomical start_year 161. Data licence CC BY-SA 4.0. Caveats: wide EDH dating window (139 years)."
edh:hd020040,work,Building/dedicatory inscription from Octodurus Varagrorum (Forum Claudii Vallensium) - Martigny,,Latin building/dedicatory inscription; EDH HD020040 from Octodurus Varagrorum (Forum Claudii Vallensium) - Martigny; monument type: Tafel; material: Marmor; transcription: Fabri[cam fun]ditus [erutam] / cum [portic]u et tabe[rnis] / vi ig[nis absu]mpta [r]estituit / in qua au[dit]orium [h]yp...,available,201,,medium,"Source: Epigraphic Database Heidelberg (https://edh.ub.uni-heidelberg.de), inscription HD020040, retrieved 2026-10-04; inscription type: titulus dedicatorius (EDH genre 'titoppubpriv'); province: Alpes Poeninae (EDH code AlP); EDH dating: not before 201 CE, not after 300 CE (99-year window); astronomical start_year 201. Data licence CC BY-SA 4.0."
edh:hd020088,work,"Votive inscription from Aquincum, aus? - Mikebuda",,"Latin votive inscription; EDH HD020088 from Aquincum, aus? - Mikebuda; monument type: Altar; material: Kalkstein; transcription: [Genio p(ublici) p(ortorii) I(llyrici)?] / [--- C(ai) Antoni Ru]fi(?) p[rocura]/[to]ris Aug(ustorum?) cond(uctoris) ve[c...",available,169,,medium,"Source: Epigraphic Database Heidelberg (https://edh.ub.uni-heidelberg.de), inscription HD020088, retrieved 2026-10-04; inscription type: titulus votivus (EDH genre 'titsac'); province: Barbaricum (EDH code Bar); EDH dating: not before 169 CE, not after 290 CE (121-year window); astronomical start_year 169. Data licence CC BY-SA 4.0. Caveats: wide EDH dating window (121 years)."
edh:hd020091,work,Building/dedicatory inscription from Tyndaris - Tindari,,Latin building/dedicatory inscription; EDH HD020091 from Tyndaris - Tindari; monument type: Tafel; transcription: Imp(erator) Caesar divi Nervae / f(ilius) Nerva Traianus Aug(ustus) / Germanicus Dacicus / pontifex maximus / tr(ibunici...,available,102,,high,"Source: Epigraphic Database Heidelberg (https://edh.ub.uni-heidelberg.de), inscription HD020091, retrieved 2026-10-04; inscription type: titulus dedicatorius (EDH genre 'titoppubpriv?'); genre attribution uncertain in EDH; province: Sicilia, Melita (EDH code Sic); EDH dating: not before 102 CE, not after 103 CE (1-year window); astronomical start_year 102. Data licence CC BY-SA 4.0."
edh:hd020397,work,Owner/artist inscription from Bratislava,,Latin owner/artist inscription; EDH HD020397 from Bratislava; monument type: Ziegel; material: Ton; transcription: [Coh(ors) XX]X vol(untariorum),available,201,,medium,"Source: Epigraphic Database Heidelberg (https://edh.ub.uni-heidelberg.de), inscription HD020397, retrieved 2026-10-04; inscription type: titulus possessorius/fabrilis (EDH genre 'titpossfabr'); province: Barbaricum (EDH code Bar); EDH dating: not before 201 CE, not after 300 CE (99-year window); astronomical start_year 201. Data licence CC BY-SA 4.0."
edh:hd020400,work,Owner/artist inscription from Bratislava,,Latin owner/artist inscription; EDH HD020400 from Bratislava; monument type: Ziegel; material: Ton; transcription: [Of(ficina) Ar(elapensis)? B?]ono mag(istro),available,201,,medium,"Source: Epigraphic Database Heidelberg (https://edh.ub.uni-heidelberg.de), inscription HD020400, retrieved 2026-10-04; inscription type: titulus possessorius/fabrilis (EDH genre 'titpossfabr'); province: Barbaricum (EDH code Bar); EDH dating: not before 201 CE, not after 300 CE (99-year window); astronomical start_year 201. Data licence CC BY-SA 4.0."
edh:hd020691,work,Honorific inscription from Banasa - Sidi Ali bou Djenoun,,Latin honorific inscription; EDH HD020691 from Banasa - Sidi Ali bou Djenoun; monument type: Statuenbasis; transcription: Imp(eratori) Caes(ari) / M(arco) Aur(elio) C[laudi]o(?) / Pio Fel(ici) Invicto / Aug(usto) pont(ifici) / maximo [tribun(...,available,269,,high,"Source: Epigraphic Database Heidelberg (https://edh.ub.uni-heidelberg.de), inscription HD020691, retrieved 2026-10-04; inscription type: titulus honorarius (EDH genre 'tithon'); province: Mauretania Tingitana (EDH code MaT); EDH dating: not before 269 CE, not after 270 CE (1-year window); astronomical start_year 269. Data licence CC BY-SA 4.0."
edh:hd020777,work,Votive inscription from Günüören,,GL votive inscription; EDH HD020777 from Günüören; monument type: Altar; transcription: Iovi Optimo Ma/ximo Tutori / T(itus) Marcius Gamus / votum reddidit eo / loco quo et natus est // Διὶ Κρατίστῳ Μεγίστῳ /...,available,101,,medium,"Source: Epigraphic Database Heidelberg (https://edh.ub.uni-heidelberg.de), inscription HD020777, retrieved 2026-10-04; inscription type: titulus votivus (EDH genre 'titsac'); province: Bithynia et Pontus (EDH code BiP); EDH dating: not before 101 CE, not after 130 CE (29-year window); astronomical start_year 101. Data licence CC BY-SA 4.0."
edh:hd020986,work,Epitaph from Çerkes Aynali,,GL epitaph; EDH HD020986 from Çerkes Aynali; monument type: Platte; material: Kalkstein; transcription: D(is) M(anibus) adgredere viator Φ / obiter sta(n)s et repausa(n)s perlege titu<l=E>um#titu<l>um#TITUEUM Φ / cuius fata ...,available,101,,medium,"Source: Epigraphic Database Heidelberg (https://edh.ub.uni-heidelberg.de), inscription HD020986, retrieved 2026-10-04; inscription type: titulus sepulcralis (EDH genre 'titsep'); province: Bithynia et Pontus (EDH code BiP); EDH dating: not before 101 CE, not after 300 CE (199-year window); astronomical start_year 101. Data licence CC BY-SA 4.0. Caveats: wide EDH dating window (199 years)."
edh:hd021383,work,Inscription from Ponsan-Soubiran,,Latin inscription; EDH HD021383 from Ponsan-Soubiran; transcription: D(is) M(anibus) / Osci/taris(?),available,101,,medium,"Source: Epigraphic Database Heidelberg (https://edh.ub.uni-heidelberg.de), inscription HD021383, retrieved 2026-10-04; inscription type not recorded in EDH (genre code 'empty'); province: Aquitania (EDH code Aqu); EDH dating: not before 101 CE, not after 300 CE (199-year window); astronomical start_year 101. Data licence CC BY-SA 4.0. Caveats: wide EDH dating window (199 years)."
edh:hd021753,work,Epitaph from Neapolis - Nablus,,Latin epitaph; EDH HD021753 from Neapolis - Nablus; monument type: Stele; transcription: D(is) I(nferis) M(anibus) Augindai eq(ues) ex / nomer<o=Q>m(!)#nomer<o>m(!)#NOMERQM Mau/rorum vi(x)it anno(s) / XXX h(er...,available,151,,medium,"Source: Epigraphic Database Heidelberg (https://edh.ub.uni-heidelberg.de), inscription HD021753, retrieved 2026-10-04; inscription type: titulus sepulcralis (EDH genre 'titsep'); province: Iudaea (EDH code Iud); EDH dating: not before 151 CE, not after 200 CE (49-year window); astronomical start_year 151. Data licence CC BY-SA 4.0."
edh:hd021777,work,Honorific inscription from Axima (Forum Claudii Ceutronum) - Aime-en-Tarentaise,,Latin honorific inscription; EDH HD021777 from Axima (Forum Claudii Ceutronum) - Aime-en-Tarentaise; monument type: Statuenbasis; material: Marmor; transcription: Imp(eratori) C[aes(ari) M(arco) Aur(elio)] / [[Caro Pio Feli]]/c(i) Invict[o Aug(usto)] / p(ontifici) max(imo) tri[b(uni...,available,282,,high,"Source: Epigraphic Database Heidelberg (https://edh.ub.uni-heidelberg.de), inscription HD021777, retrieved 2026-10-04; inscription type: titulus honorarius (EDH genre 'tithon'); province: Alpes Graiae (EDH code AlG); EDH dating: not before 282 CE, not after 283 CE (1-year window); astronomical start_year 282. Data licence CC BY-SA 4.0."
edh:hd021991,work,"Honorific inscription from Buthrotum - Ksamil, bei",,"Latin honorific inscription; EDH HD021991 from Buthrotum - Ksamil, bei; monument type: Tafel; material: Kalkstein; transcription: $] / [--- Po]mponiani [---] / [---] Q(uinti) f(ilio) Attico [---] / [--- me]rit[o ---] / [&",available,51,,medium,"Source: Epigraphic Database Heidelberg (https://edh.ub.uni-heidelberg.de), inscription HD021991, retrieved 2026-10-04; inscription type: titulus honorarius (EDH genre 'tithon?'); genre attribution uncertain in EDH; province: Epirus (EDH code Epi); EDH dating: not before 51 CE, not after 200 CE (149-year window); astronomical start_year 51. Data licence CC BY-SA 4.0. Caveats: wide EDH dating window (149 years)."
edh:hd021994,work,"Building/dedicatory inscription from Buthrotum - Ksamil, bei",,"Latin building/dedicatory inscription; EDH HD021994 from Buthrotum - Ksamil, bei; monument type: Tafel?; material: Kalkstein; transcription: [---] f(ilius) Graecinus / [---] Milesius // [--- IIviri q]uinquennal(es)",available,-45,,medium,"Source: Epigraphic Database Heidelberg (https://edh.ub.uni-heidelberg.de), inscription HD021994, retrieved 2026-10-04; inscription type: titulus dedicatorius (EDH genre 'titoppubpriv?'); genre attribution uncertain in EDH; province: Epirus (EDH code Epi); EDH dating: not before 46 BCE, not after 14 CE (60-year window); astronomical start_year -45. Data licence CC BY-SA 4.0."
edh:hd021997,work,"Honorific inscription from Buthrotum - Ksamil, bei",,"Latin honorific inscription; EDH HD021997 from Buthrotum - Ksamil, bei; monument type: Altar?; material: Marmor; transcription: $] / [---]co Po[---] / [---]IIvir(o) II qui[nq(uennali) ---] / [--- l]eg(ionis) V Macedoni[c(ae) ---] / [--- aug]uri pat...",available,51,,medium,"Source: Epigraphic Database Heidelberg (https://edh.ub.uni-heidelberg.de), inscription HD021997, retrieved 2026-10-04; inscription type: titulus honorarius (EDH genre 'tithon'); province: Epirus (EDH code Epi); EDH dating: not before 51 CE, not after 250 CE (199-year window); astronomical start_year 51. Data licence CC BY-SA 4.0. Caveats: wide EDH dating window (199 years)."
edh:hd022000,work,"Epitaph from Buthrotum - Ksamil, bei",,"Latin epitaph; EDH HD022000 from Buthrotum - Ksamil, bei; monument type: Altar?; material: Marmor, geädert / farbig; transcription: [P(ublio)?] Aelio / [A]ug(usti) lib(erto) / [Chr]ysantho / [ad]iutor(i) a ration(ibus) / [---]ix Tychicus / [Rep]ostus O...",available,117,,medium,"Source: Epigraphic Database Heidelberg (https://edh.ub.uni-heidelberg.de), inscription HD022000, retrieved 2026-10-04; inscription type: titulus sepulcralis (EDH genre 'titsep'); province: Epirus (EDH code Epi); EDH dating: not before 117 CE, not after 150 CE (33-year window); astronomical start_year 117. Data licence CC BY-SA 4.0."
edh:hd022003,work,"Epitaph from Buthrotum - Ksamil, bei",,"Latin epitaph; EDH HD022003 from Buthrotum - Ksamil, bei; monument type: Stele?; material: Kalkstein; transcription: $] / [---]ci[---] / [---]a[---] / [---] Munati[o ---] / [---] viro[---] / [&",available,-29,,medium,"Source: Epigraphic Database Heidelberg (https://edh.ub.uni-heidelberg.de), inscription HD022003, retrieved 2026-10-04; inscription type: titulus sepulcralis (EDH genre 'titsep?'); genre attribution uncertain in EDH; province: Epirus (EDH code Epi); EDH dating: not before 30 BCE, not after 50 CE (80-year window); astronomical start_year -29. Data licence CC BY-SA 4.0."
edh:hd022033,work,Epitaph from Flaviopolis - Kadirli,,GL epitaph; EDH HD022033 from Flaviopolis - Kadirli; monument type: Altar; transcription: L(ucio) Conetanio L(uci) f(ilio) / Crust(umina) Proculo / Carsulas(!) vixit / an(nos) XXIII me(nses) XI d(ies) XX[VIII L...,available,69,,medium,"Source: Epigraphic Database Heidelberg (https://edh.ub.uni-heidelberg.de), inscription HD022033, retrieved 2026-10-04; inscription type: titulus sepulcralis (EDH genre 'titsep'); province: Cilicia (EDH code Cil); EDH dating: not before 69 CE, not after 117 CE (48-year window); astronomical start_year 69. Data licence CC BY-SA 4.0."
edh:hd022257,work,Epitaph from Arvieux-en-Queyras,,Latin epitaph; EDH HD022257 from Arvieux-en-Queyras; monument type: Grabbau; material: Kalkstein; transcription: Quar[---] / [Buss]ulli f(ilius) [---] / [sibi et? B]ussu[llo] / [--- f(ilio)] patr[i et?] / [---]cae Lut[--- f(iliae)] /...,available,1,,medium,"Source: Epigraphic Database Heidelberg (https://edh.ub.uni-heidelberg.de), inscription HD022257, retrieved 2026-10-04; inscription type: titulus sepulcralis (EDH genre 'titsep'); province: Alpes Cottiae (EDH code AlC); EDH dating: not before 1 CE, not after 150 CE (149-year window); astronomical start_year 1. Data licence CC BY-SA 4.0. Caveats: wide EDH dating window (149 years)."
edh:hd022277,work,Epitaph from Tarsus - Tarsus,,Latin epitaph; EDH HD022277 from Tarsus - Tarsus; transcription: M(arcus) Tullius Libe/ralis praefect(us) / [co]hortis I Breu/[cor]um hic si/[t]us est,available,1,,medium,"Source: Epigraphic Database Heidelberg (https://edh.ub.uni-heidelberg.de), inscription HD022277, retrieved 2026-10-04; inscription type: titulus sepulcralis (EDH genre 'titsep'); province: Cilicia (EDH code Cil); EDH dating: not before 1 CE, not after 300 CE (299-year window); astronomical start_year 1. Data licence CC BY-SA 4.0. Caveats: wide EDH dating window (299 years)."
edh:hd022280,work,Inscription from Mallus - Karataş,,Latin inscription; EDH HD022280 from Mallus - Karataş; transcription: [Italicei qu]ei Mallei / [negotiantu]r / [M]enemachi n(ostri),available,-99,,medium,"Source: Epigraphic Database Heidelberg (https://edh.ub.uni-heidelberg.de), inscription HD022280, retrieved 2026-10-04; inscription type not recorded in EDH (genre code 'empty'); province: Cilicia (EDH code Cil); EDH dating: not before 100 BCE, not after 51 BCE (49-year window); astronomical start_year -99. Data licence CC BY-SA 4.0."
edh:hd022283,work,"Honorific inscription from Hierapolis Castabala, aus? - Eskişehir",,"Latin honorific inscription; EDH HD022283 from Hierapolis Castabala, aus? - Eskişehir; monument type: Statuenbasis; transcription: D(ominus) n(oster) Gratianus omnia / [e]t ubique victor maximus / [a]c triumfator semper Aug(ustus) / [in]vigilante Dom(...",available,375,,high,"Source: Epigraphic Database Heidelberg (https://edh.ub.uni-heidelberg.de), inscription HD022283, retrieved 2026-10-04; inscription type: titulus honorarius (EDH genre 'tithon'); province: Cilicia (EDH code Cil); EDH dating: not before 375 CE, not after 383 CE (8-year window); astronomical start_year 375. Data licence CC BY-SA 4.0."
edh:hd022286,work,"Inscription from Hierapolis Castabala - Kesmeburun, bei",,"Latin inscription; EDH HD022286 from Hierapolis Castabala - Kesmeburun, bei; transcription: D(ominus) n(oster) Valentinianus / omnia maximus victor / ac triumfator semper / et ubique victor erectus / est curante ...",available,367,,high,"Source: Epigraphic Database Heidelberg (https://edh.ub.uni-heidelberg.de), inscription HD022286, retrieved 2026-10-04; inscription type not recorded in EDH (genre code 'empty'); province: Cilicia (EDH code Cil); EDH dating: not before 367 CE, not after 375 CE (8-year window); astronomical start_year 367. Data licence CC BY-SA 4.0."
edh:hd022289,work,"Honorific inscription from Hierapolis Castabala - Kesmeburun, bei",,"Latin honorific inscription; EDH HD022289 from Hierapolis Castabala - Kesmeburun, bei; monument type: Statuenbasis; transcription: D(ominus) n(oster) Valens Pius Felix / omnia victor et ubique / triumfator terrae / etiam ac maria(!) victor / insistent...",available,367,,high,"Source: Epigraphic Database Heidelberg (https://edh.ub.uni-heidelberg.de), inscription HD022289, retrieved 2026-10-04; inscription type: titulus honorarius (EDH genre 'tithon'); province: Cilicia (EDH code Cil); EDH dating: not before 367 CE, not after 375 CE (8-year window); astronomical start_year 367. Data licence CC BY-SA 4.0."
edh:hd022403,work,Inscription from Fouah,,Latin inscription; EDH HD022403 from Fouah; transcription: Q(uinto) Rammio / Martiali / praef(ecto) Aeg(ypti) / A(ulus) Rutilius Cilo / optio specul(atorum) / o(ptime?) m(erito?),available,117,,high,"Source: Epigraphic Database Heidelberg (https://edh.ub.uni-heidelberg.de), inscription HD022403, retrieved 2026-10-04; inscription type not recorded in EDH (genre code 'empty'); province: Aegyptus (EDH code Aeg); EDH dating: not before 117 CE, not after 119 CE (2-year window); astronomical start_year 117. Data licence CC BY-SA 4.0."
edh:hd022722,work,Epitaph from Beisān,,Latin epitaph; EDH HD022722 from Beisān; transcription: Dis Manib(us) / P(ublius) Aelius Capi/to natio(ne) Mace/do mil(es) leg(ionis) XI / Cl(audiae) vixit annis / XXXV mil(i)t...,available,132,,high,"Source: Epigraphic Database Heidelberg (https://edh.ub.uni-heidelberg.de), inscription HD022722, retrieved 2026-10-04; inscription type: titulus sepulcralis (EDH genre 'titsep'); province: Iudaea (EDH code Iud); EDH dating: not before 132 CE, not after 135 CE (3-year window); astronomical start_year 132. Data licence CC BY-SA 4.0."
edh:hd023067,work,Building/dedicatory inscription from Nicaea - Iznik,,Latin building/dedicatory inscription; EDH HD023067 from Nicaea - Iznik; monument type: Architekturteil; transcription: [Imp(erator) Caesar divi Traiani Part]hici fil(ius) divi [Nervae nepos Traianus Hadrianus --- c]o(n)s(ul) III aquam N[&,available,119,,high,"Source: Epigraphic Database Heidelberg (https://edh.ub.uni-heidelberg.de), inscription HD023067, retrieved 2026-10-04; inscription type: titulus dedicatorius (EDH genre 'titoppubpriv'); province: Bithynia et Pontus (EDH code BiP); EDH dating: not before 119 CE, not after 138 CE (19-year window); astronomical start_year 119. Data licence CC BY-SA 4.0."
edh:hd023129,work,Inscription from Syene - Assuân,,Latin inscription; EDH HD023129 from Syene - Assuân; transcription: Imp(eratori) Caesar[i] / Nervae Traiano Aug(usto) / Germ(anico) pont(ifici) max(imo) tribunic(ia) / potest(ate) co(n)s(u...,available,98,,high,"Source: Epigraphic Database Heidelberg (https://edh.ub.uni-heidelberg.de), inscription HD023129, retrieved 2026-10-04; inscription type not recorded in EDH (genre code 'empty'); province: Aegyptus (EDH code Aeg); EDH dating: not before 98 CE, not after 99 CE (1-year window); astronomical start_year 98. Data licence CC BY-SA 4.0."
edh:hd023212,work,Votive inscription from unknown findspot,,Latin votive inscription; EDH HD023212 from unknown findspot; monument type: Statuenbasis; transcription: M(arcus) Cocc(eius) Ter[---] / praef(ectus) e[q(uitum) ---],available,101,,medium,"Source: Epigraphic Database Heidelberg (https://edh.ub.uni-heidelberg.de), inscription HD023212, retrieved 2026-10-04; inscription type: titulus votivus (EDH genre 'titsac'); province: unknown province code 'MoI?' (EDH code MoI?); EDH dating: not before 101 CE, not after 200 CE (99-year window); astronomical start_year 101. Data licence CC BY-SA 4.0."
edh:hd023222,work,"Mile-/Leaguestone from Magnesia - Tralles, inter - Déïrmendjik",,"GL mile-/leaguestone; EDH HD023222 from Magnesia - Tralles, inter - Déïrmendjik; monument type: Meilenstein; transcription: [I]mp(erator) Caesar [L(ucius) Se]p[timi]us Severus Pius / [P]ertinax Au[g(ustus)] pon[t(ifex)] max(imus) trib(unicia) p...",available,200,,high,"Source: Epigraphic Database Heidelberg (https://edh.ub.uni-heidelberg.de), inscription HD023222, retrieved 2026-10-04; inscription type: miliarium (EDH genre 'miliarium'); province: Asia (EDH code Asi); EDH dating: not before 200 CE, not after 201 CE (1-year window); astronomical start_year 200. Data licence CC BY-SA 4.0."
edh:hd023244,work,Mile-/Leaguestone from Oğulbey,,GL mile-/leaguestone; EDH HD023244 from Oğulbey; monument type: Meilenstein; material: Gesteine; transcription: Imp(eratori) Ca[esari] / divi Traian[i P]ar/t(h)ici f(ilio) divi Nervae / nepoti Traiano / Hadriano Aug(usto) pont(ifici...,available,121,,high,"Source: Epigraphic Database Heidelberg (https://edh.ub.uni-heidelberg.de), inscription HD023244, retrieved 2026-10-04; inscription type: miliarium (EDH genre 'miliarium'); province: Galatia (EDH code Gal); EDH dating: not before 121 CE, not after 122 CE (1-year window); astronomical start_year 121. Data licence CC BY-SA 4.0."
edh:hd023493,work,"Votive inscription from Aquincum, bei - Budapest",,"Latin votive inscription; EDH HD023493 from Aquincum, bei - Budapest; monument type: Altar; material: Kalkstein; transcription: I(ovi) O(ptimo) M(aximo) / Silvanus / v(otum) s(olvit) l(ibens) m(erito)",available,101,,medium,"Source: Epigraphic Database Heidelberg (https://edh.ub.uni-heidelberg.de), inscription HD023493, retrieved 2026-10-04; inscription type: titulus votivus (EDH genre 'titsac'); province: Barbaricum (EDH code Bar); EDH dating: not before 101 CE, not after 200 CE (99-year window); astronomical start_year 101. Data licence CC BY-SA 4.0."
edh:hd023526,work,"Votive inscription from Aquincum, bei - Budapest",,"Latin votive inscription; EDH HD023526 from Aquincum, bei - Budapest; monument type: Altar; material: Kalkstein; transcription: Neptu/no s[ac(rum)?] / M(arcus?) [--]O(?) P MV(?) / A(?)I(?) O(?)[-] / [&",available,1,,medium,"Source: Epigraphic Database Heidelberg (https://edh.ub.uni-heidelberg.de), inscription HD023526, retrieved 2026-10-04; inscription type: titulus votivus (EDH genre 'titsac'); province: Barbaricum (EDH code Bar); EDH dating: not before 1 CE, not after 300 CE (299-year window); astronomical start_year 1. Data licence CC BY-SA 4.0. Caveats: wide EDH dating window (299 years)."
edh:hd023556,work,"Votive inscription from Aquincum, bei - Budapest",,"Latin votive inscription; EDH HD023556 from Aquincum, bei - Budapest; monument type: Altar; material: Kalkstein; transcription: $] / [------] / [L(ucius)] Attius / Macro / leg(atus) Aug(usti) / pr(o) pr(aetore) / [c]o(n)s(ul) desig(natus)",available,130,,high,"Source: Epigraphic Database Heidelberg (https://edh.ub.uni-heidelberg.de), inscription HD023556, retrieved 2026-10-04; inscription type: titulus votivus (EDH genre 'titsac'); province: Barbaricum (EDH code Bar); EDH dating: not before 130 CE, not after 133 CE (3-year window); astronomical start_year 130. Data licence CC BY-SA 4.0."
edh:hd023773,work,"Building/dedicatory inscription from Caesarea Maritima, bei - Har Qesari, bei",,"Latin building/dedicatory inscription; EDH HD023773 from Caesarea Maritima, bei - Har Qesari, bei; monument type: Block; transcription: Imp(erator) Caesar / Traianus / Hadrianus / Aug(ustus) fecit / per vexillatione(m) / leg(ionis) X fr<e>ten(sis)",available,117,,medium,"Source: Epigraphic Database Heidelberg (https://edh.ub.uni-heidelberg.de), inscription HD023773, retrieved 2026-10-04; inscription type: titulus dedicatorius (EDH genre 'titoppubpriv'); province: Iudaea (EDH code Iud); EDH dating: not before 117 CE, not after 138 CE (21-year window); astronomical start_year 117. Data licence CC BY-SA 4.0."
edh:hd023776,work,"Building/dedicatory inscription from Caesarea Maritima, bei - Beit Hanania",,"Latin building/dedicatory inscription; EDH HD023776 from Caesarea Maritima, bei - Beit Hanania; monument type: Block; material: Gesteine; transcription: Imp(eratore) Caes(are) / Tr(aiano) Had(riano) Aug(usto) / vexil(latio) leg(ionis) / VI ferr(atae)",available,117,,medium,"Source: Epigraphic Database Heidelberg (https://edh.ub.uni-heidelberg.de), inscription HD023776, retrieved 2026-10-04; inscription type: titulus dedicatorius (EDH genre 'titoppubpriv'); province: Iudaea (EDH code Iud); EDH dating: not before 117 CE, not after 138 CE (21-year window); astronomical start_year 117. Data licence CC BY-SA 4.0."
edh:hd023852,work,"Boundary inscription from Aphaka, bei - Afqa, bei",,"Latin boundary inscription; EDH HD023852 from Aphaka, bei - Afqa, bei; monument type: Fels; transcription: Finis / Iarith / n(umerus) VII",available,1,,medium,"Source: Epigraphic Database Heidelberg (https://edh.ub.uni-heidelberg.de), inscription HD023852, retrieved 2026-10-04; inscription type: terminus (EDH genre 'titterm'); province: Syria (EDH code Syr); EDH dating: not before 1 CE, not after 300 CE (299-year window); astronomical start_year 1. Data licence CC BY-SA 4.0. Caveats: wide EDH dating window (299 years)."
edh:hd023898,work,"Building/dedicatory inscription from Akçatekir, bei",,"Latin building/dedicatory inscription; EDH HD023898 from Akçatekir, bei; monument type: Fels; transcription: $] / [---]S viam / et [ponte]s a Pylis / usq[ue ad] Alexa[n]dream / ex in[te]gro restituit // ΝΚΤΡΑΤΛΟΡΛϹ / ΟΝ ὅροι",available,222,,high,"Source: Epigraphic Database Heidelberg (https://edh.ub.uni-heidelberg.de), inscription HD023898, retrieved 2026-10-04; inscription type: titulus dedicatorius (EDH genre 'titoppubpriv'); province: Cappadocia (EDH code Cap); EDH dating: not before 222 CE, not after 235 CE (13-year window); astronomical start_year 222. Data licence CC BY-SA 4.0."
edh:hd024343,work,"Mile-/Leaguestone from Acitodunum, bei - Ahun, bei",,"Latin mile-/leaguestone; EDH HD024343 from Acitodunum, bei - Ahun, bei; monument type: Meilenstein; transcription: Impp(eratoribus) / [Caess(aribus) Va]leriano / [et] Gallieno / Augg(ustis) / c(ivitas) L(emovicum) l(eugas) XXXI",available,253,,high,"Source: Epigraphic Database Heidelberg (https://edh.ub.uni-heidelberg.de), inscription HD024343, retrieved 2026-10-04; inscription type: miliarium (EDH genre 'miliarium'); province: Aquitania (EDH code Aqu); EDH dating: not before 253 CE, not after 260 CE (7-year window); astronomical start_year 253. Data licence CC BY-SA 4.0."
edh:hd024346,work,"Mile-/Leaguestone from Acitodunum, bei - Ahun, bei",,"Latin mile-/leaguestone; EDH HD024346 from Acitodunum, bei - Ahun, bei; monument type: Meilenstein; transcription: [I]mpp(eratoribus) / [Caess(aribus) Vale]riano / et Gallieno / Aug[g(ustis)] / c(ivitas) L(emovicum) l(eugas) X[---]",available,253,,high,"Source: Epigraphic Database Heidelberg (https://edh.ub.uni-heidelberg.de), inscription HD024346, retrieved 2026-10-04; inscription type: miliarium (EDH genre 'miliarium'); province: Aquitania (EDH code Aqu); EDH dating: not before 253 CE, not after 260 CE (7-year window); astronomical start_year 253. Data licence CC BY-SA 4.0."
edh:hd024400,work,Identification inscription from Aliso - Haltern/See,,Latin identification inscription; EDH HD024400 from Aliso - Haltern/See; monument type: instrdom; material: Blei; transcription: Ex radice Britan(n)ica,available,-8,,high,"Source: Epigraphic Database Heidelberg (https://edh.ub.uni-heidelberg.de), inscription HD024400, retrieved 2026-10-04; inscription type: nota (EDH genre 'nota'); province: Barbaricum (EDH code Bar); EDH dating: not before 9 BCE, not after 9 CE (18-year window); astronomical start_year -8. Data licence CC BY-SA 4.0."
edh:hd025065,work,Epitaph from Anazarbus - Dilekkaya,,Latin epitaph; EDH HD025065 from Anazarbus - Dilekkaya; monument type: Stele; transcription: D(is) M(anibus) // Calventio Si/lvano veteran(o) / ex numero e{x}/quitum Bata/vonum(!) nati/one Pannonius / domo Sirmi v...,available,197,,medium,"Source: Epigraphic Database Heidelberg (https://edh.ub.uni-heidelberg.de), inscription HD025065, retrieved 2026-10-04; inscription type: titulus sepulcralis (EDH genre 'titsep'); province: Cilicia (EDH code Cil); EDH dating: not before 197 CE, not after 218 CE (21-year window); astronomical start_year 197. Data licence CC BY-SA 4.0."
edh:hd025068,work,Honorific inscription from Aegae - Yumurtalık,,Latin honorific inscription; EDH HD025068 from Aegae - Yumurtalık; monument type: Statuenbasis; transcription: Imp(eratori) Caesari M(arco) Antonio / Gordiano Pio Felici Invi/cto Aug(usto) optimo fortissi/moque p[rincipi n]ostro / ...,available,238,,high,"Source: Epigraphic Database Heidelberg (https://edh.ub.uni-heidelberg.de), inscription HD025068, retrieved 2026-10-04; inscription type: titulus honorarius (EDH genre 'tithon'); province: Cilicia (EDH code Cil); EDH dating: not before 238 CE, not after 244 CE (6-year window); astronomical start_year 238. Data licence CC BY-SA 4.0."
edh:hd025071,work,Epitaph from Aegae - Yumurtalık,,Latin epitaph; EDH HD025071 from Aegae - Yumurtalık; monument type: Tafel; transcription: D(is) M(anibus) / Ulp(ius) Advent(us) / mil(es) cl(assis) pr(aetoriae) / Ravennat(is) / V(pentere) Vict(oria) n(atione) ...,available,101,,medium,"Source: Epigraphic Database Heidelberg (https://edh.ub.uni-heidelberg.de), inscription HD025071, retrieved 2026-10-04; inscription type: titulus sepulcralis (EDH genre 'titsep'); province: Cilicia (EDH code Cil); EDH dating: not before 101 CE, not after 200 CE (99-year window); astronomical start_year 101. Data licence CC BY-SA 4.0."
edh:hd025074,work,Epitaph from Anazarbus - Dilekkaya,,Latin epitaph; EDH HD025074 from Anazarbus - Dilekkaya; transcription: [-] Aemilio / Crispo mil(iti) / cohor(tis) VI Hisp(anorum) / |(centuria) Romani / M(arcus) Domitius / [&,available,1,,medium,"Source: Epigraphic Database Heidelberg (https://edh.ub.uni-heidelberg.de), inscription HD025074, retrieved 2026-10-04; inscription type: titulus sepulcralis (EDH genre 'titsep'); province: Cilicia (EDH code Cil); EDH dating: not before 1 CE, not after 200 CE (199-year window); astronomical start_year 1. Data licence CC BY-SA 4.0. Caveats: wide EDH dating window (199 years)."
edh:hd025384,work,"Epitaph from Neapolis, bei - Nābulus, bei",,"Latin epitaph; EDH HD025384 from Neapolis, bei - Nābulus, bei; monument type: Altar; transcription: D(is) M(anibus) / M(arco) Ulpio Cl(audia) / Magno Sav(ariensi) / |(centurioni) leg(ionis) V Mac(edonicae) / h(ic) s(itus...",available,132,,high,"Source: Epigraphic Database Heidelberg (https://edh.ub.uni-heidelberg.de), inscription HD025384, retrieved 2026-10-04; inscription type: titulus sepulcralis (EDH genre 'titsep'); province: Iudaea (EDH code Iud); EDH dating: not before 132 CE, not after 135 CE (3-year window); astronomical start_year 132. Data licence CC BY-SA 4.0."
edh:hd025501,work,Honorific inscription from Berytus - Beyrouth,,Latin honorific inscription; EDH HD025501 from Berytus - Beyrouth; monument type: Statuenbasis; transcription: M(arco) Sentio Sex(ti) / f(ilio) Fab(ia) Proculo dec(urioni) IIvir(o) / col(oniae) praef(ecto) coh(ortis) I Thrac(um) / ...,available,101,,medium,"Source: Epigraphic Database Heidelberg (https://edh.ub.uni-heidelberg.de), inscription HD025501, retrieved 2026-10-04; inscription type: titulus honorarius (EDH genre 'tithon'); province: Syria (EDH code Syr); EDH dating: not before 101 CE, not after 200 CE (99-year window); astronomical start_year 101. Data licence CC BY-SA 4.0."
edh:hd025773,work,Inscription from Gerasa - Jerash,,Latin inscription; EDH HD025773 from Gerasa - Jerash; transcription: $ L(ucio) Valerio] / Poblilia Firmo / trib(uno) coh(ortis) XXVI vol(untariorum) / trib(uno) mil(itum) leg(ionis) X p(iae...,available,180,,high,"Source: Epigraphic Database Heidelberg (https://edh.ub.uni-heidelberg.de), inscription HD025773, retrieved 2026-10-04; inscription type not recorded in EDH (genre code 'empty'); province: Arabia (EDH code Ara); EDH dating: not before 180 CE, not after 200 CE (20-year window); astronomical start_year 180. Data licence CC BY-SA 4.0."
edh:hd025845,work,Inscription from Mediolanum Santonum - Saintes,,Latin inscription; EDH HD025845 from Mediolanum Santonum - Saintes; transcription: [D(is)] M(anibus) et // Memoriae / Otociliae / Severae / Lugudu/nensis / Martius / Aug(usti) lib(ertus) / coniugi / kari...,available,151,,medium,"Source: Epigraphic Database Heidelberg (https://edh.ub.uni-heidelberg.de), inscription HD025845, retrieved 2026-10-04; inscription type not recorded in EDH (genre code 'empty'); province: Aquitania (EDH code Aqu); EDH dating: not before 151 CE, not after 270 CE (119-year window); astronomical start_year 151. Data licence CC BY-SA 4.0. Caveats: wide EDH dating window (119 years)."
edh:hd026217,work,Epitaph from Sinope - Sinop,,"GL epitaph; EDH HD026217 from Sinope - Sinop; monument type: Sarkophag; material: Marmor, weiß; transcription: P(ublius) Ael(ius) Pompeius veter(anus) ex c(enturione) [natus] / Carnun<t=I>um#Carnun<t>um#CARNUNIUM Pan(n)oniae superi...",available,1,,medium,"Source: Epigraphic Database Heidelberg (https://edh.ub.uni-heidelberg.de), inscription HD026217, retrieved 2026-10-04; inscription type: titulus sepulcralis (EDH genre 'titsep'); province: Bithynia et Pontus (EDH code BiP); EDH dating: not before 1 CE, not after 200 CE (199-year window); astronomical start_year 1. Data licence CC BY-SA 4.0. Caveats: wide EDH dating window (199 years)."
edh:hd026368,work,Inscription from Ephesus,,Latin inscription; EDH HD026368 from Ephesus; transcription: Ti(berio) Claudio Caesari Aug(usto) Germa/nico imper(atori) pont(ifici) max(imo) trib(unicia) pot(estate) III / co(n)s(u...,available,43,,high,"Source: Epigraphic Database Heidelberg (https://edh.ub.uni-heidelberg.de), inscription HD026368, retrieved 2026-10-04; inscription type not recorded in EDH (genre code 'empty'); province: Asia (EDH code Asi); EDH dating: not before 43 CE, not after 44 CE (1-year window); astronomical start_year 43. Data licence CC BY-SA 4.0."
edh:hd026395,work,Owner/artist inscription from Lolland,,"GL owner/artist inscription; EDH HD026395 from Lolland; monument type: instrdom; material: Silber, Gold; transcription: Chirisophos epoi // Silius",available,1,,medium,"Source: Epigraphic Database Heidelberg (https://edh.ub.uni-heidelberg.de), inscription HD026395, retrieved 2026-10-04; inscription type: titulus possessorius/fabrilis (EDH genre 'titpossfabr'); province: Barbaricum (EDH code Bar); EDH dating: not before 1 CE, not after 30 CE (29-year window); astronomical start_year 1. Data licence CC BY-SA 4.0."
edh:hd026683,work,Epitaph from Thamusida - Sidi Ali ben Ahmed,,Latin epitaph; EDH HD026683 from Thamusida - Sidi Ali ben Ahmed; transcription: M(arcus) Sen[tius] / Victo[r eq(ues) alae] / Asturum p(iae) f(idelis) / Faventia [an(norum) ---] / stip(endiorum) XVI h(...,available,1,,medium,"Source: Epigraphic Database Heidelberg (https://edh.ub.uni-heidelberg.de), inscription HD026683, retrieved 2026-10-04; inscription type: titulus sepulcralis (EDH genre 'titsep'); province: Mauretania Tingitana (EDH code MaT); EDH dating: not before 1 CE, not after 130 CE (129-year window); astronomical start_year 1. Data licence CC BY-SA 4.0. Caveats: wide EDH dating window (129 years)."
edh:hd026860,work,Epitaph from Chalcedon - Kadıköy,,Latin epitaph; EDH HD026860 from Chalcedon - Kadıköy; monument type: Stele; material: Gesteine; transcription: D(is) M(anibus) / Severius Acceptus / miles leg(ionis) VIII Aug(ustae) / stip(endiorum) VI vixit ann(is) / XXVI / Dubita...,available,51,,high,"Source: Epigraphic Database Heidelberg (https://edh.ub.uni-heidelberg.de), inscription HD026860, retrieved 2026-10-04; inscription type: titulus sepulcralis (EDH genre 'titsep'); province: Bithynia et Pontus (EDH code BiP); EDH dating: not before 51 CE, not after 70 CE (19-year window); astronomical start_year 51. Data licence CC BY-SA 4.0."
edh:hd027198,work,Epitaph from unknown findspot,,Latin epitaph; EDH HD027198 from unknown findspot; transcription: $] / Priscae / coniu/gi pien/tissim/ae P(ublius) Ael(ius) / Nepos / maritus / posuit / vixit an(nos) XXCV,available,131,,medium,"Source: Epigraphic Database Heidelberg (https://edh.ub.uni-heidelberg.de), inscription HD027198, retrieved 2026-10-04; inscription type: titulus sepulcralis (EDH genre 'titsep'); province: unknown province code 'Dal?' (EDH code Dal?); EDH dating: not before 131 CE, not after 200 CE (69-year window); astronomical start_year 131. Data licence CC BY-SA 4.0."
edh:hd027508,work,Identification inscription from Centumcellae - Civitavecchia,,Latin identification inscription; EDH HD027508 from Centumcellae - Civitavecchia; monument type: Tafel; transcription: L(ucius) Valerius L(uci) l(ibertus) Mocapor / piscator salve,available,1,,medium,"Source: Epigraphic Database Heidelberg (https://edh.ub.uni-heidelberg.de), inscription HD027508, retrieved 2026-10-04; inscription type: nota (EDH genre 'nota'); province: unknown province code 'TuU' (EDH code TuU); EDH dating: not before 1 CE, not after 300 CE (299-year window); astronomical start_year 1. Data licence CC BY-SA 4.0. Caveats: wide EDH dating window (299 years)."
edh:hd027825,work,"Votive inscription from Buthrotum - Ksamil, bei",,"Latin votive inscription; EDH HD027825 from Buthrotum - Ksamil, bei; monument type: Cippus; material: Kalkstein; transcription: A(ulus) Hirtuleius / Asiaticus / Aesculapio",available,1,,medium,"Source: Epigraphic Database Heidelberg (https://edh.ub.uni-heidelberg.de), inscription HD027825, retrieved 2026-10-04; inscription type: titulus votivus (EDH genre 'titsac'); province: Epirus (EDH code Epi); EDH dating: not before 1 CE, not after 100 CE (99-year window); astronomical start_year 1. Data licence CC BY-SA 4.0."
edh:hd027828,work,Epitaph from Fitore,,Latin epitaph; EDH HD027828 from Fitore; monument type: Tafel; material: Kalkstein; transcription: Q(uintus) Trebonius [---] / dec(urio) Buthrot(i) m[---] / annal(is?) incol(is?) f[---] / Iunia A(uli) l(iberta) Amm[---]...,available,-29,,medium,"Source: Epigraphic Database Heidelberg (https://edh.ub.uni-heidelberg.de), inscription HD027828, retrieved 2026-10-04; inscription type: titulus sepulcralis (EDH genre 'titsep'); province: Epirus (EDH code Epi); EDH dating: not before 30 BCE, not after 30 CE (60-year window); astronomical start_year -29. Data licence CC BY-SA 4.0."
edh:hd027831,work,"Private legal inscription from Buthrotum - Ksamil, bei",,"Latin private legal inscription; EDH HD027831 from Buthrotum - Ksamil, bei; monument type: Tafel; material: Marmor; transcription: [--- volu]ntas mea et rata post [---]/[---]m meam in qua puteus e[---] / [---]tis viri mei volo ita u[t ---] / [violam] ...",available,51,,medium,"Source: Epigraphic Database Heidelberg (https://edh.ub.uni-heidelberg.de), inscription HD027831, retrieved 2026-10-04; inscription type: titulus iuridicus privatus (EDH genre 'titiurpriv'); province: Epirus (EDH code Epi); EDH dating: not before 51 CE, not after 200 CE (149-year window); astronomical start_year 51. Data licence CC BY-SA 4.0. Caveats: wide EDH dating window (149 years)."
edh:hd028167,work,Votive inscription from Eleutherna - Prines,,Greek votive inscription; EDH HD028167 from Eleutherna - Prines; monument type: Altar; transcription: Καίσαρι / θεῷ / θεοῦ / υἱῷ Σε/βαστῷ,available,-26,,medium,"Source: Epigraphic Database Heidelberg (https://edh.ub.uni-heidelberg.de), inscription HD028167, retrieved 2026-10-04; inscription type: titulus votivus (EDH genre 'titsac'); province: Creta (EDH code Cre); EDH dating: not before 27 BCE, not after 14 CE (41-year window); astronomical start_year -26. Data licence CC BY-SA 4.0."
edh:hd028716,work,Epitaph from Pergamum,,GL epitaph; EDH HD028716 from Pergamum; transcription: [P(ublius) Cornelius P(ubli) f(ilius) Scipio] Nasica l[egatus pontifex maximus] // [Πόπλιος Κορνήλιος Σκιπίων] Ποπλίου Ν...,available,-129,,medium,"Source: Epigraphic Database Heidelberg (https://edh.ub.uni-heidelberg.de), inscription HD028716, retrieved 2026-10-04; inscription type: titulus sepulcralis (EDH genre 'titsep?'); genre attribution uncertain in EDH; province: Asia (EDH code Asi); EDH dating: not before 130 BCE, not after 100 BCE (30-year window); astronomical start_year -129. Data licence CC BY-SA 4.0."
edh:hd029778,work,Epitaph from unknown findspot,,Latin epitaph; EDH HD029778 from unknown findspot; transcription: D(is) M(anibus) / C(ai) Vari Burri / C(aius) Varius Lucifer / et Vestana Valentina / f(ilio) pientissimo d(efuncto) a(nn...,available,151,,medium,"Source: Epigraphic Database Heidelberg (https://edh.ub.uni-heidelberg.de), inscription HD029778, retrieved 2026-10-04; inscription type: titulus sepulcralis (EDH genre 'titsep'); province: unknown province code 'Dal?' (EDH code Dal?); EDH dating: not before 151 CE, not after 300 CE (149-year window); astronomical start_year 151. Data licence CC BY-SA 4.0. Caveats: wide EDH dating window (149 years)."
edh:hd029805,work,Votive inscription from Axima (Forum Claudii Ceutronum) - Aime en Tarentaise,,"Latin votive inscription; EDH HD029805 from Axima (Forum Claudii Ceutronum) - Aime en Tarentaise; monument type: Altar; material: Marmor, weiß; transcription: Marti Aug(usto) / T(itus) Accius T(iti) f(ilius) Q(uirina) Se/cundus Eburo/duni b(eneficiarius) P(ubli) Memmi / Clementi...",available,171,,medium,"Source: Epigraphic Database Heidelberg (https://edh.ub.uni-heidelberg.de), inscription HD029805, retrieved 2026-10-04; inscription type: titulus votivus (EDH genre 'titsac'); province: Alpes Graiae (EDH code AlG); EDH dating: not before 171 CE, not after 200 CE (29-year window); astronomical start_year 171. Data licence CC BY-SA 4.0."
edh:hd030162,work,Votive inscription from Clusium - Chiusi,,Latin votive inscription; EDH HD030162 from Clusium - Chiusi; monument type: instrsac; material: Bronze; transcription: A(ulus) Serg(ius) Polybius / Aug(ustalis) d(onum) d(edit),available,1,,medium,"Source: Epigraphic Database Heidelberg (https://edh.ub.uni-heidelberg.de), inscription HD030162, retrieved 2026-10-04; inscription type: titulus votivus (EDH genre 'titsac'); province: unknown province code 'TuU' (EDH code TuU); EDH dating: not before 1 CE, not after 100 CE (99-year window); astronomical start_year 1. Data licence CC BY-SA 4.0."
edh:hd031383,work,Mile-/Leaguestone from Soungourlou,,GL mile-/leaguestone; EDH HD031383 from Soungourlou; monument type: Meilenstein; material: Kalkstein; transcription: Imp(erator) / [Nerva] C[a]esar Aug(ustus) [pont(ifex)] / max(imus) trib(unicia) potest(ate) [II] / co(n)s(ul) III p(ater...,available,97,,high,"Source: Epigraphic Database Heidelberg (https://edh.ub.uni-heidelberg.de), inscription HD031383, retrieved 2026-10-04; inscription type: miliarium (EDH genre 'miliarium'); province: Bithynia et Pontus (EDH code BiP); EDH dating: not before 97 CE, not after 98 CE (1-year window); astronomical start_year 97. Data licence CC BY-SA 4.0."
