entity_id,entity_type,canonical_name,aliases,description,relation,start_year,end_year,confidence,notes
snap:11000,person,Belles,,SNAP-DRGN merged ancient person; sources: Trismegistos,alive,51,250,medium,SNAP-DRGN person 11000 (http://data.snapdrgn.net/person/11000/); associated attestation dates: 0133; narrowest range 0133 (0y) -> 2nd century CE expanded +/-50y; confidence medium (<=60y window; rough floruit); source SNAP-DRGN data.snapdrgn.net retrieved 2026-10-04
snap:11001,person,Sarapion,,SNAP-DRGN merged ancient person; sources: Trismegistos,alive,51,250,medium,SNAP-DRGN person 11001 (http://data.snapdrgn.net/person/11001/); associated attestation dates: 0150; narrowest range 0150 (0y) -> 2nd century CE expanded +/-50y; confidence medium (<=60y window; rough floruit); source SNAP-DRGN data.snapdrgn.net retrieved 2026-10-04
snap:11002,person,Onnophris,,SNAP-DRGN merged ancient person; sources: Trismegistos,alive,-249,-50,medium,SNAP-DRGN person 11002 (http://data.snapdrgn.net/person/11002/); associated attestation dates: -0115; narrowest range -0115 (0y) -> 2nd century BCE expanded +/-50y; confidence medium (<=60y window; rough floruit); source SNAP-DRGN data.snapdrgn.net retrieved 2026-10-04
snap:11004,person,Totoes,,SNAP-DRGN merged ancient person; sources: Trismegistos,alive,-249,-50,low,SNAP-DRGN person 11004 (http://data.snapdrgn.net/person/11004/); associated attestation dates: -0189/-0100; narrowest range -0189/-0100 (89y) -> 2nd century BCE expanded +/-50y; confidence low (century inferred from attestation window); source SNAP-DRGN data.snapdrgn.net retrieved 2026-10-04
snap:11005,person,Isak,,SNAP-DRGN merged ancient person; sources: Trismegistos,alive,551,750,medium,SNAP-DRGN person 11005 (http://data.snapdrgn.net/person/11005/); associated attestation dates: 0609; narrowest range 0609 (0y) -> 7th century CE expanded +/-50y; confidence medium (<=60y window; rough floruit); source SNAP-DRGN data.snapdrgn.net retrieved 2026-10-04
snap:11006,person,Keras,,SNAP-DRGN merged ancient person; sources: Trismegistos,alive,-49,150,medium,SNAP-DRGN person 11006 (http://data.snapdrgn.net/person/11006/); associated attestation dates: 0034; narrowest range 0034 (0y) -> 1st century CE expanded +/-50y; confidence medium (<=60y window; rough floruit); source SNAP-DRGN data.snapdrgn.net retrieved 2026-10-04
snap:11007,person,Her-an alias ...anoupis,,SNAP-DRGN merged ancient person; sources: Trismegistos,alive,-149,50,medium,SNAP-DRGN person 11007 (http://data.snapdrgn.net/person/11007/); associated attestation dates: -0041; narrowest range -0041 (0y) -> 1st century BCE expanded +/-50y; confidence medium (<=60y window; rough floruit); source SNAP-DRGN data.snapdrgn.net retrieved 2026-10-04
snap:11008,person,Pamonthes,,SNAP-DRGN merged ancient person; sources: Trismegistos,alive,51,250,medium,SNAP-DRGN person 11008 (http://data.snapdrgn.net/person/11008/); associated attestation dates: 0154; narrowest range 0154 (0y) -> 2nd century CE expanded +/-50y; confidence medium (<=60y window; rough floruit); source SNAP-DRGN data.snapdrgn.net retrieved 2026-10-04
snap:11009,person,Ioannes,,SNAP-DRGN merged ancient person; sources: Trismegistos,alive,651,850,low,SNAP-DRGN person 11009 (http://data.snapdrgn.net/person/11009/); associated attestation dates: 0700/0799; narrowest range 0700/0799 (99y) -> 8th century CE expanded +/-50y; confidence low (century inferred from attestation window); source SNAP-DRGN data.snapdrgn.net retrieved 2026-10-04
snap:11011,person,Aurelius,,SNAP-DRGN merged ancient person; sources: Trismegistos,alive,351,550,medium,SNAP-DRGN person 11011 (http://data.snapdrgn.net/person/11011/); associated attestation dates: 0441; narrowest range 0441 (0y) -> 5th century CE expanded +/-50y; confidence medium (<=60y window; rough floruit); source SNAP-DRGN data.snapdrgn.net retrieved 2026-10-04
snap:11012,person,Didymos,,SNAP-DRGN merged ancient person; sources: Trismegistos,alive,-49,150,medium,SNAP-DRGN person 11012 (http://data.snapdrgn.net/person/11012/); associated attestation dates: 0029/0030; narrowest range 0029/0030 (1y) -> 1st century CE expanded +/-50y; confidence medium (<=60y window; rough floruit); source SNAP-DRGN data.snapdrgn.net retrieved 2026-10-04
snap:11013,person,Teos,,SNAP-DRGN merged ancient person; sources: Trismegistos,alive,51,250,medium,SNAP-DRGN person 11013 (http://data.snapdrgn.net/person/11013/); associated attestation dates: 0139; narrowest range 0139 (0y) -> 2nd century CE expanded +/-50y; confidence medium (<=60y window; rough floruit); source SNAP-DRGN data.snapdrgn.net retrieved 2026-10-04
snap:11015,person,Petemius,,SNAP-DRGN merged ancient person; sources: Trismegistos,alive,-349,-150,medium,SNAP-DRGN person 11015 (http://data.snapdrgn.net/person/11015/); associated attestation dates: -0256; narrowest range -0256 (0y) -> 3rd century BCE expanded +/-50y; confidence medium (<=60y window; rough floruit); source SNAP-DRGN data.snapdrgn.net retrieved 2026-10-04
snap:11016,person,Marres,,SNAP-DRGN merged ancient person; sources: Trismegistos,alive,-249,-50,medium,SNAP-DRGN person 11016 (http://data.snapdrgn.net/person/11016/); associated attestation dates: -0114; narrowest range -0114 (0y) -> 2nd century BCE expanded +/-50y; confidence medium (<=60y window; rough floruit); source SNAP-DRGN data.snapdrgn.net retrieved 2026-10-04
snap:11017,person,Dorotheos,,SNAP-DRGN merged ancient person; sources: Trismegistos,alive,251,450,low,SNAP-DRGN person 11017 (http://data.snapdrgn.net/person/11017/); associated attestation dates: 0300/0399; narrowest range 0300/0399 (99y) -> 4th century CE expanded +/-50y; confidence low (century inferred from attestation window); source SNAP-DRGN data.snapdrgn.net retrieved 2026-10-04
snap:11018,person,Pasis,,SNAP-DRGN merged ancient person; sources: Trismegistos,alive,-349,-150,medium,SNAP-DRGN person 11018 (http://data.snapdrgn.net/person/11018/); associated attestation dates: -0242; narrowest range -0242 (0y) -> 3rd century BCE expanded +/-50y; confidence medium (<=60y window; rough floruit); source SNAP-DRGN data.snapdrgn.net retrieved 2026-10-04
snap:11019,person,Komasios,,SNAP-DRGN merged ancient person; sources: Trismegistos,alive,251,450,medium,SNAP-DRGN person 11019 (http://data.snapdrgn.net/person/11019/); associated attestation dates: 0362; narrowest range 0362 (0y) -> 4th century CE expanded +/-50y; confidence medium (<=60y window; rough floruit); source SNAP-DRGN data.snapdrgn.net retrieved 2026-10-04
snap:11022,person,Haraous,,SNAP-DRGN merged ancient person; sources: Trismegistos,alive,151,350,low,SNAP-DRGN person 11022 (http://data.snapdrgn.net/person/11022/); associated attestation dates: 0200/0265; narrowest range 0200/0265 (65y) -> 3rd century CE expanded +/-50y; confidence low (century inferred from attestation window); source SNAP-DRGN data.snapdrgn.net retrieved 2026-10-04
snap:11023,person,Dion...,,SNAP-DRGN merged ancient person; sources: Trismegistos,alive,-249,-50,medium,SNAP-DRGN person 11023 (http://data.snapdrgn.net/person/11023/); associated attestation dates: -0144; narrowest range -0144 (0y) -> 2nd century BCE expanded +/-50y; confidence medium (<=60y window; rough floruit); source SNAP-DRGN data.snapdrgn.net retrieved 2026-10-04
snap:11024,person,Akula,,SNAP-DRGN merged ancient person; sources: Trismegistos,alive,151,350,medium,SNAP-DRGN person 11024 (http://data.snapdrgn.net/person/11024/); associated attestation dates: 0210; narrowest range 0210 (0y) -> 3rd century CE expanded +/-50y; confidence medium (<=60y window; rough floruit); source SNAP-DRGN data.snapdrgn.net retrieved 2026-10-04
snap:11025,person,Marcella,,SNAP-DRGN merged ancient person; sources: Trismegistos,alive,251,450,medium,SNAP-DRGN person 11025 (http://data.snapdrgn.net/person/11025/); associated attestation dates: 0338; narrowest range 0338 (0y) -> 4th century CE expanded +/-50y; confidence medium (<=60y window; rough floruit); source SNAP-DRGN data.snapdrgn.net retrieved 2026-10-04
snap:11026,person,Onnophris,,SNAP-DRGN merged ancient person; sources: Trismegistos,alive,151,350,medium,SNAP-DRGN person 11026 (http://data.snapdrgn.net/person/11026/); associated attestation dates: 0212/0250; narrowest range 0212/0250 (38y) -> 3rd century CE expanded +/-50y; confidence medium (<=60y window; rough floruit); source SNAP-DRGN data.snapdrgn.net retrieved 2026-10-04
snap:11027,person,Nechtpheros,,SNAP-DRGN merged ancient person; sources: Trismegistos,alive,-49,150,medium,SNAP-DRGN person 11027 (http://data.snapdrgn.net/person/11027/); associated attestation dates: 0022; narrowest range 0022 (0y) -> 1st century CE expanded +/-50y; confidence medium (<=60y window; rough floruit); source SNAP-DRGN data.snapdrgn.net retrieved 2026-10-04
snap:11028,person,Apia,,SNAP-DRGN merged ancient person; sources: Trismegistos,alive,51,250,medium,SNAP-DRGN person 11028 (http://data.snapdrgn.net/person/11028/); associated attestation dates: 0121; narrowest range 0121 (0y) -> 2nd century CE expanded +/-50y; confidence medium (<=60y window; rough floruit); source SNAP-DRGN data.snapdrgn.net retrieved 2026-10-04
snap:11029,person,Hermas,,SNAP-DRGN merged ancient person; sources: Trismegistos,alive,-49,150,medium,SNAP-DRGN person 11029 (http://data.snapdrgn.net/person/11029/); associated attestation dates: 0046/0047; narrowest range 0046/0047 (1y) -> 1st century CE expanded +/-50y; confidence medium (<=60y window; rough floruit); source SNAP-DRGN data.snapdrgn.net retrieved 2026-10-04
snap:11030,person,Hermon,,SNAP-DRGN merged ancient person; sources: Trismegistos,alive,51,250,medium,SNAP-DRGN person 11030 (http://data.snapdrgn.net/person/11030/); associated attestation dates: 0142; narrowest range 0142 (0y) -> 2nd century CE expanded +/-50y; confidence medium (<=60y window; rough floruit); source SNAP-DRGN data.snapdrgn.net retrieved 2026-10-04
snap:11032,person,Horos,,SNAP-DRGN merged ancient person; sources: Trismegistos,alive,751,950,medium,SNAP-DRGN person 11032 (http://data.snapdrgn.net/person/11032/); associated attestation dates: 0842; narrowest range 0842 (0y) -> 9th century CE expanded +/-50y; confidence medium (<=60y window; rough floruit); source SNAP-DRGN data.snapdrgn.net retrieved 2026-10-04
snap:11033,person,Nechthembes,,SNAP-DRGN merged ancient person; sources: Trismegistos,alive,-349,-150,medium,SNAP-DRGN person 11033 (http://data.snapdrgn.net/person/11033/); associated attestation dates: -0241; narrowest range -0241 (0y) -> 3rd century BCE expanded +/-50y; confidence medium (<=60y window; rough floruit); source SNAP-DRGN data.snapdrgn.net retrieved 2026-10-04
snap:11034,person,Silvanus,,SNAP-DRGN merged ancient person; sources: Trismegistos,alive,51,250,low,SNAP-DRGN person 11034 (http://data.snapdrgn.net/person/11034/); associated attestation dates: 0100/0199; narrowest range 0100/0199 (99y) -> 2nd century CE expanded +/-50y; confidence low (century inferred from attestation window); source SNAP-DRGN data.snapdrgn.net retrieved 2026-10-04
snap:11035,person,Poseidonios,,SNAP-DRGN merged ancient person; sources: Trismegistos,alive,-349,-150,medium,SNAP-DRGN person 11035 (http://data.snapdrgn.net/person/11035/); associated attestation dates: -0206; narrowest range -0206 (0y) -> 3rd century BCE expanded +/-50y; confidence medium (<=60y window; rough floruit); source SNAP-DRGN data.snapdrgn.net retrieved 2026-10-04
snap:11036,person,Eunomios,,SNAP-DRGN merged ancient person; sources: Trismegistos,alive,-49,150,medium,SNAP-DRGN person 11036 (http://data.snapdrgn.net/person/11036/); associated attestation dates: 0032; narrowest range 0032 (0y) -> 1st century CE expanded +/-50y; confidence medium (<=60y window; rough floruit); source SNAP-DRGN data.snapdrgn.net retrieved 2026-10-04
snap:11037,person,Ninis,,SNAP-DRGN merged ancient person; sources: Trismegistos,alive,51,250,medium,SNAP-DRGN person 11037 (http://data.snapdrgn.net/person/11037/); associated attestation dates: 0100/0125; narrowest range 0100/0125 (25y) -> 2nd century CE expanded +/-50y; confidence medium (<=60y window; rough floruit); source SNAP-DRGN data.snapdrgn.net retrieved 2026-10-04
snap:11039,person,...,,SNAP-DRGN merged ancient person; sources: Trismegistos,alive,-49,150,medium,SNAP-DRGN person 11039 (http://data.snapdrgn.net/person/11039/); associated attestation dates: 0075/0125; narrowest range 0075/0125 (50y) -> 1st century CE expanded +/-50y; confidence medium (<=60y window; rough floruit); source SNAP-DRGN data.snapdrgn.net retrieved 2026-10-04
snap:11040,person,Horos,,SNAP-DRGN merged ancient person; sources: Trismegistos,alive,51,250,medium,SNAP-DRGN person 11040 (http://data.snapdrgn.net/person/11040/); associated attestation dates: 0192/0200; narrowest range 0192/0200 (8y) -> 2nd century CE expanded +/-50y; confidence medium (<=60y window; rough floruit); source SNAP-DRGN data.snapdrgn.net retrieved 2026-10-04
snap:11041,person,Pachompetenephotes,,SNAP-DRGN merged ancient person; sources: Trismegistos,alive,51,250,medium,SNAP-DRGN person 11041 (http://data.snapdrgn.net/person/11041/); associated attestation dates: 0116; narrowest range 0116 (0y) -> 2nd century CE expanded +/-50y; confidence medium (<=60y window; rough floruit); source SNAP-DRGN data.snapdrgn.net retrieved 2026-10-04
snap:11042,person,Helenia,,SNAP-DRGN merged ancient person; sources: Trismegistos,alive,-49,150,medium,SNAP-DRGN person 11042 (http://data.snapdrgn.net/person/11042/); associated attestation dates: 0058; narrowest range 0058 (0y) -> 1st century CE expanded +/-50y; confidence medium (<=60y window; rough floruit); source SNAP-DRGN data.snapdrgn.net retrieved 2026-10-04
snap:11043,person,Satabous,,SNAP-DRGN merged ancient person; sources: Trismegistos,alive,51,250,medium,SNAP-DRGN person 11043 (http://data.snapdrgn.net/person/11043/); associated attestation dates: 0192/0200; narrowest range 0192/0200 (8y) -> 2nd century CE expanded +/-50y; confidence medium (<=60y window; rough floruit); source SNAP-DRGN data.snapdrgn.net retrieved 2026-10-04
snap:11044,person,Sokonopis,,SNAP-DRGN merged ancient person; sources: Trismegistos,alive,-249,-50,medium,SNAP-DRGN person 11044 (http://data.snapdrgn.net/person/11044/); associated attestation dates: -0136; narrowest range -0136 (0y) -> 2nd century BCE expanded +/-50y; confidence medium (<=60y window; rough floruit); source SNAP-DRGN data.snapdrgn.net retrieved 2026-10-04
snap:11045,person,Serenus,,SNAP-DRGN merged ancient person; sources: Trismegistos,alive,51,250,medium,SNAP-DRGN person 11045 (http://data.snapdrgn.net/person/11045/); associated attestation dates: 0166; narrowest range 0166 (0y) -> 2nd century CE expanded +/-50y; confidence medium (<=60y window; rough floruit); source SNAP-DRGN data.snapdrgn.net retrieved 2026-10-04
snap:11046,person,Pete-pep,,SNAP-DRGN merged ancient person; sources: Trismegistos,alive,-749,-550,medium,SNAP-DRGN person 11046 (http://data.snapdrgn.net/person/11046/); associated attestation dates: -0664/-0610; narrowest range -0664/-0610 (54y) -> 7th century BCE expanded +/-50y; confidence medium (<=60y window; rough floruit); source SNAP-DRGN data.snapdrgn.net retrieved 2026-10-04
snap:11047,person,Esnachomneus,,SNAP-DRGN merged ancient person; sources: Trismegistos,alive,-249,-50,medium,SNAP-DRGN person 11047 (http://data.snapdrgn.net/person/11047/); associated attestation dates: -0143; narrowest range -0143 (0y) -> 2nd century BCE expanded +/-50y; confidence medium (<=60y window; rough floruit); source SNAP-DRGN data.snapdrgn.net retrieved 2026-10-04
snap:11048,person,Taonnophris,,SNAP-DRGN merged ancient person; sources: Trismegistos,alive,51,250,medium,SNAP-DRGN person 11048 (http://data.snapdrgn.net/person/11048/); associated attestation dates: 0196/0198; narrowest range 0196/0198 (2y) -> 2nd century CE expanded +/-50y; confidence medium (<=60y window; rough floruit); source SNAP-DRGN data.snapdrgn.net retrieved 2026-10-04
snap:11049,person,Pousi,,SNAP-DRGN merged ancient person; sources: Trismegistos,alive,251,450,low,SNAP-DRGN person 11049 (http://data.snapdrgn.net/person/11049/); associated attestation dates: 0300/0399; narrowest range 0300/0399 (99y) -> 4th century CE expanded +/-50y; confidence low (century inferred from attestation window); source SNAP-DRGN data.snapdrgn.net retrieved 2026-10-04
snap:11051,person,Psenapathes,,SNAP-DRGN merged ancient person; sources: Trismegistos,alive,51,250,medium,SNAP-DRGN person 11051 (http://data.snapdrgn.net/person/11051/); associated attestation dates: 0122; narrowest range 0122 (0y) -> 2nd century CE expanded +/-50y; confidence medium (<=60y window; rough floruit); source SNAP-DRGN data.snapdrgn.net retrieved 2026-10-04
snap:11052,person,Pibichis,,SNAP-DRGN merged ancient person; sources: Trismegistos,alive,51,250,low,SNAP-DRGN person 11052 (http://data.snapdrgn.net/person/11052/); associated attestation dates: 0100/0199; narrowest range 0100/0199 (99y) -> 2nd century CE expanded +/-50y; confidence low (century inferred from attestation window); source SNAP-DRGN data.snapdrgn.net retrieved 2026-10-04
snap:11053,person,...,,SNAP-DRGN merged ancient person; sources: Trismegistos,alive,251,450,medium,SNAP-DRGN person 11053 (http://data.snapdrgn.net/person/11053/); associated attestation dates: 0374; narrowest range 0374 (0y) -> 4th century CE expanded +/-50y; confidence medium (<=60y window; rough floruit); source SNAP-DRGN data.snapdrgn.net retrieved 2026-10-04
snap:11054,person,Nikomache,,SNAP-DRGN merged ancient person; sources: Trismegistos,alive,-349,-150,medium,SNAP-DRGN person 11054 (http://data.snapdrgn.net/person/11054/); associated attestation dates: -0225/-0200; narrowest range -0225/-0200 (25y) -> 3rd century BCE expanded +/-50y; confidence medium (<=60y window; rough floruit); source SNAP-DRGN data.snapdrgn.net retrieved 2026-10-04
snap:11055,person,Theophilos,,SNAP-DRGN merged ancient person; sources: Trismegistos,alive,-349,-150,medium,SNAP-DRGN person 11055 (http://data.snapdrgn.net/person/11055/); associated attestation dates: -0275/-0225; narrowest range -0275/-0225 (50y) -> 3rd century BCE expanded +/-50y; confidence medium (<=60y window; rough floruit); source SNAP-DRGN data.snapdrgn.net retrieved 2026-10-04
snap:11056,person,Sarapion,,SNAP-DRGN merged ancient person; sources: Trismegistos,alive,51,250,medium,SNAP-DRGN person 11056 (http://data.snapdrgn.net/person/11056/); associated attestation dates: 0127; narrowest range 0127 (0y) -> 2nd century CE expanded +/-50y; confidence medium (<=60y window; rough floruit); source SNAP-DRGN data.snapdrgn.net retrieved 2026-10-04
snap:11057,person,Pinas,,SNAP-DRGN merged ancient person; sources: Trismegistos,alive,251,450,medium,SNAP-DRGN person 11057 (http://data.snapdrgn.net/person/11057/); associated attestation dates: 0350/0370; narrowest range 0350/0370 (20y) -> 4th century CE expanded +/-50y; confidence medium (<=60y window; rough floruit); source SNAP-DRGN data.snapdrgn.net retrieved 2026-10-04
snap:11058,person,Epaphroditos,,SNAP-DRGN merged ancient person; sources: Trismegistos,alive,51,250,low,SNAP-DRGN person 11058 (http://data.snapdrgn.net/person/11058/); associated attestation dates: 0100/0199; narrowest range 0100/0199 (99y) -> 2nd century CE expanded +/-50y; confidence low (century inferred from attestation window); source SNAP-DRGN data.snapdrgn.net retrieved 2026-10-04
snap:11059,person,Ision,,SNAP-DRGN merged ancient person; sources: Trismegistos,alive,151,350,medium,SNAP-DRGN person 11059 (http://data.snapdrgn.net/person/11059/); associated attestation dates: 0212; narrowest range 0212 (0y) -> 3rd century CE expanded +/-50y; confidence medium (<=60y window; rough floruit); source SNAP-DRGN data.snapdrgn.net retrieved 2026-10-04
snap:11060,person,Psosneus,,SNAP-DRGN merged ancient person; sources: Trismegistos,alive,-49,150,medium,SNAP-DRGN person 11060 (http://data.snapdrgn.net/person/11060/); associated attestation dates: 0042; narrowest range 0042 (0y) -> 1st century CE expanded +/-50y; confidence medium (<=60y window; rough floruit); source SNAP-DRGN data.snapdrgn.net retrieved 2026-10-04
snap:11061,person,Horigenes,,SNAP-DRGN merged ancient person; sources: Trismegistos,alive,51,250,medium,SNAP-DRGN person 11061 (http://data.snapdrgn.net/person/11061/); associated attestation dates: 0159; narrowest range 0159 (0y) -> 2nd century CE expanded +/-50y; confidence medium (<=60y window; rough floruit); source SNAP-DRGN data.snapdrgn.net retrieved 2026-10-04
snap:11062,person,Phatres,,SNAP-DRGN merged ancient person; sources: Trismegistos,alive,-249,-50,medium,SNAP-DRGN person 11062 (http://data.snapdrgn.net/person/11062/); associated attestation dates: -0114; narrowest range -0114 (0y) -> 2nd century BCE expanded +/-50y; confidence medium (<=60y window; rough floruit); source SNAP-DRGN data.snapdrgn.net retrieved 2026-10-04
snap:11063,person,Isak,,SNAP-DRGN merged ancient person; sources: Trismegistos,alive,651,850,medium,SNAP-DRGN person 11063 (http://data.snapdrgn.net/person/11063/); associated attestation dates: 0770/0780; narrowest range 0770/0780 (10y) -> 8th century CE expanded +/-50y; confidence medium (<=60y window; rough floruit); source SNAP-DRGN data.snapdrgn.net retrieved 2026-10-04
snap:11064,person,Stotoetis,,SNAP-DRGN merged ancient person; sources: Trismegistos,alive,51,250,medium,SNAP-DRGN person 11064 (http://data.snapdrgn.net/person/11064/); associated attestation dates: 0133; narrowest range 0133 (0y) -> 2nd century CE expanded +/-50y; confidence medium (<=60y window; rough floruit); source SNAP-DRGN data.snapdrgn.net retrieved 2026-10-04
snap:11066,person,Ioanna,,SNAP-DRGN merged ancient person; sources: Trismegistos,alive,-249,-50,medium,SNAP-DRGN person 11066 (http://data.snapdrgn.net/person/11066/); associated attestation dates: -0142; narrowest range -0142 (0y) -> 2nd century BCE expanded +/-50y; confidence medium (<=60y window; rough floruit); source SNAP-DRGN data.snapdrgn.net retrieved 2026-10-04
snap:11067,person,Leonides,,SNAP-DRGN merged ancient person; sources: Trismegistos,alive,-49,150,medium,SNAP-DRGN person 11067 (http://data.snapdrgn.net/person/11067/); associated attestation dates: 0041; narrowest range 0041 (0y) -> 1st century CE expanded +/-50y; confidence medium (<=60y window; rough floruit); source SNAP-DRGN data.snapdrgn.net retrieved 2026-10-04
snap:11068,person,Totoes,,SNAP-DRGN merged ancient person; sources: Trismegistos,alive,51,250,medium,SNAP-DRGN person 11068 (http://data.snapdrgn.net/person/11068/); associated attestation dates: 0142/0143; narrowest range 0142/0143 (1y) -> 2nd century CE expanded +/-50y; confidence medium (<=60y window; rough floruit); source SNAP-DRGN data.snapdrgn.net retrieved 2026-10-04
snap:11069,person,Herakleios,,SNAP-DRGN merged ancient person; sources: Trismegistos,alive,51,250,low,SNAP-DRGN person 11069 (http://data.snapdrgn.net/person/11069/); associated attestation dates: 0100/0199; narrowest range 0100/0199 (99y) -> 2nd century CE expanded +/-50y; confidence low (century inferred from attestation window); source SNAP-DRGN data.snapdrgn.net retrieved 2026-10-04
snap:11070,person,Segothis,,SNAP-DRGN merged ancient person; sources: Trismegistos,alive,51,250,medium,SNAP-DRGN person 11070 (http://data.snapdrgn.net/person/11070/); associated attestation dates: 0173; narrowest range 0173 (0y) -> 2nd century CE expanded +/-50y; confidence medium (<=60y window; rough floruit); source SNAP-DRGN data.snapdrgn.net retrieved 2026-10-04
snap:11071,person,Stotoetis,,SNAP-DRGN merged ancient person; sources: Trismegistos,alive,-249,-50,medium,SNAP-DRGN person 11071 (http://data.snapdrgn.net/person/11071/); associated attestation dates: -0199/-0159; narrowest range -0199/-0159 (40y) -> 2nd century BCE expanded +/-50y; confidence medium (<=60y window; rough floruit); source SNAP-DRGN data.snapdrgn.net retrieved 2026-10-04
snap:11072,person,Chairemon,,SNAP-DRGN merged ancient person; sources: Trismegistos,alive,51,250,medium,SNAP-DRGN person 11072 (http://data.snapdrgn.net/person/11072/); associated attestation dates: 0155; narrowest range 0155 (0y) -> 2nd century CE expanded +/-50y; confidence medium (<=60y window; rough floruit); source SNAP-DRGN data.snapdrgn.net retrieved 2026-10-04
snap:11073,person,...,,SNAP-DRGN merged ancient person; sources: Trismegistos,alive,51,250,medium,SNAP-DRGN person 11073 (http://data.snapdrgn.net/person/11073/); associated attestation dates: 0184; narrowest range 0184 (0y) -> 2nd century CE expanded +/-50y; confidence medium (<=60y window; rough floruit); source SNAP-DRGN data.snapdrgn.net retrieved 2026-10-04
snap:11074,person,Phileas,,SNAP-DRGN merged ancient person; sources: Trismegistos,alive,351,550,medium,SNAP-DRGN person 11074 (http://data.snapdrgn.net/person/11074/); associated attestation dates: 0403/0413; narrowest range 0403/0413 (10y) -> 5th century CE expanded +/-50y; confidence medium (<=60y window; rough floruit); source SNAP-DRGN data.snapdrgn.net retrieved 2026-10-04
snap:11075,person,Apollonios,,SNAP-DRGN merged ancient person; sources: Trismegistos,alive,-249,-50,medium,SNAP-DRGN person 11075 (http://data.snapdrgn.net/person/11075/); associated attestation dates: -0170/-0116; narrowest range -0170/-0116 (54y) -> 2nd century BCE expanded +/-50y; confidence medium (<=60y window; rough floruit); source SNAP-DRGN data.snapdrgn.net retrieved 2026-10-04
snap:11077,person,Peteuchos,,SNAP-DRGN merged ancient person; sources: Trismegistos,alive,-49,150,medium,SNAP-DRGN person 11077 (http://data.snapdrgn.net/person/11077/); associated attestation dates: 0035/0036; narrowest range 0035/0036 (1y) -> 1st century CE expanded +/-50y; confidence medium (<=60y window; rough floruit); source SNAP-DRGN data.snapdrgn.net retrieved 2026-10-04
snap:11078,person,Pnepheros,,SNAP-DRGN merged ancient person; sources: Trismegistos,alive,51,250,medium,SNAP-DRGN person 11078 (http://data.snapdrgn.net/person/11078/); associated attestation dates: 0173; narrowest range 0173 (0y) -> 2nd century CE expanded +/-50y; confidence medium (<=60y window; rough floruit); source SNAP-DRGN data.snapdrgn.net retrieved 2026-10-04
snap:11079,person,...,,SNAP-DRGN merged ancient person; sources: Trismegistos,alive,-49,150,medium,SNAP-DRGN person 11079 (http://data.snapdrgn.net/person/11079/); associated attestation dates: 0075/0099; narrowest range 0075/0099 (24y) -> 1st century CE expanded +/-50y; confidence medium (<=60y window; rough floruit); source SNAP-DRGN data.snapdrgn.net retrieved 2026-10-04
snap:11081,person,...,,SNAP-DRGN merged ancient person; sources: Trismegistos,alive,151,350,medium,SNAP-DRGN person 11081 (http://data.snapdrgn.net/person/11081/); associated attestation dates: 0217; narrowest range 0217 (0y) -> 3rd century CE expanded +/-50y; confidence medium (<=60y window; rough floruit); source SNAP-DRGN data.snapdrgn.net retrieved 2026-10-04
snap:11082,person,Ian,,SNAP-DRGN merged ancient person; sources: Trismegistos,alive,451,650,low,SNAP-DRGN person 11082 (http://data.snapdrgn.net/person/11082/); associated attestation dates: 0500/0599; narrowest range 0500/0599 (99y) -> 6th century CE expanded +/-50y; confidence low (century inferred from attestation window); source SNAP-DRGN data.snapdrgn.net retrieved 2026-10-04
snap:11084,person,Psansnos,,SNAP-DRGN merged ancient person; sources: Trismegistos,alive,151,350,medium,SNAP-DRGN person 11084 (http://data.snapdrgn.net/person/11084/); associated attestation dates: 0225/0275; narrowest range 0225/0275 (50y) -> 3rd century CE expanded +/-50y; confidence medium (<=60y window; rough floruit); source SNAP-DRGN data.snapdrgn.net retrieved 2026-10-04
snap:11085,person,Psais,,SNAP-DRGN merged ancient person; sources: Trismegistos,alive,51,250,low,SNAP-DRGN person 11085 (http://data.snapdrgn.net/person/11085/); associated attestation dates: 0100/0199; narrowest range 0100/0199 (99y) -> 2nd century CE expanded +/-50y; confidence low (century inferred from attestation window); source SNAP-DRGN data.snapdrgn.net retrieved 2026-10-04
snap:11086,person,Achillas,,SNAP-DRGN merged ancient person; sources: Trismegistos,alive,51,250,medium,SNAP-DRGN person 11086 (http://data.snapdrgn.net/person/11086/); associated attestation dates: 0173; narrowest range 0173 (0y) -> 2nd century CE expanded +/-50y; confidence medium (<=60y window; rough floruit); source SNAP-DRGN data.snapdrgn.net retrieved 2026-10-04
snap:11087,person,Panechotes,,SNAP-DRGN merged ancient person; sources: Trismegistos,alive,151,350,low,SNAP-DRGN person 11087 (http://data.snapdrgn.net/person/11087/); associated attestation dates: 0200/0299; narrowest range 0200/0299 (99y) -> 3rd century CE expanded +/-50y; confidence low (century inferred from attestation window); source SNAP-DRGN data.snapdrgn.net retrieved 2026-10-04
snap:11088,person,David,,SNAP-DRGN merged ancient person; sources: Trismegistos,alive,651,850,medium,SNAP-DRGN person 11088 (http://data.snapdrgn.net/person/11088/); associated attestation dates: 0700/0750; narrowest range 0700/0750 (50y) -> 8th century CE expanded +/-50y; confidence medium (<=60y window; rough floruit); source SNAP-DRGN data.snapdrgn.net retrieved 2026-10-04
snap:11089,person,Archelaos,,SNAP-DRGN merged ancient person; sources: Trismegistos,alive,151,350,low,SNAP-DRGN person 11089 (http://data.snapdrgn.net/person/11089/); associated attestation dates: 0200/0299; narrowest range 0200/0299 (99y) -> 3rd century CE expanded +/-50y; confidence low (century inferred from attestation window); source SNAP-DRGN data.snapdrgn.net retrieved 2026-10-04
snap:11090,person,Herieus,,SNAP-DRGN merged ancient person; sources: Trismegistos,alive,-349,-150,medium,SNAP-DRGN person 11090 (http://data.snapdrgn.net/person/11090/); associated attestation dates: -0232; narrowest range -0232 (0y) -> 3rd century BCE expanded +/-50y; confidence medium (<=60y window; rough floruit); source SNAP-DRGN data.snapdrgn.net retrieved 2026-10-04
snap:11091,person,Aurelius,,SNAP-DRGN merged ancient person; sources: Trismegistos,alive,551,750,medium,SNAP-DRGN person 11091 (http://data.snapdrgn.net/person/11091/); associated attestation dates: 0630; narrowest range 0630 (0y) -> 7th century CE expanded +/-50y; confidence medium (<=60y window; rough floruit); source SNAP-DRGN data.snapdrgn.net retrieved 2026-10-04
snap:11093,person,...,,SNAP-DRGN merged ancient person; sources: Trismegistos,alive,251,450,medium,SNAP-DRGN person 11093 (http://data.snapdrgn.net/person/11093/); associated attestation dates: 0331; narrowest range 0331 (0y) -> 4th century CE expanded +/-50y; confidence medium (<=60y window; rough floruit); source SNAP-DRGN data.snapdrgn.net retrieved 2026-10-04
snap:11094,person,Esoeris,,SNAP-DRGN merged ancient person; sources: Trismegistos,alive,51,250,medium,SNAP-DRGN person 11094 (http://data.snapdrgn.net/person/11094/); associated attestation dates: 0153; narrowest range 0153 (0y) -> 2nd century CE expanded +/-50y; confidence medium (<=60y window; rough floruit); source SNAP-DRGN data.snapdrgn.net retrieved 2026-10-04
snap:11095,person,Pasion,,SNAP-DRGN merged ancient person; sources: Trismegistos,alive,-249,-50,low,SNAP-DRGN person 11095 (http://data.snapdrgn.net/person/11095/); associated attestation dates: -0199/-0100; narrowest range -0199/-0100 (99y) -> 2nd century BCE expanded +/-50y; confidence low (century inferred from attestation window); source SNAP-DRGN data.snapdrgn.net retrieved 2026-10-04
snap:11096,person,Abramos,,SNAP-DRGN merged ancient person; sources: Trismegistos,alive,651,850,medium,SNAP-DRGN person 11096 (http://data.snapdrgn.net/person/11096/); associated attestation dates: 0720; narrowest range 0720 (0y) -> 8th century CE expanded +/-50y; confidence medium (<=60y window; rough floruit); source SNAP-DRGN data.snapdrgn.net retrieved 2026-10-04
snap:11098,person,...,,SNAP-DRGN merged ancient person; sources: Trismegistos,alive,-249,-50,low,SNAP-DRGN person 11098 (http://data.snapdrgn.net/person/11098/); associated attestation dates: -0199/-0100; narrowest range -0199/-0100 (99y) -> 2nd century BCE expanded +/-50y; confidence low (century inferred from attestation window); source SNAP-DRGN data.snapdrgn.net retrieved 2026-10-04
snap:11100,person,Protimos?,,SNAP-DRGN merged ancient person; sources: Trismegistos,alive,-249,-50,medium,SNAP-DRGN person 11100 (http://data.snapdrgn.net/person/11100/); associated attestation dates: -0158/-0157; narrowest range -0158/-0157 (1y) -> 2nd century BCE expanded +/-50y; confidence medium (<=60y window; rough floruit); source SNAP-DRGN data.snapdrgn.net retrieved 2026-10-04
snap:11102,person,Horion,,SNAP-DRGN merged ancient person; sources: Trismegistos,alive,151,350,medium,SNAP-DRGN person 11102 (http://data.snapdrgn.net/person/11102/); associated attestation dates: 0257; narrowest range 0257 (0y) -> 3rd century CE expanded +/-50y; confidence medium (<=60y window; rough floruit); source SNAP-DRGN data.snapdrgn.net retrieved 2026-10-04
snap:11103,person,Mone,,SNAP-DRGN merged ancient person; sources: Trismegistos,alive,451,650,medium,SNAP-DRGN person 11103 (http://data.snapdrgn.net/person/11103/); associated attestation dates: 0575/0625; narrowest range 0575/0625 (50y) -> 6th century CE expanded +/-50y; confidence medium (<=60y window; rough floruit); source SNAP-DRGN data.snapdrgn.net retrieved 2026-10-04
snap:11104,person,Horos,,SNAP-DRGN merged ancient person; sources: Trismegistos,alive,-49,150,medium,SNAP-DRGN person 11104 (http://data.snapdrgn.net/person/11104/); associated attestation dates: 0046/0047; narrowest range 0046/0047 (1y) -> 1st century CE expanded +/-50y; confidence medium (<=60y window; rough floruit); source SNAP-DRGN data.snapdrgn.net retrieved 2026-10-04
snap:11105,person,Chairemon,,SNAP-DRGN merged ancient person; sources: Trismegistos,alive,51,250,low,SNAP-DRGN person 11105 (http://data.snapdrgn.net/person/11105/); associated attestation dates: 0100/0199; narrowest range 0100/0199 (99y) -> 2nd century CE expanded +/-50y; confidence low (century inferred from attestation window); source SNAP-DRGN data.snapdrgn.net retrieved 2026-10-04
snap:11106,person,Leda,,SNAP-DRGN merged ancient person; sources: Trismegistos,alive,151,350,medium,SNAP-DRGN person 11106 (http://data.snapdrgn.net/person/11106/); associated attestation dates: 0271/0272; narrowest range 0271/0272 (1y) -> 3rd century CE expanded +/-50y; confidence medium (<=60y window; rough floruit); source SNAP-DRGN data.snapdrgn.net retrieved 2026-10-04
snap:11107,person,Segothis,,SNAP-DRGN merged ancient person; sources: Trismegistos,alive,51,250,medium,SNAP-DRGN person 11107 (http://data.snapdrgn.net/person/11107/); associated attestation dates: 0172; narrowest range 0172 (0y) -> 2nd century CE expanded +/-50y; confidence medium (<=60y window; rough floruit); source SNAP-DRGN data.snapdrgn.net retrieved 2026-10-04
snap:11108,person,Djoui,,SNAP-DRGN merged ancient person; sources: Trismegistos,alive,551,750,medium,SNAP-DRGN person 11108 (http://data.snapdrgn.net/person/11108/); associated attestation dates: 0590/0632; narrowest range 0590/0632 (42y) -> 7th century CE expanded +/-50y; confidence medium (<=60y window; rough floruit); source SNAP-DRGN data.snapdrgn.net retrieved 2026-10-04
snap:11109,person,Noumenios,,SNAP-DRGN merged ancient person; sources: Trismegistos,alive,-349,-150,medium,SNAP-DRGN person 11109 (http://data.snapdrgn.net/person/11109/); associated attestation dates: -0284; narrowest range -0284 (0y) -> 3rd century BCE expanded +/-50y; confidence medium (<=60y window; rough floruit); source SNAP-DRGN data.snapdrgn.net retrieved 2026-10-04
snap:11110,person,Didymos,,SNAP-DRGN merged ancient person; sources: Trismegistos,alive,151,350,medium,SNAP-DRGN person 11110 (http://data.snapdrgn.net/person/11110/); associated attestation dates: 0212/0250; narrowest range 0212/0250 (38y) -> 3rd century CE expanded +/-50y; confidence medium (<=60y window; rough floruit); source SNAP-DRGN data.snapdrgn.net retrieved 2026-10-04
snap:11111,person,...,,SNAP-DRGN merged ancient person; sources: Trismegistos,alive,251,450,medium,SNAP-DRGN person 11111 (http://data.snapdrgn.net/person/11111/); associated attestation dates: 0326; narrowest range 0326 (0y) -> 4th century CE expanded +/-50y; confidence medium (<=60y window; rough floruit); source SNAP-DRGN data.snapdrgn.net retrieved 2026-10-04
snap:671000,person,Antandridas,,SNAP-DRGN merged ancient person; sources: LGPN,alive,-349,-150,medium,SNAP-DRGN person 671000 (http://data.snapdrgn.net/person/671000/); associated attestation dates: -0299/-0250; narrowest range -0299/-0250 (49y) -> 3rd century BCE expanded +/-50y; confidence medium (<=60y window; rough floruit); source SNAP-DRGN data.snapdrgn.net retrieved 2026-10-04
snap:671001,person,Paramona,,SNAP-DRGN merged ancient person; sources: LGPN,alive,151,350,medium,SNAP-DRGN person 671001 (http://data.snapdrgn.net/person/671001/); associated attestation dates: 0220/0230; narrowest range 0220/0230 (10y) -> 3rd century CE expanded +/-50y; confidence medium (<=60y window; rough floruit); source SNAP-DRGN data.snapdrgn.net retrieved 2026-10-04
snap:671002,person,Agias,,SNAP-DRGN merged ancient person; sources: LGPN,alive,-349,-150,medium,SNAP-DRGN person 671002 (http://data.snapdrgn.net/person/671002/); associated attestation dates: -0258/-0258; narrowest range -0258/-0258 (0y) -> 3rd century BCE expanded +/-50y; confidence medium (<=60y window; rough floruit); source SNAP-DRGN data.snapdrgn.net retrieved 2026-10-04
snap:671003,person,Kritwn,,SNAP-DRGN merged ancient person; sources: LGPN,alive,-149,50,low,SNAP-DRGN person 671003 (http://data.snapdrgn.net/person/671003/); associated attestation dates: -0100/0000; narrowest range -0100/0000 (99y) -> 1st century BCE expanded +/-50y; confidence low (century inferred from attestation window); source SNAP-DRGN data.snapdrgn.net retrieved 2026-10-04
snap:671004,person,Dhialkos,,SNAP-DRGN merged ancient person; sources: LGPN,alive,-549,-350,medium,SNAP-DRGN person 671004 (http://data.snapdrgn.net/person/671004/); associated attestation dates: -0475/-0425; narrowest range -0475/-0425 (50y) -> 5th century BCE expanded +/-50y; confidence medium (<=60y window; rough floruit); source SNAP-DRGN data.snapdrgn.net retrieved 2026-10-04
snap:671005,person,Skuqas,,SNAP-DRGN merged ancient person; sources: LGPN,alive,-349,-150,medium,SNAP-DRGN person 671005 (http://data.snapdrgn.net/person/671005/); associated attestation dates: -0299/-0250; narrowest range -0299/-0250 (49y) -> 3rd century BCE expanded +/-50y; confidence medium (<=60y window; rough floruit); source SNAP-DRGN data.snapdrgn.net retrieved 2026-10-04
snap:671006,person,Dhmosqenhs,,SNAP-DRGN merged ancient person; sources: LGPN,alive,151,350,low,SNAP-DRGN person 671006 (http://data.snapdrgn.net/person/671006/); associated attestation dates: 0200/0300; narrowest range 0200/0300 (100y) -> 3rd century CE expanded +/-50y; confidence low (century inferred from attestation window); source SNAP-DRGN data.snapdrgn.net retrieved 2026-10-04
snap:671007,person,Mastous,,SNAP-DRGN merged ancient person; sources: LGPN,alive,51,250,medium,SNAP-DRGN person 671007 (http://data.snapdrgn.net/person/671007/); associated attestation dates: 0175/0225; narrowest range 0175/0225 (50y) -> 2nd century CE expanded +/-50y; confidence medium (<=60y window; rough floruit); source SNAP-DRGN data.snapdrgn.net retrieved 2026-10-04
snap:671009,person,Panaitios,,SNAP-DRGN merged ancient person; sources: LGPN,alive,-449,-250,medium,SNAP-DRGN person 671009 (http://data.snapdrgn.net/person/671009/); associated attestation dates: -0400/-0375; narrowest range -0400/-0375 (25y) -> 4th century BCE expanded +/-50y; confidence medium (<=60y window; rough floruit); source SNAP-DRGN data.snapdrgn.net retrieved 2026-10-04
snap:671010,person,Dexis,,SNAP-DRGN merged ancient person; sources: LGPN,alive,-449,-250,low,SNAP-DRGN person 671010 (http://data.snapdrgn.net/person/671010/); associated attestation dates: -0400/-0300; narrowest range -0400/-0300 (100y) -> 4th century BCE expanded +/-50y; confidence low (century inferred from attestation window); source SNAP-DRGN data.snapdrgn.net retrieved 2026-10-04
snap:671011,person,Eutucia,,SNAP-DRGN merged ancient person; sources: LGPN,alive,151,350,low,SNAP-DRGN person 671011 (http://data.snapdrgn.net/person/671011/); associated attestation dates: 0200/0300; narrowest range 0200/0300 (100y) -> 3rd century CE expanded +/-50y; confidence low (century inferred from attestation window); source SNAP-DRGN data.snapdrgn.net retrieved 2026-10-04
snap:671012,person,Dionusios,,SNAP-DRGN merged ancient person; sources: LGPN,alive,-149,50,low,SNAP-DRGN person 671012 (http://data.snapdrgn.net/person/671012/); associated attestation dates: -0100/0000; narrowest range -0100/0000 (99y) -> 1st century BCE expanded +/-50y; confidence low (century inferred from attestation window); source SNAP-DRGN data.snapdrgn.net retrieved 2026-10-04
snap:671013,person,Kasta,,SNAP-DRGN merged ancient person; sources: LGPN,alive,351,550,low,SNAP-DRGN person 671013 (http://data.snapdrgn.net/person/671013/); associated attestation dates: 0400/0500; narrowest range 0400/0500 (100y) -> 5th century CE expanded +/-50y; confidence low (century inferred from attestation window); source SNAP-DRGN data.snapdrgn.net retrieved 2026-10-04
snap:671014,person,Qeogeitwn,,SNAP-DRGN merged ancient person; sources: LGPN,alive,-349,-150,medium,SNAP-DRGN person 671014 (http://data.snapdrgn.net/person/671014/); associated attestation dates: -0325/-0275; narrowest range -0325/-0275 (50y) -> 3rd century BCE expanded +/-50y; confidence medium (<=60y window; rough floruit); source SNAP-DRGN data.snapdrgn.net retrieved 2026-10-04
snap:671015,person,Nikanwr,,SNAP-DRGN merged ancient person; sources: LGPN,alive,51,250,medium,SNAP-DRGN person 671015 (http://data.snapdrgn.net/person/671015/); associated attestation dates: 0152/0154; narrowest range 0152/0154 (2y) -> 2nd century CE expanded +/-50y; confidence medium (<=60y window; rough floruit); source SNAP-DRGN data.snapdrgn.net retrieved 2026-10-04
snap:671016,person,Ilariwn,,SNAP-DRGN merged ancient person; sources: LGPN,alive,151,350,low,SNAP-DRGN person 671016 (http://data.snapdrgn.net/person/671016/); associated attestation dates: 0200/0300; narrowest range 0200/0300 (100y) -> 3rd century CE expanded +/-50y; confidence low (century inferred from attestation window); source SNAP-DRGN data.snapdrgn.net retrieved 2026-10-04
snap:671017,person,Lusanias,,SNAP-DRGN merged ancient person; sources: LGPN,alive,-449,-250,medium,SNAP-DRGN person 671017 (http://data.snapdrgn.net/person/671017/); associated attestation dates: -0350/-0301; narrowest range -0350/-0301 (49y) -> 4th century BCE expanded +/-50y; confidence medium (<=60y window; rough floruit); source SNAP-DRGN data.snapdrgn.net retrieved 2026-10-04
snap:671019,person,Arcembrotos,,SNAP-DRGN merged ancient person; sources: LGPN,alive,-349,-150,medium,SNAP-DRGN person 671019 (http://data.snapdrgn.net/person/671019/); associated attestation dates: -0210/-0210; narrowest range -0210/-0210 (0y) -> 3rd century BCE expanded +/-50y; confidence medium (<=60y window; rough floruit); source SNAP-DRGN data.snapdrgn.net retrieved 2026-10-04
snap:671020,person,Duke Widukind of Saxony,,SNAP-DRGN merged ancient person; sources: collection.britishmuseum.org,alive,651,850,medium,SNAP-DRGN person 671020 (http://data.snapdrgn.net/person/671020/); associated attestation dates: 0755; narrowest range 0755 (0y) -> 8th century CE expanded +/-50y; confidence medium (<=60y window; rough floruit); source SNAP-DRGN data.snapdrgn.net retrieved 2026-10-04
snap:671021,person,Ammonios-Kallias,,SNAP-DRGN merged ancient person; sources: collection.britishmuseum.org,alive,-249,-50,medium,SNAP-DRGN person 671021 (http://data.snapdrgn.net/person/671021/); associated attestation dates: -0118; narrowest range -0118 (0y) -> 2nd century BCE expanded +/-50y; confidence medium (<=60y window; rough floruit); source SNAP-DRGN data.snapdrgn.net retrieved 2026-10-04
snap:671022,person,Sisamnes,,SNAP-DRGN merged ancient person; sources: collection.britishmuseum.org,alive,-649,-450,medium,SNAP-DRGN person 671022 (http://data.snapdrgn.net/person/671022/); associated attestation dates: -0599; narrowest range -0599 (0y) -> 6th century BCE expanded +/-50y; confidence medium (<=60y window; rough floruit); source SNAP-DRGN data.snapdrgn.net retrieved 2026-10-04
snap:671023,person,Macrinus,,SNAP-DRGN merged ancient person; sources: collection.britishmuseum.org,alive,51,250,medium,SNAP-DRGN person 671023 (http://data.snapdrgn.net/person/671023/); associated attestation dates: 0166; narrowest range 0166 (0y) -> 2nd century CE expanded +/-50y; confidence medium (<=60y window; rough floruit); source SNAP-DRGN data.snapdrgn.net retrieved 2026-10-04
snap:671024,person,Aropos-Mnasago,,SNAP-DRGN merged ancient person; sources: collection.britishmuseum.org,alive,-149,50,medium,SNAP-DRGN person 671024 (http://data.snapdrgn.net/person/671024/); associated attestation dates: -0096; narrowest range -0096 (0y) -> 1st century BCE expanded +/-50y; confidence medium (<=60y window; rough floruit); source SNAP-DRGN data.snapdrgn.net retrieved 2026-10-04
snap:671025,person,St Willibrod,,SNAP-DRGN merged ancient person; sources: collection.britishmuseum.org,alive,551,750,medium,SNAP-DRGN person 671025 (http://data.snapdrgn.net/person/671025/); associated attestation dates: 0658; narrowest range 0658 (0y) -> 7th century CE expanded +/-50y; confidence medium (<=60y window; rough floruit); source SNAP-DRGN data.snapdrgn.net retrieved 2026-10-04
snap:671026,person,Admetus of Epirus,,SNAP-DRGN merged ancient person; sources: collection.britishmuseum.org,alive,-549,-350,medium,SNAP-DRGN person 671026 (http://data.snapdrgn.net/person/671026/); associated attestation dates: -0499; narrowest range -0499 (0y) -> 5th century BCE expanded +/-50y; confidence medium (<=60y window; rough floruit); source SNAP-DRGN data.snapdrgn.net retrieved 2026-10-04
snap:671027,person,Gratian,,SNAP-DRGN merged ancient person; sources: collection.britishmuseum.org,alive,251,450,medium,SNAP-DRGN person 671027 (http://data.snapdrgn.net/person/671027/); associated attestation dates: 0359; narrowest range 0359 (0y) -> 4th century CE expanded +/-50y; confidence medium (<=60y window; rough floruit); source SNAP-DRGN data.snapdrgn.net retrieved 2026-10-04
snap:671028,person,Honorius,,SNAP-DRGN merged ancient person; sources: collection.britishmuseum.org,alive,251,450,medium,SNAP-DRGN person 671028 (http://data.snapdrgn.net/person/671028/); associated attestation dates: 0384; narrowest range 0384 (0y) -> 4th century CE expanded +/-50y; confidence medium (<=60y window; rough floruit); source SNAP-DRGN data.snapdrgn.net retrieved 2026-10-04
snap:671029,person,Dioscorides,,SNAP-DRGN merged ancient person; sources: collection.britishmuseum.org,alive,-149,50,medium,SNAP-DRGN person 671029 (http://data.snapdrgn.net/person/671029/); associated attestation dates: -0099; narrowest range -0099 (0y) -> 1st century BCE expanded +/-50y; confidence medium (<=60y window; rough floruit); source SNAP-DRGN data.snapdrgn.net retrieved 2026-10-04
snap:671030,person,Epigenes-Xenon,,SNAP-DRGN merged ancient person; sources: collection.britishmuseum.org,alive,-149,50,medium,SNAP-DRGN person 671030 (http://data.snapdrgn.net/person/671030/); associated attestation dates: -0070; narrowest range -0070 (0y) -> 1st century BCE expanded +/-50y; confidence medium (<=60y window; rough floruit); source SNAP-DRGN data.snapdrgn.net retrieved 2026-10-04
snap:671032,person,Mérovée,,SNAP-DRGN merged ancient person; sources: collection.britishmuseum.org,alive,351,550,medium,SNAP-DRGN person 671032 (http://data.snapdrgn.net/person/671032/); associated attestation dates: 0407; narrowest range 0407 (0y) -> 5th century CE expanded +/-50y; confidence medium (<=60y window; rough floruit); source SNAP-DRGN data.snapdrgn.net retrieved 2026-10-04
snap:671033,person,Ramses III,,SNAP-DRGN merged ancient person; sources: collection.britishmuseum.org,alive,-1249,-1050,medium,SNAP-DRGN person 671033 (http://data.snapdrgn.net/person/671033/); associated attestation dates: -1184; narrowest range -1184 (0y) -> 12th century BCE expanded +/-50y; confidence medium (<=60y window; rough floruit); source SNAP-DRGN data.snapdrgn.net retrieved 2026-10-04
snap:671034,person,Caecina Paetus,,SNAP-DRGN merged ancient person; sources: collection.britishmuseum.org,alive,-49,150,medium,SNAP-DRGN person 671034 (http://data.snapdrgn.net/person/671034/); associated attestation dates: 0042; narrowest range 0042 (0y) -> 1st century CE expanded +/-50y; confidence medium (<=60y window; rough floruit); source SNAP-DRGN data.snapdrgn.net retrieved 2026-10-04
snap:671035,person,P Maenius,,SNAP-DRGN merged ancient person; sources: collection.britishmuseum.org,alive,-249,-50,medium,SNAP-DRGN person 671035 (http://data.snapdrgn.net/person/671035/); associated attestation dates: -0194; narrowest range -0194 (0y) -> 2nd century BCE expanded +/-50y; confidence medium (<=60y window; rough floruit); source SNAP-DRGN data.snapdrgn.net retrieved 2026-10-04
snap:671036,person,Pliny the Elder,,SNAP-DRGN merged ancient person; sources: collection.britishmuseum.org,alive,-49,150,medium,SNAP-DRGN person 671036 (http://data.snapdrgn.net/person/671036/); associated attestation dates: 0023; narrowest range 0023 (0y) -> 1st century CE expanded +/-50y; confidence medium (<=60y window; rough floruit); source SNAP-DRGN data.snapdrgn.net retrieved 2026-10-04
snap:671038,person,Magnentius,,SNAP-DRGN merged ancient person; sources: collection.britishmuseum.org,alive,251,450,medium,SNAP-DRGN person 671038 (http://data.snapdrgn.net/person/671038/); associated attestation dates: 0303; narrowest range 0303 (0y) -> 4th century CE expanded +/-50y; confidence medium (<=60y window; rough floruit); source SNAP-DRGN data.snapdrgn.net retrieved 2026-10-04
snap:671039,person,Hassan,,SNAP-DRGN merged ancient person; sources: collection.britishmuseum.org,alive,551,750,medium,SNAP-DRGN person 671039 (http://data.snapdrgn.net/person/671039/); associated attestation dates: 0624; narrowest range 0624 (0y) -> 7th century CE expanded +/-50y; confidence medium (<=60y window; rough floruit); source SNAP-DRGN data.snapdrgn.net retrieved 2026-10-04
snap:671040,person,Thutmose II,,SNAP-DRGN merged ancient person; sources: collection.britishmuseum.org,alive,-1549,-1350,medium,SNAP-DRGN person 671040 (http://data.snapdrgn.net/person/671040/); associated attestation dates: -1492; narrowest range -1492 (0y) -> 15th century BCE expanded +/-50y; confidence medium (<=60y window; rough floruit); source SNAP-DRGN data.snapdrgn.net retrieved 2026-10-04
snap:671041,person,Probus,,SNAP-DRGN merged ancient person; sources: collection.britishmuseum.org,alive,151,350,medium,SNAP-DRGN person 671041 (http://data.snapdrgn.net/person/671041/); associated attestation dates: 0232; narrowest range 0232 (0y) -> 3rd century CE expanded +/-50y; confidence medium (<=60y window; rough floruit); source SNAP-DRGN data.snapdrgn.net retrieved 2026-10-04
snap:671042,person,Maxentius,,SNAP-DRGN merged ancient person; sources: collection.britishmuseum.org,alive,151,350,medium,SNAP-DRGN person 671042 (http://data.snapdrgn.net/person/671042/); associated attestation dates: 0279; narrowest range 0279 (0y) -> 3rd century CE expanded +/-50y; confidence medium (<=60y window; rough floruit); source SNAP-DRGN data.snapdrgn.net retrieved 2026-10-04
snap:671043,person,Diodorus-Siculus,,SNAP-DRGN merged ancient person; sources: collection.britishmuseum.org,alive,-149,50,medium,SNAP-DRGN person 671043 (http://data.snapdrgn.net/person/671043/); associated attestation dates: -0099; narrowest range -0099 (0y) -> 1st century BCE expanded +/-50y; confidence medium (<=60y window; rough floruit); source SNAP-DRGN data.snapdrgn.net retrieved 2026-10-04
snap:671045,person,Amphikrates-Epostratos,,SNAP-DRGN merged ancient person; sources: collection.britishmuseum.org,alive,-249,-50,medium,SNAP-DRGN person 671045 (http://data.snapdrgn.net/person/671045/); associated attestation dates: -0101; narrowest range -0101 (0y) -> 2nd century BCE expanded +/-50y; confidence medium (<=60y window; rough floruit); source SNAP-DRGN data.snapdrgn.net retrieved 2026-10-04
snap:671046,person,Pittacus of Mitylene,,SNAP-DRGN merged ancient person; sources: collection.britishmuseum.org,alive,-749,-550,medium,SNAP-DRGN person 671046 (http://data.snapdrgn.net/person/671046/); associated attestation dates: -0650; narrowest range -0650 (0y) -> 7th century BCE expanded +/-50y; confidence medium (<=60y window; rough floruit); source SNAP-DRGN data.snapdrgn.net retrieved 2026-10-04
snap:671047,person,Ju Citong (菊慈童),,SNAP-DRGN merged ancient person; sources: collection.britishmuseum.org,alive,-1049,-850,medium,SNAP-DRGN person 671047 (http://data.snapdrgn.net/person/671047/); associated attestation dates: -0999; narrowest range -0999 (0y) -> 10th century BCE expanded +/-50y; confidence medium (<=60y window; rough floruit); source SNAP-DRGN data.snapdrgn.net retrieved 2026-10-04
snap:671048,person,St Liberalis,,SNAP-DRGN merged ancient person; sources: collection.britishmuseum.org,alive,251,450,medium,SNAP-DRGN person 671048 (http://data.snapdrgn.net/person/671048/); associated attestation dates: 0400; narrowest range 0400 (0y) -> 4th century CE expanded +/-50y; confidence medium (<=60y window; rough floruit); source SNAP-DRGN data.snapdrgn.net retrieved 2026-10-04
snap:671049,person,Octavia Neronis,,SNAP-DRGN merged ancient person; sources: collection.britishmuseum.org,alive,-49,150,medium,SNAP-DRGN person 671049 (http://data.snapdrgn.net/person/671049/); associated attestation dates: 0040; narrowest range 0040 (0y) -> 1st century CE expanded +/-50y; confidence medium (<=60y window; rough floruit); source SNAP-DRGN data.snapdrgn.net retrieved 2026-10-04
snap:671050,person,Cleopatra III,,SNAP-DRGN merged ancient person; sources: collection.britishmuseum.org,alive,-249,-50,medium,SNAP-DRGN person 671050 (http://data.snapdrgn.net/person/671050/); associated attestation dates: -0116; narrowest range -0116 (0y) -> 2nd century BCE expanded +/-50y; confidence medium (<=60y window; rough floruit); source SNAP-DRGN data.snapdrgn.net retrieved 2026-10-04
snap:671051,person,Karaich-Ergokle,,SNAP-DRGN merged ancient person; sources: collection.britishmuseum.org,alive,-249,-50,medium,SNAP-DRGN person 671051 (http://data.snapdrgn.net/person/671051/); associated attestation dates: -0121; narrowest range -0121 (0y) -> 2nd century BCE expanded +/-50y; confidence medium (<=60y window; rough floruit); source SNAP-DRGN data.snapdrgn.net retrieved 2026-10-04
snap:671052,person,Anna Friedrike Heinel,,SNAP-DRGN merged ancient person; sources: collection.britishmuseum.org,alive,-49,150,medium,SNAP-DRGN person 671052 (http://data.snapdrgn.net/person/671052/); associated attestation dates: 0001; narrowest range 0001 (0y) -> 1st century CE expanded +/-50y; confidence medium (<=60y window; rough floruit); source SNAP-DRGN data.snapdrgn.net retrieved 2026-10-04
snap:671053,person,Count Theoderich,,SNAP-DRGN merged ancient person; sources: collection.britishmuseum.org,alive,651,850,medium,SNAP-DRGN person 671053 (http://data.snapdrgn.net/person/671053/); associated attestation dates: 0750; narrowest range 0750 (0y) -> 8th century CE expanded +/-50y; confidence medium (<=60y window; rough floruit); source SNAP-DRGN data.snapdrgn.net retrieved 2026-10-04
snap:671054,person,Aelia Eudocia,,SNAP-DRGN merged ancient person; sources: collection.britishmuseum.org,alive,251,450,medium,SNAP-DRGN person 671054 (http://data.snapdrgn.net/person/671054/); associated attestation dates: 0400; narrowest range 0400 (0y) -> 4th century CE expanded +/-50y; confidence medium (<=60y window; rough floruit); source SNAP-DRGN data.snapdrgn.net retrieved 2026-10-04
snap:671055,person,Amenemhat IV,,SNAP-DRGN merged ancient person; sources: collection.britishmuseum.org,alive,-1949,-1750,medium,SNAP-DRGN person 671055 (http://data.snapdrgn.net/person/671055/); associated attestation dates: -1808; narrowest range -1808 (0y) -> 19th century BCE expanded +/-50y; confidence medium (<=60y window; rough floruit); source SNAP-DRGN data.snapdrgn.net retrieved 2026-10-04
snap:671056,person,St Felicity of Rome,,SNAP-DRGN merged ancient person; sources: collection.britishmuseum.org,alive,-49,150,medium,SNAP-DRGN person 671056 (http://data.snapdrgn.net/person/671056/); associated attestation dates: 0100; narrowest range 0100 (0y) -> 1st century CE expanded +/-50y; confidence medium (<=60y window; rough floruit); source SNAP-DRGN data.snapdrgn.net retrieved 2026-10-04
snap:671057,person,St Theodore,,SNAP-DRGN merged ancient person; sources: collection.britishmuseum.org,alive,151,350,medium,SNAP-DRGN person 671057 (http://data.snapdrgn.net/person/671057/); associated attestation dates: 0300; narrowest range 0300 (0y) -> 3rd century CE expanded +/-50y; confidence medium (<=60y window; rough floruit); source SNAP-DRGN data.snapdrgn.net retrieved 2026-10-04
snap:671058,person,Mick Pendergrast,,SNAP-DRGN merged ancient person; sources: collection.britishmuseum.org,alive,-49,150,medium,SNAP-DRGN person 671058 (http://data.snapdrgn.net/person/671058/); associated attestation dates: 0020; narrowest range 0020 (0y) -> 1st century CE expanded +/-50y; confidence medium (<=60y window; rough floruit); source SNAP-DRGN data.snapdrgn.net retrieved 2026-10-04
snap:671059,person,Marcus Junius Brutus,,SNAP-DRGN merged ancient person; sources: collection.britishmuseum.org,alive,-149,50,medium,SNAP-DRGN person 671059 (http://data.snapdrgn.net/person/671059/); associated attestation dates: -0085; narrowest range -0085 (0y) -> 1st century BCE expanded +/-50y; confidence medium (<=60y window; rough floruit); source SNAP-DRGN data.snapdrgn.net retrieved 2026-10-04
snap:671060,person,Caribert I; King of Paris,,SNAP-DRGN merged ancient person; sources: collection.britishmuseum.org,alive,451,650,medium,SNAP-DRGN person 671060 (http://data.snapdrgn.net/person/671060/); associated attestation dates: 0512; narrowest range 0512 (0y) -> 6th century CE expanded +/-50y; confidence medium (<=60y window; rough floruit); source SNAP-DRGN data.snapdrgn.net retrieved 2026-10-04
snap:671061,person,Garnier,,SNAP-DRGN merged ancient person; sources: collection.britishmuseum.org,alive,-49,150,medium,SNAP-DRGN person 671061 (http://data.snapdrgn.net/person/671061/); associated attestation dates: 0001; narrowest range 0001 (0y) -> 1st century CE expanded +/-50y; confidence medium (<=60y window; rough floruit); source SNAP-DRGN data.snapdrgn.net retrieved 2026-10-04
snap:671062,person,Du Ruhui 杜如晦,,SNAP-DRGN merged ancient person; sources: collection.britishmuseum.org,alive,451,650,medium,SNAP-DRGN person 671062 (http://data.snapdrgn.net/person/671062/); associated attestation dates: 0585; narrowest range 0585 (0y) -> 6th century CE expanded +/-50y; confidence medium (<=60y window; rough floruit); source SNAP-DRGN data.snapdrgn.net retrieved 2026-10-04
snap:671063,person,Yamabe no Akahito (山部赤人),,SNAP-DRGN merged ancient person; sources: collection.britishmuseum.org,alive,551,750,medium,SNAP-DRGN person 671063 (http://data.snapdrgn.net/person/671063/); associated attestation dates: 0700; narrowest range 0700 (0y) -> 7th century CE expanded +/-50y; confidence medium (<=60y window; rough floruit); source SNAP-DRGN data.snapdrgn.net retrieved 2026-10-04
snap:671064,person,Quintus Ennius,,SNAP-DRGN merged ancient person; sources: collection.britishmuseum.org,alive,-349,-150,medium,SNAP-DRGN person 671064 (http://data.snapdrgn.net/person/671064/); associated attestation dates: -0239; narrowest range -0239 (0y) -> 3rd century BCE expanded +/-50y; confidence medium (<=60y window; rough floruit); source SNAP-DRGN data.snapdrgn.net retrieved 2026-10-04
snap:671065,person,Palaemon; Quintus; Remmius,,SNAP-DRGN merged ancient person; sources: collection.britishmuseum.org,alive,-49,150,medium,SNAP-DRGN person 671065 (http://data.snapdrgn.net/person/671065/); associated attestation dates: 0030; narrowest range 0030 (0y) -> 1st century CE expanded +/-50y; confidence medium (<=60y window; rough floruit); source SNAP-DRGN data.snapdrgn.net retrieved 2026-10-04
snap:671066,person,St Joseph Barsabas,,SNAP-DRGN merged ancient person; sources: collection.britishmuseum.org,alive,-49,150,medium,SNAP-DRGN person 671066 (http://data.snapdrgn.net/person/671066/); associated attestation dates: 0001; narrowest range 0001 (0y) -> 1st century CE expanded +/-50y; confidence medium (<=60y window; rough floruit); source SNAP-DRGN data.snapdrgn.net retrieved 2026-10-04
snap:671067,person,Ernest Tolck,,SNAP-DRGN merged ancient person; sources: collection.britishmuseum.org,alive,-49,150,medium,SNAP-DRGN person 671067 (http://data.snapdrgn.net/person/671067/); associated attestation dates: 0020; narrowest range 0020 (0y) -> 1st century CE expanded +/-50y; confidence medium (<=60y window; rough floruit); source SNAP-DRGN data.snapdrgn.net retrieved 2026-10-04
snap:671069,person,Muhammad ibn Qasim,,SNAP-DRGN merged ancient person; sources: collection.britishmuseum.org,alive,551,750,medium,SNAP-DRGN person 671069 (http://data.snapdrgn.net/person/671069/); associated attestation dates: 0693; narrowest range 0693 (0y) -> 7th century CE expanded +/-50y; confidence medium (<=60y window; rough floruit); source SNAP-DRGN data.snapdrgn.net retrieved 2026-10-04
snap:671070,person,Theodosius I,,SNAP-DRGN merged ancient person; sources: collection.britishmuseum.org,alive,251,450,medium,SNAP-DRGN person 671070 (http://data.snapdrgn.net/person/671070/); associated attestation dates: 0346; narrowest range 0346 (0y) -> 4th century CE expanded +/-50y; confidence medium (<=60y window; rough floruit); source SNAP-DRGN data.snapdrgn.net retrieved 2026-10-04
snap:671071,person,Polemon-Alketes,,SNAP-DRGN merged ancient person; sources: collection.britishmuseum.org,alive,-249,-50,medium,SNAP-DRGN person 671071 (http://data.snapdrgn.net/person/671071/); associated attestation dates: -0125; narrowest range -0125 (0y) -> 2nd century BCE expanded +/-50y; confidence medium (<=60y window; rough floruit); source SNAP-DRGN data.snapdrgn.net retrieved 2026-10-04
snap:671072,person,Astuwatamanzas,,SNAP-DRGN merged ancient person; sources: collection.britishmuseum.org,alive,-1049,-850,medium,SNAP-DRGN person 671072 (http://data.snapdrgn.net/person/671072/); associated attestation dates: -0999; narrowest range -0999 (0y) -> 10th century BCE expanded +/-50y; confidence medium (<=60y window; rough floruit); source SNAP-DRGN data.snapdrgn.net retrieved 2026-10-04
snap:671073,person,Chu Suiliang,,SNAP-DRGN merged ancient person; sources: collection.britishmuseum.org,alive,451,650,medium,SNAP-DRGN person 671073 (http://data.snapdrgn.net/person/671073/); associated attestation dates: 0596; narrowest range 0596 (0y) -> 6th century CE expanded +/-50y; confidence medium (<=60y window; rough floruit); source SNAP-DRGN data.snapdrgn.net retrieved 2026-10-04
snap:671074,person,St Marciana of Toledo,,SNAP-DRGN merged ancient person; sources: collection.britishmuseum.org,alive,-49,150,medium,SNAP-DRGN person 671074 (http://data.snapdrgn.net/person/671074/); associated attestation dates: 0004; narrowest range 0004 (0y) -> 1st century CE expanded +/-50y; confidence medium (<=60y window; rough floruit); source SNAP-DRGN data.snapdrgn.net retrieved 2026-10-04
snap:671075,person,St Anastasia,,SNAP-DRGN merged ancient person; sources: collection.britishmuseum.org,alive,-49,150,medium,SNAP-DRGN person 671075 (http://data.snapdrgn.net/person/671075/); associated attestation dates: 0001; narrowest range 0001 (0y) -> 1st century CE expanded +/-50y; confidence medium (<=60y window; rough floruit); source SNAP-DRGN data.snapdrgn.net retrieved 2026-10-04
snap:671076,person,Thutmose I,,SNAP-DRGN merged ancient person; sources: collection.britishmuseum.org,alive,-1649,-1450,medium,SNAP-DRGN person 671076 (http://data.snapdrgn.net/person/671076/); associated attestation dates: -1504; narrowest range -1504 (0y) -> 16th century BCE expanded +/-50y; confidence medium (<=60y window; rough floruit); source SNAP-DRGN data.snapdrgn.net retrieved 2026-10-04
snap:671077,person,Theodosius Son of Maurice,,SNAP-DRGN merged ancient person; sources: collection.britishmuseum.org,alive,451,650,medium,SNAP-DRGN person 671077 (http://data.snapdrgn.net/person/671077/); associated attestation dates: 0589; narrowest range 0589 (0y) -> 6th century CE expanded +/-50y; confidence medium (<=60y window; rough floruit); source SNAP-DRGN data.snapdrgn.net retrieved 2026-10-04
snap:671078,person,Ælfgifu,,SNAP-DRGN merged ancient person; sources: collection.britishmuseum.org,alive,-49,150,medium,SNAP-DRGN person 671078 (http://data.snapdrgn.net/person/671078/); associated attestation dates: 0001; narrowest range 0001 (0y) -> 1st century CE expanded +/-50y; confidence medium (<=60y window; rough floruit); source SNAP-DRGN data.snapdrgn.net retrieved 2026-10-04
snap:671079,person,Gunavati,,SNAP-DRGN merged ancient person; sources: collection.britishmuseum.org,alive,451,650,medium,SNAP-DRGN person 671079 (http://data.snapdrgn.net/person/671079/); associated attestation dates: 0600; narrowest range 0600 (0y) -> 6th century CE expanded +/-50y; confidence medium (<=60y window; rough floruit); source SNAP-DRGN data.snapdrgn.net retrieved 2026-10-04
snap:671081,person,Ten Horses of the Zhenguan period,,SNAP-DRGN merged ancient person; sources: collection.britishmuseum.org,alive,-49,150,medium,SNAP-DRGN person 671081 (http://data.snapdrgn.net/person/671081/); associated attestation dates: 0007; narrowest range 0007 (0y) -> 1st century CE expanded +/-50y; confidence medium (<=60y window; rough floruit); source SNAP-DRGN data.snapdrgn.net retrieved 2026-10-04
snap:671082,person,Orodes I,,SNAP-DRGN merged ancient person; sources: collection.britishmuseum.org,alive,-149,50,medium,SNAP-DRGN person 671082 (http://data.snapdrgn.net/person/671082/); associated attestation dates: -0057; narrowest range -0057 (0y) -> 1st century BCE expanded +/-50y; confidence medium (<=60y window; rough floruit); source SNAP-DRGN data.snapdrgn.net retrieved 2026-10-04
snap:671083,person,St Domitilla,,SNAP-DRGN merged ancient person; sources: collection.britishmuseum.org,alive,-49,150,medium,SNAP-DRGN person 671083 (http://data.snapdrgn.net/person/671083/); associated attestation dates: 0100; narrowest range 0100 (0y) -> 1st century CE expanded +/-50y; confidence medium (<=60y window; rough floruit); source SNAP-DRGN data.snapdrgn.net retrieved 2026-10-04
snap:671084,person,Lysia,,SNAP-DRGN merged ancient person; sources: collection.britishmuseum.org,alive,-249,-50,medium,SNAP-DRGN person 671084 (http://data.snapdrgn.net/person/671084/); associated attestation dates: -0145; narrowest range -0145 (0y) -> 2nd century BCE expanded +/-50y; confidence medium (<=60y window; rough floruit); source SNAP-DRGN data.snapdrgn.net retrieved 2026-10-04
snap:671085,person,Ptolemy V Epiphanes,,SNAP-DRGN merged ancient person; sources: collection.britishmuseum.org,alive,-349,-150,medium,SNAP-DRGN person 671085 (http://data.snapdrgn.net/person/671085/); associated attestation dates: -0205; narrowest range -0205 (0y) -> 3rd century BCE expanded +/-50y; confidence medium (<=60y window; rough floruit); source SNAP-DRGN data.snapdrgn.net retrieved 2026-10-04
snap:671086,person,The Painter of Louvre G231,,SNAP-DRGN merged ancient person; sources: collection.britishmuseum.org,alive,-549,-350,medium,SNAP-DRGN person 671086 (http://data.snapdrgn.net/person/671086/); associated attestation dates: -0470; narrowest range -0470 (0y) -> 5th century BCE expanded +/-50y; confidence medium (<=60y window; rough floruit); source SNAP-DRGN data.snapdrgn.net retrieved 2026-10-04
snap:671087,person,Julius Sabinus,,SNAP-DRGN merged ancient person; sources: collection.britishmuseum.org,alive,-49,150,medium,SNAP-DRGN person 671087 (http://data.snapdrgn.net/person/671087/); associated attestation dates: 0070; narrowest range 0070 (0y) -> 1st century CE expanded +/-50y; confidence medium (<=60y window; rough floruit); source SNAP-DRGN data.snapdrgn.net retrieved 2026-10-04
snap:671088,person,Sokrates-Dionysodo,,SNAP-DRGN merged ancient person; sources: collection.britishmuseum.org,alive,-249,-50,medium,SNAP-DRGN person 671088 (http://data.snapdrgn.net/person/671088/); associated attestation dates: -0116; narrowest range -0116 (0y) -> 2nd century BCE expanded +/-50y; confidence medium (<=60y window; rough floruit); source SNAP-DRGN data.snapdrgn.net retrieved 2026-10-04
snap:671089,person,Seneca the Younger,,SNAP-DRGN merged ancient person; sources: collection.britishmuseum.org,alive,-149,50,medium,SNAP-DRGN person 671089 (http://data.snapdrgn.net/person/671089/); associated attestation dates: -0004; narrowest range -0004 (0y) -> 1st century BCE expanded +/-50y; confidence medium (<=60y window; rough floruit); source SNAP-DRGN data.snapdrgn.net retrieved 2026-10-04
snap:671090,person,Pisiri,,SNAP-DRGN merged ancient person; sources: collection.britishmuseum.org,alive,-849,-650,medium,SNAP-DRGN person 671090 (http://data.snapdrgn.net/person/671090/); associated attestation dates: -0738; narrowest range -0738 (0y) -> 8th century BCE expanded +/-50y; confidence medium (<=60y window; rough floruit); source SNAP-DRGN data.snapdrgn.net retrieved 2026-10-04
snap:671091,person,St Marciana,,SNAP-DRGN merged ancient person; sources: collection.britishmuseum.org,alive,-49,150,medium,SNAP-DRGN person 671091 (http://data.snapdrgn.net/person/671091/); associated attestation dates: 0002; narrowest range 0002 (0y) -> 1st century CE expanded +/-50y; confidence medium (<=60y window; rough floruit); source SNAP-DRGN data.snapdrgn.net retrieved 2026-10-04
snap:671092,person,Tiberius; son of Justinian II,,SNAP-DRGN merged ancient person; sources: collection.britishmuseum.org,alive,651,850,medium,SNAP-DRGN person 671092 (http://data.snapdrgn.net/person/671092/); associated attestation dates: 0705; narrowest range 0705 (0y) -> 8th century CE expanded +/-50y; confidence medium (<=60y window; rough floruit); source SNAP-DRGN data.snapdrgn.net retrieved 2026-10-04
snap:671093,person,Sobekhotep IV,,SNAP-DRGN merged ancient person; sources: collection.britishmuseum.org,alive,-1849,-1650,medium,SNAP-DRGN person 671093 (http://data.snapdrgn.net/person/671093/); associated attestation dates: -1730; narrowest range -1730 (0y) -> 18th century BCE expanded +/-50y; confidence medium (<=60y window; rough floruit); source SNAP-DRGN data.snapdrgn.net retrieved 2026-10-04
snap:671094,person,St Columban,,SNAP-DRGN merged ancient person; sources: collection.britishmuseum.org,alive,451,650,medium,SNAP-DRGN person 671094 (http://data.snapdrgn.net/person/671094/); associated attestation dates: 0559; narrowest range 0559 (0y) -> 6th century CE expanded +/-50y; confidence medium (<=60y window; rough floruit); source SNAP-DRGN data.snapdrgn.net retrieved 2026-10-04
snap:671095,person,Arcadius,,SNAP-DRGN merged ancient person; sources: collection.britishmuseum.org,alive,251,450,medium,SNAP-DRGN person 671095 (http://data.snapdrgn.net/person/671095/); associated attestation dates: 0377; narrowest range 0377 (0y) -> 4th century CE expanded +/-50y; confidence medium (<=60y window; rough floruit); source SNAP-DRGN data.snapdrgn.net retrieved 2026-10-04
snap:671096,person,Mao Nu 毛女,,SNAP-DRGN merged ancient person; sources: collection.britishmuseum.org,alive,-349,-150,medium,SNAP-DRGN person 671096 (http://data.snapdrgn.net/person/671096/); associated attestation dates: -0299; narrowest range -0299 (0y) -> 3rd century BCE expanded +/-50y; confidence medium (<=60y window; rough floruit); source SNAP-DRGN data.snapdrgn.net retrieved 2026-10-04
snap:671097,person,Katuwa,,SNAP-DRGN merged ancient person; sources: collection.britishmuseum.org,alive,-1049,-850,medium,SNAP-DRGN person 671097 (http://data.snapdrgn.net/person/671097/); associated attestation dates: -0999; narrowest range -0999 (0y) -> 10th century BCE expanded +/-50y; confidence medium (<=60y window; rough floruit); source SNAP-DRGN data.snapdrgn.net retrieved 2026-10-04
snap:671098,person,Mnaseas-Nestor,,SNAP-DRGN merged ancient person; sources: collection.britishmuseum.org,alive,-149,50,medium,SNAP-DRGN person 671098 (http://data.snapdrgn.net/person/671098/); associated attestation dates: -0091; narrowest range -0091 (0y) -> 1st century BCE expanded +/-50y; confidence medium (<=60y window; rough floruit); source SNAP-DRGN data.snapdrgn.net retrieved 2026-10-04
snap:671099,person,Payalvar,,SNAP-DRGN merged ancient person; sources: collection.britishmuseum.org,alive,451,650,medium,SNAP-DRGN person 671099 (http://data.snapdrgn.net/person/671099/); associated attestation dates: 0600; narrowest range 0600 (0y) -> 6th century CE expanded +/-50y; confidence medium (<=60y window; rough floruit); source SNAP-DRGN data.snapdrgn.net retrieved 2026-10-04
snap:671100,person,Sotades-Themistokles,,SNAP-DRGN merged ancient person; sources: collection.britishmuseum.org,alive,-149,50,medium,SNAP-DRGN person 671100 (http://data.snapdrgn.net/person/671100/); associated attestation dates: -0078; narrowest range -0078 (0y) -> 1st century BCE expanded +/-50y; confidence medium (<=60y window; rough floruit); source SNAP-DRGN data.snapdrgn.net retrieved 2026-10-04
snap:671101,person,Nintoku tenno 仁徳天皇,,SNAP-DRGN merged ancient person; sources: collection.britishmuseum.org,alive,251,450,medium,SNAP-DRGN person 671101 (http://data.snapdrgn.net/person/671101/); associated attestation dates: 0350; narrowest range 0350 (0y) -> 4th century CE expanded +/-50y; confidence medium (<=60y window; rough floruit); source SNAP-DRGN data.snapdrgn.net retrieved 2026-10-04
snap:671102,person,Epigenes-Sosandros,,SNAP-DRGN merged ancient person; sources: collection.britishmuseum.org,alive,-249,-50,medium,SNAP-DRGN person 671102 (http://data.snapdrgn.net/person/671102/); associated attestation dates: -0126; narrowest range -0126 (0y) -> 2nd century BCE expanded +/-50y; confidence medium (<=60y window; rough floruit); source SNAP-DRGN data.snapdrgn.net retrieved 2026-10-04
snap:671103,person,Philostratus the Younger,,SNAP-DRGN merged ancient person; sources: collection.britishmuseum.org,alive,51,250,medium,SNAP-DRGN person 671103 (http://data.snapdrgn.net/person/671103/); associated attestation dates: 0200; narrowest range 0200 (0y) -> 2nd century CE expanded +/-50y; confidence medium (<=60y window; rough floruit); source SNAP-DRGN data.snapdrgn.net retrieved 2026-10-04
snap:671104,person,Senusret III,,SNAP-DRGN merged ancient person; sources: collection.britishmuseum.org,alive,-1949,-1750,medium,SNAP-DRGN person 671104 (http://data.snapdrgn.net/person/671104/); associated attestation dates: -1874; narrowest range -1874 (0y) -> 19th century BCE expanded +/-50y; confidence medium (<=60y window; rough floruit); source SNAP-DRGN data.snapdrgn.net retrieved 2026-10-04
snap:671105,person,Senusret I,,SNAP-DRGN merged ancient person; sources: collection.britishmuseum.org,alive,-2049,-1850,medium,SNAP-DRGN person 671105 (http://data.snapdrgn.net/person/671105/); associated attestation dates: -1965; narrowest range -1965 (0y) -> 20th century BCE expanded +/-50y; confidence medium (<=60y window; rough floruit); source SNAP-DRGN data.snapdrgn.net retrieved 2026-10-04
snap:671106,person,St Florin,,SNAP-DRGN merged ancient person; sources: collection.britishmuseum.org,alive,451,650,medium,SNAP-DRGN person 671106 (http://data.snapdrgn.net/person/671106/); associated attestation dates: 0600; narrowest range 0600 (0y) -> 6th century CE expanded +/-50y; confidence medium (<=60y window; rough floruit); source SNAP-DRGN data.snapdrgn.net retrieved 2026-10-04
snap:671107,person,St Willibald,,SNAP-DRGN merged ancient person; sources: collection.britishmuseum.org,alive,551,750,medium,SNAP-DRGN person 671107 (http://data.snapdrgn.net/person/671107/); associated attestation dates: 0700; narrowest range 0700 (0y) -> 7th century CE expanded +/-50y; confidence medium (<=60y window; rough floruit); source SNAP-DRGN data.snapdrgn.net retrieved 2026-10-04
snap:671108,person,Zhu Liang 褚亮,,SNAP-DRGN merged ancient person; sources: collection.britishmuseum.org,alive,451,650,medium,SNAP-DRGN person 671108 (http://data.snapdrgn.net/person/671108/); associated attestation dates: 0560; narrowest range 0560 (0y) -> 6th century CE expanded +/-50y; confidence medium (<=60y window; rough floruit); source SNAP-DRGN data.snapdrgn.net retrieved 2026-10-04
snap:671109,person,St Arsenius the Great,,SNAP-DRGN merged ancient person; sources: collection.britishmuseum.org,alive,251,450,medium,SNAP-DRGN person 671109 (http://data.snapdrgn.net/person/671109/); associated attestation dates: 0354; narrowest range 0354 (0y) -> 4th century CE expanded +/-50y; confidence medium (<=60y window; rough floruit); source SNAP-DRGN data.snapdrgn.net retrieved 2026-10-04
snap:671110,person,St Bede,,SNAP-DRGN merged ancient person; sources: collection.britishmuseum.org,alive,551,750,medium,SNAP-DRGN person 671110 (http://data.snapdrgn.net/person/671110/); associated attestation dates: 0673; narrowest range 0673 (0y) -> 7th century CE expanded +/-50y; confidence medium (<=60y window; rough floruit); source SNAP-DRGN data.snapdrgn.net retrieved 2026-10-04
snap:671111,person,Aelia Paetina,,SNAP-DRGN merged ancient person; sources: collection.britishmuseum.org,alive,-49,150,medium,SNAP-DRGN person 671111 (http://data.snapdrgn.net/person/671111/); associated attestation dates: 0001; narrowest range 0001 (0y) -> 1st century CE expanded +/-50y; confidence medium (<=60y window; rough floruit); source SNAP-DRGN data.snapdrgn.net retrieved 2026-10-04
snap:671112,person,Xu Jingzong 許敬宗,,SNAP-DRGN merged ancient person; sources: collection.britishmuseum.org,alive,451,650,medium,SNAP-DRGN person 671112 (http://data.snapdrgn.net/person/671112/); associated attestation dates: 0592; narrowest range 0592 (0y) -> 6th century CE expanded +/-50y; confidence medium (<=60y window; rough floruit); source SNAP-DRGN data.snapdrgn.net retrieved 2026-10-04
snap:671113,person,Eumelos-Kalliphon,,SNAP-DRGN merged ancient person; sources: collection.britishmuseum.org,alive,-249,-50,medium,SNAP-DRGN person 671113 (http://data.snapdrgn.net/person/671113/); associated attestation dates: -0108; narrowest range -0108 (0y) -> 2nd century BCE expanded +/-50y; confidence medium (<=60y window; rough floruit); source SNAP-DRGN data.snapdrgn.net retrieved 2026-10-04
snap:671114,person,St Mansuy of Toul (Bishop of Toul),,SNAP-DRGN merged ancient person; sources: collection.britishmuseum.org,alive,251,450,medium,SNAP-DRGN person 671114 (http://data.snapdrgn.net/person/671114/); associated attestation dates: 0338; narrowest range 0338 (0y) -> 4th century CE expanded +/-50y; confidence medium (<=60y window; rough floruit); source SNAP-DRGN data.snapdrgn.net retrieved 2026-10-04
snap:671115,person,St Wilfrid,,SNAP-DRGN merged ancient person; sources: collection.britishmuseum.org,alive,551,750,medium,SNAP-DRGN person 671115 (http://data.snapdrgn.net/person/671115/); associated attestation dates: 0633; narrowest range 0633 (0y) -> 7th century CE expanded +/-50y; confidence medium (<=60y window; rough floruit); source SNAP-DRGN data.snapdrgn.net retrieved 2026-10-04
snap:671116,person,Nitocris,,SNAP-DRGN merged ancient person; sources: collection.britishmuseum.org,alive,-49,150,medium,SNAP-DRGN person 671116 (http://data.snapdrgn.net/person/671116/); associated attestation dates: 0006; narrowest range 0006 (0y) -> 1st century CE expanded +/-50y; confidence medium (<=60y window; rough floruit); source SNAP-DRGN data.snapdrgn.net retrieved 2026-10-04
snap:671117,person,Sety II,,SNAP-DRGN merged ancient person; sources: collection.britishmuseum.org,alive,-1249,-1050,medium,SNAP-DRGN person 671117 (http://data.snapdrgn.net/person/671117/); associated attestation dates: -1200; narrowest range -1200 (0y) -> 12th century BCE expanded +/-50y; confidence medium (<=60y window; rough floruit); source SNAP-DRGN data.snapdrgn.net retrieved 2026-10-04
snap:671119,person,St Cyprian of Carthage,,SNAP-DRGN merged ancient person; sources: collection.britishmuseum.org,alive,51,250,medium,SNAP-DRGN person 671119 (http://data.snapdrgn.net/person/671119/); associated attestation dates: 0200; narrowest range 0200 (0y) -> 2nd century CE expanded +/-50y; confidence medium (<=60y window; rough floruit); source SNAP-DRGN data.snapdrgn.net retrieved 2026-10-04
snap:671120,person,St Acacius,,SNAP-DRGN merged ancient person; sources: collection.britishmuseum.org,alive,51,250,medium,SNAP-DRGN person 671120 (http://data.snapdrgn.net/person/671120/); associated attestation dates: 0200; narrowest range 0200 (0y) -> 2nd century CE expanded +/-50y; confidence medium (<=60y window; rough floruit); source SNAP-DRGN data.snapdrgn.net retrieved 2026-10-04
snap:671122,person,Bird Jaguar IV (Yaxhun Balam),,SNAP-DRGN merged ancient person; sources: collection.britishmuseum.org,alive,551,750,medium,SNAP-DRGN person 671122 (http://data.snapdrgn.net/person/671122/); associated attestation dates: 0700; narrowest range 0700 (0y) -> 7th century CE expanded +/-50y; confidence medium (<=60y window; rough floruit); source SNAP-DRGN data.snapdrgn.net retrieved 2026-10-04
snap:671123,person,Marcus Crassus,,SNAP-DRGN merged ancient person; sources: collection.britishmuseum.org,alive,-249,-50,medium,SNAP-DRGN person 671123 (http://data.snapdrgn.net/person/671123/); associated attestation dates: -0112; narrowest range -0112 (0y) -> 2nd century BCE expanded +/-50y; confidence medium (<=60y window; rough floruit); source SNAP-DRGN data.snapdrgn.net retrieved 2026-10-04
snap:671124,person,Sotori-hime,,SNAP-DRGN merged ancient person; sources: collection.britishmuseum.org,alive,251,450,medium,SNAP-DRGN person 671124 (http://data.snapdrgn.net/person/671124/); associated attestation dates: 0400; narrowest range 0400 (0y) -> 4th century CE expanded +/-50y; confidence medium (<=60y window; rough floruit); source SNAP-DRGN data.snapdrgn.net retrieved 2026-10-04
snap:671125,person,King Syphax,,SNAP-DRGN merged ancient person; sources: collection.britishmuseum.org,alive,-349,-150,medium,SNAP-DRGN person 671125 (http://data.snapdrgn.net/person/671125/); associated attestation dates: -0250; narrowest range -0250 (0y) -> 3rd century BCE expanded +/-50y; confidence medium (<=60y window; rough floruit); source SNAP-DRGN data.snapdrgn.net retrieved 2026-10-04
snap:671127,person,Bvtrio of Lezoux,,SNAP-DRGN merged ancient person; sources: collection.britishmuseum.org,alive,51,250,medium,SNAP-DRGN person 671127 (http://data.snapdrgn.net/person/671127/); associated attestation dates: 0120; narrowest range 0120 (0y) -> 2nd century CE expanded +/-50y; confidence medium (<=60y window; rough floruit); source SNAP-DRGN data.snapdrgn.net retrieved 2026-10-04
snap:671128,person,St Wulfran; Archbishop of Sens,,SNAP-DRGN merged ancient person; sources: collection.britishmuseum.org,alive,551,750,medium,SNAP-DRGN person 671128 (http://data.snapdrgn.net/person/671128/); associated attestation dates: 0647; narrowest range 0647 (0y) -> 7th century CE expanded +/-50y; confidence medium (<=60y window; rough floruit); source SNAP-DRGN data.snapdrgn.net retrieved 2026-10-04
snap:671129,person,Chilon,,SNAP-DRGN merged ancient person; sources: collection.britishmuseum.org,alive,-649,-450,medium,SNAP-DRGN person 671129 (http://data.snapdrgn.net/person/671129/); associated attestation dates: -0550; narrowest range -0550 (0y) -> 6th century BCE expanded +/-50y; confidence medium (<=60y window; rough floruit); source SNAP-DRGN data.snapdrgn.net retrieved 2026-10-04
snap:671130,person,St Leander; Bishop of Seville,,SNAP-DRGN merged ancient person; sources: collection.britishmuseum.org,alive,451,650,medium,SNAP-DRGN person 671130 (http://data.snapdrgn.net/person/671130/); associated attestation dates: 0534; narrowest range 0534 (0y) -> 6th century CE expanded +/-50y; confidence medium (<=60y window; rough floruit); source SNAP-DRGN data.snapdrgn.net retrieved 2026-10-04
snap:671131,person,Epicurus,,SNAP-DRGN merged ancient person; sources: collection.britishmuseum.org,alive,-449,-250,medium,SNAP-DRGN person 671131 (http://data.snapdrgn.net/person/671131/); associated attestation dates: -0342; narrowest range -0342 (0y) -> 4th century BCE expanded +/-50y; confidence medium (<=60y window; rough floruit); source SNAP-DRGN data.snapdrgn.net retrieved 2026-10-04
snap:671132,person,Pope Siricius (St Siricius),,SNAP-DRGN merged ancient person; sources: collection.britishmuseum.org,alive,251,450,medium,SNAP-DRGN person 671132 (http://data.snapdrgn.net/person/671132/); associated attestation dates: 0334; narrowest range 0334 (0y) -> 4th century CE expanded +/-50y; confidence medium (<=60y window; rough floruit); source SNAP-DRGN data.snapdrgn.net retrieved 2026-10-04
snap:671133,person,Panedjem II,,SNAP-DRGN merged ancient person; sources: collection.britishmuseum.org,alive,-1049,-850,medium,SNAP-DRGN person 671133 (http://data.snapdrgn.net/person/671133/); associated attestation dates: -0990; narrowest range -0990 (0y) -> 10th century BCE expanded +/-50y; confidence medium (<=60y window; rough floruit); source SNAP-DRGN data.snapdrgn.net retrieved 2026-10-04
snap:671134,person,Novatian (antipope),,SNAP-DRGN merged ancient person; sources: collection.britishmuseum.org,alive,51,250,medium,SNAP-DRGN person 671134 (http://data.snapdrgn.net/person/671134/); associated attestation dates: 0200; narrowest range 0200 (0y) -> 2nd century CE expanded +/-50y; confidence medium (<=60y window; rough floruit); source SNAP-DRGN data.snapdrgn.net retrieved 2026-10-04
snap:671135,person,Gaius Gracchus,,SNAP-DRGN merged ancient person; sources: collection.britishmuseum.org,alive,-249,-50,medium,SNAP-DRGN person 671135 (http://data.snapdrgn.net/person/671135/); associated attestation dates: -0154; narrowest range -0154 (0y) -> 2nd century BCE expanded +/-50y; confidence medium (<=60y window; rough floruit); source SNAP-DRGN data.snapdrgn.net retrieved 2026-10-04
snap:671136,person,Tiberius Gracchus,,SNAP-DRGN merged ancient person; sources: collection.britishmuseum.org,alive,-249,-50,medium,SNAP-DRGN person 671136 (http://data.snapdrgn.net/person/671136/); associated attestation dates: -0168; narrowest range -0168 (0y) -> 2nd century BCE expanded +/-50y; confidence medium (<=60y window; rough floruit); source SNAP-DRGN data.snapdrgn.net retrieved 2026-10-04
snap:671137,person,Johannes Stobaeus,,SNAP-DRGN merged ancient person; sources: collection.britishmuseum.org,alive,251,450,medium,SNAP-DRGN person 671137 (http://data.snapdrgn.net/person/671137/); associated attestation dates: 0400; narrowest range 0400 (0y) -> 4th century CE expanded +/-50y; confidence medium (<=60y window; rough floruit); source SNAP-DRGN data.snapdrgn.net retrieved 2026-10-04
snap:671138,person,Livy,,SNAP-DRGN merged ancient person; sources: collection.britishmuseum.org,alive,-149,50,medium,SNAP-DRGN person 671138 (http://data.snapdrgn.net/person/671138/); associated attestation dates: -0059; narrowest range -0059 (0y) -> 1st century BCE expanded +/-50y; confidence medium (<=60y window; rough floruit); source SNAP-DRGN data.snapdrgn.net retrieved 2026-10-04
snap:671139,person,Cleopatra the Great,,SNAP-DRGN merged ancient person; sources: collection.britishmuseum.org,alive,-2049,-1850,medium,SNAP-DRGN person 671139 (http://data.snapdrgn.net/person/671139/); associated attestation dates: -1951; narrowest range -1951 (0y) -> 20th century BCE expanded +/-50y; confidence medium (<=60y window; rough floruit); source SNAP-DRGN data.snapdrgn.net retrieved 2026-10-04
snap:671140,person,Valens,,SNAP-DRGN merged ancient person; sources: collection.britishmuseum.org,alive,251,450,medium,SNAP-DRGN person 671140 (http://data.snapdrgn.net/person/671140/); associated attestation dates: 0328; narrowest range 0328 (0y) -> 4th century CE expanded +/-50y; confidence medium (<=60y window; rough floruit); source SNAP-DRGN data.snapdrgn.net retrieved 2026-10-04
snap:671141,person,St Germain of Auxerre,,SNAP-DRGN merged ancient person; sources: collection.britishmuseum.org,alive,251,450,medium,SNAP-DRGN person 671141 (http://data.snapdrgn.net/person/671141/); associated attestation dates: 0380; narrowest range 0380 (0y) -> 4th century CE expanded +/-50y; confidence medium (<=60y window; rough floruit); source SNAP-DRGN data.snapdrgn.net retrieved 2026-10-04
snap:671142,person,Severus Alexander,,SNAP-DRGN merged ancient person; sources: collection.britishmuseum.org,alive,151,350,medium,SNAP-DRGN person 671142 (http://data.snapdrgn.net/person/671142/); associated attestation dates: 0209; narrowest range 0209 (0y) -> 3rd century CE expanded +/-50y; confidence medium (<=60y window; rough floruit); source SNAP-DRGN data.snapdrgn.net retrieved 2026-10-04
snap:671143,person,Kuninda Amoghabhuti,,SNAP-DRGN merged ancient person; sources: collection.britishmuseum.org,alive,-249,-50,medium,SNAP-DRGN person 671143 (http://data.snapdrgn.net/person/671143/); associated attestation dates: -0199; narrowest range -0199 (0y) -> 2nd century BCE expanded +/-50y; confidence medium (<=60y window; rough floruit); source SNAP-DRGN data.snapdrgn.net retrieved 2026-10-04
snap:671144,person,Amenhotep II,,SNAP-DRGN merged ancient person; sources: collection.britishmuseum.org,alive,-1549,-1350,medium,SNAP-DRGN person 671144 (http://data.snapdrgn.net/person/671144/); associated attestation dates: -1427; narrowest range -1427 (0y) -> 15th century BCE expanded +/-50y; confidence medium (<=60y window; rough floruit); source SNAP-DRGN data.snapdrgn.net retrieved 2026-10-04
snap:671145,person,Seleucus II Callinicus,,SNAP-DRGN merged ancient person; sources: collection.britishmuseum.org,alive,-349,-150,medium,SNAP-DRGN person 671145 (http://data.snapdrgn.net/person/671145/); associated attestation dates: -0246; narrowest range -0246 (0y) -> 3rd century BCE expanded +/-50y; confidence medium (<=60y window; rough floruit); source SNAP-DRGN data.snapdrgn.net retrieved 2026-10-04
snap:671146,person,Gordian II,,SNAP-DRGN merged ancient person; sources: collection.britishmuseum.org,alive,51,250,medium,SNAP-DRGN person 671146 (http://data.snapdrgn.net/person/671146/); associated attestation dates: 0192; narrowest range 0192 (0y) -> 2nd century CE expanded +/-50y; confidence medium (<=60y window; rough floruit); source SNAP-DRGN data.snapdrgn.net retrieved 2026-10-04
snap:671147,person,St Valerian,,SNAP-DRGN merged ancient person; sources: collection.britishmuseum.org,alive,151,350,medium,SNAP-DRGN person 671147 (http://data.snapdrgn.net/person/671147/); associated attestation dates: 0230; narrowest range 0230 (0y) -> 3rd century CE expanded +/-50y; confidence medium (<=60y window; rough floruit); source SNAP-DRGN data.snapdrgn.net retrieved 2026-10-04
snap:671148,person,Gu Kaizhi 顧愷之,,SNAP-DRGN merged ancient person; sources: collection.britishmuseum.org,alive,251,450,medium,SNAP-DRGN person 671148 (http://data.snapdrgn.net/person/671148/); associated attestation dates: 0345; narrowest range 0345 (0y) -> 4th century CE expanded +/-50y; confidence medium (<=60y window; rough floruit); source SNAP-DRGN data.snapdrgn.net retrieved 2026-10-04
snap:671149,person,Untash-Naprisha,,SNAP-DRGN merged ancient person; sources: collection.britishmuseum.org,alive,-1349,-1150,medium,SNAP-DRGN person 671149 (http://data.snapdrgn.net/person/671149/); associated attestation dates: -1275; narrowest range -1275 (0y) -> 13th century BCE expanded +/-50y; confidence medium (<=60y window; rough floruit); source SNAP-DRGN data.snapdrgn.net retrieved 2026-10-04
snap:671150,person,Shabitko,,SNAP-DRGN merged ancient person; sources: collection.britishmuseum.org,alive,-849,-650,medium,SNAP-DRGN person 671150 (http://data.snapdrgn.net/person/671150/); associated attestation dates: -0702; narrowest range -0702 (0y) -> 8th century BCE expanded +/-50y; confidence medium (<=60y window; rough floruit); source SNAP-DRGN data.snapdrgn.net retrieved 2026-10-04
snap:671152,person,Terentia Albia,,SNAP-DRGN merged ancient person; sources: collection.britishmuseum.org,alive,-49,150,medium,SNAP-DRGN person 671152 (http://data.snapdrgn.net/person/671152/); associated attestation dates: 0001; narrowest range 0001 (0y) -> 1st century CE expanded +/-50y; confidence medium (<=60y window; rough floruit); source SNAP-DRGN data.snapdrgn.net retrieved 2026-10-04
snap:671153,person,Lolis,,SNAP-DRGN merged ancient person; sources: collection.britishmuseum.org,alive,-49,150,medium,SNAP-DRGN person 671153 (http://data.snapdrgn.net/person/671153/); associated attestation dates: 0003; narrowest range 0003 (0y) -> 1st century CE expanded +/-50y; confidence medium (<=60y window; rough floruit); source SNAP-DRGN data.snapdrgn.net retrieved 2026-10-04
snap:671154,person,St Placid,,SNAP-DRGN merged ancient person; sources: collection.britishmuseum.org,alive,351,550,medium,SNAP-DRGN person 671154 (http://data.snapdrgn.net/person/671154/); associated attestation dates: 0500; narrowest range 0500 (0y) -> 5th century CE expanded +/-50y; confidence medium (<=60y window; rough floruit); source SNAP-DRGN data.snapdrgn.net retrieved 2026-10-04
snap:671155,person,The Krokotos Painter,,SNAP-DRGN merged ancient person; sources: collection.britishmuseum.org,alive,-649,-450,medium,SNAP-DRGN person 671155 (http://data.snapdrgn.net/person/671155/); associated attestation dates: -0520; narrowest range -0520 (0y) -> 6th century BCE expanded +/-50y; confidence medium (<=60y window; rough floruit); source SNAP-DRGN data.snapdrgn.net retrieved 2026-10-04
snap:671156,person,Dositheos-Charias,,SNAP-DRGN merged ancient person; sources: collection.britishmuseum.org,alive,-149,50,medium,SNAP-DRGN person 671156 (http://data.snapdrgn.net/person/671156/); associated attestation dates: -0100; narrowest range -0100 (0y) -> 1st century BCE expanded +/-50y; confidence medium (<=60y window; rough floruit); source SNAP-DRGN data.snapdrgn.net retrieved 2026-10-04
snap:671158,person,Xiphares,,SNAP-DRGN merged ancient person; sources: collection.britishmuseum.org,alive,-149,50,medium,SNAP-DRGN person 671158 (http://data.snapdrgn.net/person/671158/); associated attestation dates: -0090; narrowest range -0090 (0y) -> 1st century BCE expanded +/-50y; confidence medium (<=60y window; rough floruit); source SNAP-DRGN data.snapdrgn.net retrieved 2026-10-04
snap:671159,person,Drusus Julius Caesar,,SNAP-DRGN merged ancient person; sources: collection.britishmuseum.org,alive,-49,150,medium,SNAP-DRGN person 671159 (http://data.snapdrgn.net/person/671159/); associated attestation dates: 0007; narrowest range 0007 (0y) -> 1st century CE expanded +/-50y; confidence medium (<=60y window; rough floruit); source SNAP-DRGN data.snapdrgn.net retrieved 2026-10-04
snap:671160,person,Shchek,,SNAP-DRGN merged ancient person; sources: collection.britishmuseum.org,alive,351,550,medium,SNAP-DRGN person 671160 (http://data.snapdrgn.net/person/671160/); associated attestation dates: 0482; narrowest range 0482 (0y) -> 5th century CE expanded +/-50y; confidence medium (<=60y window; rough floruit); source SNAP-DRGN data.snapdrgn.net retrieved 2026-10-04
snap:671161,person,Amasis,,SNAP-DRGN merged ancient person; sources: collection.britishmuseum.org,alive,-649,-450,medium,SNAP-DRGN person 671161 (http://data.snapdrgn.net/person/671161/); associated attestation dates: -0570; narrowest range -0570 (0y) -> 6th century BCE expanded +/-50y; confidence medium (<=60y window; rough floruit); source SNAP-DRGN data.snapdrgn.net retrieved 2026-10-04
snap:671162,person,Laozi 老子,,SNAP-DRGN merged ancient person; sources: collection.britishmuseum.org,alive,-649,-450,medium,SNAP-DRGN person 671162 (http://data.snapdrgn.net/person/671162/); associated attestation dates: -0599; narrowest range -0599 (0y) -> 6th century BCE expanded +/-50y; confidence medium (<=60y window; rough floruit); source SNAP-DRGN data.snapdrgn.net retrieved 2026-10-04
snap:671163,person,Democritus,,SNAP-DRGN merged ancient person; sources: collection.britishmuseum.org,alive,-549,-350,medium,SNAP-DRGN person 671163 (http://data.snapdrgn.net/person/671163/); associated attestation dates: -0460; narrowest range -0460 (0y) -> 5th century BCE expanded +/-50y; confidence medium (<=60y window; rough floruit); source SNAP-DRGN data.snapdrgn.net retrieved 2026-10-04
snap:671164,person,Archytas of Tarentum,,SNAP-DRGN merged ancient person; sources: collection.britishmuseum.org,alive,-549,-350,medium,SNAP-DRGN person 671164 (http://data.snapdrgn.net/person/671164/); associated attestation dates: -0428; narrowest range -0428 (0y) -> 5th century BCE expanded +/-50y; confidence medium (<=60y window; rough floruit); source SNAP-DRGN data.snapdrgn.net retrieved 2026-10-04
snap:671165,person,Léonard Gaultier,,SNAP-DRGN merged ancient person; sources: collection.britishmuseum.org,alive,-49,150,medium,SNAP-DRGN person 671165 (http://data.snapdrgn.net/person/671165/); associated attestation dates: 0001; narrowest range 0001 (0y) -> 1st century CE expanded +/-50y; confidence medium (<=60y window; rough floruit); source SNAP-DRGN data.snapdrgn.net retrieved 2026-10-04
snap:671166,person,Chari-Hera,,SNAP-DRGN merged ancient person; sources: collection.britishmuseum.org,alive,-249,-50,medium,SNAP-DRGN person 671166 (http://data.snapdrgn.net/person/671166/); associated attestation dates: -0146; narrowest range -0146 (0y) -> 2nd century BCE expanded +/-50y; confidence medium (<=60y window; rough floruit); source SNAP-DRGN data.snapdrgn.net retrieved 2026-10-04
snap:671167,person,St Melania the Younger,,SNAP-DRGN merged ancient person; sources: collection.britishmuseum.org,alive,251,450,medium,SNAP-DRGN person 671167 (http://data.snapdrgn.net/person/671167/); associated attestation dates: 0383; narrowest range 0383 (0y) -> 4th century CE expanded +/-50y; confidence medium (<=60y window; rough floruit); source SNAP-DRGN data.snapdrgn.net retrieved 2026-10-04
snap:671168,person,Dagobert II; King of Austrasia,,SNAP-DRGN merged ancient person; sources: collection.britishmuseum.org,alive,551,750,medium,SNAP-DRGN person 671168 (http://data.snapdrgn.net/person/671168/); associated attestation dates: 0645; narrowest range 0645 (0y) -> 7th century CE expanded +/-50y; confidence medium (<=60y window; rough floruit); source SNAP-DRGN data.snapdrgn.net retrieved 2026-10-04
snap:671169,person,Antoine; Forestier of Flanders,,SNAP-DRGN merged ancient person; sources: collection.britishmuseum.org,alive,551,750,medium,SNAP-DRGN person 671169 (http://data.snapdrgn.net/person/671169/); associated attestation dates: 0692; narrowest range 0692 (0y) -> 7th century CE expanded +/-50y; confidence medium (<=60y window; rough floruit); source SNAP-DRGN data.snapdrgn.net retrieved 2026-10-04
snap:671170,person,Auguste Marie Raymond; Prince d&#39;Arenberg,,SNAP-DRGN merged ancient person; sources: collection.britishmuseum.org,alive,-49,150,medium,SNAP-DRGN person 671170 (http://data.snapdrgn.net/person/671170/); associated attestation dates: 0001; narrowest range 0001 (0y) -> 1st century CE expanded +/-50y; confidence medium (<=60y window; rough floruit); source SNAP-DRGN data.snapdrgn.net retrieved 2026-10-04
snap:671171,person,Yuhanna ibn Masawaih,,SNAP-DRGN merged ancient person; sources: collection.britishmuseum.org,alive,651,850,medium,SNAP-DRGN person 671171 (http://data.snapdrgn.net/person/671171/); associated attestation dates: 0777; narrowest range 0777 (0y) -> 8th century CE expanded +/-50y; confidence medium (<=60y window; rough floruit); source SNAP-DRGN data.snapdrgn.net retrieved 2026-10-04
snap:671172,person,Diokles-Medeios,,SNAP-DRGN merged ancient person; sources: collection.britishmuseum.org,alive,-149,50,medium,SNAP-DRGN person 671172 (http://data.snapdrgn.net/person/671172/); associated attestation dates: -0061; narrowest range -0061 (0y) -> 1st century BCE expanded +/-50y; confidence medium (<=60y window; rough floruit); source SNAP-DRGN data.snapdrgn.net retrieved 2026-10-04
snap:671173,person,St Baudilus,,SNAP-DRGN merged ancient person; sources: collection.britishmuseum.org,alive,-49,150,medium,SNAP-DRGN person 671173 (http://data.snapdrgn.net/person/671173/); associated attestation dates: 0003; narrowest range 0003 (0y) -> 1st century CE expanded +/-50y; confidence medium (<=60y window; rough floruit); source SNAP-DRGN data.snapdrgn.net retrieved 2026-10-04
snap:671174,person,Nonnus of Panopolis,,SNAP-DRGN merged ancient person; sources: collection.britishmuseum.org,alive,251,450,medium,SNAP-DRGN person 671174 (http://data.snapdrgn.net/person/671174/); associated attestation dates: 0400; narrowest range 0400 (0y) -> 4th century CE expanded +/-50y; confidence medium (<=60y window; rough floruit); source SNAP-DRGN data.snapdrgn.net retrieved 2026-10-04
snap:671175,person,Ptolemy VIII Euergetes II,,SNAP-DRGN merged ancient person; sources: collection.britishmuseum.org,alive,-249,-50,medium,SNAP-DRGN person 671175 (http://data.snapdrgn.net/person/671175/); associated attestation dates: -0170; narrowest range -0170 (0y) -> 2nd century BCE expanded +/-50y; confidence medium (<=60y window; rough floruit); source SNAP-DRGN data.snapdrgn.net retrieved 2026-10-04
snap:671176,person,Saptah,,SNAP-DRGN merged ancient person; sources: collection.britishmuseum.org,alive,-1249,-1050,medium,SNAP-DRGN person 671176 (http://data.snapdrgn.net/person/671176/); associated attestation dates: -1194; narrowest range -1194 (0y) -> 12th century BCE expanded +/-50y; confidence medium (<=60y window; rough floruit); source SNAP-DRGN data.snapdrgn.net retrieved 2026-10-04
snap:671177,person,Chilperic II; King of the Franks,,SNAP-DRGN merged ancient person; sources: collection.britishmuseum.org,alive,551,750,medium,SNAP-DRGN person 671177 (http://data.snapdrgn.net/person/671177/); associated attestation dates: 0666; narrowest range 0666 (0y) -> 7th century CE expanded +/-50y; confidence medium (<=60y window; rough floruit); source SNAP-DRGN data.snapdrgn.net retrieved 2026-10-04
snap:671178,person,Apollophanes,,SNAP-DRGN merged ancient person; sources: collection.britishmuseum.org,alive,-149,50,medium,SNAP-DRGN person 671178 (http://data.snapdrgn.net/person/671178/); associated attestation dates: -0030; narrowest range -0030 (0y) -> 1st century BCE expanded +/-50y; confidence medium (<=60y window; rough floruit); source SNAP-DRGN data.snapdrgn.net retrieved 2026-10-04
snap:671179,person,Catiline,,SNAP-DRGN merged ancient person; sources: collection.britishmuseum.org,alive,-249,-50,medium,SNAP-DRGN person 671179 (http://data.snapdrgn.net/person/671179/); associated attestation dates: -0108; narrowest range -0108 (0y) -> 2nd century BCE expanded +/-50y; confidence medium (<=60y window; rough floruit); source SNAP-DRGN data.snapdrgn.net retrieved 2026-10-04
snap:671180,person,St Antony Abbot,,SNAP-DRGN merged ancient person; sources: collection.britishmuseum.org,alive,151,350,medium,SNAP-DRGN person 671180 (http://data.snapdrgn.net/person/671180/); associated attestation dates: 0251; narrowest range 0251 (0y) -> 3rd century CE expanded +/-50y; confidence medium (<=60y window; rough floruit); source SNAP-DRGN data.snapdrgn.net retrieved 2026-10-04
snap:671181,person,Kukai (空海),,SNAP-DRGN merged ancient person; sources: collection.britishmuseum.org,alive,651,850,medium,SNAP-DRGN person 671181 (http://data.snapdrgn.net/person/671181/); associated attestation dates: 0774; narrowest range 0774 (0y) -> 8th century CE expanded +/-50y; confidence medium (<=60y window; rough floruit); source SNAP-DRGN data.snapdrgn.net retrieved 2026-10-04
snap:671182,person,Domitian of Gaul,,SNAP-DRGN merged ancient person; sources: collection.britishmuseum.org,alive,151,350,medium,SNAP-DRGN person 671182 (http://data.snapdrgn.net/person/671182/); associated attestation dates: 0271; narrowest range 0271 (0y) -> 3rd century CE expanded +/-50y; confidence medium (<=60y window; rough floruit); source SNAP-DRGN data.snapdrgn.net retrieved 2026-10-04
snap:671183,person,Telenium Europe,,SNAP-DRGN merged ancient person; sources: collection.britishmuseum.org,alive,-49,150,medium,SNAP-DRGN person 671183 (http://data.snapdrgn.net/person/671183/); associated attestation dates: 0020; narrowest range 0020 (0y) -> 1st century CE expanded +/-50y; confidence medium (<=60y window; rough floruit); source SNAP-DRGN data.snapdrgn.net retrieved 2026-10-04
snap:671184,person,Bakenrenef,,SNAP-DRGN merged ancient person; sources: collection.britishmuseum.org,alive,-849,-650,medium,SNAP-DRGN person 671184 (http://data.snapdrgn.net/person/671184/); associated attestation dates: -0750; narrowest range -0750 (0y) -> 8th century BCE expanded +/-50y; confidence medium (<=60y window; rough floruit); source SNAP-DRGN data.snapdrgn.net retrieved 2026-10-04
snap:671185,person,Annius Verus,,SNAP-DRGN merged ancient person; sources: collection.britishmuseum.org,alive,51,250,medium,SNAP-DRGN person 671185 (http://data.snapdrgn.net/person/671185/); associated attestation dates: 0162; narrowest range 0162 (0y) -> 2nd century CE expanded +/-50y; confidence medium (<=60y window; rough floruit); source SNAP-DRGN data.snapdrgn.net retrieved 2026-10-04
snap:671186,person,Aemilius Papinianus,,SNAP-DRGN merged ancient person; sources: collection.britishmuseum.org,alive,51,250,medium,SNAP-DRGN person 671186 (http://data.snapdrgn.net/person/671186/); associated attestation dates: 0142; narrowest range 0142 (0y) -> 2nd century CE expanded +/-50y; confidence medium (<=60y window; rough floruit); source SNAP-DRGN data.snapdrgn.net retrieved 2026-10-04
snap:671187,person,Wang Mang 王莽,,SNAP-DRGN merged ancient person; sources: collection.britishmuseum.org,alive,-149,50,medium,SNAP-DRGN person 671187 (http://data.snapdrgn.net/person/671187/); associated attestation dates: -0045; narrowest range -0045 (0y) -> 1st century BCE expanded +/-50y; confidence medium (<=60y window; rough floruit); source SNAP-DRGN data.snapdrgn.net retrieved 2026-10-04
snap:671188,person,Anas,,SNAP-DRGN merged ancient person; sources: collection.britishmuseum.org,alive,-1049,-850,medium,SNAP-DRGN person 671188 (http://data.snapdrgn.net/person/671188/); associated attestation dates: -0999; narrowest range -0999 (0y) -> 10th century BCE expanded +/-50y; confidence medium (<=60y window; rough floruit); source SNAP-DRGN data.snapdrgn.net retrieved 2026-10-04
snap:671189,person,Ubaya,,SNAP-DRGN merged ancient person; sources: collection.britishmuseum.org,alive,-2049,-1850,medium,SNAP-DRGN person 671189 (http://data.snapdrgn.net/person/671189/); associated attestation dates: -1999; narrowest range -1999 (0y) -> 20th century BCE expanded +/-50y; confidence medium (<=60y window; rough floruit); source SNAP-DRGN data.snapdrgn.net retrieved 2026-10-04
snap:671190,person,Demosthenes,,SNAP-DRGN merged ancient person; sources: collection.britishmuseum.org,alive,-449,-250,medium,SNAP-DRGN person 671190 (http://data.snapdrgn.net/person/671190/); associated attestation dates: -0384; narrowest range -0384 (0y) -> 4th century BCE expanded +/-50y; confidence medium (<=60y window; rough floruit); source SNAP-DRGN data.snapdrgn.net retrieved 2026-10-04
snap:671191,person,St Susanna,,SNAP-DRGN merged ancient person; sources: collection.britishmuseum.org,alive,-49,150,medium,SNAP-DRGN person 671191 (http://data.snapdrgn.net/person/671191/); associated attestation dates: 0002; narrowest range 0002 (0y) -> 1st century CE expanded +/-50y; confidence medium (<=60y window; rough floruit); source SNAP-DRGN data.snapdrgn.net retrieved 2026-10-04
snap:671192,person,Pope Gregory I (St Gregory the Great),,SNAP-DRGN merged ancient person; sources: collection.britishmuseum.org,alive,451,650,medium,SNAP-DRGN person 671192 (http://data.snapdrgn.net/person/671192/); associated attestation dates: 0540; narrowest range 0540 (0y) -> 6th century CE expanded +/-50y; confidence medium (<=60y window; rough floruit); source SNAP-DRGN data.snapdrgn.net retrieved 2026-10-04
snap:671193,person,Lucius Annaeus Florus,,SNAP-DRGN merged ancient person; sources: collection.britishmuseum.org,alive,-49,150,medium,SNAP-DRGN person 671193 (http://data.snapdrgn.net/person/671193/); associated attestation dates: 0100; narrowest range 0100 (0y) -> 1st century CE expanded +/-50y; confidence medium (<=60y window; rough floruit); source SNAP-DRGN data.snapdrgn.net retrieved 2026-10-04
snap:671194,person,Berthold; King of Saxony,,SNAP-DRGN merged ancient person; sources: collection.britishmuseum.org,alive,451,650,medium,SNAP-DRGN person 671194 (http://data.snapdrgn.net/person/671194/); associated attestation dates: 0600; narrowest range 0600 (0y) -> 6th century CE expanded +/-50y; confidence medium (<=60y window; rough floruit); source SNAP-DRGN data.snapdrgn.net retrieved 2026-10-04
snap:671195,person,Statilia Messalina,,SNAP-DRGN merged ancient person; sources: collection.britishmuseum.org,alive,-49,150,medium,SNAP-DRGN person 671195 (http://data.snapdrgn.net/person/671195/); associated attestation dates: 0030; narrowest range 0030 (0y) -> 1st century CE expanded +/-50y; confidence medium (<=60y window; rough floruit); source SNAP-DRGN data.snapdrgn.net retrieved 2026-10-04
snap:671196,person,Senusret II,,SNAP-DRGN merged ancient person; sources: collection.britishmuseum.org,alive,-1949,-1750,medium,SNAP-DRGN person 671196 (http://data.snapdrgn.net/person/671196/); associated attestation dates: -1880; narrowest range -1880 (0y) -> 19th century BCE expanded +/-50y; confidence medium (<=60y window; rough floruit); source SNAP-DRGN data.snapdrgn.net retrieved 2026-10-04
snap:671197,person,Lucius Tarquinius Collatinus,,SNAP-DRGN merged ancient person; sources: collection.britishmuseum.org,alive,351,550,medium,SNAP-DRGN person 671197 (http://data.snapdrgn.net/person/671197/); associated attestation dates: 0500; narrowest range 0500 (0y) -> 5th century CE expanded +/-50y; confidence medium (<=60y window; rough floruit); source SNAP-DRGN data.snapdrgn.net retrieved 2026-10-04
snap:671198,person,Hiram,,SNAP-DRGN merged ancient person; sources: collection.britishmuseum.org,alive,-1049,-850,medium,SNAP-DRGN person 671198 (http://data.snapdrgn.net/person/671198/); associated attestation dates: -0989; narrowest range -0989 (0y) -> 10th century BCE expanded +/-50y; confidence medium (<=60y window; rough floruit); source SNAP-DRGN data.snapdrgn.net retrieved 2026-10-04
snap:671199,person,Cicero,,SNAP-DRGN merged ancient person; sources: collection.britishmuseum.org,alive,-249,-50,medium,SNAP-DRGN person 671199 (http://data.snapdrgn.net/person/671199/); associated attestation dates: -0106; narrowest range -0106 (0y) -> 2nd century BCE expanded +/-50y; confidence medium (<=60y window; rough floruit); source SNAP-DRGN data.snapdrgn.net retrieved 2026-10-04
snap:671200,person,St Flavia Domitilla,,SNAP-DRGN merged ancient person; sources: collection.britishmuseum.org,alive,-49,150,medium,SNAP-DRGN person 671200 (http://data.snapdrgn.net/person/671200/); associated attestation dates: 0100; narrowest range 0100 (0y) -> 1st century CE expanded +/-50y; confidence medium (<=60y window; rough floruit); source SNAP-DRGN data.snapdrgn.net retrieved 2026-10-04
snap:671201,person,Ovid,,SNAP-DRGN merged ancient person; sources: collection.britishmuseum.org,alive,-149,50,medium,SNAP-DRGN person 671201 (http://data.snapdrgn.net/person/671201/); associated attestation dates: -0043; narrowest range -0043 (0y) -> 1st century BCE expanded +/-50y; confidence medium (<=60y window; rough floruit); source SNAP-DRGN data.snapdrgn.net retrieved 2026-10-04
snap:671202,person,Titus Manlius Imperiosus Torquatus,,SNAP-DRGN merged ancient person; sources: collection.britishmuseum.org,alive,-449,-250,medium,SNAP-DRGN person 671202 (http://data.snapdrgn.net/person/671202/); associated attestation dates: -0350; narrowest range -0350 (0y) -> 4th century BCE expanded +/-50y; confidence medium (<=60y window; rough floruit); source SNAP-DRGN data.snapdrgn.net retrieved 2026-10-04
snap:671203,person,Guan Yu 關羽,,SNAP-DRGN merged ancient person; sources: collection.britishmuseum.org,alive,51,250,medium,SNAP-DRGN person 671203 (http://data.snapdrgn.net/person/671203/); associated attestation dates: 0160; narrowest range 0160 (0y) -> 2nd century CE expanded +/-50y; confidence medium (<=60y window; rough floruit); source SNAP-DRGN data.snapdrgn.net retrieved 2026-10-04
snap:671204,person,Horemheb,,SNAP-DRGN merged ancient person; sources: collection.britishmuseum.org,alive,-1449,-1250,medium,SNAP-DRGN person 671204 (http://data.snapdrgn.net/person/671204/); associated attestation dates: -1323; narrowest range -1323 (0y) -> 14th century BCE expanded +/-50y; confidence medium (<=60y window; rough floruit); source SNAP-DRGN data.snapdrgn.net retrieved 2026-10-04
snap:671205,person,Antiochus-Karaichos,,SNAP-DRGN merged ancient person; sources: collection.britishmuseum.org,alive,-249,-50,medium,SNAP-DRGN person 671205 (http://data.snapdrgn.net/person/671205/); associated attestation dates: -0131; narrowest range -0131 (0y) -> 2nd century BCE expanded +/-50y; confidence medium (<=60y window; rough floruit); source SNAP-DRGN data.snapdrgn.net retrieved 2026-10-04
snap:671206,person,Ramses IV,,SNAP-DRGN merged ancient person; sources: collection.britishmuseum.org,alive,-1249,-1050,medium,SNAP-DRGN person 671206 (http://data.snapdrgn.net/person/671206/); associated attestation dates: -1153; narrowest range -1153 (0y) -> 12th century BCE expanded +/-50y; confidence medium (<=60y window; rough floruit); source SNAP-DRGN data.snapdrgn.net retrieved 2026-10-04
snap:671208,person,St Lucy,,SNAP-DRGN merged ancient person; sources: collection.britishmuseum.org,alive,151,350,medium,SNAP-DRGN person 671208 (http://data.snapdrgn.net/person/671208/); associated attestation dates: 0283; narrowest range 0283 (0y) -> 3rd century CE expanded +/-50y; confidence medium (<=60y window; rough floruit); source SNAP-DRGN data.snapdrgn.net retrieved 2026-10-04
snap:671209,person,Leukion-Antikrates,,SNAP-DRGN merged ancient person; sources: collection.britishmuseum.org,alive,-149,50,medium,SNAP-DRGN person 671209 (http://data.snapdrgn.net/person/671209/); associated attestation dates: -0077; narrowest range -0077 (0y) -> 1st century BCE expanded +/-50y; confidence medium (<=60y window; rough floruit); source SNAP-DRGN data.snapdrgn.net retrieved 2026-10-04
snap:671211,person,Themison of Laodicea,,SNAP-DRGN merged ancient person; sources: collection.britishmuseum.org,alive,-49,150,medium,SNAP-DRGN person 671211 (http://data.snapdrgn.net/person/671211/); associated attestation dates: 0001; narrowest range 0001 (0y) -> 1st century CE expanded +/-50y; confidence medium (<=60y window; rough floruit); source SNAP-DRGN data.snapdrgn.net retrieved 2026-10-04
snap:671212,person,Fatima,,SNAP-DRGN merged ancient person; sources: collection.britishmuseum.org,alive,551,750,medium,SNAP-DRGN person 671212 (http://data.snapdrgn.net/person/671212/); associated attestation dates: 0615; narrowest range 0615 (0y) -> 7th century CE expanded +/-50y; confidence medium (<=60y window; rough floruit); source SNAP-DRGN data.snapdrgn.net retrieved 2026-10-04
snap:671213,person,St Isidore of Seville,,SNAP-DRGN merged ancient person; sources: collection.britishmuseum.org,alive,451,650,medium,SNAP-DRGN person 671213 (http://data.snapdrgn.net/person/671213/); associated attestation dates: 0560; narrowest range 0560 (0y) -> 6th century CE expanded +/-50y; confidence medium (<=60y window; rough floruit); source SNAP-DRGN data.snapdrgn.net retrieved 2026-10-04
snap:671214,person,Marcian,,SNAP-DRGN merged ancient person; sources: collection.britishmuseum.org,alive,251,450,medium,SNAP-DRGN person 671214 (http://data.snapdrgn.net/person/671214/); associated attestation dates: 0392; narrowest range 0392 (0y) -> 4th century CE expanded +/-50y; confidence medium (<=60y window; rough floruit); source SNAP-DRGN data.snapdrgn.net retrieved 2026-10-04
snap:671215,person,Mark Antony,,SNAP-DRGN merged ancient person; sources: collection.britishmuseum.org,alive,-149,50,medium,SNAP-DRGN person 671215 (http://data.snapdrgn.net/person/671215/); associated attestation dates: -0083; narrowest range -0083 (0y) -> 1st century BCE expanded +/-50y; confidence medium (<=60y window; rough floruit); source SNAP-DRGN data.snapdrgn.net retrieved 2026-10-04
snap:671216,person,Thutmose IV,,SNAP-DRGN merged ancient person; sources: collection.britishmuseum.org,alive,-1449,-1250,medium,SNAP-DRGN person 671216 (http://data.snapdrgn.net/person/671216/); associated attestation dates: -1400; narrowest range -1400 (0y) -> 14th century BCE expanded +/-50y; confidence medium (<=60y window; rough floruit); source SNAP-DRGN data.snapdrgn.net retrieved 2026-10-04
snap:671217,person,Pythagoras,,SNAP-DRGN merged ancient person; sources: collection.britishmuseum.org,alive,-649,-450,medium,SNAP-DRGN person 671217 (http://data.snapdrgn.net/person/671217/); associated attestation dates: -0580; narrowest range -0580 (0y) -> 6th century BCE expanded +/-50y; confidence medium (<=60y window; rough floruit); source SNAP-DRGN data.snapdrgn.net retrieved 2026-10-04
snap:671218,person,Sety I,,SNAP-DRGN merged ancient person; sources: collection.britishmuseum.org,alive,-1349,-1150,medium,SNAP-DRGN person 671218 (http://data.snapdrgn.net/person/671218/); associated attestation dates: -1294; narrowest range -1294 (0y) -> 13th century BCE expanded +/-50y; confidence medium (<=60y window; rough floruit); source SNAP-DRGN data.snapdrgn.net retrieved 2026-10-04
snap:671219,person,The Lion Painter,,SNAP-DRGN merged ancient person; sources: collection.britishmuseum.org,alive,-849,-650,medium,SNAP-DRGN person 671219 (http://data.snapdrgn.net/person/671219/); associated attestation dates: -0720; narrowest range -0720 (0y) -> 8th century BCE expanded +/-50y; confidence medium (<=60y window; rough floruit); source SNAP-DRGN data.snapdrgn.net retrieved 2026-10-04
snap:671220,person,Cato the Elder,,SNAP-DRGN merged ancient person; sources: collection.britishmuseum.org,alive,-349,-150,medium,SNAP-DRGN person 671220 (http://data.snapdrgn.net/person/671220/); associated attestation dates: -0234; narrowest range -0234 (0y) -> 3rd century BCE expanded +/-50y; confidence medium (<=60y window; rough floruit); source SNAP-DRGN data.snapdrgn.net retrieved 2026-10-04
snap:671221,person,Olympias,,SNAP-DRGN merged ancient person; sources: collection.britishmuseum.org,alive,-449,-250,medium,SNAP-DRGN person 671221 (http://data.snapdrgn.net/person/671221/); associated attestation dates: -0375; narrowest range -0375 (0y) -> 4th century BCE expanded +/-50y; confidence medium (<=60y window; rough floruit); source SNAP-DRGN data.snapdrgn.net retrieved 2026-10-04
snap:671222,person,Pharnaces II; King of Pontus and the Bosphoran,,SNAP-DRGN merged ancient person; sources: collection.britishmuseum.org,alive,-249,-50,medium,SNAP-DRGN person 671222 (http://data.snapdrgn.net/person/671222/); associated attestation dates: -0102; narrowest range -0102 (0y) -> 2nd century BCE expanded +/-50y; confidence medium (<=60y window; rough floruit); source SNAP-DRGN data.snapdrgn.net retrieved 2026-10-04
snap:671223,person,Alexideios,,SNAP-DRGN merged ancient person; sources: collection.britishmuseum.org,alive,-649,-450,medium,SNAP-DRGN person 671223 (http://data.snapdrgn.net/person/671223/); associated attestation dates: -0600; narrowest range -0600 (0y) -> 6th century BCE expanded +/-50y; confidence medium (<=60y window; rough floruit); source SNAP-DRGN data.snapdrgn.net retrieved 2026-10-04
snap:671224,person,Trajan,,SNAP-DRGN merged ancient person; sources: collection.britishmuseum.org,alive,-49,150,medium,SNAP-DRGN person 671224 (http://data.snapdrgn.net/person/671224/); associated attestation dates: 0053; narrowest range 0053 (0y) -> 1st century CE expanded +/-50y; confidence medium (<=60y window; rough floruit); source SNAP-DRGN data.snapdrgn.net retrieved 2026-10-04
snap:671225,person,Theodotos-Kleophanes,,SNAP-DRGN merged ancient person; sources: collection.britishmuseum.org,alive,-249,-50,medium,SNAP-DRGN person 671225 (http://data.snapdrgn.net/person/671225/); associated attestation dates: -0106; narrowest range -0106 (0y) -> 2nd century BCE expanded +/-50y; confidence medium (<=60y window; rough floruit); source SNAP-DRGN data.snapdrgn.net retrieved 2026-10-04
snap:671226,person,Prince Hu of Qizhun,,SNAP-DRGN merged ancient person; sources: collection.britishmuseum.org,alive,351,550,medium,SNAP-DRGN person 671226 (http://data.snapdrgn.net/person/671226/); associated attestation dates: 0500; narrowest range 0500 (0y) -> 5th century CE expanded +/-50y; confidence medium (<=60y window; rough floruit); source SNAP-DRGN data.snapdrgn.net retrieved 2026-10-04
snap:671227,person,Archimedes,,SNAP-DRGN merged ancient person; sources: collection.britishmuseum.org,alive,-349,-150,medium,SNAP-DRGN person 671227 (http://data.snapdrgn.net/person/671227/); associated attestation dates: -0287; narrowest range -0287 (0y) -> 3rd century BCE expanded +/-50y; confidence medium (<=60y window; rough floruit); source SNAP-DRGN data.snapdrgn.net retrieved 2026-10-04
snap:671228,person,Jamasp,,SNAP-DRGN merged ancient person; sources: collection.britishmuseum.org,alive,351,550,medium,SNAP-DRGN person 671228 (http://data.snapdrgn.net/person/671228/); associated attestation dates: 0497; narrowest range 0497 (0y) -> 5th century CE expanded +/-50y; confidence medium (<=60y window; rough floruit); source SNAP-DRGN data.snapdrgn.net retrieved 2026-10-04
snap:671229,person,Gordian I Africanus,,SNAP-DRGN merged ancient person; sources: collection.britishmuseum.org,alive,51,250,medium,SNAP-DRGN person 671229 (http://data.snapdrgn.net/person/671229/); associated attestation dates: 0153; narrowest range 0153 (0y) -> 2nd century CE expanded +/-50y; confidence medium (<=60y window; rough floruit); source SNAP-DRGN data.snapdrgn.net retrieved 2026-10-04
snap:671230,person,Quintus Fabius Labio,,SNAP-DRGN merged ancient person; sources: collection.britishmuseum.org,alive,-249,-50,medium,SNAP-DRGN person 671230 (http://data.snapdrgn.net/person/671230/); associated attestation dates: -0180; narrowest range -0180 (0y) -> 2nd century BCE expanded +/-50y; confidence medium (<=60y window; rough floruit); source SNAP-DRGN data.snapdrgn.net retrieved 2026-10-04
snap:671231,person,Kakimoto no Hitomaro (柿本人麻呂),,SNAP-DRGN merged ancient person; sources: collection.britishmuseum.org,alive,551,750,medium,SNAP-DRGN person 671231 (http://data.snapdrgn.net/person/671231/); associated attestation dates: 0660; narrowest range 0660 (0y) -> 7th century CE expanded +/-50y; confidence medium (<=60y window; rough floruit); source SNAP-DRGN data.snapdrgn.net retrieved 2026-10-04
snap:671232,person,Li Sixun 李思训,,SNAP-DRGN merged ancient person; sources: collection.britishmuseum.org,alive,551,750,medium,SNAP-DRGN person 671232 (http://data.snapdrgn.net/person/671232/); associated attestation dates: 0651; narrowest range 0651 (0y) -> 7th century CE expanded +/-50y; confidence medium (<=60y window; rough floruit); source SNAP-DRGN data.snapdrgn.net retrieved 2026-10-04
snap:671233,person,Messallina,,SNAP-DRGN merged ancient person; sources: collection.britishmuseum.org,alive,-49,150,medium,SNAP-DRGN person 671233 (http://data.snapdrgn.net/person/671233/); associated attestation dates: 0020; narrowest range 0020 (0y) -> 1st century CE expanded +/-50y; confidence medium (<=60y window; rough floruit); source SNAP-DRGN data.snapdrgn.net retrieved 2026-10-04
snap:671234,person,Du Fu 杜甫,,SNAP-DRGN merged ancient person; sources: collection.britishmuseum.org,alive,651,850,medium,SNAP-DRGN person 671234 (http://data.snapdrgn.net/person/671234/); associated attestation dates: 0712; narrowest range 0712 (0y) -> 8th century CE expanded +/-50y; confidence medium (<=60y window; rough floruit); source SNAP-DRGN data.snapdrgn.net retrieved 2026-10-04
snap:671235,person,St Mercurios,,SNAP-DRGN merged ancient person; sources: collection.britishmuseum.org,alive,151,350,medium,SNAP-DRGN person 671235 (http://data.snapdrgn.net/person/671235/); associated attestation dates: 0224; narrowest range 0224 (0y) -> 3rd century CE expanded +/-50y; confidence medium (<=60y window; rough floruit); source SNAP-DRGN data.snapdrgn.net retrieved 2026-10-04
snap:671236,person,St Balthild,,SNAP-DRGN merged ancient person; sources: collection.britishmuseum.org,alive,551,750,medium,SNAP-DRGN person 671236 (http://data.snapdrgn.net/person/671236/); associated attestation dates: 0621; narrowest range 0621 (0y) -> 7th century CE expanded +/-50y; confidence medium (<=60y window; rough floruit); source SNAP-DRGN data.snapdrgn.net retrieved 2026-10-04
snap:671237,person,Pu Cheng 普成,,SNAP-DRGN merged ancient person; sources: collection.britishmuseum.org,alive,351,550,medium,SNAP-DRGN person 671237 (http://data.snapdrgn.net/person/671237/); associated attestation dates: 0500; narrowest range 0500 (0y) -> 5th century CE expanded +/-50y; confidence medium (<=60y window; rough floruit); source SNAP-DRGN data.snapdrgn.net retrieved 2026-10-04
snap:671238,person,Cyrus the Great,,SNAP-DRGN merged ancient person; sources: collection.britishmuseum.org,alive,-149,50,medium,SNAP-DRGN person 671238 (http://data.snapdrgn.net/person/671238/); associated attestation dates: -0080; narrowest range -0080 (0y) -> 1st century BCE expanded +/-50y; confidence medium (<=60y window; rough floruit); source SNAP-DRGN data.snapdrgn.net retrieved 2026-10-04
snap:671239,person,Regalian,,SNAP-DRGN merged ancient person; sources: collection.britishmuseum.org,alive,151,350,medium,SNAP-DRGN person 671239 (http://data.snapdrgn.net/person/671239/); associated attestation dates: 0260; narrowest range 0260 (0y) -> 3rd century CE expanded +/-50y; confidence medium (<=60y window; rough floruit); source SNAP-DRGN data.snapdrgn.net retrieved 2026-10-04
snap:671240,person,St Hilary of Arles,,SNAP-DRGN merged ancient person; sources: collection.britishmuseum.org,alive,251,450,medium,SNAP-DRGN person 671240 (http://data.snapdrgn.net/person/671240/); associated attestation dates: 0400; narrowest range 0400 (0y) -> 4th century CE expanded +/-50y; confidence medium (<=60y window; rough floruit); source SNAP-DRGN data.snapdrgn.net retrieved 2026-10-04
snap:671241,person,Xenophon,,SNAP-DRGN merged ancient person; sources: collection.britishmuseum.org,alive,-549,-350,medium,SNAP-DRGN person 671241 (http://data.snapdrgn.net/person/671241/); associated attestation dates: -0436; narrowest range -0436 (0y) -> 5th century BCE expanded +/-50y; confidence medium (<=60y window; rough floruit); source SNAP-DRGN data.snapdrgn.net retrieved 2026-10-04
snap:671242,person,Andreas-Charinautes,,SNAP-DRGN merged ancient person; sources: collection.britishmuseum.org,alive,-249,-50,medium,SNAP-DRGN person 671242 (http://data.snapdrgn.net/person/671242/); associated attestation dates: -0104; narrowest range -0104 (0y) -> 2nd century BCE expanded +/-50y; confidence medium (<=60y window; rough floruit); source SNAP-DRGN data.snapdrgn.net retrieved 2026-10-04
snap:671243,person,Plotina,,SNAP-DRGN merged ancient person; sources: collection.britishmuseum.org,alive,-49,150,medium,SNAP-DRGN person 671243 (http://data.snapdrgn.net/person/671243/); associated attestation dates: 0070; narrowest range 0070 (0y) -> 1st century CE expanded +/-50y; confidence medium (<=60y window; rough floruit); source SNAP-DRGN data.snapdrgn.net retrieved 2026-10-04
snap:671244,person,Yan Xiangshi 顏相時,,SNAP-DRGN merged ancient person; sources: collection.britishmuseum.org,alive,551,750,medium,SNAP-DRGN person 671244 (http://data.snapdrgn.net/person/671244/); associated attestation dates: 0618; narrowest range 0618 (0y) -> 7th century CE expanded +/-50y; confidence medium (<=60y window; rough floruit); source SNAP-DRGN data.snapdrgn.net retrieved 2026-10-04
snap:671246,person,St Pothinus,,SNAP-DRGN merged ancient person; sources: collection.britishmuseum.org,alive,-49,150,medium,SNAP-DRGN person 671246 (http://data.snapdrgn.net/person/671246/); associated attestation dates: 0082; narrowest range 0082 (0y) -> 1st century CE expanded +/-50y; confidence medium (<=60y window; rough floruit); source SNAP-DRGN data.snapdrgn.net retrieved 2026-10-04
snap:671247,person,Abe no Nakamaro (阿倍仲麻呂),,SNAP-DRGN merged ancient person; sources: collection.britishmuseum.org,alive,551,750,medium,SNAP-DRGN person 671247 (http://data.snapdrgn.net/person/671247/); associated attestation dates: 0698; narrowest range 0698 (0y) -> 7th century CE expanded +/-50y; confidence medium (<=60y window; rough floruit); source SNAP-DRGN data.snapdrgn.net retrieved 2026-10-04
snap:671248,person,St Eloi,,SNAP-DRGN merged ancient person; sources: collection.britishmuseum.org,alive,451,650,medium,SNAP-DRGN person 671248 (http://data.snapdrgn.net/person/671248/); associated attestation dates: 0588; narrowest range 0588 (0y) -> 6th century CE expanded +/-50y; confidence medium (<=60y window; rough floruit); source SNAP-DRGN data.snapdrgn.net retrieved 2026-10-04
snap:671249,person,St Rufina,,SNAP-DRGN merged ancient person; sources: collection.britishmuseum.org,alive,-49,150,medium,SNAP-DRGN person 671249 (http://data.snapdrgn.net/person/671249/); associated attestation dates: 0003; narrowest range 0003 (0y) -> 1st century CE expanded +/-50y; confidence medium (<=60y window; rough floruit); source SNAP-DRGN data.snapdrgn.net retrieved 2026-10-04
snap:671250,person,Tutankhamun,,SNAP-DRGN merged ancient person; sources: collection.britishmuseum.org,alive,-1449,-1250,medium,SNAP-DRGN person 671250 (http://data.snapdrgn.net/person/671250/); associated attestation dates: -1336; narrowest range -1336 (0y) -> 14th century BCE expanded +/-50y; confidence medium (<=60y window; rough floruit); source SNAP-DRGN data.snapdrgn.net retrieved 2026-10-04
snap:671251,person,Shabako,,SNAP-DRGN merged ancient person; sources: collection.britishmuseum.org,alive,-849,-650,medium,SNAP-DRGN person 671251 (http://data.snapdrgn.net/person/671251/); associated attestation dates: -0716; narrowest range -0716 (0y) -> 8th century BCE expanded +/-50y; confidence medium (<=60y window; rough floruit); source SNAP-DRGN data.snapdrgn.net retrieved 2026-10-04
snap:671252,person,Antiochus XI Epiphanes,,SNAP-DRGN merged ancient person; sources: collection.britishmuseum.org,alive,-49,150,medium,SNAP-DRGN person 671252 (http://data.snapdrgn.net/person/671252/); associated attestation dates: 0095; narrowest range 0095 (0y) -> 1st century CE expanded +/-50y; confidence medium (<=60y window; rough floruit); source SNAP-DRGN data.snapdrgn.net retrieved 2026-10-04
snap:671253,person,Amphias-Oinophilos,,SNAP-DRGN merged ancient person; sources: collection.britishmuseum.org,alive,-149,50,medium,SNAP-DRGN person 671253 (http://data.snapdrgn.net/person/671253/); associated attestation dates: -0081; narrowest range -0081 (0y) -> 1st century BCE expanded +/-50y; confidence medium (<=60y window; rough floruit); source SNAP-DRGN data.snapdrgn.net retrieved 2026-10-04
snap:671254,person,Romanus,,SNAP-DRGN merged ancient person; sources: collection.britishmuseum.org,alive,351,550,medium,SNAP-DRGN person 671254 (http://data.snapdrgn.net/person/671254/); associated attestation dates: 0500; narrowest range 0500 (0y) -> 5th century CE expanded +/-50y; confidence medium (<=60y window; rough floruit); source SNAP-DRGN data.snapdrgn.net retrieved 2026-10-04
snap:671255,person,Tiberius,,SNAP-DRGN merged ancient person; sources: collection.britishmuseum.org,alive,-149,50,medium,SNAP-DRGN person 671255 (http://data.snapdrgn.net/person/671255/); associated attestation dates: -0042; narrowest range -0042 (0y) -> 1st century BCE expanded +/-50y; confidence medium (<=60y window; rough floruit); source SNAP-DRGN data.snapdrgn.net retrieved 2026-10-04
snap:671256,person,Caracalla,,SNAP-DRGN merged ancient person; sources: collection.britishmuseum.org,alive,51,250,medium,SNAP-DRGN person 671256 (http://data.snapdrgn.net/person/671256/); associated attestation dates: 0188; narrowest range 0188 (0y) -> 2nd century CE expanded +/-50y; confidence medium (<=60y window; rough floruit); source SNAP-DRGN data.snapdrgn.net retrieved 2026-10-04
snap:671257,person,Anserich; King of Saxony,,SNAP-DRGN merged ancient person; sources: collection.britishmuseum.org,alive,-49,150,medium,SNAP-DRGN person 671257 (http://data.snapdrgn.net/person/671257/); associated attestation dates: 0068; narrowest range 0068 (0y) -> 1st century CE expanded +/-50y; confidence medium (<=60y window; rough floruit); source SNAP-DRGN data.snapdrgn.net retrieved 2026-10-04
snap:671258,person,Persius,,SNAP-DRGN merged ancient person; sources: collection.britishmuseum.org,alive,-49,150,medium,SNAP-DRGN person 671258 (http://data.snapdrgn.net/person/671258/); associated attestation dates: 0034; narrowest range 0034 (0y) -> 1st century CE expanded +/-50y; confidence medium (<=60y window; rough floruit); source SNAP-DRGN data.snapdrgn.net retrieved 2026-10-04
snap:671259,person,St Euphrosyna,,SNAP-DRGN merged ancient person; sources: collection.britishmuseum.org,alive,-49,150,medium,SNAP-DRGN person 671259 (http://data.snapdrgn.net/person/671259/); associated attestation dates: 0100; narrowest range 0100 (0y) -> 1st century CE expanded +/-50y; confidence medium (<=60y window; rough floruit); source SNAP-DRGN data.snapdrgn.net retrieved 2026-10-04
snap:671260,person,Xuandi 宣帝 （南北朝）,,SNAP-DRGN merged ancient person; sources: collection.britishmuseum.org,alive,451,650,medium,SNAP-DRGN person 671260 (http://data.snapdrgn.net/person/671260/); associated attestation dates: 0569; narrowest range 0569 (0y) -> 6th century CE expanded +/-50y; confidence medium (<=60y window; rough floruit); source SNAP-DRGN data.snapdrgn.net retrieved 2026-10-04
snap:671261,person,Timarchos-Nikago,,SNAP-DRGN merged ancient person; sources: collection.britishmuseum.org,alive,-249,-50,medium,SNAP-DRGN person 671261 (http://data.snapdrgn.net/person/671261/); associated attestation dates: -0134; narrowest range -0134 (0y) -> 2nd century BCE expanded +/-50y; confidence medium (<=60y window; rough floruit); source SNAP-DRGN data.snapdrgn.net retrieved 2026-10-04
snap:671262,person,Han Shan 寒山,,SNAP-DRGN merged ancient person; sources: collection.britishmuseum.org,alive,451,650,medium,SNAP-DRGN person 671262 (http://data.snapdrgn.net/person/671262/); associated attestation dates: 0600; narrowest range 0600 (0y) -> 6th century CE expanded +/-50y; confidence medium (<=60y window; rough floruit); source SNAP-DRGN data.snapdrgn.net retrieved 2026-10-04
snap:671263,person,Phanokles-Apollonios,,SNAP-DRGN merged ancient person; sources: collection.britishmuseum.org,alive,-249,-50,medium,SNAP-DRGN person 671263 (http://data.snapdrgn.net/person/671263/); associated attestation dates: -0111; narrowest range -0111 (0y) -> 2nd century BCE expanded +/-50y; confidence medium (<=60y window; rough floruit); source SNAP-DRGN data.snapdrgn.net retrieved 2026-10-04
snap:671264,person,William Alleyne Cecil; 3rd Marquis of Exeter,,SNAP-DRGN merged ancient person; sources: collection.britishmuseum.org,alive,-49,150,medium,SNAP-DRGN person 671264 (http://data.snapdrgn.net/person/671264/); associated attestation dates: 0030; narrowest range 0030 (0y) -> 1st century CE expanded +/-50y; confidence medium (<=60y window; rough floruit); source SNAP-DRGN data.snapdrgn.net retrieved 2026-10-04
snap:671265,person,Kallimachos-Epicrates,,SNAP-DRGN merged ancient person; sources: collection.britishmuseum.org,alive,-149,50,medium,SNAP-DRGN person 671265 (http://data.snapdrgn.net/person/671265/); associated attestation dates: -0063; narrowest range -0063 (0y) -> 1st century BCE expanded +/-50y; confidence medium (<=60y window; rough floruit); source SNAP-DRGN data.snapdrgn.net retrieved 2026-10-04
snap:671266,person,Septimius Severus,,SNAP-DRGN merged ancient person; sources: collection.britishmuseum.org,alive,51,250,medium,SNAP-DRGN person 671266 (http://data.snapdrgn.net/person/671266/); associated attestation dates: 0145; narrowest range 0145 (0y) -> 2nd century CE expanded +/-50y; confidence medium (<=60y window; rough floruit); source SNAP-DRGN data.snapdrgn.net retrieved 2026-10-04
snap:671267,person,St Ninian,,SNAP-DRGN merged ancient person; sources: collection.britishmuseum.org,alive,251,450,medium,SNAP-DRGN person 671267 (http://data.snapdrgn.net/person/671267/); associated attestation dates: 0400; narrowest range 0400 (0y) -> 4th century CE expanded +/-50y; confidence medium (<=60y window; rough floruit); source SNAP-DRGN data.snapdrgn.net retrieved 2026-10-04
snap:671268,person,Zeno the Stoic,,SNAP-DRGN merged ancient person; sources: collection.britishmuseum.org,alive,-449,-250,medium,SNAP-DRGN person 671268 (http://data.snapdrgn.net/person/671268/); associated attestation dates: -0335; narrowest range -0335 (0y) -> 4th century BCE expanded +/-50y; confidence medium (<=60y window; rough floruit); source SNAP-DRGN data.snapdrgn.net retrieved 2026-10-04
snap:671269,person,The London Dinos Group,,SNAP-DRGN merged ancient person; sources: collection.britishmuseum.org,alive,-749,-550,medium,SNAP-DRGN person 671269 (http://data.snapdrgn.net/person/671269/); associated attestation dates: -0620; narrowest range -0620 (0y) -> 7th century BCE expanded +/-50y; confidence medium (<=60y window; rough floruit); source SNAP-DRGN data.snapdrgn.net retrieved 2026-10-04
snap:671270,person,Rommel &amp; Co,,SNAP-DRGN merged ancient person; sources: collection.britishmuseum.org,alive,-49,150,medium,SNAP-DRGN person 671270 (http://data.snapdrgn.net/person/671270/); associated attestation dates: 0020; narrowest range 0020 (0y) -> 1st century CE expanded +/-50y; confidence medium (<=60y window; rough floruit); source SNAP-DRGN data.snapdrgn.net retrieved 2026-10-04
snap:671271,person,Josephus,,SNAP-DRGN merged ancient person; sources: collection.britishmuseum.org,alive,-49,150,medium,SNAP-DRGN person 671271 (http://data.snapdrgn.net/person/671271/); associated attestation dates: 0038; narrowest range 0038 (0y) -> 1st century CE expanded +/-50y; confidence medium (<=60y window; rough floruit); source SNAP-DRGN data.snapdrgn.net retrieved 2026-10-04
snap:671272,person,Tibullus,,SNAP-DRGN merged ancient person; sources: collection.britishmuseum.org,alive,-149,50,medium,SNAP-DRGN person 671272 (http://data.snapdrgn.net/person/671272/); associated attestation dates: -0055; narrowest range -0055 (0y) -> 1st century BCE expanded +/-50y; confidence medium (<=60y window; rough floruit); source SNAP-DRGN data.snapdrgn.net retrieved 2026-10-04
snap:671273,person,P Crepusius,,SNAP-DRGN merged ancient person; sources: collection.britishmuseum.org,alive,-149,50,medium,SNAP-DRGN person 671273 (http://data.snapdrgn.net/person/671273/); associated attestation dates: -0082; narrowest range -0082 (0y) -> 1st century BCE expanded +/-50y; confidence medium (<=60y window; rough floruit); source SNAP-DRGN data.snapdrgn.net retrieved 2026-10-04
snap:671274,person,Achaios-Heli,,SNAP-DRGN merged ancient person; sources: collection.britishmuseum.org,alive,-249,-50,medium,SNAP-DRGN person 671274 (http://data.snapdrgn.net/person/671274/); associated attestation dates: -0128; narrowest range -0128 (0y) -> 2nd century BCE expanded +/-50y; confidence medium (<=60y window; rough floruit); source SNAP-DRGN data.snapdrgn.net retrieved 2026-10-04
snap:671275,person,St Paraskeva,,SNAP-DRGN merged ancient person; sources: collection.britishmuseum.org,alive,51,250,medium,SNAP-DRGN person 671275 (http://data.snapdrgn.net/person/671275/); associated attestation dates: 0140; narrowest range 0140 (0y) -> 2nd century CE expanded +/-50y; confidence medium (<=60y window; rough floruit); source SNAP-DRGN data.snapdrgn.net retrieved 2026-10-04
snap:671276,person,Admiral Sir Francis Collier,,SNAP-DRGN merged ancient person; sources: collection.britishmuseum.org,alive,651,850,medium,SNAP-DRGN person 671276 (http://data.snapdrgn.net/person/671276/); associated attestation dates: 0783; narrowest range 0783 (0y) -> 8th century CE expanded +/-50y; confidence medium (<=60y window; rough floruit); source SNAP-DRGN data.snapdrgn.net retrieved 2026-10-04
snap:671277,person,Menelik I; King of Ethiopia,,SNAP-DRGN merged ancient person; sources: collection.britishmuseum.org,alive,-249,-50,medium,SNAP-DRGN person 671277 (http://data.snapdrgn.net/person/671277/); associated attestation dates: -0199; narrowest range -0199 (0y) -> 2nd century BCE expanded +/-50y; confidence medium (<=60y window; rough floruit); source SNAP-DRGN data.snapdrgn.net retrieved 2026-10-04
snap:671278,person,Dioge-Posei,,SNAP-DRGN merged ancient person; sources: collection.britishmuseum.org,alive,-249,-50,medium,SNAP-DRGN person 671278 (http://data.snapdrgn.net/person/671278/); associated attestation dates: -0129; narrowest range -0129 (0y) -> 2nd century BCE expanded +/-50y; confidence medium (<=60y window; rough floruit); source SNAP-DRGN data.snapdrgn.net retrieved 2026-10-04
snap:671279,person,&#39;Abbas,,SNAP-DRGN merged ancient person; sources: collection.britishmuseum.org,alive,551,750,medium,SNAP-DRGN person 671279 (http://data.snapdrgn.net/person/671279/); associated attestation dates: 0648; narrowest range 0648 (0y) -> 7th century CE expanded +/-50y; confidence medium (<=60y window; rough floruit); source SNAP-DRGN data.snapdrgn.net retrieved 2026-10-04
snap:671280,person,Nekau II,,SNAP-DRGN merged ancient person; sources: collection.britishmuseum.org,alive,-749,-550,medium,SNAP-DRGN person 671280 (http://data.snapdrgn.net/person/671280/); associated attestation dates: -0610; narrowest range -0610 (0y) -> 7th century BCE expanded +/-50y; confidence medium (<=60y window; rough floruit); source SNAP-DRGN data.snapdrgn.net retrieved 2026-10-04
snap:671281,person,The Kuban Group,,SNAP-DRGN merged ancient person; sources: collection.britishmuseum.org,alive,-549,-350,medium,SNAP-DRGN person 671281 (http://data.snapdrgn.net/person/671281/); associated attestation dates: -0425; narrowest range -0425 (0y) -> 5th century BCE expanded +/-50y; confidence medium (<=60y window; rough floruit); source SNAP-DRGN data.snapdrgn.net retrieved 2026-10-04
snap:671282,person,Nero Claudius Drusus Germanicus,,SNAP-DRGN merged ancient person; sources: collection.britishmuseum.org,alive,-149,50,medium,SNAP-DRGN person 671282 (http://data.snapdrgn.net/person/671282/); associated attestation dates: -0038; narrowest range -0038 (0y) -> 1st century BCE expanded +/-50y; confidence medium (<=60y window; rough floruit); source SNAP-DRGN data.snapdrgn.net retrieved 2026-10-04
snap:671283,person,Miki-Theophra,,SNAP-DRGN merged ancient person; sources: collection.britishmuseum.org,alive,-249,-50,medium,SNAP-DRGN person 671283 (http://data.snapdrgn.net/person/671283/); associated attestation dates: -0137; narrowest range -0137 (0y) -> 2nd century BCE expanded +/-50y; confidence medium (<=60y window; rough floruit); source SNAP-DRGN data.snapdrgn.net retrieved 2026-10-04
snap:671284,person,Vitruvius,,SNAP-DRGN merged ancient person; sources: collection.britishmuseum.org,alive,-149,50,medium,SNAP-DRGN person 671284 (http://data.snapdrgn.net/person/671284/); associated attestation dates: -0099; narrowest range -0099 (0y) -> 1st century BCE expanded +/-50y; confidence medium (<=60y window; rough floruit); source SNAP-DRGN data.snapdrgn.net retrieved 2026-10-04
snap:671285,person,Clotaire II; King of the Franks,,SNAP-DRGN merged ancient person; sources: collection.britishmuseum.org,alive,451,650,medium,SNAP-DRGN person 671285 (http://data.snapdrgn.net/person/671285/); associated attestation dates: 0584; narrowest range 0584 (0y) -> 6th century CE expanded +/-50y; confidence medium (<=60y window; rough floruit); source SNAP-DRGN data.snapdrgn.net retrieved 2026-10-04
snap:671286,person,St Nazarius,,SNAP-DRGN merged ancient person; sources: collection.britishmuseum.org,alive,-49,150,medium,SNAP-DRGN person 671286 (http://data.snapdrgn.net/person/671286/); associated attestation dates: 0001; narrowest range 0001 (0y) -> 1st century CE expanded +/-50y; confidence medium (<=60y window; rough floruit); source SNAP-DRGN data.snapdrgn.net retrieved 2026-10-04
snap:671287,person,Apellikon-Gorgias,,SNAP-DRGN merged ancient person; sources: collection.britishmuseum.org,alive,-149,50,medium,SNAP-DRGN person 671287 (http://data.snapdrgn.net/person/671287/); associated attestation dates: -0088; narrowest range -0088 (0y) -> 1st century BCE expanded +/-50y; confidence medium (<=60y window; rough floruit); source SNAP-DRGN data.snapdrgn.net retrieved 2026-10-04
snap:671288,person,Judith of Bavaria,,SNAP-DRGN merged ancient person; sources: collection.britishmuseum.org,alive,651,850,medium,SNAP-DRGN person 671288 (http://data.snapdrgn.net/person/671288/); associated attestation dates: 0795; narrowest range 0795 (0y) -> 8th century CE expanded +/-50y; confidence medium (<=60y window; rough floruit); source SNAP-DRGN data.snapdrgn.net retrieved 2026-10-04
snap:671289,person,Mordecai,,SNAP-DRGN merged ancient person; sources: collection.britishmuseum.org,alive,-549,-350,medium,SNAP-DRGN person 671289 (http://data.snapdrgn.net/person/671289/); associated attestation dates: -0499; narrowest range -0499 (0y) -> 5th century BCE expanded +/-50y; confidence medium (<=60y window; rough floruit); source SNAP-DRGN data.snapdrgn.net retrieved 2026-10-04
snap:671290,person,Geta,,SNAP-DRGN merged ancient person; sources: collection.britishmuseum.org,alive,51,250,medium,SNAP-DRGN person 671290 (http://data.snapdrgn.net/person/671290/); associated attestation dates: 0189; narrowest range 0189 (0y) -> 2nd century CE expanded +/-50y; confidence medium (<=60y window; rough floruit); source SNAP-DRGN data.snapdrgn.net retrieved 2026-10-04
snap:671291,person,Julia Domna,,SNAP-DRGN merged ancient person; sources: collection.britishmuseum.org,alive,51,250,medium,SNAP-DRGN person 671291 (http://data.snapdrgn.net/person/671291/); associated attestation dates: 0170; narrowest range 0170 (0y) -> 2nd century CE expanded +/-50y; confidence medium (<=60y window; rough floruit); source SNAP-DRGN data.snapdrgn.net retrieved 2026-10-04
snap:671292,person,St Orestes,,SNAP-DRGN merged ancient person; sources: collection.britishmuseum.org,alive,-49,150,medium,SNAP-DRGN person 671292 (http://data.snapdrgn.net/person/671292/); associated attestation dates: 0003; narrowest range 0003 (0y) -> 1st century CE expanded +/-50y; confidence medium (<=60y window; rough floruit); source SNAP-DRGN data.snapdrgn.net retrieved 2026-10-04
snap:671293,person,Francisco Pizarro,,SNAP-DRGN merged ancient person; sources: collection.britishmuseum.org,alive,-49,150,medium,SNAP-DRGN person 671293 (http://data.snapdrgn.net/person/671293/); associated attestation dates: 0001; narrowest range 0001 (0y) -> 1st century CE expanded +/-50y; confidence medium (<=60y window; rough floruit); source SNAP-DRGN data.snapdrgn.net retrieved 2026-10-04
snap:671294,person,Sappho,,SNAP-DRGN merged ancient person; sources: collection.britishmuseum.org,alive,-749,-550,medium,SNAP-DRGN person 671294 (http://data.snapdrgn.net/person/671294/); associated attestation dates: -0650; narrowest range -0650 (0y) -> 7th century BCE expanded +/-50y; confidence medium (<=60y window; rough floruit); source SNAP-DRGN data.snapdrgn.net retrieved 2026-10-04
snap:671295,person,Ashur-dan III,,SNAP-DRGN merged ancient person; sources: collection.britishmuseum.org,alive,-849,-650,medium,SNAP-DRGN person 671295 (http://data.snapdrgn.net/person/671295/); associated attestation dates: -0772; narrowest range -0772 (0y) -> 8th century BCE expanded +/-50y; confidence medium (<=60y window; rough floruit); source SNAP-DRGN data.snapdrgn.net retrieved 2026-10-04
snap:671296,person,St Blaise,,SNAP-DRGN merged ancient person; sources: collection.britishmuseum.org,alive,151,350,medium,SNAP-DRGN person 671296 (http://data.snapdrgn.net/person/671296/); associated attestation dates: 0300; narrowest range 0300 (0y) -> 3rd century CE expanded +/-50y; confidence medium (<=60y window; rough floruit); source SNAP-DRGN data.snapdrgn.net retrieved 2026-10-04
snap:671297,person,Pompeia Paulina,,SNAP-DRGN merged ancient person; sources: collection.britishmuseum.org,alive,-49,150,medium,SNAP-DRGN person 671297 (http://data.snapdrgn.net/person/671297/); associated attestation dates: 0065; narrowest range 0065 (0y) -> 1st century CE expanded +/-50y; confidence medium (<=60y window; rough floruit); source SNAP-DRGN data.snapdrgn.net retrieved 2026-10-04
snap:671298,person,Julius Caesar,,SNAP-DRGN merged ancient person; sources: collection.britishmuseum.org,alive,-149,50,medium,SNAP-DRGN person 671298 (http://data.snapdrgn.net/person/671298/); associated attestation dates: -0100; narrowest range -0100 (0y) -> 1st century BCE expanded +/-50y; confidence medium (<=60y window; rough floruit); source SNAP-DRGN data.snapdrgn.net retrieved 2026-10-04
snap:671299,person,Liu Zongyuan (柳宗元),,SNAP-DRGN merged ancient person; sources: collection.britishmuseum.org,alive,651,850,medium,SNAP-DRGN person 671299 (http://data.snapdrgn.net/person/671299/); associated attestation dates: 0773; narrowest range 0773 (0y) -> 8th century CE expanded +/-50y; confidence medium (<=60y window; rough floruit); source SNAP-DRGN data.snapdrgn.net retrieved 2026-10-04
snap:671300,person,Emperor Xiaozhuangdi 孝庄帝,,SNAP-DRGN merged ancient person; sources: collection.britishmuseum.org,alive,451,650,medium,SNAP-DRGN person 671300 (http://data.snapdrgn.net/person/671300/); associated attestation dates: 0528; narrowest range 0528 (0y) -> 6th century CE expanded +/-50y; confidence medium (<=60y window; rough floruit); source SNAP-DRGN data.snapdrgn.net retrieved 2026-10-04
snap:671301,person,St Amalberga,,SNAP-DRGN merged ancient person; sources: collection.britishmuseum.org,alive,451,650,medium,SNAP-DRGN person 671301 (http://data.snapdrgn.net/person/671301/); associated attestation dates: 0600; narrowest range 0600 (0y) -> 6th century CE expanded +/-50y; confidence medium (<=60y window; rough floruit); source SNAP-DRGN data.snapdrgn.net retrieved 2026-10-04
snap:671302,person,Pepin the Short; King of the Franks,,SNAP-DRGN merged ancient person; sources: collection.britishmuseum.org,alive,651,850,medium,SNAP-DRGN person 671302 (http://data.snapdrgn.net/person/671302/); associated attestation dates: 0710; narrowest range 0710 (0y) -> 8th century CE expanded +/-50y; confidence medium (<=60y window; rough floruit); source SNAP-DRGN data.snapdrgn.net retrieved 2026-10-04
snap:671303,person,Justinian II,,SNAP-DRGN merged ancient person; sources: collection.britishmuseum.org,alive,551,750,medium,SNAP-DRGN person 671303 (http://data.snapdrgn.net/person/671303/); associated attestation dates: 0669; narrowest range 0669 (0y) -> 7th century CE expanded +/-50y; confidence medium (<=60y window; rough floruit); source SNAP-DRGN data.snapdrgn.net retrieved 2026-10-04
snap:671304,person,St Giles,,SNAP-DRGN merged ancient person; sources: collection.britishmuseum.org,alive,551,750,medium,SNAP-DRGN person 671304 (http://data.snapdrgn.net/person/671304/); associated attestation dates: 0700; narrowest range 0700 (0y) -> 7th century CE expanded +/-50y; confidence medium (<=60y window; rough floruit); source SNAP-DRGN data.snapdrgn.net retrieved 2026-10-04
snap:671305,person,Parmenides,,SNAP-DRGN merged ancient person; sources: collection.britishmuseum.org,alive,-49,150,medium,SNAP-DRGN person 671305 (http://data.snapdrgn.net/person/671305/); associated attestation dates: 0005; narrowest range 0005 (0y) -> 1st century CE expanded +/-50y; confidence medium (<=60y window; rough floruit); source SNAP-DRGN data.snapdrgn.net retrieved 2026-10-04
snap:671306,person,Appius Claudius Crassus,,SNAP-DRGN merged ancient person; sources: collection.britishmuseum.org,alive,-549,-350,medium,SNAP-DRGN person 671306 (http://data.snapdrgn.net/person/671306/); associated attestation dates: -0450; narrowest range -0450 (0y) -> 5th century BCE expanded +/-50y; confidence medium (<=60y window; rough floruit); source SNAP-DRGN data.snapdrgn.net retrieved 2026-10-04
snap:671307,person,St Rufina,,SNAP-DRGN merged ancient person; sources: collection.britishmuseum.org,alive,-49,150,medium,SNAP-DRGN person 671307 (http://data.snapdrgn.net/person/671307/); associated attestation dates: 0003; narrowest range 0003 (0y) -> 1st century CE expanded +/-50y; confidence medium (<=60y window; rough floruit); source SNAP-DRGN data.snapdrgn.net retrieved 2026-10-04
snap:671308,person,The seven sons of St Symphorosa,,SNAP-DRGN merged ancient person; sources: collection.britishmuseum.org,alive,-49,150,medium,SNAP-DRGN person 671308 (http://data.snapdrgn.net/person/671308/); associated attestation dates: 0001; narrowest range 0001 (0y) -> 1st century CE expanded +/-50y; confidence medium (<=60y window; rough floruit); source SNAP-DRGN data.snapdrgn.net retrieved 2026-10-04
snap:671309,person,The Rottiers Painter,,SNAP-DRGN merged ancient person; sources: collection.britishmuseum.org,alive,-849,-650,medium,SNAP-DRGN person 671309 (http://data.snapdrgn.net/person/671309/); associated attestation dates: -0750; narrowest range -0750 (0y) -> 8th century BCE expanded +/-50y; confidence medium (<=60y window; rough floruit); source SNAP-DRGN data.snapdrgn.net retrieved 2026-10-04
snap:671310,person,Basilides,,SNAP-DRGN merged ancient person; sources: collection.britishmuseum.org,alive,-49,150,medium,SNAP-DRGN person 671310 (http://data.snapdrgn.net/person/671310/); associated attestation dates: 0001; narrowest range 0001 (0y) -> 1st century CE expanded +/-50y; confidence medium (<=60y window; rough floruit); source SNAP-DRGN data.snapdrgn.net retrieved 2026-10-04
snap:671311,person,Euainetos,,SNAP-DRGN merged ancient person; sources: collection.britishmuseum.org,alive,-49,150,medium,SNAP-DRGN person 671311 (http://data.snapdrgn.net/person/671311/); associated attestation dates: 0004; narrowest range 0004 (0y) -> 1st century CE expanded +/-50y; confidence medium (<=60y window; rough floruit); source SNAP-DRGN data.snapdrgn.net retrieved 2026-10-04
snap:671312,person,St Patrick,,SNAP-DRGN merged ancient person; sources: collection.britishmuseum.org,alive,251,450,medium,SNAP-DRGN person 671312 (http://data.snapdrgn.net/person/671312/); associated attestation dates: 0390; narrowest range 0390 (0y) -> 4th century CE expanded +/-50y; confidence medium (<=60y window; rough floruit); source SNAP-DRGN data.snapdrgn.net retrieved 2026-10-04
snap:671313,person,Ja&#39;far ibn Muḥammad Abū Ma&#39;shar,,SNAP-DRGN merged ancient person; sources: collection.britishmuseum.org,alive,651,850,medium,SNAP-DRGN person 671313 (http://data.snapdrgn.net/person/671313/); associated attestation dates: 0787; narrowest range 0787 (0y) -> 8th century CE expanded +/-50y; confidence medium (<=60y window; rough floruit); source SNAP-DRGN data.snapdrgn.net retrieved 2026-10-04
snap:671314,person,St Gudula,,SNAP-DRGN merged ancient person; sources: collection.britishmuseum.org,alive,451,650,medium,SNAP-DRGN person 671314 (http://data.snapdrgn.net/person/671314/); associated attestation dates: 0600; narrowest range 0600 (0y) -> 6th century CE expanded +/-50y; confidence medium (<=60y window; rough floruit); source SNAP-DRGN data.snapdrgn.net retrieved 2026-10-04
snap:671315,person,Minghuang 明皇,,SNAP-DRGN merged ancient person; sources: collection.britishmuseum.org,alive,551,750,medium,SNAP-DRGN person 671315 (http://data.snapdrgn.net/person/671315/); associated attestation dates: 0685; narrowest range 0685 (0y) -> 7th century CE expanded +/-50y; confidence medium (<=60y window; rough floruit); source SNAP-DRGN data.snapdrgn.net retrieved 2026-10-04
snap:671316,person,The Painter of London F6,,SNAP-DRGN merged ancient person; sources: collection.britishmuseum.org,alive,-449,-250,medium,SNAP-DRGN person 671316 (http://data.snapdrgn.net/person/671316/); associated attestation dates: -0360; narrowest range -0360 (0y) -> 4th century BCE expanded +/-50y; confidence medium (<=60y window; rough floruit); source SNAP-DRGN data.snapdrgn.net retrieved 2026-10-04
snap:671317,person,Diokles Meli-Medeios,,SNAP-DRGN merged ancient person; sources: collection.britishmuseum.org,alive,-149,50,medium,SNAP-DRGN person 671317 (http://data.snapdrgn.net/person/671317/); associated attestation dates: -0055; narrowest range -0055 (0y) -> 1st century BCE expanded +/-50y; confidence medium (<=60y window; rough floruit); source SNAP-DRGN data.snapdrgn.net retrieved 2026-10-04
snap:671318,person,Kamnaskires V,,SNAP-DRGN merged ancient person; sources: collection.britishmuseum.org,alive,-49,150,medium,SNAP-DRGN person 671318 (http://data.snapdrgn.net/person/671318/); associated attestation dates: 0058; narrowest range 0058 (0y) -> 1st century CE expanded +/-50y; confidence medium (<=60y window; rough floruit); source SNAP-DRGN data.snapdrgn.net retrieved 2026-10-04
snap:671319,person,Lucius Aelius Sejanus,,SNAP-DRGN merged ancient person; sources: collection.britishmuseum.org,alive,-149,50,medium,SNAP-DRGN person 671319 (http://data.snapdrgn.net/person/671319/); associated attestation dates: -0020; narrowest range -0020 (0y) -> 1st century BCE expanded +/-50y; confidence medium (<=60y window; rough floruit); source SNAP-DRGN data.snapdrgn.net retrieved 2026-10-04
snap:671320,person,Ptolemy VI Philometor,,SNAP-DRGN merged ancient person; sources: collection.britishmuseum.org,alive,-249,-50,medium,SNAP-DRGN person 671320 (http://data.snapdrgn.net/person/671320/); associated attestation dates: -0180; narrowest range -0180 (0y) -> 2nd century BCE expanded +/-50y; confidence medium (<=60y window; rough floruit); source SNAP-DRGN data.snapdrgn.net retrieved 2026-10-04
snap:671321,person,Liu Bang 劉邦,,SNAP-DRGN merged ancient person; sources: collection.britishmuseum.org,alive,-349,-150,medium,SNAP-DRGN person 671321 (http://data.snapdrgn.net/person/671321/); associated attestation dates: -0256; narrowest range -0256 (0y) -> 3rd century BCE expanded +/-50y; confidence medium (<=60y window; rough floruit); source SNAP-DRGN data.snapdrgn.net retrieved 2026-10-04
snap:671322,person,Titus Aurelius Fulvus Antoninus,,SNAP-DRGN merged ancient person; sources: collection.britishmuseum.org,alive,51,250,medium,SNAP-DRGN person 671322 (http://data.snapdrgn.net/person/671322/); associated attestation dates: 0161; narrowest range 0161 (0y) -> 2nd century CE expanded +/-50y; confidence medium (<=60y window; rough floruit); source SNAP-DRGN data.snapdrgn.net retrieved 2026-10-04
snap:671323,person,Ptolemy XII Neos Dionysos,,SNAP-DRGN merged ancient person; sources: collection.britishmuseum.org,alive,-149,50,medium,SNAP-DRGN person 671323 (http://data.snapdrgn.net/person/671323/); associated attestation dates: -0080; narrowest range -0080 (0y) -> 1st century BCE expanded +/-50y; confidence medium (<=60y window; rough floruit); source SNAP-DRGN data.snapdrgn.net retrieved 2026-10-04
snap:671324,person,St Vitalis,,SNAP-DRGN merged ancient person; sources: collection.britishmuseum.org,alive,-49,150,medium,SNAP-DRGN person 671324 (http://data.snapdrgn.net/person/671324/); associated attestation dates: 0001; narrowest range 0001 (0y) -> 1st century CE expanded +/-50y; confidence medium (<=60y window; rough floruit); source SNAP-DRGN data.snapdrgn.net retrieved 2026-10-04
snap:671325,person,Oribasius,,SNAP-DRGN merged ancient person; sources: collection.britishmuseum.org,alive,251,450,medium,SNAP-DRGN person 671325 (http://data.snapdrgn.net/person/671325/); associated attestation dates: 0325; narrowest range 0325 (0y) -> 4th century CE expanded +/-50y; confidence medium (<=60y window; rough floruit); source SNAP-DRGN data.snapdrgn.net retrieved 2026-10-04
snap:671326,person,Cato the Younger,,SNAP-DRGN merged ancient person; sources: collection.britishmuseum.org,alive,-149,50,medium,SNAP-DRGN person 671326 (http://data.snapdrgn.net/person/671326/); associated attestation dates: -0095; narrowest range -0095 (0y) -> 1st century BCE expanded +/-50y; confidence medium (<=60y window; rough floruit); source SNAP-DRGN data.snapdrgn.net retrieved 2026-10-04
snap:671327,person,St Gamelbertus,,SNAP-DRGN merged ancient person; sources: collection.britishmuseum.org,alive,651,850,medium,SNAP-DRGN person 671327 (http://data.snapdrgn.net/person/671327/); associated attestation dates: 0720; narrowest range 0720 (0y) -> 8th century CE expanded +/-50y; confidence medium (<=60y window; rough floruit); source SNAP-DRGN data.snapdrgn.net retrieved 2026-10-04
snap:671328,person,Nekau I,,SNAP-DRGN merged ancient person; sources: collection.britishmuseum.org,alive,-749,-550,medium,SNAP-DRGN person 671328 (http://data.snapdrgn.net/person/671328/); associated attestation dates: -0672; narrowest range -0672 (0y) -> 7th century BCE expanded +/-50y; confidence medium (<=60y window; rough floruit); source SNAP-DRGN data.snapdrgn.net retrieved 2026-10-04
snap:671329,person,Archebius; Indo-Greek King,,SNAP-DRGN merged ancient person; sources: collection.britishmuseum.org,alive,-149,50,medium,SNAP-DRGN person 671329 (http://data.snapdrgn.net/person/671329/); associated attestation dates: -0090; narrowest range -0090 (0y) -> 1st century BCE expanded +/-50y; confidence medium (<=60y window; rough floruit); source SNAP-DRGN data.snapdrgn.net retrieved 2026-10-04
snap:671330,person,Scipio Africanus,,SNAP-DRGN merged ancient person; sources: collection.britishmuseum.org,alive,-349,-150,medium,SNAP-DRGN person 671330 (http://data.snapdrgn.net/person/671330/); associated attestation dates: -0236; narrowest range -0236 (0y) -> 3rd century BCE expanded +/-50y; confidence medium (<=60y window; rough floruit); source SNAP-DRGN data.snapdrgn.net retrieved 2026-10-04
snap:671331,person,Polycharm-Nikog,,SNAP-DRGN merged ancient person; sources: collection.britishmuseum.org,alive,-249,-50,medium,SNAP-DRGN person 671331 (http://data.snapdrgn.net/person/671331/); associated attestation dates: -0133; narrowest range -0133 (0y) -> 2nd century BCE expanded +/-50y; confidence medium (<=60y window; rough floruit); source SNAP-DRGN data.snapdrgn.net retrieved 2026-10-04
snap:671332,person,Antiochus I Soter,,SNAP-DRGN merged ancient person; sources: collection.britishmuseum.org,alive,-349,-150,medium,SNAP-DRGN person 671332 (http://data.snapdrgn.net/person/671332/); associated attestation dates: -0281; narrowest range -0281 (0y) -> 3rd century BCE expanded +/-50y; confidence medium (<=60y window; rough floruit); source SNAP-DRGN data.snapdrgn.net retrieved 2026-10-04
snap:671333,person,Artemidorus,,SNAP-DRGN merged ancient person; sources: collection.britishmuseum.org,alive,-149,50,medium,SNAP-DRGN person 671333 (http://data.snapdrgn.net/person/671333/); associated attestation dates: -0085; narrowest range -0085 (0y) -> 1st century BCE expanded +/-50y; confidence medium (<=60y window; rough floruit); source SNAP-DRGN data.snapdrgn.net retrieved 2026-10-04
snap:671334,person,Yodhavade,,SNAP-DRGN merged ancient person; sources: collection.britishmuseum.org,alive,51,250,medium,SNAP-DRGN person 671334 (http://data.snapdrgn.net/person/671334/); associated attestation dates: 0150; narrowest range 0150 (0y) -> 2nd century CE expanded +/-50y; confidence medium (<=60y window; rough floruit); source SNAP-DRGN data.snapdrgn.net retrieved 2026-10-04
snap:671335,person,St Benedicta,,SNAP-DRGN merged ancient person; sources: collection.britishmuseum.org,alive,351,550,medium,SNAP-DRGN person 671335 (http://data.snapdrgn.net/person/671335/); associated attestation dates: 0500; narrowest range 0500 (0y) -> 5th century CE expanded +/-50y; confidence medium (<=60y window; rough floruit); source SNAP-DRGN data.snapdrgn.net retrieved 2026-10-04
snap:671336,person,Livia Julia Augusta,,SNAP-DRGN merged ancient person; sources: collection.britishmuseum.org,alive,-149,50,medium,SNAP-DRGN person 671336 (http://data.snapdrgn.net/person/671336/); associated attestation dates: -0058; narrowest range -0058 (0y) -> 1st century BCE expanded +/-50y; confidence medium (<=60y window; rough floruit); source SNAP-DRGN data.snapdrgn.net retrieved 2026-10-04
snap:671337,person,Cao Cao 曹操,,SNAP-DRGN merged ancient person; sources: collection.britishmuseum.org,alive,51,250,medium,SNAP-DRGN person 671337 (http://data.snapdrgn.net/person/671337/); associated attestation dates: 0155; narrowest range 0155 (0y) -> 2nd century CE expanded +/-50y; confidence medium (<=60y window; rough floruit); source SNAP-DRGN data.snapdrgn.net retrieved 2026-10-04
snap:671338,person,The Syracuse Painter,,SNAP-DRGN merged ancient person; sources: collection.britishmuseum.org,alive,-549,-350,medium,SNAP-DRGN person 671338 (http://data.snapdrgn.net/person/671338/); associated attestation dates: -0470; narrowest range -0470 (0y) -> 5th century BCE expanded +/-50y; confidence medium (<=60y window; rough floruit); source SNAP-DRGN data.snapdrgn.net retrieved 2026-10-04
snap:671339,person,Wegaf,,SNAP-DRGN merged ancient person; sources: collection.britishmuseum.org,alive,-1849,-1650,medium,SNAP-DRGN person 671339 (http://data.snapdrgn.net/person/671339/); associated attestation dates: -1795; narrowest range -1795 (0y) -> 18th century BCE expanded +/-50y; confidence medium (<=60y window; rough floruit); source SNAP-DRGN data.snapdrgn.net retrieved 2026-10-04
snap:671340,person,Kamose,,SNAP-DRGN merged ancient person; sources: collection.britishmuseum.org,alive,-1649,-1450,medium,SNAP-DRGN person 671340 (http://data.snapdrgn.net/person/671340/); associated attestation dates: -1555; narrowest range -1555 (0y) -> 16th century BCE expanded +/-50y; confidence medium (<=60y window; rough floruit); source SNAP-DRGN data.snapdrgn.net retrieved 2026-10-04
snap:671341,person,The Lindos Group,,SNAP-DRGN merged ancient person; sources: collection.britishmuseum.org,alive,-649,-450,medium,SNAP-DRGN person 671341 (http://data.snapdrgn.net/person/671341/); associated attestation dates: -0540; narrowest range -0540 (0y) -> 6th century BCE expanded +/-50y; confidence medium (<=60y window; rough floruit); source SNAP-DRGN data.snapdrgn.net retrieved 2026-10-04
snap:671342,person,Galen,,SNAP-DRGN merged ancient person; sources: collection.britishmuseum.org,alive,51,250,medium,SNAP-DRGN person 671342 (http://data.snapdrgn.net/person/671342/); associated attestation dates: 0131; narrowest range 0131 (0y) -> 2nd century CE expanded +/-50y; confidence medium (<=60y window; rough floruit); source SNAP-DRGN data.snapdrgn.net retrieved 2026-10-04
snap:671343,person,Bernard; Duke of Septimania,,SNAP-DRGN merged ancient person; sources: collection.britishmuseum.org,alive,651,850,medium,SNAP-DRGN person 671343 (http://data.snapdrgn.net/person/671343/); associated attestation dates: 0795; narrowest range 0795 (0y) -> 8th century CE expanded +/-50y; confidence medium (<=60y window; rough floruit); source SNAP-DRGN data.snapdrgn.net retrieved 2026-10-04
snap:671344,person,Lady K&#39;ab&#39;al Xook,,SNAP-DRGN merged ancient person; sources: collection.britishmuseum.org,alive,551,750,medium,SNAP-DRGN person 671344 (http://data.snapdrgn.net/person/671344/); associated attestation dates: 0700; narrowest range 0700 (0y) -> 7th century CE expanded +/-50y; confidence medium (<=60y window; rough floruit); source SNAP-DRGN data.snapdrgn.net retrieved 2026-10-04
snap:671345,person,Sobekhotep I,,SNAP-DRGN merged ancient person; sources: collection.britishmuseum.org,alive,-1849,-1650,medium,SNAP-DRGN person 671345 (http://data.snapdrgn.net/person/671345/); associated attestation dates: -1790; narrowest range -1790 (0y) -> 18th century BCE expanded +/-50y; confidence medium (<=60y window; rough floruit); source SNAP-DRGN data.snapdrgn.net retrieved 2026-10-04
snap:671346,person,Demetrius I Poliorcetes; Macedon,,SNAP-DRGN merged ancient person; sources: collection.britishmuseum.org,alive,-449,-250,medium,SNAP-DRGN person 671346 (http://data.snapdrgn.net/person/671346/); associated attestation dates: -0336; narrowest range -0336 (0y) -> 4th century BCE expanded +/-50y; confidence medium (<=60y window; rough floruit); source SNAP-DRGN data.snapdrgn.net retrieved 2026-10-04
snap:671347,person,Claudius Ptolemaeus,,SNAP-DRGN merged ancient person; sources: collection.britishmuseum.org,alive,51,250,medium,SNAP-DRGN person 671347 (http://data.snapdrgn.net/person/671347/); associated attestation dates: 0150; narrowest range 0150 (0y) -> 2nd century CE expanded +/-50y; confidence medium (<=60y window; rough floruit); source SNAP-DRGN data.snapdrgn.net retrieved 2026-10-04
snap:671348,person,Pupienus,,SNAP-DRGN merged ancient person; sources: collection.britishmuseum.org,alive,51,250,medium,SNAP-DRGN person 671348 (http://data.snapdrgn.net/person/671348/); associated attestation dates: 0174; narrowest range 0174 (0y) -> 2nd century CE expanded +/-50y; confidence medium (<=60y window; rough floruit); source SNAP-DRGN data.snapdrgn.net retrieved 2026-10-04
snap:671349,person,Sobekhotep III,,SNAP-DRGN merged ancient person; sources: collection.britishmuseum.org,alive,-1849,-1650,medium,SNAP-DRGN person 671349 (http://data.snapdrgn.net/person/671349/); associated attestation dates: -1745; narrowest range -1745 (0y) -> 18th century BCE expanded +/-50y; confidence medium (<=60y window; rough floruit); source SNAP-DRGN data.snapdrgn.net retrieved 2026-10-04
snap:671350,person,Elagabalus,,SNAP-DRGN merged ancient person; sources: collection.britishmuseum.org,alive,151,350,medium,SNAP-DRGN person 671350 (http://data.snapdrgn.net/person/671350/); associated attestation dates: 0203; narrowest range 0203 (0y) -> 3rd century CE expanded +/-50y; confidence medium (<=60y window; rough floruit); source SNAP-DRGN data.snapdrgn.net retrieved 2026-10-04
snap:671351,person,Richard L Feigen &amp; Co. Inc.; New York,,SNAP-DRGN merged ancient person; sources: collection.britishmuseum.org,alive,-49,150,medium,SNAP-DRGN person 671351 (http://data.snapdrgn.net/person/671351/); associated attestation dates: 0020; narrowest range 0020 (0y) -> 1st century CE expanded +/-50y; confidence medium (<=60y window; rough floruit); source SNAP-DRGN data.snapdrgn.net retrieved 2026-10-04
snap:671352,person,J B Ciolina,,SNAP-DRGN merged ancient person; sources: collection.britishmuseum.org,alive,-49,150,medium,SNAP-DRGN person 671352 (http://data.snapdrgn.net/person/671352/); associated attestation dates: 0020; narrowest range 0020 (0y) -> 1st century CE expanded +/-50y; confidence medium (<=60y window; rough floruit); source SNAP-DRGN data.snapdrgn.net retrieved 2026-10-04
snap:671353,person,St Virgil of Salzburg,,SNAP-DRGN merged ancient person; sources: collection.britishmuseum.org,alive,651,850,medium,SNAP-DRGN person 671353 (http://data.snapdrgn.net/person/671353/); associated attestation dates: 0740; narrowest range 0740 (0y) -> 8th century CE expanded +/-50y; confidence medium (<=60y window; rough floruit); source SNAP-DRGN data.snapdrgn.net retrieved 2026-10-04
snap:671354,person,Aratos of Soloi,,SNAP-DRGN merged ancient person; sources: collection.britishmuseum.org,alive,-449,-250,medium,SNAP-DRGN person 671354 (http://data.snapdrgn.net/person/671354/); associated attestation dates: -0310; narrowest range -0310 (0y) -> 4th century BCE expanded +/-50y; confidence medium (<=60y window; rough floruit); source SNAP-DRGN data.snapdrgn.net retrieved 2026-10-04
snap:671355,person,Adei-Helio,,SNAP-DRGN merged ancient person; sources: collection.britishmuseum.org,alive,-249,-50,medium,SNAP-DRGN person 671355 (http://data.snapdrgn.net/person/671355/); associated attestation dates: -0147; narrowest range -0147 (0y) -> 2nd century BCE expanded +/-50y; confidence medium (<=60y window; rough floruit); source SNAP-DRGN data.snapdrgn.net retrieved 2026-10-04
snap:671356,person,Claudia Procula,,SNAP-DRGN merged ancient person; sources: collection.britishmuseum.org,alive,-49,150,medium,SNAP-DRGN person 671356 (http://data.snapdrgn.net/person/671356/); associated attestation dates: 0001; narrowest range 0001 (0y) -> 1st century CE expanded +/-50y; confidence medium (<=60y window; rough floruit); source SNAP-DRGN data.snapdrgn.net retrieved 2026-10-04
snap:671357,person,Corinna,,SNAP-DRGN merged ancient person; sources: collection.britishmuseum.org,alive,-549,-350,medium,SNAP-DRGN person 671357 (http://data.snapdrgn.net/person/671357/); associated attestation dates: -0499; narrowest range -0499 (0y) -> 5th century BCE expanded +/-50y; confidence medium (<=60y window; rough floruit); source SNAP-DRGN data.snapdrgn.net retrieved 2026-10-04
snap:671358,person,Chilperic I; King of Soissons,,SNAP-DRGN merged ancient person; sources: collection.britishmuseum.org,alive,451,650,medium,SNAP-DRGN person 671358 (http://data.snapdrgn.net/person/671358/); associated attestation dates: 0534; narrowest range 0534 (0y) -> 6th century CE expanded +/-50y; confidence medium (<=60y window; rough floruit); source SNAP-DRGN data.snapdrgn.net retrieved 2026-10-04
snap:671359,person,St Christina,,SNAP-DRGN merged ancient person; sources: collection.britishmuseum.org,alive,151,350,medium,SNAP-DRGN person 671359 (http://data.snapdrgn.net/person/671359/); associated attestation dates: 0300; narrowest range 0300 (0y) -> 3rd century CE expanded +/-50y; confidence medium (<=60y window; rough floruit); source SNAP-DRGN data.snapdrgn.net retrieved 2026-10-04
snap:671360,person,Ptolemy XI Alexander II,,SNAP-DRGN merged ancient person; sources: collection.britishmuseum.org,alive,-149,50,medium,SNAP-DRGN person 671360 (http://data.snapdrgn.net/person/671360/); associated attestation dates: -0080; narrowest range -0080 (0y) -> 1st century BCE expanded +/-50y; confidence medium (<=60y window; rough floruit); source SNAP-DRGN data.snapdrgn.net retrieved 2026-10-04
snap:671361,person,Lepida,,SNAP-DRGN merged ancient person; sources: collection.britishmuseum.org,alive,-49,150,medium,SNAP-DRGN person 671361 (http://data.snapdrgn.net/person/671361/); associated attestation dates: 0001; narrowest range 0001 (0y) -> 1st century CE expanded +/-50y; confidence medium (<=60y window; rough floruit); source SNAP-DRGN data.snapdrgn.net retrieved 2026-10-04
snap:671362,person,Ictinus,,SNAP-DRGN merged ancient person; sources: collection.britishmuseum.org,alive,-49,150,medium,SNAP-DRGN person 671362 (http://data.snapdrgn.net/person/671362/); associated attestation dates: 0005; narrowest range 0005 (0y) -> 1st century CE expanded +/-50y; confidence medium (<=60y window; rough floruit); source SNAP-DRGN data.snapdrgn.net retrieved 2026-10-04
snap:671363,person,Charles Buxton,,SNAP-DRGN merged ancient person; sources: collection.britishmuseum.org,alive,651,850,medium,SNAP-DRGN person 671363 (http://data.snapdrgn.net/person/671363/); associated attestation dates: 0787; narrowest range 0787 (0y) -> 8th century CE expanded +/-50y; confidence medium (<=60y window; rough floruit); source SNAP-DRGN data.snapdrgn.net retrieved 2026-10-04
snap:671364,person,Euboulides-Agathokles,,SNAP-DRGN merged ancient person; sources: collection.britishmuseum.org,alive,-249,-50,medium,SNAP-DRGN person 671364 (http://data.snapdrgn.net/person/671364/); associated attestation dates: -0110; narrowest range -0110 (0y) -> 2nd century BCE expanded +/-50y; confidence medium (<=60y window; rough floruit); source SNAP-DRGN data.snapdrgn.net retrieved 2026-10-04
snap:671365,person,Clotilde; Queen of the Franks,,SNAP-DRGN merged ancient person; sources: collection.britishmuseum.org,alive,551,750,medium,SNAP-DRGN person 671365 (http://data.snapdrgn.net/person/671365/); associated attestation dates: 0646; narrowest range 0646 (0y) -> 7th century CE expanded +/-50y; confidence medium (<=60y window; rough floruit); source SNAP-DRGN data.snapdrgn.net retrieved 2026-10-04
snap:671366,person,Pepin I; King of Aquitaine,,SNAP-DRGN merged ancient person; sources: collection.britishmuseum.org,alive,651,850,medium,SNAP-DRGN person 671366 (http://data.snapdrgn.net/person/671366/); associated attestation dates: 0797; narrowest range 0797 (0y) -> 8th century CE expanded +/-50y; confidence medium (<=60y window; rough floruit); source SNAP-DRGN data.snapdrgn.net retrieved 2026-10-04
snap:671367,person,St Wulfram,,SNAP-DRGN merged ancient person; sources: collection.britishmuseum.org,alive,551,750,medium,SNAP-DRGN person 671367 (http://data.snapdrgn.net/person/671367/); associated attestation dates: 0650; narrowest range 0650 (0y) -> 7th century CE expanded +/-50y; confidence medium (<=60y window; rough floruit); source SNAP-DRGN data.snapdrgn.net retrieved 2026-10-04
snap:671368,person,Pheidias,,SNAP-DRGN merged ancient person; sources: collection.britishmuseum.org,alive,-649,-450,medium,SNAP-DRGN person 671368 (http://data.snapdrgn.net/person/671368/); associated attestation dates: -0505; narrowest range -0505 (0y) -> 6th century BCE expanded +/-50y; confidence medium (<=60y window; rough floruit); source SNAP-DRGN data.snapdrgn.net retrieved 2026-10-04
snap:671369,person,St Paula,,SNAP-DRGN merged ancient person; sources: collection.britishmuseum.org,alive,251,450,medium,SNAP-DRGN person 671369 (http://data.snapdrgn.net/person/671369/); associated attestation dates: 0347; narrowest range 0347 (0y) -> 4th century CE expanded +/-50y; confidence medium (<=60y window; rough floruit); source SNAP-DRGN data.snapdrgn.net retrieved 2026-10-04
snap:671370,person,Wang Bo 王勃,,SNAP-DRGN merged ancient person; sources: collection.britishmuseum.org,alive,551,750,medium,SNAP-DRGN person 671370 (http://data.snapdrgn.net/person/671370/); associated attestation dates: 0645; narrowest range 0645 (0y) -> 7th century CE expanded +/-50y; confidence medium (<=60y window; rough floruit); source SNAP-DRGN data.snapdrgn.net retrieved 2026-10-04
snap:671371,person,Takelot II,,SNAP-DRGN merged ancient person; sources: collection.britishmuseum.org,alive,-949,-750,medium,SNAP-DRGN person 671371 (http://data.snapdrgn.net/person/671371/); associated attestation dates: -0850; narrowest range -0850 (0y) -> 9th century BCE expanded +/-50y; confidence medium (<=60y window; rough floruit); source SNAP-DRGN data.snapdrgn.net retrieved 2026-10-04
snap:671372,person,The Lancut Group,,SNAP-DRGN merged ancient person; sources: collection.britishmuseum.org,alive,-649,-450,medium,SNAP-DRGN person 671372 (http://data.snapdrgn.net/person/671372/); associated attestation dates: -0540; narrowest range -0540 (0y) -> 6th century BCE expanded +/-50y; confidence medium (<=60y window; rough floruit); source SNAP-DRGN data.snapdrgn.net retrieved 2026-10-04
snap:671373,person,Dongfang Shuo 東方朔,,SNAP-DRGN merged ancient person; sources: collection.britishmuseum.org,alive,-249,-50,medium,SNAP-DRGN person 671373 (http://data.snapdrgn.net/person/671373/); associated attestation dates: -0154; narrowest range -0154 (0y) -> 2nd century BCE expanded +/-50y; confidence medium (<=60y window; rough floruit); source SNAP-DRGN data.snapdrgn.net retrieved 2026-10-04
snap:671374,person,Dionysi-Dionysi,,SNAP-DRGN merged ancient person; sources: collection.britishmuseum.org,alive,-249,-50,medium,SNAP-DRGN person 671374 (http://data.snapdrgn.net/person/671374/); associated attestation dates: -0119; narrowest range -0119 (0y) -> 2nd century BCE expanded +/-50y; confidence medium (<=60y window; rough floruit); source SNAP-DRGN data.snapdrgn.net retrieved 2026-10-04
snap:671375,person,Carus,,SNAP-DRGN merged ancient person; sources: collection.britishmuseum.org,alive,151,350,medium,SNAP-DRGN person 671375 (http://data.snapdrgn.net/person/671375/); associated attestation dates: 0244; narrowest range 0244 (0y) -> 3rd century CE expanded +/-50y; confidence medium (<=60y window; rough floruit); source SNAP-DRGN data.snapdrgn.net retrieved 2026-10-04
snap:671377,person,Yang Guifei 楊貴妃,,SNAP-DRGN merged ancient person; sources: collection.britishmuseum.org,alive,651,850,medium,SNAP-DRGN person 671377 (http://data.snapdrgn.net/person/671377/); associated attestation dates: 0719; narrowest range 0719 (0y) -> 8th century CE expanded +/-50y; confidence medium (<=60y window; rough floruit); source SNAP-DRGN data.snapdrgn.net retrieved 2026-10-04
snap:671378,person,John Maxentius,,SNAP-DRGN merged ancient person; sources: collection.britishmuseum.org,alive,451,650,medium,SNAP-DRGN person 671378 (http://data.snapdrgn.net/person/671378/); associated attestation dates: 0519; narrowest range 0519 (0y) -> 6th century CE expanded +/-50y; confidence medium (<=60y window; rough floruit); source SNAP-DRGN data.snapdrgn.net retrieved 2026-10-04
snap:671379,person,Tao Yuanming 陶淵明,,SNAP-DRGN merged ancient person; sources: collection.britishmuseum.org,alive,251,450,medium,SNAP-DRGN person 671379 (http://data.snapdrgn.net/person/671379/); associated attestation dates: 0365; narrowest range 0365 (0y) -> 4th century CE expanded +/-50y; confidence medium (<=60y window; rough floruit); source SNAP-DRGN data.snapdrgn.net retrieved 2026-10-04
snap:671380,person,Dorothe-Dioph,,SNAP-DRGN merged ancient person; sources: collection.britishmuseum.org,alive,-249,-50,medium,SNAP-DRGN person 671380 (http://data.snapdrgn.net/person/671380/); associated attestation dates: -0132; narrowest range -0132 (0y) -> 2nd century BCE expanded +/-50y; confidence medium (<=60y window; rough floruit); source SNAP-DRGN data.snapdrgn.net retrieved 2026-10-04
snap:671381,person,St Justina of Padua,,SNAP-DRGN merged ancient person; sources: collection.britishmuseum.org,alive,151,350,medium,SNAP-DRGN person 671381 (http://data.snapdrgn.net/person/671381/); associated attestation dates: 0300; narrowest range 0300 (0y) -> 3rd century CE expanded +/-50y; confidence medium (<=60y window; rough floruit); source SNAP-DRGN data.snapdrgn.net retrieved 2026-10-04
snap:671382,person,St Ansanus,,SNAP-DRGN merged ancient person; sources: collection.britishmuseum.org,alive,151,350,medium,SNAP-DRGN person 671382 (http://data.snapdrgn.net/person/671382/); associated attestation dates: 0283; narrowest range 0283 (0y) -> 3rd century CE expanded +/-50y; confidence medium (<=60y window; rough floruit); source SNAP-DRGN data.snapdrgn.net retrieved 2026-10-04
snap:671383,person,Heraclius; Byzantine Emperor,,SNAP-DRGN merged ancient person; sources: collection.britishmuseum.org,alive,451,650,medium,SNAP-DRGN person 671383 (http://data.snapdrgn.net/person/671383/); associated attestation dates: 0575; narrowest range 0575 (0y) -> 6th century CE expanded +/-50y; confidence medium (<=60y window; rough floruit); source SNAP-DRGN data.snapdrgn.net retrieved 2026-10-04
snap:671384,person,Antoninus Pius,,SNAP-DRGN merged ancient person; sources: collection.britishmuseum.org,alive,-49,150,medium,SNAP-DRGN person 671384 (http://data.snapdrgn.net/person/671384/); associated attestation dates: 0086; narrowest range 0086 (0y) -> 1st century CE expanded +/-50y; confidence medium (<=60y window; rough floruit); source SNAP-DRGN data.snapdrgn.net retrieved 2026-10-04
snap:671385,person,Zhuge Liang 諸葛亮,,SNAP-DRGN merged ancient person; sources: collection.britishmuseum.org,alive,51,250,medium,SNAP-DRGN person 671385 (http://data.snapdrgn.net/person/671385/); associated attestation dates: 0181; narrowest range 0181 (0y) -> 2nd century CE expanded +/-50y; confidence medium (<=60y window; rough floruit); source SNAP-DRGN data.snapdrgn.net retrieved 2026-10-04
snap:671386,person,Thales,,SNAP-DRGN merged ancient person; sources: collection.britishmuseum.org,alive,-749,-550,medium,SNAP-DRGN person 671386 (http://data.snapdrgn.net/person/671386/); associated attestation dates: -0625; narrowest range -0625 (0y) -> 7th century BCE expanded +/-50y; confidence medium (<=60y window; rough floruit); source SNAP-DRGN data.snapdrgn.net retrieved 2026-10-04
snap:671388,person,Pyrrhus; King of Epirus,,SNAP-DRGN merged ancient person; sources: collection.britishmuseum.org,alive,-449,-250,medium,SNAP-DRGN person 671388 (http://data.snapdrgn.net/person/671388/); associated attestation dates: -0318; narrowest range -0318 (0y) -> 4th century BCE expanded +/-50y; confidence medium (<=60y window; rough floruit); source SNAP-DRGN data.snapdrgn.net retrieved 2026-10-04
snap:671389,person,Miltiades,,SNAP-DRGN merged ancient person; sources: collection.britishmuseum.org,alive,-649,-450,medium,SNAP-DRGN person 671389 (http://data.snapdrgn.net/person/671389/); associated attestation dates: -0550; narrowest range -0550 (0y) -> 6th century BCE expanded +/-50y; confidence medium (<=60y window; rough floruit); source SNAP-DRGN data.snapdrgn.net retrieved 2026-10-04
snap:671390,person,Glau-Eche,,SNAP-DRGN merged ancient person; sources: collection.britishmuseum.org,alive,-249,-50,medium,SNAP-DRGN person 671390 (http://data.snapdrgn.net/person/671390/); associated attestation dates: -0138; narrowest range -0138 (0y) -> 2nd century BCE expanded +/-50y; confidence medium (<=60y window; rough floruit); source SNAP-DRGN data.snapdrgn.net retrieved 2026-10-04
snap:671391,person,St Tarsicius,,SNAP-DRGN merged ancient person; sources: collection.britishmuseum.org,alive,51,250,medium,SNAP-DRGN person 671391 (http://data.snapdrgn.net/person/671391/); associated attestation dates: 0200; narrowest range 0200 (0y) -> 2nd century CE expanded +/-50y; confidence medium (<=60y window; rough floruit); source SNAP-DRGN data.snapdrgn.net retrieved 2026-10-04
snap:671392,person,Childeric I,,SNAP-DRGN merged ancient person; sources: collection.britishmuseum.org,alive,351,550,medium,SNAP-DRGN person 671392 (http://data.snapdrgn.net/person/671392/); associated attestation dates: 0435; narrowest range 0435 (0y) -> 5th century CE expanded +/-50y; confidence medium (<=60y window; rough floruit); source SNAP-DRGN data.snapdrgn.net retrieved 2026-10-04
snap:671393,person,Duke Thessalonus III of Bavaria,,SNAP-DRGN merged ancient person; sources: collection.britishmuseum.org,alive,651,850,medium,SNAP-DRGN person 671393 (http://data.snapdrgn.net/person/671393/); associated attestation dates: 0741; narrowest range 0741 (0y) -> 8th century CE expanded +/-50y; confidence medium (<=60y window; rough floruit); source SNAP-DRGN data.snapdrgn.net retrieved 2026-10-04
snap:671394,person,Ermengarde of Hesbaye; Queen of the Franks and Holy Roman Empress,,SNAP-DRGN merged ancient person; sources: collection.britishmuseum.org,alive,651,850,medium,SNAP-DRGN person 671394 (http://data.snapdrgn.net/person/671394/); associated attestation dates: 0773; narrowest range 0773 (0y) -> 8th century CE expanded +/-50y; confidence medium (<=60y window; rough floruit); source SNAP-DRGN data.snapdrgn.net retrieved 2026-10-04
snap:671396,person,Terpander,,SNAP-DRGN merged ancient person; sources: collection.britishmuseum.org,alive,-49,150,medium,SNAP-DRGN person 671396 (http://data.snapdrgn.net/person/671396/); associated attestation dates: 0007; narrowest range 0007 (0y) -> 1st century CE expanded +/-50y; confidence medium (<=60y window; rough floruit); source SNAP-DRGN data.snapdrgn.net retrieved 2026-10-04
snap:671397,person,Lysan-Glaukos,,SNAP-DRGN merged ancient person; sources: collection.britishmuseum.org,alive,-249,-50,medium,SNAP-DRGN person 671397 (http://data.snapdrgn.net/person/671397/); associated attestation dates: -0127; narrowest range -0127 (0y) -> 2nd century BCE expanded +/-50y; confidence medium (<=60y window; rough floruit); source SNAP-DRGN data.snapdrgn.net retrieved 2026-10-04
snap:671398,person,Strato of Lampsacus,,SNAP-DRGN merged ancient person; sources: collection.britishmuseum.org,alive,-449,-250,medium,SNAP-DRGN person 671398 (http://data.snapdrgn.net/person/671398/); associated attestation dates: -0340; narrowest range -0340 (0y) -> 4th century BCE expanded +/-50y; confidence medium (<=60y window; rough floruit); source SNAP-DRGN data.snapdrgn.net retrieved 2026-10-04
snap:671399,person,Fabius Cunctator,,SNAP-DRGN merged ancient person; sources: collection.britishmuseum.org,alive,-349,-150,medium,SNAP-DRGN person 671399 (http://data.snapdrgn.net/person/671399/); associated attestation dates: -0285; narrowest range -0285 (0y) -> 3rd century BCE expanded +/-50y; confidence medium (<=60y window; rough floruit); source SNAP-DRGN data.snapdrgn.net retrieved 2026-10-04
snap:671400,person,St Brendan the Navigator,,SNAP-DRGN merged ancient person; sources: collection.britishmuseum.org,alive,351,550,medium,SNAP-DRGN person 671400 (http://data.snapdrgn.net/person/671400/); associated attestation dates: 0486; narrowest range 0486 (0y) -> 5th century CE expanded +/-50y; confidence medium (<=60y window; rough floruit); source SNAP-DRGN data.snapdrgn.net retrieved 2026-10-04
snap:671401,person,Liu Xiang,,SNAP-DRGN merged ancient person; sources: collection.britishmuseum.org,alive,-49,150,medium,SNAP-DRGN person 671401 (http://data.snapdrgn.net/person/671401/); associated attestation dates: 0077; narrowest range 0077 (0y) -> 1st century CE expanded +/-50y; confidence medium (<=60y window; rough floruit); source SNAP-DRGN data.snapdrgn.net retrieved 2026-10-04
snap:671402,person,Zeno of Elea,,SNAP-DRGN merged ancient person; sources: collection.britishmuseum.org,alive,-549,-350,medium,SNAP-DRGN person 671402 (http://data.snapdrgn.net/person/671402/); associated attestation dates: -0490; narrowest range -0490 (0y) -> 5th century BCE expanded +/-50y; confidence medium (<=60y window; rough floruit); source SNAP-DRGN data.snapdrgn.net retrieved 2026-10-04
snap:671403,person,Dionysios-Mnasagoras,,SNAP-DRGN merged ancient person; sources: collection.britishmuseum.org,alive,-149,50,medium,SNAP-DRGN person 671403 (http://data.snapdrgn.net/person/671403/); associated attestation dates: -0071; narrowest range -0071 (0y) -> 1st century BCE expanded +/-50y; confidence medium (<=60y window; rough floruit); source SNAP-DRGN data.snapdrgn.net retrieved 2026-10-04
snap:671404,person,St Geneviève,,SNAP-DRGN merged ancient person; sources: collection.britishmuseum.org,alive,351,550,medium,SNAP-DRGN person 671404 (http://data.snapdrgn.net/person/671404/); associated attestation dates: 0422; narrowest range 0422 (0y) -> 5th century CE expanded +/-50y; confidence medium (<=60y window; rough floruit); source SNAP-DRGN data.snapdrgn.net retrieved 2026-10-04
snap:671405,person,Publius Decius Mus,,SNAP-DRGN merged ancient person; sources: collection.britishmuseum.org,alive,-449,-250,medium,SNAP-DRGN person 671405 (http://data.snapdrgn.net/person/671405/); associated attestation dates: -0312; narrowest range -0312 (0y) -> 4th century BCE expanded +/-50y; confidence medium (<=60y window; rough floruit); source SNAP-DRGN data.snapdrgn.net retrieved 2026-10-04
snap:671406,person,Marcus Atilius Regulus,,SNAP-DRGN merged ancient person; sources: collection.britishmuseum.org,alive,-349,-150,medium,SNAP-DRGN person 671406 (http://data.snapdrgn.net/person/671406/); associated attestation dates: -0299; narrowest range -0299 (0y) -> 3rd century BCE expanded +/-50y; confidence medium (<=60y window; rough floruit); source SNAP-DRGN data.snapdrgn.net retrieved 2026-10-04
snap:671407,person,St Romula,,SNAP-DRGN merged ancient person; sources: collection.britishmuseum.org,alive,351,550,medium,SNAP-DRGN person 671407 (http://data.snapdrgn.net/person/671407/); associated attestation dates: 0500; narrowest range 0500 (0y) -> 5th century CE expanded +/-50y; confidence medium (<=60y window; rough floruit); source SNAP-DRGN data.snapdrgn.net retrieved 2026-10-04
snap:671408,person,Ptolemy X Alexander I,,SNAP-DRGN merged ancient person; sources: collection.britishmuseum.org,alive,-249,-50,medium,SNAP-DRGN person 671408 (http://data.snapdrgn.net/person/671408/); associated attestation dates: -0107; narrowest range -0107 (0y) -> 2nd century BCE expanded +/-50y; confidence medium (<=60y window; rough floruit); source SNAP-DRGN data.snapdrgn.net retrieved 2026-10-04
snap:671409,person,Hera-Aristoph,,SNAP-DRGN merged ancient person; sources: collection.britishmuseum.org,alive,-249,-50,medium,SNAP-DRGN person 671409 (http://data.snapdrgn.net/person/671409/); associated attestation dates: -0136; narrowest range -0136 (0y) -> 2nd century BCE expanded +/-50y; confidence medium (<=60y window; rough floruit); source SNAP-DRGN data.snapdrgn.net retrieved 2026-10-04
snap:671410,person,Khyan,,SNAP-DRGN merged ancient person; sources: collection.britishmuseum.org,alive,-1649,-1450,medium,SNAP-DRGN person 671410 (http://data.snapdrgn.net/person/671410/); associated attestation dates: -1600; narrowest range -1600 (0y) -> 16th century BCE expanded +/-50y; confidence medium (<=60y window; rough floruit); source SNAP-DRGN data.snapdrgn.net retrieved 2026-10-04
snap:671411,person,Jingdi (Northern Zhou),,SNAP-DRGN merged ancient person; sources: collection.britishmuseum.org,alive,451,650,medium,SNAP-DRGN person 671411 (http://data.snapdrgn.net/person/671411/); associated attestation dates: 0579; narrowest range 0579 (0y) -> 6th century CE expanded +/-50y; confidence medium (<=60y window; rough floruit); source SNAP-DRGN data.snapdrgn.net retrieved 2026-10-04
snap:671412,person,St Burchard of Würzburg,,SNAP-DRGN merged ancient person; sources: collection.britishmuseum.org,alive,551,750,medium,SNAP-DRGN person 671412 (http://data.snapdrgn.net/person/671412/); associated attestation dates: 0700; narrowest range 0700 (0y) -> 7th century CE expanded +/-50y; confidence medium (<=60y window; rough floruit); source SNAP-DRGN data.snapdrgn.net retrieved 2026-10-04
snap:671413,person,Saamun,,SNAP-DRGN merged ancient person; sources: collection.britishmuseum.org,alive,-1049,-850,medium,SNAP-DRGN person 671413 (http://data.snapdrgn.net/person/671413/); associated attestation dates: -0978; narrowest range -0978 (0y) -> 10th century BCE expanded +/-50y; confidence medium (<=60y window; rough floruit); source SNAP-DRGN data.snapdrgn.net retrieved 2026-10-04
snap:671414,person,Kalauria Painter,,SNAP-DRGN merged ancient person; sources: collection.britishmuseum.org,alive,-649,-450,medium,SNAP-DRGN person 671414 (http://data.snapdrgn.net/person/671414/); associated attestation dates: -0575; narrowest range -0575 (0y) -> 6th century BCE expanded +/-50y; confidence medium (<=60y window; rough floruit); source SNAP-DRGN data.snapdrgn.net retrieved 2026-10-04
snap:671415,person,Peking Man,,SNAP-DRGN merged ancient person; sources: collection.britishmuseum.org,alive,-149,50,medium,SNAP-DRGN person 671415 (http://data.snapdrgn.net/person/671415/); associated attestation dates: -0001; narrowest range -0001 (0y) -> 1st century BCE expanded +/-50y; confidence medium (<=60y window; rough floruit); source SNAP-DRGN data.snapdrgn.net retrieved 2026-10-04
snap:671416,person,Mencius (孟子),,SNAP-DRGN merged ancient person; sources: collection.britishmuseum.org,alive,-449,-250,medium,SNAP-DRGN person 671416 (http://data.snapdrgn.net/person/671416/); associated attestation dates: -0372; narrowest range -0372 (0y) -> 4th century BCE expanded +/-50y; confidence medium (<=60y window; rough floruit); source SNAP-DRGN data.snapdrgn.net retrieved 2026-10-04
snap:671417,person,Caius Sosius,,SNAP-DRGN merged ancient person; sources: collection.britishmuseum.org,alive,-149,50,medium,SNAP-DRGN person 671417 (http://data.snapdrgn.net/person/671417/); associated attestation dates: -0037; narrowest range -0037 (0y) -> 1st century BCE expanded +/-50y; confidence medium (<=60y window; rough floruit); source SNAP-DRGN data.snapdrgn.net retrieved 2026-10-04
snap:671418,person,Attalus II Philadelphus,,SNAP-DRGN merged ancient person; sources: collection.britishmuseum.org,alive,-349,-150,medium,SNAP-DRGN person 671418 (http://data.snapdrgn.net/person/671418/); associated attestation dates: -0220; narrowest range -0220 (0y) -> 3rd century BCE expanded +/-50y; confidence medium (<=60y window; rough floruit); source SNAP-DRGN data.snapdrgn.net retrieved 2026-10-04
snap:671419,person,St Secundus,,SNAP-DRGN merged ancient person; sources: collection.britishmuseum.org,alive,-49,150,medium,SNAP-DRGN person 671419 (http://data.snapdrgn.net/person/671419/); associated attestation dates: 0003; narrowest range 0003 (0y) -> 1st century CE expanded +/-50y; confidence medium (<=60y window; rough floruit); source SNAP-DRGN data.snapdrgn.net retrieved 2026-10-04
snap:671420,person,Demetrius II; Macedon,,SNAP-DRGN merged ancient person; sources: collection.britishmuseum.org,alive,-349,-150,medium,SNAP-DRGN person 671420 (http://data.snapdrgn.net/person/671420/); associated attestation dates: -0276; narrowest range -0276 (0y) -> 3rd century BCE expanded +/-50y; confidence medium (<=60y window; rough floruit); source SNAP-DRGN data.snapdrgn.net retrieved 2026-10-04
snap:671421,person,Balbinus,,SNAP-DRGN merged ancient person; sources: collection.britishmuseum.org,alive,51,250,medium,SNAP-DRGN person 671421 (http://data.snapdrgn.net/person/671421/); associated attestation dates: 0178; narrowest range 0178 (0y) -> 2nd century CE expanded +/-50y; confidence medium (<=60y window; rough floruit); source SNAP-DRGN data.snapdrgn.net retrieved 2026-10-04
snap:671422,person,Arsinoe III,,SNAP-DRGN merged ancient person; sources: collection.britishmuseum.org,alive,-349,-150,medium,SNAP-DRGN person 671422 (http://data.snapdrgn.net/person/671422/); associated attestation dates: -0221; narrowest range -0221 (0y) -> 3rd century BCE expanded +/-50y; confidence medium (<=60y window; rough floruit); source SNAP-DRGN data.snapdrgn.net retrieved 2026-10-04
snap:671423,person,Taharqo,,SNAP-DRGN merged ancient person; sources: collection.britishmuseum.org,alive,-749,-550,medium,SNAP-DRGN person 671423 (http://data.snapdrgn.net/person/671423/); associated attestation dates: -0690; narrowest range -0690 (0y) -> 7th century BCE expanded +/-50y; confidence medium (<=60y window; rough floruit); source SNAP-DRGN data.snapdrgn.net retrieved 2026-10-04
snap:671424,person,Bruno of Saxony,,SNAP-DRGN merged ancient person; sources: collection.britishmuseum.org,alive,651,850,medium,SNAP-DRGN person 671424 (http://data.snapdrgn.net/person/671424/); associated attestation dates: 0750; narrowest range 0750 (0y) -> 8th century CE expanded +/-50y; confidence medium (<=60y window; rough floruit); source SNAP-DRGN data.snapdrgn.net retrieved 2026-10-04
snap:671425,person,Liu Shan 劉禪,,SNAP-DRGN merged ancient person; sources: collection.britishmuseum.org,alive,151,350,medium,SNAP-DRGN person 671425 (http://data.snapdrgn.net/person/671425/); associated attestation dates: 0207; narrowest range 0207 (0y) -> 3rd century CE expanded +/-50y; confidence medium (<=60y window; rough floruit); source SNAP-DRGN data.snapdrgn.net retrieved 2026-10-04
snap:671426,person,Parysatis,,SNAP-DRGN merged ancient person; sources: collection.britishmuseum.org,alive,-349,-150,medium,SNAP-DRGN person 671426 (http://data.snapdrgn.net/person/671426/); associated attestation dates: -0299; narrowest range -0299 (0y) -> 3rd century BCE expanded +/-50y; confidence medium (<=60y window; rough floruit); source SNAP-DRGN data.snapdrgn.net retrieved 2026-10-04
snap:671427,person,St Gildas,,SNAP-DRGN merged ancient person; sources: collection.britishmuseum.org,alive,451,650,medium,SNAP-DRGN person 671427 (http://data.snapdrgn.net/person/671427/); associated attestation dates: 0516; narrowest range 0516 (0y) -> 6th century CE expanded +/-50y; confidence medium (<=60y window; rough floruit); source SNAP-DRGN data.snapdrgn.net retrieved 2026-10-04
snap:671428,person,St Doda,,SNAP-DRGN merged ancient person; sources: collection.britishmuseum.org,alive,451,650,medium,SNAP-DRGN person 671428 (http://data.snapdrgn.net/person/671428/); associated attestation dates: 0600; narrowest range 0600 (0y) -> 6th century CE expanded +/-50y; confidence medium (<=60y window; rough floruit); source SNAP-DRGN data.snapdrgn.net retrieved 2026-10-04
snap:671429,person,Domitian,,SNAP-DRGN merged ancient person; sources: collection.britishmuseum.org,alive,-49,150,medium,SNAP-DRGN person 671429 (http://data.snapdrgn.net/person/671429/); associated attestation dates: 0051; narrowest range 0051 (0y) -> 1st century CE expanded +/-50y; confidence medium (<=60y window; rough floruit); source SNAP-DRGN data.snapdrgn.net retrieved 2026-10-04
snap:671430,person,Phryne,,SNAP-DRGN merged ancient person; sources: collection.britishmuseum.org,alive,-449,-250,medium,SNAP-DRGN person 671430 (http://data.snapdrgn.net/person/671430/); associated attestation dates: -0399; narrowest range -0399 (0y) -> 4th century BCE expanded +/-50y; confidence medium (<=60y window; rough floruit); source SNAP-DRGN data.snapdrgn.net retrieved 2026-10-04
snap:671431,person,Kumaradevi,,SNAP-DRGN merged ancient person; sources: collection.britishmuseum.org,alive,251,450,medium,SNAP-DRGN person 671431 (http://data.snapdrgn.net/person/671431/); associated attestation dates: 0315; narrowest range 0315 (0y) -> 4th century CE expanded +/-50y; confidence medium (<=60y window; rough floruit); source SNAP-DRGN data.snapdrgn.net retrieved 2026-10-04
snap:671432,person,St Boniface,,SNAP-DRGN merged ancient person; sources: collection.britishmuseum.org,alive,551,750,medium,SNAP-DRGN person 671432 (http://data.snapdrgn.net/person/671432/); associated attestation dates: 0675; narrowest range 0675 (0y) -> 7th century CE expanded +/-50y; confidence medium (<=60y window; rough floruit); source SNAP-DRGN data.snapdrgn.net retrieved 2026-10-04
snap:671433,person,Architimos-Pammenes,,SNAP-DRGN merged ancient person; sources: collection.britishmuseum.org,alive,-149,50,medium,SNAP-DRGN person 671433 (http://data.snapdrgn.net/person/671433/); associated attestation dates: -0062; narrowest range -0062 (0y) -> 1st century BCE expanded +/-50y; confidence medium (<=60y window; rough floruit); source SNAP-DRGN data.snapdrgn.net retrieved 2026-10-04
snap:671434,person,St Theodora,,SNAP-DRGN merged ancient person; sources: collection.britishmuseum.org,alive,-49,150,medium,SNAP-DRGN person 671434 (http://data.snapdrgn.net/person/671434/); associated attestation dates: 0100; narrowest range 0100 (0y) -> 1st century CE expanded +/-50y; confidence medium (<=60y window; rough floruit); source SNAP-DRGN data.snapdrgn.net retrieved 2026-10-04
snap:671435,person,St Amandus,,SNAP-DRGN merged ancient person; sources: collection.britishmuseum.org,alive,351,550,medium,SNAP-DRGN person 671435 (http://data.snapdrgn.net/person/671435/); associated attestation dates: 0500; narrowest range 0500 (0y) -> 5th century CE expanded +/-50y; confidence medium (<=60y window; rough floruit); source SNAP-DRGN data.snapdrgn.net retrieved 2026-10-04
snap:671436,person,The Painter of London F48,,SNAP-DRGN merged ancient person; sources: collection.britishmuseum.org,alive,-449,-250,medium,SNAP-DRGN person 671436 (http://data.snapdrgn.net/person/671436/); associated attestation dates: -0390; narrowest range -0390 (0y) -> 4th century BCE expanded +/-50y; confidence medium (<=60y window; rough floruit); source SNAP-DRGN data.snapdrgn.net retrieved 2026-10-04
snap:671437,person,Piy,,SNAP-DRGN merged ancient person; sources: collection.britishmuseum.org,alive,-849,-650,medium,SNAP-DRGN person 671437 (http://data.snapdrgn.net/person/671437/); associated attestation dates: -0747; narrowest range -0747 (0y) -> 8th century BCE expanded +/-50y; confidence medium (<=60y window; rough floruit); source SNAP-DRGN data.snapdrgn.net retrieved 2026-10-04
snap:671438,person,Naukydes,,SNAP-DRGN merged ancient person; sources: collection.britishmuseum.org,alive,-549,-350,medium,SNAP-DRGN person 671438 (http://data.snapdrgn.net/person/671438/); associated attestation dates: -0430; narrowest range -0430 (0y) -> 5th century BCE expanded +/-50y; confidence medium (<=60y window; rough floruit); source SNAP-DRGN data.snapdrgn.net retrieved 2026-10-04
snap:671439,person,Imam Husayn,,SNAP-DRGN merged ancient person; sources: collection.britishmuseum.org,alive,551,750,medium,SNAP-DRGN person 671439 (http://data.snapdrgn.net/person/671439/); associated attestation dates: 0626; narrowest range 0626 (0y) -> 7th century CE expanded +/-50y; confidence medium (<=60y window; rough floruit); source SNAP-DRGN data.snapdrgn.net retrieved 2026-10-04
snap:671440,person,The Pescia Painter,,SNAP-DRGN merged ancient person; sources: collection.britishmuseum.org,alive,-549,-350,medium,SNAP-DRGN person 671440 (http://data.snapdrgn.net/person/671440/); associated attestation dates: -0500; narrowest range -0500 (0y) -> 5th century BCE expanded +/-50y; confidence medium (<=60y window; rough floruit); source SNAP-DRGN data.snapdrgn.net retrieved 2026-10-04
snap:671441,person,Herophilus,,SNAP-DRGN merged ancient person; sources: collection.britishmuseum.org,alive,-349,-150,medium,SNAP-DRGN person 671441 (http://data.snapdrgn.net/person/671441/); associated attestation dates: -0300; narrowest range -0300 (0y) -> 3rd century BCE expanded +/-50y; confidence medium (<=60y window; rough floruit); source SNAP-DRGN data.snapdrgn.net retrieved 2026-10-04
snap:671442,person,Attalus I Soter,,SNAP-DRGN merged ancient person; sources: collection.britishmuseum.org,alive,-349,-150,medium,SNAP-DRGN person 671442 (http://data.snapdrgn.net/person/671442/); associated attestation dates: -0269; narrowest range -0269 (0y) -> 3rd century BCE expanded +/-50y; confidence medium (<=60y window; rough floruit); source SNAP-DRGN data.snapdrgn.net retrieved 2026-10-04
snap:671443,person,St Nereus,,SNAP-DRGN merged ancient person; sources: collection.britishmuseum.org,alive,-49,150,medium,SNAP-DRGN person 671443 (http://data.snapdrgn.net/person/671443/); associated attestation dates: 0100; narrowest range 0100 (0y) -> 1st century CE expanded +/-50y; confidence medium (<=60y window; rough floruit); source SNAP-DRGN data.snapdrgn.net retrieved 2026-10-04
snap:671444,person,Prince Regent Shotoku Taishi (聖徳太子),,SNAP-DRGN merged ancient person; sources: collection.britishmuseum.org,alive,451,650,medium,SNAP-DRGN person 671444 (http://data.snapdrgn.net/person/671444/); associated attestation dates: 0574; narrowest range 0574 (0y) -> 6th century CE expanded +/-50y; confidence medium (<=60y window; rough floruit); source SNAP-DRGN data.snapdrgn.net retrieved 2026-10-04
snap:671445,person,Valentinian III,,SNAP-DRGN merged ancient person; sources: collection.britishmuseum.org,alive,351,550,medium,SNAP-DRGN person 671445 (http://data.snapdrgn.net/person/671445/); associated attestation dates: 0419; narrowest range 0419 (0y) -> 5th century CE expanded +/-50y; confidence medium (<=60y window; rough floruit); source SNAP-DRGN data.snapdrgn.net retrieved 2026-10-04
snap:671446,person,Ay,,SNAP-DRGN merged ancient person; sources: collection.britishmuseum.org,alive,-1449,-1250,medium,SNAP-DRGN person 671446 (http://data.snapdrgn.net/person/671446/); associated attestation dates: -1327; narrowest range -1327 (0y) -> 14th century BCE expanded +/-50y; confidence medium (<=60y window; rough floruit); source SNAP-DRGN data.snapdrgn.net retrieved 2026-10-04
snap:671447,person,St Radegonde,,SNAP-DRGN merged ancient person; sources: collection.britishmuseum.org,alive,451,650,medium,SNAP-DRGN person 671447 (http://data.snapdrgn.net/person/671447/); associated attestation dates: 0518; narrowest range 0518 (0y) -> 6th century CE expanded +/-50y; confidence medium (<=60y window; rough floruit); source SNAP-DRGN data.snapdrgn.net retrieved 2026-10-04
snap:671448,person,Anthonie van Borssom,,SNAP-DRGN merged ancient person; sources: collection.britishmuseum.org,alive,-49,150,medium,SNAP-DRGN person 671448 (http://data.snapdrgn.net/person/671448/); associated attestation dates: 0001; narrowest range 0001 (0y) -> 1st century CE expanded +/-50y; confidence medium (<=60y window; rough floruit); source SNAP-DRGN data.snapdrgn.net retrieved 2026-10-04
snap:671449,person,Bertrade de Laon; Queen of the Franks,,SNAP-DRGN merged ancient person; sources: collection.britishmuseum.org,alive,651,850,medium,SNAP-DRGN person 671449 (http://data.snapdrgn.net/person/671449/); associated attestation dates: 0715; narrowest range 0715 (0y) -> 8th century CE expanded +/-50y; confidence medium (<=60y window; rough floruit); source SNAP-DRGN data.snapdrgn.net retrieved 2026-10-04
snap:671450,person,Hildegard of Vinzgouw,,SNAP-DRGN merged ancient person; sources: collection.britishmuseum.org,alive,651,850,medium,SNAP-DRGN person 671450 (http://data.snapdrgn.net/person/671450/); associated attestation dates: 0758; narrowest range 0758 (0y) -> 8th century CE expanded +/-50y; confidence medium (<=60y window; rough floruit); source SNAP-DRGN data.snapdrgn.net retrieved 2026-10-04
snap:671451,person,Clovis I; King of the Franks,,SNAP-DRGN merged ancient person; sources: collection.britishmuseum.org,alive,351,550,medium,SNAP-DRGN person 671451 (http://data.snapdrgn.net/person/671451/); associated attestation dates: 0466; narrowest range 0466 (0y) -> 5th century CE expanded +/-50y; confidence medium (<=60y window; rough floruit); source SNAP-DRGN data.snapdrgn.net retrieved 2026-10-04
snap:671452,person,St Eleutherius of Tournai,,SNAP-DRGN merged ancient person; sources: collection.britishmuseum.org,alive,351,550,medium,SNAP-DRGN person 671452 (http://data.snapdrgn.net/person/671452/); associated attestation dates: 0451; narrowest range 0451 (0y) -> 5th century CE expanded +/-50y; confidence medium (<=60y window; rough floruit); source SNAP-DRGN data.snapdrgn.net retrieved 2026-10-04
snap:671453,person,Ariston-Philon,,SNAP-DRGN merged ancient person; sources: collection.britishmuseum.org,alive,-149,50,medium,SNAP-DRGN person 671453 (http://data.snapdrgn.net/person/671453/); associated attestation dates: -0097; narrowest range -0097 (0y) -> 1st century BCE expanded +/-50y; confidence medium (<=60y window; rough floruit); source SNAP-DRGN data.snapdrgn.net retrieved 2026-10-04
snap:671454,person,St Paulinus of Nola,,SNAP-DRGN merged ancient person; sources: collection.britishmuseum.org,alive,251,450,medium,SNAP-DRGN person 671454 (http://data.snapdrgn.net/person/671454/); associated attestation dates: 0354; narrowest range 0354 (0y) -> 4th century CE expanded +/-50y; confidence medium (<=60y window; rough floruit); source SNAP-DRGN data.snapdrgn.net retrieved 2026-10-04
snap:671455,person,Constans,,SNAP-DRGN merged ancient person; sources: collection.britishmuseum.org,alive,251,450,medium,SNAP-DRGN person 671455 (http://data.snapdrgn.net/person/671455/); associated attestation dates: 0320; narrowest range 0320 (0y) -> 4th century CE expanded +/-50y; confidence medium (<=60y window; rough floruit); source SNAP-DRGN data.snapdrgn.net retrieved 2026-10-04
snap:671456,person,St Cuthbert,,SNAP-DRGN merged ancient person; sources: collection.britishmuseum.org,alive,551,750,medium,SNAP-DRGN person 671456 (http://data.snapdrgn.net/person/671456/); associated attestation dates: 0634; narrowest range 0634 (0y) -> 7th century CE expanded +/-50y; confidence medium (<=60y window; rough floruit); source SNAP-DRGN data.snapdrgn.net retrieved 2026-10-04
snap:671457,person,St Marcellina,,SNAP-DRGN merged ancient person; sources: collection.britishmuseum.org,alive,251,450,medium,SNAP-DRGN person 671457 (http://data.snapdrgn.net/person/671457/); associated attestation dates: 0353; narrowest range 0353 (0y) -> 4th century CE expanded +/-50y; confidence medium (<=60y window; rough floruit); source SNAP-DRGN data.snapdrgn.net retrieved 2026-10-04
snap:671458,person,Childebert II; King of Austrasia,,SNAP-DRGN merged ancient person; sources: collection.britishmuseum.org,alive,451,650,medium,SNAP-DRGN person 671458 (http://data.snapdrgn.net/person/671458/); associated attestation dates: 0570; narrowest range 0570 (0y) -> 6th century CE expanded +/-50y; confidence medium (<=60y window; rough floruit); source SNAP-DRGN data.snapdrgn.net retrieved 2026-10-04
snap:671459,person,Ramiro I; King of Asturias,,SNAP-DRGN merged ancient person; sources: collection.britishmuseum.org,alive,651,850,medium,SNAP-DRGN person 671459 (http://data.snapdrgn.net/person/671459/); associated attestation dates: 0785; narrowest range 0785 (0y) -> 8th century CE expanded +/-50y; confidence medium (<=60y window; rough floruit); source SNAP-DRGN data.snapdrgn.net retrieved 2026-10-04
snap:671460,person,Lideric Le Buc,,SNAP-DRGN merged ancient person; sources: collection.britishmuseum.org,alive,551,750,medium,SNAP-DRGN person 671460 (http://data.snapdrgn.net/person/671460/); associated attestation dates: 0621; narrowest range 0621 (0y) -> 7th century CE expanded +/-50y; confidence medium (<=60y window; rough floruit); source SNAP-DRGN data.snapdrgn.net retrieved 2026-10-04
snap:671461,person,Huang Chuping 黃初平,,SNAP-DRGN merged ancient person; sources: collection.britishmuseum.org,alive,251,450,medium,SNAP-DRGN person 671461 (http://data.snapdrgn.net/person/671461/); associated attestation dates: 0338; narrowest range 0338 (0y) -> 4th century CE expanded +/-50y; confidence medium (<=60y window; rough floruit); source SNAP-DRGN data.snapdrgn.net retrieved 2026-10-04
snap:671462,person,Painter of Berlin 1659,,SNAP-DRGN merged ancient person; sources: collection.britishmuseum.org,alive,-649,-450,medium,SNAP-DRGN person 671462 (http://data.snapdrgn.net/person/671462/); associated attestation dates: -0600; narrowest range -0600 (0y) -> 6th century BCE expanded +/-50y; confidence medium (<=60y window; rough floruit); source SNAP-DRGN data.snapdrgn.net retrieved 2026-10-04
snap:671463,person,Modestus,,SNAP-DRGN merged ancient person; sources: collection.britishmuseum.org,alive,151,350,medium,SNAP-DRGN person 671463 (http://data.snapdrgn.net/person/671463/); associated attestation dates: 0300; narrowest range 0300 (0y) -> 3rd century CE expanded +/-50y; confidence medium (<=60y window; rough floruit); source SNAP-DRGN data.snapdrgn.net retrieved 2026-10-04
snap:671464,person,Thutmose III,,SNAP-DRGN merged ancient person; sources: collection.britishmuseum.org,alive,-1549,-1350,medium,SNAP-DRGN person 671464 (http://data.snapdrgn.net/person/671464/); associated attestation dates: -1479; narrowest range -1479 (0y) -> 15th century BCE expanded +/-50y; confidence medium (<=60y window; rough floruit); source SNAP-DRGN data.snapdrgn.net retrieved 2026-10-04
snap:671465,person,Dionysius the Elder,,SNAP-DRGN merged ancient person; sources: collection.britishmuseum.org,alive,-549,-350,medium,SNAP-DRGN person 671465 (http://data.snapdrgn.net/person/671465/); associated attestation dates: -0430; narrowest range -0430 (0y) -> 5th century BCE expanded +/-50y; confidence medium (<=60y window; rough floruit); source SNAP-DRGN data.snapdrgn.net retrieved 2026-10-04
snap:671466,person,Pulcheria,,SNAP-DRGN merged ancient person; sources: collection.britishmuseum.org,alive,251,450,medium,SNAP-DRGN person 671466 (http://data.snapdrgn.net/person/671466/); associated attestation dates: 0399; narrowest range 0399 (0y) -> 4th century CE expanded +/-50y; confidence medium (<=60y window; rough floruit); source SNAP-DRGN data.snapdrgn.net retrieved 2026-10-04
snap:671467,person,Arsinoe II,,SNAP-DRGN merged ancient person; sources: collection.britishmuseum.org,alive,-449,-250,medium,SNAP-DRGN person 671467 (http://data.snapdrgn.net/person/671467/); associated attestation dates: -0316; narrowest range -0316 (0y) -> 4th century BCE expanded +/-50y; confidence medium (<=60y window; rough floruit); source SNAP-DRGN data.snapdrgn.net retrieved 2026-10-04
snap:671468,person,Agrippina the Elder,,SNAP-DRGN merged ancient person; sources: collection.britishmuseum.org,alive,-149,50,medium,SNAP-DRGN person 671468 (http://data.snapdrgn.net/person/671468/); associated attestation dates: -0014; narrowest range -0014 (0y) -> 1st century BCE expanded +/-50y; confidence medium (<=60y window; rough floruit); source SNAP-DRGN data.snapdrgn.net retrieved 2026-10-04
snap:671469,person,Klyka Group,,SNAP-DRGN merged ancient person; sources: collection.britishmuseum.org,alive,-649,-450,medium,SNAP-DRGN person 671469 (http://data.snapdrgn.net/person/671469/); associated attestation dates: -0595; narrowest range -0595 (0y) -> 6th century BCE expanded +/-50y; confidence medium (<=60y window; rough floruit); source SNAP-DRGN data.snapdrgn.net retrieved 2026-10-04
snap:671470,person,The Painter of Louvre CA1694,,SNAP-DRGN merged ancient person; sources: collection.britishmuseum.org,alive,-549,-350,medium,SNAP-DRGN person 671470 (http://data.snapdrgn.net/person/671470/); associated attestation dates: -0470; narrowest range -0470 (0y) -> 5th century BCE expanded +/-50y; confidence medium (<=60y window; rough floruit); source SNAP-DRGN data.snapdrgn.net retrieved 2026-10-04
snap:671471,person,St Medard; Bishop of Tournai; Noyon and Vermandois,,SNAP-DRGN merged ancient person; sources: collection.britishmuseum.org,alive,351,550,medium,SNAP-DRGN person 671471 (http://data.snapdrgn.net/person/671471/); associated attestation dates: 0470; narrowest range 0470 (0y) -> 5th century CE expanded +/-50y; confidence medium (<=60y window; rough floruit); source SNAP-DRGN data.snapdrgn.net retrieved 2026-10-04
snap:671472,person,Guo Ziyi 郭子儀,,SNAP-DRGN merged ancient person; sources: collection.britishmuseum.org,alive,551,750,medium,SNAP-DRGN person 671472 (http://data.snapdrgn.net/person/671472/); associated attestation dates: 0697; narrowest range 0697 (0y) -> 7th century CE expanded +/-50y; confidence medium (<=60y window; rough floruit); source SNAP-DRGN data.snapdrgn.net retrieved 2026-10-04
snap:671473,person,Lady Balam-Ix,,SNAP-DRGN merged ancient person; sources: collection.britishmuseum.org,alive,551,750,medium,SNAP-DRGN person 671473 (http://data.snapdrgn.net/person/671473/); associated attestation dates: 0700; narrowest range 0700 (0y) -> 7th century CE expanded +/-50y; confidence medium (<=60y window; rough floruit); source SNAP-DRGN data.snapdrgn.net retrieved 2026-10-04
snap:671474,person,Xuandi 宣帝 （漢）,,SNAP-DRGN merged ancient person; sources: collection.britishmuseum.org,alive,-149,50,medium,SNAP-DRGN person 671474 (http://data.snapdrgn.net/person/671474/); associated attestation dates: -0091; narrowest range -0091 (0y) -> 1st century BCE expanded +/-50y; confidence medium (<=60y window; rough floruit); source SNAP-DRGN data.snapdrgn.net retrieved 2026-10-04
snap:671475,person,Yuan Xie; Prince of Anding,,SNAP-DRGN merged ancient person; sources: collection.britishmuseum.org,alive,451,650,medium,SNAP-DRGN person 671475 (http://data.snapdrgn.net/person/671475/); associated attestation dates: 0507; narrowest range 0507 (0y) -> 6th century CE expanded +/-50y; confidence medium (<=60y window; rough floruit); source SNAP-DRGN data.snapdrgn.net retrieved 2026-10-04
snap:671476,person,Liu Tingxun,,SNAP-DRGN merged ancient person; sources: collection.britishmuseum.org,alive,551,750,medium,SNAP-DRGN person 671476 (http://data.snapdrgn.net/person/671476/); associated attestation dates: 0656; narrowest range 0656 (0y) -> 7th century CE expanded +/-50y; confidence medium (<=60y window; rough floruit); source SNAP-DRGN data.snapdrgn.net retrieved 2026-10-04
snap:671477,person,Petronia,,SNAP-DRGN merged ancient person; sources: collection.britishmuseum.org,alive,-49,150,medium,SNAP-DRGN person 671477 (http://data.snapdrgn.net/person/671477/); associated attestation dates: 0001; narrowest range 0001 (0y) -> 1st century CE expanded +/-50y; confidence medium (<=60y window; rough floruit); source SNAP-DRGN data.snapdrgn.net retrieved 2026-10-04
snap:671478,person,St Symphorosa,,SNAP-DRGN merged ancient person; sources: collection.britishmuseum.org,alive,-49,150,medium,SNAP-DRGN person 671478 (http://data.snapdrgn.net/person/671478/); associated attestation dates: 0001; narrowest range 0001 (0y) -> 1st century CE expanded +/-50y; confidence medium (<=60y window; rough floruit); source SNAP-DRGN data.snapdrgn.net retrieved 2026-10-04
snap:671479,person,Gaius Popillius Laenus,,SNAP-DRGN merged ancient person; sources: collection.britishmuseum.org,alive,-249,-50,medium,SNAP-DRGN person 671479 (http://data.snapdrgn.net/person/671479/); associated attestation dates: -0172; narrowest range -0172 (0y) -> 2nd century BCE expanded +/-50y; confidence medium (<=60y window; rough floruit); source SNAP-DRGN data.snapdrgn.net retrieved 2026-10-04
snap:671480,person,Takelot I,,SNAP-DRGN merged ancient person; sources: collection.britishmuseum.org,alive,-949,-750,medium,SNAP-DRGN person 671480 (http://data.snapdrgn.net/person/671480/); associated attestation dates: -0889; narrowest range -0889 (0y) -> 9th century BCE expanded +/-50y; confidence medium (<=60y window; rough floruit); source SNAP-DRGN data.snapdrgn.net retrieved 2026-10-04
snap:671481,person,Periander,,SNAP-DRGN merged ancient person; sources: collection.britishmuseum.org,alive,-49,150,medium,SNAP-DRGN person 671481 (http://data.snapdrgn.net/person/671481/); associated attestation dates: 0007; narrowest range 0007 (0y) -> 1st century CE expanded +/-50y; confidence medium (<=60y window; rough floruit); source SNAP-DRGN data.snapdrgn.net retrieved 2026-10-04
snap:671482,person,St Gregory of Nazianus,,SNAP-DRGN merged ancient person; sources: collection.britishmuseum.org,alive,251,450,medium,SNAP-DRGN person 671482 (http://data.snapdrgn.net/person/671482/); associated attestation dates: 0329; narrowest range 0329 (0y) -> 4th century CE expanded +/-50y; confidence medium (<=60y window; rough floruit); source SNAP-DRGN data.snapdrgn.net retrieved 2026-10-04
snap:671483,person,Julian (the Apostate),,SNAP-DRGN merged ancient person; sources: collection.britishmuseum.org,alive,251,450,medium,SNAP-DRGN person 671483 (http://data.snapdrgn.net/person/671483/); associated attestation dates: 0332; narrowest range 0332 (0y) -> 4th century CE expanded +/-50y; confidence medium (<=60y window; rough floruit); source SNAP-DRGN data.snapdrgn.net retrieved 2026-10-04
snap:671484,person,The Painter of London F18,,SNAP-DRGN merged ancient person; sources: collection.britishmuseum.org,alive,-449,-250,medium,SNAP-DRGN person 671484 (http://data.snapdrgn.net/person/671484/); associated attestation dates: -0350; narrowest range -0350 (0y) -> 4th century BCE expanded +/-50y; confidence medium (<=60y window; rough floruit); source SNAP-DRGN data.snapdrgn.net retrieved 2026-10-04
snap:671485,person,Milo of Croton,,SNAP-DRGN merged ancient person; sources: collection.britishmuseum.org,alive,-649,-450,medium,SNAP-DRGN person 671485 (http://data.snapdrgn.net/person/671485/); associated attestation dates: -0550; narrowest range -0550 (0y) -> 6th century BCE expanded +/-50y; confidence medium (<=60y window; rough floruit); source SNAP-DRGN data.snapdrgn.net retrieved 2026-10-04
snap:671486,person,Xenokles-Harmoxenos,,SNAP-DRGN merged ancient person; sources: collection.britishmuseum.org,alive,-149,50,medium,SNAP-DRGN person 671486 (http://data.snapdrgn.net/person/671486/); associated attestation dates: -0095; narrowest range -0095 (0y) -> 1st century BCE expanded +/-50y; confidence medium (<=60y window; rough floruit); source SNAP-DRGN data.snapdrgn.net retrieved 2026-10-04
snap:671487,person,Wu Zixu 伍子胥,,SNAP-DRGN merged ancient person; sources: collection.britishmuseum.org,alive,-649,-450,medium,SNAP-DRGN person 671487 (http://data.snapdrgn.net/person/671487/); associated attestation dates: -0526; narrowest range -0526 (0y) -> 6th century BCE expanded +/-50y; confidence medium (<=60y window; rough floruit); source SNAP-DRGN data.snapdrgn.net retrieved 2026-10-04
snap:671488,person,Yaudheya- Kuninda,,SNAP-DRGN merged ancient person; sources: collection.britishmuseum.org,alive,-49,150,medium,SNAP-DRGN person 671488 (http://data.snapdrgn.net/person/671488/); associated attestation dates: 0001; narrowest range 0001 (0y) -> 1st century CE expanded +/-50y; confidence medium (<=60y window; rough floruit); source SNAP-DRGN data.snapdrgn.net retrieved 2026-10-04
snap:671489,person,Dio Cassius,,SNAP-DRGN merged ancient person; sources: collection.britishmuseum.org,alive,51,250,medium,SNAP-DRGN person 671489 (http://data.snapdrgn.net/person/671489/); associated attestation dates: 0155; narrowest range 0155 (0y) -> 2nd century CE expanded +/-50y; confidence medium (<=60y window; rough floruit); source SNAP-DRGN data.snapdrgn.net retrieved 2026-10-04
snap:671490,person,Shi De 拾得,,SNAP-DRGN merged ancient person; sources: collection.britishmuseum.org,alive,451,650,medium,SNAP-DRGN person 671490 (http://data.snapdrgn.net/person/671490/); associated attestation dates: 0600; narrowest range 0600 (0y) -> 6th century CE expanded +/-50y; confidence medium (<=60y window; rough floruit); source SNAP-DRGN data.snapdrgn.net retrieved 2026-10-04
snap:671491,person,St Eustolia,,SNAP-DRGN merged ancient person; sources: collection.britishmuseum.org,alive,351,550,medium,SNAP-DRGN person 671491 (http://data.snapdrgn.net/person/671491/); associated attestation dates: 0500; narrowest range 0500 (0y) -> 5th century CE expanded +/-50y; confidence medium (<=60y window; rough floruit); source SNAP-DRGN data.snapdrgn.net retrieved 2026-10-04
snap:671492,person,Mentor-Moschion,,SNAP-DRGN merged ancient person; sources: collection.britishmuseum.org,alive,-149,50,medium,SNAP-DRGN person 671492 (http://data.snapdrgn.net/person/671492/); associated attestation dates: -0084; narrowest range -0084 (0y) -> 1st century BCE expanded +/-50y; confidence medium (<=60y window; rough floruit); source SNAP-DRGN data.snapdrgn.net retrieved 2026-10-04
snap:671493,person,Ramses I,,SNAP-DRGN merged ancient person; sources: collection.britishmuseum.org,alive,-1349,-1150,medium,SNAP-DRGN person 671493 (http://data.snapdrgn.net/person/671493/); associated attestation dates: -1295; narrowest range -1295 (0y) -> 13th century BCE expanded +/-50y; confidence medium (<=60y window; rough floruit); source SNAP-DRGN data.snapdrgn.net retrieved 2026-10-04
snap:671494,person,The Phrixos Painter,,SNAP-DRGN merged ancient person; sources: collection.britishmuseum.org,alive,-549,-350,medium,SNAP-DRGN person 671494 (http://data.snapdrgn.net/person/671494/); associated attestation dates: -0440; narrowest range -0440 (0y) -> 5th century BCE expanded +/-50y; confidence medium (<=60y window; rough floruit); source SNAP-DRGN data.snapdrgn.net retrieved 2026-10-04
snap:671495,person,Aulus Gellius,,SNAP-DRGN merged ancient person; sources: collection.britishmuseum.org,alive,-49,150,medium,SNAP-DRGN person 671495 (http://data.snapdrgn.net/person/671495/); associated attestation dates: 0100; narrowest range 0100 (0y) -> 1st century CE expanded +/-50y; confidence medium (<=60y window; rough floruit); source SNAP-DRGN data.snapdrgn.net retrieved 2026-10-04
snap:671496,person,Xi Shi 西施,,SNAP-DRGN merged ancient person; sources: collection.britishmuseum.org,alive,-649,-450,medium,SNAP-DRGN person 671496 (http://data.snapdrgn.net/person/671496/); associated attestation dates: -0506; narrowest range -0506 (0y) -> 6th century BCE expanded +/-50y; confidence medium (<=60y window; rough floruit); source SNAP-DRGN data.snapdrgn.net retrieved 2026-10-04
snap:671497,person,Sasturas,,SNAP-DRGN merged ancient person; sources: collection.britishmuseum.org,alive,-949,-750,medium,SNAP-DRGN person 671497 (http://data.snapdrgn.net/person/671497/); associated attestation dates: -0848; narrowest range -0848 (0y) -> 9th century BCE expanded +/-50y; confidence medium (<=60y window; rough floruit); source SNAP-DRGN data.snapdrgn.net retrieved 2026-10-04
snap:671498,person,Marcus Curtius,,SNAP-DRGN merged ancient person; sources: collection.britishmuseum.org,alive,-449,-250,medium,SNAP-DRGN person 671498 (http://data.snapdrgn.net/person/671498/); associated attestation dates: -0362; narrowest range -0362 (0y) -> 4th century BCE expanded +/-50y; confidence medium (<=60y window; rough floruit); source SNAP-DRGN data.snapdrgn.net retrieved 2026-10-04
snap:671499,person,Kong Yingda 孔穎達,,SNAP-DRGN merged ancient person; sources: collection.britishmuseum.org,alive,451,650,medium,SNAP-DRGN person 671499 (http://data.snapdrgn.net/person/671499/); associated attestation dates: 0574; narrowest range 0574 (0y) -> 6th century CE expanded +/-50y; confidence medium (<=60y window; rough floruit); source SNAP-DRGN data.snapdrgn.net retrieved 2026-10-04
snap:671500,person,Erasistratus,,SNAP-DRGN merged ancient person; sources: collection.britishmuseum.org,alive,-449,-250,medium,SNAP-DRGN person 671500 (http://data.snapdrgn.net/person/671500/); associated attestation dates: -0304; narrowest range -0304 (0y) -> 4th century BCE expanded +/-50y; confidence medium (<=60y window; rough floruit); source SNAP-DRGN data.snapdrgn.net retrieved 2026-10-04
snap:671501,person,Childebert IV (Childebert III); King of the Franks,,SNAP-DRGN merged ancient person; sources: collection.britishmuseum.org,alive,551,750,medium,SNAP-DRGN person 671501 (http://data.snapdrgn.net/person/671501/); associated attestation dates: 0678; narrowest range 0678 (0y) -> 7th century CE expanded +/-50y; confidence medium (<=60y window; rough floruit); source SNAP-DRGN data.snapdrgn.net retrieved 2026-10-04
snap:671502,person,Marcus Aurelius,,SNAP-DRGN merged ancient person; sources: collection.britishmuseum.org,alive,51,250,medium,SNAP-DRGN person 671502 (http://data.snapdrgn.net/person/671502/); associated attestation dates: 0121; narrowest range 0121 (0y) -> 2nd century CE expanded +/-50y; confidence medium (<=60y window; rough floruit); source SNAP-DRGN data.snapdrgn.net retrieved 2026-10-04
snap:671503,person,Valentinian I,,SNAP-DRGN merged ancient person; sources: collection.britishmuseum.org,alive,251,450,medium,SNAP-DRGN person 671503 (http://data.snapdrgn.net/person/671503/); associated attestation dates: 0321; narrowest range 0321 (0y) -> 4th century CE expanded +/-50y; confidence medium (<=60y window; rough floruit); source SNAP-DRGN data.snapdrgn.net retrieved 2026-10-04
snap:671504,person,The Little-Lion Class,,SNAP-DRGN merged ancient person; sources: collection.britishmuseum.org,alive,-649,-450,medium,SNAP-DRGN person 671504 (http://data.snapdrgn.net/person/671504/); associated attestation dates: -0540; narrowest range -0540 (0y) -> 6th century BCE expanded +/-50y; confidence medium (<=60y window; rough floruit); source SNAP-DRGN data.snapdrgn.net retrieved 2026-10-04
snap:671505,person,Gundomar,,SNAP-DRGN merged ancient person; sources: collection.britishmuseum.org,alive,451,650,medium,SNAP-DRGN person 671505 (http://data.snapdrgn.net/person/671505/); associated attestation dates: 0524; narrowest range 0524 (0y) -> 6th century CE expanded +/-50y; confidence medium (<=60y window; rough floruit); source SNAP-DRGN data.snapdrgn.net retrieved 2026-10-04
snap:671506,person,M Novius Justus,,SNAP-DRGN merged ancient person; sources: collection.britishmuseum.org,alive,51,250,medium,SNAP-DRGN person 671506 (http://data.snapdrgn.net/person/671506/); associated attestation dates: 0120; narrowest range 0120 (0y) -> 2nd century CE expanded +/-50y; confidence medium (<=60y window; rough floruit); source SNAP-DRGN data.snapdrgn.net retrieved 2026-10-04
snap:671507,person,Herakleides-Eukles,,SNAP-DRGN merged ancient person; sources: collection.britishmuseum.org,alive,-249,-50,medium,SNAP-DRGN person 671507 (http://data.snapdrgn.net/person/671507/); associated attestation dates: -0107; narrowest range -0107 (0y) -> 2nd century BCE expanded +/-50y; confidence medium (<=60y window; rough floruit); source SNAP-DRGN data.snapdrgn.net retrieved 2026-10-04
snap:671508,person,Maximian,,SNAP-DRGN merged ancient person; sources: collection.britishmuseum.org,alive,151,350,medium,SNAP-DRGN person 671508 (http://data.snapdrgn.net/person/671508/); associated attestation dates: 0250; narrowest range 0250 (0y) -> 3rd century CE expanded +/-50y; confidence medium (<=60y window; rough floruit); source SNAP-DRGN data.snapdrgn.net retrieved 2026-10-04
snap:671509,person,Tenji tenno (天智天皇),,SNAP-DRGN merged ancient person; sources: collection.britishmuseum.org,alive,551,750,medium,SNAP-DRGN person 671509 (http://data.snapdrgn.net/person/671509/); associated attestation dates: 0626; narrowest range 0626 (0y) -> 7th century CE expanded +/-50y; confidence medium (<=60y window; rough floruit); source SNAP-DRGN data.snapdrgn.net retrieved 2026-10-04
snap:671510,person,Maximinus II,,SNAP-DRGN merged ancient person; sources: collection.britishmuseum.org,alive,151,350,medium,SNAP-DRGN person 671510 (http://data.snapdrgn.net/person/671510/); associated attestation dates: 0270; narrowest range 0270 (0y) -> 3rd century CE expanded +/-50y; confidence medium (<=60y window; rough floruit); source SNAP-DRGN data.snapdrgn.net retrieved 2026-10-04
snap:671511,person,Pompey the Great,,SNAP-DRGN merged ancient person; sources: collection.britishmuseum.org,alive,-249,-50,medium,SNAP-DRGN person 671511 (http://data.snapdrgn.net/person/671511/); associated attestation dates: -0106; narrowest range -0106 (0y) -> 2nd century BCE expanded +/-50y; confidence medium (<=60y window; rough floruit); source SNAP-DRGN data.snapdrgn.net retrieved 2026-10-04
snap:671512,person,Emperor Charlemagne,,SNAP-DRGN merged ancient person; sources: collection.britishmuseum.org,alive,651,850,medium,SNAP-DRGN person 671512 (http://data.snapdrgn.net/person/671512/); associated attestation dates: 0742; narrowest range 0742 (0y) -> 8th century CE expanded +/-50y; confidence medium (<=60y window; rough floruit); source SNAP-DRGN data.snapdrgn.net retrieved 2026-10-04
snap:671513,person,Cui Youfu,,SNAP-DRGN merged ancient person; sources: collection.britishmuseum.org,alive,651,850,medium,SNAP-DRGN person 671513 (http://data.snapdrgn.net/person/671513/); associated attestation dates: 0721; narrowest range 0721 (0y) -> 8th century CE expanded +/-50y; confidence medium (<=60y window; rough floruit); source SNAP-DRGN data.snapdrgn.net retrieved 2026-10-04
snap:671514,person,Wake no Kiyomaro 和気清麿,,SNAP-DRGN merged ancient person; sources: collection.britishmuseum.org,alive,651,850,medium,SNAP-DRGN person 671514 (http://data.snapdrgn.net/person/671514/); associated attestation dates: 0733; narrowest range 0733 (0y) -> 8th century CE expanded +/-50y; confidence medium (<=60y window; rough floruit); source SNAP-DRGN data.snapdrgn.net retrieved 2026-10-04
snap:671516,person,St Faustinus,,SNAP-DRGN merged ancient person; sources: collection.britishmuseum.org,alive,-49,150,medium,SNAP-DRGN person 671516 (http://data.snapdrgn.net/person/671516/); associated attestation dates: 0002; narrowest range 0002 (0y) -> 1st century CE expanded +/-50y; confidence medium (<=60y window; rough floruit); source SNAP-DRGN data.snapdrgn.net retrieved 2026-10-04
snap:671517,person,Diophantos-Aischines,,SNAP-DRGN merged ancient person; sources: collection.britishmuseum.org,alive,-149,50,medium,SNAP-DRGN person 671517 (http://data.snapdrgn.net/person/671517/); associated attestation dates: -0074; narrowest range -0074 (0y) -> 1st century BCE expanded +/-50y; confidence medium (<=60y window; rough floruit); source SNAP-DRGN data.snapdrgn.net retrieved 2026-10-04
snap:671518,person,Mikion-Euryklei,,SNAP-DRGN merged ancient person; sources: collection.britishmuseum.org,alive,-249,-50,medium,SNAP-DRGN person 671518 (http://data.snapdrgn.net/person/671518/); associated attestation dates: -0124; narrowest range -0124 (0y) -> 2nd century BCE expanded +/-50y; confidence medium (<=60y window; rough floruit); source SNAP-DRGN data.snapdrgn.net retrieved 2026-10-04
snap:671519,person,Constantine the Great,,SNAP-DRGN merged ancient person; sources: collection.britishmuseum.org,alive,151,350,medium,SNAP-DRGN person 671519 (http://data.snapdrgn.net/person/671519/); associated attestation dates: 0274; narrowest range 0274 (0y) -> 3rd century CE expanded +/-50y; confidence medium (<=60y window; rough floruit); source SNAP-DRGN data.snapdrgn.net retrieved 2026-10-04
snap:671520,person,Fredegund; Queen of the Franks,,SNAP-DRGN merged ancient person; sources: collection.britishmuseum.org,alive,451,650,medium,SNAP-DRGN person 671520 (http://data.snapdrgn.net/person/671520/); associated attestation dates: 0545; narrowest range 0545 (0y) -> 6th century CE expanded +/-50y; confidence medium (<=60y window; rough floruit); source SNAP-DRGN data.snapdrgn.net retrieved 2026-10-04
snap:671521,person,Confucius 孔夫子,,SNAP-DRGN merged ancient person; sources: collection.britishmuseum.org,alive,451,650,medium,SNAP-DRGN person 671521 (http://data.snapdrgn.net/person/671521/); associated attestation dates: 0551; narrowest range 0551 (0y) -> 6th century CE expanded +/-50y; confidence medium (<=60y window; rough floruit); source SNAP-DRGN data.snapdrgn.net retrieved 2026-10-04
snap:671522,person,Antaios,,SNAP-DRGN merged ancient person; sources: collection.britishmuseum.org,alive,-249,-50,medium,SNAP-DRGN person 671522 (http://data.snapdrgn.net/person/671522/); associated attestation dates: -0125; narrowest range -0125 (0y) -> 2nd century BCE expanded +/-50y; confidence medium (<=60y window; rough floruit); source SNAP-DRGN data.snapdrgn.net retrieved 2026-10-04
snap:671523,person,Galerius,,SNAP-DRGN merged ancient person; sources: collection.britishmuseum.org,alive,151,350,medium,SNAP-DRGN person 671523 (http://data.snapdrgn.net/person/671523/); associated attestation dates: 0250; narrowest range 0250 (0y) -> 3rd century CE expanded +/-50y; confidence medium (<=60y window; rough floruit); source SNAP-DRGN data.snapdrgn.net retrieved 2026-10-04
snap:671524,person,Diadumenian,,SNAP-DRGN merged ancient person; sources: collection.britishmuseum.org,alive,151,350,medium,SNAP-DRGN person 671524 (http://data.snapdrgn.net/person/671524/); associated attestation dates: 0208; narrowest range 0208 (0y) -> 3rd century CE expanded +/-50y; confidence medium (<=60y window; rough floruit); source SNAP-DRGN data.snapdrgn.net retrieved 2026-10-04
snap:671525,person,Hasswin of Saxony,,SNAP-DRGN merged ancient person; sources: collection.britishmuseum.org,alive,651,850,medium,SNAP-DRGN person 671525 (http://data.snapdrgn.net/person/671525/); associated attestation dates: 0750; narrowest range 0750 (0y) -> 8th century CE expanded +/-50y; confidence medium (<=60y window; rough floruit); source SNAP-DRGN data.snapdrgn.net retrieved 2026-10-04
snap:671526,person,Chlodio,,SNAP-DRGN merged ancient person; sources: collection.britishmuseum.org,alive,251,450,medium,SNAP-DRGN person 671526 (http://data.snapdrgn.net/person/671526/); associated attestation dates: 0395; narrowest range 0395 (0y) -> 4th century CE expanded +/-50y; confidence medium (<=60y window; rough floruit); source SNAP-DRGN data.snapdrgn.net retrieved 2026-10-04
snap:671527,person,Jion Daishi (慈恩大師),,SNAP-DRGN merged ancient person; sources: collection.britishmuseum.org,alive,551,750,medium,SNAP-DRGN person 671527 (http://data.snapdrgn.net/person/671527/); associated attestation dates: 0632; narrowest range 0632 (0y) -> 7th century CE expanded +/-50y; confidence medium (<=60y window; rough floruit); source SNAP-DRGN data.snapdrgn.net retrieved 2026-10-04
snap:671528,person,St Floribert,,SNAP-DRGN merged ancient person; sources: collection.britishmuseum.org,alive,251,450,medium,SNAP-DRGN person 671528 (http://data.snapdrgn.net/person/671528/); associated attestation dates: 0400; narrowest range 0400 (0y) -> 4th century CE expanded +/-50y; confidence medium (<=60y window; rough floruit); source SNAP-DRGN data.snapdrgn.net retrieved 2026-10-04
snap:671529,person,Philostratus the Lemnian (the Elder),,SNAP-DRGN merged ancient person; sources: collection.britishmuseum.org,alive,51,250,medium,SNAP-DRGN person 671529 (http://data.snapdrgn.net/person/671529/); associated attestation dates: 0190; narrowest range 0190 (0y) -> 2nd century CE expanded +/-50y; confidence medium (<=60y window; rough floruit); source SNAP-DRGN data.snapdrgn.net retrieved 2026-10-04
snap:671530,person,Ptolemy II Philadelphos,,SNAP-DRGN merged ancient person; sources: collection.britishmuseum.org,alive,-449,-250,medium,SNAP-DRGN person 671530 (http://data.snapdrgn.net/person/671530/); associated attestation dates: -0309; narrowest range -0309 (0y) -> 4th century BCE expanded +/-50y; confidence medium (<=60y window; rough floruit); source SNAP-DRGN data.snapdrgn.net retrieved 2026-10-04
snap:671531,person,T Aelius Antoninus,,SNAP-DRGN merged ancient person; sources: collection.britishmuseum.org,alive,51,250,medium,SNAP-DRGN person 671531 (http://data.snapdrgn.net/person/671531/); associated attestation dates: 0152; narrowest range 0152 (0y) -> 2nd century CE expanded +/-50y; confidence medium (<=60y window; rough floruit); source SNAP-DRGN data.snapdrgn.net retrieved 2026-10-04
snap:671532,person,Claudius II Gothicus,,SNAP-DRGN merged ancient person; sources: collection.britishmuseum.org,alive,151,350,medium,SNAP-DRGN person 671532 (http://data.snapdrgn.net/person/671532/); associated attestation dates: 0214; narrowest range 0214 (0y) -> 3rd century CE expanded +/-50y; confidence medium (<=60y window; rough floruit); source SNAP-DRGN data.snapdrgn.net retrieved 2026-10-04
snap:671533,person,Attila the Hun,,SNAP-DRGN merged ancient person; sources: collection.britishmuseum.org,alive,351,550,medium,SNAP-DRGN person 671533 (http://data.snapdrgn.net/person/671533/); associated attestation dates: 0406; narrowest range 0406 (0y) -> 5th century CE expanded +/-50y; confidence medium (<=60y window; rough floruit); source SNAP-DRGN data.snapdrgn.net retrieved 2026-10-04
snap:671534,person,Tertullian,,SNAP-DRGN merged ancient person; sources: collection.britishmuseum.org,alive,51,250,medium,SNAP-DRGN person 671534 (http://data.snapdrgn.net/person/671534/); associated attestation dates: 0155; narrowest range 0155 (0y) -> 2nd century CE expanded +/-50y; confidence medium (<=60y window; rough floruit); source SNAP-DRGN data.snapdrgn.net retrieved 2026-10-04
snap:671535,person,St Guntram; King of the Franks,,SNAP-DRGN merged ancient person; sources: collection.britishmuseum.org,alive,451,650,medium,SNAP-DRGN person 671535 (http://data.snapdrgn.net/person/671535/); associated attestation dates: 0545; narrowest range 0545 (0y) -> 6th century CE expanded +/-50y; confidence medium (<=60y window; rough floruit); source SNAP-DRGN data.snapdrgn.net retrieved 2026-10-04
snap:671536,person,St Wendelin,,SNAP-DRGN merged ancient person; sources: collection.britishmuseum.org,alive,451,650,medium,SNAP-DRGN person 671536 (http://data.snapdrgn.net/person/671536/); associated attestation dates: 0554; narrowest range 0554 (0y) -> 6th century CE expanded +/-50y; confidence medium (<=60y window; rough floruit); source SNAP-DRGN data.snapdrgn.net retrieved 2026-10-04
snap:671537,person,Ktesi-Euma,,SNAP-DRGN merged ancient person; sources: collection.britishmuseum.org,alive,-249,-50,medium,SNAP-DRGN person 671537 (http://data.snapdrgn.net/person/671537/); associated attestation dates: -0139; narrowest range -0139 (0y) -> 2nd century BCE expanded +/-50y; confidence medium (<=60y window; rough floruit); source SNAP-DRGN data.snapdrgn.net retrieved 2026-10-04
snap:671538,person,Maximinus I Thrax,,SNAP-DRGN merged ancient person; sources: collection.britishmuseum.org,alive,51,250,medium,SNAP-DRGN person 671538 (http://data.snapdrgn.net/person/671538/); associated attestation dates: 0172; narrowest range 0172 (0y) -> 2nd century CE expanded +/-50y; confidence medium (<=60y window; rough floruit); source SNAP-DRGN data.snapdrgn.net retrieved 2026-10-04
snap:671540,person,Tullus Hostilius,,SNAP-DRGN merged ancient person; sources: collection.britishmuseum.org,alive,-749,-550,medium,SNAP-DRGN person 671540 (http://data.snapdrgn.net/person/671540/); associated attestation dates: -0699; narrowest range -0699 (0y) -> 7th century BCE expanded +/-50y; confidence medium (<=60y window; rough floruit); source SNAP-DRGN data.snapdrgn.net retrieved 2026-10-04
snap:671541,person,Disetus,,SNAP-DRGN merged ancient person; sources: collection.britishmuseum.org,alive,-49,150,medium,SNAP-DRGN person 671541 (http://data.snapdrgn.net/person/671541/); associated attestation dates: 0040; narrowest range 0040 (0y) -> 1st century CE expanded +/-50y; confidence medium (<=60y window; rough floruit); source SNAP-DRGN data.snapdrgn.net retrieved 2026-10-04
snap:671542,person,Lucius Caesar,,SNAP-DRGN merged ancient person; sources: collection.britishmuseum.org,alive,-149,50,medium,SNAP-DRGN person 671542 (http://data.snapdrgn.net/person/671542/); associated attestation dates: -0017; narrowest range -0017 (0y) -> 1st century BCE expanded +/-50y; confidence medium (<=60y window; rough floruit); source SNAP-DRGN data.snapdrgn.net retrieved 2026-10-04
snap:671543,person,Nero Julius Caesar Germanicus,,SNAP-DRGN merged ancient person; sources: collection.britishmuseum.org,alive,-49,150,medium,SNAP-DRGN person 671543 (http://data.snapdrgn.net/person/671543/); associated attestation dates: 0006; narrowest range 0006 (0y) -> 1st century CE expanded +/-50y; confidence medium (<=60y window; rough floruit); source SNAP-DRGN data.snapdrgn.net retrieved 2026-10-04
snap:671544,person,Osorkon I,,SNAP-DRGN merged ancient person; sources: collection.britishmuseum.org,alive,-1049,-850,medium,SNAP-DRGN person 671544 (http://data.snapdrgn.net/person/671544/); associated attestation dates: -0924; narrowest range -0924 (0y) -> 10th century BCE expanded +/-50y; confidence medium (<=60y window; rough floruit); source SNAP-DRGN data.snapdrgn.net retrieved 2026-10-04
snap:671545,person,Diokles-Diodorus,,SNAP-DRGN merged ancient person; sources: collection.britishmuseum.org,alive,-149,50,medium,SNAP-DRGN person 671545 (http://data.snapdrgn.net/person/671545/); associated attestation dates: -0056; narrowest range -0056 (0y) -> 1st century BCE expanded +/-50y; confidence medium (<=60y window; rough floruit); source SNAP-DRGN data.snapdrgn.net retrieved 2026-10-04
snap:671546,person,St Agabius,,SNAP-DRGN merged ancient person; sources: collection.britishmuseum.org,alive,351,550,medium,SNAP-DRGN person 671546 (http://data.snapdrgn.net/person/671546/); associated attestation dates: 0417; narrowest range 0417 (0y) -> 5th century CE expanded +/-50y; confidence medium (<=60y window; rough floruit); source SNAP-DRGN data.snapdrgn.net retrieved 2026-10-04
snap:671547,person,St Juthwara,,SNAP-DRGN merged ancient person; sources: collection.britishmuseum.org,alive,351,550,medium,SNAP-DRGN person 671547 (http://data.snapdrgn.net/person/671547/); associated attestation dates: 0500; narrowest range 0500 (0y) -> 5th century CE expanded +/-50y; confidence medium (<=60y window; rough floruit); source SNAP-DRGN data.snapdrgn.net retrieved 2026-10-04
snap:671548,person,St Sennen,,SNAP-DRGN merged ancient person; sources: collection.britishmuseum.org,alive,-49,150,medium,SNAP-DRGN person 671548 (http://data.snapdrgn.net/person/671548/); associated attestation dates: 0003; narrowest range 0003 (0y) -> 1st century CE expanded +/-50y; confidence medium (<=60y window; rough floruit); source SNAP-DRGN data.snapdrgn.net retrieved 2026-10-04
snap:671549,person,Philip V; Macedon,,SNAP-DRGN merged ancient person; sources: collection.britishmuseum.org,alive,-349,-150,medium,SNAP-DRGN person 671549 (http://data.snapdrgn.net/person/671549/); associated attestation dates: -0238; narrowest range -0238 (0y) -> 3rd century BCE expanded +/-50y; confidence medium (<=60y window; rough floruit); source SNAP-DRGN data.snapdrgn.net retrieved 2026-10-04
snap:671550,person,Painter of the Würzburg Chalices,,SNAP-DRGN merged ancient person; sources: collection.britishmuseum.org,alive,-749,-550,medium,SNAP-DRGN person 671550 (http://data.snapdrgn.net/person/671550/); associated attestation dates: -0610; narrowest range -0610 (0y) -> 7th century BCE expanded +/-50y; confidence medium (<=60y window; rough floruit); source SNAP-DRGN data.snapdrgn.net retrieved 2026-10-04
snap:671551,person,St Seconda,,SNAP-DRGN merged ancient person; sources: collection.britishmuseum.org,alive,-49,150,medium,SNAP-DRGN person 671551 (http://data.snapdrgn.net/person/671551/); associated attestation dates: 0003; narrowest range 0003 (0y) -> 1st century CE expanded +/-50y; confidence medium (<=60y window; rough floruit); source SNAP-DRGN data.snapdrgn.net retrieved 2026-10-04
snap:671552,person,Herennius,,SNAP-DRGN merged ancient person; sources: collection.britishmuseum.org,alive,-149,50,medium,SNAP-DRGN person 671552 (http://data.snapdrgn.net/person/671552/); associated attestation dates: -0050; narrowest range -0050 (0y) -> 1st century BCE expanded +/-50y; confidence medium (<=60y window; rough floruit); source SNAP-DRGN data.snapdrgn.net retrieved 2026-10-04
snap:671553,person,Sheshonq I,,SNAP-DRGN merged ancient person; sources: collection.britishmuseum.org,alive,-1049,-850,medium,SNAP-DRGN person 671553 (http://data.snapdrgn.net/person/671553/); associated attestation dates: -0945; narrowest range -0945 (0y) -> 10th century BCE expanded +/-50y; confidence medium (<=60y window; rough floruit); source SNAP-DRGN data.snapdrgn.net retrieved 2026-10-04
snap:671554,person,Cleophas,,SNAP-DRGN merged ancient person; sources: collection.britishmuseum.org,alive,-49,150,medium,SNAP-DRGN person 671554 (http://data.snapdrgn.net/person/671554/); associated attestation dates: 0001; narrowest range 0001 (0y) -> 1st century CE expanded +/-50y; confidence medium (<=60y window; rough floruit); source SNAP-DRGN data.snapdrgn.net retrieved 2026-10-04
snap:671555,person,Gaius Marius,,SNAP-DRGN merged ancient person; sources: collection.britishmuseum.org,alive,-249,-50,medium,SNAP-DRGN person 671555 (http://data.snapdrgn.net/person/671555/); associated attestation dates: -0157; narrowest range -0157 (0y) -> 2nd century BCE expanded +/-50y; confidence medium (<=60y window; rough floruit); source SNAP-DRGN data.snapdrgn.net retrieved 2026-10-04
snap:671556,person,Philopoemen,,SNAP-DRGN merged ancient person; sources: collection.britishmuseum.org,alive,-349,-150,medium,SNAP-DRGN person 671556 (http://data.snapdrgn.net/person/671556/); associated attestation dates: -0252; narrowest range -0252 (0y) -> 3rd century BCE expanded +/-50y; confidence medium (<=60y window; rough floruit); source SNAP-DRGN data.snapdrgn.net retrieved 2026-10-04
snap:671557,person,St Oswald,,SNAP-DRGN merged ancient person; sources: collection.britishmuseum.org,alive,551,750,medium,SNAP-DRGN person 671557 (http://data.snapdrgn.net/person/671557/); associated attestation dates: 0605; narrowest range 0605 (0y) -> 7th century CE expanded +/-50y; confidence medium (<=60y window; rough floruit); source SNAP-DRGN data.snapdrgn.net retrieved 2026-10-04
snap:671558,person,Qin Shi Huangdi 秦始皇帝,,SNAP-DRGN merged ancient person; sources: collection.britishmuseum.org,alive,-349,-150,medium,SNAP-DRGN person 671558 (http://data.snapdrgn.net/person/671558/); associated attestation dates: -0259; narrowest range -0259 (0y) -> 3rd century BCE expanded +/-50y; confidence medium (<=60y window; rough floruit); source SNAP-DRGN data.snapdrgn.net retrieved 2026-10-04
snap:671559,person,Eumenos,,SNAP-DRGN merged ancient person; sources: collection.britishmuseum.org,alive,-449,-250,medium,SNAP-DRGN person 671559 (http://data.snapdrgn.net/person/671559/); associated attestation dates: -0399; narrowest range -0399 (0y) -> 4th century BCE expanded +/-50y; confidence medium (<=60y window; rough floruit); source SNAP-DRGN data.snapdrgn.net retrieved 2026-10-04
snap:671560,person,Charinautes-Aristeas,,SNAP-DRGN merged ancient person; sources: collection.britishmuseum.org,alive,-249,-50,medium,SNAP-DRGN person 671560 (http://data.snapdrgn.net/person/671560/); associated attestation dates: -0112; narrowest range -0112 (0y) -> 2nd century BCE expanded +/-50y; confidence medium (<=60y window; rough floruit); source SNAP-DRGN data.snapdrgn.net retrieved 2026-10-04
snap:671561,person,Aphrodisi-Dioge,,SNAP-DRGN merged ancient person; sources: collection.britishmuseum.org,alive,-249,-50,medium,SNAP-DRGN person 671561 (http://data.snapdrgn.net/person/671561/); associated attestation dates: -0120; narrowest range -0120 (0y) -> 2nd century BCE expanded +/-50y; confidence medium (<=60y window; rough floruit); source SNAP-DRGN data.snapdrgn.net retrieved 2026-10-04
snap:671562,person,Philip (antipope),,SNAP-DRGN merged ancient person; sources: collection.britishmuseum.org,alive,551,750,medium,SNAP-DRGN person 671562 (http://data.snapdrgn.net/person/671562/); associated attestation dates: 0700; narrowest range 0700 (0y) -> 7th century CE expanded +/-50y; confidence medium (<=60y window; rough floruit); source SNAP-DRGN data.snapdrgn.net retrieved 2026-10-04
snap:671563,person,Huang Shigong 黄石公,,SNAP-DRGN merged ancient person; sources: collection.britishmuseum.org,alive,-249,-50,medium,SNAP-DRGN person 671563 (http://data.snapdrgn.net/person/671563/); associated attestation dates: -0199; narrowest range -0199 (0y) -> 2nd century BCE expanded +/-50y; confidence medium (<=60y window; rough floruit); source SNAP-DRGN data.snapdrgn.net retrieved 2026-10-04
snap:671564,person,Aristides,,SNAP-DRGN merged ancient person; sources: collection.britishmuseum.org,alive,-49,150,medium,SNAP-DRGN person 671564 (http://data.snapdrgn.net/person/671564/); associated attestation dates: 0100; narrowest range 0100 (0y) -> 1st century CE expanded +/-50y; confidence medium (<=60y window; rough floruit); source SNAP-DRGN data.snapdrgn.net retrieved 2026-10-04
snap:671565,person,Gaius Caesar,,SNAP-DRGN merged ancient person; sources: collection.britishmuseum.org,alive,-149,50,medium,SNAP-DRGN person 671565 (http://data.snapdrgn.net/person/671565/); associated attestation dates: -0020; narrowest range -0020 (0y) -> 1st century BCE expanded +/-50y; confidence medium (<=60y window; rough floruit); source SNAP-DRGN data.snapdrgn.net retrieved 2026-10-04
snap:671566,person,Zeng Can 曾参,,SNAP-DRGN merged ancient person; sources: collection.britishmuseum.org,alive,-649,-450,medium,SNAP-DRGN person 671566 (http://data.snapdrgn.net/person/671566/); associated attestation dates: -0506; narrowest range -0506 (0y) -> 6th century BCE expanded +/-50y; confidence medium (<=60y window; rough floruit); source SNAP-DRGN data.snapdrgn.net retrieved 2026-10-04
snap:671567,person,Theagenes of Rhegium,,SNAP-DRGN merged ancient person; sources: collection.britishmuseum.org,alive,-49,150,medium,SNAP-DRGN person 671567 (http://data.snapdrgn.net/person/671567/); associated attestation dates: 0006; narrowest range 0006 (0y) -> 1st century CE expanded +/-50y; confidence medium (<=60y window; rough floruit); source SNAP-DRGN data.snapdrgn.net retrieved 2026-10-04
snap:671568,person,Marcus Claudius Marcellus,,SNAP-DRGN merged ancient person; sources: collection.britishmuseum.org,alive,-149,50,medium,SNAP-DRGN person 671568 (http://data.snapdrgn.net/person/671568/); associated attestation dates: -0042; narrowest range -0042 (0y) -> 1st century BCE expanded +/-50y; confidence medium (<=60y window; rough floruit); source SNAP-DRGN data.snapdrgn.net retrieved 2026-10-04
snap:671569,person,St George,,SNAP-DRGN merged ancient person; sources: collection.britishmuseum.org,alive,51,250,medium,SNAP-DRGN person 671569 (http://data.snapdrgn.net/person/671569/); associated attestation dates: 0200; narrowest range 0200 (0y) -> 2nd century CE expanded +/-50y; confidence medium (<=60y window; rough floruit); source SNAP-DRGN data.snapdrgn.net retrieved 2026-10-04
snap:671570,person,St Peregrinus of Auxerre,,SNAP-DRGN merged ancient person; sources: collection.britishmuseum.org,alive,-49,150,medium,SNAP-DRGN person 671570 (http://data.snapdrgn.net/person/671570/); associated attestation dates: 0003; narrowest range 0003 (0y) -> 1st century CE expanded +/-50y; confidence medium (<=60y window; rough floruit); source SNAP-DRGN data.snapdrgn.net retrieved 2026-10-04
snap:671571,person,St Onuphrius,,SNAP-DRGN merged ancient person; sources: collection.britishmuseum.org,alive,151,350,medium,SNAP-DRGN person 671571 (http://data.snapdrgn.net/person/671571/); associated attestation dates: 0300; narrowest range 0300 (0y) -> 3rd century CE expanded +/-50y; confidence medium (<=60y window; rough floruit); source SNAP-DRGN data.snapdrgn.net retrieved 2026-10-04
snap:671572,person,Shotoku tenno 稱德天皇,,SNAP-DRGN merged ancient person; sources: collection.britishmuseum.org,alive,651,850,medium,SNAP-DRGN person 671572 (http://data.snapdrgn.net/person/671572/); associated attestation dates: 0733; narrowest range 0733 (0y) -> 8th century CE expanded +/-50y; confidence medium (<=60y window; rough floruit); source SNAP-DRGN data.snapdrgn.net retrieved 2026-10-04
snap:671573,person,St Eutropius of Saintes,,SNAP-DRGN merged ancient person; sources: collection.britishmuseum.org,alive,-49,150,medium,SNAP-DRGN person 671573 (http://data.snapdrgn.net/person/671573/); associated attestation dates: 0003; narrowest range 0003 (0y) -> 1st century CE expanded +/-50y; confidence medium (<=60y window; rough floruit); source SNAP-DRGN data.snapdrgn.net retrieved 2026-10-04
snap:671574,person,Shan Dao 善導,,SNAP-DRGN merged ancient person; sources: collection.britishmuseum.org,alive,551,750,medium,SNAP-DRGN person 671574 (http://data.snapdrgn.net/person/671574/); associated attestation dates: 0613; narrowest range 0613 (0y) -> 7th century CE expanded +/-50y; confidence medium (<=60y window; rough floruit); source SNAP-DRGN data.snapdrgn.net retrieved 2026-10-04
snap:671575,person,Damon-Sosikrates,,SNAP-DRGN merged ancient person; sources: collection.britishmuseum.org,alive,-249,-50,medium,SNAP-DRGN person 671575 (http://data.snapdrgn.net/person/671575/); associated attestation dates: -0109; narrowest range -0109 (0y) -> 2nd century BCE expanded +/-50y; confidence medium (<=60y window; rough floruit); source SNAP-DRGN data.snapdrgn.net retrieved 2026-10-04
snap:671576,person,Te Whiti o Rongomai III,,SNAP-DRGN merged ancient person; sources: collection.britishmuseum.org,alive,-49,150,medium,SNAP-DRGN person 671576 (http://data.snapdrgn.net/person/671576/); associated attestation dates: 0001; narrowest range 0001 (0y) -> 1st century CE expanded +/-50y; confidence medium (<=60y window; rough floruit); source SNAP-DRGN data.snapdrgn.net retrieved 2026-10-04
snap:671577,person,Amenhotep III,,SNAP-DRGN merged ancient person; sources: collection.britishmuseum.org,alive,-1449,-1250,medium,SNAP-DRGN person 671577 (http://data.snapdrgn.net/person/671577/); associated attestation dates: -1390; narrowest range -1390 (0y) -> 14th century BCE expanded +/-50y; confidence medium (<=60y window; rough floruit); source SNAP-DRGN data.snapdrgn.net retrieved 2026-10-04
snap:671578,person,Jingu Kogo 神功皇后,,SNAP-DRGN merged ancient person; sources: collection.britishmuseum.org,alive,51,250,medium,SNAP-DRGN person 671578 (http://data.snapdrgn.net/person/671578/); associated attestation dates: 0170; narrowest range 0170 (0y) -> 2nd century CE expanded +/-50y; confidence medium (<=60y window; rough floruit); source SNAP-DRGN data.snapdrgn.net retrieved 2026-10-04
snap:671579,person,House of Constantine,,SNAP-DRGN merged ancient person; sources: collection.britishmuseum.org,alive,251,450,medium,SNAP-DRGN person 671579 (http://data.snapdrgn.net/person/671579/); associated attestation dates: 0306; narrowest range 0306 (0y) -> 4th century CE expanded +/-50y; confidence medium (<=60y window; rough floruit); source SNAP-DRGN data.snapdrgn.net retrieved 2026-10-04
snap:671580,person,Justinian of Ramsey Island,,SNAP-DRGN merged ancient person; sources: collection.britishmuseum.org,alive,351,550,medium,SNAP-DRGN person 671580 (http://data.snapdrgn.net/person/671580/); associated attestation dates: 0500; narrowest range 0500 (0y) -> 5th century CE expanded +/-50y; confidence medium (<=60y window; rough floruit); source SNAP-DRGN data.snapdrgn.net retrieved 2026-10-04
snap:671581,person,En no Gyoja (役行者),,SNAP-DRGN merged ancient person; sources: collection.britishmuseum.org,alive,551,750,medium,SNAP-DRGN person 671581 (http://data.snapdrgn.net/person/671581/); associated attestation dates: 0634; narrowest range 0634 (0y) -> 7th century CE expanded +/-50y; confidence medium (<=60y window; rough floruit); source SNAP-DRGN data.snapdrgn.net retrieved 2026-10-04
snap:671582,person,Claudia Antonia,,SNAP-DRGN merged ancient person; sources: collection.britishmuseum.org,alive,-49,150,medium,SNAP-DRGN person 671582 (http://data.snapdrgn.net/person/671582/); associated attestation dates: 0027; narrowest range 0027 (0y) -> 1st century CE expanded +/-50y; confidence medium (<=60y window; rough floruit); source SNAP-DRGN data.snapdrgn.net retrieved 2026-10-04
snap:671583,person,St Ethelbert,,SNAP-DRGN merged ancient person; sources: collection.britishmuseum.org,alive,451,650,medium,SNAP-DRGN person 671583 (http://data.snapdrgn.net/person/671583/); associated attestation dates: 0552; narrowest range 0552 (0y) -> 6th century CE expanded +/-50y; confidence medium (<=60y window; rough floruit); source SNAP-DRGN data.snapdrgn.net retrieved 2026-10-04
snap:671584,person,Clovis II; King of Neustria and Burgundy,,SNAP-DRGN merged ancient person; sources: collection.britishmuseum.org,alive,551,750,medium,SNAP-DRGN person 671584 (http://data.snapdrgn.net/person/671584/); associated attestation dates: 0637; narrowest range 0637 (0y) -> 7th century CE expanded +/-50y; confidence medium (<=60y window; rough floruit); source SNAP-DRGN data.snapdrgn.net retrieved 2026-10-04
snap:671585,person,St Alexis of Rome,,SNAP-DRGN merged ancient person; sources: collection.britishmuseum.org,alive,251,450,medium,SNAP-DRGN person 671585 (http://data.snapdrgn.net/person/671585/); associated attestation dates: 0400; narrowest range 0400 (0y) -> 4th century CE expanded +/-50y; confidence medium (<=60y window; rough floruit); source SNAP-DRGN data.snapdrgn.net retrieved 2026-10-04
snap:671586,person,Ptolemy I Soter I,,SNAP-DRGN merged ancient person; sources: collection.britishmuseum.org,alive,-449,-250,medium,SNAP-DRGN person 671586 (http://data.snapdrgn.net/person/671586/); associated attestation dates: -0305; narrowest range -0305 (0y) -> 4th century BCE expanded +/-50y; confidence medium (<=60y window; rough floruit); source SNAP-DRGN data.snapdrgn.net retrieved 2026-10-04
snap:671588,person,William Ferguson Beatson,,SNAP-DRGN merged ancient person; sources: collection.britishmuseum.org,alive,-49,150,medium,SNAP-DRGN person 671588 (http://data.snapdrgn.net/person/671588/); associated attestation dates: 0001; narrowest range 0001 (0y) -> 1st century CE expanded +/-50y; confidence medium (<=60y window; rough floruit); source SNAP-DRGN data.snapdrgn.net retrieved 2026-10-04
snap:671589,person,Hippolytus (St Hippolytus of Rome; antipope),,SNAP-DRGN merged ancient person; sources: collection.britishmuseum.org,alive,51,250,medium,SNAP-DRGN person 671589 (http://data.snapdrgn.net/person/671589/); associated attestation dates: 0170; narrowest range 0170 (0y) -> 2nd century CE expanded +/-50y; confidence medium (<=60y window; rough floruit); source SNAP-DRGN data.snapdrgn.net retrieved 2026-10-04
snap:671590,person,St Guilhem-le-Desert,,SNAP-DRGN merged ancient person; sources: collection.britishmuseum.org,alive,651,850,medium,SNAP-DRGN person 671590 (http://data.snapdrgn.net/person/671590/); associated attestation dates: 0755; narrowest range 0755 (0y) -> 8th century CE expanded +/-50y; confidence medium (<=60y window; rough floruit); source SNAP-DRGN data.snapdrgn.net retrieved 2026-10-04
snap:671591,person,Wang Xizhi 王義之,,SNAP-DRGN merged ancient person; sources: collection.britishmuseum.org,alive,251,450,medium,SNAP-DRGN person 671591 (http://data.snapdrgn.net/person/671591/); associated attestation dates: 0303; narrowest range 0303 (0y) -> 4th century CE expanded +/-50y; confidence medium (<=60y window; rough floruit); source SNAP-DRGN data.snapdrgn.net retrieved 2026-10-04
snap:671592,person,Psamtek I,,SNAP-DRGN merged ancient person; sources: collection.britishmuseum.org,alive,-749,-550,medium,SNAP-DRGN person 671592 (http://data.snapdrgn.net/person/671592/); associated attestation dates: -0664; narrowest range -0664 (0y) -> 7th century BCE expanded +/-50y; confidence medium (<=60y window; rough floruit); source SNAP-DRGN data.snapdrgn.net retrieved 2026-10-04
snap:671594,person,Augustus (Octavian),,SNAP-DRGN merged ancient person; sources: collection.britishmuseum.org,alive,-149,50,medium,SNAP-DRGN person 671594 (http://data.snapdrgn.net/person/671594/); associated attestation dates: -0063; narrowest range -0063 (0y) -> 1st century BCE expanded +/-50y; confidence medium (<=60y window; rough floruit); source SNAP-DRGN data.snapdrgn.net retrieved 2026-10-04
snap:671595,person,Pu Jian 普建,,SNAP-DRGN merged ancient person; sources: collection.britishmuseum.org,alive,351,550,medium,SNAP-DRGN person 671595 (http://data.snapdrgn.net/person/671595/); associated attestation dates: 0500; narrowest range 0500 (0y) -> 5th century CE expanded +/-50y; confidence medium (<=60y window; rough floruit); source SNAP-DRGN data.snapdrgn.net retrieved 2026-10-04
snap:671596,person,Commodus,,SNAP-DRGN merged ancient person; sources: collection.britishmuseum.org,alive,51,250,medium,SNAP-DRGN person 671596 (http://data.snapdrgn.net/person/671596/); associated attestation dates: 0161; narrowest range 0161 (0y) -> 2nd century CE expanded +/-50y; confidence medium (<=60y window; rough floruit); source SNAP-DRGN data.snapdrgn.net retrieved 2026-10-04
snap:671597,person,Tukulti-Ninurta I,,SNAP-DRGN merged ancient person; sources: collection.britishmuseum.org,alive,-1349,-1150,medium,SNAP-DRGN person 671597 (http://data.snapdrgn.net/person/671597/); associated attestation dates: -1243; narrowest range -1243 (0y) -> 13th century BCE expanded +/-50y; confidence medium (<=60y window; rough floruit); source SNAP-DRGN data.snapdrgn.net retrieved 2026-10-04
snap:671598,person,Marcus Antonius Exochus,,SNAP-DRGN merged ancient person; sources: collection.britishmuseum.org,alive,51,250,medium,SNAP-DRGN person 671598 (http://data.snapdrgn.net/person/671598/); associated attestation dates: 0106; narrowest range 0106 (0y) -> 2nd century CE expanded +/-50y; confidence medium (<=60y window; rough floruit); source SNAP-DRGN data.snapdrgn.net retrieved 2026-10-04
snap:671599,person,Tetisheri,,SNAP-DRGN merged ancient person; sources: collection.britishmuseum.org,alive,-1649,-1450,medium,SNAP-DRGN person 671599 (http://data.snapdrgn.net/person/671599/); associated attestation dates: -1590; narrowest range -1590 (0y) -> 16th century BCE expanded +/-50y; confidence medium (<=60y window; rough floruit); source SNAP-DRGN data.snapdrgn.net retrieved 2026-10-04
snap:671600,person,USA Card,,SNAP-DRGN merged ancient person; sources: collection.britishmuseum.org,alive,-49,150,medium,SNAP-DRGN person 671600 (http://data.snapdrgn.net/person/671600/); associated attestation dates: 0020; narrowest range 0020 (0y) -> 1st century CE expanded +/-50y; confidence medium (<=60y window; rough floruit); source SNAP-DRGN data.snapdrgn.net retrieved 2026-10-04
snap:671601,person,St Apollinaris,,SNAP-DRGN merged ancient person; sources: collection.britishmuseum.org,alive,-49,150,medium,SNAP-DRGN person 671601 (http://data.snapdrgn.net/person/671601/); associated attestation dates: 0001; narrowest range 0001 (0y) -> 1st century CE expanded +/-50y; confidence medium (<=60y window; rough floruit); source SNAP-DRGN data.snapdrgn.net retrieved 2026-10-04
snap:671602,person,Gordian III,,SNAP-DRGN merged ancient person; sources: collection.britishmuseum.org,alive,151,350,medium,SNAP-DRGN person 671602 (http://data.snapdrgn.net/person/671602/); associated attestation dates: 0225; narrowest range 0225 (0y) -> 3rd century CE expanded +/-50y; confidence medium (<=60y window; rough floruit); source SNAP-DRGN data.snapdrgn.net retrieved 2026-10-04
snap:671603,person,Claudius I,,SNAP-DRGN merged ancient person; sources: collection.britishmuseum.org,alive,-149,50,medium,SNAP-DRGN person 671603 (http://data.snapdrgn.net/person/671603/); associated attestation dates: -0010; narrowest range -0010 (0y) -> 1st century BCE expanded +/-50y; confidence medium (<=60y window; rough floruit); source SNAP-DRGN data.snapdrgn.net retrieved 2026-10-04
snap:671604,person,Lucius Verus,,SNAP-DRGN merged ancient person; sources: collection.britishmuseum.org,alive,51,250,medium,SNAP-DRGN person 671604 (http://data.snapdrgn.net/person/671604/); associated attestation dates: 0130; narrowest range 0130 (0y) -> 2nd century CE expanded +/-50y; confidence medium (<=60y window; rough floruit); source SNAP-DRGN data.snapdrgn.net retrieved 2026-10-04
snap:671605,person,Niketes-Dionysios,,SNAP-DRGN merged ancient person; sources: collection.britishmuseum.org,alive,-149,50,medium,SNAP-DRGN person 671605 (http://data.snapdrgn.net/person/671605/); associated attestation dates: -0098; narrowest range -0098 (0y) -> 1st century BCE expanded +/-50y; confidence medium (<=60y window; rough floruit); source SNAP-DRGN data.snapdrgn.net retrieved 2026-10-04
snap:671606,person,Wu Daozi 吳道子,,SNAP-DRGN merged ancient person; sources: collection.britishmuseum.org,alive,551,750,medium,SNAP-DRGN person 671606 (http://data.snapdrgn.net/person/671606/); associated attestation dates: 0680; narrowest range 0680 (0y) -> 7th century CE expanded +/-50y; confidence medium (<=60y window; rough floruit); source SNAP-DRGN data.snapdrgn.net retrieved 2026-10-04
snap:671607,person,Kamanis,,SNAP-DRGN merged ancient person; sources: collection.britishmuseum.org,alive,-849,-650,medium,SNAP-DRGN person 671607 (http://data.snapdrgn.net/person/671607/); associated attestation dates: -0775; narrowest range -0775 (0y) -> 8th century BCE expanded +/-50y; confidence medium (<=60y window; rough floruit); source SNAP-DRGN data.snapdrgn.net retrieved 2026-10-04
snap:671608,person,Kamnaskires III,,SNAP-DRGN merged ancient person; sources: collection.britishmuseum.org,alive,-149,50,medium,SNAP-DRGN person 671608 (http://data.snapdrgn.net/person/671608/); associated attestation dates: -0082; narrowest range -0082 (0y) -> 1st century BCE expanded +/-50y; confidence medium (<=60y window; rough floruit); source SNAP-DRGN data.snapdrgn.net retrieved 2026-10-04
snap:671609,person,Clotaire I; King of the Franks,,SNAP-DRGN merged ancient person; sources: collection.britishmuseum.org,alive,351,550,medium,SNAP-DRGN person 671609 (http://data.snapdrgn.net/person/671609/); associated attestation dates: 0493; narrowest range 0493 (0y) -> 5th century CE expanded +/-50y; confidence medium (<=60y window; rough floruit); source SNAP-DRGN data.snapdrgn.net retrieved 2026-10-04
snap:671610,person,Padibast I,,SNAP-DRGN merged ancient person; sources: collection.britishmuseum.org,alive,-949,-750,medium,SNAP-DRGN person 671610 (http://data.snapdrgn.net/person/671610/); associated attestation dates: -0850; narrowest range -0850 (0y) -> 9th century BCE expanded +/-50y; confidence medium (<=60y window; rough floruit); source SNAP-DRGN data.snapdrgn.net retrieved 2026-10-04
snap:671611,person,Zilu (子路),,SNAP-DRGN merged ancient person; sources: collection.britishmuseum.org,alive,-649,-450,medium,SNAP-DRGN person 671611 (http://data.snapdrgn.net/person/671611/); associated attestation dates: -0543; narrowest range -0543 (0y) -> 6th century BCE expanded +/-50y; confidence medium (<=60y window; rough floruit); source SNAP-DRGN data.snapdrgn.net retrieved 2026-10-04
snap:671612,person,St Finnian of Moville,,SNAP-DRGN merged ancient person; sources: collection.britishmuseum.org,alive,351,550,medium,SNAP-DRGN person 671612 (http://data.snapdrgn.net/person/671612/); associated attestation dates: 0495; narrowest range 0495 (0y) -> 5th century CE expanded +/-50y; confidence medium (<=60y window; rough floruit); source SNAP-DRGN data.snapdrgn.net retrieved 2026-10-04
snap:671613,person,Lysippos,,SNAP-DRGN merged ancient person; sources: collection.britishmuseum.org,alive,-449,-250,medium,SNAP-DRGN person 671613 (http://data.snapdrgn.net/person/671613/); associated attestation dates: -0350; narrowest range -0350 (0y) -> 4th century BCE expanded +/-50y; confidence medium (<=60y window; rough floruit); source SNAP-DRGN data.snapdrgn.net retrieved 2026-10-04
snap:671614,person,The Running Man Painter,,SNAP-DRGN merged ancient person; sources: collection.britishmuseum.org,alive,-649,-450,medium,SNAP-DRGN person 671614 (http://data.snapdrgn.net/person/671614/); associated attestation dates: -0550; narrowest range -0550 (0y) -> 6th century BCE expanded +/-50y; confidence medium (<=60y window; rough floruit); source SNAP-DRGN data.snapdrgn.net retrieved 2026-10-04
snap:671615,person,Arbaces,,SNAP-DRGN merged ancient person; sources: collection.britishmuseum.org,alive,-949,-750,medium,SNAP-DRGN person 671615 (http://data.snapdrgn.net/person/671615/); associated attestation dates: -0830; narrowest range -0830 (0y) -> 9th century BCE expanded +/-50y; confidence medium (<=60y window; rough floruit); source SNAP-DRGN data.snapdrgn.net retrieved 2026-10-04
snap:671616,person,St Eustochium,,SNAP-DRGN merged ancient person; sources: collection.britishmuseum.org,alive,251,450,medium,SNAP-DRGN person 671616 (http://data.snapdrgn.net/person/671616/); associated attestation dates: 0368; narrowest range 0368 (0y) -> 4th century CE expanded +/-50y; confidence medium (<=60y window; rough floruit); source SNAP-DRGN data.snapdrgn.net retrieved 2026-10-04
snap:671617,person,Archaios,,SNAP-DRGN merged ancient person; sources: collection.britishmuseum.org,alive,-649,-450,medium,SNAP-DRGN person 671617 (http://data.snapdrgn.net/person/671617/); associated attestation dates: -0600; narrowest range -0600 (0y) -> 6th century BCE expanded +/-50y; confidence medium (<=60y window; rough floruit); source SNAP-DRGN data.snapdrgn.net retrieved 2026-10-04
snap:671618,person,Euryklei-Ariara,,SNAP-DRGN merged ancient person; sources: collection.britishmuseum.org,alive,-249,-50,medium,SNAP-DRGN person 671618 (http://data.snapdrgn.net/person/671618/); associated attestation dates: -0122; narrowest range -0122 (0y) -> 2nd century BCE expanded +/-50y; confidence medium (<=60y window; rough floruit); source SNAP-DRGN data.snapdrgn.net retrieved 2026-10-04
snap:671619,person,St Wandrille,,SNAP-DRGN merged ancient person; sources: collection.britishmuseum.org,alive,451,650,medium,SNAP-DRGN person 671619 (http://data.snapdrgn.net/person/671619/); associated attestation dates: 0600; narrowest range 0600 (0y) -> 6th century CE expanded +/-50y; confidence medium (<=60y window; rough floruit); source SNAP-DRGN data.snapdrgn.net retrieved 2026-10-04
snap:671620,person,St Willibrord; Archbishop of Utrecht,,SNAP-DRGN merged ancient person; sources: collection.britishmuseum.org,alive,551,750,medium,SNAP-DRGN person 671620 (http://data.snapdrgn.net/person/671620/); associated attestation dates: 0658; narrowest range 0658 (0y) -> 7th century CE expanded +/-50y; confidence medium (<=60y window; rough floruit); source SNAP-DRGN data.snapdrgn.net retrieved 2026-10-04
snap:671621,person,St Praxedes,,SNAP-DRGN merged ancient person; sources: collection.britishmuseum.org,alive,-49,150,medium,SNAP-DRGN person 671621 (http://data.snapdrgn.net/person/671621/); associated attestation dates: 0001; narrowest range 0001 (0y) -> 1st century CE expanded +/-50y; confidence medium (<=60y window; rough floruit); source SNAP-DRGN data.snapdrgn.net retrieved 2026-10-04
snap:671622,person,Ishpuini,,SNAP-DRGN merged ancient person; sources: collection.britishmuseum.org,alive,-949,-750,medium,SNAP-DRGN person 671622 (http://data.snapdrgn.net/person/671622/); associated attestation dates: -0830; narrowest range -0830 (0y) -> 9th century BCE expanded +/-50y; confidence medium (<=60y window; rough floruit); source SNAP-DRGN data.snapdrgn.net retrieved 2026-10-04
snap:671623,person,St Fridianus,,SNAP-DRGN merged ancient person; sources: collection.britishmuseum.org,alive,-49,150,medium,SNAP-DRGN person 671623 (http://data.snapdrgn.net/person/671623/); associated attestation dates: 0006; narrowest range 0006 (0y) -> 1st century CE expanded +/-50y; confidence medium (<=60y window; rough floruit); source SNAP-DRGN data.snapdrgn.net retrieved 2026-10-04
snap:671624,person,Phocion,,SNAP-DRGN merged ancient person; sources: collection.britishmuseum.org,alive,-549,-350,medium,SNAP-DRGN person 671624 (http://data.snapdrgn.net/person/671624/); associated attestation dates: -0402; narrowest range -0402 (0y) -> 5th century BCE expanded +/-50y; confidence medium (<=60y window; rough floruit); source SNAP-DRGN data.snapdrgn.net retrieved 2026-10-04
snap:671625,person,Julius Firmicus Maternus,,SNAP-DRGN merged ancient person; sources: collection.britishmuseum.org,alive,251,450,medium,SNAP-DRGN person 671625 (http://data.snapdrgn.net/person/671625/); associated attestation dates: 0346; narrowest range 0346 (0y) -> 4th century CE expanded +/-50y; confidence medium (<=60y window; rough floruit); source SNAP-DRGN data.snapdrgn.net retrieved 2026-10-04
snap:671627,person,Kashiwade no omi Hatebe (膳臣巴提便),,SNAP-DRGN merged ancient person; sources: collection.britishmuseum.org,alive,351,550,medium,SNAP-DRGN person 671627 (http://data.snapdrgn.net/person/671627/); associated attestation dates: 0500; narrowest range 0500 (0y) -> 5th century CE expanded +/-50y; confidence medium (<=60y window; rough floruit); source SNAP-DRGN data.snapdrgn.net retrieved 2026-10-04
snap:671628,person,Constantine V Copronymus,,SNAP-DRGN merged ancient person; sources: collection.britishmuseum.org,alive,651,850,medium,SNAP-DRGN person 671628 (http://data.snapdrgn.net/person/671628/); associated attestation dates: 0718; narrowest range 0718 (0y) -> 8th century CE expanded +/-50y; confidence medium (<=60y window; rough floruit); source SNAP-DRGN data.snapdrgn.net retrieved 2026-10-04
snap:671629,person,Marcus Manilius,,SNAP-DRGN merged ancient person; sources: collection.britishmuseum.org,alive,-49,150,medium,SNAP-DRGN person 671629 (http://data.snapdrgn.net/person/671629/); associated attestation dates: 0001; narrowest range 0001 (0y) -> 1st century CE expanded +/-50y; confidence medium (<=60y window; rough floruit); source SNAP-DRGN data.snapdrgn.net retrieved 2026-10-04
snap:671630,person,Gundobald,,SNAP-DRGN merged ancient person; sources: collection.britishmuseum.org,alive,351,550,medium,SNAP-DRGN person 671630 (http://data.snapdrgn.net/person/671630/); associated attestation dates: 0473; narrowest range 0473 (0y) -> 5th century CE expanded +/-50y; confidence medium (<=60y window; rough floruit); source SNAP-DRGN data.snapdrgn.net retrieved 2026-10-04
snap:671631,person,Herakleon-Herakleides,,SNAP-DRGN merged ancient person; sources: collection.britishmuseum.org,alive,-149,50,medium,SNAP-DRGN person 671631 (http://data.snapdrgn.net/person/671631/); associated attestation dates: -0059; narrowest range -0059 (0y) -> 1st century BCE expanded +/-50y; confidence medium (<=60y window; rough floruit); source SNAP-DRGN data.snapdrgn.net retrieved 2026-10-04
snap:671632,person,Pomponius Mela,,SNAP-DRGN merged ancient person; sources: collection.britishmuseum.org,alive,-49,150,medium,SNAP-DRGN person 671632 (http://data.snapdrgn.net/person/671632/); associated attestation dates: 0001; narrowest range 0001 (0y) -> 1st century CE expanded +/-50y; confidence medium (<=60y window; rough floruit); source SNAP-DRGN data.snapdrgn.net retrieved 2026-10-04
snap:671633,person,Valerian,,SNAP-DRGN merged ancient person; sources: collection.britishmuseum.org,alive,51,250,medium,SNAP-DRGN person 671633 (http://data.snapdrgn.net/person/671633/); associated attestation dates: 0190; narrowest range 0190 (0y) -> 2nd century CE expanded +/-50y; confidence medium (<=60y window; rough floruit); source SNAP-DRGN data.snapdrgn.net retrieved 2026-10-04
snap:671635,person,Karneades,,SNAP-DRGN merged ancient person; sources: collection.britishmuseum.org,alive,-349,-150,medium,SNAP-DRGN person 671635 (http://data.snapdrgn.net/person/671635/); associated attestation dates: -0213; narrowest range -0213 (0y) -> 3rd century BCE expanded +/-50y; confidence medium (<=60y window; rough floruit); source SNAP-DRGN data.snapdrgn.net retrieved 2026-10-04
snap:671636,person,Mettius Suffetius,,SNAP-DRGN merged ancient person; sources: collection.britishmuseum.org,alive,-749,-550,medium,SNAP-DRGN person 671636 (http://data.snapdrgn.net/person/671636/); associated attestation dates: -0699; narrowest range -0699 (0y) -> 7th century BCE expanded +/-50y; confidence medium (<=60y window; rough floruit); source SNAP-DRGN data.snapdrgn.net retrieved 2026-10-04
snap:671637,person,St Valeria,,SNAP-DRGN merged ancient person; sources: collection.britishmuseum.org,alive,-49,150,medium,SNAP-DRGN person 671637 (http://data.snapdrgn.net/person/671637/); associated attestation dates: 0001; narrowest range 0001 (0y) -> 1st century CE expanded +/-50y; confidence medium (<=60y window; rough floruit); source SNAP-DRGN data.snapdrgn.net retrieved 2026-10-04
snap:671638,person,Pope Stephen III or IV,,SNAP-DRGN merged ancient person; sources: collection.britishmuseum.org,alive,651,850,medium,SNAP-DRGN person 671638 (http://data.snapdrgn.net/person/671638/); associated attestation dates: 0720; narrowest range 0720 (0y) -> 8th century CE expanded +/-50y; confidence medium (<=60y window; rough floruit); source SNAP-DRGN data.snapdrgn.net retrieved 2026-10-04
snap:671639,person,Calliope,,SNAP-DRGN merged ancient person; sources: collection.britishmuseum.org,alive,-149,50,medium,SNAP-DRGN person 671639 (http://data.snapdrgn.net/person/671639/); associated attestation dates: -0090; narrowest range -0090 (0y) -> 1st century BCE expanded +/-50y; confidence medium (<=60y window; rough floruit); source SNAP-DRGN data.snapdrgn.net retrieved 2026-10-04
snap:671640,person,St Venantius Fortunatus; Bishop of Poitiers,,SNAP-DRGN merged ancient person; sources: collection.britishmuseum.org,alive,451,650,medium,SNAP-DRGN person 671640 (http://data.snapdrgn.net/person/671640/); associated attestation dates: 0530; narrowest range 0530 (0y) -> 6th century CE expanded +/-50y; confidence medium (<=60y window; rough floruit); source SNAP-DRGN data.snapdrgn.net retrieved 2026-10-04
snap:671641,person,St Musa,,SNAP-DRGN merged ancient person; sources: collection.britishmuseum.org,alive,351,550,medium,SNAP-DRGN person 671641 (http://data.snapdrgn.net/person/671641/); associated attestation dates: 0500; narrowest range 0500 (0y) -> 5th century CE expanded +/-50y; confidence medium (<=60y window; rough floruit); source SNAP-DRGN data.snapdrgn.net retrieved 2026-10-04
snap:671642,person,Heraclitus,,SNAP-DRGN merged ancient person; sources: collection.britishmuseum.org,alive,-49,150,medium,SNAP-DRGN person 671642 (http://data.snapdrgn.net/person/671642/); associated attestation dates: 0006; narrowest range 0006 (0y) -> 1st century CE expanded +/-50y; confidence medium (<=60y window; rough floruit); source SNAP-DRGN data.snapdrgn.net retrieved 2026-10-04
snap:671643,person,St Barnabas,,SNAP-DRGN merged ancient person; sources: collection.britishmuseum.org,alive,-49,150,medium,SNAP-DRGN person 671643 (http://data.snapdrgn.net/person/671643/); associated attestation dates: 0001; narrowest range 0001 (0y) -> 1st century CE expanded +/-50y; confidence medium (<=60y window; rough floruit); source SNAP-DRGN data.snapdrgn.net retrieved 2026-10-04
snap:671644,person,Sigebert III; King of Austrasia,,SNAP-DRGN merged ancient person; sources: collection.britishmuseum.org,alive,551,750,medium,SNAP-DRGN person 671644 (http://data.snapdrgn.net/person/671644/); associated attestation dates: 0625; narrowest range 0625 (0y) -> 7th century CE expanded +/-50y; confidence medium (<=60y window; rough floruit); source SNAP-DRGN data.snapdrgn.net retrieved 2026-10-04
snap:671645,person,Eadburh,,SNAP-DRGN merged ancient person; sources: collection.britishmuseum.org,alive,651,850,medium,SNAP-DRGN person 671645 (http://data.snapdrgn.net/person/671645/); associated attestation dates: 0800; narrowest range 0800 (0y) -> 8th century CE expanded +/-50y; confidence medium (<=60y window; rough floruit); source SNAP-DRGN data.snapdrgn.net retrieved 2026-10-04
snap:671646,person,Sabakes,,SNAP-DRGN merged ancient person; sources: collection.britishmuseum.org,alive,-449,-250,medium,SNAP-DRGN person 671646 (http://data.snapdrgn.net/person/671646/); associated attestation dates: -0343; narrowest range -0343 (0y) -> 4th century BCE expanded +/-50y; confidence medium (<=60y window; rough floruit); source SNAP-DRGN data.snapdrgn.net retrieved 2026-10-04
snap:671647,person,Philip the Doctor,,SNAP-DRGN merged ancient person; sources: collection.britishmuseum.org,alive,-449,-250,medium,SNAP-DRGN person 671647 (http://data.snapdrgn.net/person/671647/); associated attestation dates: -0323; narrowest range -0323 (0y) -> 4th century BCE expanded +/-50y; confidence medium (<=60y window; rough floruit); source SNAP-DRGN data.snapdrgn.net retrieved 2026-10-04
snap:671648,person,Nefaarud,,SNAP-DRGN merged ancient person; sources: collection.britishmuseum.org,alive,-449,-250,medium,SNAP-DRGN person 671648 (http://data.snapdrgn.net/person/671648/); associated attestation dates: -0399; narrowest range -0399 (0y) -> 4th century BCE expanded +/-50y; confidence medium (<=60y window; rough floruit); source SNAP-DRGN data.snapdrgn.net retrieved 2026-10-04
snap:671649,person,Mithradates-Aristion,,SNAP-DRGN merged ancient person; sources: collection.britishmuseum.org,alive,-149,50,medium,SNAP-DRGN person 671649 (http://data.snapdrgn.net/person/671649/); associated attestation dates: -0087; narrowest range -0087 (0y) -> 1st century BCE expanded +/-50y; confidence medium (<=60y window; rough floruit); source SNAP-DRGN data.snapdrgn.net retrieved 2026-10-04
snap:671650,person,Manius Acilius Glabrio,,SNAP-DRGN merged ancient person; sources: collection.britishmuseum.org,alive,-49,150,medium,SNAP-DRGN person 671650 (http://data.snapdrgn.net/person/671650/); associated attestation dates: 0091; narrowest range 0091 (0y) -> 1st century CE expanded +/-50y; confidence medium (<=60y window; rough floruit); source SNAP-DRGN data.snapdrgn.net retrieved 2026-10-04
snap:671651,person,Herod Antipas,,SNAP-DRGN merged ancient person; sources: collection.britishmuseum.org,alive,-149,50,medium,SNAP-DRGN person 671651 (http://data.snapdrgn.net/person/671651/); associated attestation dates: -0022; narrowest range -0022 (0y) -> 1st century BCE expanded +/-50y; confidence medium (<=60y window; rough floruit); source SNAP-DRGN data.snapdrgn.net retrieved 2026-10-04
snap:671652,person,Poplicola,,SNAP-DRGN merged ancient person; sources: collection.britishmuseum.org,alive,-549,-350,medium,SNAP-DRGN person 671652 (http://data.snapdrgn.net/person/671652/); associated attestation dates: -0500; narrowest range -0500 (0y) -> 5th century BCE expanded +/-50y; confidence medium (<=60y window; rough floruit); source SNAP-DRGN data.snapdrgn.net retrieved 2026-10-04
snap:671653,person,St Clotilda,,SNAP-DRGN merged ancient person; sources: collection.britishmuseum.org,alive,351,550,medium,SNAP-DRGN person 671653 (http://data.snapdrgn.net/person/671653/); associated attestation dates: 0474; narrowest range 0474 (0y) -> 5th century CE expanded +/-50y; confidence medium (<=60y window; rough floruit); source SNAP-DRGN data.snapdrgn.net retrieved 2026-10-04
snap:671654,person,Eumelos-Theoxenides,,SNAP-DRGN merged ancient person; sources: collection.britishmuseum.org,alive,-149,50,medium,SNAP-DRGN person 671654 (http://data.snapdrgn.net/person/671654/); associated attestation dates: -0080; narrowest range -0080 (0y) -> 1st century BCE expanded +/-50y; confidence medium (<=60y window; rough floruit); source SNAP-DRGN data.snapdrgn.net retrieved 2026-10-04
snap:671655,person,Damiq-Ilishu,,SNAP-DRGN merged ancient person; sources: collection.britishmuseum.org,alive,-1949,-1750,medium,SNAP-DRGN person 671655 (http://data.snapdrgn.net/person/671655/); associated attestation dates: -1816; narrowest range -1816 (0y) -> 19th century BCE expanded +/-50y; confidence medium (<=60y window; rough floruit); source SNAP-DRGN data.snapdrgn.net retrieved 2026-10-04
snap:671656,person,Cassius Maximus Tyrius,,SNAP-DRGN merged ancient person; sources: collection.britishmuseum.org,alive,-49,150,medium,SNAP-DRGN person 671656 (http://data.snapdrgn.net/person/671656/); associated attestation dates: 0100; narrowest range 0100 (0y) -> 1st century CE expanded +/-50y; confidence medium (<=60y window; rough floruit); source SNAP-DRGN data.snapdrgn.net retrieved 2026-10-04
snap:671657,person,Han Huang 韓滉,,SNAP-DRGN merged ancient person; sources: collection.britishmuseum.org,alive,651,850,medium,SNAP-DRGN person 671657 (http://data.snapdrgn.net/person/671657/); associated attestation dates: 0723; narrowest range 0723 (0y) -> 8th century CE expanded +/-50y; confidence medium (<=60y window; rough floruit); source SNAP-DRGN data.snapdrgn.net retrieved 2026-10-04
snap:671658,person,Kisen Hoshi (喜撰法師),,SNAP-DRGN merged ancient person; sources: collection.britishmuseum.org,alive,651,850,medium,SNAP-DRGN person 671658 (http://data.snapdrgn.net/person/671658/); associated attestation dates: 0800; narrowest range 0800 (0y) -> 8th century CE expanded +/-50y; confidence medium (<=60y window; rough floruit); source SNAP-DRGN data.snapdrgn.net retrieved 2026-10-04
snap:671659,person,The Painter of London E798,,SNAP-DRGN merged ancient person; sources: collection.britishmuseum.org,alive,-549,-350,medium,SNAP-DRGN person 671659 (http://data.snapdrgn.net/person/671659/); associated attestation dates: -0460; narrowest range -0460 (0y) -> 5th century BCE expanded +/-50y; confidence medium (<=60y window; rough floruit); source SNAP-DRGN data.snapdrgn.net retrieved 2026-10-04
snap:671660,person,St Pippin of Landen,,SNAP-DRGN merged ancient person; sources: collection.britishmuseum.org,alive,451,650,medium,SNAP-DRGN person 671660 (http://data.snapdrgn.net/person/671660/); associated attestation dates: 0580; narrowest range 0580 (0y) -> 6th century CE expanded +/-50y; confidence medium (<=60y window; rough floruit); source SNAP-DRGN data.snapdrgn.net retrieved 2026-10-04
snap:671661,person,Diotimos-Magas,,SNAP-DRGN merged ancient person; sources: collection.britishmuseum.org,alive,-249,-50,medium,SNAP-DRGN person 671661 (http://data.snapdrgn.net/person/671661/); associated attestation dates: -0114; narrowest range -0114 (0y) -> 2nd century BCE expanded +/-50y; confidence medium (<=60y window; rough floruit); source SNAP-DRGN data.snapdrgn.net retrieved 2026-10-04
snap:671662,person,Marcus Calphurnius Flama,,SNAP-DRGN merged ancient person; sources: collection.britishmuseum.org,alive,-349,-150,medium,SNAP-DRGN person 671662 (http://data.snapdrgn.net/person/671662/); associated attestation dates: -0250; narrowest range -0250 (0y) -> 3rd century BCE expanded +/-50y; confidence medium (<=60y window; rough floruit); source SNAP-DRGN data.snapdrgn.net retrieved 2026-10-04
snap:671663,person,Amenemope,,SNAP-DRGN merged ancient person; sources: collection.britishmuseum.org,alive,-1049,-850,medium,SNAP-DRGN person 671663 (http://data.snapdrgn.net/person/671663/); associated attestation dates: -0993; narrowest range -0993 (0y) -> 10th century BCE expanded +/-50y; confidence medium (<=60y window; rough floruit); source SNAP-DRGN data.snapdrgn.net retrieved 2026-10-04
snap:671664,person,Numerian,,SNAP-DRGN merged ancient person; sources: collection.britishmuseum.org,alive,151,350,medium,SNAP-DRGN person 671664 (http://data.snapdrgn.net/person/671664/); associated attestation dates: 0253; narrowest range 0253 (0y) -> 3rd century CE expanded +/-50y; confidence medium (<=60y window; rough floruit); source SNAP-DRGN data.snapdrgn.net retrieved 2026-10-04
snap:671665,person,Apseudes,,SNAP-DRGN merged ancient person; sources: collection.britishmuseum.org,alive,-549,-350,medium,SNAP-DRGN person 671665 (http://data.snapdrgn.net/person/671665/); associated attestation dates: -0433; narrowest range -0433 (0y) -> 5th century BCE expanded +/-50y; confidence medium (<=60y window; rough floruit); source SNAP-DRGN data.snapdrgn.net retrieved 2026-10-04
snap:671666,person,Tomyris; Queen of the Massagetai,,SNAP-DRGN merged ancient person; sources: collection.britishmuseum.org,alive,-649,-450,medium,SNAP-DRGN person 671666 (http://data.snapdrgn.net/person/671666/); associated attestation dates: -0599; narrowest range -0599 (0y) -> 6th century BCE expanded +/-50y; confidence medium (<=60y window; rough floruit); source SNAP-DRGN data.snapdrgn.net retrieved 2026-10-04
snap:671667,person,Titus,,SNAP-DRGN merged ancient person; sources: collection.britishmuseum.org,alive,-49,150,medium,SNAP-DRGN person 671667 (http://data.snapdrgn.net/person/671667/); associated attestation dates: 0041; narrowest range 0041 (0y) -> 1st century CE expanded +/-50y; confidence medium (<=60y window; rough floruit); source SNAP-DRGN data.snapdrgn.net retrieved 2026-10-04
snap:671668,person,Trebonianus Gallus,,SNAP-DRGN merged ancient person; sources: collection.britishmuseum.org,alive,151,350,medium,SNAP-DRGN person 671668 (http://data.snapdrgn.net/person/671668/); associated attestation dates: 0201; narrowest range 0201 (0y) -> 3rd century CE expanded +/-50y; confidence medium (<=60y window; rough floruit); source SNAP-DRGN data.snapdrgn.net retrieved 2026-10-04
snap:671669,person,Philip II; Macedon,,SNAP-DRGN merged ancient person; sources: collection.britishmuseum.org,alive,-449,-250,medium,SNAP-DRGN person 671669 (http://data.snapdrgn.net/person/671669/); associated attestation dates: -0382; narrowest range -0382 (0y) -> 4th century BCE expanded +/-50y; confidence medium (<=60y window; rough floruit); source SNAP-DRGN data.snapdrgn.net retrieved 2026-10-04
snap:671670,person,Martial,,SNAP-DRGN merged ancient person; sources: collection.britishmuseum.org,alive,-49,150,medium,SNAP-DRGN person 671670 (http://data.snapdrgn.net/person/671670/); associated attestation dates: 0035; narrowest range 0035 (0y) -> 1st century CE expanded +/-50y; confidence medium (<=60y window; rough floruit); source SNAP-DRGN data.snapdrgn.net retrieved 2026-10-04
snap:671671,person,Telco Global Communications,,SNAP-DRGN merged ancient person; sources: collection.britishmuseum.org,alive,-49,150,medium,SNAP-DRGN person 671671 (http://data.snapdrgn.net/person/671671/); associated attestation dates: 0020; narrowest range 0020 (0y) -> 1st century CE expanded +/-50y; confidence medium (<=60y window; rough floruit); source SNAP-DRGN data.snapdrgn.net retrieved 2026-10-04
snap:671672,person,Sin-kashid,,SNAP-DRGN merged ancient person; sources: collection.britishmuseum.org,alive,-1949,-1750,medium,SNAP-DRGN person 671672 (http://data.snapdrgn.net/person/671672/); associated attestation dates: -1865; narrowest range -1865 (0y) -> 19th century BCE expanded +/-50y; confidence medium (<=60y window; rough floruit); source SNAP-DRGN data.snapdrgn.net retrieved 2026-10-04
snap:671673,person,Adelaide of Paris; Queen of Louis II of France,,SNAP-DRGN merged ancient person; sources: collection.britishmuseum.org,alive,-49,150,medium,SNAP-DRGN person 671673 (http://data.snapdrgn.net/person/671673/); associated attestation dates: 0055; narrowest range 0055 (0y) -> 1st century CE expanded +/-50y; confidence medium (<=60y window; rough floruit); source SNAP-DRGN data.snapdrgn.net retrieved 2026-10-04
snap:671674,person,Alexander III Megas; Macedon,,SNAP-DRGN merged ancient person; sources: collection.britishmuseum.org,alive,-449,-250,medium,SNAP-DRGN person 671674 (http://data.snapdrgn.net/person/671674/); associated attestation dates: -0356; narrowest range -0356 (0y) -> 4th century BCE expanded +/-50y; confidence medium (<=60y window; rough floruit); source SNAP-DRGN data.snapdrgn.net retrieved 2026-10-04
snap:671675,person,Hyperides,,SNAP-DRGN merged ancient person; sources: collection.britishmuseum.org,alive,-449,-250,medium,SNAP-DRGN person 671675 (http://data.snapdrgn.net/person/671675/); associated attestation dates: -0390; narrowest range -0390 (0y) -> 4th century BCE expanded +/-50y; confidence medium (<=60y window; rough floruit); source SNAP-DRGN data.snapdrgn.net retrieved 2026-10-04
snap:671676,person,Philokrates-Herodes,,SNAP-DRGN merged ancient person; sources: collection.britishmuseum.org,alive,-149,50,medium,SNAP-DRGN person 671676 (http://data.snapdrgn.net/person/671676/); associated attestation dates: -0064; narrowest range -0064 (0y) -> 1st century BCE expanded +/-50y; confidence medium (<=60y window; rough floruit); source SNAP-DRGN data.snapdrgn.net retrieved 2026-10-04
snap:671677,person,St Basilissa,,SNAP-DRGN merged ancient person; sources: collection.britishmuseum.org,alive,-49,150,medium,SNAP-DRGN person 671677 (http://data.snapdrgn.net/person/671677/); associated attestation dates: 0001; narrowest range 0001 (0y) -> 1st century CE expanded +/-50y; confidence medium (<=60y window; rough floruit); source SNAP-DRGN data.snapdrgn.net retrieved 2026-10-04
snap:671678,person,Emperor Wen of Han 漢文帝,,SNAP-DRGN merged ancient person; sources: collection.britishmuseum.org,alive,-349,-150,medium,SNAP-DRGN person 671678 (http://data.snapdrgn.net/person/671678/); associated attestation dates: -0202; narrowest range -0202 (0y) -> 3rd century BCE expanded +/-50y; confidence medium (<=60y window; rough floruit); source SNAP-DRGN data.snapdrgn.net retrieved 2026-10-04
snap:671679,person,Sheshonq V,,SNAP-DRGN merged ancient person; sources: collection.britishmuseum.org,alive,-849,-650,medium,SNAP-DRGN person 671679 (http://data.snapdrgn.net/person/671679/); associated attestation dates: -0767; narrowest range -0767 (0y) -> 8th century BCE expanded +/-50y; confidence medium (<=60y window; rough floruit); source SNAP-DRGN data.snapdrgn.net retrieved 2026-10-04
snap:671680,person,Li Bai 李白,,SNAP-DRGN merged ancient person; sources: collection.britishmuseum.org,alive,651,850,medium,SNAP-DRGN person 671680 (http://data.snapdrgn.net/person/671680/); associated attestation dates: 0701; narrowest range 0701 (0y) -> 8th century CE expanded +/-50y; confidence medium (<=60y window; rough floruit); source SNAP-DRGN data.snapdrgn.net retrieved 2026-10-04
snap:671681,person,Charles Martel,,SNAP-DRGN merged ancient person; sources: collection.britishmuseum.org,alive,551,750,medium,SNAP-DRGN person 671681 (http://data.snapdrgn.net/person/671681/); associated attestation dates: 0688; narrowest range 0688 (0y) -> 7th century CE expanded +/-50y; confidence medium (<=60y window; rough floruit); source SNAP-DRGN data.snapdrgn.net retrieved 2026-10-04
snap:671682,person,Kleophanes-Epithetes,,SNAP-DRGN merged ancient person; sources: collection.britishmuseum.org,alive,-149,50,medium,SNAP-DRGN person 671682 (http://data.snapdrgn.net/person/671682/); associated attestation dates: -0085; narrowest range -0085 (0y) -> 1st century BCE expanded +/-50y; confidence medium (<=60y window; rough floruit); source SNAP-DRGN data.snapdrgn.net retrieved 2026-10-04
snap:671683,person,Lu Deming 陸德明,,SNAP-DRGN merged ancient person; sources: collection.britishmuseum.org,alive,451,650,medium,SNAP-DRGN person 671683 (http://data.snapdrgn.net/person/671683/); associated attestation dates: 0550; narrowest range 0550 (0y) -> 6th century CE expanded +/-50y; confidence medium (<=60y window; rough floruit); source SNAP-DRGN data.snapdrgn.net retrieved 2026-10-04
snap:671684,person,Festus,,SNAP-DRGN merged ancient person; sources: collection.britishmuseum.org,alive,-49,150,medium,SNAP-DRGN person 671684 (http://data.snapdrgn.net/person/671684/); associated attestation dates: 0058; narrowest range 0058 (0y) -> 1st century CE expanded +/-50y; confidence medium (<=60y window; rough floruit); source SNAP-DRGN data.snapdrgn.net retrieved 2026-10-04
snap:671685,person,Kimon,,SNAP-DRGN merged ancient person; sources: collection.britishmuseum.org,alive,-449,-250,medium,SNAP-DRGN person 671685 (http://data.snapdrgn.net/person/671685/); associated attestation dates: -0399; narrowest range -0399 (0y) -> 4th century BCE expanded +/-50y; confidence medium (<=60y window; rough floruit); source SNAP-DRGN data.snapdrgn.net retrieved 2026-10-04
snap:671686,person,Apolexis-Lysandros,,SNAP-DRGN merged ancient person; sources: collection.britishmuseum.org,alive,-149,50,medium,SNAP-DRGN person 671686 (http://data.snapdrgn.net/person/671686/); associated attestation dates: -0054; narrowest range -0054 (0y) -> 1st century BCE expanded +/-50y; confidence medium (<=60y window; rough floruit); source SNAP-DRGN data.snapdrgn.net retrieved 2026-10-04
snap:671687,person,Jue Bo 決波,,SNAP-DRGN merged ancient person; sources: collection.britishmuseum.org,alive,-49,150,medium,SNAP-DRGN person 671687 (http://data.snapdrgn.net/person/671687/); associated attestation dates: 0007; narrowest range 0007 (0y) -> 1st century CE expanded +/-50y; confidence medium (<=60y window; rough floruit); source SNAP-DRGN data.snapdrgn.net retrieved 2026-10-04
snap:671688,person,Poly-Timarch,,SNAP-DRGN merged ancient person; sources: collection.britishmuseum.org,alive,-249,-50,medium,SNAP-DRGN person 671688 (http://data.snapdrgn.net/person/671688/); associated attestation dates: -0149; narrowest range -0149 (0y) -> 2nd century BCE expanded +/-50y; confidence medium (<=60y window; rough floruit); source SNAP-DRGN data.snapdrgn.net retrieved 2026-10-04
snap:671689,person,St Clintancus,,SNAP-DRGN merged ancient person; sources: collection.britishmuseum.org,alive,351,550,medium,SNAP-DRGN person 671689 (http://data.snapdrgn.net/person/671689/); associated attestation dates: 0500; narrowest range 0500 (0y) -> 5th century CE expanded +/-50y; confidence medium (<=60y window; rough floruit); source SNAP-DRGN data.snapdrgn.net retrieved 2026-10-04
snap:671690,person,St Hilary of Poitiers,,SNAP-DRGN merged ancient person; sources: collection.britishmuseum.org,alive,251,450,medium,SNAP-DRGN person 671690 (http://data.snapdrgn.net/person/671690/); associated attestation dates: 0315; narrowest range 0315 (0y) -> 4th century CE expanded +/-50y; confidence medium (<=60y window; rough floruit); source SNAP-DRGN data.snapdrgn.net retrieved 2026-10-04
snap:671691,person,Herpas,,SNAP-DRGN merged ancient person; sources: collection.britishmuseum.org,alive,-49,150,medium,SNAP-DRGN person 671691 (http://data.snapdrgn.net/person/671691/); associated attestation dates: 0003; narrowest range 0003 (0y) -> 1st century CE expanded +/-50y; confidence medium (<=60y window; rough floruit); source SNAP-DRGN data.snapdrgn.net retrieved 2026-10-04
snap:671692,person,The Light-Make Class,,SNAP-DRGN merged ancient person; sources: collection.britishmuseum.org,alive,-649,-450,medium,SNAP-DRGN person 671692 (http://data.snapdrgn.net/person/671692/); associated attestation dates: -0540; narrowest range -0540 (0y) -> 6th century BCE expanded +/-50y; confidence medium (<=60y window; rough floruit); source SNAP-DRGN data.snapdrgn.net retrieved 2026-10-04
snap:671693,person,Octavia,,SNAP-DRGN merged ancient person; sources: collection.britishmuseum.org,alive,-149,50,medium,SNAP-DRGN person 671693 (http://data.snapdrgn.net/person/671693/); associated attestation dates: -0069; narrowest range -0069 (0y) -> 1st century BCE expanded +/-50y; confidence medium (<=60y window; rough floruit); source SNAP-DRGN data.snapdrgn.net retrieved 2026-10-04
snap:671694,person,Ali Akbar,,SNAP-DRGN merged ancient person; sources: collection.britishmuseum.org,alive,-49,150,medium,SNAP-DRGN person 671694 (http://data.snapdrgn.net/person/671694/); associated attestation dates: 0044;0664; narrowest range 0044 (0y) -> 1st century CE expanded +/-50y; confidence medium (<=60y window; rough floruit); source SNAP-DRGN data.snapdrgn.net retrieved 2026-10-04
snap:671695,person,Karhuhas,,SNAP-DRGN merged ancient person; sources: collection.britishmuseum.org,alive,-1049,-850,medium,SNAP-DRGN person 671695 (http://data.snapdrgn.net/person/671695/); associated attestation dates: -0999; narrowest range -0999 (0y) -> 10th century BCE expanded +/-50y; confidence medium (<=60y window; rough floruit); source SNAP-DRGN data.snapdrgn.net retrieved 2026-10-04
snap:671696,person,Agnaton,,SNAP-DRGN merged ancient person; sources: collection.britishmuseum.org,alive,351,550,medium,SNAP-DRGN person 671696 (http://data.snapdrgn.net/person/671696/); associated attestation dates: 0500; narrowest range 0500 (0y) -> 5th century CE expanded +/-50y; confidence medium (<=60y window; rough floruit); source SNAP-DRGN data.snapdrgn.net retrieved 2026-10-04
snap:671697,person,Timostratos-Poses,,SNAP-DRGN merged ancient person; sources: collection.britishmuseum.org,alive,-249,-50,medium,SNAP-DRGN person 671697 (http://data.snapdrgn.net/person/671697/); associated attestation dates: -0102; narrowest range -0102 (0y) -> 2nd century BCE expanded +/-50y; confidence medium (<=60y window; rough floruit); source SNAP-DRGN data.snapdrgn.net retrieved 2026-10-04
snap:671698,person,Pope Stephen II,,SNAP-DRGN merged ancient person; sources: collection.britishmuseum.org,alive,651,850,medium,SNAP-DRGN person 671698 (http://data.snapdrgn.net/person/671698/); associated attestation dates: 0752; narrowest range 0752 (0y) -> 8th century CE expanded +/-50y; confidence medium (<=60y window; rough floruit); source SNAP-DRGN data.snapdrgn.net retrieved 2026-10-04
snap:671699,person,Nakhtnebef,,SNAP-DRGN merged ancient person; sources: collection.britishmuseum.org,alive,-449,-250,medium,SNAP-DRGN person 671699 (http://data.snapdrgn.net/person/671699/); associated attestation dates: -0380; narrowest range -0380 (0y) -> 4th century BCE expanded +/-50y; confidence medium (<=60y window; rough floruit); source SNAP-DRGN data.snapdrgn.net retrieved 2026-10-04
snap:671700,person,Komyo Kogo (光明皇后;),,SNAP-DRGN merged ancient person; sources: collection.britishmuseum.org,alive,651,850,medium,SNAP-DRGN person 671700 (http://data.snapdrgn.net/person/671700/); associated attestation dates: 0701; narrowest range 0701 (0y) -> 8th century CE expanded +/-50y; confidence medium (<=60y window; rough floruit); source SNAP-DRGN data.snapdrgn.net retrieved 2026-10-04
snap:671701,person,Pyrgoteles,,SNAP-DRGN merged ancient person; sources: collection.britishmuseum.org,alive,-449,-250,medium,SNAP-DRGN person 671701 (http://data.snapdrgn.net/person/671701/); associated attestation dates: -0399; narrowest range -0399 (0y) -> 4th century BCE expanded +/-50y; confidence medium (<=60y window; rough floruit); source SNAP-DRGN data.snapdrgn.net retrieved 2026-10-04
snap:671702,person,Aristotle,,SNAP-DRGN merged ancient person; sources: collection.britishmuseum.org,alive,-449,-250,medium,SNAP-DRGN person 671702 (http://data.snapdrgn.net/person/671702/); associated attestation dates: -0384; narrowest range -0384 (0y) -> 4th century BCE expanded +/-50y; confidence medium (<=60y window; rough floruit); source SNAP-DRGN data.snapdrgn.net retrieved 2026-10-04
snap:671703,person,St Martial,,SNAP-DRGN merged ancient person; sources: collection.britishmuseum.org,alive,51,250,medium,SNAP-DRGN person 671703 (http://data.snapdrgn.net/person/671703/); associated attestation dates: 0200; narrowest range 0200 (0y) -> 2nd century CE expanded +/-50y; confidence medium (<=60y window; rough floruit); source SNAP-DRGN data.snapdrgn.net retrieved 2026-10-04
snap:671704,person,Lucius Aemilius Paullus,,SNAP-DRGN merged ancient person; sources: collection.britishmuseum.org,alive,-349,-150,medium,SNAP-DRGN person 671704 (http://data.snapdrgn.net/person/671704/); associated attestation dates: -0229; narrowest range -0229 (0y) -> 3rd century BCE expanded +/-50y; confidence medium (<=60y window; rough floruit); source SNAP-DRGN data.snapdrgn.net retrieved 2026-10-04
snap:671705,person,Virgil,,SNAP-DRGN merged ancient person; sources: collection.britishmuseum.org,alive,-149,50,medium,SNAP-DRGN person 671705 (http://data.snapdrgn.net/person/671705/); associated attestation dates: -0070; narrowest range -0070 (0y) -> 1st century BCE expanded +/-50y; confidence medium (<=60y window; rough floruit); source SNAP-DRGN data.snapdrgn.net retrieved 2026-10-04
snap:671706,person,Antonio da Ponte,,SNAP-DRGN merged ancient person; sources: collection.britishmuseum.org,alive,-49,150,medium,SNAP-DRGN person 671706 (http://data.snapdrgn.net/person/671706/); associated attestation dates: 0001; narrowest range 0001 (0y) -> 1st century CE expanded +/-50y; confidence medium (<=60y window; rough floruit); source SNAP-DRGN data.snapdrgn.net retrieved 2026-10-04
snap:671707,person,Caius Fabricius Luscinus,,SNAP-DRGN merged ancient person; sources: collection.britishmuseum.org,alive,-349,-150,medium,SNAP-DRGN person 671707 (http://data.snapdrgn.net/person/671707/); associated attestation dates: -0282; narrowest range -0282 (0y) -> 3rd century BCE expanded +/-50y; confidence medium (<=60y window; rough floruit); source SNAP-DRGN data.snapdrgn.net retrieved 2026-10-04
snap:671708,person,Zhao Yun 趙雲,,SNAP-DRGN merged ancient person; sources: collection.britishmuseum.org,alive,51,250,medium,SNAP-DRGN person 671708 (http://data.snapdrgn.net/person/671708/); associated attestation dates: 0168; narrowest range 0168 (0y) -> 2nd century CE expanded +/-50y; confidence medium (<=60y window; rough floruit); source SNAP-DRGN data.snapdrgn.net retrieved 2026-10-04
snap:671709,person,Philokrates-Kalliphon,,SNAP-DRGN merged ancient person; sources: collection.britishmuseum.org,alive,-149,50,medium,SNAP-DRGN person 671709 (http://data.snapdrgn.net/person/671709/); associated attestation dates: -0058; narrowest range -0058 (0y) -> 1st century BCE expanded +/-50y; confidence medium (<=60y window; rough floruit); source SNAP-DRGN data.snapdrgn.net retrieved 2026-10-04
snap:671710,person,Osorkon III,,SNAP-DRGN merged ancient person; sources: collection.britishmuseum.org,alive,-849,-650,medium,SNAP-DRGN person 671710 (http://data.snapdrgn.net/person/671710/); associated attestation dates: -0777; narrowest range -0777 (0y) -> 8th century BCE expanded +/-50y; confidence medium (<=60y window; rough floruit); source SNAP-DRGN data.snapdrgn.net retrieved 2026-10-04
snap:671711,person,Aristophanes,,SNAP-DRGN merged ancient person; sources: collection.britishmuseum.org,alive,-549,-350,medium,SNAP-DRGN person 671711 (http://data.snapdrgn.net/person/671711/); associated attestation dates: -0453; narrowest range -0453 (0y) -> 5th century BCE expanded +/-50y; confidence medium (<=60y window; rough floruit); source SNAP-DRGN data.snapdrgn.net retrieved 2026-10-04
snap:671712,person,Leo III; Byzantine Emperor,,SNAP-DRGN merged ancient person; sources: collection.britishmuseum.org,alive,551,750,medium,SNAP-DRGN person 671712 (http://data.snapdrgn.net/person/671712/); associated attestation dates: 0675; narrowest range 0675 (0y) -> 7th century CE expanded +/-50y; confidence medium (<=60y window; rough floruit); source SNAP-DRGN data.snapdrgn.net retrieved 2026-10-04
snap:671713,person,Theodoret of Cyrus,,SNAP-DRGN merged ancient person; sources: collection.britishmuseum.org,alive,251,450,medium,SNAP-DRGN person 671713 (http://data.snapdrgn.net/person/671713/); associated attestation dates: 0388; narrowest range 0388 (0y) -> 4th century CE expanded +/-50y; confidence medium (<=60y window; rough floruit); source SNAP-DRGN data.snapdrgn.net retrieved 2026-10-04
snap:671714,person,Nehemiah,,SNAP-DRGN merged ancient person; sources: collection.britishmuseum.org,alive,-549,-350,medium,SNAP-DRGN person 671714 (http://data.snapdrgn.net/person/671714/); associated attestation dates: -0499; narrowest range -0499 (0y) -> 5th century BCE expanded +/-50y; confidence medium (<=60y window; rough floruit); source SNAP-DRGN data.snapdrgn.net retrieved 2026-10-04
snap:671715,person,Bai Juyi 白居易,,SNAP-DRGN merged ancient person; sources: collection.britishmuseum.org,alive,651,850,medium,SNAP-DRGN person 671715 (http://data.snapdrgn.net/person/671715/); associated attestation dates: 0772; narrowest range 0772 (0y) -> 8th century CE expanded +/-50y; confidence medium (<=60y window; rough floruit); source SNAP-DRGN data.snapdrgn.net retrieved 2026-10-04
snap:671716,person,Apuleius,,SNAP-DRGN merged ancient person; sources: collection.britishmuseum.org,alive,-249,-50,medium,SNAP-DRGN person 671716 (http://data.snapdrgn.net/person/671716/); associated attestation dates: -0199; narrowest range -0199 (0y) -> 2nd century BCE expanded +/-50y; confidence medium (<=60y window; rough floruit); source SNAP-DRGN data.snapdrgn.net retrieved 2026-10-04
snap:671717,person,Irene,,SNAP-DRGN merged ancient person; sources: collection.britishmuseum.org,alive,651,850,medium,SNAP-DRGN person 671717 (http://data.snapdrgn.net/person/671717/); associated attestation dates: 0752; narrowest range 0752 (0y) -> 8th century CE expanded +/-50y; confidence medium (<=60y window; rough floruit); source SNAP-DRGN data.snapdrgn.net retrieved 2026-10-04
snap:671718,person,Julia Mamaea,,SNAP-DRGN merged ancient person; sources: collection.britishmuseum.org,alive,51,250,medium,SNAP-DRGN person 671718 (http://data.snapdrgn.net/person/671718/); associated attestation dates: 0180; narrowest range 0180 (0y) -> 2nd century CE expanded +/-50y; confidence medium (<=60y window; rough floruit); source SNAP-DRGN data.snapdrgn.net retrieved 2026-10-04
snap:671719,person,Thierry III King of Franks,,SNAP-DRGN merged ancient person; sources: collection.britishmuseum.org,alive,551,750,medium,SNAP-DRGN person 671719 (http://data.snapdrgn.net/person/671719/); associated attestation dates: 0654; narrowest range 0654 (0y) -> 7th century CE expanded +/-50y; confidence medium (<=60y window; rough floruit); source SNAP-DRGN data.snapdrgn.net retrieved 2026-10-04
snap:671720,person,St Longinus,,SNAP-DRGN merged ancient person; sources: collection.britishmuseum.org,alive,-49,150,medium,SNAP-DRGN person 671720 (http://data.snapdrgn.net/person/671720/); associated attestation dates: 0001; narrowest range 0001 (0y) -> 1st century CE expanded +/-50y; confidence medium (<=60y window; rough floruit); source SNAP-DRGN data.snapdrgn.net retrieved 2026-10-04
snap:671721,person,Zoilos-Euandros,,SNAP-DRGN merged ancient person; sources: collection.britishmuseum.org,alive,-249,-50,medium,SNAP-DRGN person 671721 (http://data.snapdrgn.net/person/671721/); associated attestation dates: -0110; narrowest range -0110 (0y) -> 2nd century BCE expanded +/-50y; confidence medium (<=60y window; rough floruit); source SNAP-DRGN data.snapdrgn.net retrieved 2026-10-04
snap:671722,person,St Swithbert,,SNAP-DRGN merged ancient person; sources: collection.britishmuseum.org,alive,551,750,medium,SNAP-DRGN person 671722 (http://data.snapdrgn.net/person/671722/); associated attestation dates: 0647; narrowest range 0647 (0y) -> 7th century CE expanded +/-50y; confidence medium (<=60y window; rough floruit); source SNAP-DRGN data.snapdrgn.net retrieved 2026-10-04
snap:671723,person,Hieron II; Syracuse,,SNAP-DRGN merged ancient person; sources: collection.britishmuseum.org,alive,-449,-250,medium,SNAP-DRGN person 671723 (http://data.snapdrgn.net/person/671723/); associated attestation dates: -0308; narrowest range -0308 (0y) -> 4th century BCE expanded +/-50y; confidence medium (<=60y window; rough floruit); source SNAP-DRGN data.snapdrgn.net retrieved 2026-10-04
snap:671724,person,Xanthippe,,SNAP-DRGN merged ancient person; sources: collection.britishmuseum.org,alive,-49,150,medium,SNAP-DRGN person 671724 (http://data.snapdrgn.net/person/671724/); associated attestation dates: 0005; narrowest range 0005 (0y) -> 1st century CE expanded +/-50y; confidence medium (<=60y window; rough floruit); source SNAP-DRGN data.snapdrgn.net retrieved 2026-10-04
snap:671725,person,Demeas-Hermokles,,SNAP-DRGN merged ancient person; sources: collection.britishmuseum.org,alive,-149,50,medium,SNAP-DRGN person 671725 (http://data.snapdrgn.net/person/671725/); associated attestation dates: -0093; narrowest range -0093 (0y) -> 1st century BCE expanded +/-50y; confidence medium (<=60y window; rough floruit); source SNAP-DRGN data.snapdrgn.net retrieved 2026-10-04
snap:671726,person,Amenemhat I,,SNAP-DRGN merged ancient person; sources: collection.britishmuseum.org,alive,-2049,-1850,medium,SNAP-DRGN person 671726 (http://data.snapdrgn.net/person/671726/); associated attestation dates: -1985; narrowest range -1985 (0y) -> 20th century BCE expanded +/-50y; confidence medium (<=60y window; rough floruit); source SNAP-DRGN data.snapdrgn.net retrieved 2026-10-04
snap:671727,person,Lucian,,SNAP-DRGN merged ancient person; sources: collection.britishmuseum.org,alive,51,250,medium,SNAP-DRGN person 671727 (http://data.snapdrgn.net/person/671727/); associated attestation dates: 0120; narrowest range 0120 (0y) -> 2nd century CE expanded +/-50y; confidence medium (<=60y window; rough floruit); source SNAP-DRGN data.snapdrgn.net retrieved 2026-10-04
snap:671728,person,Merenptah,,SNAP-DRGN merged ancient person; sources: collection.britishmuseum.org,alive,-1349,-1150,medium,SNAP-DRGN person 671728 (http://data.snapdrgn.net/person/671728/); associated attestation dates: -1213; narrowest range -1213 (0y) -> 13th century BCE expanded +/-50y; confidence medium (<=60y window; rough floruit); source SNAP-DRGN data.snapdrgn.net retrieved 2026-10-04
snap:671729,person,Sobekhotep II,,SNAP-DRGN merged ancient person; sources: collection.britishmuseum.org,alive,-1849,-1650,medium,SNAP-DRGN person 671729 (http://data.snapdrgn.net/person/671729/); associated attestation dates: -1750; narrowest range -1750 (0y) -> 18th century BCE expanded +/-50y; confidence medium (<=60y window; rough floruit); source SNAP-DRGN data.snapdrgn.net retrieved 2026-10-04
snap:671730,person,Psamtek III,,SNAP-DRGN merged ancient person; sources: collection.britishmuseum.org,alive,-649,-450,medium,SNAP-DRGN person 671730 (http://data.snapdrgn.net/person/671730/); associated attestation dates: -0526; narrowest range -0526 (0y) -> 6th century BCE expanded +/-50y; confidence medium (<=60y window; rough floruit); source SNAP-DRGN data.snapdrgn.net retrieved 2026-10-04
snap:671731,person,Queen Ada,,SNAP-DRGN merged ancient person; sources: collection.britishmuseum.org,alive,-449,-250,medium,SNAP-DRGN person 671731 (http://data.snapdrgn.net/person/671731/); associated attestation dates: -0350; narrowest range -0350 (0y) -> 4th century BCE expanded +/-50y; confidence medium (<=60y window; rough floruit); source SNAP-DRGN data.snapdrgn.net retrieved 2026-10-04
snap:671732,person,Sobekneferu,,SNAP-DRGN merged ancient person; sources: collection.britishmuseum.org,alive,-1849,-1650,medium,SNAP-DRGN person 671732 (http://data.snapdrgn.net/person/671732/); associated attestation dates: -1799; narrowest range -1799 (0y) -> 18th century BCE expanded +/-50y; confidence medium (<=60y window; rough floruit); source SNAP-DRGN data.snapdrgn.net retrieved 2026-10-04
snap:671733,person,Glaucias; King of Illyria,,SNAP-DRGN merged ancient person; sources: collection.britishmuseum.org,alive,-449,-250,medium,SNAP-DRGN person 671733 (http://data.snapdrgn.net/person/671733/); associated attestation dates: -0399; narrowest range -0399 (0y) -> 4th century BCE expanded +/-50y; confidence medium (<=60y window; rough floruit); source SNAP-DRGN data.snapdrgn.net retrieved 2026-10-04
snap:671734,person,Sheshonq IV,,SNAP-DRGN merged ancient person; sources: collection.britishmuseum.org,alive,-849,-650,medium,SNAP-DRGN person 671734 (http://data.snapdrgn.net/person/671734/); associated attestation dates: -0780; narrowest range -0780 (0y) -> 8th century BCE expanded +/-50y; confidence medium (<=60y window; rough floruit); source SNAP-DRGN data.snapdrgn.net retrieved 2026-10-04
snap:671735,person,Sir John Hippisley,,SNAP-DRGN merged ancient person; sources: collection.britishmuseum.org,alive,651,850,medium,SNAP-DRGN person 671735 (http://data.snapdrgn.net/person/671735/); associated attestation dates: 0748; narrowest range 0748 (0y) -> 8th century CE expanded +/-50y; confidence medium (<=60y window; rough floruit); source SNAP-DRGN data.snapdrgn.net retrieved 2026-10-04
snap:671736,person,Epander,,SNAP-DRGN merged ancient person; sources: collection.britishmuseum.org,alive,-149,50,medium,SNAP-DRGN person 671736 (http://data.snapdrgn.net/person/671736/); associated attestation dates: -0095; narrowest range -0095 (0y) -> 1st century BCE expanded +/-50y; confidence medium (<=60y window; rough floruit); source SNAP-DRGN data.snapdrgn.net retrieved 2026-10-04
snap:671737,person,Hakor,,SNAP-DRGN merged ancient person; sources: collection.britishmuseum.org,alive,-449,-250,medium,SNAP-DRGN person 671737 (http://data.snapdrgn.net/person/671737/); associated attestation dates: -0393; narrowest range -0393 (0y) -> 4th century BCE expanded +/-50y; confidence medium (<=60y window; rough floruit); source SNAP-DRGN data.snapdrgn.net retrieved 2026-10-04
snap:671738,person,Stateira,,SNAP-DRGN merged ancient person; sources: collection.britishmuseum.org,alive,-449,-250,medium,SNAP-DRGN person 671738 (http://data.snapdrgn.net/person/671738/); associated attestation dates: -0399; narrowest range -0399 (0y) -> 4th century BCE expanded +/-50y; confidence medium (<=60y window; rough floruit); source SNAP-DRGN data.snapdrgn.net retrieved 2026-10-04
snap:671739,person,Claudia Neronis,,SNAP-DRGN merged ancient person; sources: collection.britishmuseum.org,alive,-49,150,medium,SNAP-DRGN person 671739 (http://data.snapdrgn.net/person/671739/); associated attestation dates: 0063; narrowest range 0063 (0y) -> 1st century CE expanded +/-50y; confidence medium (<=60y window; rough floruit); source SNAP-DRGN data.snapdrgn.net retrieved 2026-10-04
snap:671740,person,The Painter of London F128,,SNAP-DRGN merged ancient person; sources: collection.britishmuseum.org,alive,-449,-250,medium,SNAP-DRGN person 671740 (http://data.snapdrgn.net/person/671740/); associated attestation dates: -0370; narrowest range -0370 (0y) -> 4th century BCE expanded +/-50y; confidence medium (<=60y window; rough floruit); source SNAP-DRGN data.snapdrgn.net retrieved 2026-10-04
snap:671741,person,Otomo no Yakamochi (大伴家持),,SNAP-DRGN merged ancient person; sources: collection.britishmuseum.org,alive,651,850,medium,SNAP-DRGN person 671741 (http://data.snapdrgn.net/person/671741/); associated attestation dates: 0718; narrowest range 0718 (0y) -> 8th century CE expanded +/-50y; confidence medium (<=60y window; rough floruit); source SNAP-DRGN data.snapdrgn.net retrieved 2026-10-04
snap:671742,person,Seleucus IV Philopator,,SNAP-DRGN merged ancient person; sources: collection.britishmuseum.org,alive,-249,-50,medium,SNAP-DRGN person 671742 (http://data.snapdrgn.net/person/671742/); associated attestation dates: -0187; narrowest range -0187 (0y) -> 2nd century BCE expanded +/-50y; confidence medium (<=60y window; rough floruit); source SNAP-DRGN data.snapdrgn.net retrieved 2026-10-04
snap:671743,person,Wang Wei 王維,,SNAP-DRGN merged ancient person; sources: collection.britishmuseum.org,alive,551,750,medium,SNAP-DRGN person 671743 (http://data.snapdrgn.net/person/671743/); associated attestation dates: 0699; narrowest range 0699 (0y) -> 7th century CE expanded +/-50y; confidence medium (<=60y window; rough floruit); source SNAP-DRGN data.snapdrgn.net retrieved 2026-10-04
snap:671744,person,Isaac Lacroix,,SNAP-DRGN merged ancient person; sources: collection.britishmuseum.org,alive,51,250,medium,SNAP-DRGN person 671744 (http://data.snapdrgn.net/person/671744/); associated attestation dates: 0175; narrowest range 0175 (0y) -> 2nd century CE expanded +/-50y; confidence medium (<=60y window; rough floruit); source SNAP-DRGN data.snapdrgn.net retrieved 2026-10-04
snap:671745,person,Aspasia,,SNAP-DRGN merged ancient person; sources: collection.britishmuseum.org,alive,-49,150,medium,SNAP-DRGN person 671745 (http://data.snapdrgn.net/person/671745/); associated attestation dates: 0005; narrowest range 0005 (0y) -> 1st century CE expanded +/-50y; confidence medium (<=60y window; rough floruit); source SNAP-DRGN data.snapdrgn.net retrieved 2026-10-04
snap:671746,person,(Baebius) Tampilus,,SNAP-DRGN merged ancient person; sources: collection.britishmuseum.org,alive,-249,-50,medium,SNAP-DRGN person 671746 (http://data.snapdrgn.net/person/671746/); associated attestation dates: -0194; narrowest range -0194 (0y) -> 2nd century BCE expanded +/-50y; confidence medium (<=60y window; rough floruit); source SNAP-DRGN data.snapdrgn.net retrieved 2026-10-04
snap:671747,person,Deme-Hiero,,SNAP-DRGN merged ancient person; sources: collection.britishmuseum.org,alive,-249,-50,medium,SNAP-DRGN person 671747 (http://data.snapdrgn.net/person/671747/); associated attestation dates: -0143; narrowest range -0143 (0y) -> 2nd century BCE expanded +/-50y; confidence medium (<=60y window; rough floruit); source SNAP-DRGN data.snapdrgn.net retrieved 2026-10-04
snap:671748,person,Childeric II; King of Austrasia and Neustria,,SNAP-DRGN merged ancient person; sources: collection.britishmuseum.org,alive,551,750,medium,SNAP-DRGN person 671748 (http://data.snapdrgn.net/person/671748/); associated attestation dates: 0653; narrowest range 0653 (0y) -> 7th century CE expanded +/-50y; confidence medium (<=60y window; rough floruit); source SNAP-DRGN data.snapdrgn.net retrieved 2026-10-04
snap:671749,person,Drusus The Younger,,SNAP-DRGN merged ancient person; sources: collection.britishmuseum.org,alive,-149,50,medium,SNAP-DRGN person 671749 (http://data.snapdrgn.net/person/671749/); associated attestation dates: -0013; narrowest range -0013 (0y) -> 1st century BCE expanded +/-50y; confidence medium (<=60y window; rough floruit); source SNAP-DRGN data.snapdrgn.net retrieved 2026-10-04
snap:671750,person,Khoryv,,SNAP-DRGN merged ancient person; sources: collection.britishmuseum.org,alive,351,550,medium,SNAP-DRGN person 671750 (http://data.snapdrgn.net/person/671750/); associated attestation dates: 0482; narrowest range 0482 (0y) -> 5th century CE expanded +/-50y; confidence medium (<=60y window; rough floruit); source SNAP-DRGN data.snapdrgn.net retrieved 2026-10-04
snap:671751,person,Pope Vigilius,,SNAP-DRGN merged ancient person; sources: collection.britishmuseum.org,alive,351,550,medium,SNAP-DRGN person 671751 (http://data.snapdrgn.net/person/671751/); associated attestation dates: 0500; narrowest range 0500 (0y) -> 5th century CE expanded +/-50y; confidence medium (<=60y window; rough floruit); source SNAP-DRGN data.snapdrgn.net retrieved 2026-10-04
snap:671752,person,Epictetus,,SNAP-DRGN merged ancient person; sources: collection.britishmuseum.org,alive,-49,150,medium,SNAP-DRGN person 671752 (http://data.snapdrgn.net/person/671752/); associated attestation dates: 0055; narrowest range 0055 (0y) -> 1st century CE expanded +/-50y; confidence medium (<=60y window; rough floruit); source SNAP-DRGN data.snapdrgn.net retrieved 2026-10-04
snap:671753,person,Messalla,,SNAP-DRGN merged ancient person; sources: collection.britishmuseum.org,alive,-149,50,medium,SNAP-DRGN person 671753 (http://data.snapdrgn.net/person/671753/); associated attestation dates: -0005; narrowest range -0005 (0y) -> 1st century BCE expanded +/-50y; confidence medium (<=60y window; rough floruit); source SNAP-DRGN data.snapdrgn.net retrieved 2026-10-04
snap:671754,person,Apollonius of Tyana,,SNAP-DRGN merged ancient person; sources: collection.britishmuseum.org,alive,-49,150,medium,SNAP-DRGN person 671754 (http://data.snapdrgn.net/person/671754/); associated attestation dates: 0001; narrowest range 0001 (0y) -> 1st century CE expanded +/-50y; confidence medium (<=60y window; rough floruit); source SNAP-DRGN data.snapdrgn.net retrieved 2026-10-04
snap:671755,person,Flavius Aetius,,SNAP-DRGN merged ancient person; sources: collection.britishmuseum.org,alive,251,450,medium,SNAP-DRGN person 671755 (http://data.snapdrgn.net/person/671755/); associated attestation dates: 0391; narrowest range 0391 (0y) -> 4th century CE expanded +/-50y; confidence medium (<=60y window; rough floruit); source SNAP-DRGN data.snapdrgn.net retrieved 2026-10-04
snap:671756,person,The Painter of Munich 2363,,SNAP-DRGN merged ancient person; sources: collection.britishmuseum.org,alive,-549,-350,medium,SNAP-DRGN person 671756 (http://data.snapdrgn.net/person/671756/); associated attestation dates: -0460; narrowest range -0460 (0y) -> 5th century BCE expanded +/-50y; confidence medium (<=60y window; rough floruit); source SNAP-DRGN data.snapdrgn.net retrieved 2026-10-04
snap:671757,person,Abdagases,,SNAP-DRGN merged ancient person; sources: collection.britishmuseum.org,alive,-49,150,medium,SNAP-DRGN person 671757 (http://data.snapdrgn.net/person/671757/); associated attestation dates: 0060; narrowest range 0060 (0y) -> 1st century CE expanded +/-50y; confidence medium (<=60y window; rough floruit); source SNAP-DRGN data.snapdrgn.net retrieved 2026-10-04
snap:671758,person,Sextus Propertius,,SNAP-DRGN merged ancient person; sources: collection.britishmuseum.org,alive,-149,50,medium,SNAP-DRGN person 671758 (http://data.snapdrgn.net/person/671758/); associated attestation dates: -0054; narrowest range -0054 (0y) -> 1st century BCE expanded +/-50y; confidence medium (<=60y window; rough floruit); source SNAP-DRGN data.snapdrgn.net retrieved 2026-10-04
snap:671759,person,Sallust,,SNAP-DRGN merged ancient person; sources: collection.britishmuseum.org,alive,-149,50,medium,SNAP-DRGN person 671759 (http://data.snapdrgn.net/person/671759/); associated attestation dates: -0086; narrowest range -0086 (0y) -> 1st century BCE expanded +/-50y; confidence medium (<=60y window; rough floruit); source SNAP-DRGN data.snapdrgn.net retrieved 2026-10-04
snap:671760,person,Sheshonq III,,SNAP-DRGN merged ancient person; sources: collection.britishmuseum.org,alive,-949,-750,medium,SNAP-DRGN person 671760 (http://data.snapdrgn.net/person/671760/); associated attestation dates: -0825; narrowest range -0825 (0y) -> 9th century BCE expanded +/-50y; confidence medium (<=60y window; rough floruit); source SNAP-DRGN data.snapdrgn.net retrieved 2026-10-04
snap:671761,person,Nestor-Mnaseas,,SNAP-DRGN merged ancient person; sources: collection.britishmuseum.org,alive,-149,50,medium,SNAP-DRGN person 671761 (http://data.snapdrgn.net/person/671761/); associated attestation dates: -0079; narrowest range -0079 (0y) -> 1st century BCE expanded +/-50y; confidence medium (<=60y window; rough floruit); source SNAP-DRGN data.snapdrgn.net retrieved 2026-10-04
snap:671762,person,Q Fabius Pictor,,SNAP-DRGN merged ancient person; sources: collection.britishmuseum.org,alive,-349,-150,medium,SNAP-DRGN person 671762 (http://data.snapdrgn.net/person/671762/); associated attestation dates: -0254; narrowest range -0254 (0y) -> 3rd century BCE expanded +/-50y; confidence medium (<=60y window; rough floruit); source SNAP-DRGN data.snapdrgn.net retrieved 2026-10-04
snap:671763,person,St Adelhard,,SNAP-DRGN merged ancient person; sources: collection.britishmuseum.org,alive,651,850,medium,SNAP-DRGN person 671763 (http://data.snapdrgn.net/person/671763/); associated attestation dates: 0752; narrowest range 0752 (0y) -> 8th century CE expanded +/-50y; confidence medium (<=60y window; rough floruit); source SNAP-DRGN data.snapdrgn.net retrieved 2026-10-04
snap:671764,person,Roxane,,SNAP-DRGN merged ancient person; sources: collection.britishmuseum.org,alive,251,450,medium,SNAP-DRGN person 671764 (http://data.snapdrgn.net/person/671764/); associated attestation dates: 0334; narrowest range 0334 (0y) -> 4th century CE expanded +/-50y; confidence medium (<=60y window; rough floruit); source SNAP-DRGN data.snapdrgn.net retrieved 2026-10-04
snap:671765,person,Constantine IV,,SNAP-DRGN merged ancient person; sources: collection.britishmuseum.org,alive,551,750,medium,SNAP-DRGN person 671765 (http://data.snapdrgn.net/person/671765/); associated attestation dates: 0652; narrowest range 0652 (0y) -> 7th century CE expanded +/-50y; confidence medium (<=60y window; rough floruit); source SNAP-DRGN data.snapdrgn.net retrieved 2026-10-04
snap:671766,person,Psamtek II,,SNAP-DRGN merged ancient person; sources: collection.britishmuseum.org,alive,-649,-450,medium,SNAP-DRGN person 671766 (http://data.snapdrgn.net/person/671766/); associated attestation dates: -0595; narrowest range -0595 (0y) -> 6th century BCE expanded +/-50y; confidence medium (<=60y window; rough floruit); source SNAP-DRGN data.snapdrgn.net retrieved 2026-10-04
snap:671767,person,St Corbinian,,SNAP-DRGN merged ancient person; sources: collection.britishmuseum.org,alive,551,750,medium,SNAP-DRGN person 671767 (http://data.snapdrgn.net/person/671767/); associated attestation dates: 0680; narrowest range 0680 (0y) -> 7th century CE expanded +/-50y; confidence medium (<=60y window; rough floruit); source SNAP-DRGN data.snapdrgn.net retrieved 2026-10-04
snap:671768,person,Justinian I,,SNAP-DRGN merged ancient person; sources: collection.britishmuseum.org,alive,351,550,medium,SNAP-DRGN person 671768 (http://data.snapdrgn.net/person/671768/); associated attestation dates: 0482; narrowest range 0482 (0y) -> 5th century CE expanded +/-50y; confidence medium (<=60y window; rough floruit); source SNAP-DRGN data.snapdrgn.net retrieved 2026-10-04
snap:671769,person,Dagobert I; King of the Franks,,SNAP-DRGN merged ancient person; sources: collection.britishmuseum.org,alive,551,750,medium,SNAP-DRGN person 671769 (http://data.snapdrgn.net/person/671769/); associated attestation dates: 0604; narrowest range 0604 (0y) -> 7th century CE expanded +/-50y; confidence medium (<=60y window; rough floruit); source SNAP-DRGN data.snapdrgn.net retrieved 2026-10-04
snap:671770,person,Thierry I,,SNAP-DRGN merged ancient person; sources: collection.britishmuseum.org,alive,351,550,medium,SNAP-DRGN person 671770 (http://data.snapdrgn.net/person/671770/); associated attestation dates: 0480; narrowest range 0480 (0y) -> 5th century CE expanded +/-50y; confidence medium (<=60y window; rough floruit); source SNAP-DRGN data.snapdrgn.net retrieved 2026-10-04
snap:671771,person,Amenmessu,,SNAP-DRGN merged ancient person; sources: collection.britishmuseum.org,alive,-1349,-1150,medium,SNAP-DRGN person 671771 (http://data.snapdrgn.net/person/671771/); associated attestation dates: -1203; narrowest range -1203 (0y) -> 13th century BCE expanded +/-50y; confidence medium (<=60y window; rough floruit); source SNAP-DRGN data.snapdrgn.net retrieved 2026-10-04
snap:671772,person,Kamnaskires VI,,SNAP-DRGN merged ancient person; sources: collection.britishmuseum.org,alive,-49,150,medium,SNAP-DRGN person 671772 (http://data.snapdrgn.net/person/671772/); associated attestation dates: 0058; narrowest range 0058 (0y) -> 1st century CE expanded +/-50y; confidence medium (<=60y window; rough floruit); source SNAP-DRGN data.snapdrgn.net retrieved 2026-10-04
snap:671773,person,Fu Dashi 傅大士,,SNAP-DRGN merged ancient person; sources: collection.britishmuseum.org,alive,351,550,medium,SNAP-DRGN person 671773 (http://data.snapdrgn.net/person/671773/); associated attestation dates: 0497; narrowest range 0497 (0y) -> 5th century CE expanded +/-50y; confidence medium (<=60y window; rough floruit); source SNAP-DRGN data.snapdrgn.net retrieved 2026-10-04
snap:671774,person,Menippus,,SNAP-DRGN merged ancient person; sources: collection.britishmuseum.org,alive,-349,-150,medium,SNAP-DRGN person 671774 (http://data.snapdrgn.net/person/671774/); associated attestation dates: -0299; narrowest range -0299 (0y) -> 3rd century BCE expanded +/-50y; confidence medium (<=60y window; rough floruit); source SNAP-DRGN data.snapdrgn.net retrieved 2026-10-04
snap:671775,person,Marcus Valerius Messalla Corvinus,,SNAP-DRGN merged ancient person; sources: collection.britishmuseum.org,alive,-149,50,medium,SNAP-DRGN person 671775 (http://data.snapdrgn.net/person/671775/); associated attestation dates: -0064; narrowest range -0064 (0y) -> 1st century BCE expanded +/-50y; confidence medium (<=60y window; rough floruit); source SNAP-DRGN data.snapdrgn.net retrieved 2026-10-04
snap:671776,person,St Maginus,,SNAP-DRGN merged ancient person; sources: collection.britishmuseum.org,alive,51,250,medium,SNAP-DRGN person 671776 (http://data.snapdrgn.net/person/671776/); associated attestation dates: 0200; narrowest range 0200 (0y) -> 2nd century CE expanded +/-50y; confidence medium (<=60y window; rough floruit); source SNAP-DRGN data.snapdrgn.net retrieved 2026-10-04
snap:671777,person,Osorkon II,,SNAP-DRGN merged ancient person; sources: collection.britishmuseum.org,alive,-949,-750,medium,SNAP-DRGN person 671777 (http://data.snapdrgn.net/person/671777/); associated attestation dates: -0874; narrowest range -0874 (0y) -> 9th century BCE expanded +/-50y; confidence medium (<=60y window; rough floruit); source SNAP-DRGN data.snapdrgn.net retrieved 2026-10-04
snap:671778,person,St Bavo,,SNAP-DRGN merged ancient person; sources: collection.britishmuseum.org,alive,451,650,medium,SNAP-DRGN person 671778 (http://data.snapdrgn.net/person/671778/); associated attestation dates: 0589; narrowest range 0589 (0y) -> 6th century CE expanded +/-50y; confidence medium (<=60y window; rough floruit); source SNAP-DRGN data.snapdrgn.net retrieved 2026-10-04
snap:671779,person,Four Crowned Martyrs,,SNAP-DRGN merged ancient person; sources: collection.britishmuseum.org,alive,151,350,medium,SNAP-DRGN person 671779 (http://data.snapdrgn.net/person/671779/); associated attestation dates: 0300; narrowest range 0300 (0y) -> 3rd century CE expanded +/-50y; confidence medium (<=60y window; rough floruit); source SNAP-DRGN data.snapdrgn.net retrieved 2026-10-04
snap:671780,person,Muhammad,,SNAP-DRGN merged ancient person; sources: collection.britishmuseum.org,alive,451,650,medium,SNAP-DRGN person 671780 (http://data.snapdrgn.net/person/671780/); associated attestation dates: 0570; narrowest range 0570 (0y) -> 6th century CE expanded +/-50y; confidence medium (<=60y window; rough floruit); source SNAP-DRGN data.snapdrgn.net retrieved 2026-10-04
snap:671781,person,St Geneviève,,SNAP-DRGN merged ancient person; sources: collection.britishmuseum.org,alive,351,550,medium,SNAP-DRGN person 671781 (http://data.snapdrgn.net/person/671781/); associated attestation dates: 0419; narrowest range 0419 (0y) -> 5th century CE expanded +/-50y; confidence medium (<=60y window; rough floruit); source SNAP-DRGN data.snapdrgn.net retrieved 2026-10-04
snap:671782,person,Apollodotus II,,SNAP-DRGN merged ancient person; sources: collection.britishmuseum.org,alive,-149,50,medium,SNAP-DRGN person 671782 (http://data.snapdrgn.net/person/671782/); associated attestation dates: -0065; narrowest range -0065 (0y) -> 1st century BCE expanded +/-50y; confidence medium (<=60y window; rough floruit); source SNAP-DRGN data.snapdrgn.net retrieved 2026-10-04
snap:671783,person,Timotheus,,SNAP-DRGN merged ancient person; sources: collection.britishmuseum.org,alive,-449,-250,medium,SNAP-DRGN person 671783 (http://data.snapdrgn.net/person/671783/); associated attestation dates: -0378; narrowest range -0378 (0y) -> 4th century BCE expanded +/-50y; confidence medium (<=60y window; rough floruit); source SNAP-DRGN data.snapdrgn.net retrieved 2026-10-04
snap:671784,person,Timotheos,,SNAP-DRGN merged ancient person; sources: collection.britishmuseum.org,alive,-449,-250,medium,SNAP-DRGN person 671784 (http://data.snapdrgn.net/person/671784/); associated attestation dates: -0399; narrowest range -0399 (0y) -> 4th century BCE expanded +/-50y; confidence medium (<=60y window; rough floruit); source SNAP-DRGN data.snapdrgn.net retrieved 2026-10-04
snap:671785,person,The Painter of Munich 2335,,SNAP-DRGN merged ancient person; sources: collection.britishmuseum.org,alive,-549,-350,medium,SNAP-DRGN person 671785 (http://data.snapdrgn.net/person/671785/); associated attestation dates: -0440; narrowest range -0440 (0y) -> 5th century BCE expanded +/-50y; confidence medium (<=60y window; rough floruit); source SNAP-DRGN data.snapdrgn.net retrieved 2026-10-04
snap:671786,person,Tiridates,,SNAP-DRGN merged ancient person; sources: collection.britishmuseum.org,alive,-149,50,medium,SNAP-DRGN person 671786 (http://data.snapdrgn.net/person/671786/); associated attestation dates: -0029; narrowest range -0029 (0y) -> 1st century BCE expanded +/-50y; confidence medium (<=60y window; rough floruit); source SNAP-DRGN data.snapdrgn.net retrieved 2026-10-04
snap:671787,person,Heliodorus,,SNAP-DRGN merged ancient person; sources: collection.britishmuseum.org,alive,-249,-50,medium,SNAP-DRGN person 671787 (http://data.snapdrgn.net/person/671787/); associated attestation dates: -0175; narrowest range -0175 (0y) -> 2nd century BCE expanded +/-50y; confidence medium (<=60y window; rough floruit); source SNAP-DRGN data.snapdrgn.net retrieved 2026-10-04
snap:671788,person,Mened-Epigeno,,SNAP-DRGN merged ancient person; sources: collection.britishmuseum.org,alive,-249,-50,medium,SNAP-DRGN person 671788 (http://data.snapdrgn.net/person/671788/); associated attestation dates: -0135; narrowest range -0135 (0y) -> 2nd century BCE expanded +/-50y; confidence medium (<=60y window; rough floruit); source SNAP-DRGN data.snapdrgn.net retrieved 2026-10-04
snap:671789,person,Kleitias,,SNAP-DRGN merged ancient person; sources: collection.britishmuseum.org,alive,-649,-450,medium,SNAP-DRGN person 671789 (http://data.snapdrgn.net/person/671789/); associated attestation dates: -0575; narrowest range -0575 (0y) -> 6th century BCE expanded +/-50y; confidence medium (<=60y window; rough floruit); source SNAP-DRGN data.snapdrgn.net retrieved 2026-10-04
snap:671790,person,Constantine VI,,SNAP-DRGN merged ancient person; sources: collection.britishmuseum.org,alive,651,850,medium,SNAP-DRGN person 671790 (http://data.snapdrgn.net/person/671790/); associated attestation dates: 0770; narrowest range 0770 (0y) -> 8th century CE expanded +/-50y; confidence medium (<=60y window; rough floruit); source SNAP-DRGN data.snapdrgn.net retrieved 2026-10-04
snap:671791,person,Ahmose,,SNAP-DRGN merged ancient person; sources: collection.britishmuseum.org,alive,-1649,-1450,medium,SNAP-DRGN person 671791 (http://data.snapdrgn.net/person/671791/); associated attestation dates: -1550; narrowest range -1550 (0y) -> 16th century BCE expanded +/-50y; confidence medium (<=60y window; rough floruit); source SNAP-DRGN data.snapdrgn.net retrieved 2026-10-04
snap:671792,person,Themisto-Theopompos,,SNAP-DRGN merged ancient person; sources: collection.britishmuseum.org,alive,-249,-50,medium,SNAP-DRGN person 671792 (http://data.snapdrgn.net/person/671792/); associated attestation dates: -0117; narrowest range -0117 (0y) -> 2nd century BCE expanded +/-50y; confidence medium (<=60y window; rough floruit); source SNAP-DRGN data.snapdrgn.net retrieved 2026-10-04
snap:671793,person,Ammo-Dio,,SNAP-DRGN merged ancient person; sources: collection.britishmuseum.org,alive,-249,-50,medium,SNAP-DRGN person 671793 (http://data.snapdrgn.net/person/671793/); associated attestation dates: -0150; narrowest range -0150 (0y) -> 2nd century BCE expanded +/-50y; confidence medium (<=60y window; rough floruit); source SNAP-DRGN data.snapdrgn.net retrieved 2026-10-04
snap:671794,person,Arminius,,SNAP-DRGN merged ancient person; sources: collection.britishmuseum.org,alive,-149,50,medium,SNAP-DRGN person 671794 (http://data.snapdrgn.net/person/671794/); associated attestation dates: -0018; narrowest range -0018 (0y) -> 1st century BCE expanded +/-50y; confidence medium (<=60y window; rough floruit); source SNAP-DRGN data.snapdrgn.net retrieved 2026-10-04
snap:671795,person,Demetrius of Phaleron,,SNAP-DRGN merged ancient person; sources: collection.britishmuseum.org,alive,-449,-250,medium,SNAP-DRGN person 671795 (http://data.snapdrgn.net/person/671795/); associated attestation dates: -0350; narrowest range -0350 (0y) -> 4th century BCE expanded +/-50y; confidence medium (<=60y window; rough floruit); source SNAP-DRGN data.snapdrgn.net retrieved 2026-10-04
snap:671796,person,Architimos-Demetri,,SNAP-DRGN merged ancient person; sources: collection.britishmuseum.org,alive,-149,50,medium,SNAP-DRGN person 671796 (http://data.snapdrgn.net/person/671796/); associated attestation dates: -0083; narrowest range -0083 (0y) -> 1st century BCE expanded +/-50y; confidence medium (<=60y window; rough floruit); source SNAP-DRGN data.snapdrgn.net retrieved 2026-10-04
snap:671797,person,Liu Bei 劉備,,SNAP-DRGN merged ancient person; sources: collection.britishmuseum.org,alive,51,250,medium,SNAP-DRGN person 671797 (http://data.snapdrgn.net/person/671797/); associated attestation dates: 0161; narrowest range 0161 (0y) -> 2nd century CE expanded +/-50y; confidence medium (<=60y window; rough floruit); source SNAP-DRGN data.snapdrgn.net retrieved 2026-10-04
snap:671798,person,Athaliah,,SNAP-DRGN merged ancient person; sources: collection.britishmuseum.org,alive,-949,-750,medium,SNAP-DRGN person 671798 (http://data.snapdrgn.net/person/671798/); associated attestation dates: -0899; narrowest range -0899 (0y) -> 9th century BCE expanded +/-50y; confidence medium (<=60y window; rough floruit); source SNAP-DRGN data.snapdrgn.net retrieved 2026-10-04
snap:671799,person,Nakhthorheb,,SNAP-DRGN merged ancient person; sources: collection.britishmuseum.org,alive,-449,-250,medium,SNAP-DRGN person 671799 (http://data.snapdrgn.net/person/671799/); associated attestation dates: -0360; narrowest range -0360 (0y) -> 4th century BCE expanded +/-50y; confidence medium (<=60y window; rough floruit); source SNAP-DRGN data.snapdrgn.net retrieved 2026-10-04
snap:671800,person,The Painter of London F1,,SNAP-DRGN merged ancient person; sources: collection.britishmuseum.org,alive,-449,-250,medium,SNAP-DRGN person 671800 (http://data.snapdrgn.net/person/671800/); associated attestation dates: -0400; narrowest range -0400 (0y) -> 4th century BCE expanded +/-50y; confidence medium (<=60y window; rough floruit); source SNAP-DRGN data.snapdrgn.net retrieved 2026-10-04
snap:671801,person,Amenemhat III,,SNAP-DRGN merged ancient person; sources: collection.britishmuseum.org,alive,-1949,-1750,medium,SNAP-DRGN person 671801 (http://data.snapdrgn.net/person/671801/); associated attestation dates: -1854; narrowest range -1854 (0y) -> 19th century BCE expanded +/-50y; confidence medium (<=60y window; rough floruit); source SNAP-DRGN data.snapdrgn.net retrieved 2026-10-04
snap:671802,person,Blaricum Painter,,SNAP-DRGN merged ancient person; sources: collection.britishmuseum.org,alive,-649,-450,medium,SNAP-DRGN person 671802 (http://data.snapdrgn.net/person/671802/); associated attestation dates: -0595; narrowest range -0595 (0y) -> 6th century BCE expanded +/-50y; confidence medium (<=60y window; rough floruit); source SNAP-DRGN data.snapdrgn.net retrieved 2026-10-04
snap:671803,person,Menedemos-Timokrates,,SNAP-DRGN merged ancient person; sources: collection.britishmuseum.org,alive,-149,50,medium,SNAP-DRGN person 671803 (http://data.snapdrgn.net/person/671803/); associated attestation dates: -0069; narrowest range -0069 (0y) -> 1st century BCE expanded +/-50y; confidence medium (<=60y window; rough floruit); source SNAP-DRGN data.snapdrgn.net retrieved 2026-10-04
snap:671804,person,Apries,,SNAP-DRGN merged ancient person; sources: collection.britishmuseum.org,alive,-649,-450,medium,SNAP-DRGN person 671804 (http://data.snapdrgn.net/person/671804/); associated attestation dates: -0589; narrowest range -0589 (0y) -> 6th century BCE expanded +/-50y; confidence medium (<=60y window; rough floruit); source SNAP-DRGN data.snapdrgn.net retrieved 2026-10-04
snap:671805,person,Yixing,,SNAP-DRGN merged ancient person; sources: collection.britishmuseum.org,alive,551,750,medium,SNAP-DRGN person 671805 (http://data.snapdrgn.net/person/671805/); associated attestation dates: 0672; narrowest range 0672 (0y) -> 7th century CE expanded +/-50y; confidence medium (<=60y window; rough floruit); source SNAP-DRGN data.snapdrgn.net retrieved 2026-10-04
snap:671806,person,Constantius II,,SNAP-DRGN merged ancient person; sources: collection.britishmuseum.org,alive,251,450,medium,SNAP-DRGN person 671806 (http://data.snapdrgn.net/person/671806/); associated attestation dates: 0317; narrowest range 0317 (0y) -> 4th century CE expanded +/-50y; confidence medium (<=60y window; rough floruit); source SNAP-DRGN data.snapdrgn.net retrieved 2026-10-04
snap:671807,person,Euripides,,SNAP-DRGN merged ancient person; sources: collection.britishmuseum.org,alive,-549,-350,medium,SNAP-DRGN person 671807 (http://data.snapdrgn.net/person/671807/); associated attestation dates: -0479; narrowest range -0479 (0y) -> 5th century BCE expanded +/-50y; confidence medium (<=60y window; rough floruit); source SNAP-DRGN data.snapdrgn.net retrieved 2026-10-04
snap:671808,person,St Begga,,SNAP-DRGN merged ancient person; sources: collection.britishmuseum.org,alive,551,750,medium,SNAP-DRGN person 671808 (http://data.snapdrgn.net/person/671808/); associated attestation dates: 0613; narrowest range 0613 (0y) -> 7th century CE expanded +/-50y; confidence medium (<=60y window; rough floruit); source SNAP-DRGN data.snapdrgn.net retrieved 2026-10-04
snap:671809,person,Empedocles,,SNAP-DRGN merged ancient person; sources: collection.britishmuseum.org,alive,-549,-350,medium,SNAP-DRGN person 671809 (http://data.snapdrgn.net/person/671809/); associated attestation dates: -0500; narrowest range -0500 (0y) -> 5th century BCE expanded +/-50y; confidence medium (<=60y window; rough floruit); source SNAP-DRGN data.snapdrgn.net retrieved 2026-10-04
snap:671810,person,Church of St Etienne,,SNAP-DRGN merged ancient person; sources: collection.britishmuseum.org,alive,451,650,medium,SNAP-DRGN person 671810 (http://data.snapdrgn.net/person/671810/); associated attestation dates: 0600; narrowest range 0600 (0y) -> 6th century CE expanded +/-50y; confidence medium (<=60y window; rough floruit); source SNAP-DRGN data.snapdrgn.net retrieved 2026-10-04
snap:671811,person,St Leger,,SNAP-DRGN merged ancient person; sources: collection.britishmuseum.org,alive,551,750,medium,SNAP-DRGN person 671811 (http://data.snapdrgn.net/person/671811/); associated attestation dates: 0616; narrowest range 0616 (0y) -> 7th century CE expanded +/-50y; confidence medium (<=60y window; rough floruit); source SNAP-DRGN data.snapdrgn.net retrieved 2026-10-04
snap:671812,person,St Caesarius of Arles,,SNAP-DRGN merged ancient person; sources: collection.britishmuseum.org,alive,351,550,medium,SNAP-DRGN person 671812 (http://data.snapdrgn.net/person/671812/); associated attestation dates: 0470; narrowest range 0470 (0y) -> 5th century CE expanded +/-50y; confidence medium (<=60y window; rough floruit); source SNAP-DRGN data.snapdrgn.net retrieved 2026-10-04
snap:671813,person,St Achilleus,,SNAP-DRGN merged ancient person; sources: collection.britishmuseum.org,alive,-49,150,medium,SNAP-DRGN person 671813 (http://data.snapdrgn.net/person/671813/); associated attestation dates: 0100; narrowest range 0100 (0y) -> 1st century CE expanded +/-50y; confidence medium (<=60y window; rough floruit); source SNAP-DRGN data.snapdrgn.net retrieved 2026-10-04
snap:671814,person,Yu Shinan 虞世南,,SNAP-DRGN merged ancient person; sources: collection.britishmuseum.org,alive,451,650,medium,SNAP-DRGN person 671814 (http://data.snapdrgn.net/person/671814/); associated attestation dates: 0558; narrowest range 0558 (0y) -> 6th century CE expanded +/-50y; confidence medium (<=60y window; rough floruit); source SNAP-DRGN data.snapdrgn.net retrieved 2026-10-04
snap:671815,person,Valentinian II,,SNAP-DRGN merged ancient person; sources: collection.britishmuseum.org,alive,251,450,medium,SNAP-DRGN person 671815 (http://data.snapdrgn.net/person/671815/); associated attestation dates: 0371; narrowest range 0371 (0y) -> 4th century CE expanded +/-50y; confidence medium (<=60y window; rough floruit); source SNAP-DRGN data.snapdrgn.net retrieved 2026-10-04
snap:671817,person,Kanaan Makiya,,SNAP-DRGN merged ancient person; sources: collection.britishmuseum.org,alive,-49,150,medium,SNAP-DRGN person 671817 (http://data.snapdrgn.net/person/671817/); associated attestation dates: 0020; narrowest range 0020 (0y) -> 1st century CE expanded +/-50y; confidence medium (<=60y window; rough floruit); source SNAP-DRGN data.snapdrgn.net retrieved 2026-10-04
snap:671818,person,Attalus III Philometor,,SNAP-DRGN merged ancient person; sources: collection.britishmuseum.org,alive,-249,-50,medium,SNAP-DRGN person 671818 (http://data.snapdrgn.net/person/671818/); associated attestation dates: -0170; narrowest range -0170 (0y) -> 2nd century BCE expanded +/-50y; confidence medium (<=60y window; rough floruit); source SNAP-DRGN data.snapdrgn.net retrieved 2026-10-04
snap:671819,person,Mei Fu 梅福,,SNAP-DRGN merged ancient person; sources: collection.britishmuseum.org,alive,-149,50,medium,SNAP-DRGN person 671819 (http://data.snapdrgn.net/person/671819/); associated attestation dates: -0099; narrowest range -0099 (0y) -> 1st century BCE expanded +/-50y; confidence medium (<=60y window; rough floruit); source SNAP-DRGN data.snapdrgn.net retrieved 2026-10-04
snap:671820,person,St Cecilia,,SNAP-DRGN merged ancient person; sources: collection.britishmuseum.org,alive,51,250,medium,SNAP-DRGN person 671820 (http://data.snapdrgn.net/person/671820/); associated attestation dates: 0200; narrowest range 0200 (0y) -> 2nd century CE expanded +/-50y; confidence medium (<=60y window; rough floruit); source SNAP-DRGN data.snapdrgn.net retrieved 2026-10-04
snap:671821,person,Adramelek,,SNAP-DRGN merged ancient person; sources: collection.britishmuseum.org,alive,-449,-250,medium,SNAP-DRGN person 671821 (http://data.snapdrgn.net/person/671821/); associated attestation dates: -0320; narrowest range -0320 (0y) -> 4th century BCE expanded +/-50y; confidence medium (<=60y window; rough floruit); source SNAP-DRGN data.snapdrgn.net retrieved 2026-10-04
snap:671822,person,Procopius of Caesarea,,SNAP-DRGN merged ancient person; sources: collection.britishmuseum.org,alive,351,550,medium,SNAP-DRGN person 671822 (http://data.snapdrgn.net/person/671822/); associated attestation dates: 0500; narrowest range 0500 (0y) -> 5th century CE expanded +/-50y; confidence medium (<=60y window; rough floruit); source SNAP-DRGN data.snapdrgn.net retrieved 2026-10-04
snap:671823,person,Kie,,SNAP-DRGN merged ancient person; sources: collection.britishmuseum.org,alive,351,550,medium,SNAP-DRGN person 671823 (http://data.snapdrgn.net/person/671823/); associated attestation dates: 0482; narrowest range 0482 (0y) -> 5th century CE expanded +/-50y; confidence medium (<=60y window; rough floruit); source SNAP-DRGN data.snapdrgn.net retrieved 2026-10-04
snap:671824,person,Aemilian,,SNAP-DRGN merged ancient person; sources: collection.britishmuseum.org,alive,151,350,medium,SNAP-DRGN person 671824 (http://data.snapdrgn.net/person/671824/); associated attestation dates: 0207; narrowest range 0207 (0y) -> 3rd century CE expanded +/-50y; confidence medium (<=60y window; rough floruit); source SNAP-DRGN data.snapdrgn.net retrieved 2026-10-04
snap:671825,person,Ikesios-Asklepiades,,SNAP-DRGN merged ancient person; sources: collection.britishmuseum.org,alive,-249,-50,medium,SNAP-DRGN person 671825 (http://data.snapdrgn.net/person/671825/); associated attestation dates: -0103; narrowest range -0103 (0y) -> 2nd century BCE expanded +/-50y; confidence medium (<=60y window; rough floruit); source SNAP-DRGN data.snapdrgn.net retrieved 2026-10-04
snap:671826,person,Bodhidharma,,SNAP-DRGN merged ancient person; sources: collection.britishmuseum.org,alive,351,550,medium,SNAP-DRGN person 671826 (http://data.snapdrgn.net/person/671826/); associated attestation dates: 0500; narrowest range 0500 (0y) -> 5th century CE expanded +/-50y; confidence medium (<=60y window; rough floruit); source SNAP-DRGN data.snapdrgn.net retrieved 2026-10-04
snap:671827,person,Lucius Cornelius Sulla,,SNAP-DRGN merged ancient person; sources: collection.britishmuseum.org,alive,-249,-50,medium,SNAP-DRGN person 671827 (http://data.snapdrgn.net/person/671827/); associated attestation dates: -0138; narrowest range -0138 (0y) -> 2nd century BCE expanded +/-50y; confidence medium (<=60y window; rough floruit); source SNAP-DRGN data.snapdrgn.net retrieved 2026-10-04
snap:671828,person,Gildas,,SNAP-DRGN merged ancient person; sources: collection.britishmuseum.org,alive,451,650,medium,SNAP-DRGN person 671828 (http://data.snapdrgn.net/person/671828/); associated attestation dates: 0516; narrowest range 0516 (0y) -> 6th century CE expanded +/-50y; confidence medium (<=60y window; rough floruit); source SNAP-DRGN data.snapdrgn.net retrieved 2026-10-04
snap:671829,person,Shanakdakhete,,SNAP-DRGN merged ancient person; sources: collection.britishmuseum.org,alive,-249,-50,medium,SNAP-DRGN person 671829 (http://data.snapdrgn.net/person/671829/); associated attestation dates: -0199; narrowest range -0199 (0y) -> 2nd century BCE expanded +/-50y; confidence medium (<=60y window; rough floruit); source SNAP-DRGN data.snapdrgn.net retrieved 2026-10-04
snap:671830,person,Lucretius,,SNAP-DRGN merged ancient person; sources: collection.britishmuseum.org,alive,-149,50,medium,SNAP-DRGN person 671830 (http://data.snapdrgn.net/person/671830/); associated attestation dates: -0099; narrowest range -0099 (0y) -> 1st century BCE expanded +/-50y; confidence medium (<=60y window; rough floruit); source SNAP-DRGN data.snapdrgn.net retrieved 2026-10-04
snap:671832,person,Tarquinius Sextus,,SNAP-DRGN merged ancient person; sources: collection.britishmuseum.org,alive,-649,-450,medium,SNAP-DRGN person 671832 (http://data.snapdrgn.net/person/671832/); associated attestation dates: -0599; narrowest range -0599 (0y) -> 6th century BCE expanded +/-50y; confidence medium (<=60y window; rough floruit); source SNAP-DRGN data.snapdrgn.net retrieved 2026-10-04
snap:671833,person,Antinous,,SNAP-DRGN merged ancient person; sources: collection.britishmuseum.org,alive,51,250,medium,SNAP-DRGN person 671833 (http://data.snapdrgn.net/person/671833/); associated attestation dates: 0110; narrowest range 0110 (0y) -> 2nd century CE expanded +/-50y; confidence medium (<=60y window; rough floruit); source SNAP-DRGN data.snapdrgn.net retrieved 2026-10-04
snap:671834,person,Hephaestion,,SNAP-DRGN merged ancient person; sources: collection.britishmuseum.org,alive,251,450,medium,SNAP-DRGN person 671834 (http://data.snapdrgn.net/person/671834/); associated attestation dates: 0356; narrowest range 0356 (0y) -> 4th century CE expanded +/-50y; confidence medium (<=60y window; rough floruit); source SNAP-DRGN data.snapdrgn.net retrieved 2026-10-04
snap:671835,person,Gaius Cilnius Maecenas,,SNAP-DRGN merged ancient person; sources: collection.britishmuseum.org,alive,-149,50,medium,SNAP-DRGN person 671835 (http://data.snapdrgn.net/person/671835/); associated attestation dates: -0064; narrowest range -0064 (0y) -> 1st century BCE expanded +/-50y; confidence medium (<=60y window; rough floruit); source SNAP-DRGN data.snapdrgn.net retrieved 2026-10-04
snap:671836,person,Publilius Syrus,,SNAP-DRGN merged ancient person; sources: collection.britishmuseum.org,alive,-49,150,medium,SNAP-DRGN person 671836 (http://data.snapdrgn.net/person/671836/); associated attestation dates: 0001; narrowest range 0001 (0y) -> 1st century CE expanded +/-50y; confidence medium (<=60y window; rough floruit); source SNAP-DRGN data.snapdrgn.net retrieved 2026-10-04
snap:671837,person,Lucilla,,SNAP-DRGN merged ancient person; sources: collection.britishmuseum.org,alive,51,250,medium,SNAP-DRGN person 671837 (http://data.snapdrgn.net/person/671837/); associated attestation dates: 0150; narrowest range 0150 (0y) -> 2nd century CE expanded +/-50y; confidence medium (<=60y window; rough floruit); source SNAP-DRGN data.snapdrgn.net retrieved 2026-10-04
snap:671839,person,Anastasius I,,SNAP-DRGN merged ancient person; sources: collection.britishmuseum.org,alive,351,550,medium,SNAP-DRGN person 671839 (http://data.snapdrgn.net/person/671839/); associated attestation dates: 0430; narrowest range 0430 (0y) -> 5th century CE expanded +/-50y; confidence medium (<=60y window; rough floruit); source SNAP-DRGN data.snapdrgn.net retrieved 2026-10-04
snap:671840,person,Amenemhat II,,SNAP-DRGN merged ancient person; sources: collection.britishmuseum.org,alive,-2049,-1850,medium,SNAP-DRGN person 671840 (http://data.snapdrgn.net/person/671840/); associated attestation dates: -1922; narrowest range -1922 (0y) -> 20th century BCE expanded +/-50y; confidence medium (<=60y window; rough floruit); source SNAP-DRGN data.snapdrgn.net retrieved 2026-10-04
snap:671841,person,Pliny the Younger,,SNAP-DRGN merged ancient person; sources: collection.britishmuseum.org,alive,-49,150,medium,SNAP-DRGN person 671841 (http://data.snapdrgn.net/person/671841/); associated attestation dates: 0061; narrowest range 0061 (0y) -> 1st century CE expanded +/-50y; confidence medium (<=60y window; rough floruit); source SNAP-DRGN data.snapdrgn.net retrieved 2026-10-04
snap:671842,person,Fang Xuanling 房玄齡,,SNAP-DRGN merged ancient person; sources: collection.britishmuseum.org,alive,451,650,medium,SNAP-DRGN person 671842 (http://data.snapdrgn.net/person/671842/); associated attestation dates: 0579; narrowest range 0579 (0y) -> 6th century CE expanded +/-50y; confidence medium (<=60y window; rough floruit); source SNAP-DRGN data.snapdrgn.net retrieved 2026-10-04
snap:671844,person,St Alban,,SNAP-DRGN merged ancient person; sources: collection.britishmuseum.org,alive,51,250,medium,SNAP-DRGN person 671844 (http://data.snapdrgn.net/person/671844/); associated attestation dates: 0200; narrowest range 0200 (0y) -> 2nd century CE expanded +/-50y; confidence medium (<=60y window; rough floruit); source SNAP-DRGN data.snapdrgn.net retrieved 2026-10-04
snap:671845,person,Apelles,,SNAP-DRGN merged ancient person; sources: collection.britishmuseum.org,alive,-449,-250,medium,SNAP-DRGN person 671845 (http://data.snapdrgn.net/person/671845/); associated attestation dates: -0399; narrowest range -0399 (0y) -> 4th century BCE expanded +/-50y; confidence medium (<=60y window; rough floruit); source SNAP-DRGN data.snapdrgn.net retrieved 2026-10-04
snap:671846,person,Sextus Pompeius Festus,,SNAP-DRGN merged ancient person; sources: collection.britishmuseum.org,alive,51,250,medium,SNAP-DRGN person 671846 (http://data.snapdrgn.net/person/671846/); associated attestation dates: 0200; narrowest range 0200 (0y) -> 2nd century CE expanded +/-50y; confidence medium (<=60y window; rough floruit); source SNAP-DRGN data.snapdrgn.net retrieved 2026-10-04
snap:671847,person,Quintus Rufus Curtius,,SNAP-DRGN merged ancient person; sources: collection.britishmuseum.org,alive,-49,150,medium,SNAP-DRGN person 671847 (http://data.snapdrgn.net/person/671847/); associated attestation dates: 0025; narrowest range 0025 (0y) -> 1st century CE expanded +/-50y; confidence medium (<=60y window; rough floruit); source SNAP-DRGN data.snapdrgn.net retrieved 2026-10-04
snap:671848,person,Kammu tenno 桓武天皇,,SNAP-DRGN merged ancient person; sources: collection.britishmuseum.org,alive,651,850,medium,SNAP-DRGN person 671848 (http://data.snapdrgn.net/person/671848/); associated attestation dates: 0736; narrowest range 0736 (0y) -> 8th century CE expanded +/-50y; confidence medium (<=60y window; rough floruit); source SNAP-DRGN data.snapdrgn.net retrieved 2026-10-04
snap:671849,person,The Petrie Painter,,SNAP-DRGN merged ancient person; sources: collection.britishmuseum.org,alive,-649,-450,medium,SNAP-DRGN person 671849 (http://data.snapdrgn.net/person/671849/); associated attestation dates: -0540; narrowest range -0540 (0y) -> 6th century BCE expanded +/-50y; confidence medium (<=60y window; rough floruit); source SNAP-DRGN data.snapdrgn.net retrieved 2026-10-04
snap:671850,person,Theophra-Sota,,SNAP-DRGN merged ancient person; sources: collection.britishmuseum.org,alive,-249,-50,medium,SNAP-DRGN person 671850 (http://data.snapdrgn.net/person/671850/); associated attestation dates: -0130; narrowest range -0130 (0y) -> 2nd century BCE expanded +/-50y; confidence medium (<=60y window; rough floruit); source SNAP-DRGN data.snapdrgn.net retrieved 2026-10-04
snap:671851,person,Lu Dongbin 呂洞賓,,SNAP-DRGN merged ancient person; sources: collection.britishmuseum.org,alive,651,850,medium,SNAP-DRGN person 671851 (http://data.snapdrgn.net/person/671851/); associated attestation dates: 0755; narrowest range 0755 (0y) -> 8th century CE expanded +/-50y; confidence medium (<=60y window; rough floruit); source SNAP-DRGN data.snapdrgn.net retrieved 2026-10-04
snap:671852,person,Jan Caspeels,,SNAP-DRGN merged ancient person; sources: collection.britishmuseum.org,alive,-49,150,medium,SNAP-DRGN person 671852 (http://data.snapdrgn.net/person/671852/); associated attestation dates: 0005; narrowest range 0005 (0y) -> 1st century CE expanded +/-50y; confidence medium (<=60y window; rough floruit); source SNAP-DRGN data.snapdrgn.net retrieved 2026-10-04
snap:671853,person,Tacitus,,SNAP-DRGN merged ancient person; sources: collection.britishmuseum.org,alive,51,250,medium,SNAP-DRGN person 671853 (http://data.snapdrgn.net/person/671853/); associated attestation dates: 0195; narrowest range 0195 (0y) -> 2nd century CE expanded +/-50y; confidence medium (<=60y window; rough floruit); source SNAP-DRGN data.snapdrgn.net retrieved 2026-10-04
snap:671854,person,Lysandros-Oinophilos,,SNAP-DRGN merged ancient person; sources: collection.britishmuseum.org,alive,-149,50,medium,SNAP-DRGN person 671854 (http://data.snapdrgn.net/person/671854/); associated attestation dates: -0082; narrowest range -0082 (0y) -> 1st century BCE expanded +/-50y; confidence medium (<=60y window; rough floruit); source SNAP-DRGN data.snapdrgn.net retrieved 2026-10-04
snap:671855,person,Cornelius Nepos,,SNAP-DRGN merged ancient person; sources: collection.britishmuseum.org,alive,-149,50,medium,SNAP-DRGN person 671855 (http://data.snapdrgn.net/person/671855/); associated attestation dates: -0100; narrowest range -0100 (0y) -> 1st century BCE expanded +/-50y; confidence medium (<=60y window; rough floruit); source SNAP-DRGN data.snapdrgn.net retrieved 2026-10-04
snap:671856,person,Longus,,SNAP-DRGN merged ancient person; sources: collection.britishmuseum.org,alive,51,250,medium,SNAP-DRGN person 671856 (http://data.snapdrgn.net/person/671856/); associated attestation dates: 0200; narrowest range 0200 (0y) -> 2nd century CE expanded +/-50y; confidence medium (<=60y window; rough floruit); source SNAP-DRGN data.snapdrgn.net retrieved 2026-10-04
snap:671857,person,Herodotus,,SNAP-DRGN merged ancient person; sources: collection.britishmuseum.org,alive,351,550,medium,SNAP-DRGN person 671857 (http://data.snapdrgn.net/person/671857/); associated attestation dates: 0484; narrowest range 0484 (0y) -> 5th century CE expanded +/-50y; confidence medium (<=60y window; rough floruit); source SNAP-DRGN data.snapdrgn.net retrieved 2026-10-04
snap:671858,person,Alexander II; Macedon,,SNAP-DRGN merged ancient person; sources: collection.britishmuseum.org,alive,-449,-250,medium,SNAP-DRGN person 671858 (http://data.snapdrgn.net/person/671858/); associated attestation dates: -0369; narrowest range -0369 (0y) -> 4th century BCE expanded +/-50y; confidence medium (<=60y window; rough floruit); source SNAP-DRGN data.snapdrgn.net retrieved 2026-10-04
snap:671859,person,Emperor Taizong 唐太宗,,SNAP-DRGN merged ancient person; sources: collection.britishmuseum.org,alive,451,650,medium,SNAP-DRGN person 671859 (http://data.snapdrgn.net/person/671859/); associated attestation dates: 0599; narrowest range 0599 (0y) -> 6th century CE expanded +/-50y; confidence medium (<=60y window; rough floruit); source SNAP-DRGN data.snapdrgn.net retrieved 2026-10-04
snap:671860,person,Herod the Great,,SNAP-DRGN merged ancient person; sources: collection.britishmuseum.org,alive,-149,50,medium,SNAP-DRGN person 671860 (http://data.snapdrgn.net/person/671860/); associated attestation dates: -0062; narrowest range -0062 (0y) -> 1st century BCE expanded +/-50y; confidence medium (<=60y window; rough floruit); source SNAP-DRGN data.snapdrgn.net retrieved 2026-10-04
snap:671861,person,Herostratus,,SNAP-DRGN merged ancient person; sources: collection.britishmuseum.org,alive,-49,150,medium,SNAP-DRGN person 671861 (http://data.snapdrgn.net/person/671861/); associated attestation dates: 0004; narrowest range 0004 (0y) -> 1st century CE expanded +/-50y; confidence medium (<=60y window; rough floruit); source SNAP-DRGN data.snapdrgn.net retrieved 2026-10-04
snap:671862,person,Brunhilde; Queen of the Franks,,SNAP-DRGN merged ancient person; sources: collection.britishmuseum.org,alive,451,650,medium,SNAP-DRGN person 671862 (http://data.snapdrgn.net/person/671862/); associated attestation dates: 0545; narrowest range 0545 (0y) -> 6th century CE expanded +/-50y; confidence medium (<=60y window; rough floruit); source SNAP-DRGN data.snapdrgn.net retrieved 2026-10-04
snap:671863,person,St Beuno,,SNAP-DRGN merged ancient person; sources: collection.britishmuseum.org,alive,351,550,medium,SNAP-DRGN person 671863 (http://data.snapdrgn.net/person/671863/); associated attestation dates: 0500; narrowest range 0500 (0y) -> 5th century CE expanded +/-50y; confidence medium (<=60y window; rough floruit); source SNAP-DRGN data.snapdrgn.net retrieved 2026-10-04
snap:671864,person,St Celsus,,SNAP-DRGN merged ancient person; sources: collection.britishmuseum.org,alive,-49,150,medium,SNAP-DRGN person 671864 (http://data.snapdrgn.net/person/671864/); associated attestation dates: 0001; narrowest range 0001 (0y) -> 1st century CE expanded +/-50y; confidence medium (<=60y window; rough floruit); source SNAP-DRGN data.snapdrgn.net retrieved 2026-10-04
snap:671866,person,Seleucus III Soter,,SNAP-DRGN merged ancient person; sources: collection.britishmuseum.org,alive,-349,-150,medium,SNAP-DRGN person 671866 (http://data.snapdrgn.net/person/671866/); associated attestation dates: -0226; narrowest range -0226 (0y) -> 3rd century BCE expanded +/-50y; confidence medium (<=60y window; rough floruit); source SNAP-DRGN data.snapdrgn.net retrieved 2026-10-04
snap:671867,person,Ursinus (antipope),,SNAP-DRGN merged ancient person; sources: collection.britishmuseum.org,alive,251,450,medium,SNAP-DRGN person 671867 (http://data.snapdrgn.net/person/671867/); associated attestation dates: 0385; narrowest range 0385 (0y) -> 4th century CE expanded +/-50y; confidence medium (<=60y window; rough floruit); source SNAP-DRGN data.snapdrgn.net retrieved 2026-10-04
snap:671868,person,Domitia Calvilla,,SNAP-DRGN merged ancient person; sources: collection.britishmuseum.org,alive,-49,150,medium,SNAP-DRGN person 671868 (http://data.snapdrgn.net/person/671868/); associated attestation dates: 0100; narrowest range 0100 (0y) -> 1st century CE expanded +/-50y; confidence medium (<=60y window; rough floruit); source SNAP-DRGN data.snapdrgn.net retrieved 2026-10-04
snap:671869,person,St Sigismund; King of Burgundy,,SNAP-DRGN merged ancient person; sources: collection.britishmuseum.org,alive,451,650,medium,SNAP-DRGN person 671869 (http://data.snapdrgn.net/person/671869/); associated attestation dates: 0524; narrowest range 0524 (0y) -> 6th century CE expanded +/-50y; confidence medium (<=60y window; rough floruit); source SNAP-DRGN data.snapdrgn.net retrieved 2026-10-04
snap:671870,person,Aurelian,,SNAP-DRGN merged ancient person; sources: collection.britishmuseum.org,alive,151,350,medium,SNAP-DRGN person 671870 (http://data.snapdrgn.net/person/671870/); associated attestation dates: 0214; narrowest range 0214 (0y) -> 3rd century CE expanded +/-50y; confidence medium (<=60y window; rough floruit); source SNAP-DRGN data.snapdrgn.net retrieved 2026-10-04
snap:671871,person,Stratonice I,,SNAP-DRGN merged ancient person; sources: collection.britishmuseum.org,alive,-349,-150,medium,SNAP-DRGN person 671871 (http://data.snapdrgn.net/person/671871/); associated attestation dates: -0268; narrowest range -0268 (0y) -> 3rd century BCE expanded +/-50y; confidence medium (<=60y window; rough floruit); source SNAP-DRGN data.snapdrgn.net retrieved 2026-10-04
snap:671872,person,Nero,,SNAP-DRGN merged ancient person; sources: collection.britishmuseum.org,alive,-49,150,medium,SNAP-DRGN person 671872 (http://data.snapdrgn.net/person/671872/); associated attestation dates: 0037; narrowest range 0037 (0y) -> 1st century CE expanded +/-50y; confidence medium (<=60y window; rough floruit); source SNAP-DRGN data.snapdrgn.net retrieved 2026-10-04
snap:671873,person,St Maximus,,SNAP-DRGN merged ancient person; sources: collection.britishmuseum.org,alive,-49,150,medium,SNAP-DRGN person 671873 (http://data.snapdrgn.net/person/671873/); associated attestation dates: 0003; narrowest range 0003 (0y) -> 1st century CE expanded +/-50y; confidence medium (<=60y window; rough floruit); source SNAP-DRGN data.snapdrgn.net retrieved 2026-10-04
snap:671874,person,Akhenaten,,SNAP-DRGN merged ancient person; sources: collection.britishmuseum.org,alive,-1449,-1250,medium,SNAP-DRGN person 671874 (http://data.snapdrgn.net/person/671874/); associated attestation dates: -1352; narrowest range -1352 (0y) -> 14th century BCE expanded +/-50y; confidence medium (<=60y window; rough floruit); source SNAP-DRGN data.snapdrgn.net retrieved 2026-10-04
snap:671875,person,Draco,,SNAP-DRGN merged ancient person; sources: collection.britishmuseum.org,alive,-749,-550,medium,SNAP-DRGN person 671875 (http://data.snapdrgn.net/person/671875/); associated attestation dates: -0621; narrowest range -0621 (0y) -> 7th century BCE expanded +/-50y; confidence medium (<=60y window; rough floruit); source SNAP-DRGN data.snapdrgn.net retrieved 2026-10-04
snap:671876,person,Metrodoros-Demosthen,,SNAP-DRGN merged ancient person; sources: collection.britishmuseum.org,alive,-249,-50,medium,SNAP-DRGN person 671876 (http://data.snapdrgn.net/person/671876/); associated attestation dates: -0115; narrowest range -0115 (0y) -> 2nd century BCE expanded +/-50y; confidence medium (<=60y window; rough floruit); source SNAP-DRGN data.snapdrgn.net retrieved 2026-10-04
snap:671877,person,Yao Silian 姚思廉,,SNAP-DRGN merged ancient person; sources: collection.britishmuseum.org,alive,451,650,medium,SNAP-DRGN person 671877 (http://data.snapdrgn.net/person/671877/); associated attestation dates: 0557; narrowest range 0557 (0y) -> 6th century CE expanded +/-50y; confidence medium (<=60y window; rough floruit); source SNAP-DRGN data.snapdrgn.net retrieved 2026-10-04
snap:671878,person,Eumareides-Kleomen,,SNAP-DRGN merged ancient person; sources: collection.britishmuseum.org,alive,-249,-50,medium,SNAP-DRGN person 671878 (http://data.snapdrgn.net/person/671878/); associated attestation dates: -0113; narrowest range -0113 (0y) -> 2nd century BCE expanded +/-50y; confidence medium (<=60y window; rough floruit); source SNAP-DRGN data.snapdrgn.net retrieved 2026-10-04
snap:671879,person,L. de Longastre,,SNAP-DRGN merged ancient person; sources: collection.britishmuseum.org,alive,-149,50,medium,SNAP-DRGN person 671879 (http://data.snapdrgn.net/person/671879/); associated attestation dates: -0005; narrowest range -0005 (0y) -> 1st century BCE expanded +/-50y; confidence medium (<=60y window; rough floruit); source SNAP-DRGN data.snapdrgn.net retrieved 2026-10-04
snap:671880,person,Yae,,SNAP-DRGN merged ancient person; sources: collection.britishmuseum.org,alive,651,850,medium,SNAP-DRGN person 671880 (http://data.snapdrgn.net/person/671880/); associated attestation dates: 0800; narrowest range 0800 (0y) -> 8th century CE expanded +/-50y; confidence medium (<=60y window; rough floruit); source SNAP-DRGN data.snapdrgn.net retrieved 2026-10-04
snap:671881,person,St Redempta,,SNAP-DRGN merged ancient person; sources: collection.britishmuseum.org,alive,351,550,medium,SNAP-DRGN person 671881 (http://data.snapdrgn.net/person/671881/); associated attestation dates: 0500; narrowest range 0500 (0y) -> 5th century CE expanded +/-50y; confidence medium (<=60y window; rough floruit); source SNAP-DRGN data.snapdrgn.net retrieved 2026-10-04
snap:671882,person,Herod Philip II,,SNAP-DRGN merged ancient person; sources: collection.britishmuseum.org,alive,-149,50,medium,SNAP-DRGN person 671882 (http://data.snapdrgn.net/person/671882/); associated attestation dates: -0004; narrowest range -0004 (0y) -> 1st century BCE expanded +/-50y; confidence medium (<=60y window; rough floruit); source SNAP-DRGN data.snapdrgn.net retrieved 2026-10-04
snap:671883,person,Gnaeus Domitius Corbulo,,SNAP-DRGN merged ancient person; sources: collection.britishmuseum.org,alive,-49,150,medium,SNAP-DRGN person 671883 (http://data.snapdrgn.net/person/671883/); associated attestation dates: 0047; narrowest range 0047 (0y) -> 1st century CE expanded +/-50y; confidence medium (<=60y window; rough floruit); source SNAP-DRGN data.snapdrgn.net retrieved 2026-10-04
snap:671884,person,Plutarch,,SNAP-DRGN merged ancient person; sources: collection.britishmuseum.org,alive,-49,150,medium,SNAP-DRGN person 671884 (http://data.snapdrgn.net/person/671884/); associated attestation dates: 0046; narrowest range 0046 (0y) -> 1st century CE expanded +/-50y; confidence medium (<=60y window; rough floruit); source SNAP-DRGN data.snapdrgn.net retrieved 2026-10-04
snap:671885,person,Amenhotep I,,SNAP-DRGN merged ancient person; sources: collection.britishmuseum.org,alive,-1649,-1450,medium,SNAP-DRGN person 671885 (http://data.snapdrgn.net/person/671885/); associated attestation dates: -1525; narrowest range -1525 (0y) -> 16th century BCE expanded +/-50y; confidence medium (<=60y window; rough floruit); source SNAP-DRGN data.snapdrgn.net retrieved 2026-10-04
snap:671886,person,Xiaowendi 孝文帝,,SNAP-DRGN merged ancient person; sources: collection.britishmuseum.org,alive,351,550,medium,SNAP-DRGN person 671886 (http://data.snapdrgn.net/person/671886/); associated attestation dates: 0471; narrowest range 0471 (0y) -> 5th century CE expanded +/-50y; confidence medium (<=60y window; rough floruit); source SNAP-DRGN data.snapdrgn.net retrieved 2026-10-04
snap:671887,person,Imam &#39;Ali ibn Musa al-Rida,,SNAP-DRGN merged ancient person; sources: collection.britishmuseum.org,alive,651,850,medium,SNAP-DRGN person 671887 (http://data.snapdrgn.net/person/671887/); associated attestation dates: 0765;0148; narrowest range 0765 (0y) -> 8th century CE expanded +/-50y; confidence medium (<=60y window; rough floruit); source SNAP-DRGN data.snapdrgn.net retrieved 2026-10-04
snap:671888,person,Leo IV the Khazar,,SNAP-DRGN merged ancient person; sources: collection.britishmuseum.org,alive,651,850,medium,SNAP-DRGN person 671888 (http://data.snapdrgn.net/person/671888/); associated attestation dates: 0749; narrowest range 0749 (0y) -> 8th century CE expanded +/-50y; confidence medium (<=60y window; rough floruit); source SNAP-DRGN data.snapdrgn.net retrieved 2026-10-04
snap:671889,person,St Hyacinth,,SNAP-DRGN merged ancient person; sources: collection.britishmuseum.org,alive,-49,150,medium,SNAP-DRGN person 671889 (http://data.snapdrgn.net/person/671889/); associated attestation dates: 0003; narrowest range 0003 (0y) -> 1st century CE expanded +/-50y; confidence medium (<=60y window; rough floruit); source SNAP-DRGN data.snapdrgn.net retrieved 2026-10-04
snap:671890,person,St Jovita,,SNAP-DRGN merged ancient person; sources: collection.britishmuseum.org,alive,-49,150,medium,SNAP-DRGN person 671890 (http://data.snapdrgn.net/person/671890/); associated attestation dates: 0002; narrowest range 0002 (0y) -> 1st century CE expanded +/-50y; confidence medium (<=60y window; rough floruit); source SNAP-DRGN data.snapdrgn.net retrieved 2026-10-04
snap:671891,person,Abdymon,,SNAP-DRGN merged ancient person; sources: collection.britishmuseum.org,alive,-549,-350,medium,SNAP-DRGN person 671891 (http://data.snapdrgn.net/person/671891/); associated attestation dates: -0415; narrowest range -0415 (0y) -> 5th century BCE expanded +/-50y; confidence medium (<=60y window; rough floruit); source SNAP-DRGN data.snapdrgn.net retrieved 2026-10-04
snap:671892,person,Saga tenno 嵯峨天皇,,SNAP-DRGN merged ancient person; sources: collection.britishmuseum.org,alive,651,850,medium,SNAP-DRGN person 671892 (http://data.snapdrgn.net/person/671892/); associated attestation dates: 0785; narrowest range 0785 (0y) -> 8th century CE expanded +/-50y; confidence medium (<=60y window; rough floruit); source SNAP-DRGN data.snapdrgn.net retrieved 2026-10-04
snap:671893,person,Ibni-shadum,,SNAP-DRGN merged ancient person; sources: collection.britishmuseum.org,alive,-2049,-1850,medium,SNAP-DRGN person 671893 (http://data.snapdrgn.net/person/671893/); associated attestation dates: -1999; narrowest range -1999 (0y) -> 20th century BCE expanded +/-50y; confidence medium (<=60y window; rough floruit); source SNAP-DRGN data.snapdrgn.net retrieved 2026-10-04
snap:671894,person,Nikogenes-Kallimaxos,,SNAP-DRGN merged ancient person; sources: collection.britishmuseum.org,alive,-149,50,medium,SNAP-DRGN person 671894 (http://data.snapdrgn.net/person/671894/); associated attestation dates: -0094; narrowest range -0094 (0y) -> 1st century BCE expanded +/-50y; confidence medium (<=60y window; rough floruit); source SNAP-DRGN data.snapdrgn.net retrieved 2026-10-04
snap:671895,person,Ramses II,,SNAP-DRGN merged ancient person; sources: collection.britishmuseum.org,alive,-1349,-1150,medium,SNAP-DRGN person 671895 (http://data.snapdrgn.net/person/671895/); associated attestation dates: -1279; narrowest range -1279 (0y) -> 13th century BCE expanded +/-50y; confidence medium (<=60y window; rough floruit); source SNAP-DRGN data.snapdrgn.net retrieved 2026-10-04
snap:671896,person,Diomedes; Indo-Greek King,,SNAP-DRGN merged ancient person; sources: collection.britishmuseum.org,alive,-149,50,medium,SNAP-DRGN person 671896 (http://data.snapdrgn.net/person/671896/); associated attestation dates: -0095; narrowest range -0095 (0y) -> 1st century BCE expanded +/-50y; confidence medium (<=60y window; rough floruit); source SNAP-DRGN data.snapdrgn.net retrieved 2026-10-04
snap:671897,person,Pope Damasus I (St Damasus),,SNAP-DRGN merged ancient person; sources: collection.britishmuseum.org,alive,251,450,medium,SNAP-DRGN person 671897 (http://data.snapdrgn.net/person/671897/); associated attestation dates: 0304; narrowest range 0304 (0y) -> 4th century CE expanded +/-50y; confidence medium (<=60y window; rough floruit); source SNAP-DRGN data.snapdrgn.net retrieved 2026-10-04
snap:671898,person,Antigonus II Gonatas; Macedon,,SNAP-DRGN merged ancient person; sources: collection.britishmuseum.org,alive,-449,-250,medium,SNAP-DRGN person 671898 (http://data.snapdrgn.net/person/671898/); associated attestation dates: -0320; narrowest range -0320 (0y) -> 4th century BCE expanded +/-50y; confidence medium (<=60y window; rough floruit); source SNAP-DRGN data.snapdrgn.net retrieved 2026-10-04
snap:671899,person,Flavia Julia,,SNAP-DRGN merged ancient person; sources: collection.britishmuseum.org,alive,-49,150,medium,SNAP-DRGN person 671899 (http://data.snapdrgn.net/person/671899/); associated attestation dates: 0065; narrowest range 0065 (0y) -> 1st century CE expanded +/-50y; confidence medium (<=60y window; rough floruit); source SNAP-DRGN data.snapdrgn.net retrieved 2026-10-04
snap:671900,person,Antonia,,SNAP-DRGN merged ancient person; sources: collection.britishmuseum.org,alive,-149,50,medium,SNAP-DRGN person 671900 (http://data.snapdrgn.net/person/671900/); associated attestation dates: -0036; narrowest range -0036 (0y) -> 1st century BCE expanded +/-50y; confidence medium (<=60y window; rough floruit); source SNAP-DRGN data.snapdrgn.net retrieved 2026-10-04
snap:671901,person,Zeuxis,,SNAP-DRGN merged ancient person; sources: collection.britishmuseum.org,alive,-549,-350,medium,SNAP-DRGN person 671901 (http://data.snapdrgn.net/person/671901/); associated attestation dates: -0499; narrowest range -0499 (0y) -> 5th century BCE expanded +/-50y; confidence medium (<=60y window; rough floruit); source SNAP-DRGN data.snapdrgn.net retrieved 2026-10-04
snap:671902,person,Childebert I; King of Paris,,SNAP-DRGN merged ancient person; sources: collection.britishmuseum.org,alive,351,550,medium,SNAP-DRGN person 671902 (http://data.snapdrgn.net/person/671902/); associated attestation dates: 0491; narrowest range 0491 (0y) -> 5th century CE expanded +/-50y; confidence medium (<=60y window; rough floruit); source SNAP-DRGN data.snapdrgn.net retrieved 2026-10-04
snap:671903,person,Heliodorus,,SNAP-DRGN merged ancient person; sources: collection.britishmuseum.org,alive,-349,-150,medium,SNAP-DRGN person 671903 (http://data.snapdrgn.net/person/671903/); associated attestation dates: -0299; narrowest range -0299 (0y) -> 3rd century BCE expanded +/-50y; confidence medium (<=60y window; rough floruit); source SNAP-DRGN data.snapdrgn.net retrieved 2026-10-04
snap:671904,person,Philip III Arrhidaeus; Macedon,,SNAP-DRGN merged ancient person; sources: collection.britishmuseum.org,alive,-449,-250,medium,SNAP-DRGN person 671904 (http://data.snapdrgn.net/person/671904/); associated attestation dates: -0357; narrowest range -0357 (0y) -> 4th century BCE expanded +/-50y; confidence medium (<=60y window; rough floruit); source SNAP-DRGN data.snapdrgn.net retrieved 2026-10-04
snap:671905,person,St Winefride,,SNAP-DRGN merged ancient person; sources: collection.britishmuseum.org,alive,451,650,medium,SNAP-DRGN person 671905 (http://data.snapdrgn.net/person/671905/); associated attestation dates: 0600; narrowest range 0600 (0y) -> 6th century CE expanded +/-50y; confidence medium (<=60y window; rough floruit); source SNAP-DRGN data.snapdrgn.net retrieved 2026-10-04
snap:671906,person,Dagobert III; King of the Franks,,SNAP-DRGN merged ancient person; sources: collection.britishmuseum.org,alive,551,750,medium,SNAP-DRGN person 671906 (http://data.snapdrgn.net/person/671906/); associated attestation dates: 0699; narrowest range 0699 (0y) -> 7th century CE expanded +/-50y; confidence medium (<=60y window; rough floruit); source SNAP-DRGN data.snapdrgn.net retrieved 2026-10-04
snap:671907,person,St Tiburtius,,SNAP-DRGN merged ancient person; sources: collection.britishmuseum.org,alive,-49,150,medium,SNAP-DRGN person 671907 (http://data.snapdrgn.net/person/671907/); associated attestation dates: 0003; narrowest range 0003 (0y) -> 1st century CE expanded +/-50y; confidence medium (<=60y window; rough floruit); source SNAP-DRGN data.snapdrgn.net retrieved 2026-10-04
snap:671908,person,The Painter of Munich 2528,,SNAP-DRGN merged ancient person; sources: collection.britishmuseum.org,alive,-549,-350,medium,SNAP-DRGN person 671908 (http://data.snapdrgn.net/person/671908/); associated attestation dates: -0425; narrowest range -0425 (0y) -> 5th century BCE expanded +/-50y; confidence medium (<=60y window; rough floruit); source SNAP-DRGN data.snapdrgn.net retrieved 2026-10-04
snap:671909,person,The Agrigento Painter,,SNAP-DRGN merged ancient person; sources: collection.britishmuseum.org,alive,-549,-350,medium,SNAP-DRGN person 671909 (http://data.snapdrgn.net/person/671909/); associated attestation dates: -0470; narrowest range -0470 (0y) -> 5th century BCE expanded +/-50y; confidence medium (<=60y window; rough floruit); source SNAP-DRGN data.snapdrgn.net retrieved 2026-10-04
snap:671910,person,Antoine Aubert,,SNAP-DRGN merged ancient person; sources: collection.britishmuseum.org,alive,-49,150,medium,SNAP-DRGN person 671910 (http://data.snapdrgn.net/person/671910/); associated attestation dates: 0001; narrowest range 0001 (0y) -> 1st century CE expanded +/-50y; confidence medium (<=60y window; rough floruit); source SNAP-DRGN data.snapdrgn.net retrieved 2026-10-04
snap:671912,person,Psusennes I,,SNAP-DRGN merged ancient person; sources: collection.britishmuseum.org,alive,-1149,-950,medium,SNAP-DRGN person 671912 (http://data.snapdrgn.net/person/671912/); associated attestation dates: -1039; narrowest range -1039 (0y) -> 11th century BCE expanded +/-50y; confidence medium (<=60y window; rough floruit); source SNAP-DRGN data.snapdrgn.net retrieved 2026-10-04
snap:671913,person,Tarhunzas,,SNAP-DRGN merged ancient person; sources: collection.britishmuseum.org,alive,-1049,-850,medium,SNAP-DRGN person 671913 (http://data.snapdrgn.net/person/671913/); associated attestation dates: -0999; narrowest range -0999 (0y) -> 10th century BCE expanded +/-50y; confidence medium (<=60y window; rough floruit); source SNAP-DRGN data.snapdrgn.net retrieved 2026-10-04
snap:671914,person,Xenocrates,,SNAP-DRGN merged ancient person; sources: collection.britishmuseum.org,alive,-449,-250,medium,SNAP-DRGN person 671914 (http://data.snapdrgn.net/person/671914/); associated attestation dates: -0396; narrowest range -0396 (0y) -> 4th century BCE expanded +/-50y; confidence medium (<=60y window; rough floruit); source SNAP-DRGN data.snapdrgn.net retrieved 2026-10-04
snap:671916,person,St Pudentiana,,SNAP-DRGN merged ancient person; sources: collection.britishmuseum.org,alive,-49,150,medium,SNAP-DRGN person 671916 (http://data.snapdrgn.net/person/671916/); associated attestation dates: 0001; narrowest range 0001 (0y) -> 1st century CE expanded +/-50y; confidence medium (<=60y window; rough floruit); source SNAP-DRGN data.snapdrgn.net retrieved 2026-10-04
snap:671917,person,Louis I the Pious; Holy Roman Emperor and King of the Franks,,SNAP-DRGN merged ancient person; sources: collection.britishmuseum.org,alive,651,850,medium,SNAP-DRGN person 671917 (http://data.snapdrgn.net/person/671917/); associated attestation dates: 0778; narrowest range 0778 (0y) -> 8th century CE expanded +/-50y; confidence medium (<=60y window; rough floruit); source SNAP-DRGN data.snapdrgn.net retrieved 2026-10-04
snap:671919,person,Hebusa,,SNAP-DRGN merged ancient person; sources: collection.britishmuseum.org,alive,251,450,medium,SNAP-DRGN person 671919 (http://data.snapdrgn.net/person/671919/); associated attestation dates: 0400; narrowest range 0400 (0y) -> 4th century CE expanded +/-50y; confidence medium (<=60y window; rough floruit); source SNAP-DRGN data.snapdrgn.net retrieved 2026-10-04
snap:671920,person,St Paul of Verdun,,SNAP-DRGN merged ancient person; sources: collection.britishmuseum.org,alive,-49,150,medium,SNAP-DRGN person 671920 (http://data.snapdrgn.net/person/671920/); associated attestation dates: 0007; narrowest range 0007 (0y) -> 1st century CE expanded +/-50y; confidence medium (<=60y window; rough floruit); source SNAP-DRGN data.snapdrgn.net retrieved 2026-10-04
snap:671921,person,Ptolemy III Euergetes I,,SNAP-DRGN merged ancient person; sources: collection.britishmuseum.org,alive,-349,-150,medium,SNAP-DRGN person 671921 (http://data.snapdrgn.net/person/671921/); associated attestation dates: -0246; narrowest range -0246 (0y) -> 3rd century BCE expanded +/-50y; confidence medium (<=60y window; rough floruit); source SNAP-DRGN data.snapdrgn.net retrieved 2026-10-04
snap:671922,person,Pompeius Trogus,,SNAP-DRGN merged ancient person; sources: collection.britishmuseum.org,alive,-49,150,medium,SNAP-DRGN person 671922 (http://data.snapdrgn.net/person/671922/); associated attestation dates: 0001; narrowest range 0001 (0y) -> 1st century CE expanded +/-50y; confidence medium (<=60y window; rough floruit); source SNAP-DRGN data.snapdrgn.net retrieved 2026-10-04
snap:671923,person,Mu Wang,,SNAP-DRGN merged ancient person; sources: collection.britishmuseum.org,alive,-1149,-950,medium,SNAP-DRGN person 671923 (http://data.snapdrgn.net/person/671923/); associated attestation dates: -1001; narrowest range -1001 (0y) -> 11th century BCE expanded +/-50y; confidence medium (<=60y window; rough floruit); source SNAP-DRGN data.snapdrgn.net retrieved 2026-10-04
snap:671924,person,Julia,,SNAP-DRGN merged ancient person; sources: collection.britishmuseum.org,alive,-149,50,medium,SNAP-DRGN person 671924 (http://data.snapdrgn.net/person/671924/); associated attestation dates: -0039; narrowest range -0039 (0y) -> 1st century BCE expanded +/-50y; confidence medium (<=60y window; rough floruit); source SNAP-DRGN data.snapdrgn.net retrieved 2026-10-04
snap:671925,person,Lysias,,SNAP-DRGN merged ancient person; sources: collection.britishmuseum.org,alive,-549,-350,medium,SNAP-DRGN person 671925 (http://data.snapdrgn.net/person/671925/); associated attestation dates: -0450; narrowest range -0450 (0y) -> 5th century BCE expanded +/-50y; confidence medium (<=60y window; rough floruit); source SNAP-DRGN data.snapdrgn.net retrieved 2026-10-04
snap:671926,person,Athalaric,,SNAP-DRGN merged ancient person; sources: collection.britishmuseum.org,alive,451,650,medium,SNAP-DRGN person 671926 (http://data.snapdrgn.net/person/671926/); associated attestation dates: 0516; narrowest range 0516 (0y) -> 6th century CE expanded +/-50y; confidence medium (<=60y window; rough floruit); source SNAP-DRGN data.snapdrgn.net retrieved 2026-10-04
snap:671927,person,Sima Qian 司馬遷,,SNAP-DRGN merged ancient person; sources: collection.britishmuseum.org,alive,-249,-50,medium,SNAP-DRGN person 671927 (http://data.snapdrgn.net/person/671927/); associated attestation dates: -0150; narrowest range -0150 (0y) -> 2nd century BCE expanded +/-50y; confidence medium (<=60y window; rough floruit); source SNAP-DRGN data.snapdrgn.net retrieved 2026-10-04
snap:671928,person,Ptolemy IV Philopator,,SNAP-DRGN merged ancient person; sources: collection.britishmuseum.org,alive,-349,-150,medium,SNAP-DRGN person 671928 (http://data.snapdrgn.net/person/671928/); associated attestation dates: -0222; narrowest range -0222 (0y) -> 3rd century BCE expanded +/-50y; confidence medium (<=60y window; rough floruit); source SNAP-DRGN data.snapdrgn.net retrieved 2026-10-04
snap:671930,person,Zhuang Zi (莊子),,SNAP-DRGN merged ancient person; sources: collection.britishmuseum.org,alive,-449,-250,medium,SNAP-DRGN person 671930 (http://data.snapdrgn.net/person/671930/); associated attestation dates: -0370; narrowest range -0370 (0y) -> 4th century BCE expanded +/-50y; confidence medium (<=60y window; rough floruit); source SNAP-DRGN data.snapdrgn.net retrieved 2026-10-04
snap:671931,person,Seleucus I Nicator,,SNAP-DRGN merged ancient person; sources: collection.britishmuseum.org,alive,-449,-250,medium,SNAP-DRGN person 671931 (http://data.snapdrgn.net/person/671931/); associated attestation dates: -0358; narrowest range -0358 (0y) -> 4th century BCE expanded +/-50y; confidence medium (<=60y window; rough floruit); source SNAP-DRGN data.snapdrgn.net retrieved 2026-10-04
snap:671932,person,Bartimaeus,,SNAP-DRGN merged ancient person; sources: collection.britishmuseum.org,alive,-49,150,medium,SNAP-DRGN person 671932 (http://data.snapdrgn.net/person/671932/); associated attestation dates: 0001; narrowest range 0001 (0y) -> 1st century CE expanded +/-50y; confidence medium (<=60y window; rough floruit); source SNAP-DRGN data.snapdrgn.net retrieved 2026-10-04
snap:671933,person,Atrisuhas,,SNAP-DRGN merged ancient person; sources: collection.britishmuseum.org,alive,-1049,-850,medium,SNAP-DRGN person 671933 (http://data.snapdrgn.net/person/671933/); associated attestation dates: -0999; narrowest range -0999 (0y) -> 10th century BCE expanded +/-50y; confidence medium (<=60y window; rough floruit); source SNAP-DRGN data.snapdrgn.net retrieved 2026-10-04
snap:671934,person,Yu Zhining 于志寧,,SNAP-DRGN merged ancient person; sources: collection.britishmuseum.org,alive,451,650,medium,SNAP-DRGN person 671934 (http://data.snapdrgn.net/person/671934/); associated attestation dates: 0588; narrowest range 0588 (0y) -> 6th century CE expanded +/-50y; confidence medium (<=60y window; rough floruit); source SNAP-DRGN data.snapdrgn.net retrieved 2026-10-04
snap:671935,person,Demetrios-Agathippos,,SNAP-DRGN merged ancient person; sources: collection.britishmuseum.org,alive,-149,50,medium,SNAP-DRGN person 671935 (http://data.snapdrgn.net/person/671935/); associated attestation dates: -0099; narrowest range -0099 (0y) -> 1st century BCE expanded +/-50y; confidence medium (<=60y window; rough floruit); source SNAP-DRGN data.snapdrgn.net retrieved 2026-10-04
snap:671936,person,Gaius Suetonius Paulinus,,SNAP-DRGN merged ancient person; sources: collection.britishmuseum.org,alive,-49,150,medium,SNAP-DRGN person 671936 (http://data.snapdrgn.net/person/671936/); associated attestation dates: 0060; narrowest range 0060 (0y) -> 1st century CE expanded +/-50y; confidence medium (<=60y window; rough floruit); source SNAP-DRGN data.snapdrgn.net retrieved 2026-10-04
snap:671937,person,Libyd,,SNAP-DRGN merged ancient person; sources: collection.britishmuseum.org,alive,351,550,medium,SNAP-DRGN person 671937 (http://data.snapdrgn.net/person/671937/); associated attestation dates: 0482; narrowest range 0482 (0y) -> 5th century CE expanded +/-50y; confidence medium (<=60y window; rough floruit); source SNAP-DRGN data.snapdrgn.net retrieved 2026-10-04
snap:671938,person,St Palladia,,SNAP-DRGN merged ancient person; sources: collection.britishmuseum.org,alive,-49,150,medium,SNAP-DRGN person 671938 (http://data.snapdrgn.net/person/671938/); associated attestation dates: 0002; narrowest range 0002 (0y) -> 1st century CE expanded +/-50y; confidence medium (<=60y window; rough floruit); source SNAP-DRGN data.snapdrgn.net retrieved 2026-10-04
snap:671939,person,Agrippa,,SNAP-DRGN merged ancient person; sources: collection.britishmuseum.org,alive,-149,50,medium,SNAP-DRGN person 671939 (http://data.snapdrgn.net/person/671939/); associated attestation dates: -0064; narrowest range -0064 (0y) -> 1st century BCE expanded +/-50y; confidence medium (<=60y window; rough floruit); source SNAP-DRGN data.snapdrgn.net retrieved 2026-10-04
snap:671940,person,Alferisio; count of Vicenza,,SNAP-DRGN merged ancient person; sources: collection.britishmuseum.org,alive,551,750,medium,SNAP-DRGN person 671940 (http://data.snapdrgn.net/person/671940/); associated attestation dates: 0680; narrowest range 0680 (0y) -> 7th century CE expanded +/-50y; confidence medium (<=60y window; rough floruit); source SNAP-DRGN data.snapdrgn.net retrieved 2026-10-04
snap:671941,person,Hypatia of Alexandria,,SNAP-DRGN merged ancient person; sources: collection.britishmuseum.org,alive,251,450,medium,SNAP-DRGN person 671941 (http://data.snapdrgn.net/person/671941/); associated attestation dates: 0365; narrowest range 0365 (0y) -> 4th century CE expanded +/-50y; confidence medium (<=60y window; rough floruit); source SNAP-DRGN data.snapdrgn.net retrieved 2026-10-04
snap:671942,person,Kointos-Kleas,,SNAP-DRGN merged ancient person; sources: collection.britishmuseum.org,alive,-149,50,medium,SNAP-DRGN person 671942 (http://data.snapdrgn.net/person/671942/); associated attestation dates: -0089; narrowest range -0089 (0y) -> 1st century BCE expanded +/-50y; confidence medium (<=60y window; rough floruit); source SNAP-DRGN data.snapdrgn.net retrieved 2026-10-04
snap:671943,person,Aphrodisi-Apolexi,,SNAP-DRGN merged ancient person; sources: collection.britishmuseum.org,alive,-249,-50,medium,SNAP-DRGN person 671943 (http://data.snapdrgn.net/person/671943/); associated attestation dates: -0123; narrowest range -0123 (0y) -> 2nd century BCE expanded +/-50y; confidence medium (<=60y window; rough floruit); source SNAP-DRGN data.snapdrgn.net retrieved 2026-10-04
snap:671944,person,Solinus,,SNAP-DRGN merged ancient person; sources: collection.britishmuseum.org,alive,151,350,medium,SNAP-DRGN person 671944 (http://data.snapdrgn.net/person/671944/); associated attestation dates: 0225; narrowest range 0225 (0y) -> 3rd century CE expanded +/-50y; confidence medium (<=60y window; rough floruit); source SNAP-DRGN data.snapdrgn.net retrieved 2026-10-04
snap:671946,person,Clotaire III; King of Neustria,,SNAP-DRGN merged ancient person; sources: collection.britishmuseum.org,alive,551,750,medium,SNAP-DRGN person 671946 (http://data.snapdrgn.net/person/671946/); associated attestation dates: 0652; narrowest range 0652 (0y) -> 7th century CE expanded +/-50y; confidence medium (<=60y window; rough floruit); source SNAP-DRGN data.snapdrgn.net retrieved 2026-10-04
snap:671947,person,Alcaeus,,SNAP-DRGN merged ancient person; sources: collection.britishmuseum.org,alive,-749,-550,medium,SNAP-DRGN person 671947 (http://data.snapdrgn.net/person/671947/); associated attestation dates: -0620; narrowest range -0620 (0y) -> 7th century BCE expanded +/-50y; confidence medium (<=60y window; rough floruit); source SNAP-DRGN data.snapdrgn.net retrieved 2026-10-04
snap:671948,person,Spartacus,,SNAP-DRGN merged ancient person; sources: collection.britishmuseum.org,alive,-249,-50,medium,SNAP-DRGN person 671948 (http://data.snapdrgn.net/person/671948/); associated attestation dates: -0109; narrowest range -0109 (0y) -> 2nd century BCE expanded +/-50y; confidence medium (<=60y window; rough floruit); source SNAP-DRGN data.snapdrgn.net retrieved 2026-10-04
snap:671949,person,Gallienus,,SNAP-DRGN merged ancient person; sources: collection.britishmuseum.org,alive,151,350,medium,SNAP-DRGN person 671949 (http://data.snapdrgn.net/person/671949/); associated attestation dates: 0218; narrowest range 0218 (0y) -> 3rd century CE expanded +/-50y; confidence medium (<=60y window; rough floruit); source SNAP-DRGN data.snapdrgn.net retrieved 2026-10-04
snap:671950,person,Emperor Suzong 唐肅宗,,SNAP-DRGN merged ancient person; sources: collection.britishmuseum.org,alive,651,850,medium,SNAP-DRGN person 671950 (http://data.snapdrgn.net/person/671950/); associated attestation dates: 0711; narrowest range 0711 (0y) -> 8th century CE expanded +/-50y; confidence medium (<=60y window; rough floruit); source SNAP-DRGN data.snapdrgn.net retrieved 2026-10-04
snap:671951,person,Antigonus III Doson; Macedon,,SNAP-DRGN merged ancient person; sources: collection.britishmuseum.org,alive,-349,-150,medium,SNAP-DRGN person 671951 (http://data.snapdrgn.net/person/671951/); associated attestation dates: -0263; narrowest range -0263 (0y) -> 3rd century BCE expanded +/-50y; confidence medium (<=60y window; rough floruit); source SNAP-DRGN data.snapdrgn.net retrieved 2026-10-04
snap:671952,person,St Reparata,,SNAP-DRGN merged ancient person; sources: collection.britishmuseum.org,alive,51,250,medium,SNAP-DRGN person 671952 (http://data.snapdrgn.net/person/671952/); associated attestation dates: 0200; narrowest range 0200 (0y) -> 2nd century CE expanded +/-50y; confidence medium (<=60y window; rough floruit); source SNAP-DRGN data.snapdrgn.net retrieved 2026-10-04
snap:671953,person,Hippocrates,,SNAP-DRGN merged ancient person; sources: collection.britishmuseum.org,alive,-549,-350,medium,SNAP-DRGN person 671953 (http://data.snapdrgn.net/person/671953/); associated attestation dates: -0460; narrowest range -0460 (0y) -> 5th century BCE expanded +/-50y; confidence medium (<=60y window; rough floruit); source SNAP-DRGN data.snapdrgn.net retrieved 2026-10-04
snap:671954,person,Antonius Felix,,SNAP-DRGN merged ancient person; sources: collection.britishmuseum.org,alive,-49,150,medium,SNAP-DRGN person 671954 (http://data.snapdrgn.net/person/671954/); associated attestation dates: 0001; narrowest range 0001 (0y) -> 1st century CE expanded +/-50y; confidence medium (<=60y window; rough floruit); source SNAP-DRGN data.snapdrgn.net retrieved 2026-10-04
snap:671955,person,Pertinax,,SNAP-DRGN merged ancient person; sources: collection.britishmuseum.org,alive,51,250,medium,SNAP-DRGN person 671955 (http://data.snapdrgn.net/person/671955/); associated attestation dates: 0126; narrowest range 0126 (0y) -> 2nd century CE expanded +/-50y; confidence medium (<=60y window; rough floruit); source SNAP-DRGN data.snapdrgn.net retrieved 2026-10-04
snap:671956,person,Theodosius II,,SNAP-DRGN merged ancient person; sources: collection.britishmuseum.org,alive,351,550,medium,SNAP-DRGN person 671956 (http://data.snapdrgn.net/person/671956/); associated attestation dates: 0401; narrowest range 0401 (0y) -> 5th century CE expanded +/-50y; confidence medium (<=60y window; rough floruit); source SNAP-DRGN data.snapdrgn.net retrieved 2026-10-04
snap:671957,person,Jishnu Gupta,,SNAP-DRGN merged ancient person; sources: collection.britishmuseum.org,alive,551,750,medium,SNAP-DRGN person 671957 (http://data.snapdrgn.net/person/671957/); associated attestation dates: 0622; narrowest range 0622 (0y) -> 7th century CE expanded +/-50y; confidence medium (<=60y window; rough floruit); source SNAP-DRGN data.snapdrgn.net retrieved 2026-10-04
snap:671958,person,St Hilda,,SNAP-DRGN merged ancient person; sources: collection.britishmuseum.org,alive,551,750,medium,SNAP-DRGN person 671958 (http://data.snapdrgn.net/person/671958/); associated attestation dates: 0614; narrowest range 0614 (0y) -> 7th century CE expanded +/-50y; confidence medium (<=60y window; rough floruit); source SNAP-DRGN data.snapdrgn.net retrieved 2026-10-04
snap:671960,person,Louis III; King of France,,SNAP-DRGN merged ancient person; sources: collection.britishmuseum.org,alive,-49,150,medium,SNAP-DRGN person 671960 (http://data.snapdrgn.net/person/671960/); associated attestation dates: 0060; narrowest range 0060 (0y) -> 1st century CE expanded +/-50y; confidence medium (<=60y window; rough floruit); source SNAP-DRGN data.snapdrgn.net retrieved 2026-10-04
snap:671961,person,Diopha-Diodo,,SNAP-DRGN merged ancient person; sources: collection.britishmuseum.org,alive,-249,-50,medium,SNAP-DRGN person 671961 (http://data.snapdrgn.net/person/671961/); associated attestation dates: -0144; narrowest range -0144 (0y) -> 2nd century BCE expanded +/-50y; confidence medium (<=60y window; rough floruit); source SNAP-DRGN data.snapdrgn.net retrieved 2026-10-04
snap:671962,person,Wudi (Northern Zhou),,SNAP-DRGN merged ancient person; sources: collection.britishmuseum.org,alive,451,650,medium,SNAP-DRGN person 671962 (http://data.snapdrgn.net/person/671962/); associated attestation dates: 0561; narrowest range 0561 (0y) -> 6th century CE expanded +/-50y; confidence medium (<=60y window; rough floruit); source SNAP-DRGN data.snapdrgn.net retrieved 2026-10-04
snap:671963,person,St Columba of Iona,,SNAP-DRGN merged ancient person; sources: collection.britishmuseum.org,alive,451,650,medium,SNAP-DRGN person 671963 (http://data.snapdrgn.net/person/671963/); associated attestation dates: 0521; narrowest range 0521 (0y) -> 6th century CE expanded +/-50y; confidence medium (<=60y window; rough floruit); source SNAP-DRGN data.snapdrgn.net retrieved 2026-10-04
snap:671964,person,Socrates,,SNAP-DRGN merged ancient person; sources: collection.britishmuseum.org,alive,-549,-350,medium,SNAP-DRGN person 671964 (http://data.snapdrgn.net/person/671964/); associated attestation dates: -0469; narrowest range -0469 (0y) -> 5th century BCE expanded +/-50y; confidence medium (<=60y window; rough floruit); source SNAP-DRGN data.snapdrgn.net retrieved 2026-10-04
snap:671965,person,Germanicus Julius Caesar,,SNAP-DRGN merged ancient person; sources: collection.britishmuseum.org,alive,-149,50,medium,SNAP-DRGN person 671965 (http://data.snapdrgn.net/person/671965/); associated attestation dates: -0015; narrowest range -0015 (0y) -> 1st century BCE expanded +/-50y; confidence medium (<=60y window; rough floruit); source SNAP-DRGN data.snapdrgn.net retrieved 2026-10-04
snap:671966,person,Gaius Octavius,,SNAP-DRGN merged ancient person; sources: collection.britishmuseum.org,alive,-149,50,medium,SNAP-DRGN person 671966 (http://data.snapdrgn.net/person/671966/); associated attestation dates: -0100; narrowest range -0100 (0y) -> 1st century BCE expanded +/-50y; confidence medium (<=60y window; rough floruit); source SNAP-DRGN data.snapdrgn.net retrieved 2026-10-04
snap:671967,person,Amenhotep IV,,SNAP-DRGN merged ancient person; sources: collection.britishmuseum.org,alive,-1449,-1250,medium,SNAP-DRGN person 671967 (http://data.snapdrgn.net/person/671967/); associated attestation dates: -1352; narrowest range -1352 (0y) -> 14th century BCE expanded +/-50y; confidence medium (<=60y window; rough floruit); source SNAP-DRGN data.snapdrgn.net retrieved 2026-10-04
snap:671968,person,Anaximander,,SNAP-DRGN merged ancient person; sources: collection.britishmuseum.org,alive,-749,-550,medium,SNAP-DRGN person 671968 (http://data.snapdrgn.net/person/671968/); associated attestation dates: -0610; narrowest range -0610 (0y) -> 7th century BCE expanded +/-50y; confidence medium (<=60y window; rough floruit); source SNAP-DRGN data.snapdrgn.net retrieved 2026-10-04
snap:671969,person,Alexander IV Aegus; Macedon,,SNAP-DRGN merged ancient person; sources: collection.britishmuseum.org,alive,-449,-250,medium,SNAP-DRGN person 671969 (http://data.snapdrgn.net/person/671969/); associated attestation dates: -0323; narrowest range -0323 (0y) -> 4th century BCE expanded +/-50y; confidence medium (<=60y window; rough floruit); source SNAP-DRGN data.snapdrgn.net retrieved 2026-10-04
snap:671970,person,Vipsania Agrippina,,SNAP-DRGN merged ancient person; sources: collection.britishmuseum.org,alive,-149,50,medium,SNAP-DRGN person 671970 (http://data.snapdrgn.net/person/671970/); associated attestation dates: -0036; narrowest range -0036 (0y) -> 1st century BCE expanded +/-50y; confidence medium (<=60y window; rough floruit); source SNAP-DRGN data.snapdrgn.net retrieved 2026-10-04
snap:671971,person,Merlin,,SNAP-DRGN merged ancient person; sources: collection.britishmuseum.org,alive,251,450,medium,SNAP-DRGN person 671971 (http://data.snapdrgn.net/person/671971/); associated attestation dates: 0400; narrowest range 0400 (0y) -> 4th century CE expanded +/-50y; confidence medium (<=60y window; rough floruit); source SNAP-DRGN data.snapdrgn.net retrieved 2026-10-04
snap:671972,person,St Abdon,,SNAP-DRGN merged ancient person; sources: collection.britishmuseum.org,alive,-49,150,medium,SNAP-DRGN person 671972 (http://data.snapdrgn.net/person/671972/); associated attestation dates: 0003; narrowest range 0003 (0y) -> 1st century CE expanded +/-50y; confidence medium (<=60y window; rough floruit); source SNAP-DRGN data.snapdrgn.net retrieved 2026-10-04
snap:671976,person,Maximus; Tyrius,,SNAP-DRGN merged ancient person; sources: www.viaf.org,alive,51,250,medium,SNAP-DRGN person 671976 (http://data.snapdrgn.net/person/671976/); associated attestation dates: 0125/0185; narrowest range 0125/0185 (60y) -> 2nd century CE expanded +/-50y; confidence medium (<=60y window; rough floruit); source SNAP-DRGN data.snapdrgn.net retrieved 2026-10-04
snap:671979,person,Eusebius Historicus 3. Jh. n. Chr,,SNAP-DRGN merged ancient person; sources: www.viaf.org,alive,251,450,low,SNAP-DRGN person 671979 (http://data.snapdrgn.net/person/671979/); associated attestation dates: 0300/0400; narrowest range 0300/0400 (100y) -> 4th century CE expanded +/-50y; confidence low (century inferred from attestation window); source SNAP-DRGN data.snapdrgn.net retrieved 2026-10-04
snap:671980,person,Remi d&#39;Auxerre 0841?-0908?,,SNAP-DRGN merged ancient person; sources: www.viaf.org,alive,751,950,low,SNAP-DRGN person 671980 (http://data.snapdrgn.net/person/671980/); associated attestation dates: 0841/0908; narrowest range 0841/0908 (67y) -> 9th century CE expanded +/-50y; confidence low (century inferred from attestation window); source SNAP-DRGN data.snapdrgn.net retrieved 2026-10-04
snap:671986,person,Paulinus Mediolanensis 370-422,,SNAP-DRGN merged ancient person; sources: www.viaf.org,alive,251,450,medium,SNAP-DRGN person 671986 (http://data.snapdrgn.net/person/671986/); associated attestation dates: 0370/0422; narrowest range 0370/0422 (52y) -> 4th century CE expanded +/-50y; confidence medium (<=60y window; rough floruit); source SNAP-DRGN data.snapdrgn.net retrieved 2026-10-04
snap:671988,person,Pausanias; active approximately 150-175,,SNAP-DRGN merged ancient person; sources: www.viaf.org,alive,51,250,low,SNAP-DRGN person 671988 (http://data.snapdrgn.net/person/671988/); associated attestation dates: 0100/0200; narrowest range 0100/0200 (100y) -> 2nd century CE expanded +/-50y; confidence low (century inferred from attestation window); source SNAP-DRGN data.snapdrgn.net retrieved 2026-10-04
snap:671989,person,Marcellus I. Papst -308,,SNAP-DRGN merged ancient person; sources: www.viaf.org,alive,-449,-250,medium,SNAP-DRGN person 671989 (http://data.snapdrgn.net/person/671989/); associated attestation dates: -0308; narrowest range -0308 (0y) -> 4th century BCE expanded +/-50y; confidence medium (<=60y window; rough floruit); source SNAP-DRGN data.snapdrgn.net retrieved 2026-10-04
snap:671990,person,Hugues Capet 0941?-0996,,SNAP-DRGN merged ancient person; sources: www.viaf.org,alive,851,1050,medium,SNAP-DRGN person 671990 (http://data.snapdrgn.net/person/671990/); associated attestation dates: 0941/0996; narrowest range 0941/0996 (55y) -> 10th century CE expanded +/-50y; confidence medium (<=60y window; rough floruit); source SNAP-DRGN data.snapdrgn.net retrieved 2026-10-04
snap:671992,person,Maximus Taurinensis; Mitte 5. Jh. ca. Mitte 5. Jh.,,SNAP-DRGN merged ancient person; sources: www.viaf.org,alive,451,650,medium,SNAP-DRGN person 671992 (http://data.snapdrgn.net/person/671992/); associated attestation dates: 0525/0575; narrowest range 0525/0575 (50y) -> 6th century CE expanded +/-50y; confidence medium (<=60y window; rough floruit); source SNAP-DRGN data.snapdrgn.net retrieved 2026-10-04
snap:671996,person,Constance 0317-0361 empereur romain II,,SNAP-DRGN merged ancient person; sources: www.viaf.org,alive,251,450,medium,SNAP-DRGN person 671996 (http://data.snapdrgn.net/person/671996/); associated attestation dates: 0317/0361; narrowest range 0317/0361 (44y) -> 4th century CE expanded +/-50y; confidence medium (<=60y window; rough floruit); source SNAP-DRGN data.snapdrgn.net retrieved 2026-10-04
snap:672001,person,Cleonides ca. 2. Jh.,,SNAP-DRGN merged ancient person; sources: www.viaf.org,alive,51,250,low,SNAP-DRGN person 672001 (http://data.snapdrgn.net/person/672001/); associated attestation dates: 0100/0200; narrowest range 0100/0200 (100y) -> 2nd century CE expanded +/-50y; confidence low (century inferred from attestation window); source SNAP-DRGN data.snapdrgn.net retrieved 2026-10-04
snap:672004,person,Montanus Phrygius ca. 2. Jh.,,SNAP-DRGN merged ancient person; sources: www.viaf.org,alive,51,250,low,SNAP-DRGN person 672004 (http://data.snapdrgn.net/person/672004/); associated attestation dates: 0100/0200; narrowest range 0100/0200 (100y) -> 2nd century CE expanded +/-50y; confidence low (century inferred from attestation window); source SNAP-DRGN data.snapdrgn.net retrieved 2026-10-04
snap:672005,person,Honoratus Massiliensis -492,,SNAP-DRGN merged ancient person; sources: www.viaf.org,alive,-549,-350,medium,SNAP-DRGN person 672005 (http://data.snapdrgn.net/person/672005/); associated attestation dates: -0492; narrowest range -0492 (0y) -> 5th century BCE expanded +/-50y; confidence medium (<=60y window; rough floruit); source SNAP-DRGN data.snapdrgn.net retrieved 2026-10-04
snap:672006,person,Marcion; 0085?-0160?,,SNAP-DRGN merged ancient person; sources: www.viaf.org,alive,51,250,low,SNAP-DRGN person 672006 (http://data.snapdrgn.net/person/672006/); associated attestation dates: 0085/0160; narrowest range 0085/0160 (75y) -> 2nd century CE expanded +/-50y; confidence low (century inferred from attestation window); source SNAP-DRGN data.snapdrgn.net retrieved 2026-10-04
snap:672007,person,Eccardus I. Sangallensis ca. ca. 900-973,,SNAP-DRGN merged ancient person; sources: www.viaf.org,alive,851,1050,low,SNAP-DRGN person 672007 (http://data.snapdrgn.net/person/672007/); associated attestation dates: 0900/0973; narrowest range 0900/0973 (73y) -> 10th century CE expanded +/-50y; confidence low (century inferred from attestation window); source SNAP-DRGN data.snapdrgn.net retrieved 2026-10-04
snap:672009,person,Patrick; ca389-ca461,,SNAP-DRGN merged ancient person; sources: www.viaf.org,alive,351,550,low,SNAP-DRGN person 672009 (http://data.snapdrgn.net/person/672009/); associated attestation dates: 0385/0463; narrowest range 0385/0463 (78y) -> 5th century CE expanded +/-50y; confidence low (century inferred from attestation window); source SNAP-DRGN data.snapdrgn.net retrieved 2026-10-04
snap:672013,person,Priscillianus 340-385,,SNAP-DRGN merged ancient person; sources: www.viaf.org,alive,251,450,medium,SNAP-DRGN person 672013 (http://data.snapdrgn.net/person/672013/); associated attestation dates: 0340/0385; narrowest range 0340/0385 (45y) -> 4th century CE expanded +/-50y; confidence medium (<=60y window; rough floruit); source SNAP-DRGN data.snapdrgn.net retrieved 2026-10-04
snap:672014,person,Nicétas de Rémésiana; 0341?-0414?,,SNAP-DRGN merged ancient person; sources: www.viaf.org,alive,251,450,low,SNAP-DRGN person 672014 (http://data.snapdrgn.net/person/672014/); associated attestation dates: 0341/0414; narrowest range 0341/0414 (73y) -> 4th century CE expanded +/-50y; confidence low (century inferred from attestation window); source SNAP-DRGN data.snapdrgn.net retrieved 2026-10-04
snap:672015,person,Arrianus; Flavius; ca95-ca175,,SNAP-DRGN merged ancient person; sources: www.viaf.org,alive,51,250,low,SNAP-DRGN person 672015 (http://data.snapdrgn.net/person/672015/); associated attestation dates: 0095/0175; narrowest range 0095/0175 (80y) -> 2nd century CE expanded +/-50y; confidence low (century inferred from attestation window); source SNAP-DRGN data.snapdrgn.net retrieved 2026-10-04
snap:672016,person,Fausta Römisches Reich; Kaiserin 298-326,,SNAP-DRGN merged ancient person; sources: www.viaf.org,alive,251,450,medium,SNAP-DRGN person 672016 (http://data.snapdrgn.net/person/672016/); associated attestation dates: 0298/0326; narrowest range 0298/0326 (28y) -> 4th century CE expanded +/-50y; confidence medium (<=60y window; rough floruit); source SNAP-DRGN data.snapdrgn.net retrieved 2026-10-04
snap:672018,person,Cleomedes.,,SNAP-DRGN merged ancient person; sources: www.viaf.org,alive,51,250,low,SNAP-DRGN person 672018 (http://data.snapdrgn.net/person/672018/); associated attestation dates: 0100/0200; narrowest range 0100/0200 (100y) -> 2nd century CE expanded +/-50y; confidence low (century inferred from attestation window); source SNAP-DRGN data.snapdrgn.net retrieved 2026-10-04
snap:672022,person,Marius Victor; Claudius ca. -425,,SNAP-DRGN merged ancient person; sources: www.viaf.org,alive,-549,-350,medium,SNAP-DRGN person 672022 (http://data.snapdrgn.net/person/672022/); associated attestation dates: -0425; narrowest range -0425 (0y) -> 5th century BCE expanded +/-50y; confidence medium (<=60y window; rough floruit); source SNAP-DRGN data.snapdrgn.net retrieved 2026-10-04
snap:672024,person,Himerius 310-385,,SNAP-DRGN merged ancient person; sources: www.viaf.org,alive,251,450,low,SNAP-DRGN person 672024 (http://data.snapdrgn.net/person/672024/); associated attestation dates: 0310/0385; narrowest range 0310/0385 (75y) -> 4th century CE expanded +/-50y; confidence low (century inferred from attestation window); source SNAP-DRGN data.snapdrgn.net retrieved 2026-10-04
snap:672025,person,Nicarque; 0030?-0100?,,SNAP-DRGN merged ancient person; sources: www.viaf.org,alive,-49,150,low,SNAP-DRGN person 672025 (http://data.snapdrgn.net/person/672025/); associated attestation dates: 0030/0100; narrowest range 0030/0100 (70y) -> 1st century CE expanded +/-50y; confidence low (century inferred from attestation window); source SNAP-DRGN data.snapdrgn.net retrieved 2026-10-04
snap:672028,person,Menander; Protector,,SNAP-DRGN merged ancient person; sources: www.viaf.org,alive,551,750,low,SNAP-DRGN person 672028 (http://data.snapdrgn.net/person/672028/); associated attestation dates: 0600/0700; narrowest range 0600/0700 (100y) -> 7th century CE expanded +/-50y; confidence low (century inferred from attestation window); source SNAP-DRGN data.snapdrgn.net retrieved 2026-10-04
snap:672029,person,Alexandre empereur byzantin 0871?-0912?,,SNAP-DRGN merged ancient person; sources: www.viaf.org,alive,751,950,medium,SNAP-DRGN person 672029 (http://data.snapdrgn.net/person/672029/); associated attestation dates: 0871/0912; narrowest range 0871/0912 (41y) -> 9th century CE expanded +/-50y; confidence medium (<=60y window; rough floruit); source SNAP-DRGN data.snapdrgn.net retrieved 2026-10-04
snap:672031,person,Apollonius ca. 2. Jh Dyscolus,,SNAP-DRGN merged ancient person; sources: www.viaf.org,alive,51,250,low,SNAP-DRGN person 672031 (http://data.snapdrgn.net/person/672031/); associated attestation dates: 0100/0200; narrowest range 0100/0200 (100y) -> 2nd century CE expanded +/-50y; confidence low (century inferred from attestation window); source SNAP-DRGN data.snapdrgn.net retrieved 2026-10-04
snap:672032,person,Fulgentius; Claudius Gordianus 467-533,,SNAP-DRGN merged ancient person; sources: www.viaf.org,alive,351,550,low,SNAP-DRGN person 672032 (http://data.snapdrgn.net/person/672032/); associated attestation dates: 0467/0533; narrowest range 0467/0533 (66y) -> 5th century CE expanded +/-50y; confidence low (century inferred from attestation window); source SNAP-DRGN data.snapdrgn.net retrieved 2026-10-04
snap:672033,person,Donatus; Aelius ca. 4. Jh.,,SNAP-DRGN merged ancient person; sources: www.viaf.org,alive,351,550,low,SNAP-DRGN person 672033 (http://data.snapdrgn.net/person/672033/); associated attestation dates: 0400/0500; narrowest range 0400/0500 (100y) -> 5th century CE expanded +/-50y; confidence low (century inferred from attestation window); source SNAP-DRGN data.snapdrgn.net retrieved 2026-10-04
snap:672035,person,Magnence; 0303?-0353,,SNAP-DRGN merged ancient person; sources: www.viaf.org,alive,-449,-250,medium,SNAP-DRGN person 672035 (http://data.snapdrgn.net/person/672035/); associated attestation dates: -0353; narrowest range -0353 (0y) -> 4th century BCE expanded +/-50y; confidence medium (<=60y window; rough floruit); source SNAP-DRGN data.snapdrgn.net retrieved 2026-10-04
snap:672036,person,Gregencjusz 5..- 6..) (św. ;,,SNAP-DRGN merged ancient person; sources: www.viaf.org,alive,551,750,low,SNAP-DRGN person 672036 (http://data.snapdrgn.net/person/672036/); associated attestation dates: 0600/0700; narrowest range 0600/0700 (100y) -> 7th century CE expanded +/-50y; confidence low (century inferred from attestation window); source SNAP-DRGN data.snapdrgn.net retrieved 2026-10-04
snap:672040,person,Ammien 0060?-0120?,,SNAP-DRGN merged ancient person; sources: www.viaf.org,alive,-49,150,medium,SNAP-DRGN person 672040 (http://data.snapdrgn.net/person/672040/); associated attestation dates: 0060/0120; narrowest range 0060/0120 (60y) -> 1st century CE expanded +/-50y; confidence medium (<=60y window; rough floruit); source SNAP-DRGN data.snapdrgn.net retrieved 2026-10-04
snap:672041,person,Chromace d&#39;Aquilée saint 0335?-0407?,,SNAP-DRGN merged ancient person; sources: www.viaf.org,alive,251,450,low,SNAP-DRGN person 672041 (http://data.snapdrgn.net/person/672041/); associated attestation dates: 0335/0407; narrowest range 0335/0407 (72y) -> 4th century CE expanded +/-50y; confidence low (century inferred from attestation window); source SNAP-DRGN data.snapdrgn.net retrieved 2026-10-04
snap:672045,person,Liborius Heiliger ca. -ca. 397,,SNAP-DRGN merged ancient person; sources: www.viaf.org,alive,-449,-250,medium,SNAP-DRGN person 672045 (http://data.snapdrgn.net/person/672045/); associated attestation dates: -0397; narrowest range -0397 (0y) -> 4th century BCE expanded +/-50y; confidence medium (<=60y window; rough floruit); source SNAP-DRGN data.snapdrgn.net retrieved 2026-10-04
snap:672048,person,Diophante 0246?-0330?,,SNAP-DRGN merged ancient person; sources: www.viaf.org,alive,151,350,low,SNAP-DRGN person 672048 (http://data.snapdrgn.net/person/672048/); associated attestation dates: 0246/0330; narrowest range 0246/0330 (84y) -> 3rd century CE expanded +/-50y; confidence low (century inferred from attestation window); source SNAP-DRGN data.snapdrgn.net retrieved 2026-10-04
snap:672049,person,Lucius Märtyrer; 260 -260,,SNAP-DRGN merged ancient person; sources: www.viaf.org,alive,-349,-150,medium,SNAP-DRGN person 672049 (http://data.snapdrgn.net/person/672049/); associated attestation dates: -0260; narrowest range -0260 (0y) -> 3rd century BCE expanded +/-50y; confidence medium (<=60y window; rough floruit); source SNAP-DRGN data.snapdrgn.net retrieved 2026-10-04
snap:672051,person,Theodoros von Herakleia -355,,SNAP-DRGN merged ancient person; sources: www.viaf.org,alive,-449,-250,medium,SNAP-DRGN person 672051 (http://data.snapdrgn.net/person/672051/); associated attestation dates: -0355; narrowest range -0355 (0y) -> 4th century BCE expanded +/-50y; confidence medium (<=60y window; rough floruit); source SNAP-DRGN data.snapdrgn.net retrieved 2026-10-04
snap:672052,person,Symmachus; Q. Aurelius; ca345-405,,SNAP-DRGN merged ancient person; sources: www.viaf.org,alive,-549,-350,medium,SNAP-DRGN person 672052 (http://data.snapdrgn.net/person/672052/); associated attestation dates: -0405; narrowest range -0405 (0y) -> 5th century BCE expanded +/-50y; confidence medium (<=60y window; rough floruit); source SNAP-DRGN data.snapdrgn.net retrieved 2026-10-04
snap:672055,person,Menander sec. III di Laodicea; retore,,SNAP-DRGN merged ancient person; sources: www.viaf.org,alive,251,450,low,SNAP-DRGN person 672055 (http://data.snapdrgn.net/person/672055/); associated attestation dates: 0300/0400; narrowest range 0300/0400 (100y) -> 4th century CE expanded +/-50y; confidence low (century inferred from attestation window); source SNAP-DRGN data.snapdrgn.net retrieved 2026-10-04
snap:672059,person,Himerius; approximately 310-approximately 390,,SNAP-DRGN merged ancient person; sources: www.viaf.org,alive,251,450,low,SNAP-DRGN person 672059 (http://data.snapdrgn.net/person/672059/); associated attestation dates: 0310/0390; narrowest range 0310/0390 (80y) -> 4th century CE expanded +/-50y; confidence low (century inferred from attestation window); source SNAP-DRGN data.snapdrgn.net retrieved 2026-10-04
snap:672060,person,Hilary; Saint; Bishop of Poitiers; -367?,,SNAP-DRGN merged ancient person; sources: www.viaf.org,alive,251,450,medium,SNAP-DRGN person 672060 (http://data.snapdrgn.net/person/672060/); associated attestation dates: 0315/0367; narrowest range 0315/0367 (52y) -> 4th century CE expanded +/-50y; confidence medium (<=60y window; rough floruit); source SNAP-DRGN data.snapdrgn.net retrieved 2026-10-04
snap:672061,person,Polycarpus Smyrnaeus -156,,SNAP-DRGN merged ancient person; sources: www.viaf.org,alive,-249,-50,medium,SNAP-DRGN person 672061 (http://data.snapdrgn.net/person/672061/); associated attestation dates: -0156; narrowest range -0156 (0y) -> 2nd century BCE expanded +/-50y; confidence medium (<=60y window; rough floruit); source SNAP-DRGN data.snapdrgn.net retrieved 2026-10-04
snap:672064,person,Evodius Uzalitanus -424,,SNAP-DRGN merged ancient person; sources: www.viaf.org,alive,-549,-350,medium,SNAP-DRGN person 672064 (http://data.snapdrgn.net/person/672064/); associated attestation dates: -0424; narrowest range -0424 (0y) -> 5th century BCE expanded +/-50y; confidence medium (<=60y window; rough floruit); source SNAP-DRGN data.snapdrgn.net retrieved 2026-10-04
snap:672066,person,Agathias; -582,,SNAP-DRGN merged ancient person; sources: www.viaf.org,alive,451,650,medium,SNAP-DRGN person 672066 (http://data.snapdrgn.net/person/672066/); associated attestation dates: 0536/0582; narrowest range 0536/0582 (46y) -> 6th century CE expanded +/-50y; confidence medium (<=60y window; rough floruit); source SNAP-DRGN data.snapdrgn.net retrieved 2026-10-04
snap:672068,person,Ptolemaios Märtyrer ca. 2. Jh.,,SNAP-DRGN merged ancient person; sources: www.viaf.org,alive,51,250,low,SNAP-DRGN person 672068 (http://data.snapdrgn.net/person/672068/); associated attestation dates: 0100/0200; narrowest range 0100/0200 (100y) -> 2nd century CE expanded +/-50y; confidence low (century inferred from attestation window); source SNAP-DRGN data.snapdrgn.net retrieved 2026-10-04
snap:672070,person,Clodius Thrasea Paetus; Publius -66,,SNAP-DRGN merged ancient person; sources: www.viaf.org,alive,-149,50,medium,SNAP-DRGN person 672070 (http://data.snapdrgn.net/person/672070/); associated attestation dates: -0066; narrowest range -0066 (0y) -> 1st century BCE expanded +/-50y; confidence medium (<=60y window; rough floruit); source SNAP-DRGN data.snapdrgn.net retrieved 2026-10-04
snap:672073,person,Theodorus Illustrius ca. 6. Jh.,,SNAP-DRGN merged ancient person; sources: www.viaf.org,alive,551,750,low,SNAP-DRGN person 672073 (http://data.snapdrgn.net/person/672073/); associated attestation dates: 0600/0700; narrowest range 0600/0700 (100y) -> 7th century CE expanded +/-50y; confidence low (century inferred from attestation window); source SNAP-DRGN data.snapdrgn.net retrieved 2026-10-04
snap:672074,person,Zosimus Papst -418,,SNAP-DRGN merged ancient person; sources: www.viaf.org,alive,-549,-350,medium,SNAP-DRGN person 672074 (http://data.snapdrgn.net/person/672074/); associated attestation dates: -0418; narrowest range -0418 (0y) -> 5th century BCE expanded +/-50y; confidence medium (<=60y window; rough floruit); source SNAP-DRGN data.snapdrgn.net retrieved 2026-10-04
snap:672076,person,Josephus fl. 912-959 Genesius,,SNAP-DRGN merged ancient person; sources: www.viaf.org,alive,951,1150,low,SNAP-DRGN person 672076 (http://data.snapdrgn.net/person/672076/); associated attestation dates: 1000/1100; narrowest range 1000/1100 (100y) -> 11th century CE expanded +/-50y; confidence low (century inferred from attestation window); source SNAP-DRGN data.snapdrgn.net retrieved 2026-10-04
snap:672078,person,Regalianus Römisches Reich; Kaiser; Gegenkaiser ca. 3. Jh.,,SNAP-DRGN merged ancient person; sources: www.viaf.org,alive,251,450,low,SNAP-DRGN person 672078 (http://data.snapdrgn.net/person/672078/); associated attestation dates: 0300/0400; narrowest range 0300/0400 (100y) -> 4th century CE expanded +/-50y; confidence low (century inferred from attestation window); source SNAP-DRGN data.snapdrgn.net retrieved 2026-10-04
snap:672079,person,Nestorius; 0380?-0451,,SNAP-DRGN merged ancient person; sources: www.viaf.org,alive,351,550,low,SNAP-DRGN person 672079 (http://data.snapdrgn.net/person/672079/); associated attestation dates: 0380/0451; narrowest range 0380/0451 (71y) -> 5th century CE expanded +/-50y; confidence low (century inferred from attestation window); source SNAP-DRGN data.snapdrgn.net retrieved 2026-10-04
snap:672082,person,Eutherius Tyanensis ca. 5. Jh.,,SNAP-DRGN merged ancient person; sources: www.viaf.org,alive,451,650,low,SNAP-DRGN person 672082 (http://data.snapdrgn.net/person/672082/); associated attestation dates: 0500/0600; narrowest range 0500/0600 (100y) -> 6th century CE expanded +/-50y; confidence low (century inferred from attestation window); source SNAP-DRGN data.snapdrgn.net retrieved 2026-10-04
snap:672083,person,Faustus active 5th century of Riez,,SNAP-DRGN merged ancient person; sources: www.viaf.org,alive,351,550,low,SNAP-DRGN person 672083 (http://data.snapdrgn.net/person/672083/); associated attestation dates: 0410/0495; narrowest range 0410/0495 (85y) -> 5th century CE expanded +/-50y; confidence low (century inferred from attestation window); source SNAP-DRGN data.snapdrgn.net retrieved 2026-10-04
snap:672085,person,Ulpianus; Domitius; 170-228,,SNAP-DRGN merged ancient person; sources: www.viaf.org,alive,51,250,medium,SNAP-DRGN person 672085 (http://data.snapdrgn.net/person/672085/); associated attestation dates: 0170/0228; narrowest range 0170/0228 (58y) -> 2nd century CE expanded +/-50y; confidence medium (<=60y window; rough floruit); source SNAP-DRGN data.snapdrgn.net retrieved 2026-10-04
snap:672087,person,Ablabius Rhetor 5. Jh. n. Chr,,SNAP-DRGN merged ancient person; sources: www.viaf.org,alive,451,650,low,SNAP-DRGN person 672087 (http://data.snapdrgn.net/person/672087/); associated attestation dates: 0500/0600; narrowest range 0500/0600 (100y) -> 6th century CE expanded +/-50y; confidence low (century inferred from attestation window); source SNAP-DRGN data.snapdrgn.net retrieved 2026-10-04
snap:672090,person,Hucbald ca840-930 van Saint Amand,,SNAP-DRGN merged ancient person; sources: www.viaf.org,alive,751,950,low,SNAP-DRGN person 672090 (http://data.snapdrgn.net/person/672090/); associated attestation dates: 0840/0930; narrowest range 0840/0930 (90y) -> 9th century CE expanded +/-50y; confidence low (century inferred from attestation window); source SNAP-DRGN data.snapdrgn.net retrieved 2026-10-04
snap:672091,person,Polemon; Marcus Antonius 90-145,,SNAP-DRGN merged ancient person; sources: www.viaf.org,alive,51,250,medium,SNAP-DRGN person 672091 (http://data.snapdrgn.net/person/672091/); associated attestation dates: 0090/0145; narrowest range 0090/0145 (55y) -> 2nd century CE expanded +/-50y; confidence medium (<=60y window; rough floruit); source SNAP-DRGN data.snapdrgn.net retrieved 2026-10-04
snap:672096,person,Septimius Serenus ca. 2. Jh.,,SNAP-DRGN merged ancient person; sources: www.viaf.org,alive,51,250,low,SNAP-DRGN person 672096 (http://data.snapdrgn.net/person/672096/); associated attestation dates: 0100/0200; narrowest range 0100/0200 (100y) -> 2nd century CE expanded +/-50y; confidence low (century inferred from attestation window); source SNAP-DRGN data.snapdrgn.net retrieved 2026-10-04
snap:672099,person,Servilius Nonianus; Marcus 1. Jh. n. Chr,,SNAP-DRGN merged ancient person; sources: www.viaf.org,alive,-149,50,medium,SNAP-DRGN person 672099 (http://data.snapdrgn.net/person/672099/); associated attestation dates: -0059; narrowest range -0059 (0y) -> 1st century BCE expanded +/-50y; confidence medium (<=60y window; rough floruit); source SNAP-DRGN data.snapdrgn.net retrieved 2026-10-04
snap:672100,person,Bertrand 0550?-0623 saint evêque du Mans,,SNAP-DRGN merged ancient person; sources: www.viaf.org,alive,451,650,low,SNAP-DRGN person 672100 (http://data.snapdrgn.net/person/672100/); associated attestation dates: 0550/0623; narrowest range 0550/0623 (73y) -> 6th century CE expanded +/-50y; confidence low (century inferred from attestation window); source SNAP-DRGN data.snapdrgn.net retrieved 2026-10-04
snap:672103,person,Maurice; empereur d&#39;Orient; 0539?-0602,,SNAP-DRGN merged ancient person; sources: www.viaf.org,alive,451,650,low,SNAP-DRGN person 672103 (http://data.snapdrgn.net/person/672103/); associated attestation dates: 0539/0602; narrowest range 0539/0602 (63y) -> 6th century CE expanded +/-50y; confidence low (century inferred from attestation window); source SNAP-DRGN data.snapdrgn.net retrieved 2026-10-04
snap:672104,person,Clement I; Pope,,SNAP-DRGN merged ancient person; sources: www.viaf.org,alive,-49,150,low,SNAP-DRGN person 672104 (http://data.snapdrgn.net/person/672104/); associated attestation dates: 0000/0100; narrowest range 0000/0100 (100y) -> 1st century CE expanded +/-50y; confidence low (century inferred from attestation window); source SNAP-DRGN data.snapdrgn.net retrieved 2026-10-04
snap:672105,person,Orus; active 5th century,,SNAP-DRGN merged ancient person; sources: www.viaf.org,alive,451,650,low,SNAP-DRGN person 672105 (http://data.snapdrgn.net/person/672105/); associated attestation dates: 0500/0600; narrowest range 0500/0600 (100y) -> 6th century CE expanded +/-50y; confidence low (century inferred from attestation window); source SNAP-DRGN data.snapdrgn.net retrieved 2026-10-04
snap:672108,person,Nipsus; Marcus Iunius ca. 2. Jh.,,SNAP-DRGN merged ancient person; sources: www.viaf.org,alive,51,250,low,SNAP-DRGN person 672108 (http://data.snapdrgn.net/person/672108/); associated attestation dates: 0100/0200; narrowest range 0100/0200 (100y) -> 2nd century CE expanded +/-50y; confidence low (century inferred from attestation window); source SNAP-DRGN data.snapdrgn.net retrieved 2026-10-04
snap:672110,person,Makrina die Jüngere 327-380,,SNAP-DRGN merged ancient person; sources: www.viaf.org,alive,251,450,medium,SNAP-DRGN person 672110 (http://data.snapdrgn.net/person/672110/); associated attestation dates: 0327/0380; narrowest range 0327/0380 (53y) -> 4th century CE expanded +/-50y; confidence medium (<=60y window; rough floruit); source SNAP-DRGN data.snapdrgn.net retrieved 2026-10-04
snap:672113,person,Filaster -ca 397) (św. ;,,SNAP-DRGN merged ancient person; sources: www.viaf.org,alive,-449,-250,medium,SNAP-DRGN person 672113 (http://data.snapdrgn.net/person/672113/); associated attestation dates: -0397; narrowest range -0397 (0y) -> 4th century BCE expanded +/-50y; confidence medium (<=60y window; rough floruit); source SNAP-DRGN data.snapdrgn.net retrieved 2026-10-04
snap:672114,person,Théodore de Canterbury saint 0602-0690,,SNAP-DRGN merged ancient person; sources: www.viaf.org,alive,551,750,low,SNAP-DRGN person 672114 (http://data.snapdrgn.net/person/672114/); associated attestation dates: 0602/0690; narrowest range 0602/0690 (88y) -> 7th century CE expanded +/-50y; confidence low (century inferred from attestation window); source SNAP-DRGN data.snapdrgn.net retrieved 2026-10-04
snap:672116,person,Epictetus,,SNAP-DRGN merged ancient person; sources: www.viaf.org,alive,-49,150,low,SNAP-DRGN person 672116 (http://data.snapdrgn.net/person/672116/); associated attestation dates: 0050/0130; narrowest range 0050/0130 (80y) -> 1st century CE expanded +/-50y; confidence low (century inferred from attestation window); source SNAP-DRGN data.snapdrgn.net retrieved 2026-10-04
snap:672119,person,Maxentius Römisches Reich; Kaiser 278-312,,SNAP-DRGN merged ancient person; sources: www.viaf.org,alive,151,350,medium,SNAP-DRGN person 672119 (http://data.snapdrgn.net/person/672119/); associated attestation dates: 0278/0312; narrowest range 0278/0312 (34y) -> 3rd century CE expanded +/-50y; confidence medium (<=60y window; rough floruit); source SNAP-DRGN data.snapdrgn.net retrieved 2026-10-04
snap:672127,person,Iunius Arulenus Rusticus; Quintus gest. 93 n. Chr,,SNAP-DRGN merged ancient person; sources: www.viaf.org,alive,-149,50,medium,SNAP-DRGN person 672127 (http://data.snapdrgn.net/person/672127/); associated attestation dates: -0093; narrowest range -0093 (0y) -> 1st century BCE expanded +/-50y; confidence medium (<=60y window; rough floruit); source SNAP-DRGN data.snapdrgn.net retrieved 2026-10-04
snap:672129,person,Plotinus,,SNAP-DRGN merged ancient person; sources: www.viaf.org,alive,151,350,low,SNAP-DRGN person 672129 (http://data.snapdrgn.net/person/672129/); associated attestation dates: 0204/0270; narrowest range 0204/0270 (66y) -> 3rd century CE expanded +/-50y; confidence low (century inferred from attestation window); source SNAP-DRGN data.snapdrgn.net retrieved 2026-10-04
snap:672131,person,John Chrysostom; Saint; -407,,SNAP-DRGN merged ancient person; sources: www.viaf.org,alive,251,450,medium,SNAP-DRGN person 672131 (http://data.snapdrgn.net/person/672131/); associated attestation dates: 0347/0407; narrowest range 0347/0407 (60y) -> 4th century CE expanded +/-50y; confidence medium (<=60y window; rough floruit); source SNAP-DRGN data.snapdrgn.net retrieved 2026-10-04
snap:672135,person,Bonifatius I. Papst -422,,SNAP-DRGN merged ancient person; sources: www.viaf.org,alive,-549,-350,medium,SNAP-DRGN person 672135 (http://data.snapdrgn.net/person/672135/); associated attestation dates: -0422; narrowest range -0422 (0y) -> 5th century BCE expanded +/-50y; confidence medium (<=60y window; rough floruit); source SNAP-DRGN data.snapdrgn.net retrieved 2026-10-04
snap:672136,person,Apollinaris von Ravenna ca. 2. Jh.,,SNAP-DRGN merged ancient person; sources: www.viaf.org,alive,51,250,low,SNAP-DRGN person 672136 (http://data.snapdrgn.net/person/672136/); associated attestation dates: 0100/0200; narrowest range 0100/0200 (100y) -> 2nd century CE expanded +/-50y; confidence low (century inferred from attestation window); source SNAP-DRGN data.snapdrgn.net retrieved 2026-10-04
snap:672137,person,Agape von Thessalonike -304,,SNAP-DRGN merged ancient person; sources: www.viaf.org,alive,-449,-250,medium,SNAP-DRGN person 672137 (http://data.snapdrgn.net/person/672137/); associated attestation dates: -0304; narrowest range -0304 (0y) -> 4th century BCE expanded +/-50y; confidence medium (<=60y window; rough floruit); source SNAP-DRGN data.snapdrgn.net retrieved 2026-10-04
snap:672142,person,Proclus m. c. 446 s.; arciv. di Costantinopoli,,SNAP-DRGN merged ancient person; sources: www.viaf.org,alive,351,550,medium,SNAP-DRGN person 672142 (http://data.snapdrgn.net/person/672142/); associated attestation dates: 0390/0446; narrowest range 0390/0446 (56y) -> 5th century CE expanded +/-50y; confidence medium (<=60y window; rough floruit); source SNAP-DRGN data.snapdrgn.net retrieved 2026-10-04
snap:672146,person,Hermógenes,,SNAP-DRGN merged ancient person; sources: www.viaf.org,alive,51,250,low,SNAP-DRGN person 672146 (http://data.snapdrgn.net/person/672146/); associated attestation dates: 0161/0225; narrowest range 0161/0225 (64y) -> 2nd century CE expanded +/-50y; confidence low (century inferred from attestation window); source SNAP-DRGN data.snapdrgn.net retrieved 2026-10-04
snap:672147,person,Mela; Pomponius,,SNAP-DRGN merged ancient person; sources: www.viaf.org,alive,-49,150,low,SNAP-DRGN person 672147 (http://data.snapdrgn.net/person/672147/); associated attestation dates: 0000/0100; narrowest range 0000/0100 (100y) -> 1st century CE expanded +/-50y; confidence low (century inferred from attestation window); source SNAP-DRGN data.snapdrgn.net retrieved 2026-10-04
snap:672150,person,Vettius ca. 2.Jh Valens,,SNAP-DRGN merged ancient person; sources: www.viaf.org,alive,51,250,low,SNAP-DRGN person 672150 (http://data.snapdrgn.net/person/672150/); associated attestation dates: 0100/0200; narrowest range 0100/0200 (100y) -> 2nd century CE expanded +/-50y; confidence low (century inferred from attestation window); source SNAP-DRGN data.snapdrgn.net retrieved 2026-10-04
snap:672153,person,Ennodius; Magnus Felix; saint; 474-521,,SNAP-DRGN merged ancient person; sources: www.viaf.org,alive,351,550,medium,SNAP-DRGN person 672153 (http://data.snapdrgn.net/person/672153/); associated attestation dates: 0473/0521; narrowest range 0473/0521 (48y) -> 5th century CE expanded +/-50y; confidence medium (<=60y window; rough floruit); source SNAP-DRGN data.snapdrgn.net retrieved 2026-10-04
snap:672154,person,Aurelian; Emperor of Rome; approximately 215-275,,SNAP-DRGN merged ancient person; sources: www.viaf.org,alive,151,350,low,SNAP-DRGN person 672154 (http://data.snapdrgn.net/person/672154/); associated attestation dates: 0214/0275; narrowest range 0214/0275 (61y) -> 3rd century CE expanded +/-50y; confidence low (century inferred from attestation window); source SNAP-DRGN data.snapdrgn.net retrieved 2026-10-04
snap:672156,person,Rimbert 0830?-0888 saint,,SNAP-DRGN merged ancient person; sources: www.viaf.org,alive,751,950,medium,SNAP-DRGN person 672156 (http://data.snapdrgn.net/person/672156/); associated attestation dates: 0830/0888; narrowest range 0830/0888 (58y) -> 9th century CE expanded +/-50y; confidence medium (<=60y window; rough floruit); source SNAP-DRGN data.snapdrgn.net retrieved 2026-10-04
snap:672157,person,Marcus; Diaconus,,SNAP-DRGN merged ancient person; sources: www.viaf.org,alive,451,650,low,SNAP-DRGN person 672157 (http://data.snapdrgn.net/person/672157/); associated attestation dates: 0500/0600; narrowest range 0500/0600 (100y) -> 6th century CE expanded +/-50y; confidence low (century inferred from attestation window); source SNAP-DRGN data.snapdrgn.net retrieved 2026-10-04
snap:672159,person,Syrianus ca. 5. Jh Philosophus,,SNAP-DRGN merged ancient person; sources: www.viaf.org,alive,451,650,low,SNAP-DRGN person 672159 (http://data.snapdrgn.net/person/672159/); associated attestation dates: 0500/0600; narrowest range 0500/0600 (100y) -> 6th century CE expanded +/-50y; confidence low (century inferred from attestation window); source SNAP-DRGN data.snapdrgn.net retrieved 2026-10-04
snap:672160,person,Procopius; Gazaeus; ca.465-ca.528,,SNAP-DRGN merged ancient person; sources: www.viaf.org,alive,351,550,low,SNAP-DRGN person 672160 (http://data.snapdrgn.net/person/672160/); associated attestation dates: 0465/0528; narrowest range 0465/0528 (63y) -> 5th century CE expanded +/-50y; confidence low (century inferred from attestation window); source SNAP-DRGN data.snapdrgn.net retrieved 2026-10-04
snap:672161,person,Marianus Märtyrer -259,,SNAP-DRGN merged ancient person; sources: www.viaf.org,alive,-349,-150,medium,SNAP-DRGN person 672161 (http://data.snapdrgn.net/person/672161/); associated attestation dates: -0259; narrowest range -0259 (0y) -> 3rd century BCE expanded +/-50y; confidence medium (<=60y window; rough floruit); source SNAP-DRGN data.snapdrgn.net retrieved 2026-10-04
snap:672162,person,Otton II (cesarz rzymski narodu niemieckiego ; 955-983).,,SNAP-DRGN merged ancient person; sources: www.viaf.org,alive,851,1050,medium,SNAP-DRGN person 672162 (http://data.snapdrgn.net/person/672162/); associated attestation dates: 0955/0983; narrowest range 0955/0983 (28y) -> 10th century CE expanded +/-50y; confidence medium (<=60y window; rough floruit); source SNAP-DRGN data.snapdrgn.net retrieved 2026-10-04
snap:672167,person,Constantius III. Römisches Reich; Kaiser -421,,SNAP-DRGN merged ancient person; sources: www.viaf.org,alive,-549,-350,medium,SNAP-DRGN person 672167 (http://data.snapdrgn.net/person/672167/); associated attestation dates: -0421; narrowest range -0421 (0y) -> 5th century BCE expanded +/-50y; confidence medium (<=60y window; rough floruit); source SNAP-DRGN data.snapdrgn.net retrieved 2026-10-04
snap:672168,person,Simplicius; 6e eeuw,,SNAP-DRGN merged ancient person; sources: www.viaf.org,alive,451,650,low,SNAP-DRGN person 672168 (http://data.snapdrgn.net/person/672168/); associated attestation dates: 0490/0560; narrowest range 0490/0560 (70y) -> 6th century CE expanded +/-50y; confidence low (century inferred from attestation window); source SNAP-DRGN data.snapdrgn.net retrieved 2026-10-04
snap:672170,person,Michel le Syncelle 0761?-0846,,SNAP-DRGN merged ancient person; sources: www.viaf.org,alive,751,950,low,SNAP-DRGN person 672170 (http://data.snapdrgn.net/person/672170/); associated attestation dates: 0761/0846; narrowest range 0761/0846 (85y) -> 9th century CE expanded +/-50y; confidence low (century inferred from attestation window); source SNAP-DRGN data.snapdrgn.net retrieved 2026-10-04
snap:672173,person,Otho,,SNAP-DRGN merged ancient person; sources: www.viaf.org,alive,-49,150,medium,SNAP-DRGN person 672173 (http://data.snapdrgn.net/person/672173/); associated attestation dates: 0032/0069; narrowest range 0032/0069 (37y) -> 1st century CE expanded +/-50y; confidence medium (<=60y window; rough floruit); source SNAP-DRGN data.snapdrgn.net retrieved 2026-10-04
snap:672174,person,Herodes Agrippa II. Judäa; Tetrarch ca. ca. 28-ca. 100,,SNAP-DRGN merged ancient person; sources: www.viaf.org,alive,-49,150,low,SNAP-DRGN person 672174 (http://data.snapdrgn.net/person/672174/); associated attestation dates: 0028/0100; narrowest range 0028/0100 (72y) -> 1st century CE expanded +/-50y; confidence low (century inferred from attestation window); source SNAP-DRGN data.snapdrgn.net retrieved 2026-10-04
snap:672175,person,Irenaeus; Lugdunensis; 2e E.,,SNAP-DRGN merged ancient person; sources: www.viaf.org,alive,51,250,low,SNAP-DRGN person 672175 (http://data.snapdrgn.net/person/672175/); associated attestation dates: 0140/0202; narrowest range 0140/0202 (62y) -> 2nd century CE expanded +/-50y; confidence low (century inferred from attestation window); source SNAP-DRGN data.snapdrgn.net retrieved 2026-10-04
snap:672179,person,Tetricus Römisches Reich; Kaiser; Gegenkaiser ca. 3. Jh.,,SNAP-DRGN merged ancient person; sources: www.viaf.org,alive,251,450,low,SNAP-DRGN person 672179 (http://data.snapdrgn.net/person/672179/); associated attestation dates: 0300/0400; narrowest range 0300/0400 (100y) -> 4th century CE expanded +/-50y; confidence low (century inferred from attestation window); source SNAP-DRGN data.snapdrgn.net retrieved 2026-10-04
snap:672184,person,Lucius I. Papst ca. 3. Jh.,,SNAP-DRGN merged ancient person; sources: www.viaf.org,alive,251,450,low,SNAP-DRGN person 672184 (http://data.snapdrgn.net/person/672184/); associated attestation dates: 0300/0400; narrowest range 0300/0400 (100y) -> 4th century CE expanded +/-50y; confidence low (century inferred from attestation window); source SNAP-DRGN data.snapdrgn.net retrieved 2026-10-04
snap:672186,person,Eucherius; Lugdunensis; ?-450,,SNAP-DRGN merged ancient person; sources: www.viaf.org,alive,-549,-350,medium,SNAP-DRGN person 672186 (http://data.snapdrgn.net/person/672186/); associated attestation dates: -0450; narrowest range -0450 (0y) -> 5th century BCE expanded +/-50y; confidence medium (<=60y window; rough floruit); source SNAP-DRGN data.snapdrgn.net retrieved 2026-10-04
snap:672189,person,Olympiodore de Thèbes 0365?-0425?,,SNAP-DRGN merged ancient person; sources: www.viaf.org,alive,251,450,medium,SNAP-DRGN person 672189 (http://data.snapdrgn.net/person/672189/); associated attestation dates: 0365/0425; narrowest range 0365/0425 (60y) -> 4th century CE expanded +/-50y; confidence medium (<=60y window; rough floruit); source SNAP-DRGN data.snapdrgn.net retrieved 2026-10-04
snap:672190,person,Fortunatus; Venantius Honorius Clementianus; approximately 540-approximately 600,,SNAP-DRGN merged ancient person; sources: www.viaf.org,alive,451,650,low,SNAP-DRGN person 672190 (http://data.snapdrgn.net/person/672190/); associated attestation dates: 0530/0601; narrowest range 0530/0601 (71y) -> 6th century CE expanded +/-50y; confidence low (century inferred from attestation window); source SNAP-DRGN data.snapdrgn.net retrieved 2026-10-04
snap:672192,person,Polycarpus; Smyrnaeus,,SNAP-DRGN merged ancient person; sources: www.viaf.org,alive,51,250,low,SNAP-DRGN person 672192 (http://data.snapdrgn.net/person/672192/); associated attestation dates: 0069/0155; narrowest range 0069/0155 (86y) -> 2nd century CE expanded +/-50y; confidence low (century inferred from attestation window); source SNAP-DRGN data.snapdrgn.net retrieved 2026-10-04
snap:672194,person,Lydus; Johannes Laurentius; 490-ca. 565,,SNAP-DRGN merged ancient person; sources: www.viaf.org,alive,451,650,low,SNAP-DRGN person 672194 (http://data.snapdrgn.net/person/672194/); associated attestation dates: 0490/0559; narrowest range 0490/0559 (69y) -> 6th century CE expanded +/-50y; confidence low (century inferred from attestation window); source SNAP-DRGN data.snapdrgn.net retrieved 2026-10-04
snap:672196,person,Hermagoras Minor 2. Jh.,,SNAP-DRGN merged ancient person; sources: www.viaf.org,alive,51,250,low,SNAP-DRGN person 672196 (http://data.snapdrgn.net/person/672196/); associated attestation dates: 0100/0200; narrowest range 0100/0200 (100y) -> 2nd century CE expanded +/-50y; confidence low (century inferred from attestation window); source SNAP-DRGN data.snapdrgn.net retrieved 2026-10-04
snap:672197,person,Caesarius of Arles,,SNAP-DRGN merged ancient person; sources: www.viaf.org,alive,451,650,low,SNAP-DRGN person 672197 (http://data.snapdrgn.net/person/672197/); associated attestation dates: 0470/0542; narrowest range 0470/0542 (72y) -> 6th century CE expanded +/-50y; confidence low (century inferred from attestation window); source SNAP-DRGN data.snapdrgn.net retrieved 2026-10-04
snap:672198,person,Paulus Samosatenus ca. 3. Jh.,,SNAP-DRGN merged ancient person; sources: www.viaf.org,alive,251,450,low,SNAP-DRGN person 672198 (http://data.snapdrgn.net/person/672198/); associated attestation dates: 0300/0400; narrowest range 0300/0400 (100y) -> 4th century CE expanded +/-50y; confidence low (century inferred from attestation window); source SNAP-DRGN data.snapdrgn.net retrieved 2026-10-04
snap:672199,person,Philostratus Filius Veri ca. 2. Jh.,,SNAP-DRGN merged ancient person; sources: www.viaf.org,alive,51,250,low,SNAP-DRGN person 672199 (http://data.snapdrgn.net/person/672199/); associated attestation dates: 0100/0200; narrowest range 0100/0200 (100y) -> 2nd century CE expanded +/-50y; confidence low (century inferred from attestation window); source SNAP-DRGN data.snapdrgn.net retrieved 2026-10-04
snap:672208,person,Aemilianus Rhetor A.D. 1,,SNAP-DRGN merged ancient person; sources: www.viaf.org,alive,-49,150,low,SNAP-DRGN person 672208 (http://data.snapdrgn.net/person/672208/); associated attestation dates: 0000/0100; narrowest range 0000/0100 (100y) -> 1st century CE expanded +/-50y; confidence low (century inferred from attestation window); source SNAP-DRGN data.snapdrgn.net retrieved 2026-10-04
snap:672209,person,Ephorus Iunior ca. 3. Jh.,,SNAP-DRGN merged ancient person; sources: www.viaf.org,alive,251,450,low,SNAP-DRGN person 672209 (http://data.snapdrgn.net/person/672209/); associated attestation dates: 0300/0400; narrowest range 0300/0400 (100y) -> 4th century CE expanded +/-50y; confidence low (century inferred from attestation window); source SNAP-DRGN data.snapdrgn.net retrieved 2026-10-04
snap:672214,person,Sedulius; Scottus,,SNAP-DRGN merged ancient person; sources: www.viaf.org,alive,851,1050,low,SNAP-DRGN person 672214 (http://data.snapdrgn.net/person/672214/); associated attestation dates: 0900/1000; narrowest range 0900/1000 (100y) -> 10th century CE expanded +/-50y; confidence low (century inferred from attestation window); source SNAP-DRGN data.snapdrgn.net retrieved 2026-10-04
snap:672219,person,Tatien; 0120?-0173?,,SNAP-DRGN merged ancient person; sources: www.viaf.org,alive,-249,-50,medium,SNAP-DRGN person 672219 (http://data.snapdrgn.net/person/672219/); associated attestation dates: -0172; narrowest range -0172 (0y) -> 2nd century BCE expanded +/-50y; confidence medium (<=60y window; rough floruit); source SNAP-DRGN data.snapdrgn.net retrieved 2026-10-04
snap:672220,person,Zenobius.,,SNAP-DRGN merged ancient person; sources: www.viaf.org,alive,51,250,low,SNAP-DRGN person 672220 (http://data.snapdrgn.net/person/672220/); associated attestation dates: 0100/0200; narrowest range 0100/0200 (100y) -> 2nd century CE expanded +/-50y; confidence low (century inferred from attestation window); source SNAP-DRGN data.snapdrgn.net retrieved 2026-10-04
snap:672221,person,Heracleon Gnosticus ca. 2. Jh.,,SNAP-DRGN merged ancient person; sources: www.viaf.org,alive,51,250,low,SNAP-DRGN person 672221 (http://data.snapdrgn.net/person/672221/); associated attestation dates: 0100/0200; narrowest range 0100/0200 (100y) -> 2nd century CE expanded +/-50y; confidence low (century inferred from attestation window); source SNAP-DRGN data.snapdrgn.net retrieved 2026-10-04
snap:672222,person,Macedonius de Thessalonique 0490?-0565?,,SNAP-DRGN merged ancient person; sources: www.viaf.org,alive,451,650,low,SNAP-DRGN person 672222 (http://data.snapdrgn.net/person/672222/); associated attestation dates: 0490/0565; narrowest range 0490/0565 (75y) -> 6th century CE expanded +/-50y; confidence low (century inferred from attestation window); source SNAP-DRGN data.snapdrgn.net retrieved 2026-10-04
snap:672227,person,Marcellus Sidetes ca. 2. Jh.,,SNAP-DRGN merged ancient person; sources: www.viaf.org,alive,51,250,low,SNAP-DRGN person 672227 (http://data.snapdrgn.net/person/672227/); associated attestation dates: 0100/0200; narrowest range 0100/0200 (100y) -> 2nd century CE expanded +/-50y; confidence low (century inferred from attestation window); source SNAP-DRGN data.snapdrgn.net retrieved 2026-10-04
snap:672229,person,Chrodegangus c. 712-766 s.; vesc. di Metz,,SNAP-DRGN merged ancient person; sources: www.viaf.org,alive,651,850,medium,SNAP-DRGN person 672229 (http://data.snapdrgn.net/person/672229/); associated attestation dates: 0712/0766; narrowest range 0712/0766 (54y) -> 8th century CE expanded +/-50y; confidence medium (<=60y window; rough floruit); source SNAP-DRGN data.snapdrgn.net retrieved 2026-10-04
snap:672230,person,Theodulf ca. 760-821 Bishop of Orléans,,SNAP-DRGN merged ancient person; sources: www.viaf.org,alive,651,850,low,SNAP-DRGN person 672230 (http://data.snapdrgn.net/person/672230/); associated attestation dates: 0750/0821; narrowest range 0750/0821 (71y) -> 8th century CE expanded +/-50y; confidence low (century inferred from attestation window); source SNAP-DRGN data.snapdrgn.net retrieved 2026-10-04
snap:672231,person,Étienne d&#39;Athènes 0550?-0650?,,SNAP-DRGN merged ancient person; sources: www.viaf.org,alive,451,650,low,SNAP-DRGN person 672231 (http://data.snapdrgn.net/person/672231/); associated attestation dates: 0550/0650; narrowest range 0550/0650 (100y) -> 6th century CE expanded +/-50y; confidence low (century inferred from attestation window); source SNAP-DRGN data.snapdrgn.net retrieved 2026-10-04
snap:672238,person,Flavianus Märtyrer -260,,SNAP-DRGN merged ancient person; sources: www.viaf.org,alive,-349,-150,medium,SNAP-DRGN person 672238 (http://data.snapdrgn.net/person/672238/); associated attestation dates: -0260; narrowest range -0260 (0y) -> 3rd century BCE expanded +/-50y; confidence medium (<=60y window; rough floruit); source SNAP-DRGN data.snapdrgn.net retrieved 2026-10-04
snap:672239,person,Euthyme 0834?-0917 patriarche de Constantinople,,SNAP-DRGN merged ancient person; sources: www.viaf.org,alive,751,950,low,SNAP-DRGN person 672239 (http://data.snapdrgn.net/person/672239/); associated attestation dates: 0834/0917; narrowest range 0834/0917 (83y) -> 9th century CE expanded +/-50y; confidence low (century inferred from attestation window); source SNAP-DRGN data.snapdrgn.net retrieved 2026-10-04
snap:672240,person,Felix II. Papst -492,,SNAP-DRGN merged ancient person; sources: www.viaf.org,alive,-549,-350,medium,SNAP-DRGN person 672240 (http://data.snapdrgn.net/person/672240/); associated attestation dates: -0492; narrowest range -0492 (0y) -> 5th century BCE expanded +/-50y; confidence medium (<=60y window; rough floruit); source SNAP-DRGN data.snapdrgn.net retrieved 2026-10-04
snap:672245,person,Vegetius Renatus; Flavius.,,SNAP-DRGN merged ancient person; sources: www.viaf.org,alive,351,550,low,SNAP-DRGN person 672245 (http://data.snapdrgn.net/person/672245/); associated attestation dates: 0383/0450; narrowest range 0383/0450 (67y) -> 5th century CE expanded +/-50y; confidence low (century inferred from attestation window); source SNAP-DRGN data.snapdrgn.net retrieved 2026-10-04
snap:672246,person,Ermoldus 9th cent Nigellus,,SNAP-DRGN merged ancient person; sources: www.viaf.org,alive,-949,-750,medium,SNAP-DRGN person 672246 (http://data.snapdrgn.net/person/672246/); associated attestation dates: -0835; narrowest range -0835 (0y) -> 9th century BCE expanded +/-50y; confidence medium (<=60y window; rough floruit); source SNAP-DRGN data.snapdrgn.net retrieved 2026-10-04
snap:672248,person,Aelius Promotus; 0138?-0193?,,SNAP-DRGN merged ancient person; sources: www.viaf.org,alive,51,250,medium,SNAP-DRGN person 672248 (http://data.snapdrgn.net/person/672248/); associated attestation dates: 0138/0193; narrowest range 0138/0193 (55y) -> 2nd century CE expanded +/-50y; confidence medium (<=60y window; rough floruit); source SNAP-DRGN data.snapdrgn.net retrieved 2026-10-04
snap:672249,person,Joannes; Philoponus; ca. 490-ca. 570,,SNAP-DRGN merged ancient person; sources: www.viaf.org,alive,451,650,low,SNAP-DRGN person 672249 (http://data.snapdrgn.net/person/672249/); associated attestation dates: 0490/0566; narrowest range 0490/0566 (76y) -> 6th century CE expanded +/-50y; confidence low (century inferred from attestation window); source SNAP-DRGN data.snapdrgn.net retrieved 2026-10-04
snap:672251,person,Velius Longus; sec. II,,SNAP-DRGN merged ancient person; sources: www.viaf.org,alive,51,250,low,SNAP-DRGN person 672251 (http://data.snapdrgn.net/person/672251/); associated attestation dates: 0100/0200; narrowest range 0100/0200 (100y) -> 2nd century CE expanded +/-50y; confidence low (century inferred from attestation window); source SNAP-DRGN data.snapdrgn.net retrieved 2026-10-04
snap:672254,person,Caesarius; Nazianzenus,,SNAP-DRGN merged ancient person; sources: www.viaf.org,alive,-449,-250,medium,SNAP-DRGN person 672254 (http://data.snapdrgn.net/person/672254/); associated attestation dates: -0368; narrowest range -0368 (0y) -> 4th century BCE expanded +/-50y; confidence medium (<=60y window; rough floruit); source SNAP-DRGN data.snapdrgn.net retrieved 2026-10-04
snap:672256,person,Martin saint 0316?-0397,,SNAP-DRGN merged ancient person; sources: www.viaf.org,alive,251,450,low,SNAP-DRGN person 672256 (http://data.snapdrgn.net/person/672256/); associated attestation dates: 0316/0397; narrowest range 0316/0397 (81y) -> 4th century CE expanded +/-50y; confidence low (century inferred from attestation window); source SNAP-DRGN data.snapdrgn.net retrieved 2026-10-04
snap:672257,person,Aristides,,SNAP-DRGN merged ancient person; sources: www.viaf.org,alive,51,250,low,SNAP-DRGN person 672257 (http://data.snapdrgn.net/person/672257/); associated attestation dates: 0100/0200; narrowest range 0100/0200 (100y) -> 2nd century CE expanded +/-50y; confidence low (century inferred from attestation window); source SNAP-DRGN data.snapdrgn.net retrieved 2026-10-04
snap:672262,person,Ammonius Epigrammaticus 5. Jh. n. Chr,,SNAP-DRGN merged ancient person; sources: www.viaf.org,alive,451,650,low,SNAP-DRGN person 672262 (http://data.snapdrgn.net/person/672262/); associated attestation dates: 0500/0600; narrowest range 0500/0600 (100y) -> 6th century CE expanded +/-50y; confidence low (century inferred from attestation window); source SNAP-DRGN data.snapdrgn.net retrieved 2026-10-04
snap:672267,person,Placidus; Lactantius,,SNAP-DRGN merged ancient person; sources: www.viaf.org,alive,551,750,low,SNAP-DRGN person 672267 (http://data.snapdrgn.net/person/672267/); associated attestation dates: 0600/0700; narrowest range 0600/0700 (100y) -> 7th century CE expanded +/-50y; confidence low (century inferred from attestation window); source SNAP-DRGN data.snapdrgn.net retrieved 2026-10-04
snap:672268,person,Jean Damascène; saint; 0650?-0749?,,SNAP-DRGN merged ancient person; sources: www.viaf.org,alive,551,750,low,SNAP-DRGN person 672268 (http://data.snapdrgn.net/person/672268/); associated attestation dates: 0650/0749; narrowest range 0650/0749 (99y) -> 7th century CE expanded +/-50y; confidence low (century inferred from attestation window); source SNAP-DRGN data.snapdrgn.net retrieved 2026-10-04
snap:672269,person,Quadratus von Utica -258,,SNAP-DRGN merged ancient person; sources: www.viaf.org,alive,-349,-150,medium,SNAP-DRGN person 672269 (http://data.snapdrgn.net/person/672269/); associated attestation dates: -0258; narrowest range -0258 (0y) -> 3rd century BCE expanded +/-50y; confidence medium (<=60y window; rough floruit); source SNAP-DRGN data.snapdrgn.net retrieved 2026-10-04
snap:672272,person,Odon de Cantorbéry saint 0875?-0959,,SNAP-DRGN merged ancient person; sources: www.viaf.org,alive,851,1050,low,SNAP-DRGN person 672272 (http://data.snapdrgn.net/person/672272/); associated attestation dates: 0875/0959; narrowest range 0875/0959 (84y) -> 10th century CE expanded +/-50y; confidence low (century inferred from attestation window); source SNAP-DRGN data.snapdrgn.net retrieved 2026-10-04
snap:672274,person,Marcus Aurelius; Emperor of Rome; 121-180,,SNAP-DRGN merged ancient person; sources: www.viaf.org,alive,51,250,medium,SNAP-DRGN person 672274 (http://data.snapdrgn.net/person/672274/); associated attestation dates: 0121/0180; narrowest range 0121/0180 (59y) -> 2nd century CE expanded +/-50y; confidence medium (<=60y window; rough floruit); source SNAP-DRGN data.snapdrgn.net retrieved 2026-10-04
snap:672275,person,Quadratus Apologeta ca. 2. Jh.,,SNAP-DRGN merged ancient person; sources: www.viaf.org,alive,51,250,low,SNAP-DRGN person 672275 (http://data.snapdrgn.net/person/672275/); associated attestation dates: 0100/0200; narrowest range 0100/0200 (100y) -> 2nd century CE expanded +/-50y; confidence low (century inferred from attestation window); source SNAP-DRGN data.snapdrgn.net retrieved 2026-10-04
snap:672280,person,Maximus Victorinus; sec. IV?,,SNAP-DRGN merged ancient person; sources: www.viaf.org,alive,351,550,low,SNAP-DRGN person 672280 (http://data.snapdrgn.net/person/672280/); associated attestation dates: 0400/0500; narrowest range 0400/0500 (100y) -> 5th century CE expanded +/-50y; confidence low (century inferred from attestation window); source SNAP-DRGN data.snapdrgn.net retrieved 2026-10-04
snap:672282,person,Hilarius; paus; -468,,SNAP-DRGN merged ancient person; sources: www.viaf.org,alive,-549,-350,medium,SNAP-DRGN person 672282 (http://data.snapdrgn.net/person/672282/); associated attestation dates: -0468; narrowest range -0468 (0y) -> 5th century BCE expanded +/-50y; confidence medium (<=60y window; rough floruit); source SNAP-DRGN data.snapdrgn.net retrieved 2026-10-04
snap:672288,person,Johannes; Malalas; ca491-ca578,,SNAP-DRGN merged ancient person; sources: www.viaf.org,alive,451,650,low,SNAP-DRGN person 672288 (http://data.snapdrgn.net/person/672288/); associated attestation dates: 0491/0578; narrowest range 0491/0578 (87y) -> 6th century CE expanded +/-50y; confidence low (century inferred from attestation window); source SNAP-DRGN data.snapdrgn.net retrieved 2026-10-04
snap:672293,person,Alexandre d&#39;Alexandrie saint 0250?-0328,,SNAP-DRGN merged ancient person; sources: www.viaf.org,alive,151,350,low,SNAP-DRGN person 672293 (http://data.snapdrgn.net/person/672293/); associated attestation dates: 0250/0328; narrowest range 0250/0328 (78y) -> 3rd century CE expanded +/-50y; confidence low (century inferred from attestation window); source SNAP-DRGN data.snapdrgn.net retrieved 2026-10-04
snap:672294,person,Alexander Numenius; 100-t. e.Kr.,,SNAP-DRGN merged ancient person; sources: www.viaf.org,alive,51,250,low,SNAP-DRGN person 672294 (http://data.snapdrgn.net/person/672294/); associated attestation dates: 0100/0200; narrowest range 0100/0200 (100y) -> 2nd century CE expanded +/-50y; confidence low (century inferred from attestation window); source SNAP-DRGN data.snapdrgn.net retrieved 2026-10-04
snap:672299,person,Siricius Papst 334-399,,SNAP-DRGN merged ancient person; sources: www.viaf.org,alive,251,450,low,SNAP-DRGN person 672299 (http://data.snapdrgn.net/person/672299/); associated attestation dates: 0334/0399; narrowest range 0334/0399 (65y) -> 4th century CE expanded +/-50y; confidence low (century inferred from attestation window); source SNAP-DRGN data.snapdrgn.net retrieved 2026-10-04
snap:672300,person,Cébès de Thèbes; 0001?-0100?,,SNAP-DRGN merged ancient person; sources: www.viaf.org,alive,-49,150,low,SNAP-DRGN person 672300 (http://data.snapdrgn.net/person/672300/); associated attestation dates: 0001/0100; narrowest range 0001/0100 (99y) -> 1st century CE expanded +/-50y; confidence low (century inferred from attestation window); source SNAP-DRGN data.snapdrgn.net retrieved 2026-10-04
snap:672301,person,Macarius; of Alexandria; Saint; active 4th century,,SNAP-DRGN merged ancient person; sources: www.viaf.org,alive,-449,-250,medium,SNAP-DRGN person 672301 (http://data.snapdrgn.net/person/672301/); associated attestation dates: -0394; narrowest range -0394 (0y) -> 4th century BCE expanded +/-50y; confidence medium (<=60y window; rough floruit); source SNAP-DRGN data.snapdrgn.net retrieved 2026-10-04
snap:672305,person,Scaurus; Terentius.,,SNAP-DRGN merged ancient person; sources: www.viaf.org,alive,51,250,low,SNAP-DRGN person 672305 (http://data.snapdrgn.net/person/672305/); associated attestation dates: 0100/0200; narrowest range 0100/0200 (100y) -> 2nd century CE expanded +/-50y; confidence low (century inferred from attestation window); source SNAP-DRGN data.snapdrgn.net retrieved 2026-10-04
snap:672306,person,Straton; Sardianus,,SNAP-DRGN merged ancient person; sources: www.viaf.org,alive,51,250,low,SNAP-DRGN person 672306 (http://data.snapdrgn.net/person/672306/); associated attestation dates: 0100/0200; narrowest range 0100/0200 (100y) -> 2nd century CE expanded +/-50y; confidence low (century inferred from attestation window); source SNAP-DRGN data.snapdrgn.net retrieved 2026-10-04
snap:672308,person,Palladius Alexandrinus 5. Jh.,,SNAP-DRGN merged ancient person; sources: www.viaf.org,alive,451,650,low,SNAP-DRGN person 672308 (http://data.snapdrgn.net/person/672308/); associated attestation dates: 0500/0600; narrowest range 0500/0600 (100y) -> 6th century CE expanded +/-50y; confidence low (century inferred from attestation window); source SNAP-DRGN data.snapdrgn.net retrieved 2026-10-04
snap:672314,person,Trajanus; Marcus Ulpius (M. Ulpius); 53-117,,SNAP-DRGN merged ancient person; sources: www.viaf.org,alive,-49,150,low,SNAP-DRGN person 672314 (http://data.snapdrgn.net/person/672314/); associated attestation dates: 0053/0117; narrowest range 0053/0117 (64y) -> 1st century CE expanded +/-50y; confidence low (century inferred from attestation window); source SNAP-DRGN data.snapdrgn.net retrieved 2026-10-04
snap:672315,person,Nerva Römisches Reich; Kaiser 30-98,,SNAP-DRGN merged ancient person; sources: www.viaf.org,alive,-49,150,low,SNAP-DRGN person 672315 (http://data.snapdrgn.net/person/672315/); associated attestation dates: 0030/0098; narrowest range 0030/0098 (68y) -> 1st century CE expanded +/-50y; confidence low (century inferred from attestation window); source SNAP-DRGN data.snapdrgn.net retrieved 2026-10-04
snap:672316,person,Marcella Heilige ca. ca. 325-410,,SNAP-DRGN merged ancient person; sources: www.viaf.org,alive,251,450,low,SNAP-DRGN person 672316 (http://data.snapdrgn.net/person/672316/); associated attestation dates: 0325/0410; narrowest range 0325/0410 (85y) -> 4th century CE expanded +/-50y; confidence low (century inferred from attestation window); source SNAP-DRGN data.snapdrgn.net retrieved 2026-10-04
snap:672318,person,Ambrosius; ca. 340-397,,SNAP-DRGN merged ancient person; sources: www.viaf.org,alive,251,450,medium,SNAP-DRGN person 672318 (http://data.snapdrgn.net/person/672318/); associated attestation dates: 0339/0397; narrowest range 0339/0397 (58y) -> 4th century CE expanded +/-50y; confidence medium (<=60y window; rough floruit); source SNAP-DRGN data.snapdrgn.net retrieved 2026-10-04
snap:672319,person,Photinus Sirmiensis -376,,SNAP-DRGN merged ancient person; sources: www.viaf.org,alive,-449,-250,medium,SNAP-DRGN person 672319 (http://data.snapdrgn.net/person/672319/); associated attestation dates: -0376; narrowest range -0376 (0y) -> 4th century BCE expanded +/-50y; confidence medium (<=60y window; rough floruit); source SNAP-DRGN data.snapdrgn.net retrieved 2026-10-04
snap:672321,person,Ambroise ....-0784 dit Autpert,,SNAP-DRGN merged ancient person; sources: www.viaf.org,alive,-849,-650,medium,SNAP-DRGN person 672321 (http://data.snapdrgn.net/person/672321/); associated attestation dates: -0784; narrowest range -0784 (0y) -> 8th century BCE expanded +/-50y; confidence medium (<=60y window; rough floruit); source SNAP-DRGN data.snapdrgn.net retrieved 2026-10-04
snap:672322,person,Macarius; Aegyptius; saint,,SNAP-DRGN merged ancient person; sources: www.viaf.org,alive,251,450,low,SNAP-DRGN person 672322 (http://data.snapdrgn.net/person/672322/); associated attestation dates: 0300/0390; narrowest range 0300/0390 (90y) -> 4th century CE expanded +/-50y; confidence low (century inferred from attestation window); source SNAP-DRGN data.snapdrgn.net retrieved 2026-10-04
snap:672323,person,Theodosius II; empereur d&#39;Orient,,SNAP-DRGN merged ancient person; sources: www.viaf.org,alive,351,550,medium,SNAP-DRGN person 672323 (http://data.snapdrgn.net/person/672323/); associated attestation dates: 0401/0450; narrowest range 0401/0450 (49y) -> 5th century CE expanded +/-50y; confidence medium (<=60y window; rough floruit); source SNAP-DRGN data.snapdrgn.net retrieved 2026-10-04
snap:672325,person,Anscario 801-865 Santo,,SNAP-DRGN merged ancient person; sources: www.viaf.org,alive,751,950,low,SNAP-DRGN person 672325 (http://data.snapdrgn.net/person/672325/); associated attestation dates: 0801/0865; narrowest range 0801/0865 (64y) -> 9th century CE expanded +/-50y; confidence low (century inferred from attestation window); source SNAP-DRGN data.snapdrgn.net retrieved 2026-10-04
snap:672327,person,Mesomèdes,,SNAP-DRGN merged ancient person; sources: www.viaf.org,alive,51,250,low,SNAP-DRGN person 672327 (http://data.snapdrgn.net/person/672327/); associated attestation dates: 0100/0200; narrowest range 0100/0200 (100y) -> 2nd century CE expanded +/-50y; confidence low (century inferred from attestation window); source SNAP-DRGN data.snapdrgn.net retrieved 2026-10-04
snap:672329,person,Ansanus Heiliger ca. ca. 284-302,,SNAP-DRGN merged ancient person; sources: www.viaf.org,alive,151,350,medium,SNAP-DRGN person 672329 (http://data.snapdrgn.net/person/672329/); associated attestation dates: 0284/0302; narrowest range 0284/0302 (18y) -> 3rd century CE expanded +/-50y; confidence medium (<=60y window; rough floruit); source SNAP-DRGN data.snapdrgn.net retrieved 2026-10-04
snap:672330,person,Nayrīzī; al-Faḍl ibn Ḥātim Abū al-ʿAbbās al- 0897-0922,,SNAP-DRGN merged ancient person; sources: www.viaf.org,alive,851,1050,medium,SNAP-DRGN person 672330 (http://data.snapdrgn.net/person/672330/); associated attestation dates: 0897/0922; narrowest range 0897/0922 (25y) -> 10th century CE expanded +/-50y; confidence medium (<=60y window; rough floruit); source SNAP-DRGN data.snapdrgn.net retrieved 2026-10-04
snap:672332,person,Heliogabalus; 203-222; romersk kejsare,,SNAP-DRGN merged ancient person; sources: www.viaf.org,alive,151,350,medium,SNAP-DRGN person 672332 (http://data.snapdrgn.net/person/672332/); associated attestation dates: 0204/0222; narrowest range 0204/0222 (18y) -> 3rd century CE expanded +/-50y; confidence medium (<=60y window; rough floruit); source SNAP-DRGN data.snapdrgn.net retrieved 2026-10-04
snap:672335,person,Palladius; Helenopolitanus; ca364-ca430,,SNAP-DRGN merged ancient person; sources: www.viaf.org,alive,251,450,low,SNAP-DRGN person 672335 (http://data.snapdrgn.net/person/672335/); associated attestation dates: 0365/0430; narrowest range 0365/0430 (65y) -> 4th century CE expanded +/-50y; confidence low (century inferred from attestation window); source SNAP-DRGN data.snapdrgn.net retrieved 2026-10-04
snap:672338,person,Diogenes; of Oenoanda,,SNAP-DRGN merged ancient person; sources: www.viaf.org,alive,51,250,low,SNAP-DRGN person 672338 (http://data.snapdrgn.net/person/672338/); associated attestation dates: 0100/0200; narrowest range 0100/0200 (100y) -> 2nd century CE expanded +/-50y; confidence low (century inferred from attestation window); source SNAP-DRGN data.snapdrgn.net retrieved 2026-10-04
snap:672339,person,Firmus Caesariensis -439,,SNAP-DRGN merged ancient person; sources: www.viaf.org,alive,-549,-350,medium,SNAP-DRGN person 672339 (http://data.snapdrgn.net/person/672339/); associated attestation dates: -0439; narrowest range -0439 (0y) -> 5th century BCE expanded +/-50y; confidence medium (<=60y window; rough floruit); source SNAP-DRGN data.snapdrgn.net retrieved 2026-10-04
snap:672344,person,Apulée 0125-0180?,,SNAP-DRGN merged ancient person; sources: www.viaf.org,alive,51,250,medium,SNAP-DRGN person 672344 (http://data.snapdrgn.net/person/672344/); associated attestation dates: 0125/0180; narrowest range 0125/0180 (55y) -> 2nd century CE expanded +/-50y; confidence medium (<=60y window; rough floruit); source SNAP-DRGN data.snapdrgn.net retrieved 2026-10-04
snap:672345,person,Martial,,SNAP-DRGN merged ancient person; sources: www.viaf.org,alive,-49,150,low,SNAP-DRGN person 672345 (http://data.snapdrgn.net/person/672345/); associated attestation dates: 0040/0104; narrowest range 0040/0104 (64y) -> 1st century CE expanded +/-50y; confidence low (century inferred from attestation window); source SNAP-DRGN data.snapdrgn.net retrieved 2026-10-04
snap:672347,person,Hermias; Alexandrinus; ca.410-ca.450,,SNAP-DRGN merged ancient person; sources: www.viaf.org,alive,451,650,low,SNAP-DRGN person 672347 (http://data.snapdrgn.net/person/672347/); associated attestation dates: 0500/0600; narrowest range 0500/0600 (100y) -> 6th century CE expanded +/-50y; confidence low (century inferred from attestation window); source SNAP-DRGN data.snapdrgn.net retrieved 2026-10-04
snap:672350,person,Dionysius; of Alexandria; Saint; -265,,SNAP-DRGN merged ancient person; sources: www.viaf.org,alive,-349,-150,medium,SNAP-DRGN person 672350 (http://data.snapdrgn.net/person/672350/); associated attestation dates: -0265; narrowest range -0265 (0y) -> 3rd century BCE expanded +/-50y; confidence medium (<=60y window; rough floruit); source SNAP-DRGN data.snapdrgn.net retrieved 2026-10-04
snap:672351,person,Numenius Apamensis ca. 2. Jh.,,SNAP-DRGN merged ancient person; sources: www.viaf.org,alive,51,250,low,SNAP-DRGN person 672351 (http://data.snapdrgn.net/person/672351/); associated attestation dates: 0100/0200; narrowest range 0100/0200 (100y) -> 2nd century CE expanded +/-50y; confidence low (century inferred from attestation window); source SNAP-DRGN data.snapdrgn.net retrieved 2026-10-04
snap:672354,person,Aristides; Aelius,,SNAP-DRGN merged ancient person; sources: www.viaf.org,alive,51,250,low,SNAP-DRGN person 672354 (http://data.snapdrgn.net/person/672354/); associated attestation dates: 0117/0189; narrowest range 0117/0189 (72y) -> 2nd century CE expanded +/-50y; confidence low (century inferred from attestation window); source SNAP-DRGN data.snapdrgn.net retrieved 2026-10-04
snap:672355,person,Nonius Marcellus ca. 4. Jh.,,SNAP-DRGN merged ancient person; sources: www.viaf.org,alive,351,550,low,SNAP-DRGN person 672355 (http://data.snapdrgn.net/person/672355/); associated attestation dates: 0400/0500; narrowest range 0400/0500 (100y) -> 5th century CE expanded +/-50y; confidence low (century inferred from attestation window); source SNAP-DRGN data.snapdrgn.net retrieved 2026-10-04
snap:672360,person,Nikolaus Heiliger 270-340,,SNAP-DRGN merged ancient person; sources: www.viaf.org,alive,251,450,low,SNAP-DRGN person 672360 (http://data.snapdrgn.net/person/672360/); associated attestation dates: 0270/0340; narrowest range 0270/0340 (70y) -> 4th century CE expanded +/-50y; confidence low (century inferred from attestation window); source SNAP-DRGN data.snapdrgn.net retrieved 2026-10-04
snap:672361,person,Paulinus; Nolanus; ca. 353-431,,SNAP-DRGN merged ancient person; sources: www.viaf.org,alive,251,450,low,SNAP-DRGN person 672361 (http://data.snapdrgn.net/person/672361/); associated attestation dates: 0353/0431; narrowest range 0353/0431 (78y) -> 4th century CE expanded +/-50y; confidence low (century inferred from attestation window); source SNAP-DRGN data.snapdrgn.net retrieved 2026-10-04
snap:672364,person,Tertullianus; Quintus Septimius Florens; ca160-ca220,,SNAP-DRGN merged ancient person; sources: www.viaf.org,alive,51,250,low,SNAP-DRGN person 672364 (http://data.snapdrgn.net/person/672364/); associated attestation dates: 0150/0230; narrowest range 0150/0230 (80y) -> 2nd century CE expanded +/-50y; confidence low (century inferred from attestation window); source SNAP-DRGN data.snapdrgn.net retrieved 2026-10-04
snap:672365,person,Bonifacius; 672/675-754,,SNAP-DRGN merged ancient person; sources: www.viaf.org,alive,651,850,low,SNAP-DRGN person 672365 (http://data.snapdrgn.net/person/672365/); associated attestation dates: 0675/0754; narrowest range 0675/0754 (79y) -> 8th century CE expanded +/-50y; confidence low (century inferred from attestation window); source SNAP-DRGN data.snapdrgn.net retrieved 2026-10-04
snap:672369,person,Valerius Flaccus Setinus Balbus; Gaius ca. 1. Jh.,,SNAP-DRGN merged ancient person; sources: www.viaf.org,alive,-49,150,medium,SNAP-DRGN person 672369 (http://data.snapdrgn.net/person/672369/); associated attestation dates: 0045/0090; narrowest range 0045/0090 (45y) -> 1st century CE expanded +/-50y; confidence medium (<=60y window; rough floruit); source SNAP-DRGN data.snapdrgn.net retrieved 2026-10-04
snap:672372,person,Alexander Trallianus; c. 525-c. 605,,SNAP-DRGN merged ancient person; sources: www.viaf.org,alive,551,750,low,SNAP-DRGN person 672372 (http://data.snapdrgn.net/person/672372/); associated attestation dates: 0600/0700; narrowest range 0600/0700 (100y) -> 7th century CE expanded +/-50y; confidence low (century inferred from attestation window); source SNAP-DRGN data.snapdrgn.net retrieved 2026-10-04
snap:672374,person,Felicitas Sancta -203,,SNAP-DRGN merged ancient person; sources: www.viaf.org,alive,-349,-150,medium,SNAP-DRGN person 672374 (http://data.snapdrgn.net/person/672374/); associated attestation dates: -0203; narrowest range -0203 (0y) -> 3rd century BCE expanded +/-50y; confidence medium (<=60y window; rough floruit); source SNAP-DRGN data.snapdrgn.net retrieved 2026-10-04
snap:672375,person,Sulpicius Lupercus Serbastus Iunior 4. Jh.,,SNAP-DRGN merged ancient person; sources: www.viaf.org,alive,351,550,low,SNAP-DRGN person 672375 (http://data.snapdrgn.net/person/672375/); associated attestation dates: 0400/0500; narrowest range 0400/0500 (100y) -> 5th century CE expanded +/-50y; confidence low (century inferred from attestation window); source SNAP-DRGN data.snapdrgn.net retrieved 2026-10-04
snap:672377,person,Hiéroclès; 01..-01..; le stoïcien,,SNAP-DRGN merged ancient person; sources: www.viaf.org,alive,51,250,low,SNAP-DRGN person 672377 (http://data.snapdrgn.net/person/672377/); associated attestation dates: 0100/0200; narrowest range 0100/0200 (100y) -> 2nd century CE expanded +/-50y; confidence low (century inferred from attestation window); source SNAP-DRGN data.snapdrgn.net retrieved 2026-10-04
snap:672380,person,Hegesinus Epicus ca. 2.Jh.n.Chr.,,SNAP-DRGN merged ancient person; sources: www.viaf.org,alive,51,250,low,SNAP-DRGN person 672380 (http://data.snapdrgn.net/person/672380/); associated attestation dates: 0100/0200; narrowest range 0100/0200 (100y) -> 2nd century CE expanded +/-50y; confidence low (century inferred from attestation window); source SNAP-DRGN data.snapdrgn.net retrieved 2026-10-04
snap:672382,person,Claudianus; Claudius,,SNAP-DRGN merged ancient person; sources: www.viaf.org,alive,251,450,medium,SNAP-DRGN person 672382 (http://data.snapdrgn.net/person/672382/); associated attestation dates: 0370/0404; narrowest range 0370/0404 (34y) -> 4th century CE expanded +/-50y; confidence medium (<=60y window; rough floruit); source SNAP-DRGN data.snapdrgn.net retrieved 2026-10-04
snap:672384,person,Victorinus Römisches Reich; Kaiser; Gegenkaiser -270,,SNAP-DRGN merged ancient person; sources: www.viaf.org,alive,-349,-150,medium,SNAP-DRGN person 672384 (http://data.snapdrgn.net/person/672384/); associated attestation dates: -0270; narrowest range -0270 (0y) -> 3rd century BCE expanded +/-50y; confidence medium (<=60y window; rough floruit); source SNAP-DRGN data.snapdrgn.net retrieved 2026-10-04
snap:672385,person,Gregory; of Nazianzus; Saint,,SNAP-DRGN merged ancient person; sources: www.viaf.org,alive,251,450,low,SNAP-DRGN person 672385 (http://data.snapdrgn.net/person/672385/); associated attestation dates: 0329/0390; narrowest range 0329/0390 (61y) -> 4th century CE expanded +/-50y; confidence low (century inferred from attestation window); source SNAP-DRGN data.snapdrgn.net retrieved 2026-10-04
snap:672386,person,Majorian approximately 420-461 Emperor of Rome,,SNAP-DRGN merged ancient person; sources: www.viaf.org,alive,-549,-350,medium,SNAP-DRGN person 672386 (http://data.snapdrgn.net/person/672386/); associated attestation dates: -0461; narrowest range -0461 (0y) -> 5th century BCE expanded +/-50y; confidence medium (<=60y window; rough floruit); source SNAP-DRGN data.snapdrgn.net retrieved 2026-10-04
snap:672389,person,Nicomachus Epigrammaticus ca. 2.Jh.n.Chr.,,SNAP-DRGN merged ancient person; sources: www.viaf.org,alive,51,250,low,SNAP-DRGN person 672389 (http://data.snapdrgn.net/person/672389/); associated attestation dates: 0100/0200; narrowest range 0100/0200 (100y) -> 2nd century CE expanded +/-50y; confidence low (century inferred from attestation window); source SNAP-DRGN data.snapdrgn.net retrieved 2026-10-04
snap:672390,person,Silius Italicus; Tiberius Catius; 0025?-0101,,SNAP-DRGN merged ancient person; sources: www.viaf.org,alive,-49,150,low,SNAP-DRGN person 672390 (http://data.snapdrgn.net/person/672390/); associated attestation dates: 0026/0101; narrowest range 0026/0101 (75y) -> 1st century CE expanded +/-50y; confidence low (century inferred from attestation window); source SNAP-DRGN data.snapdrgn.net retrieved 2026-10-04
snap:672391,person,Aldhelmus 640-709 Schireburnensis,,SNAP-DRGN merged ancient person; sources: www.viaf.org,alive,551,750,low,SNAP-DRGN person 672391 (http://data.snapdrgn.net/person/672391/); associated attestation dates: 0640/0709; narrowest range 0640/0709 (69y) -> 7th century CE expanded +/-50y; confidence low (century inferred from attestation window); source SNAP-DRGN data.snapdrgn.net retrieved 2026-10-04
snap:672392,person,Felix Urgellensis -818,,SNAP-DRGN merged ancient person; sources: www.viaf.org,alive,-949,-750,medium,SNAP-DRGN person 672392 (http://data.snapdrgn.net/person/672392/); associated attestation dates: -0818; narrowest range -0818 (0y) -> 9th century BCE expanded +/-50y; confidence medium (<=60y window; rough floruit); source SNAP-DRGN data.snapdrgn.net retrieved 2026-10-04
snap:672397,person,Longinus; Cassius,,SNAP-DRGN merged ancient person; sources: www.viaf.org,alive,151,350,medium,SNAP-DRGN person 672397 (http://data.snapdrgn.net/person/672397/); associated attestation dates: 0213/0273; narrowest range 0213/0273 (60y) -> 3rd century CE expanded +/-50y; confidence medium (<=60y window; rough floruit); source SNAP-DRGN data.snapdrgn.net retrieved 2026-10-04
snap:672399,person,Theophilus; patriarch; Archbishop of Alexandria; -412,,SNAP-DRGN merged ancient person; sources: www.viaf.org,alive,251,450,low,SNAP-DRGN person 672399 (http://data.snapdrgn.net/person/672399/); associated attestation dates: 0345/0412; narrowest range 0345/0412 (67y) -> 4th century CE expanded +/-50y; confidence low (century inferred from attestation window); source SNAP-DRGN data.snapdrgn.net retrieved 2026-10-04
snap:672400,person,Cogitosus ca. Mitte 7. Jh.,,SNAP-DRGN merged ancient person; sources: www.viaf.org,alive,651,850,medium,SNAP-DRGN person 672400 (http://data.snapdrgn.net/person/672400/); associated attestation dates: 0725/0775; narrowest range 0725/0775 (50y) -> 8th century CE expanded +/-50y; confidence medium (<=60y window; rough floruit); source SNAP-DRGN data.snapdrgn.net retrieved 2026-10-04
snap:672401,person,Sextus; Empiricus,,SNAP-DRGN merged ancient person; sources: www.viaf.org,alive,51,250,medium,SNAP-DRGN person 672401 (http://data.snapdrgn.net/person/672401/); associated attestation dates: 0150/0210; narrowest range 0150/0210 (60y) -> 2nd century CE expanded +/-50y; confidence medium (<=60y window; rough floruit); source SNAP-DRGN data.snapdrgn.net retrieved 2026-10-04
snap:672402,person,Messalla Corvinus; Marcus Valerius,,SNAP-DRGN merged ancient person; sources: www.viaf.org,alive,1451,1650,low,SNAP-DRGN person 672402 (http://data.snapdrgn.net/person/672402/); associated attestation dates: 1528/1590; narrowest range 1528/1590 (62y) -> 16th century CE expanded +/-50y; confidence low (century inferred from attestation window); source SNAP-DRGN data.snapdrgn.net retrieved 2026-10-04
snap:672407,person,Alexander I. Papst -117,,SNAP-DRGN merged ancient person; sources: www.viaf.org,alive,-249,-50,medium,SNAP-DRGN person 672407 (http://data.snapdrgn.net/person/672407/); associated attestation dates: -0117; narrowest range -0117 (0y) -> 2nd century BCE expanded +/-50y; confidence medium (<=60y window; rough floruit); source SNAP-DRGN data.snapdrgn.net retrieved 2026-10-04
snap:672408,person,Jean Diacre 0825?-0880?,,SNAP-DRGN merged ancient person; sources: www.viaf.org,alive,751,950,medium,SNAP-DRGN person 672408 (http://data.snapdrgn.net/person/672408/); associated attestation dates: 0825/0880; narrowest range 0825/0880 (55y) -> 9th century CE expanded +/-50y; confidence medium (<=60y window; rough floruit); source SNAP-DRGN data.snapdrgn.net retrieved 2026-10-04
snap:672411,person,Apolinary z Laodycei ca 310-390,,SNAP-DRGN merged ancient person; sources: www.viaf.org,alive,251,450,low,SNAP-DRGN person 672411 (http://data.snapdrgn.net/person/672411/); associated attestation dates: 0310/0390; narrowest range 0310/0390 (80y) -> 4th century CE expanded +/-50y; confidence low (century inferred from attestation window); source SNAP-DRGN data.snapdrgn.net retrieved 2026-10-04
snap:672412,person,Hermerus; Claudius; 03..-03..,,SNAP-DRGN merged ancient person; sources: www.viaf.org,alive,351,550,low,SNAP-DRGN person 672412 (http://data.snapdrgn.net/person/672412/); associated attestation dates: 0400/0500; narrowest range 0400/0500 (100y) -> 5th century CE expanded +/-50y; confidence low (century inferred from attestation window); source SNAP-DRGN data.snapdrgn.net retrieved 2026-10-04
snap:672417,person,Dexippus Platonicus,,SNAP-DRGN merged ancient person; sources: www.viaf.org,alive,351,550,low,SNAP-DRGN person 672417 (http://data.snapdrgn.net/person/672417/); associated attestation dates: 0400/0500; narrowest range 0400/0500 (100y) -> 5th century CE expanded +/-50y; confidence low (century inferred from attestation window); source SNAP-DRGN data.snapdrgn.net retrieved 2026-10-04
snap:672419,person,Charisius; Flavius Sosipater; sec. IV,,SNAP-DRGN merged ancient person; sources: www.viaf.org,alive,351,550,low,SNAP-DRGN person 672419 (http://data.snapdrgn.net/person/672419/); associated attestation dates: 0400/0500; narrowest range 0400/0500 (100y) -> 5th century CE expanded +/-50y; confidence low (century inferred from attestation window); source SNAP-DRGN data.snapdrgn.net retrieved 2026-10-04
snap:672420,person,Caracalla; Emperor of Rome; 188-217,,SNAP-DRGN merged ancient person; sources: www.viaf.org,alive,151,350,medium,SNAP-DRGN person 672420 (http://data.snapdrgn.net/person/672420/); associated attestation dates: 0186/0217; narrowest range 0186/0217 (31y) -> 3rd century CE expanded +/-50y; confidence medium (<=60y window; rough floruit); source SNAP-DRGN data.snapdrgn.net retrieved 2026-10-04
snap:672421,person,Gaius,,SNAP-DRGN merged ancient person; sources: www.viaf.org,alive,51,250,low,SNAP-DRGN person 672421 (http://data.snapdrgn.net/person/672421/); associated attestation dates: 0117/0180; narrowest range 0117/0180 (63y) -> 2nd century CE expanded +/-50y; confidence low (century inferred from attestation window); source SNAP-DRGN data.snapdrgn.net retrieved 2026-10-04
snap:672422,person,Orosius; Paulus 5. Jh.,,SNAP-DRGN merged ancient person; sources: www.viaf.org,alive,451,650,low,SNAP-DRGN person 672422 (http://data.snapdrgn.net/person/672422/); associated attestation dates: 0500/0600; narrowest range 0500/0600 (100y) -> 6th century CE expanded +/-50y; confidence low (century inferred from attestation window); source SNAP-DRGN data.snapdrgn.net retrieved 2026-10-04
snap:672423,person,Philoromos -306,,SNAP-DRGN merged ancient person; sources: www.viaf.org,alive,-449,-250,medium,SNAP-DRGN person 672423 (http://data.snapdrgn.net/person/672423/); associated attestation dates: -0306; narrowest range -0306 (0y) -> 4th century BCE expanded +/-50y; confidence medium (<=60y window; rough floruit); source SNAP-DRGN data.snapdrgn.net retrieved 2026-10-04
snap:672428,person,Eulalius Papst; Gegenpapst -423,,SNAP-DRGN merged ancient person; sources: www.viaf.org,alive,-549,-350,medium,SNAP-DRGN person 672428 (http://data.snapdrgn.net/person/672428/); associated attestation dates: -0423; narrowest range -0423 (0y) -> 5th century BCE expanded +/-50y; confidence medium (<=60y window; rough floruit); source SNAP-DRGN data.snapdrgn.net retrieved 2026-10-04
snap:672430,person,Hrabanus; Maurus; 780-856,,SNAP-DRGN merged ancient person; sources: www.viaf.org,alive,751,950,low,SNAP-DRGN person 672430 (http://data.snapdrgn.net/person/672430/); associated attestation dates: 0780/0856; narrowest range 0780/0856 (76y) -> 9th century CE expanded +/-50y; confidence low (century inferred from attestation window); source SNAP-DRGN data.snapdrgn.net retrieved 2026-10-04
snap:672431,person,Pomponius; Sextus ca. 2. Jh.,,SNAP-DRGN merged ancient person; sources: www.viaf.org,alive,51,250,low,SNAP-DRGN person 672431 (http://data.snapdrgn.net/person/672431/); associated attestation dates: 0100/0200; narrowest range 0100/0200 (100y) -> 2nd century CE expanded +/-50y; confidence low (century inferred from attestation window); source SNAP-DRGN data.snapdrgn.net retrieved 2026-10-04
snap:672433,person,Rufus Perinthius ca. 2. Jh.,,SNAP-DRGN merged ancient person; sources: www.viaf.org,alive,51,250,low,SNAP-DRGN person 672433 (http://data.snapdrgn.net/person/672433/); associated attestation dates: 0100/0200; narrowest range 0100/0200 (100y) -> 2nd century CE expanded +/-50y; confidence low (century inferred from attestation window); source SNAP-DRGN data.snapdrgn.net retrieved 2026-10-04
snap:672434,person,Novatianus,,SNAP-DRGN merged ancient person; sources: www.viaf.org,alive,-349,-150,medium,SNAP-DRGN person 672434 (http://data.snapdrgn.net/person/672434/); associated attestation dates: -0258; narrowest range -0258 (0y) -> 3rd century BCE expanded +/-50y; confidence medium (<=60y window; rough floruit); source SNAP-DRGN data.snapdrgn.net retrieved 2026-10-04
snap:672436,person,Numerian Römisches Reich; Kaiser -284,,SNAP-DRGN merged ancient person; sources: www.viaf.org,alive,-349,-150,medium,SNAP-DRGN person 672436 (http://data.snapdrgn.net/person/672436/); associated attestation dates: -0284; narrowest range -0284 (0y) -> 3rd century BCE expanded +/-50y; confidence medium (<=60y window; rough floruit); source SNAP-DRGN data.snapdrgn.net retrieved 2026-10-04
snap:672438,person,Sebastian Heiliger ca. 3. Jh.,,SNAP-DRGN merged ancient person; sources: www.viaf.org,alive,251,450,low,SNAP-DRGN person 672438 (http://data.snapdrgn.net/person/672438/); associated attestation dates: 0300/0400; narrowest range 0300/0400 (100y) -> 4th century CE expanded +/-50y; confidence low (century inferred from attestation window); source SNAP-DRGN data.snapdrgn.net retrieved 2026-10-04
snap:672439,person,Agrestius Lucensis ca. 5. Jh.,,SNAP-DRGN merged ancient person; sources: www.viaf.org,alive,451,650,low,SNAP-DRGN person 672439 (http://data.snapdrgn.net/person/672439/); associated attestation dates: 0500/0600; narrowest range 0500/0600 (100y) -> 6th century CE expanded +/-50y; confidence low (century inferred from attestation window); source SNAP-DRGN data.snapdrgn.net retrieved 2026-10-04
snap:672441,person,Orígenes; ca 185-ca 254,,SNAP-DRGN merged ancient person; sources: www.viaf.org,alive,151,350,low,SNAP-DRGN person 672441 (http://data.snapdrgn.net/person/672441/); associated attestation dates: 0185/0254; narrowest range 0185/0254 (69y) -> 3rd century CE expanded +/-50y; confidence low (century inferred from attestation window); source SNAP-DRGN data.snapdrgn.net retrieved 2026-10-04
snap:672443,person,Hygin; 01..?-01..?,,SNAP-DRGN merged ancient person; sources: www.viaf.org,alive,51,250,low,SNAP-DRGN person 672443 (http://data.snapdrgn.net/person/672443/); associated attestation dates: 0100/0200; narrowest range 0100/0200 (100y) -> 2nd century CE expanded +/-50y; confidence low (century inferred from attestation window); source SNAP-DRGN data.snapdrgn.net retrieved 2026-10-04
snap:672444,person,Epictetus 50-130,,SNAP-DRGN merged ancient person; sources: www.viaf.org,alive,-49,150,low,SNAP-DRGN person 672444 (http://data.snapdrgn.net/person/672444/); associated attestation dates: 0050/0130; narrowest range 0050/0130 (80y) -> 1st century CE expanded +/-50y; confidence low (century inferred from attestation window); source SNAP-DRGN data.snapdrgn.net retrieved 2026-10-04
snap:672448,person,Lucianus Antiochenus 240-312,,SNAP-DRGN merged ancient person; sources: www.viaf.org,alive,151,350,low,SNAP-DRGN person 672448 (http://data.snapdrgn.net/person/672448/); associated attestation dates: 0240/0312; narrowest range 0240/0312 (72y) -> 3rd century CE expanded +/-50y; confidence low (century inferred from attestation window); source SNAP-DRGN data.snapdrgn.net retrieved 2026-10-04
snap:672450,person,Eugraphus Märtyrer -305,,SNAP-DRGN merged ancient person; sources: www.viaf.org,alive,-449,-250,medium,SNAP-DRGN person 672450 (http://data.snapdrgn.net/person/672450/); associated attestation dates: -0305; narrowest range -0305 (0y) -> 4th century BCE expanded +/-50y; confidence medium (<=60y window; rough floruit); source SNAP-DRGN data.snapdrgn.net retrieved 2026-10-04
snap:672453,person,Ildephonsus 607-669 Toletanus,,SNAP-DRGN merged ancient person; sources: www.viaf.org,alive,551,750,medium,SNAP-DRGN person 672453 (http://data.snapdrgn.net/person/672453/); associated attestation dates: 0607/0667; narrowest range 0607/0667 (60y) -> 7th century CE expanded +/-50y; confidence medium (<=60y window; rough floruit); source SNAP-DRGN data.snapdrgn.net retrieved 2026-10-04
snap:672454,person,Dexippus; Publius Herennius,,SNAP-DRGN merged ancient person; sources: www.viaf.org,alive,251,450,low,SNAP-DRGN person 672454 (http://data.snapdrgn.net/person/672454/); associated attestation dates: 0300/0400; narrowest range 0300/0400 (100y) -> 4th century CE expanded +/-50y; confidence low (century inferred from attestation window); source SNAP-DRGN data.snapdrgn.net retrieved 2026-10-04
snap:672455,person,Theophanes the Confessor,,SNAP-DRGN merged ancient person; sources: www.viaf.org,alive,651,850,low,SNAP-DRGN person 672455 (http://data.snapdrgn.net/person/672455/); associated attestation dates: 0752/0817; narrowest range 0752/0817 (65y) -> 8th century CE expanded +/-50y; confidence low (century inferred from attestation window); source SNAP-DRGN data.snapdrgn.net retrieved 2026-10-04
snap:672464,person,Paulus; Diaconus ca. 720-ca. 799,,SNAP-DRGN merged ancient person; sources: www.viaf.org,alive,651,850,low,SNAP-DRGN person 672464 (http://data.snapdrgn.net/person/672464/); associated attestation dates: 0720/0799; narrowest range 0720/0799 (79y) -> 8th century CE expanded +/-50y; confidence low (century inferred from attestation window); source SNAP-DRGN data.snapdrgn.net retrieved 2026-10-04
snap:672466,person,Taurus; Lucius Calbenus ca. 2. Jh.,,SNAP-DRGN merged ancient person; sources: www.viaf.org,alive,51,250,low,SNAP-DRGN person 672466 (http://data.snapdrgn.net/person/672466/); associated attestation dates: 0100/0200; narrowest range 0100/0200 (100y) -> 2nd century CE expanded +/-50y; confidence low (century inferred from attestation window); source SNAP-DRGN data.snapdrgn.net retrieved 2026-10-04
snap:672467,person,Afra Heilige -304,,SNAP-DRGN merged ancient person; sources: www.viaf.org,alive,-449,-250,medium,SNAP-DRGN person 672467 (http://data.snapdrgn.net/person/672467/); associated attestation dates: -0304; narrowest range -0304 (0y) -> 4th century BCE expanded +/-50y; confidence medium (<=60y window; rough floruit); source SNAP-DRGN data.snapdrgn.net retrieved 2026-10-04
snap:672468,person,Wandalbertus; Prumiensis,,SNAP-DRGN merged ancient person; sources: www.viaf.org,alive,751,950,medium,SNAP-DRGN person 672468 (http://data.snapdrgn.net/person/672468/); associated attestation dates: 0813/0870; narrowest range 0813/0870 (57y) -> 9th century CE expanded +/-50y; confidence medium (<=60y window; rough floruit); source SNAP-DRGN data.snapdrgn.net retrieved 2026-10-04
snap:672469,person,Eratosthenes Scholasticus fl.6. Jh,,SNAP-DRGN merged ancient person; sources: www.viaf.org,alive,551,750,low,SNAP-DRGN person 672469 (http://data.snapdrgn.net/person/672469/); associated attestation dates: 0600/0700; narrowest range 0600/0700 (100y) -> 7th century CE expanded +/-50y; confidence low (century inferred from attestation window); source SNAP-DRGN data.snapdrgn.net retrieved 2026-10-04
snap:672473,person,Anastasius II. Papst -498,,SNAP-DRGN merged ancient person; sources: www.viaf.org,alive,-549,-350,medium,SNAP-DRGN person 672473 (http://data.snapdrgn.net/person/672473/); associated attestation dates: -0498; narrowest range -0498 (0y) -> 5th century BCE expanded +/-50y; confidence medium (<=60y window; rough floruit); source SNAP-DRGN data.snapdrgn.net retrieved 2026-10-04
snap:672475,person,Theon; of Smyrna,,SNAP-DRGN merged ancient person; sources: www.viaf.org,alive,51,250,low,SNAP-DRGN person 672475 (http://data.snapdrgn.net/person/672475/); associated attestation dates: 0100/0200; narrowest range 0100/0200 (100y) -> 2nd century CE expanded +/-50y; confidence low (century inferred from attestation window); source SNAP-DRGN data.snapdrgn.net retrieved 2026-10-04
snap:672478,person,Lesbonax; sec. II,,SNAP-DRGN merged ancient person; sources: www.viaf.org,alive,51,250,low,SNAP-DRGN person 672478 (http://data.snapdrgn.net/person/672478/); associated attestation dates: 0100/0200; narrowest range 0100/0200 (100y) -> 2nd century CE expanded +/-50y; confidence low (century inferred from attestation window); source SNAP-DRGN data.snapdrgn.net retrieved 2026-10-04
snap:672479,person,Suetonius; approximately 69-approximately 122,,SNAP-DRGN merged ancient person; sources: www.viaf.org,alive,51,250,low,SNAP-DRGN person 672479 (http://data.snapdrgn.net/person/672479/); associated attestation dates: 0070/0150; narrowest range 0070/0150 (80y) -> 2nd century CE expanded +/-50y; confidence low (century inferred from attestation window); source SNAP-DRGN data.snapdrgn.net retrieved 2026-10-04
snap:672480,person,Manilius; Marcus,,SNAP-DRGN merged ancient person; sources: www.viaf.org,alive,-49,150,low,SNAP-DRGN person 672480 (http://data.snapdrgn.net/person/672480/); associated attestation dates: 0000/0100; narrowest range 0000/0100 (100y) -> 1st century CE expanded +/-50y; confidence low (century inferred from attestation window); source SNAP-DRGN data.snapdrgn.net retrieved 2026-10-04
snap:672484,person,Georgius; monachus,,SNAP-DRGN merged ancient person; sources: www.viaf.org,alive,851,1050,low,SNAP-DRGN person 672484 (http://data.snapdrgn.net/person/672484/); associated attestation dates: 0900/1000; narrowest range 0900/1000 (100y) -> 10th century CE expanded +/-50y; confidence low (century inferred from attestation window); source SNAP-DRGN data.snapdrgn.net retrieved 2026-10-04
snap:672485,person,Hincmar de Laon 0830?-0879,,SNAP-DRGN merged ancient person; sources: www.viaf.org,alive,751,950,medium,SNAP-DRGN person 672485 (http://data.snapdrgn.net/person/672485/); associated attestation dates: 0830/0879; narrowest range 0830/0879 (49y) -> 9th century CE expanded +/-50y; confidence medium (<=60y window; rough floruit); source SNAP-DRGN data.snapdrgn.net retrieved 2026-10-04
snap:672486,person,Chrysippus; Hierosolymitanus,,SNAP-DRGN merged ancient person; sources: www.viaf.org,alive,-549,-350,medium,SNAP-DRGN person 672486 (http://data.snapdrgn.net/person/672486/); associated attestation dates: -0479; narrowest range -0479 (0y) -> 5th century BCE expanded +/-50y; confidence medium (<=60y window; rough floruit); source SNAP-DRGN data.snapdrgn.net retrieved 2026-10-04
snap:672492,person,Alexandros von Abonuteichos ca. ca. 105-ca. 175,,SNAP-DRGN merged ancient person; sources: www.viaf.org,alive,51,250,low,SNAP-DRGN person 672492 (http://data.snapdrgn.net/person/672492/); associated attestation dates: 0105/0175; narrowest range 0105/0175 (70y) -> 2nd century CE expanded +/-50y; confidence low (century inferred from attestation window); source SNAP-DRGN data.snapdrgn.net retrieved 2026-10-04
snap:672493,person,Tertullian; approximately 160-approximately 230,,SNAP-DRGN merged ancient person; sources: www.viaf.org,alive,51,250,low,SNAP-DRGN person 672493 (http://data.snapdrgn.net/person/672493/); associated attestation dates: 0150/0225; narrowest range 0150/0225 (75y) -> 2nd century CE expanded +/-50y; confidence low (century inferred from attestation window); source SNAP-DRGN data.snapdrgn.net retrieved 2026-10-04
snap:672496,person,Gildas; Sapiens,,SNAP-DRGN merged ancient person; sources: www.viaf.org,alive,451,650,low,SNAP-DRGN person 672496 (http://data.snapdrgn.net/person/672496/); associated attestation dates: 0504/0570; narrowest range 0504/0570 (66y) -> 6th century CE expanded +/-50y; confidence low (century inferred from attestation window); source SNAP-DRGN data.snapdrgn.net retrieved 2026-10-04
snap:672498,person,Agrippina; Minor; 15-59,,SNAP-DRGN merged ancient person; sources: www.viaf.org,alive,-49,150,medium,SNAP-DRGN person 672498 (http://data.snapdrgn.net/person/672498/); associated attestation dates: 0015/0059; narrowest range 0015/0059 (44y) -> 1st century CE expanded +/-50y; confidence medium (<=60y window; rough floruit); source SNAP-DRGN data.snapdrgn.net retrieved 2026-10-04
snap:672501,person,Macarius; Pseudo-,,SNAP-DRGN merged ancient person; sources: www.viaf.org,alive,-1749,-1550,medium,SNAP-DRGN person 672501 (http://data.snapdrgn.net/person/672501/); associated attestation dates: -1601; narrowest range -1601 (0y) -> 17th century BCE expanded +/-50y; confidence medium (<=60y window; rough floruit); source SNAP-DRGN data.snapdrgn.net retrieved 2026-10-04
snap:672502,person,Philostratus Iunior ca. 3. Jh.,,SNAP-DRGN merged ancient person; sources: www.viaf.org,alive,251,450,low,SNAP-DRGN person 672502 (http://data.snapdrgn.net/person/672502/); associated attestation dates: 0300/0400; narrowest range 0300/0400 (100y) -> 4th century CE expanded +/-50y; confidence low (century inferred from attestation window); source SNAP-DRGN data.snapdrgn.net retrieved 2026-10-04
snap:672505,person,Tuotilo 08..-0915,,SNAP-DRGN merged ancient person; sources: www.viaf.org,alive,751,950,low,SNAP-DRGN person 672505 (http://data.snapdrgn.net/person/672505/); associated attestation dates: 0850/0913; narrowest range 0850/0913 (63y) -> 9th century CE expanded +/-50y; confidence low (century inferred from attestation window); source SNAP-DRGN data.snapdrgn.net retrieved 2026-10-04
snap:672510,person,Gordian I. Römisches Reich; Kaiser ca. ca. 159-238,,SNAP-DRGN merged ancient person; sources: www.viaf.org,alive,51,250,low,SNAP-DRGN person 672510 (http://data.snapdrgn.net/person/672510/); associated attestation dates: 0159/0238; narrowest range 0159/0238 (79y) -> 2nd century CE expanded +/-50y; confidence low (century inferred from attestation window); source SNAP-DRGN data.snapdrgn.net retrieved 2026-10-04
snap:672516,person,Gregorius; Thaumaturgus; saint,,SNAP-DRGN merged ancient person; sources: www.viaf.org,alive,151,350,medium,SNAP-DRGN person 672516 (http://data.snapdrgn.net/person/672516/); associated attestation dates: 0213/0270; narrowest range 0213/0270 (57y) -> 3rd century CE expanded +/-50y; confidence medium (<=60y window; rough floruit); source SNAP-DRGN data.snapdrgn.net retrieved 2026-10-04
snap:672517,person,Fructuosus von Tarragona -259,,SNAP-DRGN merged ancient person; sources: www.viaf.org,alive,-349,-150,medium,SNAP-DRGN person 672517 (http://data.snapdrgn.net/person/672517/); associated attestation dates: -0259; narrowest range -0259 (0y) -> 3rd century BCE expanded +/-50y; confidence medium (<=60y window; rough floruit); source SNAP-DRGN data.snapdrgn.net retrieved 2026-10-04
snap:672523,person,Hippocrates,,SNAP-DRGN merged ancient person; sources: www.viaf.org,alive,-49,150,low,SNAP-DRGN person 672523 (http://data.snapdrgn.net/person/672523/); associated attestation dates: 0001/0099; narrowest range 0001/0099 (98y) -> 1st century CE expanded +/-50y; confidence low (century inferred from attestation window); source SNAP-DRGN data.snapdrgn.net retrieved 2026-10-04
snap:672524,person,Ermenrich approximately 814-874 abbot of Ellwangen,,SNAP-DRGN merged ancient person; sources: www.viaf.org,alive,751,950,medium,SNAP-DRGN person 672524 (http://data.snapdrgn.net/person/672524/); associated attestation dates: 0814/0874; narrowest range 0814/0874 (60y) -> 9th century CE expanded +/-50y; confidence medium (<=60y window; rough floruit); source SNAP-DRGN data.snapdrgn.net retrieved 2026-10-04
snap:672527,person,Optatus; Milevitanus,,SNAP-DRGN merged ancient person; sources: www.viaf.org,alive,351,550,low,SNAP-DRGN person 672527 (http://data.snapdrgn.net/person/672527/); associated attestation dates: 0400/0500; narrowest range 0400/0500 (100y) -> 5th century CE expanded +/-50y; confidence low (century inferred from attestation window); source SNAP-DRGN data.snapdrgn.net retrieved 2026-10-04
snap:672528,person,Cassiodorus; Flavius Magnus Aurelius; ca. 490-ca. 583,,SNAP-DRGN merged ancient person; sources: www.viaf.org,alive,451,650,low,SNAP-DRGN person 672528 (http://data.snapdrgn.net/person/672528/); associated attestation dates: 0490/0580; narrowest range 0490/0580 (90y) -> 6th century CE expanded +/-50y; confidence low (century inferred from attestation window); source SNAP-DRGN data.snapdrgn.net retrieved 2026-10-04
snap:672531,person,Ratpert ?-ca 890,,SNAP-DRGN merged ancient person; sources: www.viaf.org,alive,751,950,medium,SNAP-DRGN person 672531 (http://data.snapdrgn.net/person/672531/); associated attestation dates: 0840/0900; narrowest range 0840/0900 (60y) -> 9th century CE expanded +/-50y; confidence medium (<=60y window; rough floruit); source SNAP-DRGN data.snapdrgn.net retrieved 2026-10-04
snap:672532,person,Cassianus Sabaita 470-548,,SNAP-DRGN merged ancient person; sources: www.viaf.org,alive,451,650,low,SNAP-DRGN person 672532 (http://data.snapdrgn.net/person/672532/); associated attestation dates: 0470/0548; narrowest range 0470/0548 (78y) -> 6th century CE expanded +/-50y; confidence low (century inferred from attestation window); source SNAP-DRGN data.snapdrgn.net retrieved 2026-10-04
snap:672535,person,Syméon le Studite 0917?-0987?,,SNAP-DRGN merged ancient person; sources: www.viaf.org,alive,851,1050,low,SNAP-DRGN person 672535 (http://data.snapdrgn.net/person/672535/); associated attestation dates: 0917/0987; narrowest range 0917/0987 (70y) -> 10th century CE expanded +/-50y; confidence low (century inferred from attestation window); source SNAP-DRGN data.snapdrgn.net retrieved 2026-10-04
snap:672539,person,Salvius Iulianus Aemilianus; Lucius Octavius ca. 2. Jh.,,SNAP-DRGN merged ancient person; sources: www.viaf.org,alive,51,250,low,SNAP-DRGN person 672539 (http://data.snapdrgn.net/person/672539/); associated attestation dates: 0100/0200; narrowest range 0100/0200 (100y) -> 2nd century CE expanded +/-50y; confidence low (century inferred from attestation window); source SNAP-DRGN data.snapdrgn.net retrieved 2026-10-04
snap:672541,person,Basilides Scythopolitanus ca. 3.Jh.n.Chr.,,SNAP-DRGN merged ancient person; sources: www.viaf.org,alive,251,450,low,SNAP-DRGN person 672541 (http://data.snapdrgn.net/person/672541/); associated attestation dates: 0300/0400; narrowest range 0300/0400 (100y) -> 4th century CE expanded +/-50y; confidence low (century inferred from attestation window); source SNAP-DRGN data.snapdrgn.net retrieved 2026-10-04
snap:672543,person,Quodvultdeus Carthaginiensis -453,,SNAP-DRGN merged ancient person; sources: www.viaf.org,alive,-549,-350,medium,SNAP-DRGN person 672543 (http://data.snapdrgn.net/person/672543/); associated attestation dates: -0453; narrowest range -0453 (0y) -> 5th century BCE expanded +/-50y; confidence medium (<=60y window; rough floruit); source SNAP-DRGN data.snapdrgn.net retrieved 2026-10-04
snap:672544,person,Paulus; Diakonus; ca 720-800,,SNAP-DRGN merged ancient person; sources: www.viaf.org,alive,651,850,low,SNAP-DRGN person 672544 (http://data.snapdrgn.net/person/672544/); associated attestation dates: 0720/0799; narrowest range 0720/0799 (79y) -> 8th century CE expanded +/-50y; confidence low (century inferred from attestation window); source SNAP-DRGN data.snapdrgn.net retrieved 2026-10-04
snap:672545,person,Liudprandus; évêque de Crémone,,SNAP-DRGN merged ancient person; sources: www.viaf.org,alive,851,1050,medium,SNAP-DRGN person 672545 (http://data.snapdrgn.net/person/672545/); associated attestation dates: 0920/0972; narrowest range 0920/0972 (52y) -> 10th century CE expanded +/-50y; confidence medium (<=60y window; rough floruit); source SNAP-DRGN data.snapdrgn.net retrieved 2026-10-04
snap:672549,person,Román de la Higuera; Jerónimo,,SNAP-DRGN merged ancient person; sources: www.viaf.org,alive,351,550,low,SNAP-DRGN person 672549 (http://data.snapdrgn.net/person/672549/); associated attestation dates: 0368/0444; narrowest range 0368/0444 (76y) -> 5th century CE expanded +/-50y; confidence low (century inferred from attestation window); source SNAP-DRGN data.snapdrgn.net retrieved 2026-10-04
snap:672551,person,Prudentius Clemens; Aurelius ca. 348-405,,SNAP-DRGN merged ancient person; sources: www.viaf.org,alive,251,450,medium,SNAP-DRGN person 672551 (http://data.snapdrgn.net/person/672551/); associated attestation dates: 0348/0405; narrowest range 0348/0405 (57y) -> 4th century CE expanded +/-50y; confidence medium (<=60y window; rough floruit); source SNAP-DRGN data.snapdrgn.net retrieved 2026-10-04
snap:672553,person,Flavius; Gnaeus ca. Anfang 4. Jh.,,SNAP-DRGN merged ancient person; sources: www.viaf.org,alive,251,450,medium,SNAP-DRGN person 672553 (http://data.snapdrgn.net/person/672553/); associated attestation dates: 0300/0350; narrowest range 0300/0350 (50y) -> 4th century CE expanded +/-50y; confidence medium (<=60y window; rough floruit); source SNAP-DRGN data.snapdrgn.net retrieved 2026-10-04
snap:672555,person,Herennius Philo 54-140,,SNAP-DRGN merged ancient person; sources: www.viaf.org,alive,-49,150,low,SNAP-DRGN person 672555 (http://data.snapdrgn.net/person/672555/); associated attestation dates: 0054/0140; narrowest range 0054/0140 (86y) -> 1st century CE expanded +/-50y; confidence low (century inferred from attestation window); source SNAP-DRGN data.snapdrgn.net retrieved 2026-10-04
snap:672556,person,Raimond; d&#39;Aguilers,,SNAP-DRGN merged ancient person; sources: www.viaf.org,alive,1051,1250,low,SNAP-DRGN person 672556 (http://data.snapdrgn.net/person/672556/); associated attestation dates: 1100/1200; narrowest range 1100/1200 (100y) -> 12th century CE expanded +/-50y; confidence low (century inferred from attestation window); source SNAP-DRGN data.snapdrgn.net retrieved 2026-10-04
snap:672559,person,Constantinus Siculus 9. Jh,,SNAP-DRGN merged ancient person; sources: www.viaf.org,alive,851,1050,low,SNAP-DRGN person 672559 (http://data.snapdrgn.net/person/672559/); associated attestation dates: 0900/1000; narrowest range 0900/1000 (100y) -> 10th century CE expanded +/-50y; confidence low (century inferred from attestation window); source SNAP-DRGN data.snapdrgn.net retrieved 2026-10-04
snap:672560,person,Pope Cornelius,,SNAP-DRGN merged ancient person; sources: www.viaf.org,alive,-349,-150,medium,SNAP-DRGN person 672560 (http://data.snapdrgn.net/person/672560/); associated attestation dates: -0253; narrowest range -0253 (0y) -> 3rd century BCE expanded +/-50y; confidence medium (<=60y window; rough floruit); source SNAP-DRGN data.snapdrgn.net retrieved 2026-10-04
snap:672561,person,Octavia Römisches Reich; Kaiserin 40-62,,SNAP-DRGN merged ancient person; sources: www.viaf.org,alive,-49,150,medium,SNAP-DRGN person 672561 (http://data.snapdrgn.net/person/672561/); associated attestation dates: 0040/0062; narrowest range 0040/0062 (22y) -> 1st century CE expanded +/-50y; confidence medium (<=60y window; rough floruit); source SNAP-DRGN data.snapdrgn.net retrieved 2026-10-04
snap:672563,person,Albinus.,,SNAP-DRGN merged ancient person; sources: www.viaf.org,alive,51,250,low,SNAP-DRGN person 672563 (http://data.snapdrgn.net/person/672563/); associated attestation dates: 0100/0200; narrowest range 0100/0200 (100y) -> 2nd century CE expanded +/-50y; confidence low (century inferred from attestation window); source SNAP-DRGN data.snapdrgn.net retrieved 2026-10-04
snap:672564,person,Carinus Römisches Reich; Kaiser ca. ca. 252-285,,SNAP-DRGN merged ancient person; sources: www.viaf.org,alive,151,350,medium,SNAP-DRGN person 672564 (http://data.snapdrgn.net/person/672564/); associated attestation dates: 0252/0285; narrowest range 0252/0285 (33y) -> 3rd century CE expanded +/-50y; confidence medium (<=60y window; rough floruit); source SNAP-DRGN data.snapdrgn.net retrieved 2026-10-04
snap:672568,person,Gordian III. Römisches Reich; Kaiser 225-244,,SNAP-DRGN merged ancient person; sources: www.viaf.org,alive,151,350,medium,SNAP-DRGN person 672568 (http://data.snapdrgn.net/person/672568/); associated attestation dates: 0225/0244; narrowest range 0225/0244 (19y) -> 3rd century CE expanded +/-50y; confidence medium (<=60y window; rough floruit); source SNAP-DRGN data.snapdrgn.net retrieved 2026-10-04
snap:672570,person,Boethius; Anicius Manlius Severinus; ca. 480-524,,SNAP-DRGN merged ancient person; sources: www.viaf.org,alive,451,650,medium,SNAP-DRGN person 672570 (http://data.snapdrgn.net/person/672570/); associated attestation dates: 0480/0524; narrowest range 0480/0524 (44y) -> 6th century CE expanded +/-50y; confidence medium (<=60y window; rough floruit); source SNAP-DRGN data.snapdrgn.net retrieved 2026-10-04
snap:672571,person,Prosper; Aquitanus; 5e E,,SNAP-DRGN merged ancient person; sources: www.viaf.org,alive,351,550,low,SNAP-DRGN person 672571 (http://data.snapdrgn.net/person/672571/); associated attestation dates: 0390/0455; narrowest range 0390/0455 (65y) -> 5th century CE expanded +/-50y; confidence low (century inferred from attestation window); source SNAP-DRGN data.snapdrgn.net retrieved 2026-10-04
snap:672575,person,Irenaeus von Sirmium -304,,SNAP-DRGN merged ancient person; sources: www.viaf.org,alive,-449,-250,medium,SNAP-DRGN person 672575 (http://data.snapdrgn.net/person/672575/); associated attestation dates: -0304; narrowest range -0304 (0y) -> 4th century BCE expanded +/-50y; confidence medium (<=60y window; rough floruit); source SNAP-DRGN data.snapdrgn.net retrieved 2026-10-04
snap:672577,person,Pollux; Julius,,SNAP-DRGN merged ancient person; sources: www.viaf.org,alive,51,250,medium,SNAP-DRGN person 672577 (http://data.snapdrgn.net/person/672577/); associated attestation dates: 0130/0188; narrowest range 0130/0188 (58y) -> 2nd century CE expanded +/-50y; confidence medium (<=60y window; rough floruit); source SNAP-DRGN data.snapdrgn.net retrieved 2026-10-04
snap:672580,person,Pépin le Bref; roi des Francs; 0715?-0768,,SNAP-DRGN merged ancient person; sources: www.viaf.org,alive,651,850,medium,SNAP-DRGN person 672580 (http://data.snapdrgn.net/person/672580/); associated attestation dates: 0715/0768; narrowest range 0715/0768 (53y) -> 8th century CE expanded +/-50y; confidence medium (<=60y window; rough floruit); source SNAP-DRGN data.snapdrgn.net retrieved 2026-10-04
snap:672581,person,Theodorus; Mopsuestenus; ca350-ca428,,SNAP-DRGN merged ancient person; sources: www.viaf.org,alive,251,450,low,SNAP-DRGN person 672581 (http://data.snapdrgn.net/person/672581/); associated attestation dates: 0352/0428; narrowest range 0352/0428 (76y) -> 4th century CE expanded +/-50y; confidence low (century inferred from attestation window); source SNAP-DRGN data.snapdrgn.net retrieved 2026-10-04
snap:672582,person,Pius I. Papst -154,,SNAP-DRGN merged ancient person; sources: www.viaf.org,alive,-249,-50,medium,SNAP-DRGN person 672582 (http://data.snapdrgn.net/person/672582/); associated attestation dates: -0154; narrowest range -0154 (0y) -> 2nd century BCE expanded +/-50y; confidence medium (<=60y window; rough floruit); source SNAP-DRGN data.snapdrgn.net retrieved 2026-10-04
snap:672585,person,Fredegisus Turonensis -834,,SNAP-DRGN merged ancient person; sources: www.viaf.org,alive,-949,-750,medium,SNAP-DRGN person 672585 (http://data.snapdrgn.net/person/672585/); associated attestation dates: -0834; narrowest range -0834 (0y) -> 9th century BCE expanded +/-50y; confidence medium (<=60y window; rough floruit); source SNAP-DRGN data.snapdrgn.net retrieved 2026-10-04
snap:672588,person,Marcus,,SNAP-DRGN merged ancient person; sources: www.viaf.org,alive,251,450,low,SNAP-DRGN person 672588 (http://data.snapdrgn.net/person/672588/); associated attestation dates: 0360/0430; narrowest range 0360/0430 (70y) -> 4th century CE expanded +/-50y; confidence low (century inferred from attestation window); source SNAP-DRGN data.snapdrgn.net retrieved 2026-10-04
snap:672589,person,Diomedes.,,SNAP-DRGN merged ancient person; sources: www.viaf.org,alive,351,550,low,SNAP-DRGN person 672589 (http://data.snapdrgn.net/person/672589/); associated attestation dates: 0400/0500; narrowest range 0400/0500 (100y) -> 5th century CE expanded +/-50y; confidence low (century inferred from attestation window); source SNAP-DRGN data.snapdrgn.net retrieved 2026-10-04
snap:672593,person,Proclus; Diadochus; ca. 411-ca. 485,,SNAP-DRGN merged ancient person; sources: www.viaf.org,alive,351,550,low,SNAP-DRGN person 672593 (http://data.snapdrgn.net/person/672593/); associated attestation dates: 0412/0485; narrowest range 0412/0485 (73y) -> 5th century CE expanded +/-50y; confidence low (century inferred from attestation window); source SNAP-DRGN data.snapdrgn.net retrieved 2026-10-04
snap:672598,person,Plutarque; 0046?-0120?,,SNAP-DRGN merged ancient person; sources: www.viaf.org,alive,-49,150,low,SNAP-DRGN person 672598 (http://data.snapdrgn.net/person/672598/); associated attestation dates: 0045/0120; narrowest range 0045/0120 (75y) -> 1st century CE expanded +/-50y; confidence low (century inferred from attestation window); source SNAP-DRGN data.snapdrgn.net retrieved 2026-10-04
snap:672602,person,Theosebeia Epigrammatica 5. Jh. n. Chr,,SNAP-DRGN merged ancient person; sources: www.viaf.org,alive,451,650,low,SNAP-DRGN person 672602 (http://data.snapdrgn.net/person/672602/); associated attestation dates: 0500/0600; narrowest range 0500/0600 (100y) -> 6th century CE expanded +/-50y; confidence low (century inferred from attestation window); source SNAP-DRGN data.snapdrgn.net retrieved 2026-10-04
snap:672611,person,Syrion; Aelius ca. Ende 2. Jh.; Mitte 3. Jh.,,SNAP-DRGN merged ancient person; sources: www.viaf.org,alive,151,350,low,SNAP-DRGN person 672611 (http://data.snapdrgn.net/person/672611/); associated attestation dates: 0250/0350; narrowest range 0250/0350 (100y) -> 3rd century CE expanded +/-50y; confidence low (century inferred from attestation window); source SNAP-DRGN data.snapdrgn.net retrieved 2026-10-04
snap:672615,person,Callippus Corinthius ca. 2.Jh.n.Chr.,,SNAP-DRGN merged ancient person; sources: www.viaf.org,alive,51,250,low,SNAP-DRGN person 672615 (http://data.snapdrgn.net/person/672615/); associated attestation dates: 0100/0200; narrowest range 0100/0200 (100y) -> 2nd century CE expanded +/-50y; confidence low (century inferred from attestation window); source SNAP-DRGN data.snapdrgn.net retrieved 2026-10-04
snap:672616,person,André de Crète saint 0660?-0740?,,SNAP-DRGN merged ancient person; sources: www.viaf.org,alive,551,750,low,SNAP-DRGN person 672616 (http://data.snapdrgn.net/person/672616/); associated attestation dates: 0660/0740; narrowest range 0660/0740 (80y) -> 7th century CE expanded +/-50y; confidence low (century inferred from attestation window); source SNAP-DRGN data.snapdrgn.net retrieved 2026-10-04
snap:672619,person,Cyprianus; Thascius Caecilius; ca. 200-258,,SNAP-DRGN merged ancient person; sources: www.viaf.org,alive,151,350,medium,SNAP-DRGN person 672619 (http://data.snapdrgn.net/person/672619/); associated attestation dates: 0210/0258; narrowest range 0210/0258 (48y) -> 3rd century CE expanded +/-50y; confidence medium (<=60y window; rough floruit); source SNAP-DRGN data.snapdrgn.net retrieved 2026-10-04
snap:672621,person,Eutychianus Cappadox 4. Jh. n. Chr,,SNAP-DRGN merged ancient person; sources: www.viaf.org,alive,351,550,low,SNAP-DRGN person 672621 (http://data.snapdrgn.net/person/672621/); associated attestation dates: 0400/0500; narrowest range 0400/0500 (100y) -> 5th century CE expanded +/-50y; confidence low (century inferred from attestation window); source SNAP-DRGN data.snapdrgn.net retrieved 2026-10-04
snap:672624,person,Eugippius,,SNAP-DRGN merged ancient person; sources: www.viaf.org,alive,351,550,low,SNAP-DRGN person 672624 (http://data.snapdrgn.net/person/672624/); associated attestation dates: 0455/0533; narrowest range 0455/0533 (78y) -> 5th century CE expanded +/-50y; confidence low (century inferred from attestation window); source SNAP-DRGN data.snapdrgn.net retrieved 2026-10-04
snap:672630,person,Alcuin; 735-804,,SNAP-DRGN merged ancient person; sources: www.viaf.org,alive,651,850,low,SNAP-DRGN person 672630 (http://data.snapdrgn.net/person/672630/); associated attestation dates: 0735/0804; narrowest range 0735/0804 (69y) -> 8th century CE expanded +/-50y; confidence low (century inferred from attestation window); source SNAP-DRGN data.snapdrgn.net retrieved 2026-10-04
snap:672631,person,Abbo,,SNAP-DRGN merged ancient person; sources: www.viaf.org,alive,751,950,low,SNAP-DRGN person 672631 (http://data.snapdrgn.net/person/672631/); associated attestation dates: 0850/0923; narrowest range 0850/0923 (73y) -> 9th century CE expanded +/-50y; confidence low (century inferred from attestation window); source SNAP-DRGN data.snapdrgn.net retrieved 2026-10-04
snap:672632,person,Dionysius Andrius ca. 2.Jh.n.Chr.,,SNAP-DRGN merged ancient person; sources: www.viaf.org,alive,51,250,low,SNAP-DRGN person 672632 (http://data.snapdrgn.net/person/672632/); associated attestation dates: 0100/0200; narrowest range 0100/0200 (100y) -> 2nd century CE expanded +/-50y; confidence low (century inferred from attestation window); source SNAP-DRGN data.snapdrgn.net retrieved 2026-10-04
snap:672633,person,Crispina -304,,SNAP-DRGN merged ancient person; sources: www.viaf.org,alive,-449,-250,medium,SNAP-DRGN person 672633 (http://data.snapdrgn.net/person/672633/); associated attestation dates: -0304; narrowest range -0304 (0y) -> 4th century BCE expanded +/-50y; confidence medium (<=60y window; rough floruit); source SNAP-DRGN data.snapdrgn.net retrieved 2026-10-04
snap:672636,person,Jean Climaque; saint; 0579?-0649?,,SNAP-DRGN merged ancient person; sources: www.viaf.org,alive,551,750,low,SNAP-DRGN person 672636 (http://data.snapdrgn.net/person/672636/); associated attestation dates: 0579/0649; narrowest range 0579/0649 (70y) -> 7th century CE expanded +/-50y; confidence low (century inferred from attestation window); source SNAP-DRGN data.snapdrgn.net retrieved 2026-10-04
snap:672638,person,Caligula; Emperor of Rome; 12-41,,SNAP-DRGN merged ancient person; sources: www.viaf.org,alive,-49,150,medium,SNAP-DRGN person 672638 (http://data.snapdrgn.net/person/672638/); associated attestation dates: 0012/0041; narrowest range 0012/0041 (29y) -> 1st century CE expanded +/-50y; confidence medium (<=60y window; rough floruit); source SNAP-DRGN data.snapdrgn.net retrieved 2026-10-04
snap:672639,person,Aristocles Messenius ca. 2. Jh.,,SNAP-DRGN merged ancient person; sources: www.viaf.org,alive,51,250,low,SNAP-DRGN person 672639 (http://data.snapdrgn.net/person/672639/); associated attestation dates: 0100/0200; narrowest range 0100/0200 (100y) -> 2nd century CE expanded +/-50y; confidence low (century inferred from attestation window); source SNAP-DRGN data.snapdrgn.net retrieved 2026-10-04
snap:672640,person,John; of Damascus; Saint,,SNAP-DRGN merged ancient person; sources: www.viaf.org,alive,651,850,low,SNAP-DRGN person 672640 (http://data.snapdrgn.net/person/672640/); associated attestation dates: 0675/0749; narrowest range 0675/0749 (74y) -> 8th century CE expanded +/-50y; confidence low (century inferred from attestation window); source SNAP-DRGN data.snapdrgn.net retrieved 2026-10-04
snap:672644,person,Julius Africanus; Sextus,,SNAP-DRGN merged ancient person; sources: www.viaf.org,alive,51,250,low,SNAP-DRGN person 672644 (http://data.snapdrgn.net/person/672644/); associated attestation dates: 0160/0240; narrowest range 0160/0240 (80y) -> 2nd century CE expanded +/-50y; confidence low (century inferred from attestation window); source SNAP-DRGN data.snapdrgn.net retrieved 2026-10-04
snap:672645,person,Braulio; Santo,,SNAP-DRGN merged ancient person; sources: www.viaf.org,alive,551,750,low,SNAP-DRGN person 672645 (http://data.snapdrgn.net/person/672645/); associated attestation dates: 0585/0651; narrowest range 0585/0651 (66y) -> 7th century CE expanded +/-50y; confidence low (century inferred from attestation window); source SNAP-DRGN data.snapdrgn.net retrieved 2026-10-04
snap:672646,person,Africanus; Sextus Caecilus 0115?-0170?,,SNAP-DRGN merged ancient person; sources: www.viaf.org,alive,51,250,medium,SNAP-DRGN person 672646 (http://data.snapdrgn.net/person/672646/); associated attestation dates: 0115/0170; narrowest range 0115/0170 (55y) -> 2nd century CE expanded +/-50y; confidence medium (<=60y window; rough floruit); source SNAP-DRGN data.snapdrgn.net retrieved 2026-10-04
snap:672647,person,Manetho Astrologus 4. Jh.,,SNAP-DRGN merged ancient person; sources: www.viaf.org,alive,351,550,low,SNAP-DRGN person 672647 (http://data.snapdrgn.net/person/672647/); associated attestation dates: 0400/0500; narrowest range 0400/0500 (100y) -> 5th century CE expanded +/-50y; confidence low (century inferred from attestation window); source SNAP-DRGN data.snapdrgn.net retrieved 2026-10-04
snap:672648,person,Origenes Platonicus ca. 3. Jh.,,SNAP-DRGN merged ancient person; sources: www.viaf.org,alive,251,450,low,SNAP-DRGN person 672648 (http://data.snapdrgn.net/person/672648/); associated attestation dates: 0300/0400; narrowest range 0300/0400 (100y) -> 4th century CE expanded +/-50y; confidence low (century inferred from attestation window); source SNAP-DRGN data.snapdrgn.net retrieved 2026-10-04
snap:672650,person,Hesychius active 5th century of Alexandria,,SNAP-DRGN merged ancient person; sources: www.viaf.org,alive,451,650,low,SNAP-DRGN person 672650 (http://data.snapdrgn.net/person/672650/); associated attestation dates: 0500/0600; narrowest range 0500/0600 (100y) -> 6th century CE expanded +/-50y; confidence low (century inferred from attestation window); source SNAP-DRGN data.snapdrgn.net retrieved 2026-10-04
snap:672651,person,Nonnos de Panopolis; 04..-04..,,SNAP-DRGN merged ancient person; sources: www.viaf.org,alive,451,650,low,SNAP-DRGN person 672651 (http://data.snapdrgn.net/person/672651/); associated attestation dates: 0500/0600; narrowest range 0500/0600 (100y) -> 6th century CE expanded +/-50y; confidence low (century inferred from attestation window); source SNAP-DRGN data.snapdrgn.net retrieved 2026-10-04
snap:672653,person,Botryas Myndius ca. 2.Jh.n.Chr.,,SNAP-DRGN merged ancient person; sources: www.viaf.org,alive,51,250,low,SNAP-DRGN person 672653 (http://data.snapdrgn.net/person/672653/); associated attestation dates: 0100/0200; narrowest range 0100/0200 (100y) -> 2nd century CE expanded +/-50y; confidence low (century inferred from attestation window); source SNAP-DRGN data.snapdrgn.net retrieved 2026-10-04
snap:672655,person,Eustathius Sebastenus -380,,SNAP-DRGN merged ancient person; sources: www.viaf.org,alive,-449,-250,medium,SNAP-DRGN person 672655 (http://data.snapdrgn.net/person/672655/); associated attestation dates: -0380; narrowest range -0380 (0y) -> 4th century BCE expanded +/-50y; confidence medium (<=60y window; rough floruit); source SNAP-DRGN data.snapdrgn.net retrieved 2026-10-04
snap:672658,person,Leander; Hispalensis; -600,,SNAP-DRGN merged ancient person; sources: www.viaf.org,alive,451,650,low,SNAP-DRGN person 672658 (http://data.snapdrgn.net/person/672658/); associated attestation dates: 0536/0599; narrowest range 0536/0599 (63y) -> 6th century CE expanded +/-50y; confidence low (century inferred from attestation window); source SNAP-DRGN data.snapdrgn.net retrieved 2026-10-04
snap:672662,person,Musicius Epigrammaticus ca. 3.Jh.n.Chr.,,SNAP-DRGN merged ancient person; sources: www.viaf.org,alive,251,450,low,SNAP-DRGN person 672662 (http://data.snapdrgn.net/person/672662/); associated attestation dates: 0300/0400; narrowest range 0300/0400 (100y) -> 4th century CE expanded +/-50y; confidence low (century inferred from attestation window); source SNAP-DRGN data.snapdrgn.net retrieved 2026-10-04
snap:672669,person,Lollius Urbicus ca. 3. Jh.,,SNAP-DRGN merged ancient person; sources: www.viaf.org,alive,251,450,low,SNAP-DRGN person 672669 (http://data.snapdrgn.net/person/672669/); associated attestation dates: 0300/0400; narrowest range 0300/0400 (100y) -> 4th century CE expanded +/-50y; confidence low (century inferred from attestation window); source SNAP-DRGN data.snapdrgn.net retrieved 2026-10-04
snap:672670,person,Maximin; 0365?-0428?,,SNAP-DRGN merged ancient person; sources: www.viaf.org,alive,251,450,low,SNAP-DRGN person 672670 (http://data.snapdrgn.net/person/672670/); associated attestation dates: 0365/0428; narrowest range 0365/0428 (63y) -> 4th century CE expanded +/-50y; confidence low (century inferred from attestation window); source SNAP-DRGN data.snapdrgn.net retrieved 2026-10-04
snap:672671,person,Makrina die Ältere ca. -ca. 340,,SNAP-DRGN merged ancient person; sources: www.viaf.org,alive,-449,-250,medium,SNAP-DRGN person 672671 (http://data.snapdrgn.net/person/672671/); associated attestation dates: -0340; narrowest range -0340 (0y) -> 4th century BCE expanded +/-50y; confidence medium (<=60y window; rough floruit); source SNAP-DRGN data.snapdrgn.net retrieved 2026-10-04
snap:672672,person,Paulus Apostel ca. 1. Jh.,,SNAP-DRGN merged ancient person; sources: www.viaf.org,alive,-49,150,low,SNAP-DRGN person 672672 (http://data.snapdrgn.net/person/672672/); associated attestation dates: 0000/0100; narrowest range 0000/0100 (100y) -> 1st century CE expanded +/-50y; confidence low (century inferred from attestation window); source SNAP-DRGN data.snapdrgn.net retrieved 2026-10-04
snap:672673,person,Eirene von Thessalonike -304,,SNAP-DRGN merged ancient person; sources: www.viaf.org,alive,-449,-250,medium,SNAP-DRGN person 672673 (http://data.snapdrgn.net/person/672673/); associated attestation dates: -0304; narrowest range -0304 (0y) -> 4th century BCE expanded +/-50y; confidence medium (<=60y window; rough floruit); source SNAP-DRGN data.snapdrgn.net retrieved 2026-10-04
snap:672677,person,Constans I. Römisches Reich; Kaiser 323-350,,SNAP-DRGN merged ancient person; sources: www.viaf.org,alive,251,450,medium,SNAP-DRGN person 672677 (http://data.snapdrgn.net/person/672677/); associated attestation dates: 0323/0350; narrowest range 0323/0350 (27y) -> 4th century CE expanded +/-50y; confidence medium (<=60y window; rough floruit); source SNAP-DRGN data.snapdrgn.net retrieved 2026-10-04
snap:672678,person,Philip approximately 204-249 the Arabian; Emperor of Rome,,SNAP-DRGN merged ancient person; sources: www.viaf.org,alive,151,350,medium,SNAP-DRGN person 672678 (http://data.snapdrgn.net/person/672678/); associated attestation dates: 0204/0249; narrowest range 0204/0249 (45y) -> 3rd century CE expanded +/-50y; confidence medium (<=60y window; rough floruit); source SNAP-DRGN data.snapdrgn.net retrieved 2026-10-04
snap:672679,person,Severianus; Julius 4th cent,,SNAP-DRGN merged ancient person; sources: www.viaf.org,alive,451,650,low,SNAP-DRGN person 672679 (http://data.snapdrgn.net/person/672679/); associated attestation dates: 0500/0600; narrowest range 0500/0600 (100y) -> 6th century CE expanded +/-50y; confidence low (century inferred from attestation window); source SNAP-DRGN data.snapdrgn.net retrieved 2026-10-04
snap:672680,person,Amalaire de Metz ca 775-ca 850,,SNAP-DRGN merged ancient person; sources: www.viaf.org,alive,751,950,low,SNAP-DRGN person 672680 (http://data.snapdrgn.net/person/672680/); associated attestation dates: 0775/0850; narrowest range 0775/0850 (75y) -> 9th century CE expanded +/-50y; confidence low (century inferred from attestation window); source SNAP-DRGN data.snapdrgn.net retrieved 2026-10-04
snap:672681,person,Aelius Promotus ca. 2. Jh.,,SNAP-DRGN merged ancient person; sources: www.viaf.org,alive,51,250,low,SNAP-DRGN person 672681 (http://data.snapdrgn.net/person/672681/); associated attestation dates: 0100/0200; narrowest range 0100/0200 (100y) -> 2nd century CE expanded +/-50y; confidence low (century inferred from attestation window); source SNAP-DRGN data.snapdrgn.net retrieved 2026-10-04
snap:672684,person,Calpurnius; Flaccus.,,SNAP-DRGN merged ancient person; sources: www.viaf.org,alive,51,250,low,SNAP-DRGN person 672684 (http://data.snapdrgn.net/person/672684/); associated attestation dates: 0100/0200; narrowest range 0100/0200 (100y) -> 2nd century CE expanded +/-50y; confidence low (century inferred from attestation window); source SNAP-DRGN data.snapdrgn.net retrieved 2026-10-04
snap:672685,person,Quintilien; 0030?-0100?,,SNAP-DRGN merged ancient person; sources: www.viaf.org,alive,-49,150,medium,SNAP-DRGN person 672685 (http://data.snapdrgn.net/person/672685/); associated attestation dates: 0040/0096; narrowest range 0040/0096 (56y) -> 1st century CE expanded +/-50y; confidence medium (<=60y window; rough floruit); source SNAP-DRGN data.snapdrgn.net retrieved 2026-10-04
snap:672687,person,Quintillus Römisches Reich; Kaiser -270,,SNAP-DRGN merged ancient person; sources: www.viaf.org,alive,-349,-150,medium,SNAP-DRGN person 672687 (http://data.snapdrgn.net/person/672687/); associated attestation dates: -0270; narrowest range -0270 (0y) -> 3rd century BCE expanded +/-50y; confidence medium (<=60y window; rough floruit); source SNAP-DRGN data.snapdrgn.net retrieved 2026-10-04
snap:672689,person,Johannes Ieiunator 582-595,,SNAP-DRGN merged ancient person; sources: www.viaf.org,alive,451,650,medium,SNAP-DRGN person 672689 (http://data.snapdrgn.net/person/672689/); associated attestation dates: 0582/0595; narrowest range 0582/0595 (13y) -> 6th century CE expanded +/-50y; confidence medium (<=60y window; rough floruit); source SNAP-DRGN data.snapdrgn.net retrieved 2026-10-04
snap:672695,person,Lactantius; L. Caelius Firmianus; ca250-ca320,,SNAP-DRGN merged ancient person; sources: www.viaf.org,alive,151,350,low,SNAP-DRGN person 672695 (http://data.snapdrgn.net/person/672695/); associated attestation dates: 0250/0326; narrowest range 0250/0326 (76y) -> 3rd century CE expanded +/-50y; confidence low (century inferred from attestation window); source SNAP-DRGN data.snapdrgn.net retrieved 2026-10-04
snap:672696,person,Pope Anterus,,SNAP-DRGN merged ancient person; sources: www.viaf.org,alive,-349,-150,medium,SNAP-DRGN person 672696 (http://data.snapdrgn.net/person/672696/); associated attestation dates: -0236; narrowest range -0236 (0y) -> 3rd century BCE expanded +/-50y; confidence medium (<=60y window; rough floruit); source SNAP-DRGN data.snapdrgn.net retrieved 2026-10-04
snap:672698,person,Dionysius : Exiguus,,SNAP-DRGN merged ancient person; sources: www.viaf.org,alive,451,650,medium,SNAP-DRGN person 672698 (http://data.snapdrgn.net/person/672698/); associated attestation dates: 0497/0545; narrowest range 0497/0545 (48y) -> 6th century CE expanded +/-50y; confidence medium (<=60y window; rough floruit); source SNAP-DRGN data.snapdrgn.net retrieved 2026-10-04
snap:672699,person,Basilius; de Grote; ca. 330-379,,SNAP-DRGN merged ancient person; sources: www.viaf.org,alive,251,450,medium,SNAP-DRGN person 672699 (http://data.snapdrgn.net/person/672699/); associated attestation dates: 0329/0379; narrowest range 0329/0379 (50y) -> 4th century CE expanded +/-50y; confidence medium (<=60y window; rough floruit); source SNAP-DRGN data.snapdrgn.net retrieved 2026-10-04
snap:672700,person,Martin von Tours 315-399,,SNAP-DRGN merged ancient person; sources: www.viaf.org,alive,251,450,low,SNAP-DRGN person 672700 (http://data.snapdrgn.net/person/672700/); associated attestation dates: 0315/0399; narrowest range 0315/0399 (84y) -> 4th century CE expanded +/-50y; confidence low (century inferred from attestation window); source SNAP-DRGN data.snapdrgn.net retrieved 2026-10-04
snap:672701,person,Fides Heilige -287,,SNAP-DRGN merged ancient person; sources: www.viaf.org,alive,-349,-150,medium,SNAP-DRGN person 672701 (http://data.snapdrgn.net/person/672701/); associated attestation dates: -0287; narrowest range -0287 (0y) -> 3rd century BCE expanded +/-50y; confidence medium (<=60y window; rough floruit); source SNAP-DRGN data.snapdrgn.net retrieved 2026-10-04
snap:672703,person,Palaemon; Q. Rhemnius Fannius,,SNAP-DRGN merged ancient person; sources: www.viaf.org,alive,-49,150,low,SNAP-DRGN person 672703 (http://data.snapdrgn.net/person/672703/); associated attestation dates: 0000/0100; narrowest range 0000/0100 (100y) -> 1st century CE expanded +/-50y; confidence low (century inferred from attestation window); source SNAP-DRGN data.snapdrgn.net retrieved 2026-10-04
snap:672705,person,Marius d&#39;Avenches 0530?-0593,,SNAP-DRGN merged ancient person; sources: www.viaf.org,alive,451,650,low,SNAP-DRGN person 672705 (http://data.snapdrgn.net/person/672705/); associated attestation dates: 0530/0593; narrowest range 0530/0593 (63y) -> 6th century CE expanded +/-50y; confidence low (century inferred from attestation window); source SNAP-DRGN data.snapdrgn.net retrieved 2026-10-04
snap:672706,person,Sócrates,,SNAP-DRGN merged ancient person; sources: www.viaf.org,alive,351,550,medium,SNAP-DRGN person 672706 (http://data.snapdrgn.net/person/672706/); associated attestation dates: 0380/0440; narrowest range 0380/0440 (60y) -> 5th century CE expanded +/-50y; confidence medium (<=60y window; rough floruit); source SNAP-DRGN data.snapdrgn.net retrieved 2026-10-04
snap:672707,person,Encolpius,,SNAP-DRGN merged ancient person; sources: www.viaf.org,alive,251,450,low,SNAP-DRGN person 672707 (http://data.snapdrgn.net/person/672707/); associated attestation dates: 0300/0400; narrowest range 0300/0400 (100y) -> 4th century CE expanded +/-50y; confidence low (century inferred from attestation window); source SNAP-DRGN data.snapdrgn.net retrieved 2026-10-04
snap:672711,person,Basile I; empereur d&#39;Orient; 0812?-0886?,,SNAP-DRGN merged ancient person; sources: www.viaf.org,alive,851,1050,low,SNAP-DRGN person 672711 (http://data.snapdrgn.net/person/672711/); associated attestation dates: 0900/1000; narrowest range 0900/1000 (100y) -> 10th century CE expanded +/-50y; confidence low (century inferred from attestation window); source SNAP-DRGN data.snapdrgn.net retrieved 2026-10-04
snap:672712,person,Valens; Flavius; ; 328-378,,SNAP-DRGN merged ancient person; sources: www.viaf.org,alive,251,450,medium,SNAP-DRGN person 672712 (http://data.snapdrgn.net/person/672712/); associated attestation dates: 0328/0378; narrowest range 0328/0378 (50y) -> 4th century CE expanded +/-50y; confidence medium (<=60y window; rough floruit); source SNAP-DRGN data.snapdrgn.net retrieved 2026-10-04
snap:672713,person,Longus.,,SNAP-DRGN merged ancient person; sources: www.viaf.org,alive,151,350,low,SNAP-DRGN person 672713 (http://data.snapdrgn.net/person/672713/); associated attestation dates: 0200/0300; narrowest range 0200/0300 (100y) -> 3rd century CE expanded +/-50y; confidence low (century inferred from attestation window); source SNAP-DRGN data.snapdrgn.net retrieved 2026-10-04
snap:672716,person,Benedict; Saint; Abbot of Monte Cassino,,SNAP-DRGN merged ancient person; sources: www.viaf.org,alive,451,650,low,SNAP-DRGN person 672716 (http://data.snapdrgn.net/person/672716/); associated attestation dates: 0480/0547; narrowest range 0480/0547 (67y) -> 6th century CE expanded +/-50y; confidence low (century inferred from attestation window); source SNAP-DRGN data.snapdrgn.net retrieved 2026-10-04
snap:672719,person,Oribase; 0326-0403,,SNAP-DRGN merged ancient person; sources: www.viaf.org,alive,351,550,low,SNAP-DRGN person 672719 (http://data.snapdrgn.net/person/672719/); associated attestation dates: 0400/0500; narrowest range 0400/0500 (100y) -> 5th century CE expanded +/-50y; confidence low (century inferred from attestation window); source SNAP-DRGN data.snapdrgn.net retrieved 2026-10-04
snap:672721,person,Milo Sancti Amandi -872,,SNAP-DRGN merged ancient person; sources: www.viaf.org,alive,-949,-750,medium,SNAP-DRGN person 672721 (http://data.snapdrgn.net/person/672721/); associated attestation dates: -0872; narrowest range -0872 (0y) -> 9th century BCE expanded +/-50y; confidence medium (<=60y window; rough floruit); source SNAP-DRGN data.snapdrgn.net retrieved 2026-10-04
snap:672722,person,Tribonian; -545?,,SNAP-DRGN merged ancient person; sources: www.viaf.org,alive,-649,-450,medium,SNAP-DRGN person 672722 (http://data.snapdrgn.net/person/672722/); associated attestation dates: -0542; narrowest range -0542 (0y) -> 6th century BCE expanded +/-50y; confidence medium (<=60y window; rough floruit); source SNAP-DRGN data.snapdrgn.net retrieved 2026-10-04
snap:672724,person,Reginon de Prüm 0840?-0915,,SNAP-DRGN merged ancient person; sources: www.viaf.org,alive,751,950,low,SNAP-DRGN person 672724 (http://data.snapdrgn.net/person/672724/); associated attestation dates: 0840/0915; narrowest range 0840/0915 (75y) -> 9th century CE expanded +/-50y; confidence low (century inferred from attestation window); source SNAP-DRGN data.snapdrgn.net retrieved 2026-10-04
snap:672728,person,Asper; Aemilius,,SNAP-DRGN merged ancient person; sources: www.viaf.org,alive,51,250,low,SNAP-DRGN person 672728 (http://data.snapdrgn.net/person/672728/); associated attestation dates: 0100/0200; narrowest range 0100/0200 (100y) -> 2nd century CE expanded +/-50y; confidence low (century inferred from attestation window); source SNAP-DRGN data.snapdrgn.net retrieved 2026-10-04
snap:672730,person,Theodore; Studites; Saint; 759-826,,SNAP-DRGN merged ancient person; sources: www.viaf.org,alive,651,850,low,SNAP-DRGN person 672730 (http://data.snapdrgn.net/person/672730/); associated attestation dates: 0759/0826; narrowest range 0759/0826 (67y) -> 8th century CE expanded +/-50y; confidence low (century inferred from attestation window); source SNAP-DRGN data.snapdrgn.net retrieved 2026-10-04
snap:672731,person,Alexander Severus; 208-235,,SNAP-DRGN merged ancient person; sources: www.viaf.org,alive,151,350,medium,SNAP-DRGN person 672731 (http://data.snapdrgn.net/person/672731/); associated attestation dates: 0208/0235; narrowest range 0208/0235 (27y) -> 3rd century CE expanded +/-50y; confidence medium (<=60y window; rough floruit); source SNAP-DRGN data.snapdrgn.net retrieved 2026-10-04
snap:672732,person,Septimius; Lucius; 146-211,,SNAP-DRGN merged ancient person; sources: www.viaf.org,alive,51,250,low,SNAP-DRGN person 672732 (http://data.snapdrgn.net/person/672732/); associated attestation dates: 0146/0211; narrowest range 0146/0211 (65y) -> 2nd century CE expanded +/-50y; confidence low (century inferred from attestation window); source SNAP-DRGN data.snapdrgn.net retrieved 2026-10-04
snap:672739,person,Aemilius Probus ca. 5. Jh.,,SNAP-DRGN merged ancient person; sources: www.viaf.org,alive,451,650,low,SNAP-DRGN person 672739 (http://data.snapdrgn.net/person/672739/); associated attestation dates: 0500/0600; narrowest range 0500/0600 (100y) -> 6th century CE expanded +/-50y; confidence low (century inferred from attestation window); source SNAP-DRGN data.snapdrgn.net retrieved 2026-10-04
snap:672740,person,Simpertus Murbacensis 750-807,,SNAP-DRGN merged ancient person; sources: www.viaf.org,alive,651,850,medium,SNAP-DRGN person 672740 (http://data.snapdrgn.net/person/672740/); associated attestation dates: 0750/0807; narrowest range 0750/0807 (57y) -> 8th century CE expanded +/-50y; confidence medium (<=60y window; rough floruit); source SNAP-DRGN data.snapdrgn.net retrieved 2026-10-04
snap:672741,person,Antoninus Liberalis ca. 2. Jh.,,SNAP-DRGN merged ancient person; sources: www.viaf.org,alive,51,250,low,SNAP-DRGN person 672741 (http://data.snapdrgn.net/person/672741/); associated attestation dates: 0100/0200; narrowest range 0100/0200 (100y) -> 2nd century CE expanded +/-50y; confidence low (century inferred from attestation window); source SNAP-DRGN data.snapdrgn.net retrieved 2026-10-04
snap:672742,person,Lucanus; Marcus Annaeus; 39-65,,SNAP-DRGN merged ancient person; sources: www.viaf.org,alive,-49,150,medium,SNAP-DRGN person 672742 (http://data.snapdrgn.net/person/672742/); associated attestation dates: 0039/0065; narrowest range 0039/0065 (26y) -> 1st century CE expanded +/-50y; confidence medium (<=60y window; rough floruit); source SNAP-DRGN data.snapdrgn.net retrieved 2026-10-04
snap:672743,person,Rufus; Gaius Musonius,,SNAP-DRGN merged ancient person; sources: www.viaf.org,alive,-49,150,low,SNAP-DRGN person 672743 (http://data.snapdrgn.net/person/672743/); associated attestation dates: 0030/0100; narrowest range 0030/0100 (70y) -> 1st century CE expanded +/-50y; confidence low (century inferred from attestation window); source SNAP-DRGN data.snapdrgn.net retrieved 2026-10-04
snap:672744,person,Hyginus Papst -142,,SNAP-DRGN merged ancient person; sources: www.viaf.org,alive,-249,-50,medium,SNAP-DRGN person 672744 (http://data.snapdrgn.net/person/672744/); associated attestation dates: -0142; narrowest range -0142 (0y) -> 2nd century BCE expanded +/-50y; confidence medium (<=60y window; rough floruit); source SNAP-DRGN data.snapdrgn.net retrieved 2026-10-04
snap:672745,person,Evagrius; Ponticus; 345?-399,,SNAP-DRGN merged ancient person; sources: www.viaf.org,alive,251,450,medium,SNAP-DRGN person 672745 (http://data.snapdrgn.net/person/672745/); associated attestation dates: 0346/0399; narrowest range 0346/0399 (53y) -> 4th century CE expanded +/-50y; confidence medium (<=60y window; rough floruit); source SNAP-DRGN data.snapdrgn.net retrieved 2026-10-04
snap:672746,person,Honoratus Arelatensis -430,,SNAP-DRGN merged ancient person; sources: www.viaf.org,alive,-549,-350,medium,SNAP-DRGN person 672746 (http://data.snapdrgn.net/person/672746/); associated attestation dates: -0430; narrowest range -0430 (0y) -> 5th century BCE expanded +/-50y; confidence medium (<=60y window; rough floruit); source SNAP-DRGN data.snapdrgn.net retrieved 2026-10-04
snap:672747,person,Firmicus Maternus; Julius,,SNAP-DRGN merged ancient person; sources: www.viaf.org,alive,-449,-250,medium,SNAP-DRGN person 672747 (http://data.snapdrgn.net/person/672747/); associated attestation dates: -0348; narrowest range -0348 (0y) -> 4th century BCE expanded +/-50y; confidence medium (<=60y window; rough floruit); source SNAP-DRGN data.snapdrgn.net retrieved 2026-10-04
snap:672751,person,Gregorius Iliberitanus 330-392,,SNAP-DRGN merged ancient person; sources: www.viaf.org,alive,251,450,low,SNAP-DRGN person 672751 (http://data.snapdrgn.net/person/672751/); associated attestation dates: 0330/0392; narrowest range 0330/0392 (62y) -> 4th century CE expanded +/-50y; confidence low (century inferred from attestation window); source SNAP-DRGN data.snapdrgn.net retrieved 2026-10-04
snap:672752,person,Numenius Tarsensis ca. 2.Jh.n.Chr.,,SNAP-DRGN merged ancient person; sources: www.viaf.org,alive,51,250,low,SNAP-DRGN person 672752 (http://data.snapdrgn.net/person/672752/); associated attestation dates: 0100/0200; narrowest range 0100/0200 (100y) -> 2nd century CE expanded +/-50y; confidence low (century inferred from attestation window); source SNAP-DRGN data.snapdrgn.net retrieved 2026-10-04
snap:672753,person,Iuncus Philosophus ca. 2. Jh.,,SNAP-DRGN merged ancient person; sources: www.viaf.org,alive,51,250,low,SNAP-DRGN person 672753 (http://data.snapdrgn.net/person/672753/); associated attestation dates: 0100/0200; narrowest range 0100/0200 (100y) -> 2nd century CE expanded +/-50y; confidence low (century inferred from attestation window); source SNAP-DRGN data.snapdrgn.net retrieved 2026-10-04
snap:672754,person,Apollonius Sophista fl.1. Jh,,SNAP-DRGN merged ancient person; sources: www.viaf.org,alive,-49,150,low,SNAP-DRGN person 672754 (http://data.snapdrgn.net/person/672754/); associated attestation dates: 0000/0100; narrowest range 0000/0100 (100y) -> 1st century CE expanded +/-50y; confidence low (century inferred from attestation window); source SNAP-DRGN data.snapdrgn.net retrieved 2026-10-04
snap:672755,person,Dionysius; Periegetes,,SNAP-DRGN merged ancient person; sources: www.viaf.org,alive,1451,1650,low,SNAP-DRGN person 672755 (http://data.snapdrgn.net/person/672755/); associated attestation dates: 1479/1541; narrowest range 1479/1541 (62y) -> 16th century CE expanded +/-50y; confidence low (century inferred from attestation window); source SNAP-DRGN data.snapdrgn.net retrieved 2026-10-04
snap:672756,person,Gratianus; F.; 359-383,,SNAP-DRGN merged ancient person; sources: www.viaf.org,alive,251,450,medium,SNAP-DRGN person 672756 (http://data.snapdrgn.net/person/672756/); associated attestation dates: 0359/0383; narrowest range 0359/0383 (24y) -> 4th century CE expanded +/-50y; confidence medium (<=60y window; rough floruit); source SNAP-DRGN data.snapdrgn.net retrieved 2026-10-04
snap:672757,person,Flodoard; De Reims,,SNAP-DRGN merged ancient person; sources: www.viaf.org,alive,851,1050,low,SNAP-DRGN person 672757 (http://data.snapdrgn.net/person/672757/); associated attestation dates: 0894/0966; narrowest range 0894/0966 (72y) -> 10th century CE expanded +/-50y; confidence low (century inferred from attestation window); source SNAP-DRGN data.snapdrgn.net retrieved 2026-10-04
snap:672758,person,Paulinus; Aquileiensis,,SNAP-DRGN merged ancient person; sources: www.viaf.org,alive,651,850,low,SNAP-DRGN person 672758 (http://data.snapdrgn.net/person/672758/); associated attestation dates: 0730/0802; narrowest range 0730/0802 (72y) -> 8th century CE expanded +/-50y; confidence low (century inferred from attestation window); source SNAP-DRGN data.snapdrgn.net retrieved 2026-10-04
snap:672763,person,Ausonius; Decimus Magnus; ca 310-ca 395,,SNAP-DRGN merged ancient person; sources: www.viaf.org,alive,251,450,low,SNAP-DRGN person 672763 (http://data.snapdrgn.net/person/672763/); associated attestation dates: 0309/0394; narrowest range 0309/0394 (85y) -> 4th century CE expanded +/-50y; confidence low (century inferred from attestation window); source SNAP-DRGN data.snapdrgn.net retrieved 2026-10-04
snap:672767,person,Erigena; Johannes Scotus; ca. 810-ca. 877,,SNAP-DRGN merged ancient person; sources: www.viaf.org,alive,751,950,low,SNAP-DRGN person 672767 (http://data.snapdrgn.net/person/672767/); associated attestation dates: 0810/0877; narrowest range 0810/0877 (67y) -> 9th century CE expanded +/-50y; confidence low (century inferred from attestation window); source SNAP-DRGN data.snapdrgn.net retrieved 2026-10-04
snap:672768,person,Victorinus; C. Marius; 4e E.,,SNAP-DRGN merged ancient person; sources: www.viaf.org,alive,251,450,low,SNAP-DRGN person 672768 (http://data.snapdrgn.net/person/672768/); associated attestation dates: 0281/0362; narrowest range 0281/0362 (81y) -> 4th century CE expanded +/-50y; confidence low (century inferred from attestation window); source SNAP-DRGN data.snapdrgn.net retrieved 2026-10-04
snap:672769,person,Persius Flaccus; Aulus; 34-62,,SNAP-DRGN merged ancient person; sources: www.viaf.org,alive,-49,150,medium,SNAP-DRGN person 672769 (http://data.snapdrgn.net/person/672769/); associated attestation dates: 0034/0062; narrowest range 0034/0062 (28y) -> 1st century CE expanded +/-50y; confidence medium (<=60y window; rough floruit); source SNAP-DRGN data.snapdrgn.net retrieved 2026-10-04
snap:672770,person,Galla Placidia Römisches Reich; Kaiserin 380-450,,SNAP-DRGN merged ancient person; sources: www.viaf.org,alive,351,550,low,SNAP-DRGN person 672770 (http://data.snapdrgn.net/person/672770/); associated attestation dates: 0380/0450; narrowest range 0380/0450 (70y) -> 5th century CE expanded +/-50y; confidence low (century inferred from attestation window); source SNAP-DRGN data.snapdrgn.net retrieved 2026-10-04
snap:672772,person,Gabriel Constantinopolitanus fl.6. Jh,,SNAP-DRGN merged ancient person; sources: www.viaf.org,alive,551,750,low,SNAP-DRGN person 672772 (http://data.snapdrgn.net/person/672772/); associated attestation dates: 0600/0700; narrowest range 0600/0700 (100y) -> 7th century CE expanded +/-50y; confidence low (century inferred from attestation window); source SNAP-DRGN data.snapdrgn.net retrieved 2026-10-04
snap:672774,person,Regina von Alise ca. 3. Jh.,,SNAP-DRGN merged ancient person; sources: www.viaf.org,alive,251,450,low,SNAP-DRGN person 672774 (http://data.snapdrgn.net/person/672774/); associated attestation dates: 0300/0400; narrowest range 0300/0400 (100y) -> 4th century CE expanded +/-50y; confidence low (century inferred from attestation window); source SNAP-DRGN data.snapdrgn.net retrieved 2026-10-04
snap:672776,person,Isaias Syrus -488,,SNAP-DRGN merged ancient person; sources: www.viaf.org,alive,-549,-350,medium,SNAP-DRGN person 672776 (http://data.snapdrgn.net/person/672776/); associated attestation dates: -0488; narrowest range -0488 (0y) -> 5th century BCE expanded +/-50y; confidence medium (<=60y window; rough floruit); source SNAP-DRGN data.snapdrgn.net retrieved 2026-10-04
snap:672777,person,Zephyrinus Papst -217,,SNAP-DRGN merged ancient person; sources: www.viaf.org,alive,-349,-150,medium,SNAP-DRGN person 672777 (http://data.snapdrgn.net/person/672777/); associated attestation dates: -0217; narrowest range -0217 (0y) -> 3rd century BCE expanded +/-50y; confidence medium (<=60y window; rough floruit); source SNAP-DRGN data.snapdrgn.net retrieved 2026-10-04
snap:672779,person,Atton de Verceil; 0885?-0961?,,SNAP-DRGN merged ancient person; sources: www.viaf.org,alive,851,1050,low,SNAP-DRGN person 672779 (http://data.snapdrgn.net/person/672779/); associated attestation dates: 0885/0961; narrowest range 0885/0961 (76y) -> 10th century CE expanded +/-50y; confidence low (century inferred from attestation window); source SNAP-DRGN data.snapdrgn.net retrieved 2026-10-04
snap:672780,person,Jamblichus; Chalcidensis; ca250-ca330,,SNAP-DRGN merged ancient person; sources: www.viaf.org,alive,151,350,low,SNAP-DRGN person 672780 (http://data.snapdrgn.net/person/672780/); associated attestation dates: 0250/0330; narrowest range 0250/0330 (80y) -> 3rd century CE expanded +/-50y; confidence low (century inferred from attestation window); source SNAP-DRGN data.snapdrgn.net retrieved 2026-10-04
snap:672783,person,Evaristus Papst -107,,SNAP-DRGN merged ancient person; sources: www.viaf.org,alive,-249,-50,medium,SNAP-DRGN person 672783 (http://data.snapdrgn.net/person/672783/); associated attestation dates: -0107; narrowest range -0107 (0y) -> 2nd century BCE expanded +/-50y; confidence medium (<=60y window; rough floruit); source SNAP-DRGN data.snapdrgn.net retrieved 2026-10-04
snap:672784,person,Apsines 3e E. of Gadara,,SNAP-DRGN merged ancient person; sources: www.viaf.org,alive,151,350,medium,SNAP-DRGN person 672784 (http://data.snapdrgn.net/person/672784/); associated attestation dates: 0190/0250; narrowest range 0190/0250 (60y) -> 3rd century CE expanded +/-50y; confidence medium (<=60y window; rough floruit); source SNAP-DRGN data.snapdrgn.net retrieved 2026-10-04
snap:672785,person,Nicomachus; of Gerasa,,SNAP-DRGN merged ancient person; sources: www.viaf.org,alive,51,250,low,SNAP-DRGN person 672785 (http://data.snapdrgn.net/person/672785/); associated attestation dates: 0100/0200; narrowest range 0100/0200 (100y) -> 2nd century CE expanded +/-50y; confidence low (century inferred from attestation window); source SNAP-DRGN data.snapdrgn.net retrieved 2026-10-04
snap:672790,person,Eupithius Atheniensis 3. Jh. n. Chr,,SNAP-DRGN merged ancient person; sources: www.viaf.org,alive,251,450,low,SNAP-DRGN person 672790 (http://data.snapdrgn.net/person/672790/); associated attestation dates: 0300/0400; narrowest range 0300/0400 (100y) -> 4th century CE expanded +/-50y; confidence low (century inferred from attestation window); source SNAP-DRGN data.snapdrgn.net retrieved 2026-10-04
snap:672791,person,Cebes,,SNAP-DRGN merged ancient person; sources: www.viaf.org,alive,-49,150,low,SNAP-DRGN person 672791 (http://data.snapdrgn.net/person/672791/); associated attestation dates: 0000/0100; narrowest range 0000/0100 (100y) -> 1st century CE expanded +/-50y; confidence low (century inferred from attestation window); source SNAP-DRGN data.snapdrgn.net retrieved 2026-10-04
snap:672797,person,Paulinus; Pellaeus,,SNAP-DRGN merged ancient person; sources: www.viaf.org,alive,351,550,low,SNAP-DRGN person 672797 (http://data.snapdrgn.net/person/672797/); associated attestation dates: 0376/0459; narrowest range 0376/0459 (83y) -> 5th century CE expanded +/-50y; confidence low (century inferred from attestation window); source SNAP-DRGN data.snapdrgn.net retrieved 2026-10-04
snap:672799,person,Magnus Medicus 4. Jh. n. Chr,,SNAP-DRGN merged ancient person; sources: www.viaf.org,alive,351,550,low,SNAP-DRGN person 672799 (http://data.snapdrgn.net/person/672799/); associated attestation dates: 0400/0500; narrowest range 0400/0500 (100y) -> 5th century CE expanded +/-50y; confidence low (century inferred from attestation window); source SNAP-DRGN data.snapdrgn.net retrieved 2026-10-04
snap:672800,person,Commodus Römisches Reich; Kaiser 161-192,,SNAP-DRGN merged ancient person; sources: www.viaf.org,alive,51,250,medium,SNAP-DRGN person 672800 (http://data.snapdrgn.net/person/672800/); associated attestation dates: 0161/0192; narrowest range 0161/0192 (31y) -> 2nd century CE expanded +/-50y; confidence medium (<=60y window; rough floruit); source SNAP-DRGN data.snapdrgn.net retrieved 2026-10-04
snap:672802,person,Victor Cartennensis ca. 5. Jh.,,SNAP-DRGN merged ancient person; sources: www.viaf.org,alive,451,650,low,SNAP-DRGN person 672802 (http://data.snapdrgn.net/person/672802/); associated attestation dates: 0500/0600; narrowest range 0500/0600 (100y) -> 6th century CE expanded +/-50y; confidence low (century inferred from attestation window); source SNAP-DRGN data.snapdrgn.net retrieved 2026-10-04
snap:672803,person,Marcellus; of Ankara; Bishop of Ankara; approximately 280-approximately 374,,SNAP-DRGN merged ancient person; sources: www.viaf.org,alive,251,450,low,SNAP-DRGN person 672803 (http://data.snapdrgn.net/person/672803/); associated attestation dates: 0280/0374; narrowest range 0280/0374 (94y) -> 4th century CE expanded +/-50y; confidence low (century inferred from attestation window); source SNAP-DRGN data.snapdrgn.net retrieved 2026-10-04
snap:672805,person,Gallienus; Publius Licinius Egnatius; Emperor of Rome; 233?-268,,SNAP-DRGN merged ancient person; sources: www.viaf.org,alive,151,350,medium,SNAP-DRGN person 672805 (http://data.snapdrgn.net/person/672805/); associated attestation dates: 0218/0268; narrowest range 0218/0268 (50y) -> 3rd century CE expanded +/-50y; confidence medium (<=60y window; rough floruit); source SNAP-DRGN data.snapdrgn.net retrieved 2026-10-04
snap:672807,person,Theodorus; Cyzicenus,,SNAP-DRGN merged ancient person; sources: www.viaf.org,alive,951,1150,low,SNAP-DRGN person 672807 (http://data.snapdrgn.net/person/672807/); associated attestation dates: 1000/1100; narrowest range 1000/1100 (100y) -> 11th century CE expanded +/-50y; confidence low (century inferred from attestation window); source SNAP-DRGN data.snapdrgn.net retrieved 2026-10-04
snap:672808,person,Atticus; 0150?-0200?,,SNAP-DRGN merged ancient person; sources: www.viaf.org,alive,51,250,medium,SNAP-DRGN person 672808 (http://data.snapdrgn.net/person/672808/); associated attestation dates: 0150/0200; narrowest range 0150/0200 (50y) -> 2nd century CE expanded +/-50y; confidence medium (<=60y window; rough floruit); source SNAP-DRGN data.snapdrgn.net retrieved 2026-10-04
snap:672810,person,Siculus Flaccus,,SNAP-DRGN merged ancient person; sources: www.viaf.org,alive,51,250,low,SNAP-DRGN person 672810 (http://data.snapdrgn.net/person/672810/); associated attestation dates: 0100/0200; narrowest range 0100/0200 (100y) -> 2nd century CE expanded +/-50y; confidence low (century inferred from attestation window); source SNAP-DRGN data.snapdrgn.net retrieved 2026-10-04
snap:672811,person,Justin; Martyr; Saint,,SNAP-DRGN merged ancient person; sources: www.viaf.org,alive,51,250,low,SNAP-DRGN person 672811 (http://data.snapdrgn.net/person/672811/); associated attestation dates: 0100/0165; narrowest range 0100/0165 (65y) -> 2nd century CE expanded +/-50y; confidence low (century inferred from attestation window); source SNAP-DRGN data.snapdrgn.net retrieved 2026-10-04
snap:672812,person,Symplicjusz (papież ; -483).,,SNAP-DRGN merged ancient person; sources: www.viaf.org,alive,-549,-350,medium,SNAP-DRGN person 672812 (http://data.snapdrgn.net/person/672812/); associated attestation dates: -0483; narrowest range -0483 (0y) -> 5th century BCE expanded +/-50y; confidence medium (<=60y window; rough floruit); source SNAP-DRGN data.snapdrgn.net retrieved 2026-10-04
snap:672813,person,Zacharias; Bishop of Mytilene,,SNAP-DRGN merged ancient person; sources: www.viaf.org,alive,351,550,low,SNAP-DRGN person 672813 (http://data.snapdrgn.net/person/672813/); associated attestation dates: 0450/0550; narrowest range 0450/0550 (100y) -> 5th century CE expanded +/-50y; confidence low (century inferred from attestation window); source SNAP-DRGN data.snapdrgn.net retrieved 2026-10-04
snap:672814,person,Vespasian; Emperor of Rome; 9-79,,SNAP-DRGN merged ancient person; sources: www.viaf.org,alive,-49,150,low,SNAP-DRGN person 672814 (http://data.snapdrgn.net/person/672814/); associated attestation dates: 0009/0079; narrowest range 0009/0079 (70y) -> 1st century CE expanded +/-50y; confidence low (century inferred from attestation window); source SNAP-DRGN data.snapdrgn.net retrieved 2026-10-04
snap:672815,person,Heinrich 875-936 Heiliges Römisches Reich; König,,SNAP-DRGN merged ancient person; sources: www.viaf.org,alive,851,1050,low,SNAP-DRGN person 672815 (http://data.snapdrgn.net/person/672815/); associated attestation dates: 0875/0936; narrowest range 0875/0936 (61y) -> 10th century CE expanded +/-50y; confidence low (century inferred from attestation window); source SNAP-DRGN data.snapdrgn.net retrieved 2026-10-04
snap:672816,person,Fabianus Papst -250,,SNAP-DRGN merged ancient person; sources: www.viaf.org,alive,-349,-150,medium,SNAP-DRGN person 672816 (http://data.snapdrgn.net/person/672816/); associated attestation dates: -0250; narrowest range -0250 (0y) -> 3rd century BCE expanded +/-50y; confidence medium (<=60y window; rough floruit); source SNAP-DRGN data.snapdrgn.net retrieved 2026-10-04
snap:672817,person,Ansegís ca. 770-833 sant,,SNAP-DRGN merged ancient person; sources: www.viaf.org,alive,751,950,low,SNAP-DRGN person 672817 (http://data.snapdrgn.net/person/672817/); associated attestation dates: 0770/0833; narrowest range 0770/0833 (63y) -> 9th century CE expanded +/-50y; confidence low (century inferred from attestation window); source SNAP-DRGN data.snapdrgn.net retrieved 2026-10-04
snap:672820,person,Leporius 0400-0430?,,SNAP-DRGN merged ancient person; sources: www.viaf.org,alive,351,550,medium,SNAP-DRGN person 672820 (http://data.snapdrgn.net/person/672820/); associated attestation dates: 0400/0430; narrowest range 0400/0430 (30y) -> 5th century CE expanded +/-50y; confidence medium (<=60y window; rough floruit); source SNAP-DRGN data.snapdrgn.net retrieved 2026-10-04
snap:672822,person,Eunomius; 0320?-0392?,,SNAP-DRGN merged ancient person; sources: www.viaf.org,alive,251,450,low,SNAP-DRGN person 672822 (http://data.snapdrgn.net/person/672822/); associated attestation dates: 0320/0392; narrowest range 0320/0392 (72y) -> 4th century CE expanded +/-50y; confidence low (century inferred from attestation window); source SNAP-DRGN data.snapdrgn.net retrieved 2026-10-04
snap:672823,person,Georges Pisidês 06..-06.,,SNAP-DRGN merged ancient person; sources: www.viaf.org,alive,551,750,medium,SNAP-DRGN person 672823 (http://data.snapdrgn.net/person/672823/); associated attestation dates: 0580/0634; narrowest range 0580/0634 (54y) -> 7th century CE expanded +/-50y; confidence medium (<=60y window; rough floruit); source SNAP-DRGN data.snapdrgn.net retrieved 2026-10-04
snap:672824,person,Anonymus Seguerianus ca. 3. Jh.,,SNAP-DRGN merged ancient person; sources: www.viaf.org,alive,251,450,low,SNAP-DRGN person 672824 (http://data.snapdrgn.net/person/672824/); associated attestation dates: 0300/0400; narrowest range 0300/0400 (100y) -> 4th century CE expanded +/-50y; confidence low (century inferred from attestation window); source SNAP-DRGN data.snapdrgn.net retrieved 2026-10-04
snap:672825,person,Jacobus Märtyrer -259,,SNAP-DRGN merged ancient person; sources: www.viaf.org,alive,-349,-150,medium,SNAP-DRGN person 672825 (http://data.snapdrgn.net/person/672825/); associated attestation dates: -0259; narrowest range -0259 (0y) -> 3rd century BCE expanded +/-50y; confidence medium (<=60y window; rough floruit); source SNAP-DRGN data.snapdrgn.net retrieved 2026-10-04
snap:672826,person,Euthérius de Tyane 0370?-0450?,,SNAP-DRGN merged ancient person; sources: www.viaf.org,alive,351,550,low,SNAP-DRGN person 672826 (http://data.snapdrgn.net/person/672826/); associated attestation dates: 0370/0450; narrowest range 0370/0450 (80y) -> 5th century CE expanded +/-50y; confidence low (century inferred from attestation window); source SNAP-DRGN data.snapdrgn.net retrieved 2026-10-04
snap:672829,person,Saleius Bassus 0001-0099,,SNAP-DRGN merged ancient person; sources: www.viaf.org,alive,-49,150,low,SNAP-DRGN person 672829 (http://data.snapdrgn.net/person/672829/); associated attestation dates: 0001/0099; narrowest range 0001/0099 (98y) -> 1st century CE expanded +/-50y; confidence low (century inferred from attestation window); source SNAP-DRGN data.snapdrgn.net retrieved 2026-10-04
snap:672830,person,Théodore de Mopsueste 0350?-0428?,,SNAP-DRGN merged ancient person; sources: www.viaf.org,alive,251,450,low,SNAP-DRGN person 672830 (http://data.snapdrgn.net/person/672830/); associated attestation dates: 0350/0428; narrowest range 0350/0428 (78y) -> 4th century CE expanded +/-50y; confidence low (century inferred from attestation window); source SNAP-DRGN data.snapdrgn.net retrieved 2026-10-04
snap:672839,person,Philon évêque de Carpasia,,SNAP-DRGN merged ancient person; sources: www.viaf.org,alive,451,650,low,SNAP-DRGN person 672839 (http://data.snapdrgn.net/person/672839/); associated attestation dates: 0500/0600; narrowest range 0500/0600 (100y) -> 6th century CE expanded +/-50y; confidence low (century inferred from attestation window); source SNAP-DRGN data.snapdrgn.net retrieved 2026-10-04
snap:672840,person,Ammon Astrologus 4. Jh. n. Chr,,SNAP-DRGN merged ancient person; sources: www.viaf.org,alive,351,550,low,SNAP-DRGN person 672840 (http://data.snapdrgn.net/person/672840/); associated attestation dates: 0400/0500; narrowest range 0400/0500 (100y) -> 5th century CE expanded +/-50y; confidence low (century inferred from attestation window); source SNAP-DRGN data.snapdrgn.net retrieved 2026-10-04
snap:672842,person,Modestus,,SNAP-DRGN merged ancient person; sources: www.viaf.org,alive,351,550,low,SNAP-DRGN person 672842 (http://data.snapdrgn.net/person/672842/); associated attestation dates: 0400/0500; narrowest range 0400/0500 (100y) -> 5th century CE expanded +/-50y; confidence low (century inferred from attestation window); source SNAP-DRGN data.snapdrgn.net retrieved 2026-10-04
snap:672846,person,Hérode Atticus 0101-0177,,SNAP-DRGN merged ancient person; sources: www.viaf.org,alive,51,250,low,SNAP-DRGN person 672846 (http://data.snapdrgn.net/person/672846/); associated attestation dates: 0101/0177; narrowest range 0101/0177 (76y) -> 2nd century CE expanded +/-50y; confidence low (century inferred from attestation window); source SNAP-DRGN data.snapdrgn.net retrieved 2026-10-04
snap:672847,person,Verus; Lucius Aurelius; Emperor of Rome; 130-169,,SNAP-DRGN merged ancient person; sources: www.viaf.org,alive,51,250,medium,SNAP-DRGN person 672847 (http://data.snapdrgn.net/person/672847/); associated attestation dates: 0130/0169; narrowest range 0130/0169 (39y) -> 2nd century CE expanded +/-50y; confidence medium (<=60y window; rough floruit); source SNAP-DRGN data.snapdrgn.net retrieved 2026-10-04
snap:672849,person,Liberius Papst -366,,SNAP-DRGN merged ancient person; sources: www.viaf.org,alive,-449,-250,medium,SNAP-DRGN person 672849 (http://data.snapdrgn.net/person/672849/); associated attestation dates: -0366; narrowest range -0366 (0y) -> 4th century BCE expanded +/-50y; confidence medium (<=60y window; rough floruit); source SNAP-DRGN data.snapdrgn.net retrieved 2026-10-04
snap:672853,person,Heliodorus Emesenus ca. 3. Jh.,,SNAP-DRGN merged ancient person; sources: www.viaf.org,alive,251,450,low,SNAP-DRGN person 672853 (http://data.snapdrgn.net/person/672853/); associated attestation dates: 0300/0400; narrowest range 0300/0400 (100y) -> 4th century CE expanded +/-50y; confidence low (century inferred from attestation window); source SNAP-DRGN data.snapdrgn.net retrieved 2026-10-04
snap:672854,person,Priscus; active 5th century,,SNAP-DRGN merged ancient person; sources: www.viaf.org,alive,451,650,low,SNAP-DRGN person 672854 (http://data.snapdrgn.net/person/672854/); associated attestation dates: 0500/0600; narrowest range 0500/0600 (100y) -> 6th century CE expanded +/-50y; confidence low (century inferred from attestation window); source SNAP-DRGN data.snapdrgn.net retrieved 2026-10-04
snap:672855,person,Porphyrius; ca234-ca301,,SNAP-DRGN merged ancient person; sources: www.viaf.org,alive,151,350,low,SNAP-DRGN person 672855 (http://data.snapdrgn.net/person/672855/); associated attestation dates: 0233/0301; narrowest range 0233/0301 (68y) -> 3rd century CE expanded +/-50y; confidence low (century inferred from attestation window); source SNAP-DRGN data.snapdrgn.net retrieved 2026-10-04
snap:672859,person,Thrasyllus Mendesius -36,,SNAP-DRGN merged ancient person; sources: www.viaf.org,alive,-149,50,medium,SNAP-DRGN person 672859 (http://data.snapdrgn.net/person/672859/); associated attestation dates: -0036; narrowest range -0036 (0y) -> 1st century BCE expanded +/-50y; confidence medium (<=60y window; rough floruit); source SNAP-DRGN data.snapdrgn.net retrieved 2026-10-04
snap:672861,person,Zénon empereur d&#39;Orient 0430?-0491,,SNAP-DRGN merged ancient person; sources: www.viaf.org,alive,351,550,medium,SNAP-DRGN person 672861 (http://data.snapdrgn.net/person/672861/); associated attestation dates: 0440/0491; narrowest range 0440/0491 (51y) -> 5th century CE expanded +/-50y; confidence medium (<=60y window; rough floruit); source SNAP-DRGN data.snapdrgn.net retrieved 2026-10-04
snap:672865,person,Ariston Pellaeus ca. 2. Jh.,,SNAP-DRGN merged ancient person; sources: www.viaf.org,alive,51,250,low,SNAP-DRGN person 672865 (http://data.snapdrgn.net/person/672865/); associated attestation dates: 0100/0200; narrowest range 0100/0200 (100y) -> 2nd century CE expanded +/-50y; confidence low (century inferred from attestation window); source SNAP-DRGN data.snapdrgn.net retrieved 2026-10-04
snap:672868,person,Asinius Quadratus; Gaius 3. Jh. n. Chr,,SNAP-DRGN merged ancient person; sources: www.viaf.org,alive,251,450,low,SNAP-DRGN person 672868 (http://data.snapdrgn.net/person/672868/); associated attestation dates: 0300/0400; narrowest range 0300/0400 (100y) -> 4th century CE expanded +/-50y; confidence low (century inferred from attestation window); source SNAP-DRGN data.snapdrgn.net retrieved 2026-10-04
snap:672871,person,Macrobius; Ambrosius Aurelius Theodosius.,,SNAP-DRGN merged ancient person; sources: www.viaf.org,alive,351,550,medium,SNAP-DRGN person 672871 (http://data.snapdrgn.net/person/672871/); associated attestation dates: 0385/0430; narrowest range 0385/0430 (45y) -> 5th century CE expanded +/-50y; confidence medium (<=60y window; rough floruit); source SNAP-DRGN data.snapdrgn.net retrieved 2026-10-04
snap:672874,person,Clodius Albinus Römisches Reich; Kaiser; Gegenkaiser -197,,SNAP-DRGN merged ancient person; sources: www.viaf.org,alive,-249,-50,medium,SNAP-DRGN person 672874 (http://data.snapdrgn.net/person/672874/); associated attestation dates: -0197; narrowest range -0197 (0y) -> 2nd century BCE expanded +/-50y; confidence medium (<=60y window; rough floruit); source SNAP-DRGN data.snapdrgn.net retrieved 2026-10-04
snap:672875,person,Jean de Biclar; 0540?-0621,,SNAP-DRGN merged ancient person; sources: www.viaf.org,alive,451,650,low,SNAP-DRGN person 672875 (http://data.snapdrgn.net/person/672875/); associated attestation dates: 0540/0621; narrowest range 0540/0621 (81y) -> 6th century CE expanded +/-50y; confidence low (century inferred from attestation window); source SNAP-DRGN data.snapdrgn.net retrieved 2026-10-04
snap:672879,person,Hesiqui m. ca. 450 de Jerusalem,,SNAP-DRGN merged ancient person; sources: www.viaf.org,alive,-549,-350,medium,SNAP-DRGN person 672879 (http://data.snapdrgn.net/person/672879/); associated attestation dates: -0451; narrowest range -0451 (0y) -> 5th century BCE expanded +/-50y; confidence medium (<=60y window; rough floruit); source SNAP-DRGN data.snapdrgn.net retrieved 2026-10-04
snap:672883,person,Fortunatianus; Atilius 4. Jh.,,SNAP-DRGN merged ancient person; sources: www.viaf.org,alive,351,550,low,SNAP-DRGN person 672883 (http://data.snapdrgn.net/person/672883/); associated attestation dates: 0400/0500; narrowest range 0400/0500 (100y) -> 5th century CE expanded +/-50y; confidence low (century inferred from attestation window); source SNAP-DRGN data.snapdrgn.net retrieved 2026-10-04
snap:672884,person,Aelianus; Cl. (Claudius); ca.175-ca.235,,SNAP-DRGN merged ancient person; sources: www.viaf.org,alive,151,350,low,SNAP-DRGN person 672884 (http://data.snapdrgn.net/person/672884/); associated attestation dates: 0170/0235; narrowest range 0170/0235 (65y) -> 3rd century CE expanded +/-50y; confidence low (century inferred from attestation window); source SNAP-DRGN data.snapdrgn.net retrieved 2026-10-04
snap:672887,person,Pacian,,SNAP-DRGN merged ancient person; sources: www.viaf.org,alive,-449,-250,medium,SNAP-DRGN person 672887 (http://data.snapdrgn.net/person/672887/); associated attestation dates: -0392; narrowest range -0392 (0y) -> 4th century BCE expanded +/-50y; confidence medium (<=60y window; rough floruit); source SNAP-DRGN data.snapdrgn.net retrieved 2026-10-04
snap:672889,person,Felix I. Papst -273,,SNAP-DRGN merged ancient person; sources: www.viaf.org,alive,-349,-150,medium,SNAP-DRGN person 672889 (http://data.snapdrgn.net/person/672889/); associated attestation dates: -0273; narrowest range -0273 (0y) -> 3rd century BCE expanded +/-50y; confidence medium (<=60y window; rough floruit); source SNAP-DRGN data.snapdrgn.net retrieved 2026-10-04
snap:672892,person,Philo; Judaeus Alexandrinus; Pseudo-,,SNAP-DRGN merged ancient person; sources: www.viaf.org,alive,-49,150,low,SNAP-DRGN person 672892 (http://data.snapdrgn.net/person/672892/); associated attestation dates: 0001/0099; narrowest range 0001/0099 (98y) -> 1st century CE expanded +/-50y; confidence low (century inferred from attestation window); source SNAP-DRGN data.snapdrgn.net retrieved 2026-10-04
snap:672896,person,Ammonius Alexandrinus.,,SNAP-DRGN merged ancient person; sources: www.viaf.org,alive,251,450,low,SNAP-DRGN person 672896 (http://data.snapdrgn.net/person/672896/); associated attestation dates: 0300/0400; narrowest range 0300/0400 (100y) -> 4th century CE expanded +/-50y; confidence low (century inferred from attestation window); source SNAP-DRGN data.snapdrgn.net retrieved 2026-10-04
snap:672897,person,Chiron ca. 4. Jh.,,SNAP-DRGN merged ancient person; sources: www.viaf.org,alive,351,550,low,SNAP-DRGN person 672897 (http://data.snapdrgn.net/person/672897/); associated attestation dates: 0400/0500; narrowest range 0400/0500 (100y) -> 5th century CE expanded +/-50y; confidence low (century inferred from attestation window); source SNAP-DRGN data.snapdrgn.net retrieved 2026-10-04
snap:672902,person,Almannus Altivillarensis 830-889,,SNAP-DRGN merged ancient person; sources: www.viaf.org,alive,751,950,medium,SNAP-DRGN person 672902 (http://data.snapdrgn.net/person/672902/); associated attestation dates: 0830/0889; narrowest range 0830/0889 (59y) -> 9th century CE expanded +/-50y; confidence medium (<=60y window; rough floruit); source SNAP-DRGN data.snapdrgn.net retrieved 2026-10-04
snap:672904,person,Eunape; 0347?-0420,,SNAP-DRGN merged ancient person; sources: www.viaf.org,alive,251,450,low,SNAP-DRGN person 672904 (http://data.snapdrgn.net/person/672904/); associated attestation dates: 0347/0420; narrowest range 0347/0420 (73y) -> 4th century CE expanded +/-50y; confidence low (century inferred from attestation window); source SNAP-DRGN data.snapdrgn.net retrieved 2026-10-04
snap:672905,person,Scaevola; Quintus Cervidius ca. 2. Jh.,,SNAP-DRGN merged ancient person; sources: www.viaf.org,alive,51,250,low,SNAP-DRGN person 672905 (http://data.snapdrgn.net/person/672905/); associated attestation dates: 0100/0200; narrowest range 0100/0200 (100y) -> 2nd century CE expanded +/-50y; confidence low (century inferred from attestation window); source SNAP-DRGN data.snapdrgn.net retrieved 2026-10-04
snap:672908,person,Papinianus; Aemilius; 0142?-0212,,SNAP-DRGN merged ancient person; sources: www.viaf.org,alive,-349,-150,medium,SNAP-DRGN person 672908 (http://data.snapdrgn.net/person/672908/); associated attestation dates: -0212; narrowest range -0212 (0y) -> 3rd century BCE expanded +/-50y; confidence medium (<=60y window; rough floruit); source SNAP-DRGN data.snapdrgn.net retrieved 2026-10-04
snap:672910,person,Charax Pergamenus ca. 2. Jh.,,SNAP-DRGN merged ancient person; sources: www.viaf.org,alive,51,250,low,SNAP-DRGN person 672910 (http://data.snapdrgn.net/person/672910/); associated attestation dates: 0100/0200; narrowest range 0100/0200 (100y) -> 2nd century CE expanded +/-50y; confidence low (century inferred from attestation window); source SNAP-DRGN data.snapdrgn.net retrieved 2026-10-04
snap:672913,person,Paulin de Nola saint 0353-0431,,SNAP-DRGN merged ancient person; sources: www.viaf.org,alive,251,450,low,SNAP-DRGN person 672913 (http://data.snapdrgn.net/person/672913/); associated attestation dates: 0353/0431; narrowest range 0353/0431 (78y) -> 4th century CE expanded +/-50y; confidence low (century inferred from attestation window); source SNAP-DRGN data.snapdrgn.net retrieved 2026-10-04
snap:672918,person,Nicetas Byzantinus.,,SNAP-DRGN merged ancient person; sources: www.viaf.org,alive,851,1050,low,SNAP-DRGN person 672918 (http://data.snapdrgn.net/person/672918/); associated attestation dates: 0900/1000; narrowest range 0900/1000 (100y) -> 10th century CE expanded +/-50y; confidence low (century inferred from attestation window); source SNAP-DRGN data.snapdrgn.net retrieved 2026-10-04
snap:672919,person,Fronto; Marcus Cornelius,,SNAP-DRGN merged ancient person; sources: www.viaf.org,alive,51,250,low,SNAP-DRGN person 672919 (http://data.snapdrgn.net/person/672919/); associated attestation dates: 0095/0175; narrowest range 0095/0175 (80y) -> 2nd century CE expanded +/-50y; confidence low (century inferred from attestation window); source SNAP-DRGN data.snapdrgn.net retrieved 2026-10-04
snap:672920,person,Pelagonius,,SNAP-DRGN merged ancient person; sources: www.viaf.org,alive,351,550,low,SNAP-DRGN person 672920 (http://data.snapdrgn.net/person/672920/); associated attestation dates: 0400/0500; narrowest range 0400/0500 (100y) -> 5th century CE expanded +/-50y; confidence low (century inferred from attestation window); source SNAP-DRGN data.snapdrgn.net retrieved 2026-10-04
snap:672921,person,Johannes; Moschus,,SNAP-DRGN merged ancient person; sources: www.viaf.org,alive,451,650,low,SNAP-DRGN person 672921 (http://data.snapdrgn.net/person/672921/); associated attestation dates: 0550/0619; narrowest range 0550/0619 (69y) -> 6th century CE expanded +/-50y; confidence low (century inferred from attestation window); source SNAP-DRGN data.snapdrgn.net retrieved 2026-10-04
snap:672922,person,Anastasius I. Papst -402,,SNAP-DRGN merged ancient person; sources: www.viaf.org,alive,-549,-350,medium,SNAP-DRGN person 672922 (http://data.snapdrgn.net/person/672922/); associated attestation dates: -0402; narrowest range -0402 (0y) -> 5th century BCE expanded +/-50y; confidence medium (<=60y window; rough floruit); source SNAP-DRGN data.snapdrgn.net retrieved 2026-10-04
snap:672923,person,Hermogenes Märtyrer ca. -305,,SNAP-DRGN merged ancient person; sources: www.viaf.org,alive,-449,-250,medium,SNAP-DRGN person 672923 (http://data.snapdrgn.net/person/672923/); associated attestation dates: -0305; narrowest range -0305 (0y) -> 4th century BCE expanded +/-50y; confidence medium (<=60y window; rough floruit); source SNAP-DRGN data.snapdrgn.net retrieved 2026-10-04
snap:672925,person,Balbus; 0222?-0337?; auteur prétendu,,SNAP-DRGN merged ancient person; sources: www.viaf.org,alive,151,350,low,SNAP-DRGN person 672925 (http://data.snapdrgn.net/person/672925/); associated attestation dates: 0222/0337; narrowest range 0222/0337 (115y) -> 3rd century CE expanded +/-50y; confidence low (century inferred from attestation window); source SNAP-DRGN data.snapdrgn.net retrieved 2026-10-04
snap:672928,person,Favorinus approximately 81-approximately 150 of Arles,,SNAP-DRGN merged ancient person; sources: www.viaf.org,alive,51,250,low,SNAP-DRGN person 672928 (http://data.snapdrgn.net/person/672928/); associated attestation dates: 0080/0150; narrowest range 0080/0150 (70y) -> 2nd century CE expanded +/-50y; confidence low (century inferred from attestation window); source SNAP-DRGN data.snapdrgn.net retrieved 2026-10-04
snap:672929,person,Eustathius -approximately 337 of Antioch; Saint,,SNAP-DRGN merged ancient person; sources: www.viaf.org,alive,-449,-250,medium,SNAP-DRGN person 672929 (http://data.snapdrgn.net/person/672929/); associated attestation dates: -0337; narrowest range -0337 (0y) -> 4th century BCE expanded +/-50y; confidence medium (<=60y window; rough floruit); source SNAP-DRGN data.snapdrgn.net retrieved 2026-10-04
snap:672934,person,Demetrius Alexandrinus -232,,SNAP-DRGN merged ancient person; sources: www.viaf.org,alive,-349,-150,medium,SNAP-DRGN person 672934 (http://data.snapdrgn.net/person/672934/); associated attestation dates: -0232; narrowest range -0232 (0y) -> 3rd century BCE expanded +/-50y; confidence medium (<=60y window; rough floruit); source SNAP-DRGN data.snapdrgn.net retrieved 2026-10-04
snap:672938,person,Lupus 805-862 Ferrariensis,,SNAP-DRGN merged ancient person; sources: www.viaf.org,alive,751,950,medium,SNAP-DRGN person 672938 (http://data.snapdrgn.net/person/672938/); associated attestation dates: 0805/0862; narrowest range 0805/0862 (57y) -> 9th century CE expanded +/-50y; confidence medium (<=60y window; rough floruit); source SNAP-DRGN data.snapdrgn.net retrieved 2026-10-04
snap:672940,person,Theodoretus Grammaticus 4. Jh. n. Chr,,SNAP-DRGN merged ancient person; sources: www.viaf.org,alive,351,550,low,SNAP-DRGN person 672940 (http://data.snapdrgn.net/person/672940/); associated attestation dates: 0400/0500; narrowest range 0400/0500 (100y) -> 5th century CE expanded +/-50y; confidence low (century inferred from attestation window); source SNAP-DRGN data.snapdrgn.net retrieved 2026-10-04
snap:672942,person,Photius; ca.815-ca.897,,SNAP-DRGN merged ancient person; sources: www.viaf.org,alive,751,950,low,SNAP-DRGN person 672942 (http://data.snapdrgn.net/person/672942/); associated attestation dates: 0820/0891; narrowest range 0820/0891 (71y) -> 9th century CE expanded +/-50y; confidence low (century inferred from attestation window); source SNAP-DRGN data.snapdrgn.net retrieved 2026-10-04
snap:672943,person,Eucher; saint; 0370?-0450?,,SNAP-DRGN merged ancient person; sources: www.viaf.org,alive,351,550,low,SNAP-DRGN person 672943 (http://data.snapdrgn.net/person/672943/); associated attestation dates: 0370/0450; narrowest range 0370/0450 (80y) -> 5th century CE expanded +/-50y; confidence low (century inferred from attestation window); source SNAP-DRGN data.snapdrgn.net retrieved 2026-10-04
snap:672950,person,Grégoire Asbestas 0800?-0879?,,SNAP-DRGN merged ancient person; sources: www.viaf.org,alive,751,950,low,SNAP-DRGN person 672950 (http://data.snapdrgn.net/person/672950/); associated attestation dates: 0800/0879; narrowest range 0800/0879 (79y) -> 9th century CE expanded +/-50y; confidence low (century inferred from attestation window); source SNAP-DRGN data.snapdrgn.net retrieved 2026-10-04
snap:672951,person,Julian; Emperor of Rome; 331-363,,SNAP-DRGN merged ancient person; sources: www.viaf.org,alive,251,450,medium,SNAP-DRGN person 672951 (http://data.snapdrgn.net/person/672951/); associated attestation dates: 0331/0363; narrowest range 0331/0363 (32y) -> 4th century CE expanded +/-50y; confidence medium (<=60y window; rough floruit); source SNAP-DRGN data.snapdrgn.net retrieved 2026-10-04
snap:672954,person,Aelius Iunius Cordus 3. Jh. n. Chr,,SNAP-DRGN merged ancient person; sources: www.viaf.org,alive,251,450,low,SNAP-DRGN person 672954 (http://data.snapdrgn.net/person/672954/); associated attestation dates: 0300/0400; narrowest range 0300/0400 (100y) -> 4th century CE expanded +/-50y; confidence low (century inferred from attestation window); source SNAP-DRGN data.snapdrgn.net retrieved 2026-10-04
snap:672955,person,Dioclétien 0245-0313 empereur romain,,SNAP-DRGN merged ancient person; sources: www.viaf.org,alive,151,350,low,SNAP-DRGN person 672955 (http://data.snapdrgn.net/person/672955/); associated attestation dates: 0245/0313; narrowest range 0245/0313 (68y) -> 3rd century CE expanded +/-50y; confidence low (century inferred from attestation window); source SNAP-DRGN data.snapdrgn.net retrieved 2026-10-04
snap:672956,person,Aretaeus.,,SNAP-DRGN merged ancient person; sources: www.viaf.org,alive,-49,150,low,SNAP-DRGN person 672956 (http://data.snapdrgn.net/person/672956/); associated attestation dates: 0000/0100; narrowest range 0000/0100 (100y) -> 1st century CE expanded +/-50y; confidence low (century inferred from attestation window); source SNAP-DRGN data.snapdrgn.net retrieved 2026-10-04
snap:672957,person,Agobard; saint; 0779-0840,,SNAP-DRGN merged ancient person; sources: www.viaf.org,alive,751,950,low,SNAP-DRGN person 672957 (http://data.snapdrgn.net/person/672957/); associated attestation dates: 0779/0840; narrowest range 0779/0840 (61y) -> 9th century CE expanded +/-50y; confidence low (century inferred from attestation window); source SNAP-DRGN data.snapdrgn.net retrieved 2026-10-04
snap:672958,person,Musaeus; Grammaticus,,SNAP-DRGN merged ancient person; sources: www.viaf.org,alive,451,650,medium,SNAP-DRGN person 672958 (http://data.snapdrgn.net/person/672958/); associated attestation dates: 0490/0530; narrowest range 0490/0530 (40y) -> 6th century CE expanded +/-50y; confidence medium (<=60y window; rough floruit); source SNAP-DRGN data.snapdrgn.net retrieved 2026-10-04
snap:672959,person,Benoît d&#39;Aniane saint 0750?-0821,,SNAP-DRGN merged ancient person; sources: www.viaf.org,alive,651,850,low,SNAP-DRGN person 672959 (http://data.snapdrgn.net/person/672959/); associated attestation dates: 0750/0821; narrowest range 0750/0821 (71y) -> 8th century CE expanded +/-50y; confidence low (century inferred from attestation window); source SNAP-DRGN data.snapdrgn.net retrieved 2026-10-04
snap:672960,person,Aelius Sabinus ca. Ende 3. Jh.,,SNAP-DRGN merged ancient person; sources: www.viaf.org,alive,251,450,medium,SNAP-DRGN person 672960 (http://data.snapdrgn.net/person/672960/); associated attestation dates: 0350/0400; narrowest range 0350/0400 (50y) -> 4th century CE expanded +/-50y; confidence medium (<=60y window; rough floruit); source SNAP-DRGN data.snapdrgn.net retrieved 2026-10-04
snap:672961,person,Sammonicus; Quintus Serenus; ?-212,,SNAP-DRGN merged ancient person; sources: www.viaf.org,alive,251,450,low,SNAP-DRGN person 672961 (http://data.snapdrgn.net/person/672961/); associated attestation dates: 0300/0400; narrowest range 0300/0400 (100y) -> 4th century CE expanded +/-50y; confidence low (century inferred from attestation window); source SNAP-DRGN data.snapdrgn.net retrieved 2026-10-04
snap:672964,person,Akakios Agathangelos ca. 3. Jh.,,SNAP-DRGN merged ancient person; sources: www.viaf.org,alive,251,450,low,SNAP-DRGN person 672964 (http://data.snapdrgn.net/person/672964/); associated attestation dates: 0300/0400; narrowest range 0300/0400 (100y) -> 4th century CE expanded +/-50y; confidence low (century inferred from attestation window); source SNAP-DRGN data.snapdrgn.net retrieved 2026-10-04
snap:672965,person,Nicephorus; Constantinopolitanus; ca758-ca828,,SNAP-DRGN merged ancient person; sources: www.viaf.org,alive,-49,150,medium,SNAP-DRGN person 672965 (http://data.snapdrgn.net/person/672965/); associated attestation dates: 0001; narrowest range 0001 (0y) -> 1st century CE expanded +/-50y; confidence medium (<=60y window; rough floruit); source SNAP-DRGN data.snapdrgn.net retrieved 2026-10-04
snap:672967,person,Virgilius Maro Tolosanus; sec. VII,,SNAP-DRGN merged ancient person; sources: www.viaf.org,alive,651,850,medium,SNAP-DRGN person 672967 (http://data.snapdrgn.net/person/672967/); associated attestation dates: 0700/0750; narrowest range 0700/0750 (50y) -> 8th century CE expanded +/-50y; confidence medium (<=60y window; rough floruit); source SNAP-DRGN data.snapdrgn.net retrieved 2026-10-04
snap:672968,person,Sirice pape 0340?-0399,,SNAP-DRGN merged ancient person; sources: www.viaf.org,alive,251,450,medium,SNAP-DRGN person 672968 (http://data.snapdrgn.net/person/672968/); associated attestation dates: 0340/0399; narrowest range 0340/0399 (59y) -> 4th century CE expanded +/-50y; confidence medium (<=60y window; rough floruit); source SNAP-DRGN data.snapdrgn.net retrieved 2026-10-04
snap:672970,person,Thomas Scholasticus ca. 6. Jh.,,SNAP-DRGN merged ancient person; sources: www.viaf.org,alive,551,750,low,SNAP-DRGN person 672970 (http://data.snapdrgn.net/person/672970/); associated attestation dates: 0600/0700; narrowest range 0600/0700 (100y) -> 7th century CE expanded +/-50y; confidence low (century inferred from attestation window); source SNAP-DRGN data.snapdrgn.net retrieved 2026-10-04
snap:672972,person,Leodegarius c. 616-c. 679 s.; vesc. di Autun,,SNAP-DRGN merged ancient person; sources: www.viaf.org,alive,551,750,low,SNAP-DRGN person 672972 (http://data.snapdrgn.net/person/672972/); associated attestation dates: 0616/0678; narrowest range 0616/0678 (62y) -> 7th century CE expanded +/-50y; confidence low (century inferred from attestation window); source SNAP-DRGN data.snapdrgn.net retrieved 2026-10-04
snap:672973,person,Avit 450?-518 sant; bisbe de Viena,,SNAP-DRGN merged ancient person; sources: www.viaf.org,alive,351,550,low,SNAP-DRGN person 672973 (http://data.snapdrgn.net/person/672973/); associated attestation dates: 0455/0518; narrowest range 0455/0518 (63y) -> 5th century CE expanded +/-50y; confidence low (century inferred from attestation window); source SNAP-DRGN data.snapdrgn.net retrieved 2026-10-04
snap:672978,person,Theophilus; évêque d&#39;Antioche,,SNAP-DRGN merged ancient person; sources: www.viaf.org,alive,-249,-50,medium,SNAP-DRGN person 672978 (http://data.snapdrgn.net/person/672978/); associated attestation dates: -0186; narrowest range -0186 (0y) -> 2nd century BCE expanded +/-50y; confidence medium (<=60y window; rough floruit); source SNAP-DRGN data.snapdrgn.net retrieved 2026-10-04
snap:672979,person,Basile de Séleucie; saint; 0435?-0468?,,SNAP-DRGN merged ancient person; sources: www.viaf.org,alive,351,550,medium,SNAP-DRGN person 672979 (http://data.snapdrgn.net/person/672979/); associated attestation dates: 0435/0468; narrowest range 0435/0468 (33y) -> 5th century CE expanded +/-50y; confidence medium (<=60y window; rough floruit); source SNAP-DRGN data.snapdrgn.net retrieved 2026-10-04
snap:672981,person,Ursinus Papst; Gegenpapst -381,,SNAP-DRGN merged ancient person; sources: www.viaf.org,alive,-449,-250,medium,SNAP-DRGN person 672981 (http://data.snapdrgn.net/person/672981/); associated attestation dates: -0381; narrowest range -0381 (0y) -> 4th century BCE expanded +/-50y; confidence medium (<=60y window; rough floruit); source SNAP-DRGN data.snapdrgn.net retrieved 2026-10-04
snap:672982,person,Irenaeus Referendarius ca. 6. Jh.,,SNAP-DRGN merged ancient person; sources: www.viaf.org,alive,551,750,low,SNAP-DRGN person 672982 (http://data.snapdrgn.net/person/672982/); associated attestation dates: 0600/0700; narrowest range 0600/0700 (100y) -> 7th century CE expanded +/-50y; confidence low (century inferred from attestation window); source SNAP-DRGN data.snapdrgn.net retrieved 2026-10-04
snap:672985,person,Haymon d&#39;Halberstadt; 0778?-0853; saint,,SNAP-DRGN merged ancient person; sources: www.viaf.org,alive,751,950,low,SNAP-DRGN person 672985 (http://data.snapdrgn.net/person/672985/); associated attestation dates: 0778/0853; narrowest range 0778/0853 (75y) -> 9th century CE expanded +/-50y; confidence low (century inferred from attestation window); source SNAP-DRGN data.snapdrgn.net retrieved 2026-10-04
snap:672986,person,Théon d&#39;Alexandrie 0335?-0405?,,SNAP-DRGN merged ancient person; sources: www.viaf.org,alive,251,450,low,SNAP-DRGN person 672986 (http://data.snapdrgn.net/person/672986/); associated attestation dates: 0335/0405; narrowest range 0335/0405 (70y) -> 4th century CE expanded +/-50y; confidence low (century inferred from attestation window); source SNAP-DRGN data.snapdrgn.net retrieved 2026-10-04
snap:672987,person,Helladius Epigrammaticus 2. Jh. n. Chr,,SNAP-DRGN merged ancient person; sources: www.viaf.org,alive,51,250,low,SNAP-DRGN person 672987 (http://data.snapdrgn.net/person/672987/); associated attestation dates: 0100/0200; narrowest range 0100/0200 (100y) -> 2nd century CE expanded +/-50y; confidence low (century inferred from attestation window); source SNAP-DRGN data.snapdrgn.net retrieved 2026-10-04
snap:672988,person,Uranius Antoninus Römisches Reich; Kaiser; Gegenkaiser ca. 3. Jh.,,SNAP-DRGN merged ancient person; sources: www.viaf.org,alive,251,450,low,SNAP-DRGN person 672988 (http://data.snapdrgn.net/person/672988/); associated attestation dates: 0300/0400; narrowest range 0300/0400 (100y) -> 4th century CE expanded +/-50y; confidence low (century inferred from attestation window); source SNAP-DRGN data.snapdrgn.net retrieved 2026-10-04
snap:672989,person,Phoebadius -392 Aginnensis,,SNAP-DRGN merged ancient person; sources: www.viaf.org,alive,-449,-250,medium,SNAP-DRGN person 672989 (http://data.snapdrgn.net/person/672989/); associated attestation dates: -0392; narrowest range -0392 (0y) -> 4th century BCE expanded +/-50y; confidence medium (<=60y window; rough floruit); source SNAP-DRGN data.snapdrgn.net retrieved 2026-10-04
snap:672991,person,Heiricus ca. 841-ca. 880 Saint; of Saint Germain D&#39;Auxerre,,SNAP-DRGN merged ancient person; sources: www.viaf.org,alive,751,950,medium,SNAP-DRGN person 672991 (http://data.snapdrgn.net/person/672991/); associated attestation dates: 0841/0876; narrowest range 0841/0876 (35y) -> 9th century CE expanded +/-50y; confidence medium (<=60y window; rough floruit); source SNAP-DRGN data.snapdrgn.net retrieved 2026-10-04
snap:672992,person,Anastase le Bibliothécaire (0815?-0878?).,,SNAP-DRGN merged ancient person; sources: www.viaf.org,alive,751,950,low,SNAP-DRGN person 672992 (http://data.snapdrgn.net/person/672992/); associated attestation dates: 0811/0879; narrowest range 0811/0879 (68y) -> 9th century CE expanded +/-50y; confidence low (century inferred from attestation window); source SNAP-DRGN data.snapdrgn.net retrieved 2026-10-04
snap:672995,person,Noetus ca. 2. Jh.,,SNAP-DRGN merged ancient person; sources: www.viaf.org,alive,51,250,low,SNAP-DRGN person 672995 (http://data.snapdrgn.net/person/672995/); associated attestation dates: 0100/0200; narrowest range 0100/0200 (100y) -> 2nd century CE expanded +/-50y; confidence low (century inferred from attestation window); source SNAP-DRGN data.snapdrgn.net retrieved 2026-10-04
snap:672998,person,Jonas,,SNAP-DRGN merged ancient person; sources: www.viaf.org,alive,651,850,low,SNAP-DRGN person 672998 (http://data.snapdrgn.net/person/672998/); associated attestation dates: 0700/0800; narrowest range 0700/0800 (100y) -> 8th century CE expanded +/-50y; confidence low (century inferred from attestation window); source SNAP-DRGN data.snapdrgn.net retrieved 2026-10-04
snap:672999,person,Sixtus II. Papst -258,,SNAP-DRGN merged ancient person; sources: www.viaf.org,alive,-349,-150,medium,SNAP-DRGN person 672999 (http://data.snapdrgn.net/person/672999/); associated attestation dates: -0258; narrowest range -0258 (0y) -> 3rd century BCE expanded +/-50y; confidence medium (<=60y window; rough floruit); source SNAP-DRGN data.snapdrgn.net retrieved 2026-10-04
snap:673003,person,Innozenz I. Papst -417,,SNAP-DRGN merged ancient person; sources: www.viaf.org,alive,-549,-350,medium,SNAP-DRGN person 673003 (http://data.snapdrgn.net/person/673003/); associated attestation dates: -0417; narrowest range -0417 (0y) -> 5th century BCE expanded +/-50y; confidence medium (<=60y window; rough floruit); source SNAP-DRGN data.snapdrgn.net retrieved 2026-10-04
snap:673004,person,Hypatia Alexandrina 370-415,,SNAP-DRGN merged ancient person; sources: www.viaf.org,alive,251,450,medium,SNAP-DRGN person 673004 (http://data.snapdrgn.net/person/673004/); associated attestation dates: 0370/0415; narrowest range 0370/0415 (45y) -> 4th century CE expanded +/-50y; confidence medium (<=60y window; rough floruit); source SNAP-DRGN data.snapdrgn.net retrieved 2026-10-04
snap:673007,person,Allectus Römisches Reich; Kaiser; Gegenkaiser -297,,SNAP-DRGN merged ancient person; sources: www.viaf.org,alive,-349,-150,medium,SNAP-DRGN person 673007 (http://data.snapdrgn.net/person/673007/); associated attestation dates: -0297; narrowest range -0297 (0y) -> 3rd century BCE expanded +/-50y; confidence medium (<=60y window; rough floruit); source SNAP-DRGN data.snapdrgn.net retrieved 2026-10-04
snap:673008,person,Nero; Emperor of Rome; 37-68,,SNAP-DRGN merged ancient person; sources: www.viaf.org,alive,-49,150,medium,SNAP-DRGN person 673008 (http://data.snapdrgn.net/person/673008/); associated attestation dates: 0037/0068; narrowest range 0037/0068 (31y) -> 1st century CE expanded +/-50y; confidence medium (<=60y window; rough floruit); source SNAP-DRGN data.snapdrgn.net retrieved 2026-10-04
snap:673010,person,Avienus; Rufius Festus 305-375,,SNAP-DRGN merged ancient person; sources: www.viaf.org,alive,251,450,low,SNAP-DRGN person 673010 (http://data.snapdrgn.net/person/673010/); associated attestation dates: 0305/0375; narrowest range 0305/0375 (70y) -> 4th century CE expanded +/-50y; confidence low (century inferred from attestation window); source SNAP-DRGN data.snapdrgn.net retrieved 2026-10-04
snap:673013,person,Serenus; Antinoensis,,SNAP-DRGN merged ancient person; sources: www.viaf.org,alive,351,550,low,SNAP-DRGN person 673013 (http://data.snapdrgn.net/person/673013/); associated attestation dates: 0400/0500; narrowest range 0400/0500 (100y) -> 5th century CE expanded +/-50y; confidence low (century inferred from attestation window); source SNAP-DRGN data.snapdrgn.net retrieved 2026-10-04
snap:673017,person,Gordian II. Römisches Reich; Kaiser ca. ca. 192-238,,SNAP-DRGN merged ancient person; sources: www.viaf.org,alive,151,350,medium,SNAP-DRGN person 673017 (http://data.snapdrgn.net/person/673017/); associated attestation dates: 0192/0238; narrowest range 0192/0238 (46y) -> 3rd century CE expanded +/-50y; confidence medium (<=60y window; rough floruit); source SNAP-DRGN data.snapdrgn.net retrieved 2026-10-04
snap:673021,person,Eulogio de Córdoba; Santo,,SNAP-DRGN merged ancient person; sources: www.viaf.org,alive,751,950,medium,SNAP-DRGN person 673021 (http://data.snapdrgn.net/person/673021/); associated attestation dates: 0810/0859; narrowest range 0810/0859 (49y) -> 9th century CE expanded +/-50y; confidence medium (<=60y window; rough floruit); source SNAP-DRGN data.snapdrgn.net retrieved 2026-10-04
snap:673023,person,Theodotion Interpres Veteris Testamenti ca. 2. Jh.,,SNAP-DRGN merged ancient person; sources: www.viaf.org,alive,51,250,low,SNAP-DRGN person 673023 (http://data.snapdrgn.net/person/673023/); associated attestation dates: 0100/0200; narrowest range 0100/0200 (100y) -> 2nd century CE expanded +/-50y; confidence low (century inferred from attestation window); source SNAP-DRGN data.snapdrgn.net retrieved 2026-10-04
snap:673026,person,Astère 0004?-0005? Evêque,,SNAP-DRGN merged ancient person; sources: www.viaf.org,alive,-49,150,medium,SNAP-DRGN person 673026 (http://data.snapdrgn.net/person/673026/); associated attestation dates: 0004/0005; narrowest range 0004/0005 (1y) -> 1st century CE expanded +/-50y; confidence medium (<=60y window; rough floruit); source SNAP-DRGN data.snapdrgn.net retrieved 2026-10-04
snap:673028,person,Hydatius ca. ca. 395-nach 468 Lemicus,,SNAP-DRGN merged ancient person; sources: www.viaf.org,alive,351,550,low,SNAP-DRGN person 673028 (http://data.snapdrgn.net/person/673028/); associated attestation dates: 0390/0470; narrowest range 0390/0470 (80y) -> 5th century CE expanded +/-50y; confidence low (century inferred from attestation window); source SNAP-DRGN data.snapdrgn.net retrieved 2026-10-04
snap:673030,person,Quintus; Smyrnaeus; 4e E. n.Chr,,SNAP-DRGN merged ancient person; sources: www.viaf.org,alive,351,550,low,SNAP-DRGN person 673030 (http://data.snapdrgn.net/person/673030/); associated attestation dates: 0400/0500; narrowest range 0400/0500 (100y) -> 5th century CE expanded +/-50y; confidence low (century inferred from attestation window); source SNAP-DRGN data.snapdrgn.net retrieved 2026-10-04
snap:673032,person,Dioscorides Pedanius; of Anazarbos,,SNAP-DRGN merged ancient person; sources: www.viaf.org,alive,-49,150,medium,SNAP-DRGN person 673032 (http://data.snapdrgn.net/person/673032/); associated attestation dates: 0040/0090; narrowest range 0040/0090 (50y) -> 1st century CE expanded +/-50y; confidence medium (<=60y window; rough floruit); source SNAP-DRGN data.snapdrgn.net retrieved 2026-10-04
snap:673034,person,Optatien 0260?-0334?,,SNAP-DRGN merged ancient person; sources: www.viaf.org,alive,151,350,low,SNAP-DRGN person 673034 (http://data.snapdrgn.net/person/673034/); associated attestation dates: 0260/0334; narrowest range 0260/0334 (74y) -> 3rd century CE expanded +/-50y; confidence low (century inferred from attestation window); source SNAP-DRGN data.snapdrgn.net retrieved 2026-10-04
snap:673035,person,Ammon Andrinopolitanus ca. 4. Jh.,,SNAP-DRGN merged ancient person; sources: www.viaf.org,alive,351,550,low,SNAP-DRGN person 673035 (http://data.snapdrgn.net/person/673035/); associated attestation dates: 0400/0500; narrowest range 0400/0500 (100y) -> 5th century CE expanded +/-50y; confidence low (century inferred from attestation window); source SNAP-DRGN data.snapdrgn.net retrieved 2026-10-04
snap:673036,person,Athanasius; Saint; Patriarch of Alexandria; -373,,SNAP-DRGN merged ancient person; sources: www.viaf.org,alive,251,450,low,SNAP-DRGN person 673036 (http://data.snapdrgn.net/person/673036/); associated attestation dates: 0296/0373; narrowest range 0296/0373 (77y) -> 4th century CE expanded +/-50y; confidence low (century inferred from attestation window); source SNAP-DRGN data.snapdrgn.net retrieved 2026-10-04
snap:673037,person,Pionius Smyrnaeus -250,,SNAP-DRGN merged ancient person; sources: www.viaf.org,alive,-349,-150,medium,SNAP-DRGN person 673037 (http://data.snapdrgn.net/person/673037/); associated attestation dates: -0250; narrowest range -0250 (0y) -> 3rd century BCE expanded +/-50y; confidence medium (<=60y window; rough floruit); source SNAP-DRGN data.snapdrgn.net retrieved 2026-10-04
snap:673039,person,Claudianus,,SNAP-DRGN merged ancient person; sources: www.viaf.org,alive,-549,-350,medium,SNAP-DRGN person 673039 (http://data.snapdrgn.net/person/673039/); associated attestation dates: -0474; narrowest range -0474 (0y) -> 5th century BCE expanded +/-50y; confidence medium (<=60y window; rough floruit); source SNAP-DRGN data.snapdrgn.net retrieved 2026-10-04
snap:673040,person,Lucian; of Samosata,,SNAP-DRGN merged ancient person; sources: www.viaf.org,alive,51,250,low,SNAP-DRGN person 673040 (http://data.snapdrgn.net/person/673040/); associated attestation dates: 0125/0192; narrowest range 0125/0192 (67y) -> 2nd century CE expanded +/-50y; confidence low (century inferred from attestation window); source SNAP-DRGN data.snapdrgn.net retrieved 2026-10-04
snap:673041,person,לואי 778-840 מלך צרפת,,SNAP-DRGN merged ancient person; sources: www.viaf.org,alive,751,950,low,SNAP-DRGN person 673041 (http://data.snapdrgn.net/person/673041/); associated attestation dates: 0778/0840; narrowest range 0778/0840 (62y) -> 9th century CE expanded +/-50y; confidence low (century inferred from attestation window); source SNAP-DRGN data.snapdrgn.net retrieved 2026-10-04
snap:673042,person,Diadumenian,,SNAP-DRGN merged ancient person; sources: www.viaf.org,alive,151,350,medium,SNAP-DRGN person 673042 (http://data.snapdrgn.net/person/673042/); associated attestation dates: 0208/0218; narrowest range 0208/0218 (10y) -> 3rd century CE expanded +/-50y; confidence medium (<=60y window; rough floruit); source SNAP-DRGN data.snapdrgn.net retrieved 2026-10-04
snap:673044,person,Basilius Seleucensis -468,,SNAP-DRGN merged ancient person; sources: www.viaf.org,alive,-549,-350,medium,SNAP-DRGN person 673044 (http://data.snapdrgn.net/person/673044/); associated attestation dates: -0468; narrowest range -0468 (0y) -> 5th century BCE expanded +/-50y; confidence medium (<=60y window; rough floruit); source SNAP-DRGN data.snapdrgn.net retrieved 2026-10-04
snap:673045,person,Didymus; the Blind; approximately 313-approximately 398,,SNAP-DRGN merged ancient person; sources: www.viaf.org,alive,251,450,low,SNAP-DRGN person 673045 (http://data.snapdrgn.net/person/673045/); associated attestation dates: 0311/0398; narrowest range 0311/0398 (87y) -> 4th century CE expanded +/-50y; confidence low (century inferred from attestation window); source SNAP-DRGN data.snapdrgn.net retrieved 2026-10-04
snap:673049,person,Symeon Mesopotamius ca. 4. Jh.,,SNAP-DRGN merged ancient person; sources: www.viaf.org,alive,351,550,low,SNAP-DRGN person 673049 (http://data.snapdrgn.net/person/673049/); associated attestation dates: 0400/0500; narrowest range 0400/0500 (100y) -> 5th century CE expanded +/-50y; confidence low (century inferred from attestation window); source SNAP-DRGN data.snapdrgn.net retrieved 2026-10-04
snap:673051,person,Iulianus Märtyrer -260,,SNAP-DRGN merged ancient person; sources: www.viaf.org,alive,-349,-150,medium,SNAP-DRGN person 673051 (http://data.snapdrgn.net/person/673051/); associated attestation dates: -0260; narrowest range -0260 (0y) -> 3rd century BCE expanded +/-50y; confidence medium (<=60y window; rough floruit); source SNAP-DRGN data.snapdrgn.net retrieved 2026-10-04
snap:673052,person,Valentinian II. Römisches Reich; Kaiser 371-392,,SNAP-DRGN merged ancient person; sources: www.viaf.org,alive,251,450,medium,SNAP-DRGN person 673052 (http://data.snapdrgn.net/person/673052/); associated attestation dates: 0371/0392; narrowest range 0371/0392 (21y) -> 4th century CE expanded +/-50y; confidence medium (<=60y window; rough floruit); source SNAP-DRGN data.snapdrgn.net retrieved 2026-10-04
snap:673053,person,Synkletika ca. ca. 316-ca. 400,,SNAP-DRGN merged ancient person; sources: www.viaf.org,alive,251,450,low,SNAP-DRGN person 673053 (http://data.snapdrgn.net/person/673053/); associated attestation dates: 0316/0400; narrowest range 0316/0400 (84y) -> 4th century CE expanded +/-50y; confidence low (century inferred from attestation window); source SNAP-DRGN data.snapdrgn.net retrieved 2026-10-04
snap:673060,person,Paulin de Périgueux 0459?-0490?,,SNAP-DRGN merged ancient person; sources: www.viaf.org,alive,351,550,medium,SNAP-DRGN person 673060 (http://data.snapdrgn.net/person/673060/); associated attestation dates: 0459/0490; narrowest range 0459/0490 (31y) -> 5th century CE expanded +/-50y; confidence medium (<=60y window; rough floruit); source SNAP-DRGN data.snapdrgn.net retrieved 2026-10-04
snap:673061,person,Arcadius,,SNAP-DRGN merged ancient person; sources: www.viaf.org,alive,251,450,medium,SNAP-DRGN person 673061 (http://data.snapdrgn.net/person/673061/); associated attestation dates: 0377/0408; narrowest range 0377/0408 (31y) -> 4th century CE expanded +/-50y; confidence medium (<=60y window; rough floruit); source SNAP-DRGN data.snapdrgn.net retrieved 2026-10-04
snap:673064,person,Festus historicus; 03..-0379?,,SNAP-DRGN merged ancient person; sources: www.viaf.org,alive,-449,-250,medium,SNAP-DRGN person 673064 (http://data.snapdrgn.net/person/673064/); associated attestation dates: -0380; narrowest range -0380 (0y) -> 4th century BCE expanded +/-50y; confidence medium (<=60y window; rough floruit); source SNAP-DRGN data.snapdrgn.net retrieved 2026-10-04
snap:673067,person,Gregory; Saint; Bishop of Tours; 538-594,,SNAP-DRGN merged ancient person; sources: www.viaf.org,alive,451,650,medium,SNAP-DRGN person 673067 (http://data.snapdrgn.net/person/673067/); associated attestation dates: 0538/0594; narrowest range 0538/0594 (56y) -> 6th century CE expanded +/-50y; confidence medium (<=60y window; rough floruit); source SNAP-DRGN data.snapdrgn.net retrieved 2026-10-04
snap:673068,person,Themistius,,SNAP-DRGN merged ancient person; sources: www.viaf.org,alive,251,450,low,SNAP-DRGN person 673068 (http://data.snapdrgn.net/person/673068/); associated attestation dates: 0315/0390; narrowest range 0315/0390 (75y) -> 4th century CE expanded +/-50y; confidence low (century inferred from attestation window); source SNAP-DRGN data.snapdrgn.net retrieved 2026-10-04
snap:673069,person,Valentinus Gnosticus ca. 2. Jh.,,SNAP-DRGN merged ancient person; sources: www.viaf.org,alive,51,250,low,SNAP-DRGN person 673069 (http://data.snapdrgn.net/person/673069/); associated attestation dates: 0100/0200; narrowest range 0100/0200 (100y) -> 2nd century CE expanded +/-50y; confidence low (century inferred from attestation window); source SNAP-DRGN data.snapdrgn.net retrieved 2026-10-04
snap:673074,person,Thegan ca 800-ca 849,,SNAP-DRGN merged ancient person; sources: www.viaf.org,alive,-949,-750,medium,SNAP-DRGN person 673074 (http://data.snapdrgn.net/person/673074/); associated attestation dates: -0847; narrowest range -0847 (0y) -> 9th century BCE expanded +/-50y; confidence medium (<=60y window; rough floruit); source SNAP-DRGN data.snapdrgn.net retrieved 2026-10-04
snap:673076,person,Apuleius,,SNAP-DRGN merged ancient person; sources: www.viaf.org,alive,51,250,medium,SNAP-DRGN person 673076 (http://data.snapdrgn.net/person/673076/); associated attestation dates: 0120/0180; narrowest range 0120/0180 (60y) -> 2nd century CE expanded +/-50y; confidence medium (<=60y window; rough floruit); source SNAP-DRGN data.snapdrgn.net retrieved 2026-10-04
snap:673078,person,Acro; Helenius; 01..-02..,,SNAP-DRGN merged ancient person; sources: www.viaf.org,alive,51,250,low,SNAP-DRGN person 673078 (http://data.snapdrgn.net/person/673078/); associated attestation dates: 0100/0200; narrowest range 0100/0200 (100y) -> 2nd century CE expanded +/-50y; confidence low (century inferred from attestation window); source SNAP-DRGN data.snapdrgn.net retrieved 2026-10-04
snap:673081,person,Widukindus Corbeiensis 925-973,,SNAP-DRGN merged ancient person; sources: www.viaf.org,alive,851,1050,medium,SNAP-DRGN person 673081 (http://data.snapdrgn.net/person/673081/); associated attestation dates: 0925/0973; narrowest range 0925/0973 (48y) -> 10th century CE expanded +/-50y; confidence medium (<=60y window; rough floruit); source SNAP-DRGN data.snapdrgn.net retrieved 2026-10-04
snap:673083,person,Grimaldus; 0790?-0872,,SNAP-DRGN merged ancient person; sources: www.viaf.org,alive,751,950,low,SNAP-DRGN person 673083 (http://data.snapdrgn.net/person/673083/); associated attestation dates: 0790/0872; narrowest range 0790/0872 (82y) -> 9th century CE expanded +/-50y; confidence low (century inferred from attestation window); source SNAP-DRGN data.snapdrgn.net retrieved 2026-10-04
snap:673084,person,Dunstan,,SNAP-DRGN merged ancient person; sources: www.viaf.org,alive,851,1050,low,SNAP-DRGN person 673084 (http://data.snapdrgn.net/person/673084/); associated attestation dates: 0909/0988; narrowest range 0909/0988 (79y) -> 10th century CE expanded +/-50y; confidence low (century inferred from attestation window); source SNAP-DRGN data.snapdrgn.net retrieved 2026-10-04
snap:673085,person,Cölestin I. Papst -432,,SNAP-DRGN merged ancient person; sources: www.viaf.org,alive,-549,-350,medium,SNAP-DRGN person 673085 (http://data.snapdrgn.net/person/673085/); associated attestation dates: -0432; narrowest range -0432 (0y) -> 5th century BCE expanded +/-50y; confidence medium (<=60y window; rough floruit); source SNAP-DRGN data.snapdrgn.net retrieved 2026-10-04
snap:673086,person,Probus Römisches Reich; Kaiser 232-282,,SNAP-DRGN merged ancient person; sources: www.viaf.org,alive,151,350,medium,SNAP-DRGN person 673086 (http://data.snapdrgn.net/person/673086/); associated attestation dates: 0232/0282; narrowest range 0232/0282 (50y) -> 3rd century CE expanded +/-50y; confidence medium (<=60y window; rough floruit); source SNAP-DRGN data.snapdrgn.net retrieved 2026-10-04
snap:673089,person,Adso Dervensis; c. 910-992,,SNAP-DRGN merged ancient person; sources: www.viaf.org,alive,851,1050,low,SNAP-DRGN person 673089 (http://data.snapdrgn.net/person/673089/); associated attestation dates: 0910/0992; narrowest range 0910/0992 (82y) -> 10th century CE expanded +/-50y; confidence low (century inferred from attestation window); source SNAP-DRGN data.snapdrgn.net retrieved 2026-10-04
snap:673090,person,Rufus Domesticus ca. 3. Jh.,,SNAP-DRGN merged ancient person; sources: www.viaf.org,alive,251,450,low,SNAP-DRGN person 673090 (http://data.snapdrgn.net/person/673090/); associated attestation dates: 0300/0400; narrowest range 0300/0400 (100y) -> 4th century CE expanded +/-50y; confidence low (century inferred from attestation window); source SNAP-DRGN data.snapdrgn.net retrieved 2026-10-04
snap:673092,person,Hégémonius,,SNAP-DRGN merged ancient person; sources: www.viaf.org,alive,351,550,low,SNAP-DRGN person 673092 (http://data.snapdrgn.net/person/673092/); associated attestation dates: 0400/0500; narrowest range 0400/0500 (100y) -> 5th century CE expanded +/-50y; confidence low (century inferred from attestation window); source SNAP-DRGN data.snapdrgn.net retrieved 2026-10-04
snap:673095,person,Artemios Märtyrer; 362 -362,,SNAP-DRGN merged ancient person; sources: www.viaf.org,alive,-449,-250,medium,SNAP-DRGN person 673095 (http://data.snapdrgn.net/person/673095/); associated attestation dates: -0362; narrowest range -0362 (0y) -> 4th century BCE expanded +/-50y; confidence medium (<=60y window; rough floruit); source SNAP-DRGN data.snapdrgn.net retrieved 2026-10-04
snap:673096,person,Zeno Rhetor ca. 2. Jh.,,SNAP-DRGN merged ancient person; sources: www.viaf.org,alive,51,250,low,SNAP-DRGN person 673096 (http://data.snapdrgn.net/person/673096/); associated attestation dates: 0100/0200; narrowest range 0100/0200 (100y) -> 2nd century CE expanded +/-50y; confidence low (century inferred from attestation window); source SNAP-DRGN data.snapdrgn.net retrieved 2026-10-04
snap:673098,person,Pertinax; 0126-0193; empereur romain,,SNAP-DRGN merged ancient person; sources: www.viaf.org,alive,51,250,low,SNAP-DRGN person 673098 (http://data.snapdrgn.net/person/673098/); associated attestation dates: 0126/0193; narrowest range 0126/0193 (67y) -> 2nd century CE expanded +/-50y; confidence low (century inferred from attestation window); source SNAP-DRGN data.snapdrgn.net retrieved 2026-10-04
snap:673101,person,Beda; Venerabilis; 673-735,,SNAP-DRGN merged ancient person; sources: www.viaf.org,alive,651,850,low,SNAP-DRGN person 673101 (http://data.snapdrgn.net/person/673101/); associated attestation dates: 0673/0736; narrowest range 0673/0736 (63y) -> 8th century CE expanded +/-50y; confidence low (century inferred from attestation window); source SNAP-DRGN data.snapdrgn.net retrieved 2026-10-04
snap:673104,person,Theodotus -approximately 445 Bishop of Ancyra,,SNAP-DRGN merged ancient person; sources: www.viaf.org,alive,-549,-350,medium,SNAP-DRGN person 673104 (http://data.snapdrgn.net/person/673104/); associated attestation dates: -0445; narrowest range -0445 (0y) -> 5th century BCE expanded +/-50y; confidence medium (<=60y window; rough floruit); source SNAP-DRGN data.snapdrgn.net retrieved 2026-10-04
snap:673110,person,Thomas Patricius ca. 6. Jh.,,SNAP-DRGN merged ancient person; sources: www.viaf.org,alive,551,750,low,SNAP-DRGN person 673110 (http://data.snapdrgn.net/person/673110/); associated attestation dates: 0600/0700; narrowest range 0600/0700 (100y) -> 7th century CE expanded +/-50y; confidence low (century inferred from attestation window); source SNAP-DRGN data.snapdrgn.net retrieved 2026-10-04
snap:673117,person,Nicolaus Myrensis ca. 5. Jh.,,SNAP-DRGN merged ancient person; sources: www.viaf.org,alive,451,650,low,SNAP-DRGN person 673117 (http://data.snapdrgn.net/person/673117/); associated attestation dates: 0500/0600; narrowest range 0500/0600 (100y) -> 6th century CE expanded +/-50y; confidence low (century inferred from attestation window); source SNAP-DRGN data.snapdrgn.net retrieved 2026-10-04
snap:673118,person,Severus; van Antiochie͏̈; ca465-538,,SNAP-DRGN merged ancient person; sources: www.viaf.org,alive,451,650,low,SNAP-DRGN person 673118 (http://data.snapdrgn.net/person/673118/); associated attestation dates: 0465/0538; narrowest range 0465/0538 (73y) -> 6th century CE expanded +/-50y; confidence low (century inferred from attestation window); source SNAP-DRGN data.snapdrgn.net retrieved 2026-10-04
snap:673122,person,Pelagius Haereticus ca. 360-422,,SNAP-DRGN merged ancient person; sources: www.viaf.org,alive,251,450,low,SNAP-DRGN person 673122 (http://data.snapdrgn.net/person/673122/); associated attestation dates: 0360/0422; narrowest range 0360/0422 (62y) -> 4th century CE expanded +/-50y; confidence low (century inferred from attestation window); source SNAP-DRGN data.snapdrgn.net retrieved 2026-10-04
snap:673128,person,Honorius (emperor),,SNAP-DRGN merged ancient person; sources: www.viaf.org,alive,351,550,medium,SNAP-DRGN person 673128 (http://data.snapdrgn.net/person/673128/); associated attestation dates: 0384/0423; narrowest range 0384/0423 (39y) -> 5th century CE expanded +/-50y; confidence medium (<=60y window; rough floruit); source SNAP-DRGN data.snapdrgn.net retrieved 2026-10-04
snap:673132,person,Crispus 300-326,,SNAP-DRGN merged ancient person; sources: www.viaf.org,alive,251,450,medium,SNAP-DRGN person 673132 (http://data.snapdrgn.net/person/673132/); associated attestation dates: 0300/0326; narrowest range 0300/0326 (26y) -> 4th century CE expanded +/-50y; confidence medium (<=60y window; rough floruit); source SNAP-DRGN data.snapdrgn.net retrieved 2026-10-04
snap:673135,person,Aristides; Quintilianus,,SNAP-DRGN merged ancient person; sources: www.viaf.org,alive,251,450,low,SNAP-DRGN person 673135 (http://data.snapdrgn.net/person/673135/); associated attestation dates: 0300/0400; narrowest range 0300/0400 (100y) -> 4th century CE expanded +/-50y; confidence low (century inferred from attestation window); source SNAP-DRGN data.snapdrgn.net retrieved 2026-10-04
snap:673139,person,Balbinus Römisches Reich; Kaiser 178-238,,SNAP-DRGN merged ancient person; sources: www.viaf.org,alive,151,350,medium,SNAP-DRGN person 673139 (http://data.snapdrgn.net/person/673139/); associated attestation dates: 0178/0238; narrowest range 0178/0238 (60y) -> 3rd century CE expanded +/-50y; confidence medium (<=60y window; rough floruit); source SNAP-DRGN data.snapdrgn.net retrieved 2026-10-04
snap:673141,person,Georg Heiliger ca. 4. Jh.,,SNAP-DRGN merged ancient person; sources: www.viaf.org,alive,351,550,low,SNAP-DRGN person 673141 (http://data.snapdrgn.net/person/673141/); associated attestation dates: 0400/0500; narrowest range 0400/0500 (100y) -> 5th century CE expanded +/-50y; confidence low (century inferred from attestation window); source SNAP-DRGN data.snapdrgn.net retrieved 2026-10-04
snap:673142,person,Constantia Augusta 320-354,,SNAP-DRGN merged ancient person; sources: www.viaf.org,alive,251,450,medium,SNAP-DRGN person 673142 (http://data.snapdrgn.net/person/673142/); associated attestation dates: 0320/0354; narrowest range 0320/0354 (34y) -> 4th century CE expanded +/-50y; confidence medium (<=60y window; rough floruit); source SNAP-DRGN data.snapdrgn.net retrieved 2026-10-04
snap:673143,person,Domitianus; T. Flavius; 51-96,,SNAP-DRGN merged ancient person; sources: www.viaf.org,alive,-49,150,medium,SNAP-DRGN person 673143 (http://data.snapdrgn.net/person/673143/); associated attestation dates: 0051/0096; narrowest range 0051/0096 (45y) -> 1st century CE expanded +/-50y; confidence medium (<=60y window; rough floruit); source SNAP-DRGN data.snapdrgn.net retrieved 2026-10-04
snap:673144,person,Hadrianus Antiochenus ca. 5. Jh.,,SNAP-DRGN merged ancient person; sources: www.viaf.org,alive,451,650,low,SNAP-DRGN person 673144 (http://data.snapdrgn.net/person/673144/); associated attestation dates: 0500/0600; narrowest range 0500/0600 (100y) -> 6th century CE expanded +/-50y; confidence low (century inferred from attestation window); source SNAP-DRGN data.snapdrgn.net retrieved 2026-10-04
snap:673145,person,Baltherus,,SNAP-DRGN merged ancient person; sources: www.viaf.org,alive,-1049,-850,medium,SNAP-DRGN person 673145 (http://data.snapdrgn.net/person/673145/); associated attestation dates: -0987; narrowest range -0987 (0y) -> 10th century BCE expanded +/-50y; confidence medium (<=60y window; rough floruit); source SNAP-DRGN data.snapdrgn.net retrieved 2026-10-04
snap:673148,person,Arborius; Aemilius Magnus 0270?-0337?,,SNAP-DRGN merged ancient person; sources: www.viaf.org,alive,251,450,low,SNAP-DRGN person 673148 (http://data.snapdrgn.net/person/673148/); associated attestation dates: 0270/0337; narrowest range 0270/0337 (67y) -> 4th century CE expanded +/-50y; confidence low (century inferred from attestation window); source SNAP-DRGN data.snapdrgn.net retrieved 2026-10-04
snap:673151,person,Eusebius; Pamphili; ca. 260-338,,SNAP-DRGN merged ancient person; sources: www.viaf.org,alive,251,450,low,SNAP-DRGN person 673151 (http://data.snapdrgn.net/person/673151/); associated attestation dates: 0263/0340; narrowest range 0263/0340 (77y) -> 4th century CE expanded +/-50y; confidence low (century inferred from attestation window); source SNAP-DRGN data.snapdrgn.net retrieved 2026-10-04
snap:673152,person,Arius 0256?-0336,,SNAP-DRGN merged ancient person; sources: www.viaf.org,alive,151,350,low,SNAP-DRGN person 673152 (http://data.snapdrgn.net/person/673152/); associated attestation dates: 0256/0336; narrowest range 0256/0336 (80y) -> 3rd century CE expanded +/-50y; confidence low (century inferred from attestation window); source SNAP-DRGN data.snapdrgn.net retrieved 2026-10-04
snap:673153,person,Telesphorus Papst -138,,SNAP-DRGN merged ancient person; sources: www.viaf.org,alive,-249,-50,medium,SNAP-DRGN person 673153 (http://data.snapdrgn.net/person/673153/); associated attestation dates: -0138; narrowest range -0138 (0y) -> 2nd century BCE expanded +/-50y; confidence medium (<=60y window; rough floruit); source SNAP-DRGN data.snapdrgn.net retrieved 2026-10-04
snap:673154,person,Pontianus Papst ca. -235,,SNAP-DRGN merged ancient person; sources: www.viaf.org,alive,-349,-150,medium,SNAP-DRGN person 673154 (http://data.snapdrgn.net/person/673154/); associated attestation dates: -0235; narrowest range -0235 (0y) -> 3rd century BCE expanded +/-50y; confidence medium (<=60y window; rough floruit); source SNAP-DRGN data.snapdrgn.net retrieved 2026-10-04
snap:673155,person,Asterius von Aigea ca. -ca. 304,,SNAP-DRGN merged ancient person; sources: www.viaf.org,alive,-449,-250,medium,SNAP-DRGN person 673155 (http://data.snapdrgn.net/person/673155/); associated attestation dates: -0304; narrowest range -0304 (0y) -> 4th century BCE expanded +/-50y; confidence medium (<=60y window; rough floruit); source SNAP-DRGN data.snapdrgn.net retrieved 2026-10-04
snap:673156,person,Markus Papst -336,,SNAP-DRGN merged ancient person; sources: www.viaf.org,alive,-449,-250,medium,SNAP-DRGN person 673156 (http://data.snapdrgn.net/person/673156/); associated attestation dates: -0336; narrowest range -0336 (0y) -> 4th century BCE expanded +/-50y; confidence medium (<=60y window; rough floruit); source SNAP-DRGN data.snapdrgn.net retrieved 2026-10-04
snap:673157,person,Firmicus Maternus; Julius,,SNAP-DRGN merged ancient person; sources: www.viaf.org,alive,1451,1650,medium,SNAP-DRGN person 673157 (http://data.snapdrgn.net/person/673157/); associated attestation dates: 1488/1534; narrowest range 1488/1534 (46y) -> 16th century CE expanded +/-50y; confidence medium (<=60y window; rough floruit); source SNAP-DRGN data.snapdrgn.net retrieved 2026-10-04
snap:673158,person,Pelagius Haereticus,,SNAP-DRGN merged ancient person; sources: www.viaf.org,alive,251,450,low,SNAP-DRGN person 673158 (http://data.snapdrgn.net/person/673158/); associated attestation dates: 0360/0422; narrowest range 0360/0422 (62y) -> 4th century CE expanded +/-50y; confidence low (century inferred from attestation window); source SNAP-DRGN data.snapdrgn.net retrieved 2026-10-04
snap:673159,person,Euplius -304,,SNAP-DRGN merged ancient person; sources: www.viaf.org,alive,-449,-250,medium,SNAP-DRGN person 673159 (http://data.snapdrgn.net/person/673159/); associated attestation dates: -0304; narrowest range -0304 (0y) -> 4th century BCE expanded +/-50y; confidence medium (<=60y window; rough floruit); source SNAP-DRGN data.snapdrgn.net retrieved 2026-10-04
snap:673161,person,Acacius Caesariensis -366,,SNAP-DRGN merged ancient person; sources: www.viaf.org,alive,-449,-250,medium,SNAP-DRGN person 673161 (http://data.snapdrgn.net/person/673161/); associated attestation dates: -0366; narrowest range -0366 (0y) -> 4th century BCE expanded +/-50y; confidence medium (<=60y window; rough floruit); source SNAP-DRGN data.snapdrgn.net retrieved 2026-10-04
snap:673162,person,Titus; Flavius Vespasianus; ; 39/41-81,,SNAP-DRGN merged ancient person; sources: www.viaf.org,alive,-49,150,medium,SNAP-DRGN person 673162 (http://data.snapdrgn.net/person/673162/); associated attestation dates: 0039/0081; narrowest range 0039/0081 (42y) -> 1st century CE expanded +/-50y; confidence medium (<=60y window; rough floruit); source SNAP-DRGN data.snapdrgn.net retrieved 2026-10-04
snap:673164,person,Aeneas Gazaeus; 430-486,,SNAP-DRGN merged ancient person; sources: www.viaf.org,alive,351,550,medium,SNAP-DRGN person 673164 (http://data.snapdrgn.net/person/673164/); associated attestation dates: 0430/0486; narrowest range 0430/0486 (56y) -> 5th century CE expanded +/-50y; confidence medium (<=60y window; rough floruit); source SNAP-DRGN data.snapdrgn.net retrieved 2026-10-04
snap:673168,person,Achilles Tatius Astronomus ca. 3. Jh.,,SNAP-DRGN merged ancient person; sources: www.viaf.org,alive,251,450,low,SNAP-DRGN person 673168 (http://data.snapdrgn.net/person/673168/); associated attestation dates: 0300/0400; narrowest range 0300/0400 (100y) -> 4th century CE expanded +/-50y; confidence low (century inferred from attestation window); source SNAP-DRGN data.snapdrgn.net retrieved 2026-10-04
snap:673172,person,Wolfgang Heiliger 924-994,,SNAP-DRGN merged ancient person; sources: www.viaf.org,alive,851,1050,low,SNAP-DRGN person 673172 (http://data.snapdrgn.net/person/673172/); associated attestation dates: 0924/0994; narrowest range 0924/0994 (70y) -> 10th century CE expanded +/-50y; confidence low (century inferred from attestation window); source SNAP-DRGN data.snapdrgn.net retrieved 2026-10-04
snap:673174,person,Chionia von Thessalonike -304,,SNAP-DRGN merged ancient person; sources: www.viaf.org,alive,-449,-250,medium,SNAP-DRGN person 673174 (http://data.snapdrgn.net/person/673174/); associated attestation dates: -0304; narrowest range -0304 (0y) -> 4th century BCE expanded +/-50y; confidence medium (<=60y window; rough floruit); source SNAP-DRGN data.snapdrgn.net retrieved 2026-10-04
snap:673176,person,Stesichorus Iunior ca. 4. Jh.,,SNAP-DRGN merged ancient person; sources: www.viaf.org,alive,351,550,low,SNAP-DRGN person 673176 (http://data.snapdrgn.net/person/673176/); associated attestation dates: 0400/0500; narrowest range 0400/0500 (100y) -> 5th century CE expanded +/-50y; confidence low (century inferred from attestation window); source SNAP-DRGN data.snapdrgn.net retrieved 2026-10-04
snap:673182,person,Herodianus ca 170-ca 240,,SNAP-DRGN merged ancient person; sources: www.viaf.org,alive,151,350,low,SNAP-DRGN person 673182 (http://data.snapdrgn.net/person/673182/); associated attestation dates: 0165/0255; narrowest range 0165/0255 (90y) -> 3rd century CE expanded +/-50y; confidence low (century inferred from attestation window); source SNAP-DRGN data.snapdrgn.net retrieved 2026-10-04
snap:673183,person,Constantin II; empereur romain; 0316-0340,,SNAP-DRGN merged ancient person; sources: www.viaf.org,alive,251,450,medium,SNAP-DRGN person 673183 (http://data.snapdrgn.net/person/673183/); associated attestation dates: 0316/0340; narrowest range 0316/0340 (24y) -> 4th century CE expanded +/-50y; confidence medium (<=60y window; rough floruit); source SNAP-DRGN data.snapdrgn.net retrieved 2026-10-04
snap:673187,person,Celsus.,,SNAP-DRGN merged ancient person; sources: www.viaf.org,alive,51,250,low,SNAP-DRGN person 673187 (http://data.snapdrgn.net/person/673187/); associated attestation dates: 0100/0200; narrowest range 0100/0200 (100y) -> 2nd century CE expanded +/-50y; confidence low (century inferred from attestation window); source SNAP-DRGN data.snapdrgn.net retrieved 2026-10-04
snap:673189,person,Nonnosus fl.6. Jh,,SNAP-DRGN merged ancient person; sources: www.viaf.org,alive,551,750,low,SNAP-DRGN person 673189 (http://data.snapdrgn.net/person/673189/); associated attestation dates: 0600/0700; narrowest range 0600/0700 (100y) -> 7th century CE expanded +/-50y; confidence low (century inferred from attestation window); source SNAP-DRGN data.snapdrgn.net retrieved 2026-10-04
snap:673190,person,Oppien de Syrie; 02..-02..,,SNAP-DRGN merged ancient person; sources: www.viaf.org,alive,251,450,low,SNAP-DRGN person 673190 (http://data.snapdrgn.net/person/673190/); associated attestation dates: 0300/0400; narrowest range 0300/0400 (100y) -> 4th century CE expanded +/-50y; confidence low (century inferred from attestation window); source SNAP-DRGN data.snapdrgn.net retrieved 2026-10-04
snap:673195,person,Libanius; 314-393,,SNAP-DRGN merged ancient person; sources: www.viaf.org,alive,251,450,low,SNAP-DRGN person 673195 (http://data.snapdrgn.net/person/673195/); associated attestation dates: 0314/0393; narrowest range 0314/0393 (79y) -> 4th century CE expanded +/-50y; confidence low (century inferred from attestation window); source SNAP-DRGN data.snapdrgn.net retrieved 2026-10-04
snap:673196,person,Grégoire III pape 07..-0741,,SNAP-DRGN merged ancient person; sources: www.viaf.org,alive,-849,-650,medium,SNAP-DRGN person 673196 (http://data.snapdrgn.net/person/673196/); associated attestation dates: -0741; narrowest range -0741 (0y) -> 8th century BCE expanded +/-50y; confidence medium (<=60y window; rough floruit); source SNAP-DRGN data.snapdrgn.net retrieved 2026-10-04
snap:673199,person,Victoricus Märtyrer -260,,SNAP-DRGN merged ancient person; sources: www.viaf.org,alive,-349,-150,medium,SNAP-DRGN person 673199 (http://data.snapdrgn.net/person/673199/); associated attestation dates: -0260; narrowest range -0260 (0y) -> 3rd century BCE expanded +/-50y; confidence medium (<=60y window; rough floruit); source SNAP-DRGN data.snapdrgn.net retrieved 2026-10-04
snap:673201,person,Marcel d&#39;Ancyre 0280?-0374?,,SNAP-DRGN merged ancient person; sources: www.viaf.org,alive,251,450,low,SNAP-DRGN person 673201 (http://data.snapdrgn.net/person/673201/); associated attestation dates: 0280/0374; narrowest range 0280/0374 (94y) -> 4th century CE expanded +/-50y; confidence low (century inferred from attestation window); source SNAP-DRGN data.snapdrgn.net retrieved 2026-10-04
snap:673203,person,Clodius Macer; Lucius -68,,SNAP-DRGN merged ancient person; sources: www.viaf.org,alive,-149,50,medium,SNAP-DRGN person 673203 (http://data.snapdrgn.net/person/673203/); associated attestation dates: -0068; narrowest range -0068 (0y) -> 1st century BCE expanded +/-50y; confidence medium (<=60y window; rough floruit); source SNAP-DRGN data.snapdrgn.net retrieved 2026-10-04
snap:673206,person,Salomon Constantiensis; 0860-0920,,SNAP-DRGN merged ancient person; sources: www.viaf.org,alive,751,950,medium,SNAP-DRGN person 673206 (http://data.snapdrgn.net/person/673206/); associated attestation dates: 0860/0920; narrowest range 0860/0920 (60y) -> 9th century CE expanded +/-50y; confidence medium (<=60y window; rough floruit); source SNAP-DRGN data.snapdrgn.net retrieved 2026-10-04
snap:673208,person,Hieronymus; Sophronius Eusebius; ca. 349-420,,SNAP-DRGN merged ancient person; sources: www.viaf.org,alive,251,450,low,SNAP-DRGN person 673208 (http://data.snapdrgn.net/person/673208/); associated attestation dates: 0343/0420; narrowest range 0343/0420 (77y) -> 4th century CE expanded +/-50y; confidence low (century inferred from attestation window); source SNAP-DRGN data.snapdrgn.net retrieved 2026-10-04
snap:673210,person,Vigile de Trente 0364?-0405,,SNAP-DRGN merged ancient person; sources: www.viaf.org,alive,251,450,medium,SNAP-DRGN person 673210 (http://data.snapdrgn.net/person/673210/); associated attestation dates: 0364/0405; narrowest range 0364/0405 (41y) -> 4th century CE expanded +/-50y; confidence medium (<=60y window; rough floruit); source SNAP-DRGN data.snapdrgn.net retrieved 2026-10-04
snap:673211,person,Godescalc d&#39;Orbais 0807?-0867?,,SNAP-DRGN merged ancient person; sources: www.viaf.org,alive,751,950,medium,SNAP-DRGN person 673211 (http://data.snapdrgn.net/person/673211/); associated attestation dates: 0807/0867; narrowest range 0807/0867 (60y) -> 9th century CE expanded +/-50y; confidence medium (<=60y window; rough floruit); source SNAP-DRGN data.snapdrgn.net retrieved 2026-10-04
snap:673212,person,Philostorgius,,SNAP-DRGN merged ancient person; sources: www.viaf.org,alive,251,450,low,SNAP-DRGN person 673212 (http://data.snapdrgn.net/person/673212/); associated attestation dates: 0368/0433; narrowest range 0368/0433 (65y) -> 4th century CE expanded +/-50y; confidence low (century inferred from attestation window); source SNAP-DRGN data.snapdrgn.net retrieved 2026-10-04
snap:673213,person,Nennius; f. 796,,SNAP-DRGN merged ancient person; sources: www.viaf.org,alive,851,1050,low,SNAP-DRGN person 673213 (http://data.snapdrgn.net/person/673213/); associated attestation dates: 0900/1000; narrowest range 0900/1000 (100y) -> 10th century CE expanded +/-50y; confidence low (century inferred from attestation window); source SNAP-DRGN data.snapdrgn.net retrieved 2026-10-04
snap:673215,person,Rufinus; of Aquileia; 345-410,,SNAP-DRGN merged ancient person; sources: www.viaf.org,alive,251,450,low,SNAP-DRGN person 673215 (http://data.snapdrgn.net/person/673215/); associated attestation dates: 0345/0410; narrowest range 0345/0410 (65y) -> 4th century CE expanded +/-50y; confidence low (century inferred from attestation window); source SNAP-DRGN data.snapdrgn.net retrieved 2026-10-04
snap:673216,person,Anastasius Sinaita 610-701,,SNAP-DRGN merged ancient person; sources: www.viaf.org,alive,551,750,low,SNAP-DRGN person 673216 (http://data.snapdrgn.net/person/673216/); associated attestation dates: 0610/0701; narrowest range 0610/0701 (91y) -> 7th century CE expanded +/-50y; confidence low (century inferred from attestation window); source SNAP-DRGN data.snapdrgn.net retrieved 2026-10-04
snap:673217,person,Cato Africanus 5. Jh. n. Chr,,SNAP-DRGN merged ancient person; sources: www.viaf.org,alive,451,650,low,SNAP-DRGN person 673217 (http://data.snapdrgn.net/person/673217/); associated attestation dates: 0500/0600; narrowest range 0500/0600 (100y) -> 6th century CE expanded +/-50y; confidence low (century inferred from attestation window); source SNAP-DRGN data.snapdrgn.net retrieved 2026-10-04
snap:673219,person,Ticonius 0330?-0390?,,SNAP-DRGN merged ancient person; sources: www.viaf.org,alive,251,450,medium,SNAP-DRGN person 673219 (http://data.snapdrgn.net/person/673219/); associated attestation dates: 0330/0390; narrowest range 0330/0390 (60y) -> 4th century CE expanded +/-50y; confidence medium (<=60y window; rough floruit); source SNAP-DRGN data.snapdrgn.net retrieved 2026-10-04
snap:673220,person,Frontinus; Sextus Julius,,SNAP-DRGN merged ancient person; sources: www.viaf.org,alive,-49,150,low,SNAP-DRGN person 673220 (http://data.snapdrgn.net/person/673220/); associated attestation dates: 0030/0103; narrowest range 0030/0103 (73y) -> 1st century CE expanded +/-50y; confidence low (century inferred from attestation window); source SNAP-DRGN data.snapdrgn.net retrieved 2026-10-04
snap:673221,person,Tyconius Afer -390,,SNAP-DRGN merged ancient person; sources: www.viaf.org,alive,-449,-250,medium,SNAP-DRGN person 673221 (http://data.snapdrgn.net/person/673221/); associated attestation dates: -0390; narrowest range -0390 (0y) -> 4th century BCE expanded +/-50y; confidence medium (<=60y window; rough floruit); source SNAP-DRGN data.snapdrgn.net retrieved 2026-10-04
snap:673224,person,Remigius 436-533 Remensis,,SNAP-DRGN merged ancient person; sources: www.viaf.org,alive,351,550,low,SNAP-DRGN person 673224 (http://data.snapdrgn.net/person/673224/); associated attestation dates: 0437/0533; narrowest range 0437/0533 (96y) -> 5th century CE expanded +/-50y; confidence low (century inferred from attestation window); source SNAP-DRGN data.snapdrgn.net retrieved 2026-10-04
snap:673228,person,Herodianus; Aelius ca. 2. Jh.,,SNAP-DRGN merged ancient person; sources: www.viaf.org,alive,51,250,low,SNAP-DRGN person 673228 (http://data.snapdrgn.net/person/673228/); associated attestation dates: 0100/0200; narrowest range 0100/0200 (100y) -> 2nd century CE expanded +/-50y; confidence low (century inferred from attestation window); source SNAP-DRGN data.snapdrgn.net retrieved 2026-10-04
snap:673233,person,Rarus Epigrammaticus 5. Jh. n. Chr,,SNAP-DRGN merged ancient person; sources: www.viaf.org,alive,451,650,low,SNAP-DRGN person 673233 (http://data.snapdrgn.net/person/673233/); associated attestation dates: 0500/0600; narrowest range 0500/0600 (100y) -> 6th century CE expanded +/-50y; confidence low (century inferred from attestation window); source SNAP-DRGN data.snapdrgn.net retrieved 2026-10-04
snap:673236,person,Tiberianus ca. 4.Jh.,,SNAP-DRGN merged ancient person; sources: www.viaf.org,alive,351,550,low,SNAP-DRGN person 673236 (http://data.snapdrgn.net/person/673236/); associated attestation dates: 0400/0500; narrowest range 0400/0500 (100y) -> 5th century CE expanded +/-50y; confidence low (century inferred from attestation window); source SNAP-DRGN data.snapdrgn.net retrieved 2026-10-04
snap:673238,person,Candidus Arianus 0350?-0372?,,SNAP-DRGN merged ancient person; sources: www.viaf.org,alive,251,450,medium,SNAP-DRGN person 673238 (http://data.snapdrgn.net/person/673238/); associated attestation dates: 0350/0372; narrowest range 0350/0372 (22y) -> 4th century CE expanded +/-50y; confidence medium (<=60y window; rough floruit); source SNAP-DRGN data.snapdrgn.net retrieved 2026-10-04
snap:673244,person,Stephan I. Papst -257,,SNAP-DRGN merged ancient person; sources: www.viaf.org,alive,-349,-150,medium,SNAP-DRGN person 673244 (http://data.snapdrgn.net/person/673244/); associated attestation dates: -0257; narrowest range -0257 (0y) -> 3rd century BCE expanded +/-50y; confidence medium (<=60y window; rough floruit); source SNAP-DRGN data.snapdrgn.net retrieved 2026-10-04
snap:673245,person,Spurinna; Vestritius,,SNAP-DRGN merged ancient person; sources: www.viaf.org,alive,-49,150,low,SNAP-DRGN person 673245 (http://data.snapdrgn.net/person/673245/); associated attestation dates: 0000/0100; narrowest range 0000/0100 (100y) -> 1st century CE expanded +/-50y; confidence low (century inferred from attestation window); source SNAP-DRGN data.snapdrgn.net retrieved 2026-10-04
snap:673247,person,Alexandros Abt ca. ca. 355-ca. 420,,SNAP-DRGN merged ancient person; sources: www.viaf.org,alive,251,450,low,SNAP-DRGN person 673247 (http://data.snapdrgn.net/person/673247/); associated attestation dates: 0355/0420; narrowest range 0355/0420 (65y) -> 4th century CE expanded +/-50y; confidence low (century inferred from attestation window); source SNAP-DRGN data.snapdrgn.net retrieved 2026-10-04
snap:673248,person,Sidonius Apollinaris; C. Sollius Modestus; ca430-ca490,,SNAP-DRGN merged ancient person; sources: www.viaf.org,alive,351,550,medium,SNAP-DRGN person 673248 (http://data.snapdrgn.net/person/673248/); associated attestation dates: 0431/0487; narrowest range 0431/0487 (56y) -> 5th century CE expanded +/-50y; confidence medium (<=60y window; rough floruit); source SNAP-DRGN data.snapdrgn.net retrieved 2026-10-04
snap:673250,person,Philostrate l&#39;Athénien; 0175?-0246?,,SNAP-DRGN merged ancient person; sources: www.viaf.org,alive,151,350,low,SNAP-DRGN person 673250 (http://data.snapdrgn.net/person/673250/); associated attestation dates: 0175/0246; narrowest range 0175/0246 (71y) -> 3rd century CE expanded +/-50y; confidence low (century inferred from attestation window); source SNAP-DRGN data.snapdrgn.net retrieved 2026-10-04
snap:673253,person,Merobaudes; Flavius.,,SNAP-DRGN merged ancient person; sources: www.viaf.org,alive,-549,-350,medium,SNAP-DRGN person 673253 (http://data.snapdrgn.net/person/673253/); associated attestation dates: -0426; narrowest range -0426 (0y) -> 5th century BCE expanded +/-50y; confidence medium (<=60y window; rough floruit); source SNAP-DRGN data.snapdrgn.net retrieved 2026-10-04
snap:673256,person,Dio; Chrysostom,,SNAP-DRGN merged ancient person; sources: www.viaf.org,alive,-49,150,low,SNAP-DRGN person 673256 (http://data.snapdrgn.net/person/673256/); associated attestation dates: 0040/0120; narrowest range 0040/0120 (80y) -> 1st century CE expanded +/-50y; confidence low (century inferred from attestation window); source SNAP-DRGN data.snapdrgn.net retrieved 2026-10-04
snap:673258,person,Meletius Antiochenus -381,,SNAP-DRGN merged ancient person; sources: www.viaf.org,alive,-449,-250,medium,SNAP-DRGN person 673258 (http://data.snapdrgn.net/person/673258/); associated attestation dates: -0381; narrowest range -0381 (0y) -> 4th century BCE expanded +/-50y; confidence medium (<=60y window; rough floruit); source SNAP-DRGN data.snapdrgn.net retrieved 2026-10-04
snap:673263,person,Ptolémée; Claude 0100?-0170?,,SNAP-DRGN merged ancient person; sources: www.viaf.org,alive,51,250,low,SNAP-DRGN person 673263 (http://data.snapdrgn.net/person/673263/); associated attestation dates: 0100/0170; narrowest range 0100/0170 (70y) -> 2nd century CE expanded +/-50y; confidence low (century inferred from attestation window); source SNAP-DRGN data.snapdrgn.net retrieved 2026-10-04
snap:673265,person,Antonino Pio 86-161 Imperador de Roma,,SNAP-DRGN merged ancient person; sources: www.viaf.org,alive,51,250,low,SNAP-DRGN person 673265 (http://data.snapdrgn.net/person/673265/); associated attestation dates: 0086/0161; narrowest range 0086/0161 (75y) -> 2nd century CE expanded +/-50y; confidence low (century inferred from attestation window); source SNAP-DRGN data.snapdrgn.net retrieved 2026-10-04
snap:673267,person,Apollonios Stratege ca. 2.Jh.,,SNAP-DRGN merged ancient person; sources: www.viaf.org,alive,51,250,low,SNAP-DRGN person 673267 (http://data.snapdrgn.net/person/673267/); associated attestation dates: 0100/0200; narrowest range 0100/0200 (100y) -> 2nd century CE expanded +/-50y; confidence low (century inferred from attestation window); source SNAP-DRGN data.snapdrgn.net retrieved 2026-10-04
snap:673271,person,Plinius Secundus Iunior ca. 4. Jh.,,SNAP-DRGN merged ancient person; sources: www.viaf.org,alive,351,550,low,SNAP-DRGN person 673271 (http://data.snapdrgn.net/person/673271/); associated attestation dates: 0400/0500; narrowest range 0400/0500 (100y) -> 5th century CE expanded +/-50y; confidence low (century inferred from attestation window); source SNAP-DRGN data.snapdrgn.net retrieved 2026-10-04
snap:673272,person,Simocatta; Theophylactus; f. 610-640,,SNAP-DRGN merged ancient person; sources: www.viaf.org,alive,551,750,low,SNAP-DRGN person 673272 (http://data.snapdrgn.net/person/673272/); associated attestation dates: 0570/0640; narrowest range 0570/0640 (70y) -> 7th century CE expanded +/-50y; confidence low (century inferred from attestation window); source SNAP-DRGN data.snapdrgn.net retrieved 2026-10-04
snap:673273,person,Cassius Dio Cocceianus,,SNAP-DRGN merged ancient person; sources: www.viaf.org,alive,51,250,low,SNAP-DRGN person 673273 (http://data.snapdrgn.net/person/673273/); associated attestation dates: 0163/0235; narrowest range 0163/0235 (72y) -> 2nd century CE expanded +/-50y; confidence low (century inferred from attestation window); source SNAP-DRGN data.snapdrgn.net retrieved 2026-10-04
snap:673277,person,Polyaenus,,SNAP-DRGN merged ancient person; sources: www.viaf.org,alive,51,250,low,SNAP-DRGN person 673277 (http://data.snapdrgn.net/person/673277/); associated attestation dates: 0100/0200; narrowest range 0100/0200 (100y) -> 2nd century CE expanded +/-50y; confidence low (century inferred from attestation window); source SNAP-DRGN data.snapdrgn.net retrieved 2026-10-04
snap:673278,person,Dracontius; Blossius Aemilius ca. Ende 5. Jh.,,SNAP-DRGN merged ancient person; sources: www.viaf.org,alive,351,550,medium,SNAP-DRGN person 673278 (http://data.snapdrgn.net/person/673278/); associated attestation dates: 0450/0500; narrowest range 0450/0500 (50y) -> 5th century CE expanded +/-50y; confidence medium (<=60y window; rough floruit); source SNAP-DRGN data.snapdrgn.net retrieved 2026-10-04
snap:673279,person,Modestinus; Herennius,,SNAP-DRGN merged ancient person; sources: www.viaf.org,alive,251,450,low,SNAP-DRGN person 673279 (http://data.snapdrgn.net/person/673279/); associated attestation dates: 0300/0400; narrowest range 0300/0400 (100y) -> 4th century CE expanded +/-50y; confidence low (century inferred from attestation window); source SNAP-DRGN data.snapdrgn.net retrieved 2026-10-04
snap:673280,person,Helena Römisches Reich; Kaiserin 237-325,,SNAP-DRGN merged ancient person; sources: www.viaf.org,alive,151,350,low,SNAP-DRGN person 673280 (http://data.snapdrgn.net/person/673280/); associated attestation dates: 0237/0325; narrowest range 0237/0325 (88y) -> 3rd century CE expanded +/-50y; confidence low (century inferred from attestation window); source SNAP-DRGN data.snapdrgn.net retrieved 2026-10-04
snap:673281,person,Gellius; Aulus,,SNAP-DRGN merged ancient person; sources: www.viaf.org,alive,51,250,medium,SNAP-DRGN person 673281 (http://data.snapdrgn.net/person/673281/); associated attestation dates: 0130/0175; narrowest range 0130/0175 (45y) -> 2nd century CE expanded +/-50y; confidence medium (<=60y window; rough floruit); source SNAP-DRGN data.snapdrgn.net retrieved 2026-10-04
snap:673284,person,Hilary; Saint; Archbishop of Arles; 401-449,,SNAP-DRGN merged ancient person; sources: www.viaf.org,alive,351,550,medium,SNAP-DRGN person 673284 (http://data.snapdrgn.net/person/673284/); associated attestation dates: 0401/0449; narrowest range 0401/0449 (48y) -> 5th century CE expanded +/-50y; confidence medium (<=60y window; rough floruit); source SNAP-DRGN data.snapdrgn.net retrieved 2026-10-04
snap:673289,person,Épaphrodite 002.?-009.?,,SNAP-DRGN merged ancient person; sources: www.viaf.org,alive,-49,150,low,SNAP-DRGN person 673289 (http://data.snapdrgn.net/person/673289/); associated attestation dates: 0000/0100; narrowest range 0000/0100 (100y) -> 1st century CE expanded +/-50y; confidence low (century inferred from attestation window); source SNAP-DRGN data.snapdrgn.net retrieved 2026-10-04
snap:673290,person,Hilarion; Saint; approximately 291-approximately 371,,SNAP-DRGN merged ancient person; sources: www.viaf.org,alive,251,450,low,SNAP-DRGN person 673290 (http://data.snapdrgn.net/person/673290/); associated attestation dates: 0291/0371; narrowest range 0291/0371 (80y) -> 4th century CE expanded +/-50y; confidence low (century inferred from attestation window); source SNAP-DRGN data.snapdrgn.net retrieved 2026-10-04
snap:673291,person,Hephaestion,,SNAP-DRGN merged ancient person; sources: www.viaf.org,alive,51,250,low,SNAP-DRGN person 673291 (http://data.snapdrgn.net/person/673291/); associated attestation dates: 0100/0200; narrowest range 0100/0200 (100y) -> 2nd century CE expanded +/-50y; confidence low (century inferred from attestation window); source SNAP-DRGN data.snapdrgn.net retrieved 2026-10-04
snap:673294,person,Synesius; Cyrenensis; ca370-ca413,,SNAP-DRGN merged ancient person; sources: www.viaf.org,alive,251,450,medium,SNAP-DRGN person 673294 (http://data.snapdrgn.net/person/673294/); associated attestation dates: 0370/0413; narrowest range 0370/0413 (43y) -> 4th century CE expanded +/-50y; confidence medium (<=60y window; rough floruit); source SNAP-DRGN data.snapdrgn.net retrieved 2026-10-04
snap:673296,person,Geta Römisches Reich; Kaiser 189-212,,SNAP-DRGN merged ancient person; sources: www.viaf.org,alive,51,250,medium,SNAP-DRGN person 673296 (http://data.snapdrgn.net/person/673296/); associated attestation dates: 0189/0212; narrowest range 0189/0212 (23y) -> 2nd century CE expanded +/-50y; confidence medium (<=60y window; rough floruit); source SNAP-DRGN data.snapdrgn.net retrieved 2026-10-04
snap:673297,person,Sophronius; patriarch van Jeruzalem; -638,,SNAP-DRGN merged ancient person; sources: www.viaf.org,alive,451,650,low,SNAP-DRGN person 673297 (http://data.snapdrgn.net/person/673297/); associated attestation dates: 0560/0638; narrowest range 0560/0638 (78y) -> 6th century CE expanded +/-50y; confidence low (century inferred from attestation window); source SNAP-DRGN data.snapdrgn.net retrieved 2026-10-04
snap:673298,person,Valentinian 419-455 Emperor of Rome III,,SNAP-DRGN merged ancient person; sources: www.viaf.org,alive,351,550,medium,SNAP-DRGN person 673298 (http://data.snapdrgn.net/person/673298/); associated attestation dates: 0419/0455; narrowest range 0419/0455 (36y) -> 5th century CE expanded +/-50y; confidence medium (<=60y window; rough floruit); source SNAP-DRGN data.snapdrgn.net retrieved 2026-10-04
snap:673302,person,Demetrios Märtyrer ca. -Anfang 4. Jh.,,SNAP-DRGN merged ancient person; sources: www.viaf.org,alive,251,450,medium,SNAP-DRGN person 673302 (http://data.snapdrgn.net/person/673302/); associated attestation dates: 0300/0325; narrowest range 0300/0325 (25y) -> 4th century CE expanded +/-50y; confidence medium (<=60y window; rough floruit); source SNAP-DRGN data.snapdrgn.net retrieved 2026-10-04
snap:673303,person,Marcellus; Ulpius ca. 2. Jh.,,SNAP-DRGN merged ancient person; sources: www.viaf.org,alive,51,250,low,SNAP-DRGN person 673303 (http://data.snapdrgn.net/person/673303/); associated attestation dates: 0100/0200; narrowest range 0100/0200 (100y) -> 2nd century CE expanded +/-50y; confidence low (century inferred from attestation window); source SNAP-DRGN data.snapdrgn.net retrieved 2026-10-04
snap:673304,person,Isidoros von Alexandria; Mönch ca. ca. 316-404,,SNAP-DRGN merged ancient person; sources: www.viaf.org,alive,251,450,low,SNAP-DRGN person 673304 (http://data.snapdrgn.net/person/673304/); associated attestation dates: 0316/0404; narrowest range 0316/0404 (88y) -> 4th century CE expanded +/-50y; confidence low (century inferred from attestation window); source SNAP-DRGN data.snapdrgn.net retrieved 2026-10-04
snap:673305,person,Ammonius Alexandrinus Hermias 0435?-0517?,,SNAP-DRGN merged ancient person; sources: www.viaf.org,alive,351,550,low,SNAP-DRGN person 673305 (http://data.snapdrgn.net/person/673305/); associated attestation dates: 0435/0517; narrowest range 0435/0517 (82y) -> 5th century CE expanded +/-50y; confidence low (century inferred from attestation window); source SNAP-DRGN data.snapdrgn.net retrieved 2026-10-04
snap:673306,person,Pline l&#39;Ancien; 0023-0079,,SNAP-DRGN merged ancient person; sources: www.viaf.org,alive,-49,150,medium,SNAP-DRGN person 673306 (http://data.snapdrgn.net/person/673306/); associated attestation dates: 0023/0079; narrowest range 0023/0079 (56y) -> 1st century CE expanded +/-50y; confidence medium (<=60y window; rough floruit); source SNAP-DRGN data.snapdrgn.net retrieved 2026-10-04
snap:673307,person,Cosmas; Indicopleustes,,SNAP-DRGN merged ancient person; sources: www.viaf.org,alive,551,750,low,SNAP-DRGN person 673307 (http://data.snapdrgn.net/person/673307/); associated attestation dates: 0600/0700; narrowest range 0600/0700 (100y) -> 7th century CE expanded +/-50y; confidence low (century inferred from attestation window); source SNAP-DRGN data.snapdrgn.net retrieved 2026-10-04
snap:673308,person,Arsène saint 0350?-0445?,,SNAP-DRGN merged ancient person; sources: www.viaf.org,alive,251,450,low,SNAP-DRGN person 673308 (http://data.snapdrgn.net/person/673308/); associated attestation dates: 0350/0445; narrowest range 0350/0445 (95y) -> 4th century CE expanded +/-50y; confidence low (century inferred from attestation window); source SNAP-DRGN data.snapdrgn.net retrieved 2026-10-04
snap:673315,person,Bion Proconnesius 3. Jh. n. Chr,,SNAP-DRGN merged ancient person; sources: www.viaf.org,alive,251,450,low,SNAP-DRGN person 673315 (http://data.snapdrgn.net/person/673315/); associated attestation dates: 0300/0400; narrowest range 0300/0400 (100y) -> 4th century CE expanded +/-50y; confidence low (century inferred from attestation window); source SNAP-DRGN data.snapdrgn.net retrieved 2026-10-04
snap:673318,person,Augustinus; Aurelius; 354-430,,SNAP-DRGN merged ancient person; sources: www.viaf.org,alive,251,450,low,SNAP-DRGN person 673318 (http://data.snapdrgn.net/person/673318/); associated attestation dates: 0354/0430; narrowest range 0354/0430 (76y) -> 4th century CE expanded +/-50y; confidence low (century inferred from attestation window); source SNAP-DRGN data.snapdrgn.net retrieved 2026-10-04
snap:673320,person,Cyrillus; Hierosolymitanus; ca313-ca387,,SNAP-DRGN merged ancient person; sources: www.viaf.org,alive,251,450,low,SNAP-DRGN person 673320 (http://data.snapdrgn.net/person/673320/); associated attestation dates: 0315/0386; narrowest range 0315/0386 (71y) -> 4th century CE expanded +/-50y; confidence low (century inferred from attestation window); source SNAP-DRGN data.snapdrgn.net retrieved 2026-10-04
snap:673321,person,Paulinus von Lucca -54,,SNAP-DRGN merged ancient person; sources: www.viaf.org,alive,-149,50,medium,SNAP-DRGN person 673321 (http://data.snapdrgn.net/person/673321/); associated attestation dates: -0054; narrowest range -0054 (0y) -> 1st century BCE expanded +/-50y; confidence medium (<=60y window; rough floruit); source SNAP-DRGN data.snapdrgn.net retrieved 2026-10-04
snap:673324,person,Eleutherus Papst -189,,SNAP-DRGN merged ancient person; sources: www.viaf.org,alive,-249,-50,medium,SNAP-DRGN person 673324 (http://data.snapdrgn.net/person/673324/); associated attestation dates: -0189; narrowest range -0189 (0y) -> 2nd century BCE expanded +/-50y; confidence medium (<=60y window; rough floruit); source SNAP-DRGN data.snapdrgn.net retrieved 2026-10-04
snap:673326,person,Marcellinus Papst -304,,SNAP-DRGN merged ancient person; sources: www.viaf.org,alive,-449,-250,medium,SNAP-DRGN person 673326 (http://data.snapdrgn.net/person/673326/); associated attestation dates: -0304; narrowest range -0304 (0y) -> 4th century BCE expanded +/-50y; confidence medium (<=60y window; rough floruit); source SNAP-DRGN data.snapdrgn.net retrieved 2026-10-04
snap:673327,person,Nithard; 0800?-0844,,SNAP-DRGN merged ancient person; sources: www.viaf.org,alive,751,950,medium,SNAP-DRGN person 673327 (http://data.snapdrgn.net/person/673327/); associated attestation dates: 0800/0844; narrowest range 0800/0844 (44y) -> 9th century CE expanded +/-50y; confidence medium (<=60y window; rough floruit); source SNAP-DRGN data.snapdrgn.net retrieved 2026-10-04
snap:673328,person,Iamblichus ca. 2. Jh Syrus,,SNAP-DRGN merged ancient person; sources: www.viaf.org,alive,51,250,low,SNAP-DRGN person 673328 (http://data.snapdrgn.net/person/673328/); associated attestation dates: 0100/0200; narrowest range 0100/0200 (100y) -> 2nd century CE expanded +/-50y; confidence low (century inferred from attestation window); source SNAP-DRGN data.snapdrgn.net retrieved 2026-10-04
snap:673329,person,Cassius Longinus; Gaius Iurisconsultus ca. -69,,SNAP-DRGN merged ancient person; sources: www.viaf.org,alive,-149,50,medium,SNAP-DRGN person 673329 (http://data.snapdrgn.net/person/673329/); associated attestation dates: -0069; narrowest range -0069 (0y) -> 1st century BCE expanded +/-50y; confidence medium (<=60y window; rough floruit); source SNAP-DRGN data.snapdrgn.net retrieved 2026-10-04
snap:673330,person,Demonax Tragicus 5. Jh. n. Chr,,SNAP-DRGN merged ancient person; sources: www.viaf.org,alive,451,650,low,SNAP-DRGN person 673330 (http://data.snapdrgn.net/person/673330/); associated attestation dates: 0500/0600; narrowest range 0500/0600 (100y) -> 6th century CE expanded +/-50y; confidence low (century inferred from attestation window); source SNAP-DRGN data.snapdrgn.net retrieved 2026-10-04
snap:673332,person,Einhard; ca. 770-840,,SNAP-DRGN merged ancient person; sources: www.viaf.org,alive,751,950,low,SNAP-DRGN person 673332 (http://data.snapdrgn.net/person/673332/); associated attestation dates: 0770/0840; narrowest range 0770/0840 (70y) -> 9th century CE expanded +/-50y; confidence low (century inferred from attestation window); source SNAP-DRGN data.snapdrgn.net retrieved 2026-10-04
snap:673333,person,Stobaeus,,SNAP-DRGN merged ancient person; sources: www.viaf.org,alive,451,650,low,SNAP-DRGN person 673333 (http://data.snapdrgn.net/person/673333/); associated attestation dates: 0500/0600; narrowest range 0500/0600 (100y) -> 6th century CE expanded +/-50y; confidence low (century inferred from attestation window); source SNAP-DRGN data.snapdrgn.net retrieved 2026-10-04
snap:673334,person,Miltiades Papst -314,,SNAP-DRGN merged ancient person; sources: www.viaf.org,alive,-449,-250,medium,SNAP-DRGN person 673334 (http://data.snapdrgn.net/person/673334/); associated attestation dates: -0314; narrowest range -0314 (0y) -> 4th century BCE expanded +/-50y; confidence medium (<=60y window; rough floruit); source SNAP-DRGN data.snapdrgn.net retrieved 2026-10-04
snap:673335,person,Epiphanius; van Salamis; ca315-403,,SNAP-DRGN merged ancient person; sources: www.viaf.org,alive,251,450,low,SNAP-DRGN person 673335 (http://data.snapdrgn.net/person/673335/); associated attestation dates: 0315/0403; narrowest range 0315/0403 (88y) -> 4th century CE expanded +/-50y; confidence low (century inferred from attestation window); source SNAP-DRGN data.snapdrgn.net retrieved 2026-10-04
snap:673336,person,Diokletian Römisches Reich; Kaiser 230-305,,SNAP-DRGN merged ancient person; sources: www.viaf.org,alive,151,350,low,SNAP-DRGN person 673336 (http://data.snapdrgn.net/person/673336/); associated attestation dates: 0230/0305; narrowest range 0230/0305 (75y) -> 3rd century CE expanded +/-50y; confidence low (century inferred from attestation window); source SNAP-DRGN data.snapdrgn.net retrieved 2026-10-04
snap:673337,person,Pseudo-Longí; s. I,,SNAP-DRGN merged ancient person; sources: www.viaf.org,alive,151,350,medium,SNAP-DRGN person 673337 (http://data.snapdrgn.net/person/673337/); associated attestation dates: 0213/0273; narrowest range 0213/0273 (60y) -> 3rd century CE expanded +/-50y; confidence medium (<=60y window; rough floruit); source SNAP-DRGN data.snapdrgn.net retrieved 2026-10-04
snap:673339,person,Egbert de Trèves; 0950-0993,,SNAP-DRGN merged ancient person; sources: www.viaf.org,alive,851,1050,medium,SNAP-DRGN person 673339 (http://data.snapdrgn.net/person/673339/); associated attestation dates: 0950/0993; narrowest range 0950/0993 (43y) -> 10th century CE expanded +/-50y; confidence medium (<=60y window; rough floruit); source SNAP-DRGN data.snapdrgn.net retrieved 2026-10-04
snap:673342,person,Lentulus Gaetulicus; Cn. Cornelius d. 39,,SNAP-DRGN merged ancient person; sources: www.viaf.org,alive,-149,50,medium,SNAP-DRGN person 673342 (http://data.snapdrgn.net/person/673342/); associated attestation dates: -0039; narrowest range -0039 (0y) -> 1st century BCE expanded +/-50y; confidence medium (<=60y window; rough floruit); source SNAP-DRGN data.snapdrgn.net retrieved 2026-10-04
snap:673344,person,Bardesanes; Edessenus; 154-222,,SNAP-DRGN merged ancient person; sources: www.viaf.org,alive,51,250,low,SNAP-DRGN person 673344 (http://data.snapdrgn.net/person/673344/); associated attestation dates: 0154/0222; narrowest range 0154/0222 (68y) -> 2nd century CE expanded +/-50y; confidence low (century inferred from attestation window); source SNAP-DRGN data.snapdrgn.net retrieved 2026-10-04
snap:673345,person,Eudocie 0401?-0460 impératrice d&#39;Orient,,SNAP-DRGN merged ancient person; sources: www.viaf.org,alive,351,550,medium,SNAP-DRGN person 673345 (http://data.snapdrgn.net/person/673345/); associated attestation dates: 0400/0460; narrowest range 0400/0460 (60y) -> 5th century CE expanded +/-50y; confidence medium (<=60y window; rough floruit); source SNAP-DRGN data.snapdrgn.net retrieved 2026-10-04
snap:673346,person,Cassian von Imola ca. 3. Jh.,,SNAP-DRGN merged ancient person; sources: www.viaf.org,alive,251,450,low,SNAP-DRGN person 673346 (http://data.snapdrgn.net/person/673346/); associated attestation dates: 0300/0400; narrowest range 0300/0400 (100y) -> 4th century CE expanded +/-50y; confidence low (century inferred from attestation window); source SNAP-DRGN data.snapdrgn.net retrieved 2026-10-04
snap:673347,person,Dioscorus Alexandrinus -454,,SNAP-DRGN merged ancient person; sources: www.viaf.org,alive,-549,-350,medium,SNAP-DRGN person 673347 (http://data.snapdrgn.net/person/673347/); associated attestation dates: -0454; narrowest range -0454 (0y) -> 5th century BCE expanded +/-50y; confidence medium (<=60y window; rough floruit); source SNAP-DRGN data.snapdrgn.net retrieved 2026-10-04
snap:673349,person,Arius Haeresiarcha 260-336,,SNAP-DRGN merged ancient person; sources: www.viaf.org,alive,151,350,low,SNAP-DRGN person 673349 (http://data.snapdrgn.net/person/673349/); associated attestation dates: 0260/0336; narrowest range 0260/0336 (76y) -> 3rd century CE expanded +/-50y; confidence low (century inferred from attestation window); source SNAP-DRGN data.snapdrgn.net retrieved 2026-10-04
snap:673352,person,Severus; Cornelius,,SNAP-DRGN merged ancient person; sources: www.viaf.org,alive,-49,150,low,SNAP-DRGN person 673352 (http://data.snapdrgn.net/person/673352/); associated attestation dates: 0000/0100; narrowest range 0000/0100 (100y) -> 1st century CE expanded +/-50y; confidence low (century inferred from attestation window); source SNAP-DRGN data.snapdrgn.net retrieved 2026-10-04
snap:673355,person,Jovien 0331?-0364 empereur romain,,SNAP-DRGN merged ancient person; sources: www.viaf.org,alive,251,450,medium,SNAP-DRGN person 673355 (http://data.snapdrgn.net/person/673355/); associated attestation dates: 0331/0364; narrowest range 0331/0364 (33y) -> 4th century CE expanded +/-50y; confidence medium (<=60y window; rough floruit); source SNAP-DRGN data.snapdrgn.net retrieved 2026-10-04
snap:673357,person,Adamnan; Saint; 625?-704,,SNAP-DRGN merged ancient person; sources: www.viaf.org,alive,551,750,low,SNAP-DRGN person 673357 (http://data.snapdrgn.net/person/673357/); associated attestation dates: 0625/0704; narrowest range 0625/0704 (79y) -> 7th century CE expanded +/-50y; confidence low (century inferred from attestation window); source SNAP-DRGN data.snapdrgn.net retrieved 2026-10-04
snap:673358,person,Hrotsvitha; approximately 935-approximately 975,,SNAP-DRGN merged ancient person; sources: www.viaf.org,alive,851,1050,medium,SNAP-DRGN person 673358 (http://data.snapdrgn.net/person/673358/); associated attestation dates: 0935/0974; narrowest range 0935/0974 (39y) -> 10th century CE expanded +/-50y; confidence medium (<=60y window; rough floruit); source SNAP-DRGN data.snapdrgn.net retrieved 2026-10-04
snap:673359,person,Annianus ca. 2. Jh.,,SNAP-DRGN merged ancient person; sources: www.viaf.org,alive,51,250,low,SNAP-DRGN person 673359 (http://data.snapdrgn.net/person/673359/); associated attestation dates: 0100/0200; narrowest range 0100/0200 (100y) -> 2nd century CE expanded +/-50y; confidence low (century inferred from attestation window); source SNAP-DRGN data.snapdrgn.net retrieved 2026-10-04
snap:673361,person,Caper; Flavius,,SNAP-DRGN merged ancient person; sources: www.viaf.org,alive,51,250,low,SNAP-DRGN person 673361 (http://data.snapdrgn.net/person/673361/); associated attestation dates: 0100/0200; narrowest range 0100/0200 (100y) -> 2nd century CE expanded +/-50y; confidence low (century inferred from attestation window); source SNAP-DRGN data.snapdrgn.net retrieved 2026-10-04
snap:673362,person,Gaius 0180?-0217?,,SNAP-DRGN merged ancient person; sources: www.viaf.org,alive,51,250,medium,SNAP-DRGN person 673362 (http://data.snapdrgn.net/person/673362/); associated attestation dates: 0180/0217; narrowest range 0180/0217 (37y) -> 2nd century CE expanded +/-50y; confidence medium (<=60y window; rough floruit); source SNAP-DRGN data.snapdrgn.net retrieved 2026-10-04
snap:673369,person,Maximilianus von Numidien -295,,SNAP-DRGN merged ancient person; sources: www.viaf.org,alive,-349,-150,medium,SNAP-DRGN person 673369 (http://data.snapdrgn.net/person/673369/); associated attestation dates: -0295; narrowest range -0295 (0y) -> 3rd century BCE expanded +/-50y; confidence medium (<=60y window; rough floruit); source SNAP-DRGN data.snapdrgn.net retrieved 2026-10-04
snap:673370,person,Aquila; Romanus,,SNAP-DRGN merged ancient person; sources: www.viaf.org,alive,251,450,low,SNAP-DRGN person 673370 (http://data.snapdrgn.net/person/673370/); associated attestation dates: 0300/0400; narrowest range 0300/0400 (100y) -> 4th century CE expanded +/-50y; confidence low (century inferred from attestation window); source SNAP-DRGN data.snapdrgn.net retrieved 2026-10-04
snap:673371,person,Achilleus Soldat ca. 3. Jh.,,SNAP-DRGN merged ancient person; sources: www.viaf.org,alive,251,450,low,SNAP-DRGN person 673371 (http://data.snapdrgn.net/person/673371/); associated attestation dates: 0300/0400; narrowest range 0300/0400 (100y) -> 4th century CE expanded +/-50y; confidence low (century inferred from attestation window); source SNAP-DRGN data.snapdrgn.net retrieved 2026-10-04
snap:673372,person,Aurelianus Festivus ca. 3. Jh,,SNAP-DRGN merged ancient person; sources: www.viaf.org,alive,251,450,low,SNAP-DRGN person 673372 (http://data.snapdrgn.net/person/673372/); associated attestation dates: 0300/0400; narrowest range 0300/0400 (100y) -> 4th century CE expanded +/-50y; confidence low (century inferred from attestation window); source SNAP-DRGN data.snapdrgn.net retrieved 2026-10-04
snap:673373,person,Pierre de Callinique 0540?-0591,,SNAP-DRGN merged ancient person; sources: www.viaf.org,alive,451,650,medium,SNAP-DRGN person 673373 (http://data.snapdrgn.net/person/673373/); associated attestation dates: 0540/0591; narrowest range 0540/0591 (51y) -> 6th century CE expanded +/-50y; confidence medium (<=60y window; rough floruit); source SNAP-DRGN data.snapdrgn.net retrieved 2026-10-04
snap:673374,person,Maximinus Treverensis 280-346,,SNAP-DRGN merged ancient person; sources: www.viaf.org,alive,251,450,low,SNAP-DRGN person 673374 (http://data.snapdrgn.net/person/673374/); associated attestation dates: 0280/0346; narrowest range 0280/0346 (66y) -> 4th century CE expanded +/-50y; confidence low (century inferred from attestation window); source SNAP-DRGN data.snapdrgn.net retrieved 2026-10-04
snap:673375,person,Hadrian; Emperor of Rome; 76-138,,SNAP-DRGN merged ancient person; sources: www.viaf.org,alive,51,250,low,SNAP-DRGN person 673375 (http://data.snapdrgn.net/person/673375/); associated attestation dates: 0076/0138; narrowest range 0076/0138 (62y) -> 2nd century CE expanded +/-50y; confidence low (century inferred from attestation window); source SNAP-DRGN data.snapdrgn.net retrieved 2026-10-04
snap:673377,person,Diodorus Tarsensis -394,,SNAP-DRGN merged ancient person; sources: www.viaf.org,alive,-449,-250,medium,SNAP-DRGN person 673377 (http://data.snapdrgn.net/person/673377/); associated attestation dates: -0394; narrowest range -0394 (0y) -> 4th century BCE expanded +/-50y; confidence medium (<=60y window; rough floruit); source SNAP-DRGN data.snapdrgn.net retrieved 2026-10-04
snap:673387,person,Eulogius Diakon -259,,SNAP-DRGN merged ancient person; sources: www.viaf.org,alive,-349,-150,medium,SNAP-DRGN person 673387 (http://data.snapdrgn.net/person/673387/); associated attestation dates: -0259; narrowest range -0259 (0y) -> 3rd century BCE expanded +/-50y; confidence medium (<=60y window; rough floruit); source SNAP-DRGN data.snapdrgn.net retrieved 2026-10-04
snap:673388,person,Victorinus Poetovionensis -304,,SNAP-DRGN merged ancient person; sources: www.viaf.org,alive,-449,-250,medium,SNAP-DRGN person 673388 (http://data.snapdrgn.net/person/673388/); associated attestation dates: -0304; narrowest range -0304 (0y) -> 4th century BCE expanded +/-50y; confidence medium (<=60y window; rough floruit); source SNAP-DRGN data.snapdrgn.net retrieved 2026-10-04
snap:673389,person,Felix von Thibiuca -303,,SNAP-DRGN merged ancient person; sources: www.viaf.org,alive,-449,-250,medium,SNAP-DRGN person 673389 (http://data.snapdrgn.net/person/673389/); associated attestation dates: -0303; narrowest range -0303 (0y) -> 4th century BCE expanded +/-50y; confidence medium (<=60y window; rough floruit); source SNAP-DRGN data.snapdrgn.net retrieved 2026-10-04
snap:673390,person,Phileas Thmuitanus -306,,SNAP-DRGN merged ancient person; sources: www.viaf.org,alive,-449,-250,medium,SNAP-DRGN person 673390 (http://data.snapdrgn.net/person/673390/); associated attestation dates: -0306; narrowest range -0306 (0y) -> 4th century BCE expanded +/-50y; confidence medium (<=60y window; rough floruit); source SNAP-DRGN data.snapdrgn.net retrieved 2026-10-04
snap:673392,person,Philostratus Atheniensis ca. 3. Jh.,,SNAP-DRGN merged ancient person; sources: www.viaf.org,alive,251,450,low,SNAP-DRGN person 673392 (http://data.snapdrgn.net/person/673392/); associated attestation dates: 0300/0400; narrowest range 0300/0400 (100y) -> 4th century CE expanded +/-50y; confidence low (century inferred from attestation window); source SNAP-DRGN data.snapdrgn.net retrieved 2026-10-04
snap:673394,person,Paul d&#39;Égine 0625-0690,,SNAP-DRGN merged ancient person; sources: www.viaf.org,alive,551,750,low,SNAP-DRGN person 673394 (http://data.snapdrgn.net/person/673394/); associated attestation dates: 0625/0690; narrowest range 0625/0690 (65y) -> 7th century CE expanded +/-50y; confidence low (century inferred from attestation window); source SNAP-DRGN data.snapdrgn.net retrieved 2026-10-04
snap:673395,person,Prudentius Clemens; Aurelius,,SNAP-DRGN merged ancient person; sources: www.viaf.org,alive,251,450,low,SNAP-DRGN person 673395 (http://data.snapdrgn.net/person/673395/); associated attestation dates: 0348/0415; narrowest range 0348/0415 (67y) -> 4th century CE expanded +/-50y; confidence low (century inferred from attestation window); source SNAP-DRGN data.snapdrgn.net retrieved 2026-10-04
snap:673396,person,Ado ca 800-875) (św. ;,,SNAP-DRGN merged ancient person; sources: www.viaf.org,alive,751,950,low,SNAP-DRGN person 673396 (http://data.snapdrgn.net/person/673396/); associated attestation dates: 0800/0875; narrowest range 0800/0875 (75y) -> 9th century CE expanded +/-50y; confidence low (century inferred from attestation window); source SNAP-DRGN data.snapdrgn.net retrieved 2026-10-04
snap:673397,person,Iulianus Theurgus ca. 2. Jh.,,SNAP-DRGN merged ancient person; sources: www.viaf.org,alive,51,250,low,SNAP-DRGN person 673397 (http://data.snapdrgn.net/person/673397/); associated attestation dates: 0100/0200; narrowest range 0100/0200 (100y) -> 2nd century CE expanded +/-50y; confidence low (century inferred from attestation window); source SNAP-DRGN data.snapdrgn.net retrieved 2026-10-04
snap:673400,person,Callistratus (Sophista); 3e/4e E.,,SNAP-DRGN merged ancient person; sources: www.viaf.org,alive,351,550,low,SNAP-DRGN person 673400 (http://data.snapdrgn.net/person/673400/); associated attestation dates: 0400/0500; narrowest range 0400/0500 (100y) -> 5th century CE expanded +/-50y; confidence low (century inferred from attestation window); source SNAP-DRGN data.snapdrgn.net retrieved 2026-10-04
snap:673403,person,Philomena ca. 3. Jh.,,SNAP-DRGN merged ancient person; sources: www.viaf.org,alive,251,450,low,SNAP-DRGN person 673403 (http://data.snapdrgn.net/person/673403/); associated attestation dates: 0300/0400; narrowest range 0300/0400 (100y) -> 4th century CE expanded +/-50y; confidence low (century inferred from attestation window); source SNAP-DRGN data.snapdrgn.net retrieved 2026-10-04
snap:673404,person,Eutropius ca. 4. Jh,,SNAP-DRGN merged ancient person; sources: www.viaf.org,alive,351,550,low,SNAP-DRGN person 673404 (http://data.snapdrgn.net/person/673404/); associated attestation dates: 0400/0500; narrowest range 0400/0500 (100y) -> 5th century CE expanded +/-50y; confidence low (century inferred from attestation window); source SNAP-DRGN data.snapdrgn.net retrieved 2026-10-04
snap:673408,person,Pacificus Veronensis 0776?-0844?,,SNAP-DRGN merged ancient person; sources: www.viaf.org,alive,751,950,low,SNAP-DRGN person 673408 (http://data.snapdrgn.net/person/673408/); associated attestation dates: 0776/0844; narrowest range 0776/0844 (68y) -> 9th century CE expanded +/-50y; confidence low (century inferred from attestation window); source SNAP-DRGN data.snapdrgn.net retrieved 2026-10-04
snap:673411,person,Joseph l&#39;Hymnographe saint 0816-0886,,SNAP-DRGN merged ancient person; sources: www.viaf.org,alive,751,950,low,SNAP-DRGN person 673411 (http://data.snapdrgn.net/person/673411/); associated attestation dates: 0816/0886; narrowest range 0816/0886 (70y) -> 9th century CE expanded +/-50y; confidence low (century inferred from attestation window); source SNAP-DRGN data.snapdrgn.net retrieved 2026-10-04
snap:673416,person,Probus; Marcus Valerius; 0050-0099,,SNAP-DRGN merged ancient person; sources: www.viaf.org,alive,-49,150,medium,SNAP-DRGN person 673416 (http://data.snapdrgn.net/person/673416/); associated attestation dates: 0050/0099; narrowest range 0050/0099 (49y) -> 1st century CE expanded +/-50y; confidence medium (<=60y window; rough floruit); source SNAP-DRGN data.snapdrgn.net retrieved 2026-10-04
snap:673417,person,Rusticus Diaconus; sec. VI,,SNAP-DRGN merged ancient person; sources: www.viaf.org,alive,551,750,low,SNAP-DRGN person 673417 (http://data.snapdrgn.net/person/673417/); associated attestation dates: 0600/0700; narrowest range 0600/0700 (100y) -> 7th century CE expanded +/-50y; confidence low (century inferred from attestation window); source SNAP-DRGN data.snapdrgn.net retrieved 2026-10-04
snap:673419,person,Cyrille de Scythopolis 0525?-0558?,,SNAP-DRGN merged ancient person; sources: www.viaf.org,alive,451,650,medium,SNAP-DRGN person 673419 (http://data.snapdrgn.net/person/673419/); associated attestation dates: 0525/0558; narrowest range 0525/0558 (33y) -> 6th century CE expanded +/-50y; confidence medium (<=60y window; rough floruit); source SNAP-DRGN data.snapdrgn.net retrieved 2026-10-04
snap:673421,person,Philon de Byblos 0064?-0140?,,SNAP-DRGN merged ancient person; sources: www.viaf.org,alive,51,250,low,SNAP-DRGN person 673421 (http://data.snapdrgn.net/person/673421/); associated attestation dates: 0064/0140; narrowest range 0064/0140 (76y) -> 2nd century CE expanded +/-50y; confidence low (century inferred from attestation window); source SNAP-DRGN data.snapdrgn.net retrieved 2026-10-04
snap:673424,person,Paul; the Silentiary; active 6th century,,SNAP-DRGN merged ancient person; sources: www.viaf.org,alive,551,750,low,SNAP-DRGN person 673424 (http://data.snapdrgn.net/person/673424/); associated attestation dates: 0600/0700; narrowest range 0600/0700 (100y) -> 7th century CE expanded +/-50y; confidence low (century inferred from attestation window); source SNAP-DRGN data.snapdrgn.net retrieved 2026-10-04
snap:673426,person,Theomnestus,,SNAP-DRGN merged ancient person; sources: www.viaf.org,alive,251,450,medium,SNAP-DRGN person 673426 (http://data.snapdrgn.net/person/673426/); associated attestation dates: 0300/0350; narrowest range 0300/0350 (50y) -> 4th century CE expanded +/-50y; confidence medium (<=60y window; rough floruit); source SNAP-DRGN data.snapdrgn.net retrieved 2026-10-04
snap:673427,person,Hierocles Facetiarum Scriptor ca. 4. Jh.,,SNAP-DRGN merged ancient person; sources: www.viaf.org,alive,351,550,low,SNAP-DRGN person 673427 (http://data.snapdrgn.net/person/673427/); associated attestation dates: 0400/0500; narrowest range 0400/0500 (100y) -> 5th century CE expanded +/-50y; confidence low (century inferred from attestation window); source SNAP-DRGN data.snapdrgn.net retrieved 2026-10-04
snap:673430,person,Asterius; the Sophist; -approximately 341,,SNAP-DRGN merged ancient person; sources: www.viaf.org,alive,251,450,low,SNAP-DRGN person 673430 (http://data.snapdrgn.net/person/673430/); associated attestation dates: 0270/0341; narrowest range 0270/0341 (71y) -> 4th century CE expanded +/-50y; confidence low (century inferred from attestation window); source SNAP-DRGN data.snapdrgn.net retrieved 2026-10-04
snap:673431,person,Odo approximately 879-942 Saint; Abbot of Cluny,,SNAP-DRGN merged ancient person; sources: www.viaf.org,alive,851,1050,low,SNAP-DRGN person 673431 (http://data.snapdrgn.net/person/673431/); associated attestation dates: 0879/0942; narrowest range 0879/0942 (63y) -> 10th century CE expanded +/-50y; confidence low (century inferred from attestation window); source SNAP-DRGN data.snapdrgn.net retrieved 2026-10-04
snap:673433,person,Nicephorus II Phocas; Emperor of the East; 912-969,,SNAP-DRGN merged ancient person; sources: www.viaf.org,alive,851,1050,medium,SNAP-DRGN person 673433 (http://data.snapdrgn.net/person/673433/); associated attestation dates: 0912/0969; narrowest range 0912/0969 (57y) -> 10th century CE expanded +/-50y; confidence medium (<=60y window; rough floruit); source SNAP-DRGN data.snapdrgn.net retrieved 2026-10-04
snap:673434,person,Salome Tochter der Herodias ca. ca. 14-ca. 62,,SNAP-DRGN merged ancient person; sources: www.viaf.org,alive,-49,150,medium,SNAP-DRGN person 673434 (http://data.snapdrgn.net/person/673434/); associated attestation dates: 0014/0062; narrowest range 0014/0062 (48y) -> 1st century CE expanded +/-50y; confidence medium (<=60y window; rough floruit); source SNAP-DRGN data.snapdrgn.net retrieved 2026-10-04
snap:673436,person,Theodorus Bithynius 2. Jh. n. Chr,,SNAP-DRGN merged ancient person; sources: www.viaf.org,alive,51,250,low,SNAP-DRGN person 673436 (http://data.snapdrgn.net/person/673436/); associated attestation dates: 0100/0200; narrowest range 0100/0200 (100y) -> 2nd century CE expanded +/-50y; confidence low (century inferred from attestation window); source SNAP-DRGN data.snapdrgn.net retrieved 2026-10-04
snap:673438,person,Phrynichus; Arabius,,SNAP-DRGN merged ancient person; sources: www.viaf.org,alive,51,250,low,SNAP-DRGN person 673438 (http://data.snapdrgn.net/person/673438/); associated attestation dates: 0100/0200; narrowest range 0100/0200 (100y) -> 2nd century CE expanded +/-50y; confidence low (century inferred from attestation window); source SNAP-DRGN data.snapdrgn.net retrieved 2026-10-04
snap:673439,person,Eunapius Sardianus 345-420,,SNAP-DRGN merged ancient person; sources: www.viaf.org,alive,251,450,low,SNAP-DRGN person 673439 (http://data.snapdrgn.net/person/673439/); associated attestation dates: 0345/0420; narrowest range 0345/0420 (75y) -> 4th century CE expanded +/-50y; confidence low (century inferred from attestation window); source SNAP-DRGN data.snapdrgn.net retrieved 2026-10-04
snap:673441,person,Herodes Philippos Judäa; Tetrarch -34,,SNAP-DRGN merged ancient person; sources: www.viaf.org,alive,-149,50,medium,SNAP-DRGN person 673441 (http://data.snapdrgn.net/person/673441/); associated attestation dates: -0034; narrowest range -0034 (0y) -> 1st century BCE expanded +/-50y; confidence medium (<=60y window; rough floruit); source SNAP-DRGN data.snapdrgn.net retrieved 2026-10-04
snap:673442,person,Maximus; Confessor; Saint; approximately 580-662,,SNAP-DRGN merged ancient person; sources: www.viaf.org,alive,551,750,low,SNAP-DRGN person 673442 (http://data.snapdrgn.net/person/673442/); associated attestation dates: 0580/0662; narrowest range 0580/0662 (82y) -> 7th century CE expanded +/-50y; confidence low (century inferred from attestation window); source SNAP-DRGN data.snapdrgn.net retrieved 2026-10-04
snap:673444,person,Claudius von Aigea ca. -ca. 304,,SNAP-DRGN merged ancient person; sources: www.viaf.org,alive,-449,-250,medium,SNAP-DRGN person 673444 (http://data.snapdrgn.net/person/673444/); associated attestation dates: -0304; narrowest range -0304 (0y) -> 4th century BCE expanded +/-50y; confidence medium (<=60y window; rough floruit); source SNAP-DRGN data.snapdrgn.net retrieved 2026-10-04
snap:673445,person,Erotianus,,SNAP-DRGN merged ancient person; sources: www.viaf.org,alive,-49,150,low,SNAP-DRGN person 673445 (http://data.snapdrgn.net/person/673445/); associated attestation dates: 0000/0100; narrowest range 0000/0100 (100y) -> 1st century CE expanded +/-50y; confidence low (century inferred from attestation window); source SNAP-DRGN data.snapdrgn.net retrieved 2026-10-04
snap:673446,person,Philoxenus; Mabbugensis; ca440-523,,SNAP-DRGN merged ancient person; sources: www.viaf.org,alive,351,550,low,SNAP-DRGN person 673446 (http://data.snapdrgn.net/person/673446/); associated attestation dates: 0450/0523; narrowest range 0450/0523 (73y) -> 5th century CE expanded +/-50y; confidence low (century inferred from attestation window); source SNAP-DRGN data.snapdrgn.net retrieved 2026-10-04
snap:673448,person,Statius; Publius Papinius,,SNAP-DRGN merged ancient person; sources: www.viaf.org,alive,-49,150,medium,SNAP-DRGN person 673448 (http://data.snapdrgn.net/person/673448/); associated attestation dates: 0061/0096; narrowest range 0061/0096 (35y) -> 1st century CE expanded +/-50y; confidence medium (<=60y window; rough floruit); source SNAP-DRGN data.snapdrgn.net retrieved 2026-10-04
snap:673450,person,Agnellus Ravennas; ca 805-850,,SNAP-DRGN merged ancient person; sources: www.viaf.org,alive,751,950,medium,SNAP-DRGN person 673450 (http://data.snapdrgn.net/person/673450/); associated attestation dates: 0800/0850; narrowest range 0800/0850 (50y) -> 9th century CE expanded +/-50y; confidence medium (<=60y window; rough floruit); source SNAP-DRGN data.snapdrgn.net retrieved 2026-10-04
snap:673452,person,Sulpicius Severus; 363-ca.420,,SNAP-DRGN merged ancient person; sources: www.viaf.org,alive,251,450,medium,SNAP-DRGN person 673452 (http://data.snapdrgn.net/person/673452/); associated attestation dates: 0363/0420; narrowest range 0363/0420 (57y) -> 4th century CE expanded +/-50y; confidence medium (<=60y window; rough floruit); source SNAP-DRGN data.snapdrgn.net retrieved 2026-10-04
snap:673460,person,Salvius Julianus; 0100?-0169?,,SNAP-DRGN merged ancient person; sources: www.viaf.org,alive,51,250,low,SNAP-DRGN person 673460 (http://data.snapdrgn.net/person/673460/); associated attestation dates: 0100/0169; narrowest range 0100/0169 (69y) -> 2nd century CE expanded +/-50y; confidence low (century inferred from attestation window); source SNAP-DRGN data.snapdrgn.net retrieved 2026-10-04
snap:673463,person,Leontius Scholasticus ca. 6. Jh.,,SNAP-DRGN merged ancient person; sources: www.viaf.org,alive,551,750,low,SNAP-DRGN person 673463 (http://data.snapdrgn.net/person/673463/); associated attestation dates: 0600/0700; narrowest range 0600/0700 (100y) -> 7th century CE expanded +/-50y; confidence low (century inferred from attestation window); source SNAP-DRGN data.snapdrgn.net retrieved 2026-10-04
snap:673465,person,Juvencus; Cajus Vettius Aquilinus ca 300-ca 400,,SNAP-DRGN merged ancient person; sources: www.viaf.org,alive,351,550,low,SNAP-DRGN person 673465 (http://data.snapdrgn.net/person/673465/); associated attestation dates: 0400/0500; narrowest range 0400/0500 (100y) -> 5th century CE expanded +/-50y; confidence low (century inferred from attestation window); source SNAP-DRGN data.snapdrgn.net retrieved 2026-10-04
snap:673468,person,Evagrius; Scholasticus; ca536-ca600,,SNAP-DRGN merged ancient person; sources: www.viaf.org,alive,451,650,low,SNAP-DRGN person 673468 (http://data.snapdrgn.net/person/673468/); associated attestation dates: 0536/0600; narrowest range 0536/0600 (64y) -> 6th century CE expanded +/-50y; confidence low (century inferred from attestation window); source SNAP-DRGN data.snapdrgn.net retrieved 2026-10-04
snap:673470,person,Priscillian; Bishop of Avila; approximately 350-385,,SNAP-DRGN merged ancient person; sources: www.viaf.org,alive,251,450,medium,SNAP-DRGN person 673470 (http://data.snapdrgn.net/person/673470/); associated attestation dates: 0340/0385; narrowest range 0340/0385 (45y) -> 4th century CE expanded +/-50y; confidence medium (<=60y window; rough floruit); source SNAP-DRGN data.snapdrgn.net retrieved 2026-10-04
snap:673471,person,Constantius I. Römisches Reich; Kaiser 250-306,,SNAP-DRGN merged ancient person; sources: www.viaf.org,alive,151,350,medium,SNAP-DRGN person 673471 (http://data.snapdrgn.net/person/673471/); associated attestation dates: 0250/0306; narrowest range 0250/0306 (56y) -> 3rd century CE expanded +/-50y; confidence medium (<=60y window; rough floruit); source SNAP-DRGN data.snapdrgn.net retrieved 2026-10-04
snap:673472,person,Salvien; 0390?-0484?,,SNAP-DRGN merged ancient person; sources: www.viaf.org,alive,351,550,low,SNAP-DRGN person 673472 (http://data.snapdrgn.net/person/673472/); associated attestation dates: 0400/0470; narrowest range 0400/0470 (70y) -> 5th century CE expanded +/-50y; confidence low (century inferred from attestation window); source SNAP-DRGN data.snapdrgn.net retrieved 2026-10-04
snap:673474,person,Basil; Saint; Bishop of Caesarea; approximately 329-379,,SNAP-DRGN merged ancient person; sources: www.viaf.org,alive,251,450,medium,SNAP-DRGN person 673474 (http://data.snapdrgn.net/person/673474/); associated attestation dates: 0330/0379; narrowest range 0330/0379 (49y) -> 4th century CE expanded +/-50y; confidence medium (<=60y window; rough floruit); source SNAP-DRGN data.snapdrgn.net retrieved 2026-10-04
snap:673475,person,Apollodorus ca. 1./2. Jh Damascenus,,SNAP-DRGN merged ancient person; sources: www.viaf.org,alive,-49,150,low,SNAP-DRGN person 673475 (http://data.snapdrgn.net/person/673475/); associated attestation dates: 0060/0129; narrowest range 0060/0129 (69y) -> 1st century CE expanded +/-50y; confidence low (century inferred from attestation window); source SNAP-DRGN data.snapdrgn.net retrieved 2026-10-04
snap:673479,person,Eustratius Constantinopolitanus ca. 6. Jh.,,SNAP-DRGN merged ancient person; sources: www.viaf.org,alive,551,750,low,SNAP-DRGN person 673479 (http://data.snapdrgn.net/person/673479/); associated attestation dates: 0600/0700; narrowest range 0600/0700 (100y) -> 7th century CE expanded +/-50y; confidence low (century inferred from attestation window); source SNAP-DRGN data.snapdrgn.net retrieved 2026-10-04
snap:673481,person,Pope Eusebius,,SNAP-DRGN merged ancient person; sources: www.viaf.org,alive,-449,-250,medium,SNAP-DRGN person 673481 (http://data.snapdrgn.net/person/673481/); associated attestation dates: -0310; narrowest range -0310 (0y) -> 4th century BCE expanded +/-50y; confidence medium (<=60y window; rough floruit); source SNAP-DRGN data.snapdrgn.net retrieved 2026-10-04
snap:673485,person,Muirchu Maccu Machteni ca. 7. Jh.,,SNAP-DRGN merged ancient person; sources: www.viaf.org,alive,651,850,low,SNAP-DRGN person 673485 (http://data.snapdrgn.net/person/673485/); associated attestation dates: 0700/0800; narrowest range 0700/0800 (100y) -> 8th century CE expanded +/-50y; confidence low (century inferred from attestation window); source SNAP-DRGN data.snapdrgn.net retrieved 2026-10-04
snap:673486,person,Palladius; Rutilius Taurus Aemilianus.,,SNAP-DRGN merged ancient person; sources: www.viaf.org,alive,351,550,low,SNAP-DRGN person 673486 (http://data.snapdrgn.net/person/673486/); associated attestation dates: 0400/0500; narrowest range 0400/0500 (100y) -> 5th century CE expanded +/-50y; confidence low (century inferred from attestation window); source SNAP-DRGN data.snapdrgn.net retrieved 2026-10-04
snap:673487,person,Paschasius,,SNAP-DRGN merged ancient person; sources: www.viaf.org,alive,751,950,low,SNAP-DRGN person 673487 (http://data.snapdrgn.net/person/673487/); associated attestation dates: 0790/0865; narrowest range 0790/0865 (75y) -> 9th century CE expanded +/-50y; confidence low (century inferred from attestation window); source SNAP-DRGN data.snapdrgn.net retrieved 2026-10-04
snap:673489,person,Sulpicia Satirica ca. 5. Jh.,,SNAP-DRGN merged ancient person; sources: www.viaf.org,alive,451,650,low,SNAP-DRGN person 673489 (http://data.snapdrgn.net/person/673489/); associated attestation dates: 0500/0600; narrowest range 0500/0600 (100y) -> 6th century CE expanded +/-50y; confidence low (century inferred from attestation window); source SNAP-DRGN data.snapdrgn.net retrieved 2026-10-04
snap:673491,person,Rutili Namacià; Claudi,,SNAP-DRGN merged ancient person; sources: www.viaf.org,alive,451,650,low,SNAP-DRGN person 673491 (http://data.snapdrgn.net/person/673491/); associated attestation dates: 0500/0600; narrowest range 0500/0600 (100y) -> 6th century CE expanded +/-50y; confidence low (century inferred from attestation window); source SNAP-DRGN data.snapdrgn.net retrieved 2026-10-04
snap:673492,person,Ammonius Saccas; 175-242?,,SNAP-DRGN merged ancient person; sources: www.viaf.org,alive,151,350,low,SNAP-DRGN person 673492 (http://data.snapdrgn.net/person/673492/); associated attestation dates: 0175/0242; narrowest range 0175/0242 (67y) -> 3rd century CE expanded +/-50y; confidence low (century inferred from attestation window); source SNAP-DRGN data.snapdrgn.net retrieved 2026-10-04
snap:673495,person,Remigius; Autissiodorensis,,SNAP-DRGN merged ancient person; sources: www.viaf.org,alive,-1049,-850,medium,SNAP-DRGN person 673495 (http://data.snapdrgn.net/person/673495/); associated attestation dates: -0908; narrowest range -0908 (0y) -> 10th century BCE expanded +/-50y; confidence medium (<=60y window; rough floruit); source SNAP-DRGN data.snapdrgn.net retrieved 2026-10-04
snap:673498,person,Cornutus; Lucius Annaeus 1st cent,,SNAP-DRGN merged ancient person; sources: www.viaf.org,alive,-49,150,low,SNAP-DRGN person 673498 (http://data.snapdrgn.net/person/673498/); associated attestation dates: 0000/0100; narrowest range 0000/0100 (100y) -> 1st century CE expanded +/-50y; confidence low (century inferred from attestation window); source SNAP-DRGN data.snapdrgn.net retrieved 2026-10-04
snap:673500,person,Metody z Olimpu ?-ca 311) (św. ;,,SNAP-DRGN merged ancient person; sources: www.viaf.org,alive,151,350,low,SNAP-DRGN person 673500 (http://data.snapdrgn.net/person/673500/); associated attestation dates: 0230/0311; narrowest range 0230/0311 (81y) -> 3rd century CE expanded +/-50y; confidence low (century inferred from attestation window); source SNAP-DRGN data.snapdrgn.net retrieved 2026-10-04
snap:673502,person,Marcellus von Tingis -298,,SNAP-DRGN merged ancient person; sources: www.viaf.org,alive,-349,-150,medium,SNAP-DRGN person 673502 (http://data.snapdrgn.net/person/673502/); associated attestation dates: -0298; narrowest range -0298 (0y) -> 3rd century BCE expanded +/-50y; confidence medium (<=60y window; rough floruit); source SNAP-DRGN data.snapdrgn.net retrieved 2026-10-04
snap:673505,person,Felix II.; Gegenpapst Papst -365,,SNAP-DRGN merged ancient person; sources: www.viaf.org,alive,-449,-250,medium,SNAP-DRGN person 673505 (http://data.snapdrgn.net/person/673505/); associated attestation dates: -0365; narrowest range -0365 (0y) -> 4th century BCE expanded +/-50y; confidence medium (<=60y window; rough floruit); source SNAP-DRGN data.snapdrgn.net retrieved 2026-10-04
snap:673509,person,Marcial; Gargilio,,SNAP-DRGN merged ancient person; sources: www.viaf.org,alive,151,350,medium,SNAP-DRGN person 673509 (http://data.snapdrgn.net/person/673509/); associated attestation dates: 0210/0260; narrowest range 0210/0260 (50y) -> 3rd century CE expanded +/-50y; confidence medium (<=60y window; rough floruit); source SNAP-DRGN data.snapdrgn.net retrieved 2026-10-04
snap:673513,person,Ephraem; Syrus; Saint; 303-373,,SNAP-DRGN merged ancient person; sources: www.viaf.org,alive,251,450,low,SNAP-DRGN person 673513 (http://data.snapdrgn.net/person/673513/); associated attestation dates: 0306/0373; narrowest range 0306/0373 (67y) -> 4th century CE expanded +/-50y; confidence low (century inferred from attestation window); source SNAP-DRGN data.snapdrgn.net retrieved 2026-10-04
snap:673515,person,Carausius Römisches Reich; Kaiser; Gegenkaiser -294,,SNAP-DRGN merged ancient person; sources: www.viaf.org,alive,-349,-150,medium,SNAP-DRGN person 673515 (http://data.snapdrgn.net/person/673515/); associated attestation dates: -0294; narrowest range -0294 (0y) -> 3rd century BCE expanded +/-50y; confidence medium (<=60y window; rough floruit); source SNAP-DRGN data.snapdrgn.net retrieved 2026-10-04
snap:673517,person,Notker; Balbulus,,SNAP-DRGN merged ancient person; sources: www.viaf.org,alive,751,950,low,SNAP-DRGN person 673517 (http://data.snapdrgn.net/person/673517/); associated attestation dates: 0840/0912; narrowest range 0840/0912 (72y) -> 9th century CE expanded +/-50y; confidence low (century inferred from attestation window); source SNAP-DRGN data.snapdrgn.net retrieved 2026-10-04
snap:673519,person,Syrianus Alexandrinus neoplatonicus; 0380?-0438?,,SNAP-DRGN merged ancient person; sources: www.viaf.org,alive,351,550,medium,SNAP-DRGN person 673519 (http://data.snapdrgn.net/person/673519/); associated attestation dates: 0380/0438; narrowest range 0380/0438 (58y) -> 5th century CE expanded +/-50y; confidence medium (<=60y window; rough floruit); source SNAP-DRGN data.snapdrgn.net retrieved 2026-10-04
snap:673520,person,Domitius Domitianus Römisches Reich; Kaiser; Gegenkaiser ca. 3. Jh.,,SNAP-DRGN merged ancient person; sources: www.viaf.org,alive,251,450,low,SNAP-DRGN person 673520 (http://data.snapdrgn.net/person/673520/); associated attestation dates: 0300/0400; narrowest range 0300/0400 (100y) -> 4th century CE expanded +/-50y; confidence low (century inferred from attestation window); source SNAP-DRGN data.snapdrgn.net retrieved 2026-10-04
snap:673525,person,Ratherius; évêque de Vérone,,SNAP-DRGN merged ancient person; sources: www.viaf.org,alive,851,1050,low,SNAP-DRGN person 673525 (http://data.snapdrgn.net/person/673525/); associated attestation dates: 0890/0974; narrowest range 0890/0974 (84y) -> 10th century CE expanded +/-50y; confidence low (century inferred from attestation window); source SNAP-DRGN data.snapdrgn.net retrieved 2026-10-04
snap:673530,person,Arnobius Iunior ca. 5. Jh.,,SNAP-DRGN merged ancient person; sources: www.viaf.org,alive,451,650,low,SNAP-DRGN person 673530 (http://data.snapdrgn.net/person/673530/); associated attestation dates: 0500/0600; narrowest range 0500/0600 (100y) -> 6th century CE expanded +/-50y; confidence low (century inferred from attestation window); source SNAP-DRGN data.snapdrgn.net retrieved 2026-10-04
snap:673532,person,Themistius 317-388,,SNAP-DRGN merged ancient person; sources: www.viaf.org,alive,251,450,low,SNAP-DRGN person 673532 (http://data.snapdrgn.net/person/673532/); associated attestation dates: 0317/0388; narrowest range 0317/0388 (71y) -> 4th century CE expanded +/-50y; confidence low (century inferred from attestation window); source SNAP-DRGN data.snapdrgn.net retrieved 2026-10-04
snap:673536,person,Victorin l&#39;Africain; 0300?-0382?,,SNAP-DRGN merged ancient person; sources: www.viaf.org,alive,251,450,low,SNAP-DRGN person 673536 (http://data.snapdrgn.net/person/673536/); associated attestation dates: 0300/0382; narrowest range 0300/0382 (82y) -> 4th century CE expanded +/-50y; confidence low (century inferred from attestation window); source SNAP-DRGN data.snapdrgn.net retrieved 2026-10-04
snap:673542,person,Soter Papst -174,,SNAP-DRGN merged ancient person; sources: www.viaf.org,alive,-249,-50,medium,SNAP-DRGN person 673542 (http://data.snapdrgn.net/person/673542/); associated attestation dates: -0174; narrowest range -0174 (0y) -> 2nd century BCE expanded +/-50y; confidence medium (<=60y window; rough floruit); source SNAP-DRGN data.snapdrgn.net retrieved 2026-10-04
snap:673543,person,Julian; of Eclanum; Bishop; 380-approximately 455,,SNAP-DRGN merged ancient person; sources: www.viaf.org,alive,-549,-350,medium,SNAP-DRGN person 673543 (http://data.snapdrgn.net/person/673543/); associated attestation dates: -0455; narrowest range -0455 (0y) -> 5th century BCE expanded +/-50y; confidence medium (<=60y window; rough floruit); source SNAP-DRGN data.snapdrgn.net retrieved 2026-10-04
snap:673545,person,Josephus; Flavius,,SNAP-DRGN merged ancient person; sources: www.viaf.org,alive,-49,150,low,SNAP-DRGN person 673545 (http://data.snapdrgn.net/person/673545/); associated attestation dates: 0038/0100; narrowest range 0038/0100 (62y) -> 1st century CE expanded +/-50y; confidence low (century inferred from attestation window); source SNAP-DRGN data.snapdrgn.net retrieved 2026-10-04
snap:673546,person,Phlegon; Trallianus,,SNAP-DRGN merged ancient person; sources: www.viaf.org,alive,51,250,low,SNAP-DRGN person 673546 (http://data.snapdrgn.net/person/673546/); associated attestation dates: 0100/0200; narrowest range 0100/0200 (100y) -> 2nd century CE expanded +/-50y; confidence low (century inferred from attestation window); source SNAP-DRGN data.snapdrgn.net retrieved 2026-10-04
snap:673549,person,Diadochus; évêque de Photicé,,SNAP-DRGN merged ancient person; sources: www.viaf.org,alive,351,550,low,SNAP-DRGN person 673549 (http://data.snapdrgn.net/person/673549/); associated attestation dates: 0400/0486; narrowest range 0400/0486 (86y) -> 5th century CE expanded +/-50y; confidence low (century inferred from attestation window); source SNAP-DRGN data.snapdrgn.net retrieved 2026-10-04
snap:673554,person,Candidus Isauricus 5. Jh. n. Chr.,,SNAP-DRGN merged ancient person; sources: www.viaf.org,alive,451,650,low,SNAP-DRGN person 673554 (http://data.snapdrgn.net/person/673554/); associated attestation dates: 0500/0600; narrowest range 0500/0600 (100y) -> 6th century CE expanded +/-50y; confidence low (century inferred from attestation window); source SNAP-DRGN data.snapdrgn.net retrieved 2026-10-04
snap:673559,person,Carus Römisches Reich; Kaiser 221-283,,SNAP-DRGN merged ancient person; sources: www.viaf.org,alive,151,350,low,SNAP-DRGN person 673559 (http://data.snapdrgn.net/person/673559/); associated attestation dates: 0221/0283; narrowest range 0221/0283 (62y) -> 3rd century CE expanded +/-50y; confidence low (century inferred from attestation window); source SNAP-DRGN data.snapdrgn.net retrieved 2026-10-04
snap:673560,person,Justinien II; empereur de Byzance; 0669-0711,,SNAP-DRGN merged ancient person; sources: www.viaf.org,alive,551,750,medium,SNAP-DRGN person 673560 (http://data.snapdrgn.net/person/673560/); associated attestation dates: 0669/0711; narrowest range 0669/0711 (42y) -> 7th century CE expanded +/-50y; confidence medium (<=60y window; rough floruit); source SNAP-DRGN data.snapdrgn.net retrieved 2026-10-04
snap:673563,person,Sedulius Caelius ca. 5. Jh.,,SNAP-DRGN merged ancient person; sources: www.viaf.org,alive,451,650,low,SNAP-DRGN person 673563 (http://data.snapdrgn.net/person/673563/); associated attestation dates: 0500/0600; narrowest range 0500/0600 (100y) -> 6th century CE expanded +/-50y; confidence low (century inferred from attestation window); source SNAP-DRGN data.snapdrgn.net retrieved 2026-10-04
snap:673565,person,Arator; 0490?-0550?,,SNAP-DRGN merged ancient person; sources: www.viaf.org,alive,451,650,medium,SNAP-DRGN person 673565 (http://data.snapdrgn.net/person/673565/); associated attestation dates: 0500/0550; narrowest range 0500/0550 (50y) -> 6th century CE expanded +/-50y; confidence medium (<=60y window; rough floruit); source SNAP-DRGN data.snapdrgn.net retrieved 2026-10-04
snap:673567,person,Eutychianus Papst -282,,SNAP-DRGN merged ancient person; sources: www.viaf.org,alive,-349,-150,medium,SNAP-DRGN person 673567 (http://data.snapdrgn.net/person/673567/); associated attestation dates: -0282; narrowest range -0282 (0y) -> 3rd century BCE expanded +/-50y; confidence medium (<=60y window; rough floruit); source SNAP-DRGN data.snapdrgn.net retrieved 2026-10-04
snap:673570,person,Théodote 0400?-0445?,,SNAP-DRGN merged ancient person; sources: www.viaf.org,alive,351,550,medium,SNAP-DRGN person 673570 (http://data.snapdrgn.net/person/673570/); associated attestation dates: 0400/0445; narrowest range 0400/0445 (45y) -> 5th century CE expanded +/-50y; confidence medium (<=60y window; rough floruit); source SNAP-DRGN data.snapdrgn.net retrieved 2026-10-04
snap:673574,person,Gellius Fuscus ca. 3. Jh.,,SNAP-DRGN merged ancient person; sources: www.viaf.org,alive,251,450,low,SNAP-DRGN person 673574 (http://data.snapdrgn.net/person/673574/); associated attestation dates: 0300/0400; narrowest range 0300/0400 (100y) -> 4th century CE expanded +/-50y; confidence low (century inferred from attestation window); source SNAP-DRGN data.snapdrgn.net retrieved 2026-10-04
snap:673576,person,Sixtus I. Papst -125,,SNAP-DRGN merged ancient person; sources: www.viaf.org,alive,-249,-50,medium,SNAP-DRGN person 673576 (http://data.snapdrgn.net/person/673576/); associated attestation dates: -0125; narrowest range -0125 (0y) -> 2nd century BCE expanded +/-50y; confidence medium (<=60y window; rough floruit); source SNAP-DRGN data.snapdrgn.net retrieved 2026-10-04
snap:673577,person,Marcus Gnosticus ca. 2. Jh.,,SNAP-DRGN merged ancient person; sources: www.viaf.org,alive,51,250,low,SNAP-DRGN person 673577 (http://data.snapdrgn.net/person/673577/); associated attestation dates: 0100/0200; narrowest range 0100/0200 (100y) -> 2nd century CE expanded +/-50y; confidence low (century inferred from attestation window); source SNAP-DRGN data.snapdrgn.net retrieved 2026-10-04
snap:673580,person,Lucius Märtyrer; 2. Jh. ca. 2. Jh.,,SNAP-DRGN merged ancient person; sources: www.viaf.org,alive,51,250,low,SNAP-DRGN person 673580 (http://data.snapdrgn.net/person/673580/); associated attestation dates: 0100/0200; narrowest range 0100/0200 (100y) -> 2nd century CE expanded +/-50y; confidence low (century inferred from attestation window); source SNAP-DRGN data.snapdrgn.net retrieved 2026-10-04
snap:673582,person,Eusebia Römisches Reich; Kaiserin -360,,SNAP-DRGN merged ancient person; sources: www.viaf.org,alive,-449,-250,medium,SNAP-DRGN person 673582 (http://data.snapdrgn.net/person/673582/); associated attestation dates: -0360; narrowest range -0360 (0y) -> 4th century BCE expanded +/-50y; confidence medium (<=60y window; rough floruit); source SNAP-DRGN data.snapdrgn.net retrieved 2026-10-04
snap:673586,person,Maeonius Astyanax 3. Jh.,,SNAP-DRGN merged ancient person; sources: www.viaf.org,alive,251,450,low,SNAP-DRGN person 673586 (http://data.snapdrgn.net/person/673586/); associated attestation dates: 0300/0400; narrowest range 0300/0400 (100y) -> 4th century CE expanded +/-50y; confidence low (century inferred from attestation window); source SNAP-DRGN data.snapdrgn.net retrieved 2026-10-04
snap:673592,person,Isaac Iudaeus ca. 4. Jh.,,SNAP-DRGN merged ancient person; sources: www.viaf.org,alive,351,550,low,SNAP-DRGN person 673592 (http://data.snapdrgn.net/person/673592/); associated attestation dates: 0400/0500; narrowest range 0400/0500 (100y) -> 5th century CE expanded +/-50y; confidence low (century inferred from attestation window); source SNAP-DRGN data.snapdrgn.net retrieved 2026-10-04
snap:673593,person,Claudius II. Römisches Reich; Kaiser 219-270,,SNAP-DRGN merged ancient person; sources: www.viaf.org,alive,151,350,medium,SNAP-DRGN person 673593 (http://data.snapdrgn.net/person/673593/); associated attestation dates: 0219/0270; narrowest range 0219/0270 (51y) -> 3rd century CE expanded +/-50y; confidence medium (<=60y window; rough floruit); source SNAP-DRGN data.snapdrgn.net retrieved 2026-10-04
snap:673594,person,Niketas 0785-08..,,SNAP-DRGN merged ancient person; sources: www.viaf.org,alive,751,950,medium,SNAP-DRGN person 673594 (http://data.snapdrgn.net/person/673594/); associated attestation dates: 0785/0825; narrowest range 0785/0825 (40y) -> 9th century CE expanded +/-50y; confidence medium (<=60y window; rough floruit); source SNAP-DRGN data.snapdrgn.net retrieved 2026-10-04
snap:673595,person,Aspasius; 0100?-0150?,,SNAP-DRGN merged ancient person; sources: www.viaf.org,alive,51,250,low,SNAP-DRGN person 673595 (http://data.snapdrgn.net/person/673595/); associated attestation dates: 0100/0200; narrowest range 0100/0200 (100y) -> 2nd century CE expanded +/-50y; confidence low (century inferred from attestation window); source SNAP-DRGN data.snapdrgn.net retrieved 2026-10-04
snap:673600,person,Democritus Epigrammaticus ca. 3.Jh.n.Chr.,,SNAP-DRGN merged ancient person; sources: www.viaf.org,alive,251,450,low,SNAP-DRGN person 673600 (http://data.snapdrgn.net/person/673600/); associated attestation dates: 0300/0400; narrowest range 0300/0400 (100y) -> 4th century CE expanded +/-50y; confidence low (century inferred from attestation window); source SNAP-DRGN data.snapdrgn.net retrieved 2026-10-04
snap:673601,person,Magnus von Narbonne -475,,SNAP-DRGN merged ancient person; sources: www.viaf.org,alive,-549,-350,medium,SNAP-DRGN person 673601 (http://data.snapdrgn.net/person/673601/); associated attestation dates: -0475; narrowest range -0475 (0y) -> 5th century BCE expanded +/-50y; confidence medium (<=60y window; rough floruit); source SNAP-DRGN data.snapdrgn.net retrieved 2026-10-04
snap:673602,person,Orion 04..-04.. lexicographe,,SNAP-DRGN merged ancient person; sources: www.viaf.org,alive,451,650,low,SNAP-DRGN person 673602 (http://data.snapdrgn.net/person/673602/); associated attestation dates: 0500/0600; narrowest range 0500/0600 (100y) -> 6th century CE expanded +/-50y; confidence low (century inferred from attestation window); source SNAP-DRGN data.snapdrgn.net retrieved 2026-10-04
snap:673606,person,Macrinus Römisches Reich; Kaiser 164-218,,SNAP-DRGN merged ancient person; sources: www.viaf.org,alive,51,250,medium,SNAP-DRGN person 673606 (http://data.snapdrgn.net/person/673606/); associated attestation dates: 0164/0218; narrowest range 0164/0218 (54y) -> 2nd century CE expanded +/-50y; confidence medium (<=60y window; rough floruit); source SNAP-DRGN data.snapdrgn.net retrieved 2026-10-04
snap:673611,person,Mikołaj z Miry (św. ; ca 270-inter 345 et 352).,,SNAP-DRGN merged ancient person; sources: www.viaf.org,alive,351,550,low,SNAP-DRGN person 673611 (http://data.snapdrgn.net/person/673611/); associated attestation dates: 0430/0500; narrowest range 0430/0500 (70y) -> 5th century CE expanded +/-50y; confidence low (century inferred from attestation window); source SNAP-DRGN data.snapdrgn.net retrieved 2026-10-04
snap:673613,person,Venantius von Camerino ca. ca. 235-250,,SNAP-DRGN merged ancient person; sources: www.viaf.org,alive,151,350,medium,SNAP-DRGN person 673613 (http://data.snapdrgn.net/person/673613/); associated attestation dates: 0235/0250; narrowest range 0235/0250 (15y) -> 3rd century CE expanded +/-50y; confidence medium (<=60y window; rough floruit); source SNAP-DRGN data.snapdrgn.net retrieved 2026-10-04
snap:673614,person,Adrianus approximately 113-approximately 193 of Tyre,,SNAP-DRGN merged ancient person; sources: www.viaf.org,alive,51,250,low,SNAP-DRGN person 673614 (http://data.snapdrgn.net/person/673614/); associated attestation dates: 0113/0193; narrowest range 0113/0193 (80y) -> 2nd century CE expanded +/-50y; confidence low (century inferred from attestation window); source SNAP-DRGN data.snapdrgn.net retrieved 2026-10-04
snap:673615,person,Arabius Epigrammaticus 6. Jh,,SNAP-DRGN merged ancient person; sources: www.viaf.org,alive,551,750,low,SNAP-DRGN person 673615 (http://data.snapdrgn.net/person/673615/); associated attestation dates: 0600/0700; narrowest range 0600/0700 (100y) -> 7th century CE expanded +/-50y; confidence low (century inferred from attestation window); source SNAP-DRGN data.snapdrgn.net retrieved 2026-10-04
snap:673619,person,Malchus Monachus ca. 4. Jh.,,SNAP-DRGN merged ancient person; sources: www.viaf.org,alive,351,550,low,SNAP-DRGN person 673619 (http://data.snapdrgn.net/person/673619/); associated attestation dates: 0400/0500; narrowest range 0400/0500 (100y) -> 5th century CE expanded +/-50y; confidence low (century inferred from attestation window); source SNAP-DRGN data.snapdrgn.net retrieved 2026-10-04
snap:673624,person,Quirinus von Neuss ca. 2. Jh.,,SNAP-DRGN merged ancient person; sources: www.viaf.org,alive,51,250,low,SNAP-DRGN person 673624 (http://data.snapdrgn.net/person/673624/); associated attestation dates: 0100/0200; narrowest range 0100/0200 (100y) -> 2nd century CE expanded +/-50y; confidence low (century inferred from attestation window); source SNAP-DRGN data.snapdrgn.net retrieved 2026-10-04
snap:673625,person,Dhuoda,,SNAP-DRGN merged ancient person; sources: www.viaf.org,alive,851,1050,low,SNAP-DRGN person 673625 (http://data.snapdrgn.net/person/673625/); associated attestation dates: 0900/1000; narrowest range 0900/1000 (100y) -> 10th century CE expanded +/-50y; confidence low (century inferred from attestation window); source SNAP-DRGN data.snapdrgn.net retrieved 2026-10-04
snap:673629,person,Nemesianus; Marcus Aurelius Olympius ca. 3. Jh.,,SNAP-DRGN merged ancient person; sources: www.viaf.org,alive,251,450,low,SNAP-DRGN person 673629 (http://data.snapdrgn.net/person/673629/); associated attestation dates: 0300/0400; narrowest range 0300/0400 (100y) -> 4th century CE expanded +/-50y; confidence low (century inferred from attestation window); source SNAP-DRGN data.snapdrgn.net retrieved 2026-10-04
snap:673630,person,Serapion Thmuitanus 300-370,,SNAP-DRGN merged ancient person; sources: www.viaf.org,alive,251,450,low,SNAP-DRGN person 673630 (http://data.snapdrgn.net/person/673630/); associated attestation dates: 0300/0370; narrowest range 0300/0370 (70y) -> 4th century CE expanded +/-50y; confidence low (century inferred from attestation window); source SNAP-DRGN data.snapdrgn.net retrieved 2026-10-04
snap:673631,person,Paulini Petricordiensis; c. 459-c. 490,,SNAP-DRGN merged ancient person; sources: www.viaf.org,alive,351,550,medium,SNAP-DRGN person 673631 (http://data.snapdrgn.net/person/673631/); associated attestation dates: 0459/0490; narrowest range 0459/0490 (31y) -> 5th century CE expanded +/-50y; confidence medium (<=60y window; rough floruit); source SNAP-DRGN data.snapdrgn.net retrieved 2026-10-04
snap:673634,person,Nilus,,SNAP-DRGN merged ancient person; sources: www.viaf.org,alive,-549,-350,medium,SNAP-DRGN person 673634 (http://data.snapdrgn.net/person/673634/); associated attestation dates: -0430; narrowest range -0430 (0y) -> 5th century BCE expanded +/-50y; confidence medium (<=60y window; rough floruit); source SNAP-DRGN data.snapdrgn.net retrieved 2026-10-04
snap:673639,person,Synesius Scholasticus ca. 6. Jh.,,SNAP-DRGN merged ancient person; sources: www.viaf.org,alive,551,750,low,SNAP-DRGN person 673639 (http://data.snapdrgn.net/person/673639/); associated attestation dates: 0600/0700; narrowest range 0600/0700 (100y) -> 7th century CE expanded +/-50y; confidence low (century inferred from attestation window); source SNAP-DRGN data.snapdrgn.net retrieved 2026-10-04
snap:673641,person,Arcadius,,SNAP-DRGN merged ancient person; sources: www.viaf.org,alive,351,550,low,SNAP-DRGN person 673641 (http://data.snapdrgn.net/person/673641/); associated attestation dates: 0400/0500; narrowest range 0400/0500 (100y) -> 5th century CE expanded +/-50y; confidence low (century inferred from attestation window); source SNAP-DRGN data.snapdrgn.net retrieved 2026-10-04
snap:673647,person,Justinianus I; keizer van het Byzantijnse Rijk; 482-565,,SNAP-DRGN merged ancient person; sources: www.viaf.org,alive,451,650,low,SNAP-DRGN person 673647 (http://data.snapdrgn.net/person/673647/); associated attestation dates: 0482/0565; narrowest range 0482/0565 (83y) -> 6th century CE expanded +/-50y; confidence low (century inferred from attestation window); source SNAP-DRGN data.snapdrgn.net retrieved 2026-10-04
snap:673648,person,Titus active approximately 362-378 of Bostra; Bishop of Bostra,,SNAP-DRGN merged ancient person; sources: www.viaf.org,alive,-449,-250,medium,SNAP-DRGN person 673648 (http://data.snapdrgn.net/person/673648/); associated attestation dates: -0378; narrowest range -0378 (0y) -> 4th century BCE expanded +/-50y; confidence medium (<=60y window; rough floruit); source SNAP-DRGN data.snapdrgn.net retrieved 2026-10-04
snap:673650,person,Charicles Historicus ca. 3.Jh.n.Chr.,,SNAP-DRGN merged ancient person; sources: www.viaf.org,alive,251,450,low,SNAP-DRGN person 673650 (http://data.snapdrgn.net/person/673650/); associated attestation dates: 0300/0400; narrowest range 0300/0400 (100y) -> 4th century CE expanded +/-50y; confidence low (century inferred from attestation window); source SNAP-DRGN data.snapdrgn.net retrieved 2026-10-04
snap:673654,person,Euthalius Diaconus ca. 4. Jh.,,SNAP-DRGN merged ancient person; sources: www.viaf.org,alive,351,550,low,SNAP-DRGN person 673654 (http://data.snapdrgn.net/person/673654/); associated attestation dates: 0400/0500; narrowest range 0400/0500 (100y) -> 5th century CE expanded +/-50y; confidence low (century inferred from attestation window); source SNAP-DRGN data.snapdrgn.net retrieved 2026-10-04
snap:673659,person,Isidorus; Hispalensis; ca. 560-636,,SNAP-DRGN merged ancient person; sources: www.viaf.org,alive,451,650,low,SNAP-DRGN person 673659 (http://data.snapdrgn.net/person/673659/); associated attestation dates: 0560/0636; narrowest range 0560/0636 (76y) -> 6th century CE expanded +/-50y; confidence low (century inferred from attestation window); source SNAP-DRGN data.snapdrgn.net retrieved 2026-10-04
snap:673662,person,Iulianus Toletanus 652-690,,SNAP-DRGN merged ancient person; sources: www.viaf.org,alive,551,750,medium,SNAP-DRGN person 673662 (http://data.snapdrgn.net/person/673662/); associated attestation dates: 0652/0690; narrowest range 0652/0690 (38y) -> 7th century CE expanded +/-50y; confidence medium (<=60y window; rough floruit); source SNAP-DRGN data.snapdrgn.net retrieved 2026-10-04
snap:673663,person,Zacharie le Scholastique 0465?-0553?,,SNAP-DRGN merged ancient person; sources: www.viaf.org,alive,451,650,low,SNAP-DRGN person 673663 (http://data.snapdrgn.net/person/673663/); associated attestation dates: 0465/0553; narrowest range 0465/0553 (88y) -> 6th century CE expanded +/-50y; confidence low (century inferred from attestation window); source SNAP-DRGN data.snapdrgn.net retrieved 2026-10-04
snap:673670,person,Appianus,,SNAP-DRGN merged ancient person; sources: www.viaf.org,alive,51,250,low,SNAP-DRGN person 673670 (http://data.snapdrgn.net/person/673670/); associated attestation dates: 0100/0200; narrowest range 0100/0200 (100y) -> 2nd century CE expanded +/-50y; confidence low (century inferred from attestation window); source SNAP-DRGN data.snapdrgn.net retrieved 2026-10-04
snap:673671,person,Quadratus Atheniensis ca. 2. Jh.,,SNAP-DRGN merged ancient person; sources: www.viaf.org,alive,51,250,low,SNAP-DRGN person 673671 (http://data.snapdrgn.net/person/673671/); associated attestation dates: 0100/0200; narrowest range 0100/0200 (100y) -> 2nd century CE expanded +/-50y; confidence low (century inferred from attestation window); source SNAP-DRGN data.snapdrgn.net retrieved 2026-10-04
snap:673673,person,Galerius; Emperor of Rome; approximately 260-313,,SNAP-DRGN merged ancient person; sources: www.viaf.org,alive,-449,-250,medium,SNAP-DRGN person 673673 (http://data.snapdrgn.net/person/673673/); associated attestation dates: -0313; narrowest range -0313 (0y) -> 4th century BCE expanded +/-50y; confidence medium (<=60y window; rough floruit); source SNAP-DRGN data.snapdrgn.net retrieved 2026-10-04
snap:673674,person,Montanus Märtyrer -260,,SNAP-DRGN merged ancient person; sources: www.viaf.org,alive,-349,-150,medium,SNAP-DRGN person 673674 (http://data.snapdrgn.net/person/673674/); associated attestation dates: -0260; narrowest range -0260 (0y) -> 3rd century BCE expanded +/-50y; confidence medium (<=60y window; rough floruit); source SNAP-DRGN data.snapdrgn.net retrieved 2026-10-04
snap:673675,person,Gregorius; Nyssenus; ca. 335-ná 394,,SNAP-DRGN merged ancient person; sources: www.viaf.org,alive,251,450,medium,SNAP-DRGN person 673675 (http://data.snapdrgn.net/person/673675/); associated attestation dates: 0335/0394; narrowest range 0335/0394 (59y) -> 4th century CE expanded +/-50y; confidence medium (<=60y window; rough floruit); source SNAP-DRGN data.snapdrgn.net retrieved 2026-10-04
snap:673677,person,Charlemagne; Emperor; 742-814,,SNAP-DRGN merged ancient person; sources: www.viaf.org,alive,651,850,low,SNAP-DRGN person 673677 (http://data.snapdrgn.net/person/673677/); associated attestation dates: 0742/0814; narrowest range 0742/0814 (72y) -> 8th century CE expanded +/-50y; confidence low (century inferred from attestation window); source SNAP-DRGN data.snapdrgn.net retrieved 2026-10-04
snap:673679,person,Smaragdus; -825,,SNAP-DRGN merged ancient person; sources: www.viaf.org,alive,651,850,low,SNAP-DRGN person 673679 (http://data.snapdrgn.net/person/673679/); associated attestation dates: 0750/0825; narrowest range 0750/0825 (75y) -> 8th century CE expanded +/-50y; confidence low (century inferred from attestation window); source SNAP-DRGN data.snapdrgn.net retrieved 2026-10-04
snap:673682,person,Capella; Martianus Mineus Felix,,SNAP-DRGN merged ancient person; sources: www.viaf.org,alive,451,650,low,SNAP-DRGN person 673682 (http://data.snapdrgn.net/person/673682/); associated attestation dates: 0500/0600; narrowest range 0500/0600 (100y) -> 6th century CE expanded +/-50y; confidence low (century inferred from attestation window); source SNAP-DRGN data.snapdrgn.net retrieved 2026-10-04
snap:673684,person,Martin; saint; 05..-0580?,,SNAP-DRGN merged ancient person; sources: www.viaf.org,alive,451,650,low,SNAP-DRGN person 673684 (http://data.snapdrgn.net/person/673684/); associated attestation dates: 0515/0580; narrowest range 0515/0580 (65y) -> 6th century CE expanded +/-50y; confidence low (century inferred from attestation window); source SNAP-DRGN data.snapdrgn.net retrieved 2026-10-04
snap:673687,person,Cyrillus; van Alexandrie͏̈; c. 370-444,,SNAP-DRGN merged ancient person; sources: www.viaf.org,alive,351,550,low,SNAP-DRGN person 673687 (http://data.snapdrgn.net/person/673687/); associated attestation dates: 0376/0444; narrowest range 0376/0444 (68y) -> 5th century CE expanded +/-50y; confidence low (century inferred from attestation window); source SNAP-DRGN data.snapdrgn.net retrieved 2026-10-04
snap:673691,person,Dioscorus; of Aphrodito,,SNAP-DRGN merged ancient person; sources: www.viaf.org,alive,451,650,low,SNAP-DRGN person 673691 (http://data.snapdrgn.net/person/673691/); associated attestation dates: 0520/0585; narrowest range 0520/0585 (65y) -> 6th century CE expanded +/-50y; confidence low (century inferred from attestation window); source SNAP-DRGN data.snapdrgn.net retrieved 2026-10-04
snap:673694,person,Corippus; Flavius Cresconius.,,SNAP-DRGN merged ancient person; sources: www.viaf.org,alive,451,650,low,SNAP-DRGN person 673694 (http://data.snapdrgn.net/person/673694/); associated attestation dates: 0500/0568; narrowest range 0500/0568 (68y) -> 6th century CE expanded +/-50y; confidence low (century inferred from attestation window); source SNAP-DRGN data.snapdrgn.net retrieved 2026-10-04
snap:673701,person,Pamfil z Cezarei (św. ; -309).,,SNAP-DRGN merged ancient person; sources: www.viaf.org,alive,151,350,medium,SNAP-DRGN person 673701 (http://data.snapdrgn.net/person/673701/); associated attestation dates: 0250/0310; narrowest range 0250/0310 (60y) -> 3rd century CE expanded +/-50y; confidence medium (<=60y window; rough floruit); source SNAP-DRGN data.snapdrgn.net retrieved 2026-10-04
snap:673702,person,Galen,,SNAP-DRGN merged ancient person; sources: www.viaf.org,alive,51,250,low,SNAP-DRGN person 673702 (http://data.snapdrgn.net/person/673702/); associated attestation dates: 0131/0201; narrowest range 0131/0201 (70y) -> 2nd century CE expanded +/-50y; confidence low (century inferred from attestation window); source SNAP-DRGN data.snapdrgn.net retrieved 2026-10-04
snap:673705,person,Dionysius; Aelius 2. Jh.,,SNAP-DRGN merged ancient person; sources: www.viaf.org,alive,51,250,low,SNAP-DRGN person 673705 (http://data.snapdrgn.net/person/673705/); associated attestation dates: 0100/0200; narrowest range 0100/0200 (100y) -> 2nd century CE expanded +/-50y; confidence low (century inferred from attestation window); source SNAP-DRGN data.snapdrgn.net retrieved 2026-10-04
snap:673708,person,Pontius Carthaginiensis,,SNAP-DRGN merged ancient person; sources: www.viaf.org,alive,251,450,low,SNAP-DRGN person 673708 (http://data.snapdrgn.net/person/673708/); associated attestation dates: 0300/0400; narrowest range 0300/0400 (100y) -> 4th century CE expanded +/-50y; confidence low (century inferred from attestation window); source SNAP-DRGN data.snapdrgn.net retrieved 2026-10-04
snap:673714,person,Columbanus; sanctus,,SNAP-DRGN merged ancient person; sources: www.viaf.org,alive,451,650,low,SNAP-DRGN person 673714 (http://data.snapdrgn.net/person/673714/); associated attestation dates: 0543/0615; narrowest range 0543/0615 (72y) -> 6th century CE expanded +/-50y; confidence low (century inferred from attestation window); source SNAP-DRGN data.snapdrgn.net retrieved 2026-10-04
snap:673723,person,Maximinus Thrax Römisches Reich; Kaiser ca. 173-238,,SNAP-DRGN merged ancient person; sources: www.viaf.org,alive,151,350,low,SNAP-DRGN person 673723 (http://data.snapdrgn.net/person/673723/); associated attestation dates: 0173/0238; narrowest range 0173/0238 (65y) -> 3rd century CE expanded +/-50y; confidence low (century inferred from attestation window); source SNAP-DRGN data.snapdrgn.net retrieved 2026-10-04
snap:673724,person,Théodoret de Cyr; 0393?-0466?,,SNAP-DRGN merged ancient person; sources: www.viaf.org,alive,351,550,low,SNAP-DRGN person 673724 (http://data.snapdrgn.net/person/673724/); associated attestation dates: 0393/0466; narrowest range 0393/0466 (73y) -> 5th century CE expanded +/-50y; confidence low (century inferred from attestation window); source SNAP-DRGN data.snapdrgn.net retrieved 2026-10-04
snap:673725,person,Marcion Sinopensis ca. 2. Jh.,,SNAP-DRGN merged ancient person; sources: www.viaf.org,alive,51,250,low,SNAP-DRGN person 673725 (http://data.snapdrgn.net/person/673725/); associated attestation dates: 0100/0200; narrowest range 0100/0200 (100y) -> 2nd century CE expanded +/-50y; confidence low (century inferred from attestation window); source SNAP-DRGN data.snapdrgn.net retrieved 2026-10-04
snap:673726,person,Augurius Diakon -259,,SNAP-DRGN merged ancient person; sources: www.viaf.org,alive,-349,-150,medium,SNAP-DRGN person 673726 (http://data.snapdrgn.net/person/673726/); associated attestation dates: -0259; narrowest range -0259 (0y) -> 3rd century BCE expanded +/-50y; confidence medium (<=60y window; rough floruit); source SNAP-DRGN data.snapdrgn.net retrieved 2026-10-04
snap:673728,person,Vigilius active 5th century Bishop of Thapsus,,SNAP-DRGN merged ancient person; sources: www.viaf.org,alive,-549,-350,medium,SNAP-DRGN person 673728 (http://data.snapdrgn.net/person/673728/); associated attestation dates: -0484; narrowest range -0484 (0y) -> 5th century BCE expanded +/-50y; confidence medium (<=60y window; rough floruit); source SNAP-DRGN data.snapdrgn.net retrieved 2026-10-04
snap:673729,person,Gelasius I. Papst -496,,SNAP-DRGN merged ancient person; sources: www.viaf.org,alive,-549,-350,medium,SNAP-DRGN person 673729 (http://data.snapdrgn.net/person/673729/); associated attestation dates: -0496; narrowest range -0496 (0y) -> 5th century BCE expanded +/-50y; confidence medium (<=60y window; rough floruit); source SNAP-DRGN data.snapdrgn.net retrieved 2026-10-04
snap:673731,person,Isidorus Scholasticus fl.6. Jh,,SNAP-DRGN merged ancient person; sources: www.viaf.org,alive,551,750,low,SNAP-DRGN person 673731 (http://data.snapdrgn.net/person/673731/); associated attestation dates: 0600/0700; narrowest range 0600/0700 (100y) -> 7th century CE expanded +/-50y; confidence low (century inferred from attestation window); source SNAP-DRGN data.snapdrgn.net retrieved 2026-10-04
snap:673734,person,Diomedes Grammaticus ca. 4. Jh.,,SNAP-DRGN merged ancient person; sources: www.viaf.org,alive,351,550,low,SNAP-DRGN person 673734 (http://data.snapdrgn.net/person/673734/); associated attestation dates: 0400/0500; narrowest range 0400/0500 (100y) -> 5th century CE expanded +/-50y; confidence low (century inferred from attestation window); source SNAP-DRGN data.snapdrgn.net retrieved 2026-10-04
snap:673735,person,Soranos d&#39;Éphèse,,SNAP-DRGN merged ancient person; sources: www.viaf.org,alive,51,250,low,SNAP-DRGN person 673735 (http://data.snapdrgn.net/person/673735/); associated attestation dates: 0100/0200; narrowest range 0100/0200 (100y) -> 2nd century CE expanded +/-50y; confidence low (century inferred from attestation window); source SNAP-DRGN data.snapdrgn.net retrieved 2026-10-04
snap:673736,person,Hincmarus; archevêque de Reims,,SNAP-DRGN merged ancient person; sources: www.viaf.org,alive,751,950,low,SNAP-DRGN person 673736 (http://data.snapdrgn.net/person/673736/); associated attestation dates: 0806/0882; narrowest range 0806/0882 (76y) -> 9th century CE expanded +/-50y; confidence low (century inferred from attestation window); source SNAP-DRGN data.snapdrgn.net retrieved 2026-10-04
snap:673737,person,Eunomius; Bishop of Cyzicus; approximately 335-approximately 394,,SNAP-DRGN merged ancient person; sources: www.viaf.org,alive,-449,-250,medium,SNAP-DRGN person 673737 (http://data.snapdrgn.net/person/673737/); associated attestation dates: -0394; narrowest range -0394 (0y) -> 4th century BCE expanded +/-50y; confidence medium (<=60y window; rough floruit); source SNAP-DRGN data.snapdrgn.net retrieved 2026-10-04
snap:673739,person,Walahfrid Strabo; 807?-849,,SNAP-DRGN merged ancient person; sources: www.viaf.org,alive,751,950,medium,SNAP-DRGN person 673739 (http://data.snapdrgn.net/person/673739/); associated attestation dates: 0808/0849; narrowest range 0808/0849 (41y) -> 9th century CE expanded +/-50y; confidence medium (<=60y window; rough floruit); source SNAP-DRGN data.snapdrgn.net retrieved 2026-10-04
snap:673743,person,Aceratus Gramm. A.D. 1,,SNAP-DRGN merged ancient person; sources: www.viaf.org,alive,-49,150,low,SNAP-DRGN person 673743 (http://data.snapdrgn.net/person/673743/); associated attestation dates: 0000/0100; narrowest range 0000/0100 (100y) -> 1st century CE expanded +/-50y; confidence low (century inferred from attestation window); source SNAP-DRGN data.snapdrgn.net retrieved 2026-10-04
snap:673749,person,Ammianus Marcellinus; ca330-ca400,,SNAP-DRGN merged ancient person; sources: www.viaf.org,alive,251,450,low,SNAP-DRGN person 673749 (http://data.snapdrgn.net/person/673749/); associated attestation dates: 0330/0395; narrowest range 0330/0395 (65y) -> 4th century CE expanded +/-50y; confidence low (century inferred from attestation window); source SNAP-DRGN data.snapdrgn.net retrieved 2026-10-04
snap:673750,person,Salome Schwester des Herodes I. -10,,SNAP-DRGN merged ancient person; sources: www.viaf.org,alive,-149,50,medium,SNAP-DRGN person 673750 (http://data.snapdrgn.net/person/673750/); associated attestation dates: -0010; narrowest range -0010 (0y) -> 1st century BCE expanded +/-50y; confidence medium (<=60y window; rough floruit); source SNAP-DRGN data.snapdrgn.net retrieved 2026-10-04
snap:673753,person,Pelagius Märtyrer ca. 3. Jh.,,SNAP-DRGN merged ancient person; sources: www.viaf.org,alive,251,450,low,SNAP-DRGN person 673753 (http://data.snapdrgn.net/person/673753/); associated attestation dates: 0300/0400; narrowest range 0300/0400 (100y) -> 4th century CE expanded +/-50y; confidence low (century inferred from attestation window); source SNAP-DRGN data.snapdrgn.net retrieved 2026-10-04
snap:673754,person,Peiqias,AELIA PITHIAS,SNAP-DRGN merged ancient person; sources: LGPN; PIR,alive,-349,-150,medium,SNAP-DRGN person 673754 (http://data.snapdrgn.net/person/673754/); associated attestation dates: -0275/-0225;0001/0300; narrowest range -0275/-0225 (50y) -> 3rd century BCE expanded +/-50y; confidence medium (<=60y window; rough floruit); source SNAP-DRGN data.snapdrgn.net retrieved 2026-10-04
snap:673755,person,Drakwn,TI. CLAV(DIVS) DRACO,SNAP-DRGN merged ancient person; sources: LGPN; PIR,alive,-349,-150,medium,SNAP-DRGN person 673755 (http://data.snapdrgn.net/person/673755/); associated attestation dates: -0275/-0225;0001/0300; narrowest range -0275/-0225 (50y) -> 3rd century BCE expanded +/-50y; confidence medium (<=60y window; rough floruit); source SNAP-DRGN data.snapdrgn.net retrieved 2026-10-04
snap:673756,person,TIB. CLAVDIVS HERMIAS plenius TIB. CLAVDIVS HERMIAS THEOPROPVS,Ermeias,SNAP-DRGN merged ancient person; sources: LGPN; PIR,alive,151,350,medium,SNAP-DRGN person 673756 (http://data.snapdrgn.net/person/673756/); associated attestation dates: 0220/0250;0001/0300; narrowest range 0220/0250 (30y) -> 3rd century CE expanded +/-50y; confidence medium (<=60y window; rough floruit); source SNAP-DRGN data.snapdrgn.net retrieved 2026-10-04
snap:673757,person,Drakwn,M. Aur(elius) Rhodopithes [D]raco,SNAP-DRGN merged ancient person; sources: LGPN; PIR,alive,151,350,low,SNAP-DRGN person 673757 (http://data.snapdrgn.net/person/673757/); associated attestation dates: 0200/0300;0001/0300; narrowest range 0200/0300 (100y) -> 3rd century CE expanded +/-50y; confidence low (century inferred from attestation window); source SNAP-DRGN data.snapdrgn.net retrieved 2026-10-04
snap:673758,person,L. Flavius Sulpicianus Dorio,Dwriwn,SNAP-DRGN merged ancient person; sources: LGPN; PIR,alive,51,250,medium,SNAP-DRGN person 673758 (http://data.snapdrgn.net/person/673758/); associated attestation dates: 0164/0172;0001/0300; narrowest range 0164/0172 (8y) -> 2nd century CE expanded +/-50y; confidence medium (<=60y window; rough floruit); source SNAP-DRGN data.snapdrgn.net retrieved 2026-10-04
snap:673759,person,L. FLAVIVS SVLPICIANVS DORIO POLYMNIS,Polumnis,SNAP-DRGN merged ancient person; sources: LGPN; PIR,alive,51,250,medium,SNAP-DRGN person 673759 (http://data.snapdrgn.net/person/673759/); associated attestation dates: 0170/0170;0001/0300; narrowest range 0170/0170 (0y) -> 2nd century CE expanded +/-50y; confidence medium (<=60y window; rough floruit); source SNAP-DRGN data.snapdrgn.net retrieved 2026-10-04
snap:673760,person,P. Herennius Ptolemaeus,Ptolemaios,SNAP-DRGN merged ancient person; sources: LGPN; PIR,alive,151,350,medium,SNAP-DRGN person 673760 (http://data.snapdrgn.net/person/673760/); associated attestation dates: 0275/0325;0001/0300; narrowest range 0275/0325 (50y) -> 3rd century CE expanded +/-50y; confidence medium (<=60y window; rough floruit); source SNAP-DRGN data.snapdrgn.net retrieved 2026-10-04
snap:673761,person,Herennius Ptolemaeus,Ptolemaios,SNAP-DRGN merged ancient person; sources: LGPN; PIR,alive,151,350,medium,SNAP-DRGN person 673761 (http://data.snapdrgn.net/person/673761/); associated attestation dates: 0255/0256;0001/0300; narrowest range 0255/0256 (1y) -> 3rd century CE expanded +/-50y; confidence medium (<=60y window; rough floruit); source SNAP-DRGN data.snapdrgn.net retrieved 2026-10-04
snap:673762,person,Argolikos,(Iulius) Argolicus,SNAP-DRGN merged ancient person; sources: LGPN; PIR,alive,-49,150,medium,SNAP-DRGN person 673762 (http://data.snapdrgn.net/person/673762/); associated attestation dates: 0001/0050;0001/0300; narrowest range 0001/0050 (49y) -> 1st century CE expanded +/-50y; confidence medium (<=60y window; rough floruit); source SNAP-DRGN data.snapdrgn.net retrieved 2026-10-04
snap:673763,person,(TI. CLAVDIVS) BRASIDAS,Brasidas,SNAP-DRGN merged ancient person; sources: LGPN; PIR,alive,51,250,medium,SNAP-DRGN person 673763 (http://data.snapdrgn.net/person/673763/); associated attestation dates: 0115/0175;0001/0300; narrowest range 0115/0175 (60y) -> 2nd century CE expanded +/-50y; confidence medium (<=60y window; rough floruit); source SNAP-DRGN data.snapdrgn.net retrieved 2026-10-04
snap:673764,person,C. Iulius Deximachus,Deximacos,SNAP-DRGN merged ancient person; sources: LGPN; PIR,alive,-149,50,medium,SNAP-DRGN person 673764 (http://data.snapdrgn.net/person/673764/); associated attestation dates: -0035/-0035;0001/0300; narrowest range -0035/-0035 (0y) -> 1st century BCE expanded +/-50y; confidence medium (<=60y window; rough floruit); source SNAP-DRGN data.snapdrgn.net retrieved 2026-10-04
snap:673765,person,C. Iulius Eurycles,Euruklhs,SNAP-DRGN merged ancient person; sources: LGPN; PIR,alive,-149,50,medium,SNAP-DRGN person 673765 (http://data.snapdrgn.net/person/673765/); associated attestation dates: 0001/0300;-0060/-0002; narrowest range -0060/-0002 (58y) -> 1st century BCE expanded +/-50y; confidence medium (<=60y window; rough floruit); source SNAP-DRGN data.snapdrgn.net retrieved 2026-10-04
snap:673766,person,C. IVLIVS EVRYCLES HERCVLANVS L. VIBVLLIVS PIVS,Euruklhs,SNAP-DRGN merged ancient person; sources: LGPN; PIR,alive,51,250,low,SNAP-DRGN person 673766 (http://data.snapdrgn.net/person/673766/); associated attestation dates: 0073/0136;0001/0300; narrowest range 0073/0136 (63y) -> 2nd century CE expanded +/-50y; confidence low (century inferred from attestation window); source SNAP-DRGN data.snapdrgn.net retrieved 2026-10-04
snap:673767,person,Lakwn,C. Iulius Laco,SNAP-DRGN merged ancient person; sources: LGPN; PIR,alive,-149,50,medium,SNAP-DRGN person 673767 (http://data.snapdrgn.net/person/673767/); associated attestation dates: -0020/-0020;0001/0300; narrowest range -0020/-0020 (0y) -> 1st century BCE expanded +/-50y; confidence medium (<=60y window; rough floruit); source SNAP-DRGN data.snapdrgn.net retrieved 2026-10-04
snap:673768,person,Nikhratos,TI. CLAVDIVS FRONTINVS NICERATVS,SNAP-DRGN merged ancient person; sources: LGPN; PIR,alive,51,250,medium,SNAP-DRGN person 673768 (http://data.snapdrgn.net/person/673768/); associated attestation dates: 0150/0199;0001/0300; narrowest range 0150/0199 (49y) -> 2nd century CE expanded +/-50y; confidence medium (<=60y window; rough floruit); source SNAP-DRGN data.snapdrgn.net retrieved 2026-10-04
snap:673769,person,Saiqidas,Ti. Claudius Saethida Caelianus,SNAP-DRGN merged ancient person; sources: LGPN; PIR,alive,51,250,medium,SNAP-DRGN person 673769 (http://data.snapdrgn.net/person/673769/); associated attestation dates: 0175/0225;0001/0300; narrowest range 0175/0225 (50y) -> 2nd century CE expanded +/-50y; confidence medium (<=60y window; rough floruit); source SNAP-DRGN data.snapdrgn.net retrieved 2026-10-04
snap:673770,person,TI. CLAVDIVS SAETHIDA CETHEGVS FRONTINVS,Saiqidas,SNAP-DRGN merged ancient person; sources: LGPN; PIR,alive,151,350,medium,SNAP-DRGN person 673770 (http://data.snapdrgn.net/person/673770/); associated attestation dates: 0275/0325;0001/0300; narrowest range 0275/0325 (50y) -> 3rd century CE expanded +/-50y; confidence medium (<=60y window; rough floruit); source SNAP-DRGN data.snapdrgn.net retrieved 2026-10-04
snap:673771,person,Menandros,L. Gellius Menander,SNAP-DRGN merged ancient person; sources: LGPN; PIR,alive,51,250,low,SNAP-DRGN person 673771 (http://data.snapdrgn.net/person/673771/); associated attestation dates: 0001/0300;0100/0200; narrowest range 0100/0200 (100y) -> 2nd century CE expanded +/-50y; confidence low (century inferred from attestation window); source SNAP-DRGN data.snapdrgn.net retrieved 2026-10-04
snap:673772,person,Iulius Menecrates,Menekraths,SNAP-DRGN merged ancient person; sources: LGPN; PIR,alive,-49,150,low,SNAP-DRGN person 673772 (http://data.snapdrgn.net/person/673772/); associated attestation dates: 0001/0300;0000/0100; narrowest range 0000/0100 (100y) -> 1st century CE expanded +/-50y; confidence low (century inferred from attestation window); source SNAP-DRGN data.snapdrgn.net retrieved 2026-10-04
snap:673773,person,T. Fl(avius) Philinus,Filinos,SNAP-DRGN merged ancient person; sources: LGPN; PIR,alive,51,250,medium,SNAP-DRGN person 673773 (http://data.snapdrgn.net/person/673773/); associated attestation dates: 0175/0225;0001/0300; narrowest range 0175/0225 (50y) -> 2nd century CE expanded +/-50y; confidence medium (<=60y window; rough floruit); source SNAP-DRGN data.snapdrgn.net retrieved 2026-10-04
snap:673774,person,T. FL(AVIVS) PHILINVS,Filinos,SNAP-DRGN merged ancient person; sources: LGPN; PIR,alive,51,250,medium,SNAP-DRGN person 673774 (http://data.snapdrgn.net/person/673774/); associated attestation dates: 0150/0199;0001/0300; narrowest range 0150/0199 (49y) -> 2nd century CE expanded +/-50y; confidence medium (<=60y window; rough floruit); source SNAP-DRGN data.snapdrgn.net retrieved 2026-10-04
snap:673775,person,Kotus,Cotys,SNAP-DRGN merged ancient person; sources: LGPN; PIR,alive,-149,50,medium,SNAP-DRGN person 673775 (http://data.snapdrgn.net/person/673775/); associated attestation dates: 0001/0300;-0042/-0018; narrowest range -0042/-0018 (24y) -> 1st century BCE expanded +/-50y; confidence medium (<=60y window; rough floruit); source SNAP-DRGN data.snapdrgn.net retrieved 2026-10-04
snap:673776,person,Kotus,Cotys,SNAP-DRGN merged ancient person; sources: LGPN; PIR,alive,-49,150,medium,SNAP-DRGN person 673776 (http://data.snapdrgn.net/person/673776/); associated attestation dates: 0001/0300;0012/0019; narrowest range 0012/0019 (7y) -> 1st century CE expanded +/-50y; confidence medium (<=60y window; rough floruit); source SNAP-DRGN data.snapdrgn.net retrieved 2026-10-04
snap:673777,person,Kotus,Cotys,SNAP-DRGN merged ancient person; sources: LGPN; PIR,alive,-49,150,medium,SNAP-DRGN person 673777 (http://data.snapdrgn.net/person/673777/); associated attestation dates: 0019/0047;0001/0300; narrowest range 0019/0047 (28y) -> 1st century CE expanded +/-50y; confidence medium (<=60y window; rough floruit); source SNAP-DRGN data.snapdrgn.net retrieved 2026-10-04
snap:673778,person,Kotus,Cotys,SNAP-DRGN merged ancient person; sources: LGPN; PIR,alive,-149,50,medium,SNAP-DRGN person 673778 (http://data.snapdrgn.net/person/673778/); associated attestation dates: -0042/-0020;0001/0300; narrowest range -0042/-0020 (22y) -> 1st century BCE expanded +/-50y; confidence medium (<=60y window; rough floruit); source SNAP-DRGN data.snapdrgn.net retrieved 2026-10-04
snap:673779,person,Moukaporis,Mucapor,SNAP-DRGN merged ancient person; sources: LGPN; PIR,alive,151,350,medium,SNAP-DRGN person 673779 (http://data.snapdrgn.net/person/673779/); associated attestation dates: 0272/0275;0001/0300; narrowest range 0272/0275 (3y) -> 3rd century CE expanded +/-50y; confidence medium (<=60y window; rough floruit); source SNAP-DRGN data.snapdrgn.net retrieved 2026-10-04
snap:673780,person,Moukianos,Mucianus,SNAP-DRGN merged ancient person; sources: LGPN; PIR,alive,151,350,medium,SNAP-DRGN person 673780 (http://data.snapdrgn.net/person/673780/); associated attestation dates: 0268/0268;0001/0300; narrowest range 0268/0268 (0y) -> 3rd century CE expanded +/-50y; confidence medium (<=60y window; rough floruit); source SNAP-DRGN data.snapdrgn.net retrieved 2026-10-04
snap:673781,person,Iulius Polemo (II.),Polemwn,SNAP-DRGN merged ancient person; sources: LGPN; PIR,alive,-49,150,medium,SNAP-DRGN person 673781 (http://data.snapdrgn.net/person/673781/); associated attestation dates: 0010/0067;0001/0300; narrowest range 0010/0067 (57y) -> 1st century CE expanded +/-50y; confidence medium (<=60y window; rough floruit); source SNAP-DRGN data.snapdrgn.net retrieved 2026-10-04
snap:673782,person,Puqodwris,Pythodoris (II),SNAP-DRGN merged ancient person; sources: LGPN; PIR,alive,-49,150,medium,SNAP-DRGN person 673782 (http://data.snapdrgn.net/person/673782/); associated attestation dates: 0001/0050;0001/0300; narrowest range 0001/0050 (49y) -> 1st century CE expanded +/-50y; confidence medium (<=60y window; rough floruit); source SNAP-DRGN data.snapdrgn.net retrieved 2026-10-04
snap:673783,person,Raskouporis,Rhaiscuporis,SNAP-DRGN merged ancient person; sources: LGPN; PIR,alive,-149,50,medium,SNAP-DRGN person 673783 (http://data.snapdrgn.net/person/673783/); associated attestation dates: -0048/-0042;0001/0300; narrowest range -0048/-0042 (6y) -> 1st century BCE expanded +/-50y; confidence medium (<=60y window; rough floruit); source SNAP-DRGN data.snapdrgn.net retrieved 2026-10-04
snap:673784,person,Rhascuporis,Raskouporis,SNAP-DRGN merged ancient person; sources: LGPN; PIR,alive,-49,150,medium,SNAP-DRGN person 673784 (http://data.snapdrgn.net/person/673784/); associated attestation dates: 0006/0019;0001/0300; narrowest range 0006/0019 (13y) -> 1st century CE expanded +/-50y; confidence medium (<=60y window; rough floruit); source SNAP-DRGN data.snapdrgn.net retrieved 2026-10-04
snap:673785,person,Rhascuporis,Raskouporis,SNAP-DRGN merged ancient person; sources: LGPN; PIR,alive,-149,50,medium,SNAP-DRGN person 673785 (http://data.snapdrgn.net/person/673785/); associated attestation dates: -0016/-0011;0001/0300; narrowest range -0016/-0011 (5y) -> 1st century BCE expanded +/-50y; confidence medium (<=60y window; rough floruit); source SNAP-DRGN data.snapdrgn.net retrieved 2026-10-04
snap:673786,person,Roimhtalkas,Rhoemetalces,SNAP-DRGN merged ancient person; sources: LGPN; PIR,alive,-149,50,medium,SNAP-DRGN person 673786 (http://data.snapdrgn.net/person/673786/); associated attestation dates: -0031/-0031;0001/0300; narrowest range -0031/-0031 (0y) -> 1st century BCE expanded +/-50y; confidence medium (<=60y window; rough floruit); source SNAP-DRGN data.snapdrgn.net retrieved 2026-10-04
snap:673787,person,Roimhtalkas,Rhoemetalces,SNAP-DRGN merged ancient person; sources: LGPN; PIR,alive,-49,150,medium,SNAP-DRGN person 673787 (http://data.snapdrgn.net/person/673787/); associated attestation dates: 0005/0046;0001/0300; narrowest range 0005/0046 (41y) -> 1st century CE expanded +/-50y; confidence medium (<=60y window; rough floruit); source SNAP-DRGN data.snapdrgn.net retrieved 2026-10-04
snap:673788,person,Roimhtalkas,C. Iulius Rhoemetalces (II.),SNAP-DRGN merged ancient person; sources: LGPN; PIR,alive,-49,150,medium,SNAP-DRGN person 673788 (http://data.snapdrgn.net/person/673788/); associated attestation dates: 0018/0038;0001/0300; narrowest range 0018/0038 (20y) -> 1st century CE expanded +/-50y; confidence medium (<=60y window; rough floruit); source SNAP-DRGN data.snapdrgn.net retrieved 2026-10-04
snap:673789,person,Roufos,Rufus,SNAP-DRGN merged ancient person; sources: LGPN; PIR,alive,51,250,low,SNAP-DRGN person 673789 (http://data.snapdrgn.net/person/673789/); associated attestation dates: 0001/0300;0100/0200; narrowest range 0100/0200 (100y) -> 2nd century CE expanded +/-50y; confidence low (century inferred from attestation window); source SNAP-DRGN data.snapdrgn.net retrieved 2026-10-04
snap:673790,person,Iulia Phyllis,Fullis,SNAP-DRGN merged ancient person; sources: LGPN; PIR,alive,-149,50,medium,SNAP-DRGN person 673790 (http://data.snapdrgn.net/person/673790/); associated attestation dates: -0025/0025;0001/0300; narrowest range -0025/0025 (49y) -> 1st century BCE expanded +/-50y; confidence medium (<=60y window; rough floruit); source SNAP-DRGN data.snapdrgn.net retrieved 2026-10-04
snap:673791,person,Ailia,Aelia,SNAP-DRGN merged ancient person; sources: LGPN; PIR,alive,151,350,medium,SNAP-DRGN person 673791 (http://data.snapdrgn.net/person/673791/); associated attestation dates: 0001/0300;0275/0278; narrowest range 0275/0278 (3y) -> 3rd century CE expanded +/-50y; confidence medium (<=60y window; rough floruit); source SNAP-DRGN data.snapdrgn.net retrieved 2026-10-04
snap:673792,person,Asandros,Asander,SNAP-DRGN merged ancient person; sources: LGPN; PIR,alive,-149,50,low,SNAP-DRGN person 673792 (http://data.snapdrgn.net/person/673792/); associated attestation dates: -0090/-0017;0001/0300; narrowest range -0090/-0017 (73y) -> 1st century BCE expanded +/-50y; confidence low (century inferred from attestation window); source SNAP-DRGN data.snapdrgn.net retrieved 2026-10-04
snap:673793,person,Aspurgus,Aspourgos,SNAP-DRGN merged ancient person; sources: LGPN; PIR,alive,-149,50,medium,SNAP-DRGN person 673793 (http://data.snapdrgn.net/person/673793/); associated attestation dates: 0001/0300;-0030/-0030; narrowest range -0030/-0030 (0y) -> 1st century BCE expanded +/-50y; confidence medium (<=60y window; rough floruit); source SNAP-DRGN data.snapdrgn.net retrieved 2026-10-04
snap:673794,person,Ti. Iulius Eupator,Eupatwr,SNAP-DRGN merged ancient person; sources: LGPN; PIR,alive,51,250,medium,SNAP-DRGN person 673794 (http://data.snapdrgn.net/person/673794/); associated attestation dates: 0125/0173;0001/0300; narrowest range 0125/0173 (48y) -> 2nd century CE expanded +/-50y; confidence medium (<=60y window; rough floruit); source SNAP-DRGN data.snapdrgn.net retrieved 2026-10-04
snap:673795,person,Ininqimaios,Ti. Iulius Ininthimaeus,SNAP-DRGN merged ancient person; sources: LGPN; PIR,alive,151,350,medium,SNAP-DRGN person 673795 (http://data.snapdrgn.net/person/673795/); associated attestation dates: 0200/0239;0001/0300; narrowest range 0200/0239 (39y) -> 3rd century CE expanded +/-50y; confidence medium (<=60y window; rough floruit); source SNAP-DRGN data.snapdrgn.net retrieved 2026-10-04
snap:673796,person,Ioulianos,Iulianus,SNAP-DRGN merged ancient person; sources: LGPN; PIR,alive,51,250,low,SNAP-DRGN person 673796 (http://data.snapdrgn.net/person/673796/); associated attestation dates: 0001/0300;0100/0200; narrowest range 0100/0200 (100y) -> 2nd century CE expanded +/-50y; confidence low (century inferred from attestation window); source SNAP-DRGN data.snapdrgn.net retrieved 2026-10-04
snap:673797,person,Kotus,Cotys,SNAP-DRGN merged ancient person; sources: LGPN; PIR,alive,-49,150,medium,SNAP-DRGN person 673797 (http://data.snapdrgn.net/person/673797/); associated attestation dates: 0010/0067;0001/0300; narrowest range 0010/0067 (57y) -> 1st century CE expanded +/-50y; confidence medium (<=60y window; rough floruit); source SNAP-DRGN data.snapdrgn.net retrieved 2026-10-04
snap:673798,person,Kotus,Ti. Iulius Cotys (II.),SNAP-DRGN merged ancient person; sources: LGPN; PIR,alive,51,250,medium,SNAP-DRGN person 673798 (http://data.snapdrgn.net/person/673798/); associated attestation dates: 0001/0300;0100/0132; narrowest range 0100/0132 (32y) -> 2nd century CE expanded +/-50y; confidence medium (<=60y window; rough floruit); source SNAP-DRGN data.snapdrgn.net retrieved 2026-10-04
snap:673799,person,Ti. Iulius Cotys (III.),Kotus,SNAP-DRGN merged ancient person; sources: LGPN; PIR,alive,151,350,medium,SNAP-DRGN person 673799 (http://data.snapdrgn.net/person/673799/); associated attestation dates: 0200/0233;0001/0300; narrowest range 0200/0233 (33y) -> 3rd century CE expanded +/-50y; confidence medium (<=60y window; rough floruit); source SNAP-DRGN data.snapdrgn.net retrieved 2026-10-04
snap:673800,person,Malassas,,SNAP-DRGN merged ancient person; sources: LGPN; PIR,alive,51,250,low,SNAP-DRGN person 673800 (http://data.snapdrgn.net/person/673800/); associated attestation dates: 0001/0300;0100/0200; narrowest range 0100/0200 (100y) -> 2nd century CE expanded +/-50y; confidence low (century inferred from attestation window); source SNAP-DRGN data.snapdrgn.net retrieved 2026-10-04
snap:673801,person,Rhskouporis,Rh(escuporis I.?),SNAP-DRGN merged ancient person; sources: LGPN; PIR,alive,-149,50,medium,SNAP-DRGN person 673801 (http://data.snapdrgn.net/person/673801/); associated attestation dates: -0025/0025;0001/0300; narrowest range -0025/0025 (49y) -> 1st century BCE expanded +/-50y; confidence medium (<=60y window; rough floruit); source SNAP-DRGN data.snapdrgn.net retrieved 2026-10-04
snap:673802,person,Rhskouporis,Ti. Iulius Rhescuporis (II.),SNAP-DRGN merged ancient person; sources: LGPN; PIR,alive,-49,150,medium,SNAP-DRGN person 673802 (http://data.snapdrgn.net/person/673802/); associated attestation dates: 0040/0093;0001/0300; narrowest range 0040/0093 (53y) -> 1st century CE expanded +/-50y; confidence medium (<=60y window; rough floruit); source SNAP-DRGN data.snapdrgn.net retrieved 2026-10-04
snap:673803,person,Ti. Iulius Rhescuporis (III.),Rhskouporis,SNAP-DRGN merged ancient person; sources: LGPN; PIR,alive,151,350,medium,SNAP-DRGN person 673803 (http://data.snapdrgn.net/person/673803/); associated attestation dates: 0001/0300;0180/0226; narrowest range 0180/0226 (46y) -> 3rd century CE expanded +/-50y; confidence medium (<=60y window; rough floruit); source SNAP-DRGN data.snapdrgn.net retrieved 2026-10-04
snap:673804,person,Ti. Iulius Rhescuporis (V.),Rhskouporis,SNAP-DRGN merged ancient person; sources: LGPN; PIR,alive,151,350,medium,SNAP-DRGN person 673804 (http://data.snapdrgn.net/person/673804/); associated attestation dates: 0220/0276;0001/0300; narrowest range 0220/0276 (56y) -> 3rd century CE expanded +/-50y; confidence medium (<=60y window; rough floruit); source SNAP-DRGN data.snapdrgn.net retrieved 2026-10-04
snap:673805,person,Rhskouporis,Rhescuporis (IV.),SNAP-DRGN merged ancient person; sources: LGPN; PIR,alive,151,350,medium,SNAP-DRGN person 673805 (http://data.snapdrgn.net/person/673805/); associated attestation dates: 0233/0234;0001/0300; narrowest range 0233/0234 (1y) -> 3rd century CE expanded +/-50y; confidence medium (<=60y window; rough floruit); source SNAP-DRGN data.snapdrgn.net retrieved 2026-10-04
snap:673806,person,Rhsmagas,Rhesmagas,SNAP-DRGN merged ancient person; sources: LGPN; PIR,alive,51,250,low,SNAP-DRGN person 673806 (http://data.snapdrgn.net/person/673806/); associated attestation dates: 0001/0300;0100/0200; narrowest range 0100/0200 (100y) -> 2nd century CE expanded +/-50y; confidence low (century inferred from attestation window); source SNAP-DRGN data.snapdrgn.net retrieved 2026-10-04
snap:673807,person,Roimhtalkhs,Ti. Iulius Rhoemetalces,SNAP-DRGN merged ancient person; sources: LGPN; PIR,alive,51,250,medium,SNAP-DRGN person 673807 (http://data.snapdrgn.net/person/673807/); associated attestation dates: 0100/0154;0001/0300; narrowest range 0100/0154 (54y) -> 2nd century CE expanded +/-50y; confidence medium (<=60y window; rough floruit); source SNAP-DRGN data.snapdrgn.net retrieved 2026-10-04
snap:673808,person,Ti. Iulius Sauromates (I.),Sauromaths,SNAP-DRGN merged ancient person; sources: LGPN; PIR,alive,-49,150,medium,SNAP-DRGN person 673808 (http://data.snapdrgn.net/person/673808/); associated attestation dates: 0070/0123;0001/0300; narrowest range 0070/0123 (53y) -> 1st century CE expanded +/-50y; confidence medium (<=60y window; rough floruit); source SNAP-DRGN data.snapdrgn.net retrieved 2026-10-04
snap:673809,person,Ti. Iulius Sauromates (II.),Sauromaths,SNAP-DRGN merged ancient person; sources: LGPN; PIR,alive,51,250,medium,SNAP-DRGN person 673809 (http://data.snapdrgn.net/person/673809/); associated attestation dates: 0150/0210;0001/0300; narrowest range 0150/0210 (60y) -> 2nd century CE expanded +/-50y; confidence medium (<=60y window; rough floruit); source SNAP-DRGN data.snapdrgn.net retrieved 2026-10-04
snap:673810,person,Tiranhs,Ti. Iulius Tiranes,SNAP-DRGN merged ancient person; sources: LGPN; PIR,alive,151,350,medium,SNAP-DRGN person 673810 (http://data.snapdrgn.net/person/673810/); associated attestation dates: 0278/0278;0001/0300; narrowest range 0278/0278 (0y) -> 3rd century CE expanded +/-50y; confidence medium (<=60y window; rough floruit); source SNAP-DRGN data.snapdrgn.net retrieved 2026-10-04
snap:673811,person,Farsanzhs,Pharsanzes,SNAP-DRGN merged ancient person; sources: LGPN; PIR,alive,151,350,medium,SNAP-DRGN person 673811 (http://data.snapdrgn.net/person/673811/); associated attestation dates: 0253/0253;0001/0300; narrowest range 0253/0253 (0y) -> 3rd century CE expanded +/-50y; confidence medium (<=60y window; rough floruit); source SNAP-DRGN data.snapdrgn.net retrieved 2026-10-04
snap:673812,person,ANTIGONVS,Antigonos,SNAP-DRGN merged ancient person; sources: LGPN; PIR,alive,151,350,medium,SNAP-DRGN person 673812 (http://data.snapdrgn.net/person/673812/); associated attestation dates: 0201/0250;0001/0300; narrowest range 0201/0250 (49y) -> 3rd century CE expanded +/-50y; confidence medium (<=60y window; rough floruit); source SNAP-DRGN data.snapdrgn.net retrieved 2026-10-04
snap:673813,person,Alexandros,Alexander,SNAP-DRGN merged ancient person; sources: LGPN; PIR,alive,51,250,low,SNAP-DRGN person 673813 (http://data.snapdrgn.net/person/673813/); associated attestation dates: 0001/0300;0100/0200; narrowest range 0100/0200 (100y) -> 2nd century CE expanded +/-50y; confidence low (century inferred from attestation window); source SNAP-DRGN data.snapdrgn.net retrieved 2026-10-04
snap:673814,person,Antwninos,M. Aurelius Antoninus,SNAP-DRGN merged ancient person; sources: LGPN; PIR,alive,51,250,medium,SNAP-DRGN person 673814 (http://data.snapdrgn.net/person/673814/); associated attestation dates: 0200/0200;0001/0300; narrowest range 0200/0200 (0y) -> 2nd century CE expanded +/-50y; confidence medium (<=60y window; rough floruit); source SNAP-DRGN data.snapdrgn.net retrieved 2026-10-04
snap:673815,person,Apollwnidhs,T. Aurelius Calpurnianus Apollonides,SNAP-DRGN merged ancient person; sources: LGPN; PIR,alive,51,250,medium,SNAP-DRGN person 673815 (http://data.snapdrgn.net/person/673815/); associated attestation dates: 0150/0199;0001/0300; narrowest range 0150/0199 (49y) -> 2nd century CE expanded +/-50y; confidence medium (<=60y window; rough floruit); source SNAP-DRGN data.snapdrgn.net retrieved 2026-10-04
snap:673816,person,M. VLPIVS DOMITIVS ARISTAEVS ARABIANVS,Arabianos,SNAP-DRGN merged ancient person; sources: LGPN; PIR,alive,151,350,medium,SNAP-DRGN person 673816 (http://data.snapdrgn.net/person/673816/); associated attestation dates: 0201/0250;0001/0300; narrowest range 0201/0250 (49y) -> 3rd century CE expanded +/-50y; confidence medium (<=60y window; rough floruit); source SNAP-DRGN data.snapdrgn.net retrieved 2026-10-04
snap:673817,person,L. FLAVIVS ARRIANVS,Arrianos,SNAP-DRGN merged ancient person; sources: LGPN; PIR,alive,51,250,medium,SNAP-DRGN person 673817 (http://data.snapdrgn.net/person/673817/); associated attestation dates: 0101/0150;0001/0300; narrowest range 0101/0150 (49y) -> 2nd century CE expanded +/-50y; confidence medium (<=60y window; rough floruit); source SNAP-DRGN data.snapdrgn.net retrieved 2026-10-04
snap:673818,person,Flavius Archippus,Arcippos,SNAP-DRGN merged ancient person; sources: LGPN; PIR,alive,51,250,medium,SNAP-DRGN person 673818 (http://data.snapdrgn.net/person/673818/); associated attestation dates: 0175/0225;0001/0300; narrowest range 0175/0225 (50y) -> 2nd century CE expanded +/-50y; confidence medium (<=60y window; rough floruit); source SNAP-DRGN data.snapdrgn.net retrieved 2026-10-04
snap:673819,person,Asklhpiodotos,Cassius Asclepiodotus,SNAP-DRGN merged ancient person; sources: LGPN; PIR,alive,-49,150,low,SNAP-DRGN person 673819 (http://data.snapdrgn.net/person/673819/); associated attestation dates: 0001/0300;0000/0100; narrowest range 0000/0100 (100y) -> 1st century CE expanded +/-50y; confidence low (century inferred from attestation window); source SNAP-DRGN data.snapdrgn.net retrieved 2026-10-04
snap:673820,person,Dhmhtrios,Tib. Cl(audius) Demetrius,SNAP-DRGN merged ancient person; sources: LGPN; PIR,alive,151,350,low,SNAP-DRGN person 673820 (http://data.snapdrgn.net/person/673820/); associated attestation dates: 0200/0300;0001/0300; narrowest range 0200/0300 (100y) -> 3rd century CE expanded +/-50y; confidence low (century inferred from attestation window); source SNAP-DRGN data.snapdrgn.net retrieved 2026-10-04
snap:673821,person,CL(AVDIVS) DEMETRIVS,Dhmhtrios,SNAP-DRGN merged ancient person; sources: LGPN; PIR,alive,51,250,medium,SNAP-DRGN person 673821 (http://data.snapdrgn.net/person/673821/); associated attestation dates: 0150/0199;0001/0300; narrowest range 0150/0199 (49y) -> 2nd century CE expanded +/-50y; confidence medium (<=60y window; rough floruit); source SNAP-DRGN data.snapdrgn.net retrieved 2026-10-04
snap:673822,person,M. CL(AVDIVS) DEMETRIVS,Dhmhtrios,SNAP-DRGN merged ancient person; sources: LGPN; PIR,alive,51,250,medium,SNAP-DRGN person 673822 (http://data.snapdrgn.net/person/673822/); associated attestation dates: 0150/0199;0001/0300; narrowest range 0150/0199 (49y) -> 2nd century CE expanded +/-50y; confidence medium (<=60y window; rough floruit); source SNAP-DRGN data.snapdrgn.net retrieved 2026-10-04
snap:673823,person,CASSIVS DIO COCCEIANVS plenius L. CL(AVDIVS) CASSIVS DIO (COCCEIANVS),Diwn,SNAP-DRGN merged ancient person; sources: LGPN; PIR,alive,151,350,medium,SNAP-DRGN person 673823 (http://data.snapdrgn.net/person/673823/); associated attestation dates: 0275/0325;0001/0300; narrowest range 0275/0325 (50y) -> 3rd century CE expanded +/-50y; confidence medium (<=60y window; rough floruit); source SNAP-DRGN data.snapdrgn.net retrieved 2026-10-04
snap:673824,person,Eumolpos,Claudius Eumolpus,SNAP-DRGN merged ancient person; sources: LGPN; PIR,alive,51,250,medium,SNAP-DRGN person 673824 (http://data.snapdrgn.net/person/673824/); associated attestation dates: 0101/0150;0001/0300; narrowest range 0101/0150 (49y) -> 2nd century CE expanded +/-50y; confidence medium (<=60y window; rough floruit); source SNAP-DRGN data.snapdrgn.net retrieved 2026-10-04
snap:673825,person,Oualerianos,M. DOMITIVS VALERIANVS,SNAP-DRGN merged ancient person; sources: LGPN; PIR,alive,151,350,medium,SNAP-DRGN person 673825 (http://data.snapdrgn.net/person/673825/); associated attestation dates: 0201/0250;0001/0300; narrowest range 0201/0250 (49y) -> 3rd century CE expanded +/-50y; confidence medium (<=60y window; rough floruit); source SNAP-DRGN data.snapdrgn.net retrieved 2026-10-04
snap:673826,person,Ti. Cl(audius) Piso,Piswn,SNAP-DRGN merged ancient person; sources: LGPN; PIR,alive,51,250,medium,SNAP-DRGN person 673826 (http://data.snapdrgn.net/person/673826/); associated attestation dates: 0150/0199;0001/0300; narrowest range 0150/0199 (49y) -> 2nd century CE expanded +/-50y; confidence medium (<=60y window; rough floruit); source SNAP-DRGN data.snapdrgn.net retrieved 2026-10-04
snap:673827,person,(Claudius) Polyaenus,Poluainos,SNAP-DRGN merged ancient person; sources: LGPN; PIR,alive,51,250,medium,SNAP-DRGN person 673827 (http://data.snapdrgn.net/person/673827/); associated attestation dates: 0175/0225;0001/0300; narrowest range 0175/0225 (50y) -> 2nd century CE expanded +/-50y; confidence medium (<=60y window; rough floruit); source SNAP-DRGN data.snapdrgn.net retrieved 2026-10-04
snap:673828,person,Poluainos,Claudius Polyaenus,SNAP-DRGN merged ancient person; sources: LGPN; PIR,alive,-49,150,medium,SNAP-DRGN person 673828 (http://data.snapdrgn.net/person/673828/); associated attestation dates: 0025/0075;0001/0300; narrowest range 0025/0075 (50y) -> 1st century CE expanded +/-50y; confidence medium (<=60y window; rough floruit); source SNAP-DRGN data.snapdrgn.net retrieved 2026-10-04
snap:673829,person,APELLAS,Apellas,SNAP-DRGN merged ancient person; sources: LGPN; PIR,alive,51,250,medium,SNAP-DRGN person 673829 (http://data.snapdrgn.net/person/673829/); associated attestation dates: 0175/0225;0001/0300; narrowest range 0175/0225 (50y) -> 2nd century CE expanded +/-50y; confidence medium (<=60y window; rough floruit); source SNAP-DRGN data.snapdrgn.net retrieved 2026-10-04
snap:673830,person,APELLAS,Apellas,SNAP-DRGN merged ancient person; sources: LGPN; PIR,alive,51,250,medium,SNAP-DRGN person 673830 (http://data.snapdrgn.net/person/673830/); associated attestation dates: 0001/0300;0144/0158; narrowest range 0144/0158 (14y) -> 2nd century CE expanded +/-50y; confidence medium (<=60y window; rough floruit); source SNAP-DRGN data.snapdrgn.net retrieved 2026-10-04
snap:673831,person,Apellas,Iulius Apella,SNAP-DRGN merged ancient person; sources: LGPN; PIR,alive,151,350,medium,SNAP-DRGN person 673831 (http://data.snapdrgn.net/person/673831/); associated attestation dates: 0258/0258;0001/0300; narrowest range 0258/0258 (0y) -> 3rd century CE expanded +/-50y; confidence medium (<=60y window; rough floruit); source SNAP-DRGN data.snapdrgn.net retrieved 2026-10-04
snap:673832,person,Aristeidhs,P. Aelius Aristides Theodorus,SNAP-DRGN merged ancient person; sources: LGPN; PIR,alive,51,250,medium,SNAP-DRGN person 673832 (http://data.snapdrgn.net/person/673832/); associated attestation dates: 0129/0189;0001/0300; narrowest range 0129/0189 (60y) -> 2nd century CE expanded +/-50y; confidence medium (<=60y window; rough floruit); source SNAP-DRGN data.snapdrgn.net retrieved 2026-10-04
snap:673833,person,TI. CLAVDIVS ARISTOCLES,Aristoklhs,SNAP-DRGN merged ancient person; sources: LGPN; PIR,alive,51,250,low,SNAP-DRGN person 673833 (http://data.snapdrgn.net/person/673833/); associated attestation dates: 0001/0300;0100/0200; narrowest range 0100/0200 (100y) -> 2nd century CE expanded +/-50y; confidence low (century inferred from attestation window); source SNAP-DRGN data.snapdrgn.net retrieved 2026-10-04
snap:673834,person,C. CLAVDIVS ATTALVS PATERCVLIANVS,Attalos,SNAP-DRGN merged ancient person; sources: LGPN; PIR,alive,51,250,medium,SNAP-DRGN person 673834 (http://data.snapdrgn.net/person/673834/); associated attestation dates: 0150/0199;0001/0300; narrowest range 0150/0199 (49y) -> 2nd century CE expanded +/-50y; confidence medium (<=60y window; rough floruit); source SNAP-DRGN data.snapdrgn.net retrieved 2026-10-04
snap:673835,person,Galhnos,(Aelius) Galenus,SNAP-DRGN merged ancient person; sources: LGPN; PIR,alive,51,250,low,SNAP-DRGN person 673835 (http://data.snapdrgn.net/person/673835/); associated attestation dates: 0129/0199;0001/0300; narrowest range 0129/0199 (70y) -> 2nd century CE expanded +/-50y; confidence low (century inferred from attestation window); source SNAP-DRGN data.snapdrgn.net retrieved 2026-10-04
snap:673836,person,Flavius Earinus,Earinos,SNAP-DRGN merged ancient person; sources: LGPN; PIR,alive,51,250,medium,SNAP-DRGN person 673836 (http://data.snapdrgn.net/person/673836/); associated attestation dates: 0175/0225;0001/0300; narrowest range 0175/0225 (50y) -> 2nd century CE expanded +/-50y; confidence medium (<=60y window; rough floruit); source SNAP-DRGN data.snapdrgn.net retrieved 2026-10-04
snap:673837,person,AVRELIVS HERMOGENES,Ermogenhs,SNAP-DRGN merged ancient person; sources: LGPN; PIR,alive,251,450,medium,SNAP-DRGN person 673837 (http://data.snapdrgn.net/person/673837/); associated attestation dates: 0301/0350;0001/0300; narrowest range 0301/0350 (49y) -> 4th century CE expanded +/-50y; confidence medium (<=60y window; rough floruit); source SNAP-DRGN data.snapdrgn.net retrieved 2026-10-04
snap:673838,person,SEX. QVINTILIVS CONDIANVS,Kondianos,SNAP-DRGN merged ancient person; sources: LGPN; PIR,alive,51,250,medium,SNAP-DRGN person 673838 (http://data.snapdrgn.net/person/673838/); associated attestation dates: 0151/0183;0001/0300; narrowest range 0151/0183 (32y) -> 2nd century CE expanded +/-50y; confidence medium (<=60y window; rough floruit); source SNAP-DRGN data.snapdrgn.net retrieved 2026-10-04
snap:673839,person,SEX. QVINTILIVS CONDIANVS,Kondianos,SNAP-DRGN merged ancient person; sources: LGPN; PIR,alive,51,250,medium,SNAP-DRGN person 673839 (http://data.snapdrgn.net/person/673839/); associated attestation dates: 0001/0300;0175/0183; narrowest range 0175/0183 (8y) -> 2nd century CE expanded +/-50y; confidence medium (<=60y window; rough floruit); source SNAP-DRGN data.snapdrgn.net retrieved 2026-10-04
snap:673840,person,C. ANTIVS AVLVS IVLIVS QVADRATVS,Kouadratos,SNAP-DRGN merged ancient person; sources: LGPN; PIR,alive,51,250,medium,SNAP-DRGN person 673840 (http://data.snapdrgn.net/person/673840/); associated attestation dates: 0175/0225;0001/0300; narrowest range 0175/0225 (50y) -> 2nd century CE expanded +/-50y; confidence medium (<=60y window; rough floruit); source SNAP-DRGN data.snapdrgn.net retrieved 2026-10-04
snap:673841,person,SEX. QVINCTILIVS VALERIVS MAXIMVS,Maximos,SNAP-DRGN merged ancient person; sources: LGPN; PIR,alive,51,250,medium,SNAP-DRGN person 673841 (http://data.snapdrgn.net/person/673841/); associated attestation dates: 0175/0225;0001/0300; narrowest range 0175/0225 (50y) -> 2nd century CE expanded +/-50y; confidence medium (<=60y window; rough floruit); source SNAP-DRGN data.snapdrgn.net retrieved 2026-10-04
snap:673842,person,SEX. QVINTILIVS VALERIVS MAXIMVS,Maximos,SNAP-DRGN merged ancient person; sources: LGPN; PIR,alive,51,250,medium,SNAP-DRGN person 673842 (http://data.snapdrgn.net/person/673842/); associated attestation dates: 0175/0225;0001/0300; narrowest range 0175/0225 (50y) -> 2nd century CE expanded +/-50y; confidence medium (<=60y window; rough floruit); source SNAP-DRGN data.snapdrgn.net retrieved 2026-10-04
snap:673843,person,SEX. QVINTILIVS VALERIVS MAXIMVS,Maximos,SNAP-DRGN merged ancient person; sources: LGPN; PIR,alive,51,250,medium,SNAP-DRGN person 673843 (http://data.snapdrgn.net/person/673843/); associated attestation dates: 0151/0183;0001/0300; narrowest range 0151/0183 (32y) -> 2nd century CE expanded +/-50y; confidence medium (<=60y window; rough floruit); source SNAP-DRGN data.snapdrgn.net retrieved 2026-10-04
snap:673844,person,Maximos,(SEX.) QVINTILIVS MAXIMVS,SNAP-DRGN merged ancient person; sources: LGPN; PIR,alive,51,250,medium,SNAP-DRGN person 673844 (http://data.snapdrgn.net/person/673844/); associated attestation dates: 0001/0300;0172/0183; narrowest range 0172/0183 (11y) -> 2nd century CE expanded +/-50y; confidence medium (<=60y window; rough floruit); source SNAP-DRGN data.snapdrgn.net retrieved 2026-10-04
snap:673845,person,Marcellus,Markellos,SNAP-DRGN merged ancient person; sources: LGPN; PIR,alive,51,250,low,SNAP-DRGN person 673845 (http://data.snapdrgn.net/person/673845/); associated attestation dates: 0001/0300;0100/0200; narrowest range 0100/0200 (100y) -> 2nd century CE expanded +/-50y; confidence low (century inferred from attestation window); source SNAP-DRGN data.snapdrgn.net retrieved 2026-10-04
snap:673846,person,T. Iunius Montanus,Montanos,SNAP-DRGN merged ancient person; sources: LGPN; PIR,alive,-149,50,medium,SNAP-DRGN person 673846 (http://data.snapdrgn.net/person/673846/); associated attestation dates: -0027/-0027;0001/0300; narrowest range -0027/-0027 (0y) -> 1st century BCE expanded +/-50y; confidence medium (<=60y window; rough floruit); source SNAP-DRGN data.snapdrgn.net retrieved 2026-10-04
snap:673847,person,T. IVNIVS MONTANVS,Montanos,SNAP-DRGN merged ancient person; sources: LGPN; PIR,alive,-49,150,medium,SNAP-DRGN person 673847 (http://data.snapdrgn.net/person/673847/); associated attestation dates: 0050/0099;0001/0300; narrowest range 0050/0099 (49y) -> 1st century CE expanded +/-50y; confidence medium (<=60y window; rough floruit); source SNAP-DRGN data.snapdrgn.net retrieved 2026-10-04
snap:673848,person,D. I(VLIVS) NABVS,Nabos,SNAP-DRGN merged ancient person; sources: LGPN; PIR,alive,51,250,medium,SNAP-DRGN person 673848 (http://data.snapdrgn.net/person/673848/); associated attestation dates: 0101/0150;0001/0300; narrowest range 0101/0150 (49y) -> 2nd century CE expanded +/-50y; confidence medium (<=60y window; rough floruit); source SNAP-DRGN data.snapdrgn.net retrieved 2026-10-04
snap:673849,person,Nikomhdhs,Ti. Cl(audius) Nicomedes,SNAP-DRGN merged ancient person; sources: LGPN; PIR,alive,51,250,medium,SNAP-DRGN person 673849 (http://data.snapdrgn.net/person/673849/); associated attestation dates: 0150/0199;0001/0300; narrowest range 0150/0199 (49y) -> 2nd century CE expanded +/-50y; confidence medium (<=60y window; rough floruit); source SNAP-DRGN data.snapdrgn.net retrieved 2026-10-04
snap:673850,person,Nikwn,Aelius Nico,SNAP-DRGN merged ancient person; sources: LGPN; PIR,alive,51,250,medium,SNAP-DRGN person 673850 (http://data.snapdrgn.net/person/673850/); associated attestation dates: 0101/0150;0001/0300; narrowest range 0101/0150 (49y) -> 2nd century CE expanded +/-50y; confidence medium (<=60y window; rough floruit); source SNAP-DRGN data.snapdrgn.net retrieved 2026-10-04
snap:673851,person,Ti. Cl(audius) Pius,Pios,SNAP-DRGN merged ancient person; sources: LGPN; PIR,alive,51,250,medium,SNAP-DRGN person 673851 (http://data.snapdrgn.net/person/673851/); associated attestation dates: 0150/0199;0001/0300; narrowest range 0150/0199 (49y) -> 2nd century CE expanded +/-50y; confidence medium (<=60y window; rough floruit); source SNAP-DRGN data.snapdrgn.net retrieved 2026-10-04
snap:673852,person,Pwlla,IVLIA POLLA,SNAP-DRGN merged ancient person; sources: LGPN; PIR,alive,51,250,medium,SNAP-DRGN person 673852 (http://data.snapdrgn.net/person/673852/); associated attestation dates: 0175/0225;0001/0300; narrowest range 0175/0225 (50y) -> 2nd century CE expanded +/-50y; confidence medium (<=60y window; rough floruit); source SNAP-DRGN data.snapdrgn.net retrieved 2026-10-04
snap:673853,person,Roufinos,L. CVSPIVS PACTVMEIVS RVFINVS,SNAP-DRGN merged ancient person; sources: LGPN; PIR,alive,51,250,medium,SNAP-DRGN person 673853 (http://data.snapdrgn.net/person/673853/); associated attestation dates: 0125/0175;0001/0300; narrowest range 0125/0175 (50y) -> 2nd century CE expanded +/-50y; confidence medium (<=60y window; rough floruit); source SNAP-DRGN data.snapdrgn.net retrieved 2026-10-04
snap:673854,person,Iulia Tyche,Tuch,SNAP-DRGN merged ancient person; sources: LGPN; PIR,alive,51,250,medium,SNAP-DRGN person 673854 (http://data.snapdrgn.net/person/673854/); associated attestation dates: 0175/0225;0001/0300; narrowest range 0175/0225 (50y) -> 2nd century CE expanded +/-50y; confidence medium (<=60y window; rough floruit); source SNAP-DRGN data.snapdrgn.net retrieved 2026-10-04
snap:673855,person,C. I(VLIVS) FRONTO,Frontwn,SNAP-DRGN merged ancient person; sources: LGPN; PIR,alive,51,250,medium,SNAP-DRGN person 673855 (http://data.snapdrgn.net/person/673855/); associated attestation dates: 0114/0118;0001/0300; narrowest range 0114/0118 (4y) -> 2nd century CE expanded +/-50y; confidence medium (<=60y window; rough floruit); source SNAP-DRGN data.snapdrgn.net retrieved 2026-10-04
snap:673856,person,Carax,Claudius Charax plenius A. CLAVDIVS CHARAX,SNAP-DRGN merged ancient person; sources: LGPN; PIR,alive,51,250,medium,SNAP-DRGN person 673856 (http://data.snapdrgn.net/person/673856/); associated attestation dates: 0125/0175;0001/0300; narrowest range 0125/0175 (50y) -> 2nd century CE expanded +/-50y; confidence medium (<=60y window; rough floruit); source SNAP-DRGN data.snapdrgn.net retrieved 2026-10-04
snap:673857,person,Carax,A. IVLIVS CHARAX,SNAP-DRGN merged ancient person; sources: LGPN; PIR,alive,51,250,medium,SNAP-DRGN person 673857 (http://data.snapdrgn.net/person/673857/); associated attestation dates: 0150/0199;0001/0300; narrowest range 0150/0199 (49y) -> 2nd century CE expanded +/-50y; confidence medium (<=60y window; rough floruit); source SNAP-DRGN data.snapdrgn.net retrieved 2026-10-04
snap:673858,person,Kleitosqenhs,T. FL(AVIVS) CLITOSTHENES,SNAP-DRGN merged ancient person; sources: LGPN; PIR,alive,151,350,medium,SNAP-DRGN person 673858 (http://data.snapdrgn.net/person/673858/); associated attestation dates: 0201/0250;0001/0300; narrowest range 0201/0250 (49y) -> 3rd century CE expanded +/-50y; confidence medium (<=60y window; rough floruit); source SNAP-DRGN data.snapdrgn.net retrieved 2026-10-04
snap:673859,person,Damianos,(FLAVIVS) DAMIANVS,SNAP-DRGN merged ancient person; sources: LGPN; PIR,alive,151,350,low,SNAP-DRGN person 673859 (http://data.snapdrgn.net/person/673859/); associated attestation dates: 0200/0300;0001/0300; narrowest range 0200/0300 (100y) -> 3rd century CE expanded +/-50y; confidence low (century inferred from attestation window); source SNAP-DRGN data.snapdrgn.net retrieved 2026-10-04
snap:673860,person,FLAVIVS DAMIANVS,Damianos,SNAP-DRGN merged ancient person; sources: LGPN; PIR,alive,51,250,medium,SNAP-DRGN person 673860 (http://data.snapdrgn.net/person/673860/); associated attestation dates: 0150/0199;0001/0300; narrowest range 0150/0199 (49y) -> 2nd century CE expanded +/-50y; confidence medium (<=60y window; rough floruit); source SNAP-DRGN data.snapdrgn.net retrieved 2026-10-04
snap:673861,person,T. Fl(avius) Lucius Hierax,Ierax,SNAP-DRGN merged ancient person; sources: LGPN; PIR,alive,151,350,medium,SNAP-DRGN person 673861 (http://data.snapdrgn.net/person/673861/); associated attestation dates: 0193/0217;0001/0300; narrowest range 0193/0217 (24y) -> 3rd century CE expanded +/-50y; confidence medium (<=60y window; rough floruit); source SNAP-DRGN data.snapdrgn.net retrieved 2026-10-04
snap:673862,person,Menandros,T. Fl(avius) Menander,SNAP-DRGN merged ancient person; sources: LGPN; PIR,alive,151,350,medium,SNAP-DRGN person 673862 (http://data.snapdrgn.net/person/673862/); associated attestation dates: 0275/0325;0001/0300; narrowest range 0275/0325 (50y) -> 3rd century CE expanded +/-50y; confidence medium (<=60y window; rough floruit); source SNAP-DRGN data.snapdrgn.net retrieved 2026-10-04
snap:673863,person,T. Fl(avius) Papianus,Papianos,SNAP-DRGN merged ancient person; sources: LGPN; PIR,alive,51,250,medium,SNAP-DRGN person 673863 (http://data.snapdrgn.net/person/673863/); associated attestation dates: 0150/0199;0001/0300; narrowest range 0150/0199 (49y) -> 2nd century CE expanded +/-50y; confidence medium (<=60y window; rough floruit); source SNAP-DRGN data.snapdrgn.net retrieved 2026-10-04
snap:673864,person,FLAVIVS PHAEDRVS,Faidros,SNAP-DRGN merged ancient person; sources: LGPN; PIR,alive,51,250,medium,SNAP-DRGN person 673864 (http://data.snapdrgn.net/person/673864/); associated attestation dates: 0150/0199;0001/0300; narrowest range 0150/0199 (49y) -> 2nd century CE expanded +/-50y; confidence medium (<=60y window; rough floruit); source SNAP-DRGN data.snapdrgn.net retrieved 2026-10-04
snap:673865,person,Stasiklhs,T. FLAVIVS STASICLES METROPHANES,SNAP-DRGN merged ancient person; sources: LGPN; PIR,alive,151,350,medium,SNAP-DRGN person 673865 (http://data.snapdrgn.net/person/673865/); associated attestation dates: 0225/0275;0001/0300; narrowest range 0225/0275 (50y) -> 3rd century CE expanded +/-50y; confidence medium (<=60y window; rough floruit); source SNAP-DRGN data.snapdrgn.net retrieved 2026-10-04
snap:673866,person,T. FLAVIVS VEDIVS ANTONINVS,Antwninos,SNAP-DRGN merged ancient person; sources: LGPN; PIR,alive,151,350,medium,SNAP-DRGN person 673866 (http://data.snapdrgn.net/person/673866/); associated attestation dates: 0275/0325;0001/0300; narrowest range 0275/0325 (50y) -> 3rd century CE expanded +/-50y; confidence medium (<=60y window; rough floruit); source SNAP-DRGN data.snapdrgn.net retrieved 2026-10-04
snap:673867,person,T. FL(AVIVS) VEDIVS ANTONINVS,Antwninos,SNAP-DRGN merged ancient person; sources: LGPN; PIR,alive,151,350,low,SNAP-DRGN person 673867 (http://data.snapdrgn.net/person/673867/); associated attestation dates: 0200/0300;0001/0300; narrowest range 0200/0300 (100y) -> 3rd century CE expanded +/-50y; confidence low (century inferred from attestation window); source SNAP-DRGN data.snapdrgn.net retrieved 2026-10-04
snap:673868,person,T. FL(AVIVS) VEDIVS APELLAS,Apellas,SNAP-DRGN merged ancient person; sources: LGPN; PIR,alive,151,350,low,SNAP-DRGN person 673868 (http://data.snapdrgn.net/person/673868/); associated attestation dates: 0200/0300;0001/0300; narrowest range 0200/0300 (100y) -> 3rd century CE expanded +/-50y; confidence low (century inferred from attestation window); source SNAP-DRGN data.snapdrgn.net retrieved 2026-10-04
snap:673869,person,Apellianh,FLAVIA ANNIA APELLIANA,SNAP-DRGN merged ancient person; sources: LGPN; PIR,alive,51,250,medium,SNAP-DRGN person 673869 (http://data.snapdrgn.net/person/673869/); associated attestation dates: 0150/0199;0001/0300; narrowest range 0150/0199 (49y) -> 2nd century CE expanded +/-50y; confidence medium (<=60y window; rough floruit); source SNAP-DRGN data.snapdrgn.net retrieved 2026-10-04
snap:673870,person,Dhmhtria,FL(AVIA) DEMETRIA FLA(C)CILLA,SNAP-DRGN merged ancient person; sources: LGPN; PIR,alive,151,350,low,SNAP-DRGN person 673870 (http://data.snapdrgn.net/person/673870/); associated attestation dates: 0200/0300;0001/0300; narrowest range 0200/0300 (100y) -> 3rd century CE expanded +/-50y; confidence low (century inferred from attestation window); source SNAP-DRGN data.snapdrgn.net retrieved 2026-10-04
snap:673871,person,Lepida,FLAVIA LEPIDA,SNAP-DRGN merged ancient person; sources: LGPN; PIR,alive,51,250,medium,SNAP-DRGN person 673871 (http://data.snapdrgn.net/person/673871/); associated attestation dates: 0150/0199;0001/0300; narrowest range 0150/0199 (49y) -> 2nd century CE expanded +/-50y; confidence medium (<=60y window; rough floruit); source SNAP-DRGN data.snapdrgn.net retrieved 2026-10-04
snap:673872,person,Papianh,FL(AVIA) PAPIANA,SNAP-DRGN merged ancient person; sources: LGPN; PIR,alive,51,250,medium,SNAP-DRGN person 673872 (http://data.snapdrgn.net/person/673872/); associated attestation dates: 0125/0175;0001/0300; narrowest range 0125/0175 (50y) -> 2nd century CE expanded +/-50y; confidence medium (<=60y window; rough floruit); source SNAP-DRGN data.snapdrgn.net retrieved 2026-10-04
snap:673873,person,(FLAVIA?) PASINICE,Pasinikh,SNAP-DRGN merged ancient person; sources: LGPN; PIR,alive,51,250,medium,SNAP-DRGN person 673873 (http://data.snapdrgn.net/person/673873/); associated attestation dates: 0150/0199;0001/0300; narrowest range 0150/0199 (49y) -> 2nd century CE expanded +/-50y; confidence medium (<=60y window; rough floruit); source SNAP-DRGN data.snapdrgn.net retrieved 2026-10-04
snap:673874,person,Faidrina,FLAVIA PHAEDRINA,SNAP-DRGN merged ancient person; sources: LGPN; PIR,alive,51,250,medium,SNAP-DRGN person 673874 (http://data.snapdrgn.net/person/673874/); associated attestation dates: 0150/0199;0001/0300; narrowest range 0150/0199 (49y) -> 2nd century CE expanded +/-50y; confidence medium (<=60y window; rough floruit); source SNAP-DRGN data.snapdrgn.net retrieved 2026-10-04
snap:673875,person,Herennius Rufus,Roufos,SNAP-DRGN merged ancient person; sources: LGPN; PIR,alive,51,250,low,SNAP-DRGN person 673875 (http://data.snapdrgn.net/person/673875/); associated attestation dates: 0001/0300;0100/0200; narrowest range 0100/0200 (100y) -> 2nd century CE expanded +/-50y; confidence low (century inferred from attestation window); source SNAP-DRGN data.snapdrgn.net retrieved 2026-10-04
snap:673876,person,Faidrina,Ofellia Phaedrina,SNAP-DRGN merged ancient person; sources: LGPN; PIR,alive,51,250,medium,SNAP-DRGN person 673876 (http://data.snapdrgn.net/person/673876/); associated attestation dates: 0175/0225;0001/0300; narrowest range 0175/0225 (50y) -> 2nd century CE expanded +/-50y; confidence medium (<=60y window; rough floruit); source SNAP-DRGN data.snapdrgn.net retrieved 2026-10-04
snap:673877,person,Proklos,C. Ofillius Proculus,SNAP-DRGN merged ancient person; sources: LGPN; PIR,alive,-49,150,medium,SNAP-DRGN person 673877 (http://data.snapdrgn.net/person/673877/); associated attestation dates: 0004/0037;0001/0300; narrowest range 0004/0037 (33y) -> 1st century CE expanded +/-50y; confidence medium (<=60y window; rough floruit); source SNAP-DRGN data.snapdrgn.net retrieved 2026-10-04
snap:673878,person,Ofillia Bassa,Bassa,SNAP-DRGN merged ancient person; sources: LGPN; PIR,alive,-49,150,medium,SNAP-DRGN person 673878 (http://data.snapdrgn.net/person/673878/); associated attestation dates: 0011/0014;0001/0300; narrowest range 0011/0014 (3y) -> 1st century CE expanded +/-50y; confidence medium (<=60y window; rough floruit); source SNAP-DRGN data.snapdrgn.net retrieved 2026-10-04
snap:673879,person,Aristokraths,Petronius Aristocrates,SNAP-DRGN merged ancient person; sources: LGPN; PIR,alive,51,250,low,SNAP-DRGN person 673879 (http://data.snapdrgn.net/person/673879/); associated attestation dates: 0001/0300;0100/0200; narrowest range 0100/0200 (100y) -> 2nd century CE expanded +/-50y; confidence low (century inferred from attestation window); source SNAP-DRGN data.snapdrgn.net retrieved 2026-10-04
snap:673880,person,CN. POMPEIVS ANT(...) AMOENVS,Amoinos,SNAP-DRGN merged ancient person; sources: LGPN; PIR,alive,151,350,medium,SNAP-DRGN person 673880 (http://data.snapdrgn.net/person/673880/); associated attestation dates: 0201/0250;0001/0300; narrowest range 0201/0250 (49y) -> 3rd century CE expanded +/-50y; confidence medium (<=60y window; rough floruit); source SNAP-DRGN data.snapdrgn.net retrieved 2026-10-04
snap:673881,person,Ermippos,Cn. Pompeius Hermippus,SNAP-DRGN merged ancient person; sources: LGPN; PIR,alive,51,250,medium,SNAP-DRGN person 673881 (http://data.snapdrgn.net/person/673881/); associated attestation dates: 0125/0175;0001/0300; narrowest range 0125/0175 (50y) -> 2nd century CE expanded +/-50y; confidence medium (<=60y window; rough floruit); source SNAP-DRGN data.snapdrgn.net retrieved 2026-10-04
snap:673882,person,CN. POMPEIVS HERMIPPVS AELIANVS,Ermippos,SNAP-DRGN merged ancient person; sources: LGPN; PIR,alive,51,250,medium,SNAP-DRGN person 673882 (http://data.snapdrgn.net/person/673882/); associated attestation dates: 0150/0199;0001/0300; narrowest range 0150/0199 (49y) -> 2nd century CE expanded +/-50y; confidence medium (<=60y window; rough floruit); source SNAP-DRGN data.snapdrgn.net retrieved 2026-10-04
snap:673883,person,CN. POMPEIVS HERMIPPVS AELIANVS iunior,Ermippos,SNAP-DRGN merged ancient person; sources: LGPN; PIR,alive,51,250,medium,SNAP-DRGN person 673883 (http://data.snapdrgn.net/person/673883/); associated attestation dates: 0150/0199;0001/0300; narrowest range 0150/0199 (49y) -> 2nd century CE expanded +/-50y; confidence medium (<=60y window; rough floruit); source SNAP-DRGN data.snapdrgn.net retrieved 2026-10-04
snap:673884,person,Hdianos,Pomponius Cornelius Lollianus Hedianus,SNAP-DRGN merged ancient person; sources: LGPN; PIR,alive,151,350,medium,SNAP-DRGN person 673884 (http://data.snapdrgn.net/person/673884/); associated attestation dates: 0201/0250;0001/0300; narrowest range 0201/0250 (49y) -> 3rd century CE expanded +/-50y; confidence medium (<=60y window; rough floruit); source SNAP-DRGN data.snapdrgn.net retrieved 2026-10-04
snap:673885,person,Roufinianos,(FLAVIVS) RVFINIANVS,SNAP-DRGN merged ancient person; sources: LGPN; PIR,alive,51,250,low,SNAP-DRGN person 673885 (http://data.snapdrgn.net/person/673885/); associated attestation dates: 0001/0300;0100/0200; narrowest range 0100/0200 (100y) -> 2nd century CE expanded +/-50y; confidence low (century inferred from attestation window); source SNAP-DRGN data.snapdrgn.net retrieved 2026-10-04
snap:673886,person,L. Rupillius Alexander qui et Moschianus,Alexandros,SNAP-DRGN merged ancient person; sources: LGPN; PIR,alive,151,350,medium,SNAP-DRGN person 673886 (http://data.snapdrgn.net/person/673886/); associated attestation dates: 0225/0275;0001/0300; narrowest range 0225/0275 (50y) -> 3rd century CE expanded +/-50y; confidence medium (<=60y window; rough floruit); source SNAP-DRGN data.snapdrgn.net retrieved 2026-10-04
snap:673887,person,Bassos,[P. Rutil]ius Bassus,SNAP-DRGN merged ancient person; sources: LGPN; PIR,alive,51,250,medium,SNAP-DRGN person 673887 (http://data.snapdrgn.net/person/673887/); associated attestation dates: 0175/0225;0001/0300; narrowest range 0175/0225 (50y) -> 2nd century CE expanded +/-50y; confidence medium (<=60y window; rough floruit); source SNAP-DRGN data.snapdrgn.net retrieved 2026-10-04
snap:673889,person,Iulius Artemas,Artemas,SNAP-DRGN merged ancient person; sources: LGPN; PIR,alive,51,250,medium,SNAP-DRGN person 673889 (http://data.snapdrgn.net/person/673889/); associated attestation dates: 0150/0199;0001/0300; narrowest range 0150/0199 (49y) -> 2nd century CE expanded +/-50y; confidence medium (<=60y window; rough floruit); source SNAP-DRGN data.snapdrgn.net retrieved 2026-10-04
snap:673890,person,IVLIVS PISO,Piswn,SNAP-DRGN merged ancient person; sources: LGPN; PIR,alive,51,250,medium,SNAP-DRGN person 673890 (http://data.snapdrgn.net/person/673890/); associated attestation dates: 0150/0199;0001/0300; narrowest range 0150/0199 (49y) -> 2nd century CE expanded +/-50y; confidence medium (<=60y window; rough floruit); source SNAP-DRGN data.snapdrgn.net retrieved 2026-10-04
snap:673892,person,C. IVLIVS THRASO ALEXANDER,Alexandros,SNAP-DRGN merged ancient person; sources: LGPN; PIR,alive,51,250,medium,SNAP-DRGN person 673892 (http://data.snapdrgn.net/person/673892/); associated attestation dates: 0125/0175;0001/0300; narrowest range 0125/0175 (50y) -> 2nd century CE expanded +/-50y; confidence medium (<=60y window; rough floruit); source SNAP-DRGN data.snapdrgn.net retrieved 2026-10-04
snap:673893,person,Pantimh,Iulia Panteime Potentilla,SNAP-DRGN merged ancient person; sources: LGPN; PIR,alive,151,350,medium,SNAP-DRGN person 673893 (http://data.snapdrgn.net/person/673893/); associated attestation dates: 0275/0325;0001/0300; narrowest range 0275/0325 (50y) -> 3rd century CE expanded +/-50y; confidence medium (<=60y window; rough floruit); source SNAP-DRGN data.snapdrgn.net retrieved 2026-10-04
snap:673894,person,CL(AVDIVS) ACILIVS CLEOBVLVS,Kleoboulos,SNAP-DRGN merged ancient person; sources: LGPN; PIR,alive,151,350,medium,SNAP-DRGN person 673894 (http://data.snapdrgn.net/person/673894/); associated attestation dates: 0201/0250;0001/0300; narrowest range 0201/0250 (49y) -> 3rd century CE expanded +/-50y; confidence medium (<=60y window; rough floruit); source SNAP-DRGN data.snapdrgn.net retrieved 2026-10-04
snap:673895,person,Ti. Claudius Aristio(n),Aristiwn,SNAP-DRGN merged ancient person; sources: LGPN; PIR,alive,51,250,medium,SNAP-DRGN person 673895 (http://data.snapdrgn.net/person/673895/); associated attestation dates: 0175/0225;0001/0300; narrowest range 0175/0225 (50y) -> 2nd century CE expanded +/-50y; confidence medium (<=60y window; rough floruit); source SNAP-DRGN data.snapdrgn.net retrieved 2026-10-04
snap:673896,person,Artemidwros,TI. CLAVDIVS ARTEMIDORVS,SNAP-DRGN merged ancient person; sources: LGPN; PIR,alive,151,350,medium,SNAP-DRGN person 673896 (http://data.snapdrgn.net/person/673896/); associated attestation dates: 0201/0250;0001/0300; narrowest range 0201/0250 (49y) -> 3rd century CE expanded +/-50y; confidence medium (<=60y window; rough floruit); source SNAP-DRGN data.snapdrgn.net retrieved 2026-10-04
snap:673897,person,TI. CLAVDIVS CLEOBVLVS,Kleoboulos,SNAP-DRGN merged ancient person; sources: LGPN; PIR,alive,151,350,medium,SNAP-DRGN person 673897 (http://data.snapdrgn.net/person/673897/); associated attestation dates: 0275/0325;0001/0300; narrowest range 0275/0325 (50y) -> 3rd century CE expanded +/-50y; confidence medium (<=60y window; rough floruit); source SNAP-DRGN data.snapdrgn.net retrieved 2026-10-04
snap:673898,person,Frontwnianos,Ti. Claudius Frontonianus,SNAP-DRGN merged ancient person; sources: LGPN; PIR,alive,151,350,medium,SNAP-DRGN person 673898 (http://data.snapdrgn.net/person/673898/); associated attestation dates: 0275/0325;0001/0300; narrowest range 0275/0325 (50y) -> 3rd century CE expanded +/-50y; confidence medium (<=60y window; rough floruit); source SNAP-DRGN data.snapdrgn.net retrieved 2026-10-04
snap:673899,person,CLAVDIVS GORGVS,Gorgos,SNAP-DRGN merged ancient person; sources: LGPN; PIR,alive,151,350,low,SNAP-DRGN person 673899 (http://data.snapdrgn.net/person/673899/); associated attestation dates: 0200/0300;0001/0300; narrowest range 0200/0300 (100y) -> 3rd century CE expanded +/-50y; confidence low (century inferred from attestation window); source SNAP-DRGN data.snapdrgn.net retrieved 2026-10-04
snap:673900,person,TI. CLAVDIVS IVLIANVS,Ioulianos,SNAP-DRGN merged ancient person; sources: LGPN; PIR,alive,51,250,medium,SNAP-DRGN person 673900 (http://data.snapdrgn.net/person/673900/); associated attestation dates: 0125/0175;0001/0300; narrowest range 0125/0175 (50y) -> 2nd century CE expanded +/-50y; confidence medium (<=60y window; rough floruit); source SNAP-DRGN data.snapdrgn.net retrieved 2026-10-04
snap:673902,person,Qemistoklhs,Claudius Themistocles,SNAP-DRGN merged ancient person; sources: LGPN; PIR,alive,151,350,medium,SNAP-DRGN person 673902 (http://data.snapdrgn.net/person/673902/); associated attestation dates: 0201/0250;0001/0300; narrowest range 0201/0250 (49y) -> 3rd century CE expanded +/-50y; confidence medium (<=60y window; rough floruit); source SNAP-DRGN data.snapdrgn.net retrieved 2026-10-04
snap:673903,person,C. CLAVDIVS TITIANVS DEMOSTRATVS,Titianos,SNAP-DRGN merged ancient person; sources: LGPN; PIR,alive,51,250,medium,SNAP-DRGN person 673903 (http://data.snapdrgn.net/person/673903/); associated attestation dates: 0125/0175;0001/0300; narrowest range 0125/0175 (50y) -> 2nd century CE expanded +/-50y; confidence medium (<=60y window; rough floruit); source SNAP-DRGN data.snapdrgn.net retrieved 2026-10-04
snap:673904,person,CL(AVDIA) ARTEMIDORA,Artemidwra,SNAP-DRGN merged ancient person; sources: LGPN; PIR,alive,151,350,low,SNAP-DRGN person 673904 (http://data.snapdrgn.net/person/673904/); associated attestation dates: 0200/0300;0001/0300; narrowest range 0200/0300 (100y) -> 3rd century CE expanded +/-50y; confidence low (century inferred from attestation window); source SNAP-DRGN data.snapdrgn.net retrieved 2026-10-04
snap:673905,person,Seouhra,CLAVDIA CANINIA SEVERA,SNAP-DRGN merged ancient person; sources: LGPN; PIR,alive,151,350,medium,SNAP-DRGN person 673905 (http://data.snapdrgn.net/person/673905/); associated attestation dates: 0225/0275;0001/0300; narrowest range 0225/0275 (50y) -> 3rd century CE expanded +/-50y; confidence medium (<=60y window; rough floruit); source SNAP-DRGN data.snapdrgn.net retrieved 2026-10-04
snap:673906,person,TIBERIA [CLAVDIA] FRONTONIANA,Frontwnianh,SNAP-DRGN merged ancient person; sources: LGPN; PIR,alive,151,350,medium,SNAP-DRGN person 673906 (http://data.snapdrgn.net/person/673906/); associated attestation dates: 0201/0250;0001/0300; narrowest range 0201/0250 (49y) -> 3rd century CE expanded +/-50y; confidence medium (<=60y window; rough floruit); source SNAP-DRGN data.snapdrgn.net retrieved 2026-10-04
snap:673907,person,CLEMENS,Klhmhs,SNAP-DRGN merged ancient person; sources: LGPN; PIR,alive,51,250,low,SNAP-DRGN person 673907 (http://data.snapdrgn.net/person/673907/); associated attestation dates: 0001/0300;0100/0200; narrowest range 0100/0200 (100y) -> 2nd century CE expanded +/-50y; confidence low (century inferred from attestation window); source SNAP-DRGN data.snapdrgn.net retrieved 2026-10-04
snap:673908,person,Klhmentinos,CLEMENTINVS,SNAP-DRGN merged ancient person; sources: LGPN; PIR,alive,51,250,low,SNAP-DRGN person 673908 (http://data.snapdrgn.net/person/673908/); associated attestation dates: 0001/0300;0100/0200; narrowest range 0100/0200 (100y) -> 2nd century CE expanded +/-50y; confidence low (century inferred from attestation window); source SNAP-DRGN data.snapdrgn.net retrieved 2026-10-04
snap:673909,person,CORNEL(IVS) AVR(ELIVS) THEODORVS,Qeodwros,SNAP-DRGN merged ancient person; sources: LGPN; PIR,alive,151,350,low,SNAP-DRGN person 673909 (http://data.snapdrgn.net/person/673909/); associated attestation dates: 0200/0300;0001/0300; narrowest range 0200/0300 (100y) -> 3rd century CE expanded +/-50y; confidence low (century inferred from attestation window); source SNAP-DRGN data.snapdrgn.net retrieved 2026-10-04
snap:673910,person,Zhnwn,M. CORNELIVS AVR(ELIVS) ZENO,SNAP-DRGN merged ancient person; sources: LGPN; PIR,alive,151,350,low,SNAP-DRGN person 673910 (http://data.snapdrgn.net/person/673910/); associated attestation dates: 0200/0300;0001/0300; narrowest range 0200/0300 (100y) -> 3rd century CE expanded +/-50y; confidence low (century inferred from attestation window); source SNAP-DRGN data.snapdrgn.net retrieved 2026-10-04
snap:673911,person,Messalinos,L. Cusinius Messalinus,SNAP-DRGN merged ancient person; sources: LGPN; PIR,alive,51,250,low,SNAP-DRGN person 673911 (http://data.snapdrgn.net/person/673911/); associated attestation dates: 0001/0300;0100/0200; narrowest range 0100/0200 (100y) -> 2nd century CE expanded +/-50y; confidence low (century inferred from attestation window); source SNAP-DRGN data.snapdrgn.net retrieved 2026-10-04
snap:673915,person,Claudius Rufinus,Roufinos,SNAP-DRGN merged ancient person; sources: LGPN; PIR,alive,151,350,medium,SNAP-DRGN person 673915 (http://data.snapdrgn.net/person/673915/); associated attestation dates: 0275/0325;0001/0300; narrowest range 0275/0325 (50y) -> 3rd century CE expanded +/-50y; confidence medium (<=60y window; rough floruit); source SNAP-DRGN data.snapdrgn.net retrieved 2026-10-04
snap:673916,person,Ermokraths,L. FLAVIVS HERMOCRATES,SNAP-DRGN merged ancient person; sources: LGPN; PIR,alive,51,250,medium,SNAP-DRGN person 673916 (http://data.snapdrgn.net/person/673916/); associated attestation dates: 0180/0210;0001/0300; narrowest range 0180/0210 (30y) -> 2nd century CE expanded +/-50y; confidence medium (<=60y window; rough floruit); source SNAP-DRGN data.snapdrgn.net retrieved 2026-10-04
snap:673917,person,Damianos,T. Flavius Damianus,SNAP-DRGN merged ancient person; sources: LGPN; PIR,alive,51,250,medium,SNAP-DRGN person 673917 (http://data.snapdrgn.net/person/673917/); associated attestation dates: 0125/0175;0001/0300; narrowest range 0125/0175 (50y) -> 2nd century CE expanded +/-50y; confidence medium (<=60y window; rough floruit); source SNAP-DRGN data.snapdrgn.net retrieved 2026-10-04
snap:673918,person,Gessius Florus,Flwros,SNAP-DRGN merged ancient person; sources: LGPN; PIR,alive,-49,150,medium,SNAP-DRGN person 673918 (http://data.snapdrgn.net/person/673918/); associated attestation dates: 0025/0075;0001/0300; narrowest range 0025/0075 (50y) -> 1st century CE expanded +/-50y; confidence medium (<=60y window; rough floruit); source SNAP-DRGN data.snapdrgn.net retrieved 2026-10-04
snap:673919,person,Apollinarios,L.? Nesennius Apollinaris,SNAP-DRGN merged ancient person; sources: LGPN; PIR,alive,151,350,medium,SNAP-DRGN person 673919 (http://data.snapdrgn.net/person/673919/); associated attestation dates: 0275/0325;0001/0300; narrowest range 0275/0325 (50y) -> 3rd century CE expanded +/-50y; confidence medium (<=60y window; rough floruit); source SNAP-DRGN data.snapdrgn.net retrieved 2026-10-04
snap:673920,person,Roufos,Rufus,SNAP-DRGN merged ancient person; sources: LGPN; PIR,alive,51,250,medium,SNAP-DRGN person 673920 (http://data.snapdrgn.net/person/673920/); associated attestation dates: 0175/0225;0001/0300; narrowest range 0175/0225 (50y) -> 2nd century CE expanded +/-50y; confidence medium (<=60y window; rough floruit); source SNAP-DRGN data.snapdrgn.net retrieved 2026-10-04
snap:673921,person,P. Hordeonius Lollianus,Lollianos,SNAP-DRGN merged ancient person; sources: LGPN; PIR,alive,51,250,low,SNAP-DRGN person 673921 (http://data.snapdrgn.net/person/673921/); associated attestation dates: 0001/0300;0100/0200; narrowest range 0100/0200 (100y) -> 2nd century CE expanded +/-50y; confidence low (century inferred from attestation window); source SNAP-DRGN data.snapdrgn.net retrieved 2026-10-04
snap:673922,person,Akulas,TI. IVLIVS AQVILA POLEMAEANVS,SNAP-DRGN merged ancient person; sources: LGPN; PIR,alive,51,250,medium,SNAP-DRGN person 673922 (http://data.snapdrgn.net/person/673922/); associated attestation dates: 0175/0225;0001/0300; narrowest range 0175/0225 (50y) -> 2nd century CE expanded +/-50y; confidence medium (<=60y window; rough floruit); source SNAP-DRGN data.snapdrgn.net retrieved 2026-10-04
snap:673923,person,Alf(enus) Apollinaris,Apollinarios,SNAP-DRGN merged ancient person; sources: LGPN; PIR,alive,151,350,medium,SNAP-DRGN person 673923 (http://data.snapdrgn.net/person/673923/); associated attestation dates: 0275/0325;0001/0300; narrowest range 0275/0325 (50y) -> 3rd century CE expanded +/-50y; confidence medium (<=60y window; rough floruit); source SNAP-DRGN data.snapdrgn.net retrieved 2026-10-04
snap:673924,person,Arignwtos,T. Ant(onius) Cl(audius) Alfenus Arignotus,SNAP-DRGN merged ancient person; sources: LGPN; PIR,alive,151,350,medium,SNAP-DRGN person 673924 (http://data.snapdrgn.net/person/673924/); associated attestation dates: 0213/0217;0001/0300; narrowest range 0213/0217 (4y) -> 3rd century CE expanded +/-50y; confidence medium (<=60y window; rough floruit); source SNAP-DRGN data.snapdrgn.net retrieved 2026-10-04
snap:673925,person,T. FLAVIVS ARCHELAVS CLAVDIANVS,Arcelaos,SNAP-DRGN merged ancient person; sources: LGPN; PIR,alive,51,250,low,SNAP-DRGN person 673925 (http://data.snapdrgn.net/person/673925/); associated attestation dates: 0001/0300;0100/0200; narrowest range 0100/0200 (100y) -> 2nd century CE expanded +/-50y; confidence low (century inferred from attestation window); source SNAP-DRGN data.snapdrgn.net retrieved 2026-10-04
snap:673927,person,Ermolaos,Fl(avius) Hermolaus,SNAP-DRGN merged ancient person; sources: LGPN; PIR,alive,151,350,low,SNAP-DRGN person 673927 (http://data.snapdrgn.net/person/673927/); associated attestation dates: 0200/0300;0001/0300; narrowest range 0200/0300 (100y) -> 3rd century CE expanded +/-50y; confidence low (century inferred from attestation window); source SNAP-DRGN data.snapdrgn.net retrieved 2026-10-04
snap:673928,person,Isaurika,IVLIA QVINTILIA ISAVRICA,SNAP-DRGN merged ancient person; sources: LGPN; PIR,alive,51,250,medium,SNAP-DRGN person 673928 (http://data.snapdrgn.net/person/673928/); associated attestation dates: 0175/0225;0001/0300; narrowest range 0175/0225 (50y) -> 2nd century CE expanded +/-50y; confidence medium (<=60y window; rough floruit); source SNAP-DRGN data.snapdrgn.net retrieved 2026-10-04
snap:673929,person,TI. IVLIVS CELSVS POLEMAEANVS,Kelsos,SNAP-DRGN merged ancient person; sources: LGPN; PIR,alive,-49,150,low,SNAP-DRGN person 673929 (http://data.snapdrgn.net/person/673929/); associated attestation dates: 0045/0110;0001/0300; narrowest range 0045/0110 (65y) -> 1st century CE expanded +/-50y; confidence low (century inferred from attestation window); source SNAP-DRGN data.snapdrgn.net retrieved 2026-10-04
snap:673930,person,LVCIA POMPONIA MELITINE,Melith,SNAP-DRGN merged ancient person; sources: LGPN; PIR,alive,151,350,medium,SNAP-DRGN person 673930 (http://data.snapdrgn.net/person/673930/); associated attestation dates: 0250/0299;0001/0300; narrowest range 0250/0299 (49y) -> 3rd century CE expanded +/-50y; confidence medium (<=60y window; rough floruit); source SNAP-DRGN data.snapdrgn.net retrieved 2026-10-04
snap:673931,person,Oualentilla,CVRTIA IVLIA VALENTILLA,SNAP-DRGN merged ancient person; sources: LGPN; PIR,alive,151,350,low,SNAP-DRGN person 673931 (http://data.snapdrgn.net/person/673931/); associated attestation dates: 0200/0300;0001/0300; narrowest range 0200/0300 (100y) -> 3rd century CE expanded +/-50y; confidence low (century inferred from attestation window); source SNAP-DRGN data.snapdrgn.net retrieved 2026-10-04
snap:673932,person,Poseidwnios,Iulius Po[s]idonius,SNAP-DRGN merged ancient person; sources: LGPN; PIR,alive,-49,150,medium,SNAP-DRGN person 673932 (http://data.snapdrgn.net/person/673932/); associated attestation dates: 0001/0050;0001/0300; narrowest range 0001/0050 (49y) -> 1st century CE expanded +/-50y; confidence medium (<=60y window; rough floruit); source SNAP-DRGN data.snapdrgn.net retrieved 2026-10-04
snap:673933,person,Pwllitta,FL(AVIA) POLLITTA,SNAP-DRGN merged ancient person; sources: LGPN; PIR,alive,151,350,medium,SNAP-DRGN person 673933 (http://data.snapdrgn.net/person/673933/); associated attestation dates: 0275/0325;0001/0300; narrowest range 0275/0325 (50y) -> 3rd century CE expanded +/-50y; confidence medium (<=60y window; rough floruit); source SNAP-DRGN data.snapdrgn.net retrieved 2026-10-04
snap:673934,person,M. CN. LICINIVS RVFINVS,Roufinos,SNAP-DRGN merged ancient person; sources: LGPN; PIR,alive,151,350,medium,SNAP-DRGN person 673934 (http://data.snapdrgn.net/person/673934/); associated attestation dates: 0201/0250;0001/0300; narrowest range 0201/0250 (49y) -> 3rd century CE expanded +/-50y; confidence medium (<=60y window; rough floruit); source SNAP-DRGN data.snapdrgn.net retrieved 2026-10-04
