entity_id,entity_type,canonical_name,aliases,description,relation,start_year,end_year,confidence,notes
ucdp:13243-1,event,Government of Russia (Soviet Union) vs Government of Ukraine,,UCDP armed conflict episode 1 of conflict 13243 in Russia (Soviet Union); Ukraine; internal (internationalized); 3 active year(s); outcome: ongoing (no termination coded),ongoing,2022,,high,Source: UCDP Conflict Termination Dataset v4-2024 (Kreutz; JPR 47(2) 2010; Uppsala Conflict Data Program; attribution required); retrieved 2026-10-04 from ucdp.uu.se. Region: Europe. Battle-deaths estimate 99473 (UCDP BRD v26.1 bd_best summed over episode years; BRD v26.1 covers 1989 onward and is one version newer than the CT base). Outcome: ongoing (no termination coded). end_year empty = episode ongoing per UCDP coding (activity never fell below the 25 battle-deaths/year threshold); not necessarily politically unresolved.
ucdp:409-1,event,Government of Eritrea vs Government of Ethiopia,,UCDP armed conflict episode 1 of conflict 409 in Eritrea; Ethiopia; internal (internationalized); 3 active year(s); outcome: peace agreement,ongoing,1998,2000,high,Source: UCDP Conflict Termination Dataset v4-2024 (Kreutz; JPR 47(2) 2010; Uppsala Conflict Data Program; attribution required); retrieved 2026-10-04 from ucdp.uu.se. Region: Africa. Battle-deaths estimate 98192 (UCDP BRD v26.1 bd_best summed over episode years; BRD v26.1 covers 1989 onward and is one version newer than the CT base). Outcome: peace agreement.
ucdp:309-3,event,Government of Sudan vs SLM/A,Darfur Joint Resistance Forces|SARC|SRF|SPLM/A-North|JEM|SLFA,UCDP armed conflict episode 3 of conflict 309 in Sudan; internationalized internal; 36 active year(s); outcome: low activity,ongoing,1983,2018,high,Source: UCDP Conflict Termination Dataset v4-2024 (Kreutz; JPR 47(2) 2010; Uppsala Conflict Data Program; attribution required); retrieved 2026-10-04 from ucdp.uu.se. Region: Africa. Battle-deaths estimate 49310 (UCDP BRD v26.1 bd_best summed over episode years; BRD v26.1 covers 1989 onward and is one version newer than the CT base). Outcome: low activity.
ucdp:275-1,event,Government of Ethiopia vs EPLF,ELF,UCDP armed conflict episode 1 of conflict 275 in Ethiopia; internationalized internal; 28 active year(s); outcome: victory for side B (non-state side),ongoing,1964,1991,high,Source: UCDP Conflict Termination Dataset v4-2024 (Kreutz; JPR 47(2) 2010; Uppsala Conflict Data Program; attribution required); retrieved 2026-10-04 from ucdp.uu.se. Region: Africa. Battle-deaths estimate 43470 (UCDP BRD v26.1 bd_best summed over episode years; BRD v26.1 covers 1989 onward and is one version newer than the CT base). Outcome: victory for side B (non-state side).
ucdp:352-1,event,Government of Sri Lanka vs LTTE,EPRLF|TELO,UCDP armed conflict episode 1 of conflict 352 in Sri Lanka; internationalized internal; 18 active year(s); outcome: ceasefire,ongoing,1984,2001,high,Source: UCDP Conflict Termination Dataset v4-2024 (Kreutz; JPR 47(2) 2010; Uppsala Conflict Data Program; attribution required); retrieved 2026-10-04 from ucdp.uu.se. Region: Asia. Battle-deaths estimate 37777 (UCDP BRD v26.1 bd_best summed over episode years; BRD v26.1 covers 1989 onward and is one version newer than the CT base). Outcome: ceasefire.
ucdp:354-1,event,Government of Turkey vs PKK,,UCDP armed conflict episode 1 of conflict 354 in Turkey; internationalized internal; 30 active year(s); outcome: ceasefire,ongoing,1984,2013,high,Source: UCDP Conflict Termination Dataset v4-2024 (Kreutz; JPR 47(2) 2010; Uppsala Conflict Data Program; attribution required); retrieved 2026-10-04 from ucdp.uu.se. Region: Middle East. Battle-deaths estimate 29512 (UCDP BRD v26.1 bd_best summed over episode years; BRD v26.1 covers 1989 onward and is one version newer than the CT base). Outcome: ceasefire.
ucdp:289-1,event,Government of Colombia vs ELN,EPL - Megateo|FARC|EPL|M-19,UCDP armed conflict episode 1 of conflict 289 in Colombia; internationalized internal; 53 active year(s); outcome: ceasefire,ongoing,1964,2016,high,Source: UCDP Conflict Termination Dataset v4-2024 (Kreutz; JPR 47(2) 2010; Uppsala Conflict Data Program; attribution required); retrieved 2026-10-04 from ucdp.uu.se. Region: Americas. Battle-deaths estimate 24610 (UCDP BRD v26.1 bd_best summed over episode years; BRD v26.1 covers 1989 onward and is one version newer than the CT base). Outcome: ceasefire.
ucdp:327-1,event,Government of Angola vs UNITA,FNLA,UCDP armed conflict episode 1 of conflict 327 in Angola; internationalized internal; 21 active year(s); outcome: low activity,ongoing,1975,1995,high,Source: UCDP Conflict Termination Dataset v4-2024 (Kreutz; JPR 47(2) 2010; Uppsala Conflict Data Program; attribution required); retrieved 2026-10-04 from ucdp.uu.se. Region: Africa. Battle-deaths estimate 24339 (UCDP BRD v26.1 bd_best summed over episode years; BRD v26.1 covers 1989 onward and is one version newer than the CT base). Outcome: low activity.
ucdp:352-3,event,Government of Sri Lanka vs LTTE,,UCDP armed conflict episode 3 of conflict 352 in Sri Lanka; internationalized internal; 5 active year(s); outcome: victory for side A (government),ongoing,2005,2009,high,Source: UCDP Conflict Termination Dataset v4-2024 (Kreutz; JPR 47(2) 2010; Uppsala Conflict Data Program; attribution required); retrieved 2026-10-04 from ucdp.uu.se. Region: Asia. Battle-deaths estimate 22979 (UCDP BRD v26.1 bd_best summed over episode years; BRD v26.1 covers 1989 onward and is one version newer than the CT base). Outcome: victory for side A (government).
ucdp:371-1,event,Government of Iraq vs Government of Kuwait,,UCDP armed conflict episode 1 of conflict 371 in Iraq; Kuwait; internal (internationalized); 2 active year(s); outcome: victory for side B (non-state side),ongoing,1990,1991,high,Source: UCDP Conflict Termination Dataset v4-2024 (Kreutz; JPR 47(2) 2010; Uppsala Conflict Data Program; attribution required); retrieved 2026-10-04 from ucdp.uu.se. Region: Middle East. Battle-deaths estimate 22848 (UCDP BRD v26.1 bd_best summed over episode years; BRD v26.1 covers 1989 onward and is one version newer than the CT base). Outcome: victory for side B (non-state side).
ucdp:267-3,event,Government of Ethiopia vs GLF; TPLF,,UCDP armed conflict episode 3 of conflict 267 in Ethiopia; internationalized internal; 3 active year(s); outcome: ongoing (no termination coded),ongoing,2020,,high,Source: UCDP Conflict Termination Dataset v4-2024 (Kreutz; JPR 47(2) 2010; Uppsala Conflict Data Program; attribution required); retrieved 2026-10-04 from ucdp.uu.se. Region: Africa. Battle-deaths estimate 20888 (UCDP BRD v26.1 bd_best summed over episode years; BRD v26.1 covers 1989 onward and is one version newer than the CT base). Outcome: ongoing (no termination coded). end_year empty = episode ongoing per UCDP coding (activity never fell below the 25 battle-deaths/year threshold); not necessarily politically unresolved.
ucdp:389-1,event,Government of Bosnia-Herzegovina vs Serbian irregulars; Serbian Republic of Bosnia-Herzegovina,,UCDP armed conflict episode 1 of conflict 389 in Bosnia-Herzegovina; internationalized internal; 4 active year(s); outcome: ongoing (no termination coded),ongoing,1992,,high,Source: UCDP Conflict Termination Dataset v4-2024 (Kreutz; JPR 47(2) 2010; Uppsala Conflict Data Program; attribution required); retrieved 2026-10-04 from ucdp.uu.se. Region: Europe. Battle-deaths estimate 16802 (UCDP BRD v26.1 bd_best summed over episode years; BRD v26.1 covers 1989 onward and is one version newer than the CT base). Outcome: ongoing (no termination coded). end_year empty = episode ongoing per UCDP coding (activity never fell below the 25 battle-deaths/year threshold); not necessarily politically unresolved.
ucdp:283-4,event,Government of DR Congo (Zaire) vs RCD,AFDL|MLC,UCDP armed conflict episode 4 of conflict 283 in DR Congo (Zaire); internationalized internal; 6 active year(s); outcome: peace agreement,ongoing,1996,2001,high,Source: UCDP Conflict Termination Dataset v4-2024 (Kreutz; JPR 47(2) 2010; Uppsala Conflict Data Program; attribution required); retrieved 2026-10-04 from ucdp.uu.se. Region: Africa. Battle-deaths estimate 13772 (UCDP BRD v26.1 bd_best summed over episode years; BRD v26.1 covers 1989 onward and is one version newer than the CT base). Outcome: peace agreement.
ucdp:401-2,event,Government of Russia (Soviet Union) vs Chechen Republic of Ichkeria,,UCDP armed conflict episode 2 of conflict 401 in Russia (Soviet Union); internationalized internal; 9 active year(s); outcome: actor ceases to exist,ongoing,1999,2007,high,Source: UCDP Conflict Termination Dataset v4-2024 (Kreutz; JPR 47(2) 2010; Uppsala Conflict Data Program; attribution required); retrieved 2026-10-04 from ucdp.uu.se. Region: Europe. Battle-deaths estimate 13474 (UCDP BRD v26.1 bd_best summed over episode years; BRD v26.1 covers 1989 onward and is one version newer than the CT base). Outcome: actor ceases to exist.
ucdp:337-2,event,Government of Somalia vs USC/SNA,SNM|SPM|USC/SSA,UCDP armed conflict episode 2 of conflict 337 in Somalia; internationalized internal; 11 active year(s); outcome: actor ceases to exist,ongoing,1986,1996,high,Source: UCDP Conflict Termination Dataset v4-2024 (Kreutz; JPR 47(2) 2010; Uppsala Conflict Data Program; attribution required); retrieved 2026-10-04 from ucdp.uu.se. Region: Africa. Battle-deaths estimate 12870 (UCDP BRD v26.1 bd_best summed over episode years; BRD v26.1 covers 1989 onward and is one version newer than the CT base). Outcome: actor ceases to exist.
ucdp:382-1,event,Government of Sierra Leone vs RUF,AFRC|Kamajors|WSB,UCDP armed conflict episode 1 of conflict 382 in Sierra Leone; internationalized internal; 11 active year(s); outcome: peace agreement,ongoing,1991,2001,high,Source: UCDP Conflict Termination Dataset v4-2024 (Kreutz; JPR 47(2) 2010; Uppsala Conflict Data Program; attribution required); retrieved 2026-10-04 from ucdp.uu.se. Region: Africa. Battle-deaths estimate 11473 (UCDP BRD v26.1 bd_best summed over episode years; BRD v26.1 covers 1989 onward and is one version newer than the CT base). Outcome: peace agreement.
ucdp:287-3,event,Government of Burundi vs Palipehutu-FNL,CNDD|CNDD-FDD|Frolina,UCDP armed conflict episode 3 of conflict 287 in Burundi; internationalized internal; 13 active year(s); outcome: peace agreement,ongoing,1994,2006,high,Source: UCDP Conflict Termination Dataset v4-2024 (Kreutz; JPR 47(2) 2010; Uppsala Conflict Data Program; attribution required); retrieved 2026-10-04 from ucdp.uu.se. Region: Africa. Battle-deaths estimate 10060 (UCDP BRD v26.1 bd_best summed over episode years; BRD v26.1 covers 1989 onward and is one version newer than the CT base). Outcome: peace agreement.
ucdp:408-2,event,Government of Congo vs Cocoyes; Ntsiloulous,Cobras|Ninjas,UCDP armed conflict episode 2 of conflict 408 in Congo; internationalized internal; 3 active year(s); outcome: ongoing (no termination coded),ongoing,1997,,high,Source: UCDP Conflict Termination Dataset v4-2024 (Kreutz; JPR 47(2) 2010; Uppsala Conflict Data Program; attribution required); retrieved 2026-10-04 from ucdp.uu.se. Region: Africa. Battle-deaths estimate 10033 (UCDP BRD v26.1 bd_best summed over episode years; BRD v26.1 covers 1989 onward and is one version newer than the CT base). Outcome: ongoing (no termination coded). end_year empty = episode ongoing per UCDP coding (activity never fell below the 25 battle-deaths/year threshold); not necessarily politically unresolved.
ucdp:269-2,event,Government of Nepal vs CPN-M,,UCDP armed conflict episode 2 of conflict 269 in Nepal; internationalized internal; 11 active year(s); outcome: peace agreement,ongoing,1996,2006,high,Source: UCDP Conflict Termination Dataset v4-2024 (Kreutz; JPR 47(2) 2010; Uppsala Conflict Data Program; attribution required); retrieved 2026-10-04 from ucdp.uu.se. Region: Asia. Battle-deaths estimate 9915 (UCDP BRD v26.1 bd_best summed over episode years; BRD v26.1 covers 1989 onward and is one version newer than the CT base). Outcome: peace agreement.
ucdp:388-7,event,Government of Azerbaijan vs Republic of Artsakh,,UCDP armed conflict episode 7 of conflict 388 in Azerbaijan; internationalized internal; 4 active year(s); outcome: victory for side A (government),ongoing,2020,2023,high,Source: UCDP Conflict Termination Dataset v4-2024 (Kreutz; JPR 47(2) 2010; Uppsala Conflict Data Program; attribution required); retrieved 2026-10-04 from ucdp.uu.se. Region: Europe. Battle-deaths estimate 8348 (UCDP BRD v26.1 bd_best summed over episode years; BRD v26.1 covers 1989 onward and is one version newer than the CT base). Outcome: victory for side A (government).
ucdp:351-1,event,Government of India vs Sikh insurgents,,UCDP armed conflict episode 1 of conflict 351 in India; internationalized internal; 11 active year(s); outcome: low activity,ongoing,1983,1993,high,Source: UCDP Conflict Termination Dataset v4-2024 (Kreutz; JPR 47(2) 2010; Uppsala Conflict Data Program; attribution required); retrieved 2026-10-04 from ucdp.uu.se. Region: Asia. Battle-deaths estimate 8165 (UCDP BRD v26.1 bd_best summed over episode years; BRD v26.1 covers 1989 onward and is one version newer than the CT base). Outcome: low activity.
ucdp:308-2,event,Government of Philippines vs ASG,BIFM|MILF|MNLF - NM|BIFM-K|MNLF - HM|MNLF,UCDP armed conflict episode 2 of conflict 308 in Philippines; internationalized internal; 28 active year(s); outcome: low activity,ongoing,1993,2020,high,Source: UCDP Conflict Termination Dataset v4-2024 (Kreutz; JPR 47(2) 2010; Uppsala Conflict Data Program; attribution required); retrieved 2026-10-04 from ucdp.uu.se. Region: Asia. Battle-deaths estimate 8058 (UCDP BRD v26.1 bd_best summed over episode years; BRD v26.1 covers 1989 onward and is one version newer than the CT base). Outcome: low activity.
ucdp:420-1,event,Government of Australia; Government of United Kingdom; Government of United States of America vs Government of Iraq,,UCDP armed conflict episode 1 of conflict 420 in Australia; Iraq; United Kingdom; United States of America; internal (internationalized); 1 active year(s); outcome: victory for side A (government),ongoing,2003,2003,high,Source: UCDP Conflict Termination Dataset v4-2024 (Kreutz; JPR 47(2) 2010; Uppsala Conflict Data Program; attribution required); retrieved 2026-10-04 from ucdp.uu.se. Region: Europe;Middle East;Asia;Americas. Battle-deaths estimate 7927 (UCDP BRD v26.1 bd_best summed over episode years; BRD v26.1 covers 1989 onward and is one version newer than the CT base). Outcome: victory for side A (government).
ucdp:292-2,event,Government of Peru vs Sendero Luminoso,MRTA,UCDP armed conflict episode 2 of conflict 292 in Peru; internationalized internal; 18 active year(s); outcome: low activity,ongoing,1982,1999,high,Source: UCDP Conflict Termination Dataset v4-2024 (Kreutz; JPR 47(2) 2010; Uppsala Conflict Data Program; attribution required); retrieved 2026-10-04 from ucdp.uu.se. Region: Americas. Battle-deaths estimate 6482 (UCDP BRD v26.1 bd_best summed over episode years; BRD v26.1 covers 1989 onward and is one version newer than the CT base). Outcome: low activity.
ucdp:327-2,event,Government of Angola vs UNITA,,UCDP armed conflict episode 2 of conflict 327 in Angola; internationalized internal; 5 active year(s); outcome: peace agreement,ongoing,1998,2002,high,Source: UCDP Conflict Termination Dataset v4-2024 (Kreutz; JPR 47(2) 2010; Uppsala Conflict Data Program; attribution required); retrieved 2026-10-04 from ucdp.uu.se. Region: Africa. Battle-deaths estimate 5902 (UCDP BRD v26.1 bd_best summed over episode years; BRD v26.1 covers 1989 onward and is one version newer than the CT base). Outcome: peace agreement.
ucdp:316-2,event,Government of El Salvador vs FMLN,ERP|FPL,UCDP armed conflict episode 2 of conflict 316 in El Salvador; internationalized internal; 13 active year(s); outcome: peace agreement,ongoing,1979,1991,high,Source: UCDP Conflict Termination Dataset v4-2024 (Kreutz; JPR 47(2) 2010; Uppsala Conflict Data Program; attribution required); retrieved 2026-10-04 from ucdp.uu.se. Region: Americas. Battle-deaths estimate 5861 (UCDP BRD v26.1 bd_best summed over episode years; BRD v26.1 covers 1989 onward and is one version newer than the CT base). Outcome: peace agreement.
ucdp:390-1,event,Government of Croatia vs Serbian Republic of Krajina,Serbian irregulars,UCDP armed conflict episode 1 of conflict 390 in Croatia; internationalized internal; 4 active year(s); outcome: peace agreement,ongoing,1992,1995,high,Source: UCDP Conflict Termination Dataset v4-2024 (Kreutz; JPR 47(2) 2010; Uppsala Conflict Data Program; attribution required); retrieved 2026-10-04 from ucdp.uu.se. Region: Europe. Battle-deaths estimate 5670 (UCDP BRD v26.1 bd_best summed over episode years; BRD v26.1 covers 1989 onward and is one version newer than the CT base). Outcome: peace agreement.
ucdp:13306-1,event,Government of Ukraine vs DPR,LPR|United Armed Forces of Novorossiya,UCDP armed conflict episode 1 of conflict 13306 in Ukraine; internationalized internal; 9 active year(s); outcome: actor ceases to exist,ongoing,2014,2022,high,Source: UCDP Conflict Termination Dataset v4-2024 (Kreutz; JPR 47(2) 2010; Uppsala Conflict Data Program; attribution required); retrieved 2026-10-04 from ucdp.uu.se. Region: Europe. Battle-deaths estimate 5515 (UCDP BRD v26.1 bd_best summed over episode years; BRD v26.1 covers 1989 onward and is one version newer than the CT base). Outcome: actor ceases to exist.
ucdp:418-1,event,Government of United States of America vs al-Qaida,,UCDP armed conflict episode 1 of conflict 418 in United States of America; internationalized internal; 17 active year(s); outcome: low activity,ongoing,2001,2017,high,Source: UCDP Conflict Termination Dataset v4-2024 (Kreutz; JPR 47(2) 2010; Uppsala Conflict Data Program; attribution required); retrieved 2026-10-04 from ucdp.uu.se. Region: Americas. Battle-deaths estimate 5478 (UCDP BRD v26.1 bd_best summed over episode years; BRD v26.1 covers 1989 onward and is one version newer than the CT base). Outcome: low activity.
ucdp:374-2,event,Government of Rwanda vs FDLR-FOCA,ALiR,UCDP armed conflict episode 2 of conflict 374 in Rwanda; internationalized internal; 7 active year(s); outcome: low activity,ongoing,1996,2002,high,Source: UCDP Conflict Termination Dataset v4-2024 (Kreutz; JPR 47(2) 2010; Uppsala Conflict Data Program; attribution required); retrieved 2026-10-04 from ucdp.uu.se. Region: Africa. Battle-deaths estimate 4913 (UCDP BRD v26.1 bd_best summed over episode years; BRD v26.1 covers 1989 onward and is one version newer than the CT base). Outcome: low activity.
ucdp:388-1,event,Government of Azerbaijan vs Republic of Artsakh,,UCDP armed conflict episode 1 of conflict 388 in Azerbaijan; internationalized internal; 4 active year(s); outcome: ceasefire,ongoing,1991,1994,high,Source: UCDP Conflict Termination Dataset v4-2024 (Kreutz; JPR 47(2) 2010; Uppsala Conflict Data Program; attribution required); retrieved 2026-10-04 from ucdp.uu.se. Region: Europe. Battle-deaths estimate 4880 (UCDP BRD v26.1 bd_best summed over episode years; BRD v26.1 covers 1989 onward and is one version newer than the CT base). Outcome: ceasefire.
ucdp:332-1,event,Government of Mozambique vs Renamo,,UCDP armed conflict episode 1 of conflict 332 in Mozambique; internationalized internal; 16 active year(s); outcome: peace agreement,ongoing,1977,1992,high,Source: UCDP Conflict Termination Dataset v4-2024 (Kreutz; JPR 47(2) 2010; Uppsala Conflict Data Program; attribution required); retrieved 2026-10-04 from ucdp.uu.se. Region: Africa. Battle-deaths estimate 4826 (UCDP BRD v26.1 bd_best summed over episode years; BRD v26.1 covers 1989 onward and is one version newer than the CT base). Outcome: peace agreement.
ucdp:401-1,event,Government of Russia (Soviet Union) vs Chechen Republic of Ichkeria,,UCDP armed conflict episode 1 of conflict 401 in Russia (Soviet Union); internationalized internal; 3 active year(s); outcome: ceasefire,ongoing,1994,1996,high,Source: UCDP Conflict Termination Dataset v4-2024 (Kreutz; JPR 47(2) 2010; Uppsala Conflict Data Program; attribution required); retrieved 2026-10-04 from ucdp.uu.se. Region: Europe. Battle-deaths estimate 4704 (UCDP BRD v26.1 bd_best summed over episode years; BRD v26.1 covers 1989 onward and is one version newer than the CT base). Outcome: ceasefire.
ucdp:209-1,event,Government of Philippines vs CPP,Military faction (forces of Honasan|Abenina & Zumel)|Huk,UCDP armed conflict episode 1 of conflict 209 in Philippines; internationalized internal; 27 active year(s); outcome: ceasefire,ongoing,1969,1995,high,Source: UCDP Conflict Termination Dataset v4-2024 (Kreutz; JPR 47(2) 2010; Uppsala Conflict Data Program; attribution required); retrieved 2026-10-04 from ucdp.uu.se. Region: Asia. Battle-deaths estimate 4145 (UCDP BRD v26.1 bd_best summed over episode years; BRD v26.1 covers 1989 onward and is one version newer than the CT base). Outcome: ceasefire.
ucdp:259-6,event,Government of Iraq vs IS,Ansar al-Islam|RJF|al-Mahdi Army,UCDP armed conflict episode 6 of conflict 259 in Iraq; internationalized internal; 21 active year(s); outcome: ongoing (no termination coded),ongoing,2004,,high,Source: UCDP Conflict Termination Dataset v4-2024 (Kreutz; JPR 47(2) 2010; Uppsala Conflict Data Program; attribution required); retrieved 2026-10-04 from ucdp.uu.se. Region: Middle East. Battle-deaths estimate 4094 (UCDP BRD v26.1 bd_best summed over episode years; BRD v26.1 covers 1989 onward and is one version newer than the CT base). Outcome: ongoing (no termination coded). end_year empty = episode ongoing per UCDP coding (activity never fell below the 25 battle-deaths/year threshold); not necessarily politically unresolved.
ucdp:11346-1,event,Government of Libya vs Forces of Muammar Gaddafi; NTC,,UCDP armed conflict episode 1 of conflict 11346 in Libya; internationalized internal; 1 active year(s); outcome: ongoing (no termination coded),ongoing,2011,,high,Source: UCDP Conflict Termination Dataset v4-2024 (Kreutz; JPR 47(2) 2010; Uppsala Conflict Data Program; attribution required); retrieved 2026-10-04 from ucdp.uu.se. Region: Africa. Battle-deaths estimate 3762 (UCDP BRD v26.1 bd_best summed over episode years; BRD v26.1 covers 1989 onward and is one version newer than the CT base). Outcome: ongoing (no termination coded). end_year empty = episode ongoing per UCDP coding (activity never fell below the 25 battle-deaths/year threshold); not necessarily politically unresolved.
ucdp:13648-1,event,Government of Egypt vs IS,,UCDP armed conflict episode 1 of conflict 13648 in Egypt; internationalized internal; 8 active year(s); outcome: victory for side A (government),ongoing,2015,2022,high,Source: UCDP Conflict Termination Dataset v4-2024 (Kreutz; JPR 47(2) 2010; Uppsala Conflict Data Program; attribution required); retrieved 2026-10-04 from ucdp.uu.se. Region: Middle East. Battle-deaths estimate 3627 (UCDP BRD v26.1 bd_best summed over episode years; BRD v26.1 covers 1989 onward and is one version newer than the CT base). Outcome: victory for side A (government).
ucdp:374-1,event,Government of Rwanda vs FPR,,UCDP armed conflict episode 1 of conflict 374 in Rwanda; internationalized internal; 5 active year(s); outcome: victory for side B (non-state side),ongoing,1990,1994,high,Source: UCDP Conflict Termination Dataset v4-2024 (Kreutz; JPR 47(2) 2010; Uppsala Conflict Data Program; attribution required); retrieved 2026-10-04 from ucdp.uu.se. Region: Africa. Battle-deaths estimate 3601 (UCDP BRD v26.1 bd_best summed over episode years; BRD v26.1 covers 1989 onward and is one version newer than the CT base). Outcome: victory for side B (non-state side).
ucdp:221-1,event,Government of Myanmar (Burma) vs KNU,KNUP,UCDP armed conflict episode 1 of conflict 221 in Myanmar (Burma); internationalized internal; 44 active year(s); outcome: low activity,ongoing,1949,1992,high,Source: UCDP Conflict Termination Dataset v4-2024 (Kreutz; JPR 47(2) 2010; Uppsala Conflict Data Program; attribution required); retrieved 2026-10-04 from ucdp.uu.se. Region: Asia. Battle-deaths estimate 3412 (UCDP BRD v26.1 bd_best summed over episode years; BRD v26.1 covers 1989 onward and is one version newer than the CT base). Outcome: low activity.
ucdp:395-1,event,Government of Tajikistan vs Forces of Khudoberdiyev; UTO,PFT,UCDP armed conflict episode 1 of conflict 395 in Tajikistan; internationalized internal; 7 active year(s); outcome: ongoing (no termination coded),ongoing,1992,,high,Source: UCDP Conflict Termination Dataset v4-2024 (Kreutz; JPR 47(2) 2010; Uppsala Conflict Data Program; attribution required); retrieved 2026-10-04 from ucdp.uu.se. Region: Asia. Battle-deaths estimate 3355 (UCDP BRD v26.1 bd_best summed over episode years; BRD v26.1 covers 1989 onward and is one version newer than the CT base). Outcome: ongoing (no termination coded). end_year empty = episode ongoing per UCDP coding (activity never fell below the 25 battle-deaths/year threshold); not necessarily politically unresolved.
ucdp:366-2,event,Government of Indonesia vs GAM,,UCDP armed conflict episode 2 of conflict 366 in Indonesia; internationalized internal; 7 active year(s); outcome: peace agreement,ongoing,1999,2005,high,Source: UCDP Conflict Termination Dataset v4-2024 (Kreutz; JPR 47(2) 2010; Uppsala Conflict Data Program; attribution required); retrieved 2026-10-04 from ucdp.uu.se. Region: Asia. Battle-deaths estimate 3233 (UCDP BRD v26.1 bd_best summed over episode years; BRD v26.1 covers 1989 onward and is one version newer than the CT base). Outcome: peace agreement.
ucdp:385-1,event,Government of Serbia (Yugoslavia) vs Republic of Croatia,Croatian irregulars,UCDP armed conflict episode 1 of conflict 385 in Serbia (Yugoslavia); internationalized internal; 2 active year(s); outcome: actor ceases to exist,ongoing,1991,1992,high,Source: UCDP Conflict Termination Dataset v4-2024 (Kreutz; JPR 47(2) 2010; Uppsala Conflict Data Program; attribution required); retrieved 2026-10-04 from ucdp.uu.se. Region: Europe. Battle-deaths estimate 3111 (UCDP BRD v26.1 bd_best summed over episode years; BRD v26.1 covers 1989 onward and is one version newer than the CT base). Outcome: actor ceases to exist.
ucdp:432-1,event,Government of Russia (Soviet Union) vs Forces of the Caucasus Emirate,,UCDP armed conflict episode 1 of conflict 432 in Russia (Soviet Union); internationalized internal; 9 active year(s); outcome: victory for side A (government),ongoing,2007,2015,high,Source: UCDP Conflict Termination Dataset v4-2024 (Kreutz; JPR 47(2) 2010; Uppsala Conflict Data Program; attribution required); retrieved 2026-10-04 from ucdp.uu.se. Region: Europe. Battle-deaths estimate 2948 (UCDP BRD v26.1 bd_best summed over episode years; BRD v26.1 covers 1989 onward and is one version newer than the CT base). Outcome: victory for side A (government).
ucdp:412-1,event,Government of Serbia (Yugoslavia) vs UCK,,UCDP armed conflict episode 1 of conflict 412 in Serbia (Yugoslavia); internationalized internal; 2 active year(s); outcome: peace agreement,ongoing,1998,1999,high,Source: UCDP Conflict Termination Dataset v4-2024 (Kreutz; JPR 47(2) 2010; Uppsala Conflict Data Program; attribution required); retrieved 2026-10-04 from ucdp.uu.se. Region: Europe. Battle-deaths estimate 2639 (UCDP BRD v26.1 bd_best summed over episode years; BRD v26.1 covers 1989 onward and is one version newer than the CT base). Outcome: peace agreement.
ucdp:288-6,event,Government of Chad vs FPRN,AN|FUCD|RAFD|UFDD|UFR,UCDP armed conflict episode 6 of conflict 288 in Chad; internationalized internal; 6 active year(s); outcome: low activity,ongoing,2005,2010,high,Source: UCDP Conflict Termination Dataset v4-2024 (Kreutz; JPR 47(2) 2010; Uppsala Conflict Data Program; attribution required); retrieved 2026-10-04 from ucdp.uu.se. Region: Africa. Battle-deaths estimate 2583 (UCDP BRD v26.1 bd_best summed over episode years; BRD v26.1 covers 1989 onward and is one version newer than the CT base). Outcome: low activity.
ucdp:234-3,event,Government of Israel vs Hamas; PIJ,,UCDP armed conflict episode 3 of conflict 234 in Israel; internationalized internal; 1 active year(s); outcome: ongoing (no termination coded),ongoing,2014,,high,Source: UCDP Conflict Termination Dataset v4-2024 (Kreutz; JPR 47(2) 2010; Uppsala Conflict Data Program; attribution required); retrieved 2026-10-04 from ucdp.uu.se. Region: Middle East. Battle-deaths estimate 2378 (UCDP BRD v26.1 bd_best summed over episode years; BRD v26.1 covers 1989 onward and is one version newer than the CT base). Outcome: ongoing (no termination coded). end_year empty = episode ongoing per UCDP coding (activity never fell below the 25 battle-deaths/year threshold); not necessarily politically unresolved.
ucdp:13246-1,event,Government of Ukraine vs DPR,,UCDP armed conflict episode 1 of conflict 13246 in Ukraine; internationalized internal; 1 active year(s); outcome: actor ceases to exist,ongoing,2014,2014,high,Source: UCDP Conflict Termination Dataset v4-2024 (Kreutz; JPR 47(2) 2010; Uppsala Conflict Data Program; attribution required); retrieved 2026-10-04 from ucdp.uu.se. Region: Europe. Battle-deaths estimate 2277 (UCDP BRD v26.1 bd_best summed over episode years; BRD v26.1 covers 1989 onward and is one version newer than the CT base). Outcome: actor ceases to exist.
ucdp:11346-4,event,Government of Libya vs Forces of the House of Representatives,,UCDP armed conflict episode 4 of conflict 11346 in Libya; internationalized internal; 2 active year(s); outcome: ceasefire,ongoing,2019,2020,high,Source: UCDP Conflict Termination Dataset v4-2024 (Kreutz; JPR 47(2) 2010; Uppsala Conflict Data Program; attribution required); retrieved 2026-10-04 from ucdp.uu.se. Region: Africa. Battle-deaths estimate 2256 (UCDP BRD v26.1 bd_best summed over episode years; BRD v26.1 covers 1989 onward and is one version newer than the CT base). Outcome: ceasefire.
ucdp:374-3,event,Government of Rwanda vs FDLR-FOCA,,UCDP armed conflict episode 3 of conflict 374 in Rwanda; internationalized internal; 4 active year(s); outcome: low activity,ongoing,2009,2012,high,Source: UCDP Conflict Termination Dataset v4-2024 (Kreutz; JPR 47(2) 2010; Uppsala Conflict Data Program; attribution required); retrieved 2026-10-04 from ucdp.uu.se. Region: Africa. Battle-deaths estimate 2218 (UCDP BRD v26.1 bd_best summed over episode years; BRD v26.1 covers 1989 onward and is one version newer than the CT base). Outcome: low activity.
ucdp:392-1,event,Government of Georgia vs Republic of Abkhazia,,UCDP armed conflict episode 1 of conflict 392 in Georgia; internationalized internal; 2 active year(s); outcome: peace agreement,ongoing,1992,1993,high,Source: UCDP Conflict Termination Dataset v4-2024 (Kreutz; JPR 47(2) 2010; Uppsala Conflict Data Program; attribution required); retrieved 2026-10-04 from ucdp.uu.se. Region: Europe. Battle-deaths estimate 2177 (UCDP BRD v26.1 bd_best summed over episode years; BRD v26.1 covers 1989 onward and is one version newer than the CT base). Outcome: peace agreement.
ucdp:397-1,event,Government of Bosnia-Herzegovina vs Autonomous Province of Western Bosnia,,UCDP armed conflict episode 1 of conflict 397 in Bosnia-Herzegovina; internationalized internal; 3 active year(s); outcome: victory for side A (government),ongoing,1993,1995,high,Source: UCDP Conflict Termination Dataset v4-2024 (Kreutz; JPR 47(2) 2010; Uppsala Conflict Data Program; attribution required); retrieved 2026-10-04 from ucdp.uu.se. Region: Europe. Battle-deaths estimate 2104 (UCDP BRD v26.1 bd_best summed over episode years; BRD v26.1 covers 1989 onward and is one version newer than the CT base). Outcome: victory for side A (government).
ucdp:288-5,event,Government of Chad vs MDJT,FARF|MDD,UCDP armed conflict episode 5 of conflict 288 in Chad; internationalized internal; 7 active year(s); outcome: low activity,ongoing,1997,2003,high,Source: UCDP Conflict Termination Dataset v4-2024 (Kreutz; JPR 47(2) 2010; Uppsala Conflict Data Program; attribution required); retrieved 2026-10-04 from ucdp.uu.se. Region: Africa. Battle-deaths estimate 2071 (UCDP BRD v26.1 bd_best summed over episode years; BRD v26.1 covers 1989 onward and is one version newer than the CT base). Outcome: low activity.
ucdp:13641-1,event,Government of Nigeria vs IS,,UCDP armed conflict episode 1 of conflict 13641 in Nigeria; internationalized internal; 10 active year(s); outcome: ongoing (no termination coded),ongoing,2015,,high,Source: UCDP Conflict Termination Dataset v4-2024 (Kreutz; JPR 47(2) 2010; Uppsala Conflict Data Program; attribution required); retrieved 2026-10-04 from ucdp.uu.se. Region: Africa. Battle-deaths estimate 2063 (UCDP BRD v26.1 bd_best summed over episode years; BRD v26.1 covers 1989 onward and is one version newer than the CT base). Outcome: ongoing (no termination coded). end_year empty = episode ongoing per UCDP coding (activity never fell below the 25 battle-deaths/year threshold); not necessarily politically unresolved.
ucdp:13694-1,event,Government of Libya vs IS,,UCDP armed conflict episode 1 of conflict 13694 in Libya; internationalized internal; 5 active year(s); outcome: low activity,ongoing,2015,2019,high,Source: UCDP Conflict Termination Dataset v4-2024 (Kreutz; JPR 47(2) 2010; Uppsala Conflict Data Program; attribution required); retrieved 2026-10-04 from ucdp.uu.se. Region: Africa. Battle-deaths estimate 1979 (UCDP BRD v26.1 bd_best summed over episode years; BRD v26.1 covers 1989 onward and is one version newer than the CT base). Outcome: low activity.
ucdp:218-8,event,Government of India vs Government of Pakistan,,UCDP armed conflict episode 8 of conflict 218 in India; Pakistan; internal (internationalized); 8 active year(s); outcome: ceasefire,ongoing,1996,2003,high,Source: UCDP Conflict Termination Dataset v4-2024 (Kreutz; JPR 47(2) 2010; Uppsala Conflict Data Program; attribution required); retrieved 2026-10-04 from ucdp.uu.se. Region: Asia. Battle-deaths estimate 1965 (UCDP BRD v26.1 bd_best summed over episode years; BRD v26.1 covers 1989 onward and is one version newer than the CT base). Outcome: ceasefire.
ucdp:13902-1,event,Government of Turkey vs IS,,UCDP armed conflict episode 1 of conflict 13902 in Turkey; internationalized internal; 3 active year(s); outcome: low activity,ongoing,2015,2017,high,Source: UCDP Conflict Termination Dataset v4-2024 (Kreutz; JPR 47(2) 2010; Uppsala Conflict Data Program; attribution required); retrieved 2026-10-04 from ucdp.uu.se. Region: Middle East. Battle-deaths estimate 1883 (UCDP BRD v26.1 bd_best summed over episode years; BRD v26.1 covers 1989 onward and is one version newer than the CT base). Outcome: low activity.
ucdp:402-1,event,Government of Yemen (North Yemen) vs Democratic Republic of Yemen,,UCDP armed conflict episode 1 of conflict 402 in Yemen (North Yemen); internationalized internal; 1 active year(s); outcome: victory for side A (government),ongoing,1994,1994,high,Source: UCDP Conflict Termination Dataset v4-2024 (Kreutz; JPR 47(2) 2010; Uppsala Conflict Data Program; attribution required); retrieved 2026-10-04 from ucdp.uu.se. Region: Middle East. Battle-deaths estimate 1489 (UCDP BRD v26.1 bd_best summed over episode years; BRD v26.1 covers 1989 onward and is one version newer than the CT base). Outcome: victory for side A (government).
ucdp:314-5,event,Government of Uganda vs ADF,LRA,UCDP armed conflict episode 5 of conflict 314 in Uganda; internationalized internal; 5 active year(s); outcome: actor ceases to exist,ongoing,2013,2017,high,Source: UCDP Conflict Termination Dataset v4-2024 (Kreutz; JPR 47(2) 2010; Uppsala Conflict Data Program; attribution required); retrieved 2026-10-04 from ucdp.uu.se. Region: Africa. Battle-deaths estimate 1444 (UCDP BRD v26.1 bd_best summed over episode years; BRD v26.1 covers 1989 onward and is one version newer than the CT base). Outcome: actor ceases to exist.
ucdp:264-4,event,Government of Myanmar (Burma) vs RCSS,MTA,UCDP armed conflict episode 4 of conflict 264 in Myanmar (Burma); internationalized internal; 10 active year(s); outcome: low activity,ongoing,1993,2002,high,Source: UCDP Conflict Termination Dataset v4-2024 (Kreutz; JPR 47(2) 2010; Uppsala Conflict Data Program; attribution required); retrieved 2026-10-04 from ucdp.uu.se. Region: Asia. Battle-deaths estimate 1427 (UCDP BRD v26.1 bd_best summed over episode years; BRD v26.1 covers 1989 onward and is one version newer than the CT base). Outcome: low activity.
ucdp:13604-1,event,Government of Syria vs IS,,UCDP armed conflict episode 1 of conflict 13604 in Syria; internationalized internal; 12 active year(s); outcome: ongoing (no termination coded),ongoing,2013,,high,Source: UCDP Conflict Termination Dataset v4-2024 (Kreutz; JPR 47(2) 2010; Uppsala Conflict Data Program; attribution required); retrieved 2026-10-04 from ucdp.uu.se. Region: Middle East. Battle-deaths estimate 1422 (UCDP BRD v26.1 bd_best summed over episode years; BRD v26.1 covers 1989 onward and is one version newer than the CT base). Outcome: ongoing (no termination coded). end_year empty = episode ongoing per UCDP coding (activity never fell below the 25 battle-deaths/year threshold); not necessarily politically unresolved.
ucdp:271-2,event,Government of Iraq vs PUK,KDP|KDP-QM,UCDP armed conflict episode 2 of conflict 271 in Iraq; internationalized internal; 20 active year(s); outcome: low activity,ongoing,1973,1992,high,Source: UCDP Conflict Termination Dataset v4-2024 (Kreutz; JPR 47(2) 2010; Uppsala Conflict Data Program; attribution required); retrieved 2026-10-04 from ucdp.uu.se. Region: Middle East. Battle-deaths estimate 1417 (UCDP BRD v26.1 bd_best summed over episode years; BRD v26.1 covers 1989 onward and is one version newer than the CT base). Outcome: low activity.
ucdp:230-3,event,Government of Yemen (North Yemen) vs Forces of the Presidential Leadership Council,AQAP|GPC|Ansarallah,UCDP armed conflict episode 3 of conflict 230 in Yemen (North Yemen); internationalized internal; 16 active year(s); outcome: ongoing (no termination coded),ongoing,2009,,high,Source: UCDP Conflict Termination Dataset v4-2024 (Kreutz; JPR 47(2) 2010; Uppsala Conflict Data Program; attribution required); retrieved 2026-10-04 from ucdp.uu.se. Region: Middle East. Battle-deaths estimate 1413 (UCDP BRD v26.1 bd_best summed over episode years; BRD v26.1 covers 1989 onward and is one version newer than the CT base). Outcome: ongoing (no termination coded). end_year empty = episode ongoing per UCDP coding (activity never fell below the 25 battle-deaths/year threshold); not necessarily politically unresolved.
ucdp:260-4,event,Government of Lebanon vs Forces of Michel Aoun,Lebanese Forces,UCDP armed conflict episode 4 of conflict 260 in Lebanon; internationalized internal; 2 active year(s); outcome: victory for side A (government),ongoing,1989,1990,high,Source: UCDP Conflict Termination Dataset v4-2024 (Kreutz; JPR 47(2) 2010; Uppsala Conflict Data Program; attribution required); retrieved 2026-10-04 from ucdp.uu.se. Region: Middle East. Battle-deaths estimate 1411 (UCDP BRD v26.1 bd_best summed over episode years; BRD v26.1 covers 1989 onward and is one version newer than the CT base). Outcome: victory for side A (government).
ucdp:13692-1,event,Government of Afghanistan vs Government of United Kingdom; Government of United States of America,,UCDP armed conflict episode 1 of conflict 13692 in Afghanistan; United Kingdom; United States of America; internal (internationalized); 1 active year(s); outcome: victory for side B (non-state side),ongoing,2001,2001,high,Source: UCDP Conflict Termination Dataset v4-2024 (Kreutz; JPR 47(2) 2010; Uppsala Conflict Data Program; attribution required); retrieved 2026-10-04 from ucdp.uu.se. Region: Europe;Asia;Americas. Battle-deaths estimate 1397 (UCDP BRD v26.1 bd_best summed over episode years; BRD v26.1 covers 1989 onward and is one version newer than the CT base). Outcome: victory for side B (non-state side).
ucdp:231-3,event,Government of Myanmar (Burma) vs KIO,,UCDP armed conflict episode 3 of conflict 231 in Myanmar (Burma); internationalized internal; 9 active year(s); outcome: low activity,ongoing,2011,2019,high,Source: UCDP Conflict Termination Dataset v4-2024 (Kreutz; JPR 47(2) 2010; Uppsala Conflict Data Program; attribution required); retrieved 2026-10-04 from ucdp.uu.se. Region: Asia. Battle-deaths estimate 1391 (UCDP BRD v26.1 bd_best summed over episode years; BRD v26.1 covers 1989 onward and is one version newer than the CT base). Outcome: low activity.
ucdp:16069-1,event,Government of Ethiopia vs Fano,,UCDP armed conflict episode 1 of conflict 16069 in Ethiopia; internationalized internal; 2 active year(s); outcome: ongoing (no termination coded),ongoing,2023,,high,Source: UCDP Conflict Termination Dataset v4-2024 (Kreutz; JPR 47(2) 2010; Uppsala Conflict Data Program; attribution required); retrieved 2026-10-04 from ucdp.uu.se. Region: Africa. Battle-deaths estimate 1255 (UCDP BRD v26.1 bd_best summed over episode years; BRD v26.1 covers 1989 onward and is one version newer than the CT base). Outcome: ongoing (no termination coded). end_year empty = episode ongoing per UCDP coding (activity never fell below the 25 battle-deaths/year threshold); not necessarily politically unresolved.
ucdp:426-2,event,Government of Israel vs Hezbollah,,UCDP armed conflict episode 2 of conflict 426 in Israel; internationalized internal; 1 active year(s); outcome: ceasefire,ongoing,2006,2006,high,Source: UCDP Conflict Termination Dataset v4-2024 (Kreutz; JPR 47(2) 2010; Uppsala Conflict Data Program; attribution required); retrieved 2026-10-04 from ucdp.uu.se. Region: Middle East. Battle-deaths estimate 1242 (UCDP BRD v26.1 bd_best summed over episode years; BRD v26.1 covers 1989 onward and is one version newer than the CT base). Outcome: ceasefire.
ucdp:329-5,event,Government of Ethiopia vs ONLF,AIAI,UCDP armed conflict episode 5 of conflict 329 in Ethiopia; internationalized internal; 19 active year(s); outcome: low activity,ongoing,1998,2016,high,Source: UCDP Conflict Termination Dataset v4-2024 (Kreutz; JPR 47(2) 2010; Uppsala Conflict Data Program; attribution required); retrieved 2026-10-04 from ucdp.uu.se. Region: Africa. Battle-deaths estimate 1236 (UCDP BRD v26.1 bd_best summed over episode years; BRD v26.1 covers 1989 onward and is one version newer than the CT base). Outcome: low activity.
ucdp:299-3,event,Government of Syria vs Syrian insurgents,,UCDP armed conflict episode 3 of conflict 299 in Syria; internationalized internal; 14 active year(s); outcome: ongoing (no termination coded),ongoing,2011,,high,Source: UCDP Conflict Termination Dataset v4-2024 (Kreutz; JPR 47(2) 2010; Uppsala Conflict Data Program; attribution required); retrieved 2026-10-04 from ucdp.uu.se. Region: Middle East. Battle-deaths estimate 1203 (UCDP BRD v26.1 bd_best summed over episode years; BRD v26.1 covers 1989 onward and is one version newer than the CT base). Outcome: ongoing (no termination coded). end_year empty = episode ongoing per UCDP coding (activity never fell below the 25 battle-deaths/year threshold); not necessarily politically unresolved.
ucdp:223-5,event,Government of Myanmar (Burma) vs ULA,ARSA,UCDP armed conflict episode 5 of conflict 223 in Myanmar (Burma); internationalized internal; 5 active year(s); outcome: ceasefire,ongoing,2016,2020,high,Source: UCDP Conflict Termination Dataset v4-2024 (Kreutz; JPR 47(2) 2010; Uppsala Conflict Data Program; attribution required); retrieved 2026-10-04 from ucdp.uu.se. Region: Asia. Battle-deaths estimate 1156 (UCDP BRD v26.1 bd_best summed over episode years; BRD v26.1 covers 1989 onward and is one version newer than the CT base). Outcome: ceasefire.
ucdp:221-4,event,Government of Myanmar (Burma) vs DKBA 5; KNU,God's Army,UCDP armed conflict episode 4 of conflict 221 in Myanmar (Burma); internationalized internal; 12 active year(s); outcome: ceasefire,ongoing,2000,2011,high,Source: UCDP Conflict Termination Dataset v4-2024 (Kreutz; JPR 47(2) 2010; Uppsala Conflict Data Program; attribution required); retrieved 2026-10-04 from ucdp.uu.se. Region: Asia. Battle-deaths estimate 1126 (UCDP BRD v26.1 bd_best summed over episode years; BRD v26.1 covers 1989 onward and is one version newer than the CT base). Outcome: ceasefire.
ucdp:365-2,event,Government of India vs ULFA,,UCDP armed conflict episode 2 of conflict 365 in India; internationalized internal; 17 active year(s); outcome: ceasefire,ongoing,1994,2010,high,Source: UCDP Conflict Termination Dataset v4-2024 (Kreutz; JPR 47(2) 2010; Uppsala Conflict Data Program; attribution required); retrieved 2026-10-04 from ucdp.uu.se. Region: Asia. Battle-deaths estimate 1105 (UCDP BRD v26.1 bd_best summed over episode years; BRD v26.1 covers 1989 onward and is one version newer than the CT base). Outcome: ceasefire.
ucdp:413-5,event,Government of Ethiopia vs OLF,,UCDP armed conflict episode 5 of conflict 413 in Ethiopia; internationalized internal; 16 active year(s); outcome: low activity,ongoing,1998,2013,high,Source: UCDP Conflict Termination Dataset v4-2024 (Kreutz; JPR 47(2) 2010; Uppsala Conflict Data Program; attribution required); retrieved 2026-10-04 from ucdp.uu.se. Region: Africa. Battle-deaths estimate 1075 (UCDP BRD v26.1 bd_best summed over episode years; BRD v26.1 covers 1989 onward and is one version newer than the CT base). Outcome: low activity.
ucdp:13247-1,event,Government of Ukraine vs LPR,,UCDP armed conflict episode 1 of conflict 13247 in Ukraine; internationalized internal; 1 active year(s); outcome: actor ceases to exist,ongoing,2014,2014,high,Source: UCDP Conflict Termination Dataset v4-2024 (Kreutz; JPR 47(2) 2010; Uppsala Conflict Data Program; attribution required); retrieved 2026-10-04 from ucdp.uu.se. Region: Europe. Battle-deaths estimate 1072 (UCDP BRD v26.1 bd_best summed over episode years; BRD v26.1 covers 1989 onward and is one version newer than the CT base). Outcome: actor ceases to exist.
ucdp:259-5,event,Government of Iraq vs SCIRI,,UCDP armed conflict episode 5 of conflict 259 in Iraq; internationalized internal; 6 active year(s); outcome: low activity,ongoing,1991,1996,high,Source: UCDP Conflict Termination Dataset v4-2024 (Kreutz; JPR 47(2) 2010; Uppsala Conflict Data Program; attribution required); retrieved 2026-10-04 from ucdp.uu.se. Region: Middle East. Battle-deaths estimate 993 (UCDP BRD v26.1 bd_best summed over episode years; BRD v26.1 covers 1989 onward and is one version newer than the CT base). Outcome: low activity.
ucdp:413-3,event,Government of Ethiopia vs OLF,,UCDP armed conflict episode 3 of conflict 413 in Ethiopia; internationalized internal; 10 active year(s); outcome: low activity,ongoing,1983,1992,high,Source: UCDP Conflict Termination Dataset v4-2024 (Kreutz; JPR 47(2) 2010; Uppsala Conflict Data Program; attribution required); retrieved 2026-10-04 from ucdp.uu.se. Region: Africa. Battle-deaths estimate 970 (UCDP BRD v26.1 bd_best summed over episode years; BRD v26.1 covers 1989 onward and is one version newer than the CT base). Outcome: low activity.
ucdp:354-2,event,Government of Turkey vs PKK,,UCDP armed conflict episode 2 of conflict 354 in Turkey; internationalized internal; 10 active year(s); outcome: ongoing (no termination coded),ongoing,2015,,high,Source: UCDP Conflict Termination Dataset v4-2024 (Kreutz; JPR 47(2) 2010; Uppsala Conflict Data Program; attribution required); retrieved 2026-10-04 from ucdp.uu.se. Region: Middle East. Battle-deaths estimate 906 (UCDP BRD v26.1 bd_best summed over episode years; BRD v26.1 covers 1989 onward and is one version newer than the CT base). Outcome: ongoing (no termination coded). end_year empty = episode ongoing per UCDP coding (activity never fell below the 25 battle-deaths/year threshold); not necessarily politically unresolved.
ucdp:218-9,event,Government of India vs Government of Pakistan,,UCDP armed conflict episode 9 of conflict 218 in India; Pakistan; internal (internationalized); 8 active year(s); outcome: ceasefire,ongoing,2013,2020,high,Source: UCDP Conflict Termination Dataset v4-2024 (Kreutz; JPR 47(2) 2010; Uppsala Conflict Data Program; attribution required); retrieved 2026-10-04 from ucdp.uu.se. Region: Asia. Battle-deaths estimate 849 (UCDP BRD v26.1 bd_best summed over episode years; BRD v26.1 covers 1989 onward and is one version newer than the CT base). Outcome: ceasefire.
ucdp:368-1,event,Government of Panama vs Government of United States of America,,UCDP armed conflict episode 1 of conflict 368 in Panama; United States of America; internal (internationalized); 1 active year(s); outcome: victory for side B (non-state side),ongoing,1989,1989,high,Source: UCDP Conflict Termination Dataset v4-2024 (Kreutz; JPR 47(2) 2010; Uppsala Conflict Data Program; attribution required); retrieved 2026-10-04 from ucdp.uu.se. Region: Americas. Battle-deaths estimate 843 (UCDP BRD v26.1 bd_best summed over episode years; BRD v26.1 covers 1989 onward and is one version newer than the CT base). Outcome: victory for side B (non-state side).
ucdp:353-3,event,Government of Cameroon vs JAS,,UCDP armed conflict episode 3 of conflict 353 in Cameroon; internationalized internal; 3 active year(s); outcome: low activity,ongoing,2015,2017,high,Source: UCDP Conflict Termination Dataset v4-2024 (Kreutz; JPR 47(2) 2010; Uppsala Conflict Data Program; attribution required); retrieved 2026-10-04 from ucdp.uu.se. Region: Africa. Battle-deaths estimate 807 (UCDP BRD v26.1 bd_best summed over episode years; BRD v26.1 covers 1989 onward and is one version newer than the CT base). Outcome: low activity.
ucdp:426-1,event,Government of Israel vs Hezbollah,,UCDP armed conflict episode 1 of conflict 426 in Israel; internationalized internal; 11 active year(s); outcome: low activity,ongoing,1990,2000,high,Source: UCDP Conflict Termination Dataset v4-2024 (Kreutz; JPR 47(2) 2010; Uppsala Conflict Data Program; attribution required); retrieved 2026-10-04 from ucdp.uu.se. Region: Middle East. Battle-deaths estimate 743 (UCDP BRD v26.1 bd_best summed over episode years; BRD v26.1 covers 1989 onward and is one version newer than the CT base). Outcome: low activity.
ucdp:338-7,event,Government of Iran vs PJAK,Jondullah,UCDP armed conflict episode 7 of conflict 338 in Iran; internationalized internal; 7 active year(s); outcome: ceasefire,ongoing,2005,2011,high,Source: UCDP Conflict Termination Dataset v4-2024 (Kreutz; JPR 47(2) 2010; Uppsala Conflict Data Program; attribution required); retrieved 2026-10-04 from ucdp.uu.se. Region: Middle East. Battle-deaths estimate 741 (UCDP BRD v26.1 bd_best summed over episode years; BRD v26.1 covers 1989 onward and is one version newer than the CT base). Outcome: ceasefire.
ucdp:410-1,event,Government of Guinea-Bissau vs Military Junta for the Consolidation of Democracy; Peace and Justice,,UCDP armed conflict episode 1 of conflict 410 in Guinea-Bissau; internationalized internal; 2 active year(s); outcome: victory for side B (non-state side),ongoing,1998,1999,high,Source: UCDP Conflict Termination Dataset v4-2024 (Kreutz; JPR 47(2) 2010; Uppsala Conflict Data Program; attribution required); retrieved 2026-10-04 from ucdp.uu.se. Region: Africa. Battle-deaths estimate 704 (UCDP BRD v26.1 bd_best summed over episode years; BRD v26.1 covers 1989 onward and is one version newer than the CT base). Outcome: victory for side B (non-state side).
ucdp:222-6,event,Government of Myanmar (Burma) vs NUG; PNLO; PSLF,CNF,UCDP armed conflict episode 6 of conflict 222 in Myanmar (Burma); internationalized internal; 4 active year(s); outcome: ongoing (no termination coded),ongoing,2021,,high,Source: UCDP Conflict Termination Dataset v4-2024 (Kreutz; JPR 47(2) 2010; Uppsala Conflict Data Program; attribution required); retrieved 2026-10-04 from ucdp.uu.se. Region: Asia. Battle-deaths estimate 684 (UCDP BRD v26.1 bd_best summed over episode years; BRD v26.1 covers 1989 onward and is one version newer than the CT base). Outcome: ongoing (no termination coded). end_year empty = episode ongoing per UCDP coding (activity never fell below the 25 battle-deaths/year threshold); not necessarily politically unresolved.
ucdp:13637-1,event,Government of Afghanistan vs IS,,UCDP armed conflict episode 1 of conflict 13637 in Afghanistan; internationalized internal; 10 active year(s); outcome: ongoing (no termination coded),ongoing,2015,,high,Source: UCDP Conflict Termination Dataset v4-2024 (Kreutz; JPR 47(2) 2010; Uppsala Conflict Data Program; attribution required); retrieved 2026-10-04 from ucdp.uu.se. Region: Asia. Battle-deaths estimate 679 (UCDP BRD v26.1 bd_best summed over episode years; BRD v26.1 covers 1989 onward and is one version newer than the CT base). Outcome: ongoing (no termination coded). end_year empty = episode ongoing per UCDP coding (activity never fell below the 25 battle-deaths/year threshold); not necessarily politically unresolved.
ucdp:416-3,event,Government of Central African Republic vs anti-Balaka,CPJP|Seleka,UCDP armed conflict episode 3 of conflict 416 in Central African Republic; internationalized internal; 6 active year(s); outcome: low activity,ongoing,2009,2014,high,Source: UCDP Conflict Termination Dataset v4-2024 (Kreutz; JPR 47(2) 2010; Uppsala Conflict Data Program; attribution required); retrieved 2026-10-04 from ucdp.uu.se. Region: Africa. Battle-deaths estimate 654 (UCDP BRD v26.1 bd_best summed over episode years; BRD v26.1 covers 1989 onward and is one version newer than the CT base). Outcome: low activity.
ucdp:227-3,event,Government of India vs PWG,,UCDP armed conflict episode 3 of conflict 227 in India; internationalized internal; 4 active year(s); outcome: low activity,ongoing,1991,1994,high,Source: UCDP Conflict Termination Dataset v4-2024 (Kreutz; JPR 47(2) 2010; Uppsala Conflict Data Program; attribution required); retrieved 2026-10-04 from ucdp.uu.se. Region: Asia. Battle-deaths estimate 650 (UCDP BRD v26.1 bd_best summed over episode years; BRD v26.1 covers 1989 onward and is one version newer than the CT base). Outcome: low activity.
ucdp:307-1,event,Government of Guinea vs RFDG,,UCDP armed conflict episode 1 of conflict 307 in Guinea; internationalized internal; 2 active year(s); outcome: low activity,ongoing,2000,2001,high,Source: UCDP Conflict Termination Dataset v4-2024 (Kreutz; JPR 47(2) 2010; Uppsala Conflict Data Program; attribution required); retrieved 2026-10-04 from ucdp.uu.se. Region: Africa. Battle-deaths estimate 649 (UCDP BRD v26.1 bd_best summed over episode years; BRD v26.1 covers 1989 onward and is one version newer than the CT base). Outcome: low activity.
ucdp:393-3,event,Government of Georgia vs Republic of South Ossetia,,UCDP armed conflict episode 3 of conflict 393 in Georgia; internationalized internal; 1 active year(s); outcome: ceasefire,ongoing,2008,2008,high,Source: UCDP Conflict Termination Dataset v4-2024 (Kreutz; JPR 47(2) 2010; Uppsala Conflict Data Program; attribution required); retrieved 2026-10-04 from ucdp.uu.se. Region: Europe. Battle-deaths estimate 621 (UCDP BRD v26.1 bd_best summed over episode years; BRD v26.1 covers 1989 onward and is one version newer than the CT base). Outcome: ceasefire.
ucdp:271-3,event,Government of Iraq vs PUK,,UCDP armed conflict episode 3 of conflict 271 in Iraq; internationalized internal; 2 active year(s); outcome: low activity,ongoing,1995,1996,high,Source: UCDP Conflict Termination Dataset v4-2024 (Kreutz; JPR 47(2) 2010; Uppsala Conflict Data Program; attribution required); retrieved 2026-10-04 from ucdp.uu.se. Region: Middle East. Battle-deaths estimate 618 (UCDP BRD v26.1 bd_best summed over episode years; BRD v26.1 covers 1989 onward and is one version newer than the CT base). Outcome: low activity.
ucdp:391-1,event,Government of Egypt vs al-Gama'a al-Islamiyya,,UCDP armed conflict episode 1 of conflict 391 in Egypt; internationalized internal; 6 active year(s); outcome: ceasefire,ongoing,1993,1998,high,Source: UCDP Conflict Termination Dataset v4-2024 (Kreutz; JPR 47(2) 2010; Uppsala Conflict Data Program; attribution required); retrieved 2026-10-04 from ucdp.uu.se. Region: Middle East. Battle-deaths estimate 617 (UCDP BRD v26.1 bd_best summed over episode years; BRD v26.1 covers 1989 onward and is one version newer than the CT base). Outcome: ceasefire.
ucdp:404-3,event,Government of Pakistan vs HGB; TTP,TJP|IMU|Jamaat-ul-Ahrar|Lashkar-e-Islam|TTP - TA,UCDP armed conflict episode 3 of conflict 404 in Pakistan; internationalized internal; 18 active year(s); outcome: ongoing (no termination coded),ongoing,2007,,high,Source: UCDP Conflict Termination Dataset v4-2024 (Kreutz; JPR 47(2) 2010; Uppsala Conflict Data Program; attribution required); retrieved 2026-10-04 from ucdp.uu.se. Region: Asia. Battle-deaths estimate 585 (UCDP BRD v26.1 bd_best summed over episode years; BRD v26.1 covers 1989 onward and is one version newer than the CT base). Outcome: ongoing (no termination coded). end_year empty = episode ongoing per UCDP coding (activity never fell below the 25 battle-deaths/year threshold); not necessarily politically unresolved.
ucdp:394-1,event,Government of Moldova vs PMR,,UCDP armed conflict episode 1 of conflict 394 in Moldova; internationalized internal; 1 active year(s); outcome: ceasefire,ongoing,1992,1992,high,Source: UCDP Conflict Termination Dataset v4-2024 (Kreutz; JPR 47(2) 2010; Uppsala Conflict Data Program; attribution required); retrieved 2026-10-04 from ucdp.uu.se. Region: Europe. Battle-deaths estimate 585 (UCDP BRD v26.1 bd_best summed over episode years; BRD v26.1 covers 1989 onward and is one version newer than the CT base). Outcome: ceasefire.
ucdp:336-2,event,Government of Nicaragua vs Contras,,UCDP armed conflict episode 2 of conflict 336 in Nicaragua; internationalized internal; 9 active year(s); outcome: ceasefire,ongoing,1982,1990,high,Source: UCDP Conflict Termination Dataset v4-2024 (Kreutz; JPR 47(2) 2010; Uppsala Conflict Data Program; attribution required); retrieved 2026-10-04 from ucdp.uu.se. Region: Americas. Battle-deaths estimate 565 (UCDP BRD v26.1 bd_best summed over episode years; BRD v26.1 covers 1989 onward and is one version newer than the CT base). Outcome: ceasefire.
ucdp:375-4,event,Government of Senegal vs MFDC,,UCDP armed conflict episode 4 of conflict 375 in Senegal; internationalized internal; 2 active year(s); outcome: low activity,ongoing,1997,1998,high,Source: UCDP Conflict Termination Dataset v4-2024 (Kreutz; JPR 47(2) 2010; Uppsala Conflict Data Program; attribution required); retrieved 2026-10-04 from ucdp.uu.se. Region: Africa. Battle-deaths estimate 561 (UCDP BRD v26.1 bd_best summed over episode years; BRD v26.1 covers 1989 onward and is one version newer than the CT base). Outcome: low activity.
ucdp:337-4,event,Government of Somalia vs Al-Shabaab,ARS/UIC|Hizbul Islam,UCDP armed conflict episode 4 of conflict 337 in Somalia; internationalized internal; 19 active year(s); outcome: ongoing (no termination coded),ongoing,2006,,high,Source: UCDP Conflict Termination Dataset v4-2024 (Kreutz; JPR 47(2) 2010; Uppsala Conflict Data Program; attribution required); retrieved 2026-10-04 from ucdp.uu.se. Region: Africa. Battle-deaths estimate 547 (UCDP BRD v26.1 bd_best summed over episode years; BRD v26.1 covers 1989 onward and is one version newer than the CT base). Outcome: ongoing (no termination coded). end_year empty = episode ongoing per UCDP coding (activity never fell below the 25 battle-deaths/year threshold); not necessarily politically unresolved.
ucdp:13640-2,event,Government of Chad vs IS,,UCDP armed conflict episode 2 of conflict 13640 in Chad; internationalized internal; 6 active year(s); outcome: low activity,ongoing,2017,2022,high,Source: UCDP Conflict Termination Dataset v4-2024 (Kreutz; JPR 47(2) 2010; Uppsala Conflict Data Program; attribution required); retrieved 2026-10-04 from ucdp.uu.se. Region: Africa. Battle-deaths estimate 542 (UCDP BRD v26.1 bd_best summed over episode years; BRD v26.1 covers 1989 onward and is one version newer than the CT base). Outcome: low activity.
ucdp:415-1,event,Government of Uzbekistan vs IMU,,UCDP armed conflict episode 1 of conflict 415 in Uzbekistan; internationalized internal; 2 active year(s); outcome: low activity,ongoing,1999,2000,high,Source: UCDP Conflict Termination Dataset v4-2024 (Kreutz; JPR 47(2) 2010; Uppsala Conflict Data Program; attribution required); retrieved 2026-10-04 from ucdp.uu.se. Region: Asia. Battle-deaths estimate 538 (UCDP BRD v26.1 bd_best summed over episode years; BRD v26.1 covers 1989 onward and is one version newer than the CT base). Outcome: low activity.
ucdp:372-1,event,Government of Mali vs FPLA,MPA,UCDP armed conflict episode 1 of conflict 372 in Mali; internationalized internal; 2 active year(s); outcome: low activity,ongoing,1990,1991,high,Source: UCDP Conflict Termination Dataset v4-2024 (Kreutz; JPR 47(2) 2010; Uppsala Conflict Data Program; attribution required); retrieved 2026-10-04 from ucdp.uu.se. Region: Africa. Battle-deaths estimate 516 (UCDP BRD v26.1 bd_best summed over episode years; BRD v26.1 covers 1989 onward and is one version newer than the CT base). Outcome: low activity.
ucdp:283-7,event,Government of DR Congo (Zaire) vs AFC,APCLS|CMC|CNPSC|M23|RNL|Kamuina Nsapu,UCDP armed conflict episode 7 of conflict 283 in DR Congo (Zaire); internationalized internal; 9 active year(s); outcome: ongoing (no termination coded),ongoing,2016,,high,Source: UCDP Conflict Termination Dataset v4-2024 (Kreutz; JPR 47(2) 2010; Uppsala Conflict Data Program; attribution required); retrieved 2026-10-04 from ucdp.uu.se. Region: Africa. Battle-deaths estimate 506 (UCDP BRD v26.1 bd_best summed over episode years; BRD v26.1 covers 1989 onward and is one version newer than the CT base). Outcome: ongoing (no termination coded). end_year empty = episode ongoing per UCDP coding (activity never fell below the 25 battle-deaths/year threshold); not necessarily politically unresolved.
ucdp:288-8,event,Government of Chad vs FACT,CCMSR,UCDP armed conflict episode 8 of conflict 288 in Chad; internationalized internal; 2 active year(s); outcome: low activity,ongoing,2020,2021,high,Source: UCDP Conflict Termination Dataset v4-2024 (Kreutz; JPR 47(2) 2010; Uppsala Conflict Data Program; attribution required); retrieved 2026-10-04 from ucdp.uu.se. Region: Africa. Battle-deaths estimate 484 (UCDP BRD v26.1 bd_best summed over episode years; BRD v26.1 covers 1989 onward and is one version newer than the CT base). Outcome: low activity.
ucdp:364-1,event,Government of India vs Kashmir insurgents,,UCDP armed conflict episode 1 of conflict 364 in India; internationalized internal; 35 active year(s); outcome: ongoing (no termination coded),ongoing,1990,,high,Source: UCDP Conflict Termination Dataset v4-2024 (Kreutz; JPR 47(2) 2010; Uppsala Conflict Data Program; attribution required); retrieved 2026-10-04 from ucdp.uu.se. Region: Asia. Battle-deaths estimate 474 (UCDP BRD v26.1 bd_best summed over episode years; BRD v26.1 covers 1989 onward and is one version newer than the CT base). Outcome: ongoing (no termination coded). end_year empty = episode ongoing per UCDP coding (activity never fell below the 25 battle-deaths/year threshold); not necessarily politically unresolved.
ucdp:13638-1,event,Government of Cameroon vs IS,,UCDP armed conflict episode 1 of conflict 13638 in Cameroon; internationalized internal; 2 active year(s); outcome: low activity,ongoing,2015,2016,high,Source: UCDP Conflict Termination Dataset v4-2024 (Kreutz; JPR 47(2) 2010; Uppsala Conflict Data Program; attribution required); retrieved 2026-10-04 from ucdp.uu.se. Region: Africa. Battle-deaths estimate 472 (UCDP BRD v26.1 bd_best summed over episode years; BRD v26.1 covers 1989 onward and is one version newer than the CT base). Outcome: low activity.
ucdp:11346-2,event,Government of Libya vs Forces of the House of Representatives,ASL|Zintan Military Council,UCDP armed conflict episode 2 of conflict 11346 in Libya; internationalized internal; 3 active year(s); outcome: peace agreement,ongoing,2013,2015,high,Source: UCDP Conflict Termination Dataset v4-2024 (Kreutz; JPR 47(2) 2010; Uppsala Conflict Data Program; attribution required); retrieved 2026-10-04 from ucdp.uu.se. Region: Africa. Battle-deaths estimate 461 (UCDP BRD v26.1 bd_best summed over episode years; BRD v26.1 covers 1989 onward and is one version newer than the CT base). Outcome: peace agreement.
ucdp:313-2,event,Government of Sri Lanka vs JVP,,UCDP armed conflict episode 2 of conflict 313 in Sri Lanka; internationalized internal; 2 active year(s); outcome: victory for side A (government),ongoing,1989,1990,high,Source: UCDP Conflict Termination Dataset v4-2024 (Kreutz; JPR 47(2) 2010; Uppsala Conflict Data Program; attribution required); retrieved 2026-10-04 from ucdp.uu.se. Region: Asia. Battle-deaths estimate 449 (UCDP BRD v26.1 bd_best summed over episode years; BRD v26.1 covers 1989 onward and is one version newer than the CT base). Outcome: victory for side A (government).
ucdp:383-4,event,Government of Turkey vs TAK; Yurtta Sulh Konseyi,,UCDP armed conflict episode 4 of conflict 383 in Turkey; internationalized internal; 1 active year(s); outcome: ongoing (no termination coded),ongoing,2016,,high,Source: UCDP Conflict Termination Dataset v4-2024 (Kreutz; JPR 47(2) 2010; Uppsala Conflict Data Program; attribution required); retrieved 2026-10-04 from ucdp.uu.se. Region: Middle East. Battle-deaths estimate 434 (UCDP BRD v26.1 bd_best summed over episode years; BRD v26.1 covers 1989 onward and is one version newer than the CT base). Outcome: ongoing (no termination coded). end_year empty = episode ongoing per UCDP coding (activity never fell below the 25 battle-deaths/year threshold); not necessarily politically unresolved.
ucdp:233-4,event,Government of Guatemala vs URNG,EGP|FAR I|FAR II|ORPA,UCDP armed conflict episode 4 of conflict 233 in Guatemala; internationalized internal; 31 active year(s); outcome: peace agreement,ongoing,1965,1995,high,Source: UCDP Conflict Termination Dataset v4-2024 (Kreutz; JPR 47(2) 2010; Uppsala Conflict Data Program; attribution required); retrieved 2026-10-04 from ucdp.uu.se. Region: Americas. Battle-deaths estimate 426 (UCDP BRD v26.1 bd_best summed over episode years; BRD v26.1 covers 1989 onward and is one version newer than the CT base). Outcome: peace agreement.
ucdp:297-2,event,Government of Nigeria vs JAS,,UCDP armed conflict episode 2 of conflict 297 in Nigeria; internationalized internal; 1 active year(s); outcome: low activity,ongoing,2009,2009,high,Source: UCDP Conflict Termination Dataset v4-2024 (Kreutz; JPR 47(2) 2010; Uppsala Conflict Data Program; attribution required); retrieved 2026-10-04 from ucdp.uu.se. Region: Africa. Battle-deaths estimate 405 (UCDP BRD v26.1 bd_best summed over episode years; BRD v26.1 covers 1989 onward and is one version newer than the CT base). Outcome: low activity.
ucdp:253-3,event,Government of Myanmar (Burma) vs KNPP,,UCDP armed conflict episode 3 of conflict 253 in Myanmar (Burma); internationalized internal; 1 active year(s); outcome: low activity,ongoing,1992,1992,high,Source: UCDP Conflict Termination Dataset v4-2024 (Kreutz; JPR 47(2) 2010; Uppsala Conflict Data Program; attribution required); retrieved 2026-10-04 from ucdp.uu.se. Region: Asia. Battle-deaths estimate 404 (UCDP BRD v26.1 bd_best summed over episode years; BRD v26.1 covers 1989 onward and is one version newer than the CT base). Outcome: low activity.
ucdp:439-2,event,Government of Myanmar (Burma) vs MNDAA,,UCDP armed conflict episode 2 of conflict 439 in Myanmar (Burma); internationalized internal; 2 active year(s); outcome: low activity,ongoing,2014,2015,high,Source: UCDP Conflict Termination Dataset v4-2024 (Kreutz; JPR 47(2) 2010; Uppsala Conflict Data Program; attribution required); retrieved 2026-10-04 from ucdp.uu.se. Region: Asia. Battle-deaths estimate 376 (UCDP BRD v26.1 bd_best summed over episode years; BRD v26.1 covers 1989 onward and is one version newer than the CT base). Outcome: low activity.
ucdp:251-3,event,Government of India vs NSCN-IM,,UCDP armed conflict episode 3 of conflict 251 in India; internationalized internal; 6 active year(s); outcome: ceasefire,ongoing,1992,1997,high,Source: UCDP Conflict Termination Dataset v4-2024 (Kreutz; JPR 47(2) 2010; Uppsala Conflict Data Program; attribution required); retrieved 2026-10-04 from ucdp.uu.se. Region: Asia. Battle-deaths estimate 371 (UCDP BRD v26.1 bd_best summed over episode years; BRD v26.1 covers 1989 onward and is one version newer than the CT base). Outcome: ceasefire.
ucdp:11348-1,event,Government of South Sudan vs Government of Sudan,,UCDP armed conflict episode 1 of conflict 11348 in South Sudan; Sudan; internal (internationalized); 1 active year(s); outcome: peace agreement,ongoing,2012,2012,high,Source: UCDP Conflict Termination Dataset v4-2024 (Kreutz; JPR 47(2) 2010; Uppsala Conflict Data Program; attribution required); retrieved 2026-10-04 from ucdp.uu.se. Region: Africa. Battle-deaths estimate 367 (UCDP BRD v26.1 bd_best summed over episode years; BRD v26.1 covers 1989 onward and is one version newer than the CT base). Outcome: peace agreement.
ucdp:429-1,event,Government of DR Congo (Zaire) vs BDK,,UCDP armed conflict episode 1 of conflict 429 in DR Congo (Zaire); internationalized internal; 2 active year(s); outcome: victory for side A (government),ongoing,2007,2008,high,Source: UCDP Conflict Termination Dataset v4-2024 (Kreutz; JPR 47(2) 2010; Uppsala Conflict Data Program; attribution required); retrieved 2026-10-04 from ucdp.uu.se. Region: Africa. Battle-deaths estimate 366 (UCDP BRD v26.1 bd_best summed over episode years; BRD v26.1 covers 1989 onward and is one version newer than the CT base). Outcome: victory for side A (government).
ucdp:298-1,event,Government of South Africa vs SWAPO,,UCDP armed conflict episode 1 of conflict 298 in South Africa; internationalized internal; 24 active year(s); outcome: peace agreement,ongoing,1966,1989,high,Source: UCDP Conflict Termination Dataset v4-2024 (Kreutz; JPR 47(2) 2010; Uppsala Conflict Data Program; attribution required); retrieved 2026-10-04 from ucdp.uu.se. Region: Africa. Battle-deaths estimate 361 (UCDP BRD v26.1 bd_best summed over episode years; BRD v26.1 covers 1989 onward and is one version newer than the CT base). Outcome: peace agreement.
ucdp:11475-4,event,Government of Myanmar (Burma) vs NSCN-K,,UCDP armed conflict episode 4 of conflict 11475 in Myanmar (Burma); internationalized internal; 3 active year(s); outcome: low activity,ongoing,2005,2007,high,Source: UCDP Conflict Termination Dataset v4-2024 (Kreutz; JPR 47(2) 2010; Uppsala Conflict Data Program; attribution required); retrieved 2026-10-04 from ucdp.uu.se. Region: Asia. Battle-deaths estimate 345 (UCDP BRD v26.1 bd_best summed over episode years; BRD v26.1 covers 1989 onward and is one version newer than the CT base). Outcome: low activity.
ucdp:337-3,event,Government of Somalia vs SRRC,,UCDP armed conflict episode 3 of conflict 337 in Somalia; internationalized internal; 2 active year(s); outcome: actor ceases to exist,ongoing,2001,2002,high,Source: UCDP Conflict Termination Dataset v4-2024 (Kreutz; JPR 47(2) 2010; Uppsala Conflict Data Program; attribution required); retrieved 2026-10-04 from ucdp.uu.se. Region: Africa. Battle-deaths estimate 342 (UCDP BRD v26.1 bd_best summed over episode years; BRD v26.1 covers 1989 onward and is one version newer than the CT base). Outcome: actor ceases to exist.
ucdp:287-2,event,Government of Burundi vs Palipehutu,,UCDP armed conflict episode 2 of conflict 287 in Burundi; internationalized internal; 2 active year(s); outcome: low activity,ongoing,1991,1992,high,Source: UCDP Conflict Termination Dataset v4-2024 (Kreutz; JPR 47(2) 2010; Uppsala Conflict Data Program; attribution required); retrieved 2026-10-04 from ucdp.uu.se. Region: Africa. Battle-deaths estimate 333 (UCDP BRD v26.1 bd_best summed over episode years; BRD v26.1 covers 1989 onward and is one version newer than the CT base). Outcome: low activity.
ucdp:416-1,event,Government of Central African Republic vs Forces of Francois Bozize,Military faction (forces of AndrÃ© Kolingba),UCDP armed conflict episode 1 of conflict 416 in Central African Republic; internationalized internal; 2 active year(s); outcome: victory for side B (non-state side),ongoing,2001,2002,high,Source: UCDP Conflict Termination Dataset v4-2024 (Kreutz; JPR 47(2) 2010; Uppsala Conflict Data Program; attribution required); retrieved 2026-10-04 from ucdp.uu.se. Region: Africa. Battle-deaths estimate 326 (UCDP BRD v26.1 bd_best summed over episode years; BRD v26.1 covers 1989 onward and is one version newer than the CT base). Outcome: victory for side B (non-state side).
ucdp:297-3,event,Government of Nigeria vs JAS,,UCDP armed conflict episode 3 of conflict 297 in Nigeria; internationalized internal; 14 active year(s); outcome: ongoing (no termination coded),ongoing,2011,,high,Source: UCDP Conflict Termination Dataset v4-2024 (Kreutz; JPR 47(2) 2010; Uppsala Conflict Data Program; attribution required); retrieved 2026-10-04 from ucdp.uu.se. Region: Africa. Battle-deaths estimate 325 (UCDP BRD v26.1 bd_best summed over episode years; BRD v26.1 covers 1989 onward and is one version newer than the CT base). Outcome: ongoing (no termination coded). end_year empty = episode ongoing per UCDP coding (activity never fell below the 25 battle-deaths/year threshold); not necessarily politically unresolved.
ucdp:288-4,event,Government of Chad vs CNR; CSNPD; FNT,MDD|Islamic Legion|MOSANAT|Revolutionary Forces of 1 April|MPS|Military faction (forces of Maldoum Bada Abbas),UCDP armed conflict episode 4 of conflict 288 in Chad; internationalized internal; 6 active year(s); outcome: ongoing (no termination coded),ongoing,1989,,high,Source: UCDP Conflict Termination Dataset v4-2024 (Kreutz; JPR 47(2) 2010; Uppsala Conflict Data Program; attribution required); retrieved 2026-10-04 from ucdp.uu.se. Region: Africa. Battle-deaths estimate 315 (UCDP BRD v26.1 bd_best summed over episode years; BRD v26.1 covers 1989 onward and is one version newer than the CT base). Outcome: ongoing (no termination coded). end_year empty = episode ongoing per UCDP coding (activity never fell below the 25 battle-deaths/year threshold); not necessarily politically unresolved.
ucdp:375-2,event,Government of Senegal vs MFDC,,UCDP armed conflict episode 2 of conflict 375 in Senegal; internationalized internal; 2 active year(s); outcome: ceasefire,ongoing,1992,1993,high,Source: UCDP Conflict Termination Dataset v4-2024 (Kreutz; JPR 47(2) 2010; Uppsala Conflict Data Program; attribution required); retrieved 2026-10-04 from ucdp.uu.se. Region: Africa. Battle-deaths estimate 311 (UCDP BRD v26.1 bd_best summed over episode years; BRD v26.1 covers 1989 onward and is one version newer than the CT base). Outcome: ceasefire.
ucdp:11346-3,event,Government of Libya vs Forces of Khalifa al-Ghawil; Forces of the House of Representatives; PFLL,,UCDP armed conflict episode 3 of conflict 11346 in Libya; internationalized internal; 1 active year(s); outcome: ongoing (no termination coded),ongoing,2017,,high,Source: UCDP Conflict Termination Dataset v4-2024 (Kreutz; JPR 47(2) 2010; Uppsala Conflict Data Program; attribution required); retrieved 2026-10-04 from ucdp.uu.se. Region: Africa. Battle-deaths estimate 308 (UCDP BRD v26.1 bd_best summed over episode years; BRD v26.1 covers 1989 onward and is one version newer than the CT base). Outcome: ongoing (no termination coded). end_year empty = episode ongoing per UCDP coding (activity never fell below the 25 battle-deaths/year threshold); not necessarily politically unresolved.
ucdp:375-3,event,Government of Senegal vs MFDC,,UCDP armed conflict episode 3 of conflict 375 in Senegal; internationalized internal; 1 active year(s); outcome: low activity,ongoing,1995,1995,high,Source: UCDP Conflict Termination Dataset v4-2024 (Kreutz; JPR 47(2) 2010; Uppsala Conflict Data Program; attribution required); retrieved 2026-10-04 from ucdp.uu.se. Region: Africa. Battle-deaths estimate 299 (UCDP BRD v26.1 bd_best summed over episode years; BRD v26.1 covers 1989 onward and is one version newer than the CT base). Outcome: low activity.
ucdp:388-6,event,Government of Azerbaijan vs Republic of Artsakh,,UCDP armed conflict episode 6 of conflict 388 in Azerbaijan; internationalized internal; 4 active year(s); outcome: low activity,ongoing,2014,2017,high,Source: UCDP Conflict Termination Dataset v4-2024 (Kreutz; JPR 47(2) 2010; Uppsala Conflict Data Program; attribution required); retrieved 2026-10-04 from ucdp.uu.se. Region: Europe. Battle-deaths estimate 295 (UCDP BRD v26.1 bd_best summed over episode years; BRD v26.1 covers 1989 onward and is one version newer than the CT base). Outcome: low activity.
ucdp:13645-1,event,Government of Yemen (North Yemen) vs IS,,UCDP armed conflict episode 1 of conflict 13645 in Yemen (North Yemen); internationalized internal; 1 active year(s); outcome: low activity,ongoing,2015,2015,high,Source: UCDP Conflict Termination Dataset v4-2024 (Kreutz; JPR 47(2) 2010; Uppsala Conflict Data Program; attribution required); retrieved 2026-10-04 from ucdp.uu.se. Region: Middle East. Battle-deaths estimate 283 (UCDP BRD v26.1 bd_best summed over episode years; BRD v26.1 covers 1989 onward and is one version newer than the CT base). Outcome: low activity.
ucdp:262-3,event,Government of Laos vs LRM,,UCDP armed conflict episode 3 of conflict 262 in Laos; internationalized internal; 2 active year(s); outcome: victory for side A (government),ongoing,1989,1990,high,Source: UCDP Conflict Termination Dataset v4-2024 (Kreutz; JPR 47(2) 2010; Uppsala Conflict Data Program; attribution required); retrieved 2026-10-04 from ucdp.uu.se. Region: Asia. Battle-deaths estimate 279 (UCDP BRD v26.1 bd_best summed over episode years; BRD v26.1 covers 1989 onward and is one version newer than the CT base). Outcome: victory for side A (government).
ucdp:380-1,event,Government of Georgia vs Zviadists,National Guard and Mkhedrioni,UCDP armed conflict episode 1 of conflict 380 in Georgia; internationalized internal; 3 active year(s); outcome: victory for side A (government),ongoing,1991,1993,high,Source: UCDP Conflict Termination Dataset v4-2024 (Kreutz; JPR 47(2) 2010; Uppsala Conflict Data Program; attribution required); retrieved 2026-10-04 from ucdp.uu.se. Region: Europe. Battle-deaths estimate 275 (UCDP BRD v26.1 bd_best summed over episode years; BRD v26.1 covers 1989 onward and is one version newer than the CT base). Outcome: victory for side A (government).
ucdp:13653-1,event,Government of India vs UNLFW,,UCDP armed conflict episode 1 of conflict 13653 in India; internationalized internal; 4 active year(s); outcome: low activity,ongoing,2015,2018,high,Source: UCDP Conflict Termination Dataset v4-2024 (Kreutz; JPR 47(2) 2010; Uppsala Conflict Data Program; attribution required); retrieved 2026-10-04 from ucdp.uu.se. Region: Asia. Battle-deaths estimate 274 (UCDP BRD v26.1 bd_best summed over episode years; BRD v26.1 covers 1989 onward and is one version newer than the CT base). Outcome: low activity.
ucdp:13640-1,event,Government of Chad vs IS,,UCDP armed conflict episode 1 of conflict 13640 in Chad; internationalized internal; 1 active year(s); outcome: low activity,ongoing,2015,2015,high,Source: UCDP Conflict Termination Dataset v4-2024 (Kreutz; JPR 47(2) 2010; Uppsala Conflict Data Program; attribution required); retrieved 2026-10-04 from ucdp.uu.se. Region: Africa. Battle-deaths estimate 272 (UCDP BRD v26.1 bd_best summed over episode years; BRD v26.1 covers 1989 onward and is one version newer than the CT base). Outcome: low activity.
ucdp:234-4,event,Government of Israel vs Fatah; Hamas; PIJ,,UCDP armed conflict episode 4 of conflict 234 in Israel; internationalized internal; 4 active year(s); outcome: ongoing (no termination coded),ongoing,2021,,high,Source: UCDP Conflict Termination Dataset v4-2024 (Kreutz; JPR 47(2) 2010; Uppsala Conflict Data Program; attribution required); retrieved 2026-10-04 from ucdp.uu.se. Region: Middle East. Battle-deaths estimate 269 (UCDP BRD v26.1 bd_best summed over episode years; BRD v26.1 covers 1989 onward and is one version newer than the CT base). Outcome: ongoing (no termination coded). end_year empty = episode ongoing per UCDP coding (activity never fell below the 25 battle-deaths/year threshold); not necessarily politically unresolved.
ucdp:231-2,event,Government of Myanmar (Burma) vs KIO,,UCDP armed conflict episode 2 of conflict 231 in Myanmar (Burma); internationalized internal; 32 active year(s); outcome: ceasefire,ongoing,1961,1992,high,Source: UCDP Conflict Termination Dataset v4-2024 (Kreutz; JPR 47(2) 2010; Uppsala Conflict Data Program; attribution required); retrieved 2026-10-04 from ucdp.uu.se. Region: Asia. Battle-deaths estimate 269 (UCDP BRD v26.1 bd_best summed over episode years; BRD v26.1 covers 1989 onward and is one version newer than the CT base). Outcome: ceasefire.
ucdp:376-1,event,Government of Russia (Soviet Union) vs Republic of Armenia,,UCDP armed conflict episode 1 of conflict 376 in Russia (Soviet Union); internationalized internal; 2 active year(s); outcome: actor ceases to exist,ongoing,1990,1991,high,Source: UCDP Conflict Termination Dataset v4-2024 (Kreutz; JPR 47(2) 2010; Uppsala Conflict Data Program; attribution required); retrieved 2026-10-04 from ucdp.uu.se. Region: Europe. Battle-deaths estimate 269 (UCDP BRD v26.1 bd_best summed over episode years; BRD v26.1 covers 1989 onward and is one version newer than the CT base). Outcome: actor ceases to exist.
ucdp:13588-1,event,Government of Russia (Soviet Union) vs IS,,UCDP armed conflict episode 1 of conflict 13588 in Russia (Soviet Union); internationalized internal; 6 active year(s); outcome: low activity,ongoing,2015,2020,high,Source: UCDP Conflict Termination Dataset v4-2024 (Kreutz; JPR 47(2) 2010; Uppsala Conflict Data Program; attribution required); retrieved 2026-10-04 from ucdp.uu.se. Region: Europe. Battle-deaths estimate 263 (UCDP BRD v26.1 bd_best summed over episode years; BRD v26.1 covers 1989 onward and is one version newer than the CT base). Outcome: low activity.
ucdp:379-1,event,Government of Djibouti vs FRUD,,UCDP armed conflict episode 1 of conflict 379 in Djibouti; internationalized internal; 4 active year(s); outcome: peace agreement,ongoing,1991,1994,high,Source: UCDP Conflict Termination Dataset v4-2024 (Kreutz; JPR 47(2) 2010; Uppsala Conflict Data Program; attribution required); retrieved 2026-10-04 from ucdp.uu.se. Region: Africa. Battle-deaths estimate 261 (UCDP BRD v26.1 bd_best summed over episode years; BRD v26.1 covers 1989 onward and is one version newer than the CT base). Outcome: peace agreement.
ucdp:13042-1,event,Government of Syria vs PYD,,UCDP armed conflict episode 1 of conflict 13042 in Syria; internationalized internal; 4 active year(s); outcome: actor ceases to exist,ongoing,2012,2015,high,Source: UCDP Conflict Termination Dataset v4-2024 (Kreutz; JPR 47(2) 2010; Uppsala Conflict Data Program; attribution required); retrieved 2026-10-04 from ucdp.uu.se. Region: Middle East. Battle-deaths estimate 260 (UCDP BRD v26.1 bd_best summed over episode years; BRD v26.1 covers 1989 onward and is one version newer than the CT base). Outcome: actor ceases to exist.
ucdp:421-4,event,Government of India vs NDFB,,UCDP armed conflict episode 4 of conflict 421 in India; internationalized internal; 4 active year(s); outcome: ceasefire,ongoing,2001,2004,high,Source: UCDP Conflict Termination Dataset v4-2024 (Kreutz; JPR 47(2) 2010; Uppsala Conflict Data Program; attribution required); retrieved 2026-10-04 from ucdp.uu.se. Region: Asia. Battle-deaths estimate 257 (UCDP BRD v26.1 bd_best summed over episode years; BRD v26.1 covers 1989 onward and is one version newer than the CT base). Outcome: ceasefire.
ucdp:370-1,event,Government of Romania vs Military faction (forces of Nicolae Ceausescu); NSF,,UCDP armed conflict episode 1 of conflict 370 in Romania; internationalized internal; 1 active year(s); outcome: ongoing (no termination coded),ongoing,1989,,high,Source: UCDP Conflict Termination Dataset v4-2024 (Kreutz; JPR 47(2) 2010; Uppsala Conflict Data Program; attribution required); retrieved 2026-10-04 from ucdp.uu.se. Region: Europe. Battle-deaths estimate 249 (UCDP BRD v26.1 bd_best summed over episode years; BRD v26.1 covers 1989 onward and is one version newer than the CT base). Outcome: ongoing (no termination coded). end_year empty = episode ongoing per UCDP coding (activity never fell below the 25 battle-deaths/year threshold); not necessarily politically unresolved.
ucdp:13936-1,event,Government of Pakistan vs IS,,UCDP armed conflict episode 1 of conflict 13936 in Pakistan; internationalized internal; 4 active year(s); outcome: low activity,ongoing,2016,2019,high,Source: UCDP Conflict Termination Dataset v4-2024 (Kreutz; JPR 47(2) 2010; Uppsala Conflict Data Program; attribution required); retrieved 2026-10-04 from ucdp.uu.se. Region: Asia. Battle-deaths estimate 228 (UCDP BRD v26.1 bd_best summed over episode years; BRD v26.1 covers 1989 onward and is one version newer than the CT base). Outcome: low activity.
ucdp:374-5,event,Government of Rwanda vs FDLR-FOCA; FDLR-RUD; RMDC,,UCDP armed conflict episode 5 of conflict 374 in Rwanda; internationalized internal; 2 active year(s); outcome: ongoing (no termination coded),ongoing,2019,,high,Source: UCDP Conflict Termination Dataset v4-2024 (Kreutz; JPR 47(2) 2010; Uppsala Conflict Data Program; attribution required); retrieved 2026-10-04 from ucdp.uu.se. Region: Africa. Battle-deaths estimate 226 (UCDP BRD v26.1 bd_best summed over episode years; BRD v26.1 covers 1989 onward and is one version newer than the CT base). Outcome: ongoing (no termination coded). end_year empty = episode ongoing per UCDP coding (activity never fell below the 25 battle-deaths/year threshold); not necessarily politically unresolved.
ucdp:287-4,event,Government of Burundi vs Palipehutu-FNL,,UCDP armed conflict episode 4 of conflict 287 in Burundi; internationalized internal; 1 active year(s); outcome: peace agreement,ongoing,2008,2008,high,Source: UCDP Conflict Termination Dataset v4-2024 (Kreutz; JPR 47(2) 2010; Uppsala Conflict Data Program; attribution required); retrieved 2026-10-04 from ucdp.uu.se. Region: Africa. Battle-deaths estimate 226 (UCDP BRD v26.1 bd_best summed over episode years; BRD v26.1 covers 1989 onward and is one version newer than the CT base). Outcome: peace agreement.
ucdp:335-4,event,Government of India vs NLFT-B,NLFT,UCDP armed conflict episode 4 of conflict 335 in India; internationalized internal; 6 active year(s); outcome: low activity,ongoing,1999,2004,high,Source: UCDP Conflict Termination Dataset v4-2024 (Kreutz; JPR 47(2) 2010; Uppsala Conflict Data Program; attribution required); retrieved 2026-10-04 from ucdp.uu.se. Region: Asia. Battle-deaths estimate 223 (UCDP BRD v26.1 bd_best summed over episode years; BRD v26.1 covers 1989 onward and is one version newer than the CT base). Outcome: low activity.
ucdp:381-4,event,Government of Haiti vs Viv Ansanm,,UCDP armed conflict episode 4 of conflict 381 in Haiti; internationalized internal; 1 active year(s); outcome: ongoing (no termination coded),ongoing,2024,,high,Source: UCDP Conflict Termination Dataset v4-2024 (Kreutz; JPR 47(2) 2010; Uppsala Conflict Data Program; attribution required); retrieved 2026-10-04 from ucdp.uu.se. Region: Americas. Battle-deaths estimate 217 (UCDP BRD v26.1 bd_best summed over episode years; BRD v26.1 covers 1989 onward and is one version newer than the CT base). Outcome: ongoing (no termination coded). end_year empty = episode ongoing per UCDP coding (activity never fell below the 25 battle-deaths/year threshold); not necessarily politically unresolved.
ucdp:11345-1,event,Government of South Sudan vs NAS; SPLM/A - IO - Kitgwang,SPLM/A - IO|SSDM/A - Cobra Faction|SSDM/A|SSLM/A,UCDP armed conflict episode 1 of conflict 11345 in South Sudan; internationalized internal; 11 active year(s); outcome: ongoing (no termination coded),ongoing,2011,,high,Source: UCDP Conflict Termination Dataset v4-2024 (Kreutz; JPR 47(2) 2010; Uppsala Conflict Data Program; attribution required); retrieved 2026-10-04 from ucdp.uu.se. Region: Africa. Battle-deaths estimate 216 (UCDP BRD v26.1 bd_best summed over episode years; BRD v26.1 covers 1989 onward and is one version newer than the CT base). Outcome: ongoing (no termination coded). end_year empty = episode ongoing per UCDP coding (activity never fell below the 25 battle-deaths/year threshold); not necessarily politically unresolved.
ucdp:329-4,event,Government of Ethiopia vs AIAI; ONLF,,UCDP armed conflict episode 4 of conflict 329 in Ethiopia; internationalized internal; 1 active year(s); outcome: ongoing (no termination coded),ongoing,1996,,high,Source: UCDP Conflict Termination Dataset v4-2024 (Kreutz; JPR 47(2) 2010; Uppsala Conflict Data Program; attribution required); retrieved 2026-10-04 from ucdp.uu.se. Region: Africa. Battle-deaths estimate 211 (UCDP BRD v26.1 bd_best summed over episode years; BRD v26.1 covers 1989 onward and is one version newer than the CT base). Outcome: ongoing (no termination coded). end_year empty = episode ongoing per UCDP coding (activity never fell below the 25 battle-deaths/year threshold); not necessarily politically unresolved.
ucdp:381-3,event,Government of Haiti vs FLRN; OP Lavalas,,UCDP armed conflict episode 3 of conflict 381 in Haiti; internationalized internal; 1 active year(s); outcome: ongoing (no termination coded),ongoing,2004,,high,Source: UCDP Conflict Termination Dataset v4-2024 (Kreutz; JPR 47(2) 2010; Uppsala Conflict Data Program; attribution required); retrieved 2026-10-04 from ucdp.uu.se. Region: Americas. Battle-deaths estimate 207 (UCDP BRD v26.1 bd_best summed over episode years; BRD v26.1 covers 1989 onward and is one version newer than the CT base). Outcome: ongoing (no termination coded). end_year empty = episode ongoing per UCDP coding (activity never fell below the 25 battle-deaths/year threshold); not necessarily politically unresolved.
ucdp:331-1,event,Government of Morocco vs POLISARIO,,UCDP armed conflict episode 1 of conflict 331 in Morocco; internationalized internal; 15 active year(s); outcome: low activity,ongoing,1975,1989,high,Source: UCDP Conflict Termination Dataset v4-2024 (Kreutz; JPR 47(2) 2010; Uppsala Conflict Data Program; attribution required); retrieved 2026-10-04 from ucdp.uu.se. Region: Africa. Battle-deaths estimate 207 (UCDP BRD v26.1 bd_best summed over episode years; BRD v26.1 covers 1989 onward and is one version newer than the CT base). Outcome: low activity.
ucdp:13324-1,event,Government of Kyrgyzstan vs Government of Tajikistan,,UCDP armed conflict episode 1 of conflict 13324 in Kyrgyzstan; Tajikistan; internal (internationalized); 2 active year(s); outcome: peace agreement,ongoing,2021,2022,high,Source: UCDP Conflict Termination Dataset v4-2024 (Kreutz; JPR 47(2) 2010; Uppsala Conflict Data Program; attribution required); retrieved 2026-10-04 from ucdp.uu.se. Region: Asia. Battle-deaths estimate 206 (UCDP BRD v26.1 bd_best summed over episode years; BRD v26.1 covers 1989 onward and is one version newer than the CT base). Outcome: peace agreement.
ucdp:369-2,event,Government of Papua New Guinea vs BRA,,UCDP armed conflict episode 2 of conflict 369 in Papua New Guinea; internationalized internal; 5 active year(s); outcome: ceasefire,ongoing,1992,1996,high,Source: UCDP Conflict Termination Dataset v4-2024 (Kreutz; JPR 47(2) 2010; Uppsala Conflict Data Program; attribution required); retrieved 2026-10-04 from ucdp.uu.se. Region: Asia. Battle-deaths estimate 202 (UCDP BRD v26.1 bd_best summed over episode years; BRD v26.1 covers 1989 onward and is one version newer than the CT base). Outcome: ceasefire.
ucdp:13675-1,event,Government of Lebanon vs IS,,UCDP armed conflict episode 1 of conflict 13675 in Lebanon; internationalized internal; 2 active year(s); outcome: low activity,ongoing,2014,2015,high,Source: UCDP Conflict Termination Dataset v4-2024 (Kreutz; JPR 47(2) 2010; Uppsala Conflict Data Program; attribution required); retrieved 2026-10-04 from ucdp.uu.se. Region: Middle East. Battle-deaths estimate 202 (UCDP BRD v26.1 bd_best summed over episode years; BRD v26.1 covers 1989 onward and is one version newer than the CT base). Outcome: low activity.
ucdp:325-3,event,Government of Pakistan vs BLA; BRA,Baloch Ittehad,UCDP armed conflict episode 3 of conflict 325 in Pakistan; internationalized internal; 4 active year(s); outcome: ongoing (no termination coded),ongoing,2006,,high,Source: UCDP Conflict Termination Dataset v4-2024 (Kreutz; JPR 47(2) 2010; Uppsala Conflict Data Program; attribution required); retrieved 2026-10-04 from ucdp.uu.se. Region: Asia. Battle-deaths estimate 200 (UCDP BRD v26.1 bd_best summed over episode years; BRD v26.1 covers 1989 onward and is one version newer than the CT base). Outcome: ongoing (no termination coded). end_year empty = episode ongoing per UCDP coding (activity never fell below the 25 battle-deaths/year threshold); not necessarily politically unresolved.
ucdp:14845-1,event,Government of Mozambique vs IS,,UCDP armed conflict episode 1 of conflict 14845 in Mozambique; internationalized internal; 6 active year(s); outcome: ongoing (no termination coded),ongoing,2019,,high,Source: UCDP Conflict Termination Dataset v4-2024 (Kreutz; JPR 47(2) 2010; Uppsala Conflict Data Program; attribution required); retrieved 2026-10-04 from ucdp.uu.se. Region: Africa. Battle-deaths estimate 194 (UCDP BRD v26.1 bd_best summed over episode years; BRD v26.1 covers 1989 onward and is one version newer than the CT base). Outcome: ongoing (no termination coded). end_year empty = episode ongoing per UCDP coding (activity never fell below the 25 battle-deaths/year threshold); not necessarily politically unresolved.
ucdp:289-2,event,Government of Colombia vs ELN; FARC - Segunda Marquetalia ; FARC-EMC,,UCDP armed conflict episode 2 of conflict 289 in Colombia; internationalized internal; 7 active year(s); outcome: ongoing (no termination coded),ongoing,2018,,high,Source: UCDP Conflict Termination Dataset v4-2024 (Kreutz; JPR 47(2) 2010; Uppsala Conflict Data Program; attribution required); retrieved 2026-10-04 from ucdp.uu.se. Region: Americas. Battle-deaths estimate 191 (UCDP BRD v26.1 bd_best summed over episode years; BRD v26.1 covers 1989 onward and is one version newer than the CT base). Outcome: ongoing (no termination coded). end_year empty = episode ongoing per UCDP coding (activity never fell below the 25 battle-deaths/year threshold); not necessarily politically unresolved.
ucdp:372-3,event,Government of Mali vs ATNMC,,UCDP armed conflict episode 3 of conflict 372 in Mali; internationalized internal; 3 active year(s); outcome: victory for side A (government),ongoing,2007,2009,high,Source: UCDP Conflict Termination Dataset v4-2024 (Kreutz; JPR 47(2) 2010; Uppsala Conflict Data Program; attribution required); retrieved 2026-10-04 from ucdp.uu.se. Region: Africa. Battle-deaths estimate 190 (UCDP BRD v26.1 bd_best summed over episode years; BRD v26.1 covers 1989 onward and is one version newer than the CT base). Outcome: victory for side A (government).
ucdp:338-6,event,Government of Iran vs MEK,,UCDP armed conflict episode 6 of conflict 338 in Iran; internationalized internal; 3 active year(s); outcome: low activity,ongoing,1999,2001,high,Source: UCDP Conflict Termination Dataset v4-2024 (Kreutz; JPR 47(2) 2010; Uppsala Conflict Data Program; attribution required); retrieved 2026-10-04 from ucdp.uu.se. Region: Middle East. Battle-deaths estimate 187 (UCDP BRD v26.1 bd_best summed over episode years; BRD v26.1 covers 1989 onward and is one version newer than the CT base). Outcome: low activity.
ucdp:391-2,event,Government of Egypt vs Ansar Bayt al-Maqdis,,UCDP armed conflict episode 2 of conflict 391 in Egypt; internationalized internal; 1 active year(s); outcome: actor ceases to exist,ongoing,2014,2014,high,Source: UCDP Conflict Termination Dataset v4-2024 (Kreutz; JPR 47(2) 2010; Uppsala Conflict Data Program; attribution required); retrieved 2026-10-04 from ucdp.uu.se. Region: Middle East. Battle-deaths estimate 184 (UCDP BRD v26.1 bd_best summed over episode years; BRD v26.1 covers 1989 onward and is one version newer than the CT base). Outcome: actor ceases to exist.
ucdp:387-2,event,Government of Angola vs FLEC-FAC,FLEC-R,UCDP armed conflict episode 2 of conflict 387 in Angola; internationalized internal; 5 active year(s); outcome: low activity,ongoing,1994,1998,high,Source: UCDP Conflict Termination Dataset v4-2024 (Kreutz; JPR 47(2) 2010; Uppsala Conflict Data Program; attribution required); retrieved 2026-10-04 from ucdp.uu.se. Region: Africa. Battle-deaths estimate 180 (UCDP BRD v26.1 bd_best summed over episode years; BRD v26.1 covers 1989 onward and is one version newer than the CT base). Outcome: low activity.
ucdp:330-3,event,Government of Indonesia vs CNRT,,UCDP armed conflict episode 3 of conflict 330 in Indonesia; internationalized internal; 3 active year(s); outcome: peace agreement,ongoing,1997,1999,high,Source: UCDP Conflict Termination Dataset v4-2024 (Kreutz; JPR 47(2) 2010; Uppsala Conflict Data Program; attribution required); retrieved 2026-10-04 from ucdp.uu.se. Region: Asia. Battle-deaths estimate 180 (UCDP BRD v26.1 bd_best summed over episode years; BRD v26.1 covers 1989 onward and is one version newer than the CT base). Outcome: peace agreement.
ucdp:391-3,event,Government of Egypt vs Harakit Sawa'id Misr,Jama'at Ansar al-Islam,UCDP armed conflict episode 3 of conflict 391 in Egypt; internationalized internal; 3 active year(s); outcome: low activity,ongoing,2017,2019,high,Source: UCDP Conflict Termination Dataset v4-2024 (Kreutz; JPR 47(2) 2010; Uppsala Conflict Data Program; attribution required); retrieved 2026-10-04 from ucdp.uu.se. Region: Middle East. Battle-deaths estimate 179 (UCDP BRD v26.1 bd_best summed over episode years; BRD v26.1 covers 1989 onward and is one version newer than the CT base). Outcome: low activity.
ucdp:218-6,event,Government of India vs Government of Pakistan,,UCDP armed conflict episode 6 of conflict 218 in India; Pakistan; internal (internationalized); 4 active year(s); outcome: low activity,ongoing,1989,1992,high,Source: UCDP Conflict Termination Dataset v4-2024 (Kreutz; JPR 47(2) 2010; Uppsala Conflict Data Program; attribution required); retrieved 2026-10-04 from ucdp.uu.se. Region: Asia. Battle-deaths estimate 177 (UCDP BRD v26.1 bd_best summed over episode years; BRD v26.1 covers 1989 onward and is one version newer than the CT base). Outcome: low activity.
ucdp:227-4,event,Government of India vs CPI-Maoist,CPI-ML-J|MCC|PWG,UCDP armed conflict episode 4 of conflict 227 in India; internationalized internal; 29 active year(s); outcome: ongoing (no termination coded),ongoing,1996,,high,Source: UCDP Conflict Termination Dataset v4-2024 (Kreutz; JPR 47(2) 2010; Uppsala Conflict Data Program; attribution required); retrieved 2026-10-04 from ucdp.uu.se. Region: Asia. Battle-deaths estimate 173 (UCDP BRD v26.1 bd_best summed over episode years; BRD v26.1 covers 1989 onward and is one version newer than the CT base). Outcome: ongoing (no termination coded). end_year empty = episode ongoing per UCDP coding (activity never fell below the 25 battle-deaths/year threshold); not necessarily politically unresolved.
ucdp:222-4,event,Government of Myanmar (Burma) vs PSLF,,UCDP armed conflict episode 4 of conflict 222 in Myanmar (Burma); internationalized internal; 3 active year(s); outcome: low activity,ongoing,2013,2015,high,Source: UCDP Conflict Termination Dataset v4-2024 (Kreutz; JPR 47(2) 2010; Uppsala Conflict Data Program; attribution required); retrieved 2026-10-04 from ucdp.uu.se. Region: Asia. Battle-deaths estimate 172 (UCDP BRD v26.1 bd_best summed over episode years; BRD v26.1 covers 1989 onward and is one version newer than the CT base). Outcome: low activity.
ucdp:13639-1,event,Government of Niger vs IS,,UCDP armed conflict episode 1 of conflict 13639 in Niger; internationalized internal; 10 active year(s); outcome: ongoing (no termination coded),ongoing,2015,,high,Source: UCDP Conflict Termination Dataset v4-2024 (Kreutz; JPR 47(2) 2010; Uppsala Conflict Data Program; attribution required); retrieved 2026-10-04 from ucdp.uu.se. Region: Africa. Battle-deaths estimate 171 (UCDP BRD v26.1 bd_best summed over episode years; BRD v26.1 covers 1989 onward and is one version newer than the CT base). Outcome: ongoing (no termination coded). end_year empty = episode ongoing per UCDP coding (activity never fell below the 25 battle-deaths/year threshold); not necessarily politically unresolved.
ucdp:16038-1,event,Government of Mali vs FLA,,UCDP armed conflict episode 1 of conflict 16038 in Mali; internationalized internal; 2 active year(s); outcome: ongoing (no termination coded),ongoing,2023,,high,Source: UCDP Conflict Termination Dataset v4-2024 (Kreutz; JPR 47(2) 2010; Uppsala Conflict Data Program; attribution required); retrieved 2026-10-04 from ucdp.uu.se. Region: Africa. Battle-deaths estimate 170 (UCDP BRD v26.1 bd_best summed over episode years; BRD v26.1 covers 1989 onward and is one version newer than the CT base). Outcome: ongoing (no termination coded). end_year empty = episode ongoing per UCDP coding (activity never fell below the 25 battle-deaths/year threshold); not necessarily politically unresolved.
ucdp:408-3,event,Government of Congo vs Ntsiloulous,,UCDP armed conflict episode 3 of conflict 408 in Congo; internationalized internal; 1 active year(s); outcome: ceasefire,ongoing,2002,2002,high,Source: UCDP Conflict Termination Dataset v4-2024 (Kreutz; JPR 47(2) 2010; Uppsala Conflict Data Program; attribution required); retrieved 2026-10-04 from ucdp.uu.se. Region: Africa. Battle-deaths estimate 167 (UCDP BRD v26.1 bd_best summed over episode years; BRD v26.1 covers 1989 onward and is one version newer than the CT base). Outcome: ceasefire.
ucdp:381-2,event,Government of Haiti vs Military faction (forces of Raol CÃ©dras),,UCDP armed conflict episode 2 of conflict 381 in Haiti; internationalized internal; 1 active year(s); outcome: victory for side B (non-state side),ongoing,1991,1991,high,Source: UCDP Conflict Termination Dataset v4-2024 (Kreutz; JPR 47(2) 2010; Uppsala Conflict Data Program; attribution required); retrieved 2026-10-04 from ucdp.uu.se. Region: Americas. Battle-deaths estimate 160 (UCDP BRD v26.1 bd_best summed over episode years; BRD v26.1 covers 1989 onward and is one version newer than the CT base). Outcome: victory for side B (non-state side).
ucdp:14275-1,event,Government of Philippines vs IS,,UCDP armed conflict episode 1 of conflict 14275 in Philippines; internationalized internal; 9 active year(s); outcome: ongoing (no termination coded),ongoing,2016,,high,Source: UCDP Conflict Termination Dataset v4-2024 (Kreutz; JPR 47(2) 2010; Uppsala Conflict Data Program; attribution required); retrieved 2026-10-04 from ucdp.uu.se. Region: Asia. Battle-deaths estimate 155 (UCDP BRD v26.1 bd_best summed over episode years; BRD v26.1 covers 1989 onward and is one version newer than the CT base). Outcome: ongoing (no termination coded). end_year empty = episode ongoing per UCDP coding (activity never fell below the 25 battle-deaths/year threshold); not necessarily politically unresolved.
ucdp:265-2,event,Government of DR Congo (Zaire) vs Kata Katanga,,UCDP armed conflict episode 2 of conflict 265 in DR Congo (Zaire); internationalized internal; 2 active year(s); outcome: low activity,ongoing,2013,2014,high,Source: UCDP Conflict Termination Dataset v4-2024 (Kreutz; JPR 47(2) 2010; Uppsala Conflict Data Program; attribution required); retrieved 2026-10-04 from ucdp.uu.se. Region: Africa. Battle-deaths estimate 154 (UCDP BRD v26.1 bd_best summed over episode years; BRD v26.1 covers 1989 onward and is one version newer than the CT base). Outcome: low activity.
ucdp:13809-1,event,Government of Syria vs SDF,,UCDP armed conflict episode 1 of conflict 13809 in Syria; internationalized internal; 1 active year(s); outcome: low activity,ongoing,2016,2016,high,Source: UCDP Conflict Termination Dataset v4-2024 (Kreutz; JPR 47(2) 2010; Uppsala Conflict Data Program; attribution required); retrieved 2026-10-04 from ucdp.uu.se. Region: Middle East. Battle-deaths estimate 152 (UCDP BRD v26.1 bd_best summed over episode years; BRD v26.1 covers 1989 onward and is one version newer than the CT base). Outcome: low activity.
ucdp:292-3,event,Government of Peru vs Sendero Luminoso,,UCDP armed conflict episode 3 of conflict 292 in Peru; internationalized internal; 4 active year(s); outcome: ceasefire,ongoing,2007,2010,high,Source: UCDP Conflict Termination Dataset v4-2024 (Kreutz; JPR 47(2) 2010; Uppsala Conflict Data Program; attribution required); retrieved 2026-10-04 from ucdp.uu.se. Region: Americas. Battle-deaths estimate 150 (UCDP BRD v26.1 bd_best summed over episode years; BRD v26.1 covers 1989 onward and is one version newer than the CT base). Outcome: ceasefire.
ucdp:11475-1,event,Government of Myanmar (Burma) vs NSCN-K,,UCDP armed conflict episode 1 of conflict 11475 in Myanmar (Burma); internationalized internal; 1 active year(s); outcome: low activity,ongoing,1991,1991,high,Source: UCDP Conflict Termination Dataset v4-2024 (Kreutz; JPR 47(2) 2010; Uppsala Conflict Data Program; attribution required); retrieved 2026-10-04 from ucdp.uu.se. Region: Asia. Battle-deaths estimate 150 (UCDP BRD v26.1 bd_best summed over episode years; BRD v26.1 covers 1989 onward and is one version newer than the CT base). Outcome: low activity.
ucdp:220-3,event,Government of Paraguay vs Military faction (forces of Andres Rodriguez),,UCDP armed conflict episode 3 of conflict 220 in Paraguay; internationalized internal; 1 active year(s); outcome: victory for side B (non-state side),ongoing,1989,1989,high,Source: UCDP Conflict Termination Dataset v4-2024 (Kreutz; JPR 47(2) 2010; Uppsala Conflict Data Program; attribution required); retrieved 2026-10-04 from ucdp.uu.se. Region: Americas. Battle-deaths estimate 150 (UCDP BRD v26.1 bd_best summed over episode years; BRD v26.1 covers 1989 onward and is one version newer than the CT base). Outcome: victory for side B (non-state side).
ucdp:314-4,event,Government of Uganda vs ADF; LRA,UNRF II|WNBF,UCDP armed conflict episode 4 of conflict 314 in Uganda; internationalized internal; 18 active year(s); outcome: ongoing (no termination coded),ongoing,1994,,high,Source: UCDP Conflict Termination Dataset v4-2024 (Kreutz; JPR 47(2) 2010; Uppsala Conflict Data Program; attribution required); retrieved 2026-10-04 from ucdp.uu.se. Region: Africa. Battle-deaths estimate 149 (UCDP BRD v26.1 bd_best summed over episode years; BRD v26.1 covers 1989 onward and is one version newer than the CT base). Outcome: ongoing (no termination coded). end_year empty = episode ongoing per UCDP coding (activity never fell below the 25 battle-deaths/year threshold); not necessarily politically unresolved.
ucdp:332-4,event,Government of Mozambique vs ASWJ,,UCDP armed conflict episode 4 of conflict 332 in Mozambique; internationalized internal; 2 active year(s); outcome: low activity,ongoing,2018,2019,high,Source: UCDP Conflict Termination Dataset v4-2024 (Kreutz; JPR 47(2) 2010; Uppsala Conflict Data Program; attribution required); retrieved 2026-10-04 from ucdp.uu.se. Region: Africa. Battle-deaths estimate 148 (UCDP BRD v26.1 bd_best summed over episode years; BRD v26.1 covers 1989 onward and is one version newer than the CT base). Outcome: low activity.
ucdp:372-5,event,Government of Mali vs CMA,,UCDP armed conflict episode 5 of conflict 372 in Mali; internationalized internal; 2 active year(s); outcome: peace agreement,ongoing,2014,2015,high,Source: UCDP Conflict Termination Dataset v4-2024 (Kreutz; JPR 47(2) 2010; Uppsala Conflict Data Program; attribution required); retrieved 2026-10-04 from ucdp.uu.se. Region: Africa. Battle-deaths estimate 148 (UCDP BRD v26.1 bd_best summed over episode years; BRD v26.1 covers 1989 onward and is one version newer than the CT base). Outcome: peace agreement.
ucdp:11344-1,event,Government of Sudan vs Republic of South Sudan,,UCDP armed conflict episode 1 of conflict 11344 in Sudan; internationalized internal; 1 active year(s); outcome: ongoing (no termination coded),ongoing,2011,,high,Source: UCDP Conflict Termination Dataset v4-2024 (Kreutz; JPR 47(2) 2010; Uppsala Conflict Data Program; attribution required); retrieved 2026-10-04 from ucdp.uu.se. Region: Africa. Battle-deaths estimate 145 (UCDP BRD v26.1 bd_best summed over episode years; BRD v26.1 covers 1989 onward and is one version newer than the CT base). Outcome: ongoing (no termination coded). end_year empty = episode ongoing per UCDP coding (activity never fell below the 25 battle-deaths/year threshold); not necessarily politically unresolved.
ucdp:399-1,event,Government of Russia (Soviet Union) vs Parliamentary Forces,,UCDP armed conflict episode 1 of conflict 399 in Russia (Soviet Union); internationalized internal; 1 active year(s); outcome: victory for side A (government),ongoing,1993,1993,high,Source: UCDP Conflict Termination Dataset v4-2024 (Kreutz; JPR 47(2) 2010; Uppsala Conflict Data Program; attribution required); retrieved 2026-10-04 from ucdp.uu.se. Region: Europe. Battle-deaths estimate 145 (UCDP BRD v26.1 bd_best summed over episode years; BRD v26.1 covers 1989 onward and is one version newer than the CT base). Outcome: victory for side A (government).
ucdp:400-1,event,Government of Mexico vs EZLN,,UCDP armed conflict episode 1 of conflict 400 in Mexico; internationalized internal; 1 active year(s); outcome: ceasefire,ongoing,1994,1994,high,Source: UCDP Conflict Termination Dataset v4-2024 (Kreutz; JPR 47(2) 2010; Uppsala Conflict Data Program; attribution required); retrieved 2026-10-04 from ucdp.uu.se. Region: Americas. Battle-deaths estimate 145 (UCDP BRD v26.1 bd_best summed over episode years; BRD v26.1 covers 1989 onward and is one version newer than the CT base). Outcome: ceasefire.
ucdp:277-3,event,Government of Venezuela vs Military faction (forces of Hugo ChÃ¡vez),,UCDP armed conflict episode 3 of conflict 277 in Venezuela; internationalized internal; 1 active year(s); outcome: victory for side A (government),ongoing,1992,1992,high,Source: UCDP Conflict Termination Dataset v4-2024 (Kreutz; JPR 47(2) 2010; Uppsala Conflict Data Program; attribution required); retrieved 2026-10-04 from ucdp.uu.se. Region: Americas. Battle-deaths estimate 144 (UCDP BRD v26.1 bd_best summed over episode years; BRD v26.1 covers 1989 onward and is one version newer than the CT base). Outcome: victory for side A (government).
ucdp:377-1,event,Government of Russia (Soviet Union) vs APF,,UCDP armed conflict episode 1 of conflict 377 in Russia (Soviet Union); internationalized internal; 1 active year(s); outcome: victory for side A (government),ongoing,1990,1990,high,Source: UCDP Conflict Termination Dataset v4-2024 (Kreutz; JPR 47(2) 2010; Uppsala Conflict Data Program; attribution required); retrieved 2026-10-04 from ucdp.uu.se. Region: Europe. Battle-deaths estimate 143 (UCDP BRD v26.1 bd_best summed over episode years; BRD v26.1 covers 1989 onward and is one version newer than the CT base). Outcome: victory for side A (government).
ucdp:383-1,event,Government of Turkey vs DHKP-C,,UCDP armed conflict episode 1 of conflict 383 in Turkey; internationalized internal; 3 active year(s); outcome: low activity,ongoing,1991,1993,high,Source: UCDP Conflict Termination Dataset v4-2024 (Kreutz; JPR 47(2) 2010; Uppsala Conflict Data Program; attribution required); retrieved 2026-10-04 from ucdp.uu.se. Region: Middle East. Battle-deaths estimate 142 (UCDP BRD v26.1 bd_best summed over episode years; BRD v26.1 covers 1989 onward and is one version newer than the CT base). Outcome: low activity.
ucdp:13936-2,event,Government of Pakistan vs IS,,UCDP armed conflict episode 2 of conflict 13936 in Pakistan; internationalized internal; 3 active year(s); outcome: low activity,ongoing,2021,2023,high,Source: UCDP Conflict Termination Dataset v4-2024 (Kreutz; JPR 47(2) 2010; Uppsala Conflict Data Program; attribution required); retrieved 2026-10-04 from ucdp.uu.se. Region: Asia. Battle-deaths estimate 141 (UCDP BRD v26.1 bd_best summed over episode years; BRD v26.1 covers 1989 onward and is one version newer than the CT base). Outcome: low activity.
ucdp:222-5,event,Government of Myanmar (Burma) vs PSLF,,UCDP armed conflict episode 5 of conflict 222 in Myanmar (Burma); internationalized internal; 3 active year(s); outcome: low activity,ongoing,2017,2019,high,Source: UCDP Conflict Termination Dataset v4-2024 (Kreutz; JPR 47(2) 2010; Uppsala Conflict Data Program; attribution required); retrieved 2026-10-04 from ucdp.uu.se. Region: Asia. Battle-deaths estimate 141 (UCDP BRD v26.1 bd_best summed over episode years; BRD v26.1 covers 1989 onward and is one version newer than the CT base). Outcome: low activity.
ucdp:426-3,event,Government of Israel vs Hezbollah,,UCDP armed conflict episode 3 of conflict 426 in Israel; internationalized internal; 2 active year(s); outcome: ongoing (no termination coded),ongoing,2023,,high,Source: UCDP Conflict Termination Dataset v4-2024 (Kreutz; JPR 47(2) 2010; Uppsala Conflict Data Program; attribution required); retrieved 2026-10-04 from ucdp.uu.se. Region: Middle East. Battle-deaths estimate 139 (UCDP BRD v26.1 bd_best summed over episode years; BRD v26.1 covers 1989 onward and is one version newer than the CT base). Outcome: ongoing (no termination coded). end_year empty = episode ongoing per UCDP coding (activity never fell below the 25 battle-deaths/year threshold); not necessarily politically unresolved.
ucdp:231-4,event,Government of Myanmar (Burma) vs KIO,,UCDP armed conflict episode 4 of conflict 231 in Myanmar (Burma); internationalized internal; 4 active year(s); outcome: ongoing (no termination coded),ongoing,2021,,high,Source: UCDP Conflict Termination Dataset v4-2024 (Kreutz; JPR 47(2) 2010; Uppsala Conflict Data Program; attribution required); retrieved 2026-10-04 from ucdp.uu.se. Region: Asia. Battle-deaths estimate 136 (UCDP BRD v26.1 bd_best summed over episode years; BRD v26.1 covers 1989 onward and is one version newer than the CT base). Outcome: ongoing (no termination coded). end_year empty = episode ongoing per UCDP coding (activity never fell below the 25 battle-deaths/year threshold); not necessarily politically unresolved.
ucdp:374-4,event,Government of Rwanda vs FDLR-FOCA,,UCDP armed conflict episode 4 of conflict 374 in Rwanda; internationalized internal; 1 active year(s); outcome: low activity,ongoing,2016,2016,high,Source: UCDP Conflict Termination Dataset v4-2024 (Kreutz; JPR 47(2) 2010; Uppsala Conflict Data Program; attribution required); retrieved 2026-10-04 from ucdp.uu.se. Region: Africa. Battle-deaths estimate 136 (UCDP BRD v26.1 bd_best summed over episode years; BRD v26.1 covers 1989 onward and is one version newer than the CT base). Outcome: low activity.
ucdp:221-2,event,Government of Myanmar (Burma) vs KNU,,UCDP armed conflict episode 2 of conflict 221 in Myanmar (Burma); internationalized internal; 2 active year(s); outcome: low activity,ongoing,1994,1995,high,Source: UCDP Conflict Termination Dataset v4-2024 (Kreutz; JPR 47(2) 2010; Uppsala Conflict Data Program; attribution required); retrieved 2026-10-04 from ucdp.uu.se. Region: Asia. Battle-deaths estimate 135 (UCDP BRD v26.1 bd_best summed over episode years; BRD v26.1 covers 1989 onward and is one version newer than the CT base). Outcome: low activity.
ucdp:13638-2,event,Government of Cameroon vs IS,,UCDP armed conflict episode 2 of conflict 13638 in Cameroon; internationalized internal; 1 active year(s); outcome: low activity,ongoing,2019,2019,high,Source: UCDP Conflict Termination Dataset v4-2024 (Kreutz; JPR 47(2) 2010; Uppsala Conflict Data Program; attribution required); retrieved 2026-10-04 from ucdp.uu.se. Region: Africa. Battle-deaths estimate 135 (UCDP BRD v26.1 bd_best summed over episode years; BRD v26.1 covers 1989 onward and is one version newer than the CT base). Outcome: low activity.
ucdp:223-6,event,Government of Myanmar (Burma) vs ULA,,UCDP armed conflict episode 6 of conflict 223 in Myanmar (Burma); internationalized internal; 3 active year(s); outcome: ongoing (no termination coded),ongoing,2022,,high,Source: UCDP Conflict Termination Dataset v4-2024 (Kreutz; JPR 47(2) 2010; Uppsala Conflict Data Program; attribution required); retrieved 2026-10-04 from ucdp.uu.se. Region: Asia. Battle-deaths estimate 134 (UCDP BRD v26.1 bd_best summed over episode years; BRD v26.1 covers 1989 onward and is one version newer than the CT base). Outcome: ongoing (no termination coded). end_year empty = episode ongoing per UCDP coding (activity never fell below the 25 battle-deaths/year threshold); not necessarily politically unresolved.
ucdp:393-1,event,Government of Georgia vs Republic of South Ossetia,,UCDP armed conflict episode 1 of conflict 393 in Georgia; internationalized internal; 1 active year(s); outcome: ceasefire,ongoing,1992,1992,high,Source: UCDP Conflict Termination Dataset v4-2024 (Kreutz; JPR 47(2) 2010; Uppsala Conflict Data Program; attribution required); retrieved 2026-10-04 from ucdp.uu.se. Region: Europe. Battle-deaths estimate 134 (UCDP BRD v26.1 bd_best summed over episode years; BRD v26.1 covers 1989 onward and is one version newer than the CT base). Outcome: ceasefire.
ucdp:303-2,event,Government of Nigeria vs IPOB,,UCDP armed conflict episode 2 of conflict 303 in Nigeria; internationalized internal; 4 active year(s); outcome: ongoing (no termination coded),ongoing,2021,,high,Source: UCDP Conflict Termination Dataset v4-2024 (Kreutz; JPR 47(2) 2010; Uppsala Conflict Data Program; attribution required); retrieved 2026-10-04 from ucdp.uu.se. Region: Africa. Battle-deaths estimate 132 (UCDP BRD v26.1 bd_best summed over episode years; BRD v26.1 covers 1989 onward and is one version newer than the CT base). Outcome: ongoing (no termination coded). end_year empty = episode ongoing per UCDP coding (activity never fell below the 25 battle-deaths/year threshold); not necessarily politically unresolved.
ucdp:404-2,event,Government of Pakistan vs MQM,,UCDP armed conflict episode 2 of conflict 404 in Pakistan; internationalized internal; 3 active year(s); outcome: low activity,ongoing,1994,1996,high,Source: UCDP Conflict Termination Dataset v4-2024 (Kreutz; JPR 47(2) 2010; Uppsala Conflict Data Program; attribution required); retrieved 2026-10-04 from ucdp.uu.se. Region: Asia. Battle-deaths estimate 132 (UCDP BRD v26.1 bd_best summed over episode years; BRD v26.1 covers 1989 onward and is one version newer than the CT base). Outcome: low activity.
ucdp:372-4,event,Government of Mali vs CMA,,UCDP armed conflict episode 4 of conflict 372 in Mali; internationalized internal; 1 active year(s); outcome: victory for side B (non-state side),ongoing,2012,2012,high,Source: UCDP Conflict Termination Dataset v4-2024 (Kreutz; JPR 47(2) 2010; Uppsala Conflict Data Program; attribution required); retrieved 2026-10-04 from ucdp.uu.se. Region: Africa. Battle-deaths estimate 131 (UCDP BRD v26.1 bd_best summed over episode years; BRD v26.1 covers 1989 onward and is one version newer than the CT base). Outcome: victory for side B (non-state side).
ucdp:16099-1,event,Government of United Kingdom; Government of United States of America vs Government of Yemen (North Yemen),,UCDP armed conflict episode 1 of conflict 16099 in United Kingdom; United States of America; Yemen (North Yemen); internal (internationalized); 1 active year(s); outcome: ongoing (no termination coded),ongoing,2024,,high,Source: UCDP Conflict Termination Dataset v4-2024 (Kreutz; JPR 47(2) 2010; Uppsala Conflict Data Program; attribution required); retrieved 2026-10-04 from ucdp.uu.se. Region: Europe;Middle East;Americas. Battle-deaths estimate 130 (UCDP BRD v26.1 bd_best summed over episode years; BRD v26.1 covers 1989 onward and is one version newer than the CT base). Outcome: ongoing (no termination coded). end_year empty = episode ongoing per UCDP coding (activity never fell below the 25 battle-deaths/year threshold); not necessarily politically unresolved.
ucdp:366-1,event,Government of Indonesia vs GAM,,UCDP armed conflict episode 1 of conflict 366 in Indonesia; internationalized internal; 2 active year(s); outcome: victory for side A (government),ongoing,1990,1991,high,Source: UCDP Conflict Termination Dataset v4-2024 (Kreutz; JPR 47(2) 2010; Uppsala Conflict Data Program; attribution required); retrieved 2026-10-04 from ucdp.uu.se. Region: Asia. Battle-deaths estimate 130 (UCDP BRD v26.1 bd_best summed over episode years; BRD v26.1 covers 1989 onward and is one version newer than the CT base). Outcome: victory for side A (government).
ucdp:421-5,event,Government of India vs NDFB - RD,,UCDP armed conflict episode 5 of conflict 421 in India; internationalized internal; 2 active year(s); outcome: ceasefire,ongoing,2009,2010,high,Source: UCDP Conflict Termination Dataset v4-2024 (Kreutz; JPR 47(2) 2010; Uppsala Conflict Data Program; attribution required); retrieved 2026-10-04 from ucdp.uu.se. Region: Asia. Battle-deaths estimate 130 (UCDP BRD v26.1 bd_best summed over episode years; BRD v26.1 covers 1989 onward and is one version newer than the CT base). Outcome: ceasefire.
ucdp:422-1,event,Government of Myanmar (Burma) vs UWSA,,UCDP armed conflict episode 1 of conflict 422 in Myanmar (Burma); internationalized internal; 1 active year(s); outcome: victory for side B (non-state side),ongoing,1997,1997,high,Source: UCDP Conflict Termination Dataset v4-2024 (Kreutz; JPR 47(2) 2010; Uppsala Conflict Data Program; attribution required); retrieved 2026-10-04 from ucdp.uu.se. Region: Asia. Battle-deaths estimate 130 (UCDP BRD v26.1 bd_best summed over episode years; BRD v26.1 covers 1989 onward and is one version newer than the CT base). Outcome: victory for side B (non-state side).
ucdp:430-3,event,Government of Niger vs MNJ,,UCDP armed conflict episode 3 of conflict 430 in Niger; internationalized internal; 2 active year(s); outcome: ceasefire,ongoing,2007,2008,high,Source: UCDP Conflict Termination Dataset v4-2024 (Kreutz; JPR 47(2) 2010; Uppsala Conflict Data Program; attribution required); retrieved 2026-10-04 from ucdp.uu.se. Region: Africa. Battle-deaths estimate 128 (UCDP BRD v26.1 bd_best summed over episode years; BRD v26.1 covers 1989 onward and is one version newer than the CT base). Outcome: ceasefire.
ucdp:14197-1,event,Government of Somalia vs IS,,UCDP armed conflict episode 1 of conflict 14197 in Somalia; internationalized internal; 3 active year(s); outcome: low activity,ongoing,2019,2021,high,Source: UCDP Conflict Termination Dataset v4-2024 (Kreutz; JPR 47(2) 2010; Uppsala Conflict Data Program; attribution required); retrieved 2026-10-04 from ucdp.uu.se. Region: Africa. Battle-deaths estimate 127 (UCDP BRD v26.1 bd_best summed over episode years; BRD v26.1 covers 1989 onward and is one version newer than the CT base). Outcome: low activity.
ucdp:395-3,event,Government of Tajikistan vs IMU,Forces of Mullo Abdullo,UCDP armed conflict episode 3 of conflict 395 in Tajikistan; internationalized internal; 2 active year(s); outcome: victory for side A (government),ongoing,2010,2011,high,Source: UCDP Conflict Termination Dataset v4-2024 (Kreutz; JPR 47(2) 2010; Uppsala Conflict Data Program; attribution required); retrieved 2026-10-04 from ucdp.uu.se. Region: Asia. Battle-deaths estimate 126 (UCDP BRD v26.1 bd_best summed over episode years; BRD v26.1 covers 1989 onward and is one version newer than the CT base). Outcome: victory for side A (government).
ucdp:338-8,event,Government of Iran vs PJAK,Jaish al-Adl,UCDP armed conflict episode 8 of conflict 338 in Iran; internationalized internal; 4 active year(s); outcome: low activity,ongoing,2018,2021,high,Source: UCDP Conflict Termination Dataset v4-2024 (Kreutz; JPR 47(2) 2010; Uppsala Conflict Data Program; attribution required); retrieved 2026-10-04 from ucdp.uu.se. Region: Middle East. Battle-deaths estimate 124 (UCDP BRD v26.1 bd_best summed over episode years; BRD v26.1 covers 1989 onward and is one version newer than the CT base). Outcome: low activity.
ucdp:253-4,event,Government of Myanmar (Burma) vs KNPP,,UCDP armed conflict episode 4 of conflict 253 in Myanmar (Burma); internationalized internal; 1 active year(s); outcome: low activity,ongoing,1996,1996,high,Source: UCDP Conflict Termination Dataset v4-2024 (Kreutz; JPR 47(2) 2010; Uppsala Conflict Data Program; attribution required); retrieved 2026-10-04 from ucdp.uu.se. Region: Asia. Battle-deaths estimate 124 (UCDP BRD v26.1 bd_best summed over episode years; BRD v26.1 covers 1989 onward and is one version newer than the CT base). Outcome: low activity.
ucdp:421-3,event,Government of India vs NDFB,,UCDP armed conflict episode 3 of conflict 421 in India; internationalized internal; 4 active year(s); outcome: low activity,ongoing,1996,1999,high,Source: UCDP Conflict Termination Dataset v4-2024 (Kreutz; JPR 47(2) 2010; Uppsala Conflict Data Program; attribution required); retrieved 2026-10-04 from ucdp.uu.se. Region: Asia. Battle-deaths estimate 123 (UCDP BRD v26.1 bd_best summed over episode years; BRD v26.1 covers 1989 onward and is one version newer than the CT base). Outcome: low activity.
ucdp:14074-1,event,Government of Somalia vs Republic of Somaliland,,UCDP armed conflict episode 1 of conflict 14074 in Somalia; internationalized internal; 1 active year(s); outcome: ceasefire,ongoing,2018,2018,high,Source: UCDP Conflict Termination Dataset v4-2024 (Kreutz; JPR 47(2) 2010; Uppsala Conflict Data Program; attribution required); retrieved 2026-10-04 from ucdp.uu.se. Region: Africa. Battle-deaths estimate 121 (UCDP BRD v26.1 bd_best summed over episode years; BRD v26.1 covers 1989 onward and is one version newer than the CT base). Outcome: ceasefire.
ucdp:11350-1,event,Government of Bangladesh vs PBCP-J,PBCP,UCDP armed conflict episode 1 of conflict 11350 in Bangladesh; internationalized internal; 2 active year(s); outcome: low activity,ongoing,2005,2006,high,Source: UCDP Conflict Termination Dataset v4-2024 (Kreutz; JPR 47(2) 2010; Uppsala Conflict Data Program; attribution required); retrieved 2026-10-04 from ucdp.uu.se. Region: Asia. Battle-deaths estimate 119 (UCDP BRD v26.1 bd_best summed over episode years; BRD v26.1 covers 1989 onward and is one version newer than the CT base). Outcome: low activity.
ucdp:224-2,event,Government of Myanmar (Burma) vs NMSP,,UCDP armed conflict episode 2 of conflict 224 in Myanmar (Burma); internationalized internal; 1 active year(s); outcome: low activity,ongoing,1990,1990,high,Source: UCDP Conflict Termination Dataset v4-2024 (Kreutz; JPR 47(2) 2010; Uppsala Conflict Data Program; attribution required); retrieved 2026-10-04 from ucdp.uu.se. Region: Asia. Battle-deaths estimate 112 (UCDP BRD v26.1 bd_best summed over episode years; BRD v26.1 covers 1989 onward and is one version newer than the CT base). Outcome: low activity.
ucdp:14609-1,event,Government of Iran vs Government of Israel,,UCDP armed conflict episode 1 of conflict 14609 in Iran; Israel; internal (internationalized); 7 active year(s); outcome: ongoing (no termination coded),ongoing,2018,,high,Source: UCDP Conflict Termination Dataset v4-2024 (Kreutz; JPR 47(2) 2010; Uppsala Conflict Data Program; attribution required); retrieved 2026-10-04 from ucdp.uu.se. Region: Middle East. Battle-deaths estimate 111 (UCDP BRD v26.1 bd_best summed over episode years; BRD v26.1 covers 1989 onward and is one version newer than the CT base). Outcome: ongoing (no termination coded). end_year empty = episode ongoing per UCDP coding (activity never fell below the 25 battle-deaths/year threshold); not necessarily politically unresolved.
ucdp:205-5,event,Government of Iran vs KDPI,,UCDP armed conflict episode 5 of conflict 205 in Iran; internationalized internal; 1 active year(s); outcome: low activity,ongoing,1993,1993,high,Source: UCDP Conflict Termination Dataset v4-2024 (Kreutz; JPR 47(2) 2010; Uppsala Conflict Data Program; attribution required); retrieved 2026-10-04 from ucdp.uu.se. Region: Middle East. Battle-deaths estimate 110 (UCDP BRD v26.1 bd_best summed over episode years; BRD v26.1 covers 1989 onward and is one version newer than the CT base). Outcome: low activity.
ucdp:223-4,event,Government of Myanmar (Burma) vs RSO,,UCDP armed conflict episode 4 of conflict 223 in Myanmar (Burma); internationalized internal; 1 active year(s); outcome: low activity,ongoing,1994,1994,high,Source: UCDP Conflict Termination Dataset v4-2024 (Kreutz; JPR 47(2) 2010; Uppsala Conflict Data Program; attribution required); retrieved 2026-10-04 from ucdp.uu.se. Region: Asia. Battle-deaths estimate 109 (UCDP BRD v26.1 bd_best summed over episode years; BRD v26.1 covers 1989 onward and is one version newer than the CT base). Outcome: low activity.
ucdp:315-1,event,Government of United Kingdom vs PIRA,,UCDP armed conflict episode 1 of conflict 315 in United Kingdom; internationalized internal; 21 active year(s); outcome: low activity,ongoing,1971,1991,high,Source: UCDP Conflict Termination Dataset v4-2024 (Kreutz; JPR 47(2) 2010; Uppsala Conflict Data Program; attribution required); retrieved 2026-10-04 from ucdp.uu.se. Region: Europe. Battle-deaths estimate 108 (UCDP BRD v26.1 bd_best summed over episode years; BRD v26.1 covers 1989 onward and is one version newer than the CT base). Outcome: low activity.
ucdp:387-3,event,Government of Angola vs FLEC-FAC,FLEC-R,UCDP armed conflict episode 3 of conflict 387 in Angola; internationalized internal; 3 active year(s); outcome: low activity,ongoing,2002,2004,high,Source: UCDP Conflict Termination Dataset v4-2024 (Kreutz; JPR 47(2) 2010; Uppsala Conflict Data Program; attribution required); retrieved 2026-10-04 from ucdp.uu.se. Region: Africa. Battle-deaths estimate 106 (UCDP BRD v26.1 bd_best summed over episode years; BRD v26.1 covers 1989 onward and is one version newer than the CT base). Outcome: low activity.
ucdp:372-2,event,Government of Mali vs FIAA,,UCDP armed conflict episode 2 of conflict 372 in Mali; internationalized internal; 1 active year(s); outcome: ceasefire,ongoing,1994,1994,high,Source: UCDP Conflict Termination Dataset v4-2024 (Kreutz; JPR 47(2) 2010; Uppsala Conflict Data Program; attribution required); retrieved 2026-10-04 from ucdp.uu.se. Region: Africa. Battle-deaths estimate 106 (UCDP BRD v26.1 bd_best summed over episode years; BRD v26.1 covers 1989 onward and is one version newer than the CT base). Outcome: ceasefire.
ucdp:11475-3,event,Government of Myanmar (Burma) vs NSCN-K,,UCDP armed conflict episode 3 of conflict 11475 in Myanmar (Burma); internationalized internal; 2 active year(s); outcome: low activity,ongoing,2000,2001,high,Source: UCDP Conflict Termination Dataset v4-2024 (Kreutz; JPR 47(2) 2010; Uppsala Conflict Data Program; attribution required); retrieved 2026-10-04 from ucdp.uu.se. Region: Asia. Battle-deaths estimate 105 (UCDP BRD v26.1 bd_best summed over episode years; BRD v26.1 covers 1989 onward and is one version newer than the CT base). Outcome: low activity.
ucdp:347-2,event,Government of India vs PLA,UNLF,UCDP armed conflict episode 2 of conflict 347 in India; internationalized internal; 4 active year(s); outcome: ceasefire,ongoing,1993,1996,high,Source: UCDP Conflict Termination Dataset v4-2024 (Kreutz; JPR 47(2) 2010; Uppsala Conflict Data Program; attribution required); retrieved 2026-10-04 from ucdp.uu.se. Region: Asia. Battle-deaths estimate 103 (UCDP BRD v26.1 bd_best summed over episode years; BRD v26.1 covers 1989 onward and is one version newer than the CT base). Outcome: ceasefire.
ucdp:16292-1,event,Government of Tajikistan vs IS,,UCDP armed conflict episode 1 of conflict 16292 in Tajikistan; internationalized internal; 2 active year(s); outcome: low activity,ongoing,2018,2019,high,Source: UCDP Conflict Termination Dataset v4-2024 (Kreutz; JPR 47(2) 2010; Uppsala Conflict Data Program; attribution required); retrieved 2026-10-04 from ucdp.uu.se. Region: Asia. Battle-deaths estimate 101 (UCDP BRD v26.1 bd_best summed over episode years; BRD v26.1 covers 1989 onward and is one version newer than the CT base). Outcome: low activity.
ucdp:11447-1,event,Government of Ethiopia vs IGLF,,UCDP armed conflict episode 1 of conflict 11447 in Ethiopia; internationalized internal; 1 active year(s); outcome: low activity,ongoing,1991,1991,high,Source: UCDP Conflict Termination Dataset v4-2024 (Kreutz; JPR 47(2) 2010; Uppsala Conflict Data Program; attribution required); retrieved 2026-10-04 from ucdp.uu.se. Region: Africa. Battle-deaths estimate 100 (UCDP BRD v26.1 bd_best summed over episode years; BRD v26.1 covers 1989 onward and is one version newer than the CT base). Outcome: low activity.
ucdp:403-1,event,Government of Ecuador vs Government of Peru,,UCDP armed conflict episode 1 of conflict 403 in Ecuador; Peru; internal (internationalized); 1 active year(s); outcome: peace agreement,ongoing,1995,1995,high,Source: UCDP Conflict Termination Dataset v4-2024 (Kreutz; JPR 47(2) 2010; Uppsala Conflict Data Program; attribution required); retrieved 2026-10-04 from ucdp.uu.se. Region: Americas. Battle-deaths estimate 99 (UCDP BRD v26.1 bd_best summed over episode years; BRD v26.1 covers 1989 onward and is one version newer than the CT base). Outcome: peace agreement.
ucdp:419-1,event,Government of Ivory Coast vs FDSI-CI; FRCI,MJP|MPIGO|MPCI,UCDP armed conflict episode 1 of conflict 419 in Ivory Coast; internationalized internal; 1 active year(s); outcome: ongoing (no termination coded),ongoing,2011,,high,Source: UCDP Conflict Termination Dataset v4-2024 (Kreutz; JPR 47(2) 2010; Uppsala Conflict Data Program; attribution required); retrieved 2026-10-04 from ucdp.uu.se. Region: Africa. Battle-deaths estimate 98 (UCDP BRD v26.1 bd_best summed over episode years; BRD v26.1 covers 1989 onward and is one version newer than the CT base). Outcome: ongoing (no termination coded). end_year empty = episode ongoing per UCDP coding (activity never fell below the 25 battle-deaths/year threshold); not necessarily politically unresolved.
ucdp:399-2,event,Government of Russia (Soviet Union) vs LSR,RDK|Wagner,UCDP armed conflict episode 2 of conflict 399 in Russia (Soviet Union); internationalized internal; 2 active year(s); outcome: ongoing (no termination coded),ongoing,2023,,high,Source: UCDP Conflict Termination Dataset v4-2024 (Kreutz; JPR 47(2) 2010; Uppsala Conflict Data Program; attribution required); retrieved 2026-10-04 from ucdp.uu.se. Region: Europe. Battle-deaths estimate 97 (UCDP BRD v26.1 bd_best summed over episode years; BRD v26.1 covers 1989 onward and is one version newer than the CT base). Outcome: ongoing (no termination coded). end_year empty = episode ongoing per UCDP coding (activity never fell below the 25 battle-deaths/year threshold); not necessarily politically unresolved.
ucdp:421-1,event,Government of India vs ABSU,,UCDP armed conflict episode 1 of conflict 421 in India; internationalized internal; 2 active year(s); outcome: low activity,ongoing,1989,1990,high,Source: UCDP Conflict Termination Dataset v4-2024 (Kreutz; JPR 47(2) 2010; Uppsala Conflict Data Program; attribution required); retrieved 2026-10-04 from ucdp.uu.se. Region: Asia. Battle-deaths estimate 97 (UCDP BRD v26.1 bd_best summed over episode years; BRD v26.1 covers 1989 onward and is one version newer than the CT base). Outcome: low activity.
ucdp:14692-1,event,Government of DR Congo (Zaire) vs IS,,UCDP armed conflict episode 1 of conflict 14692 in DR Congo (Zaire); internationalized internal; 8 active year(s); outcome: ongoing (no termination coded),ongoing,2017,,high,Source: UCDP Conflict Termination Dataset v4-2024 (Kreutz; JPR 47(2) 2010; Uppsala Conflict Data Program; attribution required); retrieved 2026-10-04 from ucdp.uu.se. Region: Africa. Battle-deaths estimate 96 (UCDP BRD v26.1 bd_best summed over episode years; BRD v26.1 covers 1989 onward and is one version newer than the CT base). Outcome: ongoing (no termination coded). end_year empty = episode ongoing per UCDP coding (activity never fell below the 25 battle-deaths/year threshold); not necessarily politically unresolved.
ucdp:322-1,event,Government of Bangladesh vs PCJSS,,UCDP armed conflict episode 1 of conflict 322 in Bangladesh; internationalized internal; 17 active year(s); outcome: ceasefire,ongoing,1975,1991,high,Source: UCDP Conflict Termination Dataset v4-2024 (Kreutz; JPR 47(2) 2010; Uppsala Conflict Data Program; attribution required); retrieved 2026-10-04 from ucdp.uu.se. Region: Asia. Battle-deaths estimate 96 (UCDP BRD v26.1 bd_best summed over episode years; BRD v26.1 covers 1989 onward and is one version newer than the CT base). Outcome: ceasefire.
ucdp:209-3,event,Government of Philippines vs CPP,,UCDP armed conflict episode 3 of conflict 209 in Philippines; internationalized internal; 26 active year(s); outcome: ongoing (no termination coded),ongoing,1999,,high,Source: UCDP Conflict Termination Dataset v4-2024 (Kreutz; JPR 47(2) 2010; Uppsala Conflict Data Program; attribution required); retrieved 2026-10-04 from ucdp.uu.se. Region: Asia. Battle-deaths estimate 93 (UCDP BRD v26.1 bd_best summed over episode years; BRD v26.1 covers 1989 onward and is one version newer than the CT base). Outcome: ongoing (no termination coded). end_year empty = episode ongoing per UCDP coding (activity never fell below the 25 battle-deaths/year threshold); not necessarily politically unresolved.
ucdp:13674-1,event,Government of Bangladesh vs IS,,UCDP armed conflict episode 1 of conflict 13674 in Bangladesh; internationalized internal; 2 active year(s); outcome: low activity,ongoing,2016,2017,high,Source: UCDP Conflict Termination Dataset v4-2024 (Kreutz; JPR 47(2) 2010; Uppsala Conflict Data Program; attribution required); retrieved 2026-10-04 from ucdp.uu.se. Region: Asia. Battle-deaths estimate 88 (UCDP BRD v26.1 bd_best summed over episode years; BRD v26.1 covers 1989 onward and is one version newer than the CT base). Outcome: low activity.
ucdp:13219-1,event,Government of Ukraine vs Maidan,,UCDP armed conflict episode 1 of conflict 13219 in Ukraine; internationalized internal; 1 active year(s); outcome: victory for side B (non-state side),ongoing,2014,2014,high,Source: UCDP Conflict Termination Dataset v4-2024 (Kreutz; JPR 47(2) 2010; Uppsala Conflict Data Program; attribution required); retrieved 2026-10-04 from ucdp.uu.se. Region: Europe. Battle-deaths estimate 88 (UCDP BRD v26.1 bd_best summed over episode years; BRD v26.1 covers 1989 onward and is one version newer than the CT base). Outcome: victory for side B (non-state side).
ucdp:11347-2,event,Government of Mali vs JNIM,AQIM|Ansar Dine|MUJAO|Signed-in-Blood Battalion|Military faction (Red Berets)|al-Murabitun,UCDP armed conflict episode 2 of conflict 11347 in Mali; internationalized internal; 13 active year(s); outcome: ongoing (no termination coded),ongoing,2012,,high,Source: UCDP Conflict Termination Dataset v4-2024 (Kreutz; JPR 47(2) 2010; Uppsala Conflict Data Program; attribution required); retrieved 2026-10-04 from ucdp.uu.se. Region: Africa. Battle-deaths estimate 87 (UCDP BRD v26.1 bd_best summed over episode years; BRD v26.1 covers 1989 onward and is one version newer than the CT base). Outcome: ongoing (no termination coded). end_year empty = episode ongoing per UCDP coding (activity never fell below the 25 battle-deaths/year threshold); not necessarily politically unresolved.
ucdp:11347-1,event,Government of Mali vs AQIM,,UCDP armed conflict episode 1 of conflict 11347 in Mali; internationalized internal; 1 active year(s); outcome: low activity,ongoing,2009,2009,high,Source: UCDP Conflict Termination Dataset v4-2024 (Kreutz; JPR 47(2) 2010; Uppsala Conflict Data Program; attribution required); retrieved 2026-10-04 from ucdp.uu.se. Region: Africa. Battle-deaths estimate 87 (UCDP BRD v26.1 bd_best summed over episode years; BRD v26.1 covers 1989 onward and is one version newer than the CT base). Outcome: low activity.
ucdp:329-3,event,Government of Ethiopia vs ONLF,AIAI,UCDP armed conflict episode 3 of conflict 329 in Ethiopia; internationalized internal; 2 active year(s); outcome: low activity,ongoing,1993,1994,high,Source: UCDP Conflict Termination Dataset v4-2024 (Kreutz; JPR 47(2) 2010; Uppsala Conflict Data Program; attribution required); retrieved 2026-10-04 from ucdp.uu.se. Region: Africa. Battle-deaths estimate 86 (UCDP BRD v26.1 bd_best summed over episode years; BRD v26.1 covers 1989 onward and is one version newer than the CT base). Outcome: low activity.
ucdp:429-2,event,Government of DR Congo (Zaire) vs BDK,,UCDP armed conflict episode 2 of conflict 429 in DR Congo (Zaire); internationalized internal; 1 active year(s); outcome: low activity,ongoing,2017,2017,high,Source: UCDP Conflict Termination Dataset v4-2024 (Kreutz; JPR 47(2) 2010; Uppsala Conflict Data Program; attribution required); retrieved 2026-10-04 from ucdp.uu.se. Region: Africa. Battle-deaths estimate 86 (UCDP BRD v26.1 bd_best summed over episode years; BRD v26.1 covers 1989 onward and is one version newer than the CT base). Outcome: low activity.
ucdp:414-1,event,Government of Russia (Soviet Union) vs Wahhabi movement of the Buinaksk district,,UCDP armed conflict episode 1 of conflict 414 in Russia (Soviet Union); internationalized internal; 1 active year(s); outcome: victory for side A (government),ongoing,1999,1999,high,Source: UCDP Conflict Termination Dataset v4-2024 (Kreutz; JPR 47(2) 2010; Uppsala Conflict Data Program; attribution required); retrieved 2026-10-04 from ucdp.uu.se. Region: Europe. Battle-deaths estimate 85 (UCDP BRD v26.1 bd_best summed over episode years; BRD v26.1 covers 1989 onward and is one version newer than the CT base). Outcome: victory for side A (government).
ucdp:424-1,event,Government of Nigeria vs Ahlul Sunnah Jamaa,,UCDP armed conflict episode 1 of conflict 424 in Nigeria; internationalized internal; 1 active year(s); outcome: victory for side A (government),ongoing,2004,2004,high,Source: UCDP Conflict Termination Dataset v4-2024 (Kreutz; JPR 47(2) 2010; Uppsala Conflict Data Program; attribution required); retrieved 2026-10-04 from ucdp.uu.se. Region: Africa. Battle-deaths estimate 84 (UCDP BRD v26.1 bd_best summed over episode years; BRD v26.1 covers 1989 onward and is one version newer than the CT base). Outcome: victory for side A (government).
ucdp:264-6,event,Government of Myanmar (Burma) vs RCSS; SSPP,,UCDP armed conflict episode 6 of conflict 264 in Myanmar (Burma); internationalized internal; 1 active year(s); outcome: ongoing (no termination coded),ongoing,2013,,high,Source: UCDP Conflict Termination Dataset v4-2024 (Kreutz; JPR 47(2) 2010; Uppsala Conflict Data Program; attribution required); retrieved 2026-10-04 from ucdp.uu.se. Region: Asia. Battle-deaths estimate 83 (UCDP BRD v26.1 bd_best summed over episode years; BRD v26.1 covers 1989 onward and is one version newer than the CT base). Outcome: ongoing (no termination coded). end_year empty = episode ongoing per UCDP coding (activity never fell below the 25 battle-deaths/year threshold); not necessarily politically unresolved.
ucdp:283-6,event,Government of DR Congo (Zaire) vs APCLS; CNPSC,Forces of Paul Joseph Mukungubila|M23|UPCP,UCDP armed conflict episode 6 of conflict 283 in DR Congo (Zaire); internationalized internal; 4 active year(s); outcome: ongoing (no termination coded),ongoing,2011,,high,Source: UCDP Conflict Termination Dataset v4-2024 (Kreutz; JPR 47(2) 2010; Uppsala Conflict Data Program; attribution required); retrieved 2026-10-04 from ucdp.uu.se. Region: Africa. Battle-deaths estimate 82 (UCDP BRD v26.1 bd_best summed over episode years; BRD v26.1 covers 1989 onward and is one version newer than the CT base). Outcome: ongoing (no termination coded). end_year empty = episode ongoing per UCDP coding (activity never fell below the 25 battle-deaths/year threshold); not necessarily politically unresolved.
ucdp:398-1,event,Government of Bosnia-Herzegovina vs Croatian irregulars; Croatian Republic of Bosnia-Herzegovina,,UCDP armed conflict episode 1 of conflict 398 in Bosnia-Herzegovina; internationalized internal; 3 active year(s); outcome: ongoing (no termination coded),ongoing,1992,,high,Source: UCDP Conflict Termination Dataset v4-2024 (Kreutz; JPR 47(2) 2010; Uppsala Conflict Data Program; attribution required); retrieved 2026-10-04 from ucdp.uu.se. Region: Europe. Battle-deaths estimate 80 (UCDP BRD v26.1 bd_best summed over episode years; BRD v26.1 covers 1989 onward and is one version newer than the CT base). Outcome: ongoing (no termination coded). end_year empty = episode ongoing per UCDP coding (activity never fell below the 25 battle-deaths/year threshold); not necessarily politically unresolved.
ucdp:224-3,event,Government of Myanmar (Burma) vs BMA,,UCDP armed conflict episode 3 of conflict 224 in Myanmar (Burma); internationalized internal; 1 active year(s); outcome: victory for side A (government),ongoing,1996,1996,high,Source: UCDP Conflict Termination Dataset v4-2024 (Kreutz; JPR 47(2) 2010; Uppsala Conflict Data Program; attribution required); retrieved 2026-10-04 from ucdp.uu.se. Region: Asia. Battle-deaths estimate 80 (UCDP BRD v26.1 bd_best summed over episode years; BRD v26.1 covers 1989 onward and is one version newer than the CT base). Outcome: victory for side A (government).
ucdp:439-1,event,Government of Myanmar (Burma) vs MNDAA,,UCDP armed conflict episode 1 of conflict 439 in Myanmar (Burma); internationalized internal; 1 active year(s); outcome: victory for side A (government),ongoing,2009,2009,high,Source: UCDP Conflict Termination Dataset v4-2024 (Kreutz; JPR 47(2) 2010; Uppsala Conflict Data Program; attribution required); retrieved 2026-10-04 from ucdp.uu.se. Region: Asia. Battle-deaths estimate 80 (UCDP BRD v26.1 bd_best summed over episode years; BRD v26.1 covers 1989 onward and is one version newer than the CT base). Outcome: victory for side A (government).
ucdp:360-2,event,Government of Burkina Faso vs JNIM,,UCDP armed conflict episode 2 of conflict 360 in Burkina Faso; internationalized internal; 7 active year(s); outcome: ongoing (no termination coded),ongoing,2018,,high,Source: UCDP Conflict Termination Dataset v4-2024 (Kreutz; JPR 47(2) 2010; Uppsala Conflict Data Program; attribution required); retrieved 2026-10-04 from ucdp.uu.se. Region: Africa. Battle-deaths estimate 79 (UCDP BRD v26.1 bd_best summed over episode years; BRD v26.1 covers 1989 onward and is one version newer than the CT base). Outcome: ongoing (no termination coded). end_year empty = episode ongoing per UCDP coding (activity never fell below the 25 battle-deaths/year threshold); not necessarily politically unresolved.
ucdp:13840-1,event,Government of Burkina Faso vs IS,,UCDP armed conflict episode 1 of conflict 13840 in Burkina Faso; internationalized internal; 6 active year(s); outcome: ongoing (no termination coded),ongoing,2019,,high,Source: UCDP Conflict Termination Dataset v4-2024 (Kreutz; JPR 47(2) 2010; Uppsala Conflict Data Program; attribution required); retrieved 2026-10-04 from ucdp.uu.se. Region: Africa. Battle-deaths estimate 78 (UCDP BRD v26.1 bd_best summed over episode years; BRD v26.1 covers 1989 onward and is one version newer than the CT base). Outcome: ongoing (no termination coded). end_year empty = episode ongoing per UCDP coding (activity never fell below the 25 battle-deaths/year threshold); not necessarily politically unresolved.
ucdp:221-6,event,Government of Myanmar (Burma) vs KNU,,UCDP armed conflict episode 6 of conflict 221 in Myanmar (Burma); internationalized internal; 4 active year(s); outcome: ongoing (no termination coded),ongoing,2021,,high,Source: UCDP Conflict Termination Dataset v4-2024 (Kreutz; JPR 47(2) 2010; Uppsala Conflict Data Program; attribution required); retrieved 2026-10-04 from ucdp.uu.se. Region: Asia. Battle-deaths estimate 78 (UCDP BRD v26.1 bd_best summed over episode years; BRD v26.1 covers 1989 onward and is one version newer than the CT base). Outcome: ongoing (no termination coded). end_year empty = episode ongoing per UCDP coding (activity never fell below the 25 battle-deaths/year threshold); not necessarily politically unresolved.
ucdp:411-1,event,Government of Lesotho vs Military faction (Lesotho),,UCDP armed conflict episode 1 of conflict 411 in Lesotho; internationalized internal; 1 active year(s); outcome: victory for side A (government),ongoing,1998,1998,high,Source: UCDP Conflict Termination Dataset v4-2024 (Kreutz; JPR 47(2) 2010; Uppsala Conflict Data Program; attribution required); retrieved 2026-10-04 from ucdp.uu.se. Region: Africa. Battle-deaths estimate 78 (UCDP BRD v26.1 bd_best summed over episode years; BRD v26.1 covers 1989 onward and is one version newer than the CT base). Outcome: victory for side A (government).
ucdp:234-2,event,Government of Israel vs Hamas; PIJ,AMB|Fatah|PNA|PFLP|PRC,UCDP armed conflict episode 2 of conflict 234 in Israel; internationalized internal; 13 active year(s); outcome: ongoing (no termination coded),ongoing,2000,,high,Source: UCDP Conflict Termination Dataset v4-2024 (Kreutz; JPR 47(2) 2010; Uppsala Conflict Data Program; attribution required); retrieved 2026-10-04 from ucdp.uu.se. Region: Middle East. Battle-deaths estimate 77 (UCDP BRD v26.1 bd_best summed over episode years; BRD v26.1 covers 1989 onward and is one version newer than the CT base). Outcome: ongoing (no termination coded). end_year empty = episode ongoing per UCDP coding (activity never fell below the 25 battle-deaths/year threshold); not necessarily politically unresolved.
ucdp:221-3,event,Government of Myanmar (Burma) vs KNU,,UCDP armed conflict episode 3 of conflict 221 in Myanmar (Burma); internationalized internal; 2 active year(s); outcome: low activity,ongoing,1997,1998,high,Source: UCDP Conflict Termination Dataset v4-2024 (Kreutz; JPR 47(2) 2010; Uppsala Conflict Data Program; attribution required); retrieved 2026-10-04 from ucdp.uu.se. Region: Asia. Battle-deaths estimate 77 (UCDP BRD v26.1 bd_best summed over episode years; BRD v26.1 covers 1989 onward and is one version newer than the CT base). Outcome: low activity.
ucdp:264-7,event,Government of Myanmar (Burma) vs SSPP,,UCDP armed conflict episode 7 of conflict 264 in Myanmar (Burma); internationalized internal; 1 active year(s); outcome: low activity,ongoing,2015,2015,high,Source: UCDP Conflict Termination Dataset v4-2024 (Kreutz; JPR 47(2) 2010; Uppsala Conflict Data Program; attribution required); retrieved 2026-10-04 from ucdp.uu.se. Region: Asia. Battle-deaths estimate 77 (UCDP BRD v26.1 bd_best summed over episode years; BRD v26.1 covers 1989 onward and is one version newer than the CT base). Outcome: low activity.
ucdp:367-1,event,Government of Panama vs Military faction (forces of MoisÃ©s Giroldi),,UCDP armed conflict episode 1 of conflict 367 in Panama; internationalized internal; 1 active year(s); outcome: victory for side A (government),ongoing,1989,1989,high,Source: UCDP Conflict Termination Dataset v4-2024 (Kreutz; JPR 47(2) 2010; Uppsala Conflict Data Program; attribution required); retrieved 2026-10-04 from ucdp.uu.se. Region: Americas. Battle-deaths estimate 77 (UCDP BRD v26.1 bd_best summed over episode years; BRD v26.1 covers 1989 onward and is one version newer than the CT base). Outcome: victory for side A (government).
ucdp:430-4,event,Government of Niger vs JNIM,,UCDP armed conflict episode 4 of conflict 430 in Niger; internationalized internal; 4 active year(s); outcome: ongoing (no termination coded),ongoing,2021,,high,Source: UCDP Conflict Termination Dataset v4-2024 (Kreutz; JPR 47(2) 2010; Uppsala Conflict Data Program; attribution required); retrieved 2026-10-04 from ucdp.uu.se. Region: Africa. Battle-deaths estimate 76 (UCDP BRD v26.1 bd_best summed over episode years; BRD v26.1 covers 1989 onward and is one version newer than the CT base). Outcome: ongoing (no termination coded). end_year empty = episode ongoing per UCDP coding (activity never fell below the 25 battle-deaths/year threshold); not necessarily politically unresolved.
ucdp:338-4,event,Government of Iran vs MEK,,UCDP armed conflict episode 4 of conflict 338 in Iran; internationalized internal; 1 active year(s); outcome: low activity,ongoing,1993,1993,high,Source: UCDP Conflict Termination Dataset v4-2024 (Kreutz; JPR 47(2) 2010; Uppsala Conflict Data Program; attribution required); retrieved 2026-10-04 from ucdp.uu.se. Region: Middle East. Battle-deaths estimate 76 (UCDP BRD v26.1 bd_best summed over episode years; BRD v26.1 covers 1989 onward and is one version newer than the CT base). Outcome: low activity.
ucdp:222-2,event,Government of Myanmar (Burma) vs ABSDF,,UCDP armed conflict episode 2 of conflict 222 in Myanmar (Burma); internationalized internal; 3 active year(s); outcome: low activity,ongoing,1990,1992,high,Source: UCDP Conflict Termination Dataset v4-2024 (Kreutz; JPR 47(2) 2010; Uppsala Conflict Data Program; attribution required); retrieved 2026-10-04 from ucdp.uu.se. Region: Asia. Battle-deaths estimate 75 (UCDP BRD v26.1 bd_best summed over episode years; BRD v26.1 covers 1989 onward and is one version newer than the CT base). Outcome: low activity.
ucdp:408-4,event,Government of Congo vs Ntsiloulous,,UCDP armed conflict episode 4 of conflict 408 in Congo; internationalized internal; 1 active year(s); outcome: ceasefire,ongoing,2016,2016,high,Source: UCDP Conflict Termination Dataset v4-2024 (Kreutz; JPR 47(2) 2010; Uppsala Conflict Data Program; attribution required); retrieved 2026-10-04 from ucdp.uu.se. Region: Africa. Battle-deaths estimate 73 (UCDP BRD v26.1 bd_best summed over episode years; BRD v26.1 covers 1989 onward and is one version newer than the CT base). Outcome: ceasefire.
ucdp:335-3,event,Government of India vs ATTF; NLFT,,UCDP armed conflict episode 3 of conflict 335 in India; internationalized internal; 1 active year(s); outcome: ongoing (no termination coded),ongoing,1997,,high,Source: UCDP Conflict Termination Dataset v4-2024 (Kreutz; JPR 47(2) 2010; Uppsala Conflict Data Program; attribution required); retrieved 2026-10-04 from ucdp.uu.se. Region: Asia. Battle-deaths estimate 72 (UCDP BRD v26.1 bd_best summed over episode years; BRD v26.1 covers 1989 onward and is one version newer than the CT base). Outcome: ongoing (no termination coded). end_year empty = episode ongoing per UCDP coding (activity never fell below the 25 battle-deaths/year threshold); not necessarily politically unresolved.
ucdp:332-2,event,Government of Mozambique vs Renamo,,UCDP armed conflict episode 2 of conflict 332 in Mozambique; internationalized internal; 2 active year(s); outcome: peace agreement,ongoing,2013,2014,high,Source: UCDP Conflict Termination Dataset v4-2024 (Kreutz; JPR 47(2) 2010; Uppsala Conflict Data Program; attribution required); retrieved 2026-10-04 from ucdp.uu.se. Region: Africa. Battle-deaths estimate 72 (UCDP BRD v26.1 bd_best summed over episode years; BRD v26.1 covers 1989 onward and is one version newer than the CT base). Outcome: peace agreement.
ucdp:417-1,event,Government of North Macedonia vs UCK,,UCDP armed conflict episode 1 of conflict 417 in North Macedonia; internationalized internal; 1 active year(s); outcome: peace agreement,ongoing,2001,2001,high,Source: UCDP Conflict Termination Dataset v4-2024 (Kreutz; JPR 47(2) 2010; Uppsala Conflict Data Program; attribution required); retrieved 2026-10-04 from ucdp.uu.se. Region: Europe. Battle-deaths estimate 72 (UCDP BRD v26.1 bd_best summed over episode years; BRD v26.1 covers 1989 onward and is one version newer than the CT base). Outcome: peace agreement.
ucdp:14333-1,event,Government of Tunisia vs IS,,UCDP armed conflict episode 1 of conflict 14333 in Tunisia; internationalized internal; 1 active year(s); outcome: low activity,ongoing,2016,2016,high,Source: UCDP Conflict Termination Dataset v4-2024 (Kreutz; JPR 47(2) 2010; Uppsala Conflict Data Program; attribution required); retrieved 2026-10-04 from ucdp.uu.se. Region: Africa. Battle-deaths estimate 71 (UCDP BRD v26.1 bd_best summed over episode years; BRD v26.1 covers 1989 onward and is one version newer than the CT base). Outcome: low activity.
ucdp:439-4,event,Government of Myanmar (Burma) vs MNDAA,,UCDP armed conflict episode 4 of conflict 439 in Myanmar (Burma); internationalized internal; 1 active year(s); outcome: low activity,ongoing,2021,2021,high,Source: UCDP Conflict Termination Dataset v4-2024 (Kreutz; JPR 47(2) 2010; Uppsala Conflict Data Program; attribution required); retrieved 2026-10-04 from ucdp.uu.se. Region: Asia. Battle-deaths estimate 71 (UCDP BRD v26.1 bd_best summed over episode years; BRD v26.1 covers 1989 onward and is one version newer than the CT base). Outcome: low activity.
ucdp:11487-1,event,Government of Malaysia vs Sultanate of Sulu,,UCDP armed conflict episode 1 of conflict 11487 in Malaysia; internationalized internal; 1 active year(s); outcome: victory for side A (government),ongoing,2013,2013,high,Source: UCDP Conflict Termination Dataset v4-2024 (Kreutz; JPR 47(2) 2010; Uppsala Conflict Data Program; attribution required); retrieved 2026-10-04 from ucdp.uu.se. Region: Asia. Battle-deaths estimate 70 (UCDP BRD v26.1 bd_best summed over episode years; BRD v26.1 covers 1989 onward and is one version newer than the CT base). Outcome: victory for side A (government).
ucdp:13675-2,event,Government of Lebanon vs IS,,UCDP armed conflict episode 2 of conflict 13675 in Lebanon; internationalized internal; 1 active year(s); outcome: low activity,ongoing,2017,2017,high,Source: UCDP Conflict Termination Dataset v4-2024 (Kreutz; JPR 47(2) 2010; Uppsala Conflict Data Program; attribution required); retrieved 2026-10-04 from ucdp.uu.se. Region: Middle East. Battle-deaths estimate 70 (UCDP BRD v26.1 bd_best summed over episode years; BRD v26.1 covers 1989 onward and is one version newer than the CT base). Outcome: low activity.
ucdp:404-1,event,Government of Pakistan vs MQM,,UCDP armed conflict episode 1 of conflict 404 in Pakistan; internationalized internal; 1 active year(s); outcome: low activity,ongoing,1990,1990,high,Source: UCDP Conflict Termination Dataset v4-2024 (Kreutz; JPR 47(2) 2010; Uppsala Conflict Data Program; attribution required); retrieved 2026-10-04 from ucdp.uu.se. Region: Asia. Battle-deaths estimate 70 (UCDP BRD v26.1 bd_best summed over episode years; BRD v26.1 covers 1989 onward and is one version newer than the CT base). Outcome: low activity.
ucdp:430-1,event,Government of Niger vs FLAA,,UCDP armed conflict episode 1 of conflict 430 in Niger; internationalized internal; 2 active year(s); outcome: peace agreement,ongoing,1991,1992,high,Source: UCDP Conflict Termination Dataset v4-2024 (Kreutz; JPR 47(2) 2010; Uppsala Conflict Data Program; attribution required); retrieved 2026-10-04 from ucdp.uu.se. Region: Africa. Battle-deaths estimate 69 (UCDP BRD v26.1 bd_best summed over episode years; BRD v26.1 covers 1989 onward and is one version newer than the CT base). Outcome: peace agreement.
ucdp:421-6,event,Government of India vs NDFB-S,,UCDP armed conflict episode 6 of conflict 421 in India; internationalized internal; 2 active year(s); outcome: low activity,ongoing,2013,2014,high,Source: UCDP Conflict Termination Dataset v4-2024 (Kreutz; JPR 47(2) 2010; Uppsala Conflict Data Program; attribution required); retrieved 2026-10-04 from ucdp.uu.se. Region: Asia. Battle-deaths estimate 67 (UCDP BRD v26.1 bd_best summed over episode years; BRD v26.1 covers 1989 onward and is one version newer than the CT base). Outcome: low activity.
ucdp:425-1,event,Government of Nigeria vs NDPVF,,UCDP armed conflict episode 1 of conflict 425 in Nigeria; internationalized internal; 1 active year(s); outcome: ceasefire,ongoing,2004,2004,high,Source: UCDP Conflict Termination Dataset v4-2024 (Kreutz; JPR 47(2) 2010; Uppsala Conflict Data Program; attribution required); retrieved 2026-10-04 from ucdp.uu.se. Region: Africa. Battle-deaths estimate 67 (UCDP BRD v26.1 bd_best summed over episode years; BRD v26.1 covers 1989 onward and is one version newer than the CT base). Outcome: ceasefire.
ucdp:384-1,event,Government of Serbia (Yugoslavia) vs Republic of Slovenia,,UCDP armed conflict episode 1 of conflict 384 in Serbia (Yugoslavia); internationalized internal; 1 active year(s); outcome: ceasefire,ongoing,1991,1991,high,Source: UCDP Conflict Termination Dataset v4-2024 (Kreutz; JPR 47(2) 2010; Uppsala Conflict Data Program; attribution required); retrieved 2026-10-04 from ucdp.uu.se. Region: Europe. Battle-deaths estimate 64 (UCDP BRD v26.1 bd_best summed over episode years; BRD v26.1 covers 1989 onward and is one version newer than the CT base). Outcome: ceasefire.
ucdp:429-3,event,Government of DR Congo (Zaire) vs BDK,,UCDP armed conflict episode 3 of conflict 429 in DR Congo (Zaire); internationalized internal; 1 active year(s); outcome: victory for side A (government),ongoing,2020,2020,high,Source: UCDP Conflict Termination Dataset v4-2024 (Kreutz; JPR 47(2) 2010; Uppsala Conflict Data Program; attribution required); retrieved 2026-10-04 from ucdp.uu.se. Region: Africa. Battle-deaths estimate 64 (UCDP BRD v26.1 bd_best summed over episode years; BRD v26.1 covers 1989 onward and is one version newer than the CT base). Outcome: victory for side A (government).
ucdp:388-2,event,Government of Azerbaijan vs Republic of Artsakh,,UCDP armed conflict episode 2 of conflict 388 in Azerbaijan; internationalized internal; 2 active year(s); outcome: low activity,ongoing,1997,1998,high,Source: UCDP Conflict Termination Dataset v4-2024 (Kreutz; JPR 47(2) 2010; Uppsala Conflict Data Program; attribution required); retrieved 2026-10-04 from ucdp.uu.se. Region: Europe. Battle-deaths estimate 63 (UCDP BRD v26.1 bd_best summed over episode years; BRD v26.1 covers 1989 onward and is one version newer than the CT base). Outcome: low activity.
ucdp:253-6,event,Government of Myanmar (Burma) vs KNPP,,UCDP armed conflict episode 6 of conflict 253 in Myanmar (Burma); internationalized internal; 4 active year(s); outcome: ongoing (no termination coded),ongoing,2021,,high,Source: UCDP Conflict Termination Dataset v4-2024 (Kreutz; JPR 47(2) 2010; Uppsala Conflict Data Program; attribution required); retrieved 2026-10-04 from ucdp.uu.se. Region: Asia. Battle-deaths estimate 62 (UCDP BRD v26.1 bd_best summed over episode years; BRD v26.1 covers 1989 onward and is one version newer than the CT base). Outcome: ongoing (no termination coded). end_year empty = episode ongoing per UCDP coding (activity never fell below the 25 battle-deaths/year threshold); not necessarily politically unresolved.
ucdp:13638-3,event,Government of Cameroon vs IS,,UCDP armed conflict episode 3 of conflict 13638 in Cameroon; internationalized internal; 1 active year(s); outcome: low activity,ongoing,2021,2021,high,Source: UCDP Conflict Termination Dataset v4-2024 (Kreutz; JPR 47(2) 2010; Uppsala Conflict Data Program; attribution required); retrieved 2026-10-04 from ucdp.uu.se. Region: Africa. Battle-deaths estimate 62 (UCDP BRD v26.1 bd_best summed over episode years; BRD v26.1 covers 1989 onward and is one version newer than the CT base). Outcome: low activity.
ucdp:430-2,event,Government of Niger vs UFRA,,UCDP armed conflict episode 2 of conflict 430 in Niger; internationalized internal; 1 active year(s); outcome: ceasefire,ongoing,1997,1997,high,Source: UCDP Conflict Termination Dataset v4-2024 (Kreutz; JPR 47(2) 2010; Uppsala Conflict Data Program; attribution required); retrieved 2026-10-04 from ucdp.uu.se. Region: Africa. Battle-deaths estimate 62 (UCDP BRD v26.1 bd_best summed over episode years; BRD v26.1 covers 1989 onward and is one version newer than the CT base). Outcome: ceasefire.
ucdp:11639-1,event,Government of Afghanistan vs Government of Pakistan,,UCDP armed conflict episode 1 of conflict 11639 in Afghanistan; Pakistan; internal (internationalized); 1 active year(s); outcome: ongoing (no termination coded),ongoing,2024,,high,Source: UCDP Conflict Termination Dataset v4-2024 (Kreutz; JPR 47(2) 2010; Uppsala Conflict Data Program; attribution required); retrieved 2026-10-04 from ucdp.uu.se. Region: Asia. Battle-deaths estimate 61 (UCDP BRD v26.1 bd_best summed over episode years; BRD v26.1 covers 1989 onward and is one version newer than the CT base). Outcome: ongoing (no termination coded). end_year empty = episode ongoing per UCDP coding (activity never fell below the 25 battle-deaths/year threshold); not necessarily politically unresolved.
ucdp:287-6,event,Government of Burundi vs RED-TABARA,FNL-Ubugabo-Burihabwa,UCDP armed conflict episode 6 of conflict 287 in Burundi; internationalized internal; 6 active year(s); outcome: ongoing (no termination coded),ongoing,2019,,high,Source: UCDP Conflict Termination Dataset v4-2024 (Kreutz; JPR 47(2) 2010; Uppsala Conflict Data Program; attribution required); retrieved 2026-10-04 from ucdp.uu.se. Region: Africa. Battle-deaths estimate 61 (UCDP BRD v26.1 bd_best summed over episode years; BRD v26.1 covers 1989 onward and is one version newer than the CT base). Outcome: ongoing (no termination coded). end_year empty = episode ongoing per UCDP coding (activity never fell below the 25 battle-deaths/year threshold); not necessarily politically unresolved.
ucdp:288-9,event,Government of Chad vs CCMSR,,UCDP armed conflict episode 9 of conflict 288 in Chad; internationalized internal; 1 active year(s); outcome: low activity,ongoing,2023,2023,high,Source: UCDP Conflict Termination Dataset v4-2024 (Kreutz; JPR 47(2) 2010; Uppsala Conflict Data Program; attribution required); retrieved 2026-10-04 from ucdp.uu.se. Region: Africa. Battle-deaths estimate 61 (UCDP BRD v26.1 bd_best summed over episode years; BRD v26.1 covers 1989 onward and is one version newer than the CT base). Outcome: low activity.
ucdp:396-1,event,Government of Azerbaijan vs Military faction (forces of Suret Husseinov),,UCDP armed conflict episode 1 of conflict 396 in Azerbaijan; internationalized internal; 1 active year(s); outcome: victory for side B (non-state side),ongoing,1993,1993,high,Source: UCDP Conflict Termination Dataset v4-2024 (Kreutz; JPR 47(2) 2010; Uppsala Conflict Data Program; attribution required); retrieved 2026-10-04 from ucdp.uu.se. Region: Europe. Battle-deaths estimate 60 (UCDP BRD v26.1 bd_best summed over episode years; BRD v26.1 covers 1989 onward and is one version newer than the CT base). Outcome: victory for side B (non-state side).
ucdp:375-1,event,Government of Senegal vs MFDC,,UCDP armed conflict episode 1 of conflict 375 in Senegal; internationalized internal; 1 active year(s); outcome: ceasefire,ongoing,1990,1990,high,Source: UCDP Conflict Termination Dataset v4-2024 (Kreutz; JPR 47(2) 2010; Uppsala Conflict Data Program; attribution required); retrieved 2026-10-04 from ucdp.uu.se. Region: Africa. Battle-deaths estimate 58 (UCDP BRD v26.1 bd_best summed over episode years; BRD v26.1 covers 1989 onward and is one version newer than the CT base). Outcome: ceasefire.
ucdp:341-3,event,Government of Liberia vs LURD; MODEL,,UCDP armed conflict episode 3 of conflict 341 in Liberia; internationalized internal; 4 active year(s); outcome: ongoing (no termination coded),ongoing,2000,,high,Source: UCDP Conflict Termination Dataset v4-2024 (Kreutz; JPR 47(2) 2010; Uppsala Conflict Data Program; attribution required); retrieved 2026-10-04 from ucdp.uu.se. Region: Africa. Battle-deaths estimate 57 (UCDP BRD v26.1 bd_best summed over episode years; BRD v26.1 covers 1989 onward and is one version newer than the CT base). Outcome: ongoing (no termination coded). end_year empty = episode ongoing per UCDP coding (activity never fell below the 25 battle-deaths/year threshold); not necessarily politically unresolved.
ucdp:326-3,event,Government of Eritrea vs EIJM - AS,,UCDP armed conflict episode 3 of conflict 326 in Eritrea; internationalized internal; 1 active year(s); outcome: low activity,ongoing,2003,2003,high,Source: UCDP Conflict Termination Dataset v4-2024 (Kreutz; JPR 47(2) 2010; Uppsala Conflict Data Program; attribution required); retrieved 2026-10-04 from ucdp.uu.se. Region: Africa. Battle-deaths estimate 57 (UCDP BRD v26.1 bd_best summed over episode years; BRD v26.1 covers 1989 onward and is one version newer than the CT base). Outcome: low activity.
ucdp:287-5,event,Government of Burundi vs FPB; Military faction (forces of Godefroid Niyombare); RED-TABARA,,UCDP armed conflict episode 5 of conflict 287 in Burundi; internationalized internal; 2 active year(s); outcome: ongoing (no termination coded),ongoing,2014,,high,Source: UCDP Conflict Termination Dataset v4-2024 (Kreutz; JPR 47(2) 2010; Uppsala Conflict Data Program; attribution required); retrieved 2026-10-04 from ucdp.uu.se. Region: Africa. Battle-deaths estimate 56 (UCDP BRD v26.1 bd_best summed over episode years; BRD v26.1 covers 1989 onward and is one version newer than the CT base). Outcome: ongoing (no termination coded). end_year empty = episode ongoing per UCDP coding (activity never fell below the 25 battle-deaths/year threshold); not necessarily politically unresolved.
ucdp:405-1,event,Government of Cameroon vs Government of Nigeria,,UCDP armed conflict episode 1 of conflict 405 in Cameroon; Nigeria; internal (internationalized); 1 active year(s); outcome: low activity,ongoing,1996,1996,high,Source: UCDP Conflict Termination Dataset v4-2024 (Kreutz; JPR 47(2) 2010; Uppsala Conflict Data Program; attribution required); retrieved 2026-10-04 from ucdp.uu.se. Region: Africa. Battle-deaths estimate 56 (UCDP BRD v26.1 bd_best summed over episode years; BRD v26.1 covers 1989 onward and is one version newer than the CT base). Outcome: low activity.
ucdp:407-1,event,Government of Comoros vs MPA/Republic of Anjouan,,UCDP armed conflict episode 1 of conflict 407 in Comoros; internationalized internal; 1 active year(s); outcome: victory for side B (non-state side),ongoing,1997,1997,high,Source: UCDP Conflict Termination Dataset v4-2024 (Kreutz; JPR 47(2) 2010; Uppsala Conflict Data Program; attribution required); retrieved 2026-10-04 from ucdp.uu.se. Region: Africa. Battle-deaths estimate 56 (UCDP BRD v26.1 bd_best summed over episode years; BRD v26.1 covers 1989 onward and is one version newer than the CT base). Outcome: victory for side B (non-state side).
ucdp:332-3,event,Government of Mozambique vs Renamo,,UCDP armed conflict episode 3 of conflict 332 in Mozambique; internationalized internal; 1 active year(s); outcome: ceasefire,ongoing,2016,2016,high,Source: UCDP Conflict Termination Dataset v4-2024 (Kreutz; JPR 47(2) 2010; Uppsala Conflict Data Program; attribution required); retrieved 2026-10-04 from ucdp.uu.se. Region: Africa. Battle-deaths estimate 55 (UCDP BRD v26.1 bd_best summed over episode years; BRD v26.1 covers 1989 onward and is one version newer than the CT base). Outcome: ceasefire.
ucdp:369-1,event,Government of Papua New Guinea vs BRA,,UCDP armed conflict episode 1 of conflict 369 in Papua New Guinea; internationalized internal; 1 active year(s); outcome: peace agreement,ongoing,1990,1990,high,Source: UCDP Conflict Termination Dataset v4-2024 (Kreutz; JPR 47(2) 2010; Uppsala Conflict Data Program; attribution required); retrieved 2026-10-04 from ucdp.uu.se. Region: Asia. Battle-deaths estimate 55 (UCDP BRD v26.1 bd_best summed over episode years; BRD v26.1 covers 1989 onward and is one version newer than the CT base). Outcome: peace agreement.
ucdp:265-3,event,Government of DR Congo (Zaire) vs Kata Katanga,,UCDP armed conflict episode 3 of conflict 265 in DR Congo (Zaire); internationalized internal; 1 active year(s); outcome: low activity,ongoing,2020,2020,high,Source: UCDP Conflict Termination Dataset v4-2024 (Kreutz; JPR 47(2) 2010; Uppsala Conflict Data Program; attribution required); retrieved 2026-10-04 from ucdp.uu.se. Region: Africa. Battle-deaths estimate 54 (UCDP BRD v26.1 bd_best summed over episode years; BRD v26.1 covers 1989 onward and is one version newer than the CT base). Outcome: low activity.
ucdp:13588-2,event,Government of Russia (Soviet Union) vs IS,,UCDP armed conflict episode 2 of conflict 13588 in Russia (Soviet Union); internationalized internal; 1 active year(s); outcome: ongoing (no termination coded),ongoing,2024,,high,Source: UCDP Conflict Termination Dataset v4-2024 (Kreutz; JPR 47(2) 2010; Uppsala Conflict Data Program; attribution required); retrieved 2026-10-04 from ucdp.uu.se. Region: Europe. Battle-deaths estimate 53 (UCDP BRD v26.1 bd_best summed over episode years; BRD v26.1 covers 1989 onward and is one version newer than the CT base). Outcome: ongoing (no termination coded). end_year empty = episode ongoing per UCDP coding (activity never fell below the 25 battle-deaths/year threshold); not necessarily politically unresolved.
ucdp:13638-4,event,Government of Cameroon vs IS,,UCDP armed conflict episode 4 of conflict 13638 in Cameroon; internationalized internal; 1 active year(s); outcome: low activity,ongoing,2023,2023,high,Source: UCDP Conflict Termination Dataset v4-2024 (Kreutz; JPR 47(2) 2010; Uppsala Conflict Data Program; attribution required); retrieved 2026-10-04 from ucdp.uu.se. Region: Africa. Battle-deaths estimate 53 (UCDP BRD v26.1 bd_best summed over episode years; BRD v26.1 covers 1989 onward and is one version newer than the CT base). Outcome: low activity.
ucdp:408-1,event,Government of Congo vs Ninjas,,UCDP armed conflict episode 1 of conflict 408 in Congo; internationalized internal; 1 active year(s); outcome: ceasefire,ongoing,1993,1993,high,Source: UCDP Conflict Termination Dataset v4-2024 (Kreutz; JPR 47(2) 2010; Uppsala Conflict Data Program; attribution required); retrieved 2026-10-04 from ucdp.uu.se. Region: Africa. Battle-deaths estimate 53 (UCDP BRD v26.1 bd_best summed over episode years; BRD v26.1 covers 1989 onward and is one version newer than the CT base). Outcome: ceasefire.
ucdp:387-1,event,Government of Angola vs FLEC-FAC,FLEC-R,UCDP armed conflict episode 1 of conflict 387 in Angola; internationalized internal; 2 active year(s); outcome: low activity,ongoing,1991,1992,high,Source: UCDP Conflict Termination Dataset v4-2024 (Kreutz; JPR 47(2) 2010; Uppsala Conflict Data Program; attribution required); retrieved 2026-10-04 from ucdp.uu.se. Region: Africa. Battle-deaths estimate 50 (UCDP BRD v26.1 bd_best summed over episode years; BRD v26.1 covers 1989 onward and is one version newer than the CT base). Outcome: low activity.
ucdp:387-6,event,Government of Angola vs FLEC-FAC-TN,,UCDP armed conflict episode 6 of conflict 387 in Angola; internationalized internal; 2 active year(s); outcome: low activity,ongoing,2016,2017,high,Source: UCDP Conflict Termination Dataset v4-2024 (Kreutz; JPR 47(2) 2010; Uppsala Conflict Data Program; attribution required); retrieved 2026-10-04 from ucdp.uu.se. Region: Africa. Battle-deaths estimate 50 (UCDP BRD v26.1 bd_best summed over episode years; BRD v26.1 covers 1989 onward and is one version newer than the CT base). Outcome: low activity.
ucdp:387-7,event,Government of Angola vs FLEC-FAC-TN,,UCDP armed conflict episode 7 of conflict 387 in Angola; internationalized internal; 2 active year(s); outcome: low activity,ongoing,2019,2020,high,Source: UCDP Conflict Termination Dataset v4-2024 (Kreutz; JPR 47(2) 2010; Uppsala Conflict Data Program; attribution required); retrieved 2026-10-04 from ucdp.uu.se. Region: Africa. Battle-deaths estimate 50 (UCDP BRD v26.1 bd_best summed over episode years; BRD v26.1 covers 1989 onward and is one version newer than the CT base). Outcome: low activity.
ucdp:413-4,event,Government of Ethiopia vs OLF,,UCDP armed conflict episode 4 of conflict 413 in Ethiopia; internationalized internal; 2 active year(s); outcome: low activity,ongoing,1994,1995,high,Source: UCDP Conflict Termination Dataset v4-2024 (Kreutz; JPR 47(2) 2010; Uppsala Conflict Data Program; attribution required); retrieved 2026-10-04 from ucdp.uu.se. Region: Africa. Battle-deaths estimate 50 (UCDP BRD v26.1 bd_best summed over episode years; BRD v26.1 covers 1989 onward and is one version newer than the CT base). Outcome: low activity.
ucdp:413-6,event,Government of Ethiopia vs OLF,,UCDP armed conflict episode 6 of conflict 413 in Ethiopia; internationalized internal; 2 active year(s); outcome: low activity,ongoing,2015,2016,high,Source: UCDP Conflict Termination Dataset v4-2024 (Kreutz; JPR 47(2) 2010; Uppsala Conflict Data Program; attribution required); retrieved 2026-10-04 from ucdp.uu.se. Region: Africa. Battle-deaths estimate 50 (UCDP BRD v26.1 bd_best summed over episode years; BRD v26.1 covers 1989 onward and is one version newer than the CT base). Outcome: low activity.
ucdp:373-1,event,Government of Niger vs CRA,,UCDP armed conflict episode 1 of conflict 373 in Niger; internationalized internal; 1 active year(s); outcome: peace agreement,ongoing,1994,1994,high,Source: UCDP Conflict Termination Dataset v4-2024 (Kreutz; JPR 47(2) 2010; Uppsala Conflict Data Program; attribution required); retrieved 2026-10-04 from ucdp.uu.se. Region: Africa. Battle-deaths estimate 50 (UCDP BRD v26.1 bd_best summed over episode years; BRD v26.1 covers 1989 onward and is one version newer than the CT base). Outcome: peace agreement.
ucdp:439-5,event,Government of Myanmar (Burma) vs MNDAA,,UCDP armed conflict episode 5 of conflict 439 in Myanmar (Burma); internationalized internal; 2 active year(s); outcome: ongoing (no termination coded),ongoing,2023,,high,Source: UCDP Conflict Termination Dataset v4-2024 (Kreutz; JPR 47(2) 2010; Uppsala Conflict Data Program; attribution required); retrieved 2026-10-04 from ucdp.uu.se. Region: Asia. Battle-deaths estimate 49 (UCDP BRD v26.1 bd_best summed over episode years; BRD v26.1 covers 1989 onward and is one version newer than the CT base). Outcome: ongoing (no termination coded). end_year empty = episode ongoing per UCDP coding (activity never fell below the 25 battle-deaths/year threshold); not necessarily politically unresolved.
ucdp:381-1,event,Government of Haiti vs Military faction (forces of Himmler Rebu and Guy Francois),,UCDP armed conflict episode 1 of conflict 381 in Haiti; internationalized internal; 1 active year(s); outcome: victory for side A (government),ongoing,1989,1989,high,Source: UCDP Conflict Termination Dataset v4-2024 (Kreutz; JPR 47(2) 2010; Uppsala Conflict Data Program; attribution required); retrieved 2026-10-04 from ucdp.uu.se. Region: Americas. Battle-deaths estimate 48 (UCDP BRD v26.1 bd_best summed over episode years; BRD v26.1 covers 1989 onward and is one version newer than the CT base). Outcome: victory for side A (government).
ucdp:14113-1,event,Government of Mali vs IS,,UCDP armed conflict episode 1 of conflict 14113 in Mali; internationalized internal; 8 active year(s); outcome: ongoing (no termination coded),ongoing,2017,,high,Source: UCDP Conflict Termination Dataset v4-2024 (Kreutz; JPR 47(2) 2010; Uppsala Conflict Data Program; attribution required); retrieved 2026-10-04 from ucdp.uu.se. Region: Africa. Battle-deaths estimate 47 (UCDP BRD v26.1 bd_best summed over episode years; BRD v26.1 covers 1989 onward and is one version newer than the CT base). Outcome: ongoing (no termination coded). end_year empty = episode ongoing per UCDP coding (activity never fell below the 25 battle-deaths/year threshold); not necessarily politically unresolved.
ucdp:375-5,event,Government of Senegal vs MFDC,,UCDP armed conflict episode 5 of conflict 375 in Senegal; internationalized internal; 2 active year(s); outcome: low activity,ongoing,2000,2001,high,Source: UCDP Conflict Termination Dataset v4-2024 (Kreutz; JPR 47(2) 2010; Uppsala Conflict Data Program; attribution required); retrieved 2026-10-04 from ucdp.uu.se. Region: Africa. Battle-deaths estimate 47 (UCDP BRD v26.1 bd_best summed over episode years; BRD v26.1 covers 1989 onward and is one version newer than the CT base). Outcome: low activity.
ucdp:395-2,event,Government of Tajikistan vs Forces of Mullo Abdullo,,UCDP armed conflict episode 2 of conflict 395 in Tajikistan; internationalized internal; 1 active year(s); outcome: victory for side A (government),ongoing,2000,2000,high,Source: UCDP Conflict Termination Dataset v4-2024 (Kreutz; JPR 47(2) 2010; Uppsala Conflict Data Program; attribution required); retrieved 2026-10-04 from ucdp.uu.se. Region: Asia. Battle-deaths estimate 46 (UCDP BRD v26.1 bd_best summed over episode years; BRD v26.1 covers 1989 onward and is one version newer than the CT base). Outcome: victory for side A (government).
ucdp:416-2,event,Government of Central African Republic vs Seleka,,UCDP armed conflict episode 2 of conflict 416 in Central African Republic; internationalized internal; 1 active year(s); outcome: peace agreement,ongoing,2006,2006,high,Source: UCDP Conflict Termination Dataset v4-2024 (Kreutz; JPR 47(2) 2010; Uppsala Conflict Data Program; attribution required); retrieved 2026-10-04 from ucdp.uu.se. Region: Africa. Battle-deaths estimate 46 (UCDP BRD v26.1 bd_best summed over episode years; BRD v26.1 covers 1989 onward and is one version newer than the CT base). Outcome: peace agreement.
ucdp:309-4,event,Government of Sudan vs RSF,SPLM/A-North|SLM/A,UCDP armed conflict episode 4 of conflict 309 in Sudan; internationalized internal; 5 active year(s); outcome: ongoing (no termination coded),ongoing,2020,,high,Source: UCDP Conflict Termination Dataset v4-2024 (Kreutz; JPR 47(2) 2010; Uppsala Conflict Data Program; attribution required); retrieved 2026-10-04 from ucdp.uu.se. Region: Africa. Battle-deaths estimate 45 (UCDP BRD v26.1 bd_best summed over episode years; BRD v26.1 covers 1989 onward and is one version newer than the CT base). Outcome: ongoing (no termination coded). end_year empty = episode ongoing per UCDP coding (activity never fell below the 25 battle-deaths/year threshold); not necessarily politically unresolved.
ucdp:338-3,event,Government of Iran vs MEK,,UCDP armed conflict episode 3 of conflict 338 in Iran; internationalized internal; 1 active year(s); outcome: low activity,ongoing,1991,1991,high,Source: UCDP Conflict Termination Dataset v4-2024 (Kreutz; JPR 47(2) 2010; Uppsala Conflict Data Program; attribution required); retrieved 2026-10-04 from ucdp.uu.se. Region: Middle East. Battle-deaths estimate 45 (UCDP BRD v26.1 bd_best summed over episode years; BRD v26.1 covers 1989 onward and is one version newer than the CT base). Outcome: low activity.
ucdp:342-3,event,Government of Spain vs ETA,,UCDP armed conflict episode 3 of conflict 342 in Spain; internationalized internal; 1 active year(s); outcome: low activity,ongoing,1991,1991,high,Source: UCDP Conflict Termination Dataset v4-2024 (Kreutz; JPR 47(2) 2010; Uppsala Conflict Data Program; attribution required); retrieved 2026-10-04 from ucdp.uu.se. Region: Europe. Battle-deaths estimate 45 (UCDP BRD v26.1 bd_best summed over episode years; BRD v26.1 covers 1989 onward and is one version newer than the CT base). Outcome: low activity.
ucdp:13611-1,event,Government of Mali vs FLM,,UCDP armed conflict episode 1 of conflict 13611 in Mali; internationalized internal; 1 active year(s); outcome: actor ceases to exist,ongoing,2015,2015,high,Source: UCDP Conflict Termination Dataset v4-2024 (Kreutz; JPR 47(2) 2010; Uppsala Conflict Data Program; attribution required); retrieved 2026-10-04 from ucdp.uu.se. Region: Africa. Battle-deaths estimate 44 (UCDP BRD v26.1 bd_best summed over episode years; BRD v26.1 covers 1989 onward and is one version newer than the CT base). Outcome: actor ceases to exist.
ucdp:205-8,event,Government of Iran vs KDPI,,UCDP armed conflict episode 8 of conflict 205 in Iran; internationalized internal; 1 active year(s); outcome: low activity,ongoing,2018,2018,high,Source: UCDP Conflict Termination Dataset v4-2024 (Kreutz; JPR 47(2) 2010; Uppsala Conflict Data Program; attribution required); retrieved 2026-10-04 from ucdp.uu.se. Region: Middle East. Battle-deaths estimate 44 (UCDP BRD v26.1 bd_best summed over episode years; BRD v26.1 covers 1989 onward and is one version newer than the CT base). Outcome: low activity.
ucdp:396-2,event,Government of Azerbaijan vs OPON Forces,,UCDP armed conflict episode 2 of conflict 396 in Azerbaijan; internationalized internal; 1 active year(s); outcome: victory for side A (government),ongoing,1995,1995,high,Source: UCDP Conflict Termination Dataset v4-2024 (Kreutz; JPR 47(2) 2010; Uppsala Conflict Data Program; attribution required); retrieved 2026-10-04 from ucdp.uu.se. Region: Europe. Battle-deaths estimate 44 (UCDP BRD v26.1 bd_best summed over episode years; BRD v26.1 covers 1989 onward and is one version newer than the CT base). Outcome: victory for side A (government).
ucdp:325-2,event,Government of Pakistan vs BLA,,UCDP armed conflict episode 2 of conflict 325 in Pakistan; internationalized internal; 1 active year(s); outcome: low activity,ongoing,2004,2004,high,Source: UCDP Conflict Termination Dataset v4-2024 (Kreutz; JPR 47(2) 2010; Uppsala Conflict Data Program; attribution required); retrieved 2026-10-04 from ucdp.uu.se. Region: Asia. Battle-deaths estimate 43 (UCDP BRD v26.1 bd_best summed over episode years; BRD v26.1 covers 1989 onward and is one version newer than the CT base). Outcome: low activity.
ucdp:13646-1,event,Government of Kenya vs Al-Shabaab,,UCDP armed conflict episode 1 of conflict 13646 in Kenya; internationalized internal; 10 active year(s); outcome: ongoing (no termination coded),ongoing,2015,,high,Source: UCDP Conflict Termination Dataset v4-2024 (Kreutz; JPR 47(2) 2010; Uppsala Conflict Data Program; attribution required); retrieved 2026-10-04 from ucdp.uu.se. Region: Africa. Battle-deaths estimate 42 (UCDP BRD v26.1 bd_best summed over episode years; BRD v26.1 covers 1989 onward and is one version newer than the CT base). Outcome: ongoing (no termination coded). end_year empty = episode ongoing per UCDP coding (activity never fell below the 25 battle-deaths/year threshold); not necessarily politically unresolved.
ucdp:325-4,event,Government of Pakistan vs BLA; UBA,BLF|BRA,UCDP armed conflict episode 4 of conflict 325 in Pakistan; internationalized internal; 6 active year(s); outcome: ongoing (no termination coded),ongoing,2011,,high,Source: UCDP Conflict Termination Dataset v4-2024 (Kreutz; JPR 47(2) 2010; Uppsala Conflict Data Program; attribution required); retrieved 2026-10-04 from ucdp.uu.se. Region: Asia. Battle-deaths estimate 42 (UCDP BRD v26.1 bd_best summed over episode years; BRD v26.1 covers 1989 onward and is one version newer than the CT base). Outcome: ongoing (no termination coded). end_year empty = episode ongoing per UCDP coding (activity never fell below the 25 battle-deaths/year threshold); not necessarily politically unresolved.
ucdp:218-7,event,Government of India vs Government of Pakistan,,UCDP armed conflict episode 7 of conflict 218 in India; Pakistan; internal (internationalized); 1 active year(s); outcome: low activity,ongoing,1994,1994,high,Source: UCDP Conflict Termination Dataset v4-2024 (Kreutz; JPR 47(2) 2010; Uppsala Conflict Data Program; attribution required); retrieved 2026-10-04 from ucdp.uu.se. Region: Asia. Battle-deaths estimate 42 (UCDP BRD v26.1 bd_best summed over episode years; BRD v26.1 covers 1989 onward and is one version newer than the CT base). Outcome: low activity.
ucdp:288-7,event,Government of Chad vs CCMSR,,UCDP armed conflict episode 7 of conflict 288 in Chad; internationalized internal; 1 active year(s); outcome: low activity,ongoing,2018,2018,high,Source: UCDP Conflict Termination Dataset v4-2024 (Kreutz; JPR 47(2) 2010; Uppsala Conflict Data Program; attribution required); retrieved 2026-10-04 from ucdp.uu.se. Region: Africa. Battle-deaths estimate 42 (UCDP BRD v26.1 bd_best summed over episode years; BRD v26.1 covers 1989 onward and is one version newer than the CT base). Outcome: low activity.
ucdp:221-5,event,Government of Myanmar (Burma) vs DKBA 5,,UCDP armed conflict episode 5 of conflict 221 in Myanmar (Burma); internationalized internal; 1 active year(s); outcome: low activity,ongoing,2013,2013,high,Source: UCDP Conflict Termination Dataset v4-2024 (Kreutz; JPR 47(2) 2010; Uppsala Conflict Data Program; attribution required); retrieved 2026-10-04 from ucdp.uu.se. Region: Asia. Battle-deaths estimate 41 (UCDP BRD v26.1 bd_best summed over episode years; BRD v26.1 covers 1989 onward and is one version newer than the CT base). Outcome: low activity.
ucdp:13809-3,event,Government of Syria vs SDF,,UCDP armed conflict episode 3 of conflict 13809 in Syria; internationalized internal; 2 active year(s); outcome: ongoing (no termination coded),ongoing,2023,,high,Source: UCDP Conflict Termination Dataset v4-2024 (Kreutz; JPR 47(2) 2010; Uppsala Conflict Data Program; attribution required); retrieved 2026-10-04 from ucdp.uu.se. Region: Middle East. Battle-deaths estimate 40 (UCDP BRD v26.1 bd_best summed over episode years; BRD v26.1 covers 1989 onward and is one version newer than the CT base). Outcome: ongoing (no termination coded). end_year empty = episode ongoing per UCDP coding (activity never fell below the 25 battle-deaths/year threshold); not necessarily politically unresolved.
ucdp:413-7,event,Government of Ethiopia vs OLA,,UCDP armed conflict episode 7 of conflict 413 in Ethiopia; internationalized internal; 6 active year(s); outcome: ongoing (no termination coded),ongoing,2019,,high,Source: UCDP Conflict Termination Dataset v4-2024 (Kreutz; JPR 47(2) 2010; Uppsala Conflict Data Program; attribution required); retrieved 2026-10-04 from ucdp.uu.se. Region: Africa. Battle-deaths estimate 40 (UCDP BRD v26.1 bd_best summed over episode years; BRD v26.1 covers 1989 onward and is one version newer than the CT base). Outcome: ongoing (no termination coded). end_year empty = episode ongoing per UCDP coding (activity never fell below the 25 battle-deaths/year threshold); not necessarily politically unresolved.
ucdp:330-2,event,Government of Indonesia vs CNRT,,UCDP armed conflict episode 2 of conflict 330 in Indonesia; internationalized internal; 1 active year(s); outcome: low activity,ongoing,1992,1992,high,Source: UCDP Conflict Termination Dataset v4-2024 (Kreutz; JPR 47(2) 2010; Uppsala Conflict Data Program; attribution required); retrieved 2026-10-04 from ucdp.uu.se. Region: Asia. Battle-deaths estimate 39 (UCDP BRD v26.1 bd_best summed over episode years; BRD v26.1 covers 1989 onward and is one version newer than the CT base). Outcome: low activity.
ucdp:375-6,event,Government of Senegal vs MFDC,,UCDP armed conflict episode 6 of conflict 375 in Senegal; internationalized internal; 1 active year(s); outcome: peace agreement,ongoing,2003,2003,high,Source: UCDP Conflict Termination Dataset v4-2024 (Kreutz; JPR 47(2) 2010; Uppsala Conflict Data Program; attribution required); retrieved 2026-10-04 from ucdp.uu.se. Region: Africa. Battle-deaths estimate 39 (UCDP BRD v26.1 bd_best summed over episode years; BRD v26.1 covers 1989 onward and is one version newer than the CT base). Outcome: peace agreement.
ucdp:378-1,event,Government of Trinidad and Tobago vs Jamaat al-Muslimeen,,UCDP armed conflict episode 1 of conflict 378 in Trinidad and Tobago; internationalized internal; 1 active year(s); outcome: victory for side A (government),ongoing,1990,1990,high,Source: UCDP Conflict Termination Dataset v4-2024 (Kreutz; JPR 47(2) 2010; Uppsala Conflict Data Program; attribution required); retrieved 2026-10-04 from ucdp.uu.se. Region: Americas. Battle-deaths estimate 39 (UCDP BRD v26.1 bd_best summed over episode years; BRD v26.1 covers 1989 onward and is one version newer than the CT base). Outcome: victory for side A (government).
ucdp:338-5,event,Government of Iran vs MEK,,UCDP armed conflict episode 5 of conflict 338 in Iran; internationalized internal; 1 active year(s); outcome: low activity,ongoing,1997,1997,high,Source: UCDP Conflict Termination Dataset v4-2024 (Kreutz; JPR 47(2) 2010; Uppsala Conflict Data Program; attribution required); retrieved 2026-10-04 from ucdp.uu.se. Region: Middle East. Battle-deaths estimate 38 (UCDP BRD v26.1 bd_best summed over episode years; BRD v26.1 covers 1989 onward and is one version newer than the CT base). Outcome: low activity.
ucdp:325-5,event,Government of Pakistan vs BRAS,,UCDP armed conflict episode 5 of conflict 325 in Pakistan; internationalized internal; 6 active year(s); outcome: ongoing (no termination coded),ongoing,2019,,high,Source: UCDP Conflict Termination Dataset v4-2024 (Kreutz; JPR 47(2) 2010; Uppsala Conflict Data Program; attribution required); retrieved 2026-10-04 from ucdp.uu.se. Region: Asia. Battle-deaths estimate 37 (UCDP BRD v26.1 bd_best summed over episode years; BRD v26.1 covers 1989 onward and is one version newer than the CT base). Outcome: ongoing (no termination coded). end_year empty = episode ongoing per UCDP coding (activity never fell below the 25 battle-deaths/year threshold); not necessarily politically unresolved.
ucdp:400-2,event,Government of Mexico vs EPR,,UCDP armed conflict episode 2 of conflict 400 in Mexico; internationalized internal; 1 active year(s); outcome: low activity,ongoing,1996,1996,high,Source: UCDP Conflict Termination Dataset v4-2024 (Kreutz; JPR 47(2) 2010; Uppsala Conflict Data Program; attribution required); retrieved 2026-10-04 from ucdp.uu.se. Region: Americas. Battle-deaths estimate 37 (UCDP BRD v26.1 bd_best summed over episode years; BRD v26.1 covers 1989 onward and is one version newer than the CT base). Outcome: low activity.
ucdp:415-2,event,Government of Uzbekistan vs JIG,,UCDP armed conflict episode 2 of conflict 415 in Uzbekistan; internationalized internal; 1 active year(s); outcome: victory for side A (government),ongoing,2004,2004,high,Source: UCDP Conflict Termination Dataset v4-2024 (Kreutz; JPR 47(2) 2010; Uppsala Conflict Data Program; attribution required); retrieved 2026-10-04 from ucdp.uu.se. Region: Asia. Battle-deaths estimate 37 (UCDP BRD v26.1 bd_best summed over episode years; BRD v26.1 covers 1989 onward and is one version newer than the CT base). Outcome: victory for side A (government).
ucdp:418-2,event,Government of United States of America vs al-Qaida,,UCDP armed conflict episode 2 of conflict 418 in United States of America; internationalized internal; 1 active year(s); outcome: low activity,ongoing,2019,2019,high,Source: UCDP Conflict Termination Dataset v4-2024 (Kreutz; JPR 47(2) 2010; Uppsala Conflict Data Program; attribution required); retrieved 2026-10-04 from ucdp.uu.se. Region: Americas. Battle-deaths estimate 37 (UCDP BRD v26.1 bd_best summed over episode years; BRD v26.1 covers 1989 onward and is one version newer than the CT base). Outcome: low activity.
ucdp:11349-1,event,Government of China vs ETIM,,UCDP armed conflict episode 1 of conflict 11349 in China; internationalized internal; 1 active year(s); outcome: low activity,ongoing,2008,2008,high,Source: UCDP Conflict Termination Dataset v4-2024 (Kreutz; JPR 47(2) 2010; Uppsala Conflict Data Program; attribution required); retrieved 2026-10-04 from ucdp.uu.se. Region: Asia. Battle-deaths estimate 36 (UCDP BRD v26.1 bd_best summed over episode years; BRD v26.1 covers 1989 onward and is one version newer than the CT base). Outcome: low activity.
ucdp:421-2,event,Government of India vs NDFB,,UCDP armed conflict episode 2 of conflict 421 in India; internationalized internal; 1 active year(s); outcome: low activity,ongoing,1994,1994,high,Source: UCDP Conflict Termination Dataset v4-2024 (Kreutz; JPR 47(2) 2010; Uppsala Conflict Data Program; attribution required); retrieved 2026-10-04 from ucdp.uu.se. Region: Asia. Battle-deaths estimate 36 (UCDP BRD v26.1 bd_best summed over episode years; BRD v26.1 covers 1989 onward and is one version newer than the CT base). Outcome: low activity.
ucdp:13809-2,event,Government of Syria vs SDF,,UCDP armed conflict episode 2 of conflict 13809 in Syria; internationalized internal; 1 active year(s); outcome: ongoing (no termination coded),ongoing,2018,,high,Source: UCDP Conflict Termination Dataset v4-2024 (Kreutz; JPR 47(2) 2010; Uppsala Conflict Data Program; attribution required); retrieved 2026-10-04 from ucdp.uu.se. Region: Middle East. Battle-deaths estimate 35 (UCDP BRD v26.1 bd_best summed over episode years; BRD v26.1 covers 1989 onward and is one version newer than the CT base). Outcome: ongoing (no termination coded). end_year empty = episode ongoing per UCDP coding (activity never fell below the 25 battle-deaths/year threshold); not necessarily politically unresolved.
ucdp:14129-1,event,Government of Cameroon vs Ambazonia insurgents,,UCDP armed conflict episode 1 of conflict 14129 in Cameroon; internationalized internal; 8 active year(s); outcome: ongoing (no termination coded),ongoing,2017,,high,Source: UCDP Conflict Termination Dataset v4-2024 (Kreutz; JPR 47(2) 2010; Uppsala Conflict Data Program; attribution required); retrieved 2026-10-04 from ucdp.uu.se. Region: Africa. Battle-deaths estimate 35 (UCDP BRD v26.1 bd_best summed over episode years; BRD v26.1 covers 1989 onward and is one version newer than the CT base). Outcome: ongoing (no termination coded). end_year empty = episode ongoing per UCDP coding (activity never fell below the 25 battle-deaths/year threshold); not necessarily politically unresolved.
ucdp:416-4,event,Government of Central African Republic vs CPC,UPC|anti-Balaka,UCDP armed conflict episode 4 of conflict 416 in Central African Republic; internationalized internal; 8 active year(s); outcome: ongoing (no termination coded),ongoing,2017,,high,Source: UCDP Conflict Termination Dataset v4-2024 (Kreutz; JPR 47(2) 2010; Uppsala Conflict Data Program; attribution required); retrieved 2026-10-04 from ucdp.uu.se. Region: Africa. Battle-deaths estimate 35 (UCDP BRD v26.1 bd_best summed over episode years; BRD v26.1 covers 1989 onward and is one version newer than the CT base). Outcome: ongoing (no termination coded). end_year empty = episode ongoing per UCDP coding (activity never fell below the 25 battle-deaths/year threshold); not necessarily politically unresolved.
ucdp:253-5,event,Government of Myanmar (Burma) vs KNPP,,UCDP armed conflict episode 5 of conflict 253 in Myanmar (Burma); internationalized internal; 1 active year(s); outcome: low activity,ongoing,2005,2005,high,Source: UCDP Conflict Termination Dataset v4-2024 (Kreutz; JPR 47(2) 2010; Uppsala Conflict Data Program; attribution required); retrieved 2026-10-04 from ucdp.uu.se. Region: Asia. Battle-deaths estimate 35 (UCDP BRD v26.1 bd_best summed over episode years; BRD v26.1 covers 1989 onward and is one version newer than the CT base). Outcome: low activity.
ucdp:435-1,event,Government of Djibouti vs Government of Eritrea,,UCDP armed conflict episode 1 of conflict 435 in Djibouti; Eritrea; internal (internationalized); 1 active year(s); outcome: low activity,ongoing,2008,2008,high,Source: UCDP Conflict Termination Dataset v4-2024 (Kreutz; JPR 47(2) 2010; Uppsala Conflict Data Program; attribution required); retrieved 2026-10-04 from ucdp.uu.se. Region: Africa. Battle-deaths estimate 35 (UCDP BRD v26.1 bd_best summed over episode years; BRD v26.1 covers 1989 onward and is one version newer than the CT base). Outcome: low activity.
ucdp:439-3,event,Government of Myanmar (Burma) vs MNDAA,,UCDP armed conflict episode 3 of conflict 439 in Myanmar (Burma); internationalized internal; 1 active year(s); outcome: low activity,ongoing,2017,2017,high,Source: UCDP Conflict Termination Dataset v4-2024 (Kreutz; JPR 47(2) 2010; Uppsala Conflict Data Program; attribution required); retrieved 2026-10-04 from ucdp.uu.se. Region: Asia. Battle-deaths estimate 35 (UCDP BRD v26.1 bd_best summed over episode years; BRD v26.1 covers 1989 onward and is one version newer than the CT base). Outcome: low activity.
ucdp:283-5,event,Government of DR Congo (Zaire) vs CNDP,RNL,UCDP armed conflict episode 5 of conflict 283 in DR Congo (Zaire); internationalized internal; 4 active year(s); outcome: ongoing (no termination coded),ongoing,2005,,high,Source: UCDP Conflict Termination Dataset v4-2024 (Kreutz; JPR 47(2) 2010; Uppsala Conflict Data Program; attribution required); retrieved 2026-10-04 from ucdp.uu.se. Region: Africa. Battle-deaths estimate 34 (UCDP BRD v26.1 bd_best summed over episode years; BRD v26.1 covers 1989 onward and is one version newer than the CT base). Outcome: ongoing (no termination coded). end_year empty = episode ongoing per UCDP coding (activity never fell below the 25 battle-deaths/year threshold); not necessarily politically unresolved.
ucdp:338-9,event,Government of Iran vs Jaish al-Adl,,UCDP armed conflict episode 9 of conflict 338 in Iran; internationalized internal; 2 active year(s); outcome: ongoing (no termination coded),ongoing,2023,,high,Source: UCDP Conflict Termination Dataset v4-2024 (Kreutz; JPR 47(2) 2010; Uppsala Conflict Data Program; attribution required); retrieved 2026-10-04 from ucdp.uu.se. Region: Middle East. Battle-deaths estimate 34 (UCDP BRD v26.1 bd_best summed over episode years; BRD v26.1 covers 1989 onward and is one version newer than the CT base). Outcome: ongoing (no termination coded). end_year empty = episode ongoing per UCDP coding (activity never fell below the 25 battle-deaths/year threshold); not necessarily politically unresolved.
ucdp:358-2,event,Government of Togo vs JNIM,,UCDP armed conflict episode 2 of conflict 358 in Togo; internationalized internal; 3 active year(s); outcome: ongoing (no termination coded),ongoing,2022,,high,Source: UCDP Conflict Termination Dataset v4-2024 (Kreutz; JPR 47(2) 2010; Uppsala Conflict Data Program; attribution required); retrieved 2026-10-04 from ucdp.uu.se. Region: Africa. Battle-deaths estimate 34 (UCDP BRD v26.1 bd_best summed over episode years; BRD v26.1 covers 1989 onward and is one version newer than the CT base). Outcome: ongoing (no termination coded). end_year empty = episode ongoing per UCDP coding (activity never fell below the 25 battle-deaths/year threshold); not necessarily politically unresolved.
ucdp:13886-1,event,Government of Jordan vs IS,,UCDP armed conflict episode 1 of conflict 13886 in Jordan; internationalized internal; 1 active year(s); outcome: low activity,ongoing,2016,2016,high,Source: UCDP Conflict Termination Dataset v4-2024 (Kreutz; JPR 47(2) 2010; Uppsala Conflict Data Program; attribution required); retrieved 2026-10-04 from ucdp.uu.se. Region: Middle East. Battle-deaths estimate 34 (UCDP BRD v26.1 bd_best summed over episode years; BRD v26.1 covers 1989 onward and is one version newer than the CT base). Outcome: low activity.
ucdp:406-1,event,Government of Niger vs FDR,,UCDP armed conflict episode 1 of conflict 406 in Niger; internationalized internal; 1 active year(s); outcome: low activity,ongoing,1995,1995,high,Source: UCDP Conflict Termination Dataset v4-2024 (Kreutz; JPR 47(2) 2010; Uppsala Conflict Data Program; attribution required); retrieved 2026-10-04 from ucdp.uu.se. Region: Africa. Battle-deaths estimate 34 (UCDP BRD v26.1 bd_best summed over episode years; BRD v26.1 covers 1989 onward and is one version newer than the CT base). Outcome: low activity.
ucdp:13645-3,event,Government of Yemen (North Yemen) vs IS,,UCDP armed conflict episode 3 of conflict 13645 in Yemen (North Yemen); internationalized internal; 1 active year(s); outcome: victory for side A (government),ongoing,2020,2021,high,Source: UCDP Conflict Termination Dataset v4-2024 (Kreutz; JPR 47(2) 2010; Uppsala Conflict Data Program; attribution required); retrieved 2026-10-04 from ucdp.uu.se. Region: Middle East. Battle-deaths estimate 33 (UCDP BRD v26.1 bd_best summed over episode years; BRD v26.1 covers 1989 onward and is one version newer than the CT base). Outcome: victory for side A (government).
ucdp:11475-2,event,Government of Myanmar (Burma) vs NSCN-K,,UCDP armed conflict episode 2 of conflict 11475 in Myanmar (Burma); internationalized internal; 1 active year(s); outcome: low activity,ongoing,1995,1995,high,Source: UCDP Conflict Termination Dataset v4-2024 (Kreutz; JPR 47(2) 2010; Uppsala Conflict Data Program; attribution required); retrieved 2026-10-04 from ucdp.uu.se. Region: Asia. Battle-deaths estimate 33 (UCDP BRD v26.1 bd_best summed over episode years; BRD v26.1 covers 1989 onward and is one version newer than the CT base). Outcome: low activity.
ucdp:209-2,event,Government of Philippines vs CPP,,UCDP armed conflict episode 2 of conflict 209 in Philippines; internationalized internal; 1 active year(s); outcome: ceasefire,ongoing,1997,1997,high,Source: UCDP Conflict Termination Dataset v4-2024 (Kreutz; JPR 47(2) 2010; Uppsala Conflict Data Program; attribution required); retrieved 2026-10-04 from ucdp.uu.se. Region: Asia. Battle-deaths estimate 32 (UCDP BRD v26.1 bd_best summed over episode years; BRD v26.1 covers 1989 onward and is one version newer than the CT base). Outcome: ceasefire.
ucdp:353-5,event,Government of Cameroon vs JAS,,UCDP armed conflict episode 5 of conflict 353 in Cameroon; internationalized internal; 3 active year(s); outcome: ongoing (no termination coded),ongoing,2022,,high,Source: UCDP Conflict Termination Dataset v4-2024 (Kreutz; JPR 47(2) 2010; Uppsala Conflict Data Program; attribution required); retrieved 2026-10-04 from ucdp.uu.se. Region: Africa. Battle-deaths estimate 31 (UCDP BRD v26.1 bd_best summed over episode years; BRD v26.1 covers 1989 onward and is one version newer than the CT base). Outcome: ongoing (no termination coded). end_year empty = episode ongoing per UCDP coding (activity never fell below the 25 battle-deaths/year threshold); not necessarily politically unresolved.
ucdp:15283-1,event,Government of Central African Republic vs MPC,FPRC,UCDP armed conflict episode 1 of conflict 15283 in Central African Republic; internationalized internal; 1 active year(s); outcome: low activity,ongoing,2023,2023,high,Source: UCDP Conflict Termination Dataset v4-2024 (Kreutz; JPR 47(2) 2010; Uppsala Conflict Data Program; attribution required); retrieved 2026-10-04 from ucdp.uu.se. Region: Africa. Battle-deaths estimate 31 (UCDP BRD v26.1 bd_best summed over episode years; BRD v26.1 covers 1989 onward and is one version newer than the CT base). Outcome: low activity.
ucdp:205-4,event,Government of Iran vs KDPI,,UCDP armed conflict episode 4 of conflict 205 in Iran; internationalized internal; 1 active year(s); outcome: low activity,ongoing,1990,1990,high,Source: UCDP Conflict Termination Dataset v4-2024 (Kreutz; JPR 47(2) 2010; Uppsala Conflict Data Program; attribution required); retrieved 2026-10-04 from ucdp.uu.se. Region: Middle East. Battle-deaths estimate 31 (UCDP BRD v26.1 bd_best summed over episode years; BRD v26.1 covers 1989 onward and is one version newer than the CT base). Outcome: low activity.
ucdp:326-1,event,Government of Eritrea vs EIJM - AS,,UCDP armed conflict episode 1 of conflict 326 in Eritrea; internationalized internal; 1 active year(s); outcome: low activity,ongoing,1997,1997,high,Source: UCDP Conflict Termination Dataset v4-2024 (Kreutz; JPR 47(2) 2010; Uppsala Conflict Data Program; attribution required); retrieved 2026-10-04 from ucdp.uu.se. Region: Africa. Battle-deaths estimate 31 (UCDP BRD v26.1 bd_best summed over episode years; BRD v26.1 covers 1989 onward and is one version newer than the CT base). Outcome: low activity.
ucdp:15256-1,event,Government of Benin vs JNIM,,UCDP armed conflict episode 1 of conflict 15256 in Benin; internationalized internal; 3 active year(s); outcome: ongoing (no termination coded),ongoing,2022,,high,Source: UCDP Conflict Termination Dataset v4-2024 (Kreutz; JPR 47(2) 2010; Uppsala Conflict Data Program; attribution required); retrieved 2026-10-04 from ucdp.uu.se. Region: Africa. Battle-deaths estimate 30 (UCDP BRD v26.1 bd_best summed over episode years; BRD v26.1 covers 1989 onward and is one version newer than the CT base). Outcome: ongoing (no termination coded). end_year empty = episode ongoing per UCDP coding (activity never fell below the 25 battle-deaths/year threshold); not necessarily politically unresolved.
ucdp:205-7,event,Government of Iran vs KDPI,,UCDP armed conflict episode 7 of conflict 205 in Iran; internationalized internal; 1 active year(s); outcome: low activity,ongoing,2016,2016,high,Source: UCDP Conflict Termination Dataset v4-2024 (Kreutz; JPR 47(2) 2010; Uppsala Conflict Data Program; attribution required); retrieved 2026-10-04 from ucdp.uu.se. Region: Middle East. Battle-deaths estimate 30 (UCDP BRD v26.1 bd_best summed over episode years; BRD v26.1 covers 1989 onward and is one version newer than the CT base). Outcome: low activity.
ucdp:251-4,event,Government of India vs NSCN-IM,,UCDP armed conflict episode 4 of conflict 251 in India; internationalized internal; 1 active year(s); outcome: ceasefire,ongoing,2000,2000,high,Source: UCDP Conflict Termination Dataset v4-2024 (Kreutz; JPR 47(2) 2010; Uppsala Conflict Data Program; attribution required); retrieved 2026-10-04 from ucdp.uu.se. Region: Asia. Battle-deaths estimate 30 (UCDP BRD v26.1 bd_best summed over episode years; BRD v26.1 covers 1989 onward and is one version newer than the CT base). Outcome: ceasefire.
ucdp:365-1,event,Government of India vs ULFA,,UCDP armed conflict episode 1 of conflict 365 in India; internationalized internal; 1 active year(s); outcome: ceasefire,ongoing,1990,1990,high,Source: UCDP Conflict Termination Dataset v4-2024 (Kreutz; JPR 47(2) 2010; Uppsala Conflict Data Program; attribution required); retrieved 2026-10-04 from ucdp.uu.se. Region: Asia. Battle-deaths estimate 30 (UCDP BRD v26.1 bd_best summed over episode years; BRD v26.1 covers 1989 onward and is one version newer than the CT base). Outcome: ceasefire.
ucdp:383-2,event,Government of Turkey vs TKP-ML,,UCDP armed conflict episode 2 of conflict 383 in Turkey; internationalized internal; 1 active year(s); outcome: low activity,ongoing,2000,2000,high,Source: UCDP Conflict Termination Dataset v4-2024 (Kreutz; JPR 47(2) 2010; Uppsala Conflict Data Program; attribution required); retrieved 2026-10-04 from ucdp.uu.se. Region: Middle East. Battle-deaths estimate 30 (UCDP BRD v26.1 bd_best summed over episode years; BRD v26.1 covers 1989 onward and is one version newer than the CT base). Outcome: low activity.
ucdp:383-3,event,Government of Turkey vs MKP,,UCDP armed conflict episode 3 of conflict 383 in Turkey; internationalized internal; 1 active year(s); outcome: victory for side A (government),ongoing,2005,2005,high,Source: UCDP Conflict Termination Dataset v4-2024 (Kreutz; JPR 47(2) 2010; Uppsala Conflict Data Program; attribution required); retrieved 2026-10-04 from ucdp.uu.se. Region: Middle East. Battle-deaths estimate 30 (UCDP BRD v26.1 bd_best summed over episode years; BRD v26.1 covers 1989 onward and is one version newer than the CT base). Outcome: victory for side A (government).
ucdp:388-4,event,Government of Azerbaijan vs Republic of Artsakh,,UCDP armed conflict episode 4 of conflict 388 in Azerbaijan; internationalized internal; 1 active year(s); outcome: low activity,ongoing,2008,2008,high,Source: UCDP Conflict Termination Dataset v4-2024 (Kreutz; JPR 47(2) 2010; Uppsala Conflict Data Program; attribution required); retrieved 2026-10-04 from ucdp.uu.se. Region: Europe. Battle-deaths estimate 30 (UCDP BRD v26.1 bd_best summed over episode years; BRD v26.1 covers 1989 onward and is one version newer than the CT base). Outcome: low activity.
ucdp:343-2,event,Government of Tunisia vs AQIM; JAK-T,,UCDP armed conflict episode 2 of conflict 343 in Tunisia; internationalized internal; 3 active year(s); outcome: ongoing (no termination coded),ongoing,2013,,high,Source: UCDP Conflict Termination Dataset v4-2024 (Kreutz; JPR 47(2) 2010; Uppsala Conflict Data Program; attribution required); retrieved 2026-10-04 from ucdp.uu.se. Region: Africa. Battle-deaths estimate 29 (UCDP BRD v26.1 bd_best summed over episode years; BRD v26.1 covers 1989 onward and is one version newer than the CT base). Outcome: ongoing (no termination coded). end_year empty = episode ongoing per UCDP coding (activity never fell below the 25 battle-deaths/year threshold); not necessarily politically unresolved.
ucdp:294-2,event,Government of Cambodia (Kampuchea) vs Government of Thailand,,UCDP armed conflict episode 2 of conflict 294 in Cambodia (Kampuchea); Thailand; internal (internationalized); 1 active year(s); outcome: low activity,ongoing,2011,2011,high,Source: UCDP Conflict Termination Dataset v4-2024 (Kreutz; JPR 47(2) 2010; Uppsala Conflict Data Program; attribution required); retrieved 2026-10-04 from ucdp.uu.se. Region: Asia. Battle-deaths estimate 29 (UCDP BRD v26.1 bd_best summed over episode years; BRD v26.1 covers 1989 onward and is one version newer than the CT base). Outcome: low activity.
ucdp:315-2,event,Government of United Kingdom vs RIRA,,UCDP armed conflict episode 2 of conflict 315 in United Kingdom; internationalized internal; 1 active year(s); outcome: ceasefire,ongoing,1998,1998,high,Source: UCDP Conflict Termination Dataset v4-2024 (Kreutz; JPR 47(2) 2010; Uppsala Conflict Data Program; attribution required); retrieved 2026-10-04 from ucdp.uu.se. Region: Europe. Battle-deaths estimate 29 (UCDP BRD v26.1 bd_best summed over episode years; BRD v26.1 covers 1989 onward and is one version newer than the CT base). Outcome: ceasefire.
ucdp:335-2,event,Government of India vs ATTF,,UCDP armed conflict episode 2 of conflict 335 in India; internationalized internal; 1 active year(s); outcome: peace agreement,ongoing,1992,1992,high,Source: UCDP Conflict Termination Dataset v4-2024 (Kreutz; JPR 47(2) 2010; Uppsala Conflict Data Program; attribution required); retrieved 2026-10-04 from ucdp.uu.se. Region: Asia. Battle-deaths estimate 29 (UCDP BRD v26.1 bd_best summed over episode years; BRD v26.1 covers 1989 onward and is one version newer than the CT base). Outcome: peace agreement.
ucdp:352-2,event,Government of Sri Lanka vs LTTE,,UCDP armed conflict episode 2 of conflict 352 in Sri Lanka; internationalized internal; 1 active year(s); outcome: low activity,ongoing,2003,2003,high,Source: UCDP Conflict Termination Dataset v4-2024 (Kreutz; JPR 47(2) 2010; Uppsala Conflict Data Program; attribution required); retrieved 2026-10-04 from ucdp.uu.se. Region: Asia. Battle-deaths estimate 29 (UCDP BRD v26.1 bd_best summed over episode years; BRD v26.1 covers 1989 onward and is one version newer than the CT base). Outcome: low activity.
ucdp:362-1,event,Government of Comoros vs Presidential guard,,UCDP armed conflict episode 1 of conflict 362 in Comoros; internationalized internal; 1 active year(s); outcome: victory for side B (non-state side),ongoing,1989,1989,high,Source: UCDP Conflict Termination Dataset v4-2024 (Kreutz; JPR 47(2) 2010; Uppsala Conflict Data Program; attribution required); retrieved 2026-10-04 from ucdp.uu.se. Region: Africa. Battle-deaths estimate 29 (UCDP BRD v26.1 bd_best summed over episode years; BRD v26.1 covers 1989 onward and is one version newer than the CT base). Outcome: victory for side B (non-state side).
ucdp:442-1,event,Government of Mauritania vs AQIM,,UCDP armed conflict episode 1 of conflict 442 in Mauritania; internationalized internal; 1 active year(s); outcome: low activity,ongoing,2010,2010,high,Source: UCDP Conflict Termination Dataset v4-2024 (Kreutz; JPR 47(2) 2010; Uppsala Conflict Data Program; attribution required); retrieved 2026-10-04 from ucdp.uu.se. Region: Africa. Battle-deaths estimate 29 (UCDP BRD v26.1 bd_best summed over episode years; BRD v26.1 covers 1989 onward and is one version newer than the CT base). Outcome: low activity.
ucdp:291-6,event,Government of Indonesia vs OPM,,UCDP armed conflict episode 6 of conflict 291 in Indonesia; internationalized internal; 7 active year(s); outcome: ongoing (no termination coded),ongoing,2018,,high,Source: UCDP Conflict Termination Dataset v4-2024 (Kreutz; JPR 47(2) 2010; Uppsala Conflict Data Program; attribution required); retrieved 2026-10-04 from ucdp.uu.se. Region: Asia. Battle-deaths estimate 28 (UCDP BRD v26.1 bd_best summed over episode years; BRD v26.1 covers 1989 onward and is one version newer than the CT base). Outcome: ongoing (no termination coded). end_year empty = episode ongoing per UCDP coding (activity never fell below the 25 battle-deaths/year threshold); not necessarily politically unresolved.
ucdp:353-4,event,Government of Cameroon vs JAS,,UCDP armed conflict episode 4 of conflict 353 in Cameroon; internationalized internal; 1 active year(s); outcome: low activity,ongoing,2020,2020,high,Source: UCDP Conflict Termination Dataset v4-2024 (Kreutz; JPR 47(2) 2010; Uppsala Conflict Data Program; attribution required); retrieved 2026-10-04 from ucdp.uu.se. Region: Africa. Battle-deaths estimate 28 (UCDP BRD v26.1 bd_best summed over episode years; BRD v26.1 covers 1989 onward and is one version newer than the CT base). Outcome: low activity.
ucdp:264-5,event,Government of Myanmar (Burma) vs RCSS; SSPP,,UCDP armed conflict episode 5 of conflict 264 in Myanmar (Burma); internationalized internal; 7 active year(s); outcome: ongoing (no termination coded),ongoing,2005,,high,Source: UCDP Conflict Termination Dataset v4-2024 (Kreutz; JPR 47(2) 2010; Uppsala Conflict Data Program; attribution required); retrieved 2026-10-04 from ucdp.uu.se. Region: Asia. Battle-deaths estimate 27 (UCDP BRD v26.1 bd_best summed over episode years; BRD v26.1 covers 1989 onward and is one version newer than the CT base). Outcome: ongoing (no termination coded). end_year empty = episode ongoing per UCDP coding (activity never fell below the 25 battle-deaths/year threshold); not necessarily politically unresolved.
ucdp:341-2,event,Government of Liberia vs INPFL; NPFL,,UCDP armed conflict episode 2 of conflict 341 in Liberia; internationalized internal; 2 active year(s); outcome: ongoing (no termination coded),ongoing,1989,,high,Source: UCDP Conflict Termination Dataset v4-2024 (Kreutz; JPR 47(2) 2010; Uppsala Conflict Data Program; attribution required); retrieved 2026-10-04 from ucdp.uu.se. Region: Africa. Battle-deaths estimate 27 (UCDP BRD v26.1 bd_best summed over episode years; BRD v26.1 covers 1989 onward and is one version newer than the CT base). Outcome: ongoing (no termination coded). end_year empty = episode ongoing per UCDP coding (activity never fell below the 25 battle-deaths/year threshold); not necessarily politically unresolved.
ucdp:347-4,event,Government of India vs KCP; PREPAK; UNLF,PLA,UCDP armed conflict episode 4 of conflict 347 in India; internationalized internal; 7 active year(s); outcome: ongoing (no termination coded),ongoing,2003,,high,Source: UCDP Conflict Termination Dataset v4-2024 (Kreutz; JPR 47(2) 2010; Uppsala Conflict Data Program; attribution required); retrieved 2026-10-04 from ucdp.uu.se. Region: Asia. Battle-deaths estimate 27 (UCDP BRD v26.1 bd_best summed over episode years; BRD v26.1 covers 1989 onward and is one version newer than the CT base). Outcome: ongoing (no termination coded). end_year empty = episode ongoing per UCDP coding (activity never fell below the 25 battle-deaths/year threshold); not necessarily politically unresolved.
ucdp:11342-1,event,Government of India vs GNLA,,UCDP armed conflict episode 1 of conflict 11342 in India; internationalized internal; 1 active year(s); outcome: low activity,ongoing,2012,2012,high,Source: UCDP Conflict Termination Dataset v4-2024 (Kreutz; JPR 47(2) 2010; Uppsala Conflict Data Program; attribution required); retrieved 2026-10-04 from ucdp.uu.se. Region: Asia. Battle-deaths estimate 27 (UCDP BRD v26.1 bd_best summed over episode years; BRD v26.1 covers 1989 onward and is one version newer than the CT base). Outcome: low activity.
ucdp:14268-1,event,Government of Iran vs IS,,UCDP armed conflict episode 1 of conflict 14268 in Iran; internationalized internal; 1 active year(s); outcome: low activity,ongoing,2017,2017,high,Source: UCDP Conflict Termination Dataset v4-2024 (Kreutz; JPR 47(2) 2010; Uppsala Conflict Data Program; attribution required); retrieved 2026-10-04 from ucdp.uu.se. Region: Middle East. Battle-deaths estimate 27 (UCDP BRD v26.1 bd_best summed over episode years; BRD v26.1 covers 1989 onward and is one version newer than the CT base). Outcome: low activity.
ucdp:14935-1,event,Government of Ethiopia vs Military faction (forces of Asaminew Tsige),,UCDP armed conflict episode 1 of conflict 14935 in Ethiopia; internationalized internal; 1 active year(s); outcome: victory for side A (government),ongoing,2019,2019,high,Source: UCDP Conflict Termination Dataset v4-2024 (Kreutz; JPR 47(2) 2010; Uppsala Conflict Data Program; attribution required); retrieved 2026-10-04 from ucdp.uu.se. Region: Africa. Battle-deaths estimate 27 (UCDP BRD v26.1 bd_best summed over episode years; BRD v26.1 covers 1989 onward and is one version newer than the CT base). Outcome: victory for side A (government).
ucdp:205-6,event,Government of Iran vs KDPI,,UCDP armed conflict episode 6 of conflict 205 in Iran; internationalized internal; 1 active year(s); outcome: low activity,ongoing,1996,1996,high,Source: UCDP Conflict Termination Dataset v4-2024 (Kreutz; JPR 47(2) 2010; Uppsala Conflict Data Program; attribution required); retrieved 2026-10-04 from ucdp.uu.se. Region: Middle East. Battle-deaths estimate 27 (UCDP BRD v26.1 bd_best summed over episode years; BRD v26.1 covers 1989 onward and is one version newer than the CT base). Outcome: low activity.
ucdp:393-2,event,Government of Georgia vs Republic of South Ossetia,,UCDP armed conflict episode 2 of conflict 393 in Georgia; internationalized internal; 1 active year(s); outcome: ceasefire,ongoing,2004,2004,high,Source: UCDP Conflict Termination Dataset v4-2024 (Kreutz; JPR 47(2) 2010; Uppsala Conflict Data Program; attribution required); retrieved 2026-10-04 from ucdp.uu.se. Region: Europe. Battle-deaths estimate 27 (UCDP BRD v26.1 bd_best summed over episode years; BRD v26.1 covers 1989 onward and is one version newer than the CT base). Outcome: ceasefire.
ucdp:423-1,event,Government of Thailand vs Patani insurgents,,UCDP armed conflict episode 1 of conflict 423 in Thailand; internationalized internal; 22 active year(s); outcome: ongoing (no termination coded),ongoing,2003,,high,Source: UCDP Conflict Termination Dataset v4-2024 (Kreutz; JPR 47(2) 2010; Uppsala Conflict Data Program; attribution required); retrieved 2026-10-04 from ucdp.uu.se. Region: Asia. Battle-deaths estimate 26 (UCDP BRD v26.1 bd_best summed over episode years; BRD v26.1 covers 1989 onward and is one version newer than the CT base). Outcome: ongoing (no termination coded). end_year empty = episode ongoing per UCDP coding (activity never fell below the 25 battle-deaths/year threshold); not necessarily politically unresolved.
ucdp:11342-2,event,Government of India vs GNLA,,UCDP armed conflict episode 2 of conflict 11342 in India; internationalized internal; 1 active year(s); outcome: actor ceases to exist,ongoing,2014,2014,high,Source: UCDP Conflict Termination Dataset v4-2024 (Kreutz; JPR 47(2) 2010; Uppsala Conflict Data Program; attribution required); retrieved 2026-10-04 from ucdp.uu.se. Region: Asia. Battle-deaths estimate 26 (UCDP BRD v26.1 bd_best summed over episode years; BRD v26.1 covers 1989 onward and is one version newer than the CT base). Outcome: actor ceases to exist.
ucdp:13645-2,event,Government of Yemen (North Yemen) vs IS,,UCDP armed conflict episode 2 of conflict 13645 in Yemen (North Yemen); internationalized internal; 1 active year(s); outcome: low activity,ongoing,2017,2017,high,Source: UCDP Conflict Termination Dataset v4-2024 (Kreutz; JPR 47(2) 2010; Uppsala Conflict Data Program; attribution required); retrieved 2026-10-04 from ucdp.uu.se. Region: Middle East. Battle-deaths estimate 26 (UCDP BRD v26.1 bd_best summed over episode years; BRD v26.1 covers 1989 onward and is one version newer than the CT base). Outcome: low activity.
ucdp:13721-1,event,Government of Algeria vs IS,,UCDP armed conflict episode 1 of conflict 13721 in Algeria; internationalized internal; 1 active year(s); outcome: low activity,ongoing,2015,2015,high,Source: UCDP Conflict Termination Dataset v4-2024 (Kreutz; JPR 47(2) 2010; Uppsala Conflict Data Program; attribution required); retrieved 2026-10-04 from ucdp.uu.se. Region: Africa. Battle-deaths estimate 26 (UCDP BRD v26.1 bd_best summed over episode years; BRD v26.1 covers 1989 onward and is one version newer than the CT base). Outcome: low activity.
ucdp:386-1,event,Government of Algeria vs AQIM,AIS|GIA|MUJAO|Takfir wa'l Hijra,UCDP armed conflict episode 1 of conflict 386 in Algeria; internationalized internal; 1 active year(s); outcome: low activity,ongoing,2020,2020,high,Source: UCDP Conflict Termination Dataset v4-2024 (Kreutz; JPR 47(2) 2010; Uppsala Conflict Data Program; attribution required); retrieved 2026-10-04 from ucdp.uu.se. Region: Africa. Battle-deaths estimate 26 (UCDP BRD v26.1 bd_best summed over episode years; BRD v26.1 covers 1989 onward and is one version newer than the CT base). Outcome: low activity.
ucdp:347-3,event,Government of India vs PLA; UNLF,,UCDP armed conflict episode 3 of conflict 347 in India; internationalized internal; 3 active year(s); outcome: ongoing (no termination coded),ongoing,1998,,high,Source: UCDP Conflict Termination Dataset v4-2024 (Kreutz; JPR 47(2) 2010; Uppsala Conflict Data Program; attribution required); retrieved 2026-10-04 from ucdp.uu.se. Region: Asia. Battle-deaths estimate 25 (UCDP BRD v26.1 bd_best summed over episode years; BRD v26.1 covers 1989 onward and is one version newer than the CT base). Outcome: ongoing (no termination coded). end_year empty = episode ongoing per UCDP coding (activity never fell below the 25 battle-deaths/year threshold); not necessarily politically unresolved.
ucdp:374-6,event,Government of Rwanda vs FDLR-FOCA,,UCDP armed conflict episode 6 of conflict 374 in Rwanda; internationalized internal; 3 active year(s); outcome: ongoing (no termination coded),ongoing,2022,,high,Source: UCDP Conflict Termination Dataset v4-2024 (Kreutz; JPR 47(2) 2010; Uppsala Conflict Data Program; attribution required); retrieved 2026-10-04 from ucdp.uu.se. Region: Africa. Battle-deaths estimate 25 (UCDP BRD v26.1 bd_best summed over episode years; BRD v26.1 covers 1989 onward and is one version newer than the CT base). Outcome: ongoing (no termination coded). end_year empty = episode ongoing per UCDP coding (activity never fell below the 25 battle-deaths/year threshold); not necessarily politically unresolved.
ucdp:387-9,event,Government of Angola vs FLEC-FAC-TN,,UCDP armed conflict episode 9 of conflict 387 in Angola; internationalized internal; 1 active year(s); outcome: ongoing (no termination coded),ongoing,2024,,high,Source: UCDP Conflict Termination Dataset v4-2024 (Kreutz; JPR 47(2) 2010; Uppsala Conflict Data Program; attribution required); retrieved 2026-10-04 from ucdp.uu.se. Region: Africa. Battle-deaths estimate 25 (UCDP BRD v26.1 bd_best summed over episode years; BRD v26.1 covers 1989 onward and is one version newer than the CT base). Outcome: ongoing (no termination coded). end_year empty = episode ongoing per UCDP coding (activity never fell below the 25 battle-deaths/year threshold); not necessarily politically unresolved.
ucdp:15183-1,event,Government of Tanzania vs IS,,UCDP armed conflict episode 1 of conflict 15183 in Tanzania; internationalized internal; 1 active year(s); outcome: low activity,ongoing,2020,2020,high,Source: UCDP Conflict Termination Dataset v4-2024 (Kreutz; JPR 47(2) 2010; Uppsala Conflict Data Program; attribution required); retrieved 2026-10-04 from ucdp.uu.se. Region: Africa. Battle-deaths estimate 25 (UCDP BRD v26.1 bd_best summed over episode years; BRD v26.1 covers 1989 onward and is one version newer than the CT base). Outcome: low activity.
ucdp:15438-1,event,Government of Uganda vs IS,,UCDP armed conflict episode 1 of conflict 15438 in Uganda; internationalized internal; 1 active year(s); outcome: low activity,ongoing,2022,2022,high,Source: UCDP Conflict Termination Dataset v4-2024 (Kreutz; JPR 47(2) 2010; Uppsala Conflict Data Program; attribution required); retrieved 2026-10-04 from ucdp.uu.se. Region: Africa. Battle-deaths estimate 25 (UCDP BRD v26.1 bd_best summed over episode years; BRD v26.1 covers 1989 onward and is one version newer than the CT base). Outcome: low activity.
ucdp:222-3,event,Government of Myanmar (Burma) vs ABSDF,,UCDP armed conflict episode 3 of conflict 222 in Myanmar (Burma); internationalized internal; 1 active year(s); outcome: low activity,ongoing,1994,1994,high,Source: UCDP Conflict Termination Dataset v4-2024 (Kreutz; JPR 47(2) 2010; Uppsala Conflict Data Program; attribution required); retrieved 2026-10-04 from ucdp.uu.se. Region: Asia. Battle-deaths estimate 25 (UCDP BRD v26.1 bd_best summed over episode years; BRD v26.1 covers 1989 onward and is one version newer than the CT base). Outcome: low activity.
ucdp:223-3,event,Government of Myanmar (Burma) vs RSO,,UCDP armed conflict episode 3 of conflict 223 in Myanmar (Burma); internationalized internal; 1 active year(s); outcome: low activity,ongoing,1991,1991,high,Source: UCDP Conflict Termination Dataset v4-2024 (Kreutz; JPR 47(2) 2010; Uppsala Conflict Data Program; attribution required); retrieved 2026-10-04 from ucdp.uu.se. Region: Asia. Battle-deaths estimate 25 (UCDP BRD v26.1 bd_best summed over episode years; BRD v26.1 covers 1989 onward and is one version newer than the CT base). Outcome: low activity.
ucdp:274-3,event,Government of China vs Government of India,,UCDP armed conflict episode 3 of conflict 274 in China; India; internal (internationalized); 1 active year(s); outcome: ceasefire,ongoing,2020,2020,high,Source: UCDP Conflict Termination Dataset v4-2024 (Kreutz; JPR 47(2) 2010; Uppsala Conflict Data Program; attribution required); retrieved 2026-10-04 from ucdp.uu.se. Region: Asia. Battle-deaths estimate 25 (UCDP BRD v26.1 bd_best summed over episode years; BRD v26.1 covers 1989 onward and is one version newer than the CT base). Outcome: ceasefire.
ucdp:326-2,event,Government of Eritrea vs EIJM - AS,,UCDP armed conflict episode 2 of conflict 326 in Eritrea; internationalized internal; 1 active year(s); outcome: low activity,ongoing,1999,1999,high,Source: UCDP Conflict Termination Dataset v4-2024 (Kreutz; JPR 47(2) 2010; Uppsala Conflict Data Program; attribution required); retrieved 2026-10-04 from ucdp.uu.se. Region: Africa. Battle-deaths estimate 25 (UCDP BRD v26.1 bd_best summed over episode years; BRD v26.1 covers 1989 onward and is one version newer than the CT base). Outcome: low activity.
ucdp:363-2,event,Government of Ethiopia vs ARDUF,,UCDP armed conflict episode 2 of conflict 363 in Ethiopia; internationalized internal; 1 active year(s); outcome: low activity,ongoing,1996,1996,high,Source: UCDP Conflict Termination Dataset v4-2024 (Kreutz; JPR 47(2) 2010; Uppsala Conflict Data Program; attribution required); retrieved 2026-10-04 from ucdp.uu.se. Region: Africa. Battle-deaths estimate 25 (UCDP BRD v26.1 bd_best summed over episode years; BRD v26.1 covers 1989 onward and is one version newer than the CT base). Outcome: low activity.
ucdp:375-7,event,Government of Senegal vs MFDC,,UCDP armed conflict episode 7 of conflict 375 in Senegal; internationalized internal; 1 active year(s); outcome: low activity,ongoing,2011,2011,high,Source: UCDP Conflict Termination Dataset v4-2024 (Kreutz; JPR 47(2) 2010; Uppsala Conflict Data Program; attribution required); retrieved 2026-10-04 from ucdp.uu.se. Region: Africa. Battle-deaths estimate 25 (UCDP BRD v26.1 bd_best summed over episode years; BRD v26.1 covers 1989 onward and is one version newer than the CT base). Outcome: low activity.
ucdp:379-2,event,Government of Djibouti vs FRUD-C,,UCDP armed conflict episode 2 of conflict 379 in Djibouti; internationalized internal; 1 active year(s); outcome: peace agreement,ongoing,1999,1999,high,Source: UCDP Conflict Termination Dataset v4-2024 (Kreutz; JPR 47(2) 2010; Uppsala Conflict Data Program; attribution required); retrieved 2026-10-04 from ucdp.uu.se. Region: Africa. Battle-deaths estimate 25 (UCDP BRD v26.1 bd_best summed over episode years; BRD v26.1 covers 1989 onward and is one version newer than the CT base). Outcome: peace agreement.
ucdp:387-4,event,Government of Angola vs FLEC-FAC,,UCDP armed conflict episode 4 of conflict 387 in Angola; internationalized internal; 1 active year(s); outcome: low activity,ongoing,2007,2007,high,Source: UCDP Conflict Termination Dataset v4-2024 (Kreutz; JPR 47(2) 2010; Uppsala Conflict Data Program; attribution required); retrieved 2026-10-04 from ucdp.uu.se. Region: Africa. Battle-deaths estimate 25 (UCDP BRD v26.1 bd_best summed over episode years; BRD v26.1 covers 1989 onward and is one version newer than the CT base). Outcome: low activity.
ucdp:387-5,event,Government of Angola vs FLEC-FAC,,UCDP armed conflict episode 5 of conflict 387 in Angola; internationalized internal; 1 active year(s); outcome: low activity,ongoing,2009,2009,high,Source: UCDP Conflict Termination Dataset v4-2024 (Kreutz; JPR 47(2) 2010; Uppsala Conflict Data Program; attribution required); retrieved 2026-10-04 from ucdp.uu.se. Region: Africa. Battle-deaths estimate 25 (UCDP BRD v26.1 bd_best summed over episode years; BRD v26.1 covers 1989 onward and is one version newer than the CT base). Outcome: low activity.
ucdp:387-8,event,Government of Angola vs FLEC-FAC-TN,,UCDP armed conflict episode 8 of conflict 387 in Angola; internationalized internal; 1 active year(s); outcome: low activity,ongoing,2022,2022,high,Source: UCDP Conflict Termination Dataset v4-2024 (Kreutz; JPR 47(2) 2010; Uppsala Conflict Data Program; attribution required); retrieved 2026-10-04 from ucdp.uu.se. Region: Africa. Battle-deaths estimate 25 (UCDP BRD v26.1 bd_best summed over episode years; BRD v26.1 covers 1989 onward and is one version newer than the CT base). Outcome: low activity.
ucdp:388-3,event,Government of Azerbaijan vs Republic of Artsakh,,UCDP armed conflict episode 3 of conflict 388 in Azerbaijan; internationalized internal; 1 active year(s); outcome: low activity,ongoing,2005,2005,high,Source: UCDP Conflict Termination Dataset v4-2024 (Kreutz; JPR 47(2) 2010; Uppsala Conflict Data Program; attribution required); retrieved 2026-10-04 from ucdp.uu.se. Region: Europe. Battle-deaths estimate 25 (UCDP BRD v26.1 bd_best summed over episode years; BRD v26.1 covers 1989 onward and is one version newer than the CT base). Outcome: low activity.
ucdp:388-5,event,Government of Azerbaijan vs Republic of Artsakh,,UCDP armed conflict episode 5 of conflict 388 in Azerbaijan; internationalized internal; 1 active year(s); outcome: low activity,ongoing,2012,2012,high,Source: UCDP Conflict Termination Dataset v4-2024 (Kreutz; JPR 47(2) 2010; Uppsala Conflict Data Program; attribution required); retrieved 2026-10-04 from ucdp.uu.se. Region: Europe. Battle-deaths estimate 25 (UCDP BRD v26.1 bd_best summed over episode years; BRD v26.1 covers 1989 onward and is one version newer than the CT base). Outcome: low activity.
ucdp:409-2,event,Government of Eritrea vs Government of Ethiopia,,UCDP armed conflict episode 2 of conflict 409 in Eritrea; Ethiopia; internal (internationalized); 1 active year(s); outcome: low activity,ongoing,2016,2016,high,Source: UCDP Conflict Termination Dataset v4-2024 (Kreutz; JPR 47(2) 2010; Uppsala Conflict Data Program; attribution required); retrieved 2026-10-04 from ucdp.uu.se. Region: Africa. Battle-deaths estimate 25 (UCDP BRD v26.1 bd_best summed over episode years; BRD v26.1 covers 1989 onward and is one version newer than the CT base). Outcome: low activity.
ucdp:434-1,event,Government of India vs PULF,,UCDP armed conflict episode 1 of conflict 434 in India; internationalized internal; 1 active year(s); outcome: victory for side A (government),ongoing,2008,2008,high,Source: UCDP Conflict Termination Dataset v4-2024 (Kreutz; JPR 47(2) 2010; Uppsala Conflict Data Program; attribution required); retrieved 2026-10-04 from ucdp.uu.se. Region: Asia. Battle-deaths estimate 25 (UCDP BRD v26.1 bd_best summed over episode years; BRD v26.1 covers 1989 onward and is one version newer than the CT base). Outcome: victory for side A (government).
ucdp:14197-2,event,Government of Somalia vs IS,,UCDP armed conflict episode 2 of conflict 14197 in Somalia; internationalized internal; 1 active year(s); outcome: ongoing (no termination coded),ongoing,2024,,high,Source: UCDP Conflict Termination Dataset v4-2024 (Kreutz; JPR 47(2) 2010; Uppsala Conflict Data Program; attribution required); retrieved 2026-10-04 from ucdp.uu.se. Region: Africa. No battle-deaths estimate (UCDP BRD v26.1 covers 1989 onward; this episode's conflict-years are absent from BRD or have zero recorded deaths). Outcome: ongoing (no termination coded). end_year empty = episode ongoing per UCDP coding (activity never fell below the 25 battle-deaths/year threshold); not necessarily politically unresolved.
ucdp:16379-1,event,Government of Somalia vs Jubaland State of Somalia,,UCDP armed conflict episode 1 of conflict 16379 in Somalia; internationalized internal; 1 active year(s); outcome: ongoing (no termination coded),ongoing,2024,,high,Source: UCDP Conflict Termination Dataset v4-2024 (Kreutz; JPR 47(2) 2010; Uppsala Conflict Data Program; attribution required); retrieved 2026-10-04 from ucdp.uu.se. Region: Africa. No battle-deaths estimate (UCDP BRD v26.1 covers 1989 onward; this episode's conflict-years are absent from BRD or have zero recorded deaths). Outcome: ongoing (no termination coded). end_year empty = episode ongoing per UCDP coding (activity never fell below the 25 battle-deaths/year threshold); not necessarily politically unresolved.
ucdp:230-1,event,Government of Yemen (North Yemen) vs Royalists,Opposition coalition,UCDP armed conflict episode 1 of conflict 230 in Yemen (North Yemen); internationalized internal; 9 active year(s); outcome: ongoing (no termination coded),ongoing,1962,,high,Source: UCDP Conflict Termination Dataset v4-2024 (Kreutz; JPR 47(2) 2010; Uppsala Conflict Data Program; attribution required); retrieved 2026-10-04 from ucdp.uu.se. Region: Middle East. No battle-deaths estimate (UCDP BRD v26.1 covers 1989 onward; this episode's conflict-years are absent from BRD or have zero recorded deaths). Outcome: ongoing (no termination coded). end_year empty = episode ongoing per UCDP coding (activity never fell below the 25 battle-deaths/year threshold); not necessarily politically unresolved.
ucdp:230-2,event,Government of Yemen (North Yemen) vs NDF,,UCDP armed conflict episode 2 of conflict 230 in Yemen (North Yemen); internationalized internal; 4 active year(s); outcome: ongoing (no termination coded),ongoing,1979,,high,Source: UCDP Conflict Termination Dataset v4-2024 (Kreutz; JPR 47(2) 2010; Uppsala Conflict Data Program; attribution required); retrieved 2026-10-04 from ucdp.uu.se. Region: Middle East. No battle-deaths estimate (UCDP BRD v26.1 covers 1989 onward; this episode's conflict-years are absent from BRD or have zero recorded deaths). Outcome: ongoing (no termination coded). end_year empty = episode ongoing per UCDP coding (activity never fell below the 25 battle-deaths/year threshold); not necessarily politically unresolved.
ucdp:234-1,event,Government of Israel vs PNA,Fatah|Hamas|Non PLO groups|PLO|PFLP|PFLP-GC,UCDP armed conflict episode 1 of conflict 234 in Israel; internationalized internal; 48 active year(s); outcome: ongoing (no termination coded),ongoing,1949,,high,Source: UCDP Conflict Termination Dataset v4-2024 (Kreutz; JPR 47(2) 2010; Uppsala Conflict Data Program; attribution required); retrieved 2026-10-04 from ucdp.uu.se. Region: Middle East. No battle-deaths estimate (UCDP BRD v26.1 covers 1989 onward; this episode's conflict-years are absent from BRD or have zero recorded deaths). Outcome: ongoing (no termination coded). end_year empty = episode ongoing per UCDP coding (activity never fell below the 25 battle-deaths/year threshold); not necessarily politically unresolved.
ucdp:247-1,event,Government of Argentina vs Military faction (forces of Eduardo A. Lonardi Doucet); Military faction (forces of Samuel Toranzo CalderÃ³n),,UCDP armed conflict episode 1 of conflict 247 in Argentina; internationalized internal; 1 active year(s); outcome: ongoing (no termination coded),ongoing,1955,,high,Source: UCDP Conflict Termination Dataset v4-2024 (Kreutz; JPR 47(2) 2010; Uppsala Conflict Data Program; attribution required); retrieved 2026-10-04 from ucdp.uu.se. Region: Americas. No battle-deaths estimate (UCDP BRD v26.1 covers 1989 onward; this episode's conflict-years are absent from BRD or have zero recorded deaths). Outcome: ongoing (no termination coded). end_year empty = episode ongoing per UCDP coding (activity never fell below the 25 battle-deaths/year threshold); not necessarily politically unresolved.
ucdp:247-3,event,Government of Argentina vs ERP; Montoneros,,UCDP armed conflict episode 3 of conflict 247 in Argentina; internationalized internal; 4 active year(s); outcome: ongoing (no termination coded),ongoing,1974,,high,Source: UCDP Conflict Termination Dataset v4-2024 (Kreutz; JPR 47(2) 2010; Uppsala Conflict Data Program; attribution required); retrieved 2026-10-04 from ucdp.uu.se. Region: Americas. No battle-deaths estimate (UCDP BRD v26.1 covers 1989 onward; this episode's conflict-years are absent from BRD or have zero recorded deaths). Outcome: ongoing (no termination coded). end_year empty = episode ongoing per UCDP coding (activity never fell below the 25 battle-deaths/year threshold); not necessarily politically unresolved.
ucdp:259-2,event,Government of Iraq vs Military faction (forces of Abd as-Salam Arif); NCRC,,UCDP armed conflict episode 2 of conflict 259 in Iraq; internationalized internal; 1 active year(s); outcome: ongoing (no termination coded),ongoing,1963,,high,Source: UCDP Conflict Termination Dataset v4-2024 (Kreutz; JPR 47(2) 2010; Uppsala Conflict Data Program; attribution required); retrieved 2026-10-04 from ucdp.uu.se. Region: Middle East. No battle-deaths estimate (UCDP BRD v26.1 covers 1989 onward; this episode's conflict-years are absent from BRD or have zero recorded deaths). Outcome: ongoing (no termination coded). end_year empty = episode ongoing per UCDP coding (activity never fell below the 25 battle-deaths/year threshold); not necessarily politically unresolved.
ucdp:260-2,event,Government of Lebanon vs LAA; NSF,,UCDP armed conflict episode 2 of conflict 260 in Lebanon; internationalized internal; 2 active year(s); outcome: ongoing (no termination coded),ongoing,1975,,high,Source: UCDP Conflict Termination Dataset v4-2024 (Kreutz; JPR 47(2) 2010; Uppsala Conflict Data Program; attribution required); retrieved 2026-10-04 from ucdp.uu.se. Region: Middle East. No battle-deaths estimate (UCDP BRD v26.1 covers 1989 onward; this episode's conflict-years are absent from BRD or have zero recorded deaths). Outcome: ongoing (no termination coded). end_year empty = episode ongoing per UCDP coding (activity never fell below the 25 battle-deaths/year threshold); not necessarily politically unresolved.
ucdp:260-3,event,Government of Lebanon vs Lebanese Forces - Hobeika faction; NUF,Amal|NSF,UCDP armed conflict episode 3 of conflict 260 in Lebanon; internationalized internal; 5 active year(s); outcome: ongoing (no termination coded),ongoing,1982,,high,Source: UCDP Conflict Termination Dataset v4-2024 (Kreutz; JPR 47(2) 2010; Uppsala Conflict Data Program; attribution required); retrieved 2026-10-04 from ucdp.uu.se. Region: Middle East. No battle-deaths estimate (UCDP BRD v26.1 covers 1989 onward; this episode's conflict-years are absent from BRD or have zero recorded deaths). Outcome: ongoing (no termination coded). end_year empty = episode ongoing per UCDP coding (activity never fell below the 25 battle-deaths/year threshold); not necessarily politically unresolved.
ucdp:263-1,event,Government of Portugal vs FNLA; MPLA,UNITA,UCDP armed conflict episode 1 of conflict 263 in Angola; extrasystemic; 14 active year(s); outcome: ongoing (no termination coded),ongoing,1961,,high,Source: UCDP Conflict Termination Dataset v4-2024 (Kreutz; JPR 47(2) 2010; Uppsala Conflict Data Program; attribution required); retrieved 2026-10-04 from ucdp.uu.se. Region: Africa. No battle-deaths estimate (UCDP BRD v26.1 covers 1989 onward; this episode's conflict-years are absent from BRD or have zero recorded deaths). Outcome: ongoing (no termination coded). end_year empty = episode ongoing per UCDP coding (activity never fell below the 25 battle-deaths/year threshold); not necessarily politically unresolved.
ucdp:264-1,event,Government of Myanmar (Burma) vs SSA; SSNLO; SURA,NSH|SNUF|SSIA,UCDP armed conflict episode 1 of conflict 264 in Myanmar (Burma); internationalized internal; 12 active year(s); outcome: ongoing (no termination coded),ongoing,1959,,high,Source: UCDP Conflict Termination Dataset v4-2024 (Kreutz; JPR 47(2) 2010; Uppsala Conflict Data Program; attribution required); retrieved 2026-10-04 from ucdp.uu.se. Region: Asia. No battle-deaths estimate (UCDP BRD v26.1 covers 1989 onward; this episode's conflict-years are absent from BRD or have zero recorded deaths). Outcome: ongoing (no termination coded). end_year empty = episode ongoing per UCDP coding (activity never fell below the 25 battle-deaths/year threshold); not necessarily politically unresolved.
ucdp:267-2,event,Government of Ethiopia vs EPRDF; Forces of Harar garrison,EDU|EPRP|TPLF|EPDM|Military faction (forces of Amsha Desta and Merid Negusie),UCDP armed conflict episode 2 of conflict 267 in Ethiopia; internationalized internal; 16 active year(s); outcome: ongoing (no termination coded),ongoing,1976,,high,Source: UCDP Conflict Termination Dataset v4-2024 (Kreutz; JPR 47(2) 2010; Uppsala Conflict Data Program; attribution required); retrieved 2026-10-04 from ucdp.uu.se. Region: Africa. No battle-deaths estimate (UCDP BRD v26.1 covers 1989 onward; this episode's conflict-years are absent from BRD or have zero recorded deaths). Outcome: ongoing (no termination coded). end_year empty = episode ongoing per UCDP coding (activity never fell below the 25 battle-deaths/year threshold); not necessarily politically unresolved.
ucdp:292-1,event,Government of Peru vs ELN; MIR,,UCDP armed conflict episode 1 of conflict 292 in Peru; internationalized internal; 1 active year(s); outcome: ongoing (no termination coded),ongoing,1965,,high,Source: UCDP Conflict Termination Dataset v4-2024 (Kreutz; JPR 47(2) 2010; Uppsala Conflict Data Program; attribution required); retrieved 2026-10-04 from ucdp.uu.se. Region: Americas. No battle-deaths estimate (UCDP BRD v26.1 covers 1989 onward; this episode's conflict-years are absent from BRD or have zero recorded deaths). Outcome: ongoing (no termination coded). end_year empty = episode ongoing per UCDP coding (activity never fell below the 25 battle-deaths/year threshold); not necessarily politically unresolved.
ucdp:300-2,event,Government of Cambodia (Kampuchea) vs Forces of Norodom Ranariddh; KR,FUNCINPEC|KPNLF|Military faction (Forces of Hun Sen)|KNUFNS,UCDP armed conflict episode 2 of conflict 300 in Cambodia (Kampuchea); internationalized internal; 21 active year(s); outcome: ongoing (no termination coded),ongoing,1978,,high,Source: UCDP Conflict Termination Dataset v4-2024 (Kreutz; JPR 47(2) 2010; Uppsala Conflict Data Program; attribution required); retrieved 2026-10-04 from ucdp.uu.se. Region: Asia. No battle-deaths estimate (UCDP BRD v26.1 covers 1989 onward; this episode's conflict-years are absent from BRD or have zero recorded deaths). Outcome: ongoing (no termination coded). end_year empty = episode ongoing per UCDP coding (activity never fell below the 25 battle-deaths/year threshold); not necessarily politically unresolved.
ucdp:308-1,event,Government of Philippines vs MILF; MNLF,MIM,UCDP armed conflict episode 1 of conflict 308 in Philippines; internationalized internal; 21 active year(s); outcome: ongoing (no termination coded),ongoing,1970,,high,Source: UCDP Conflict Termination Dataset v4-2024 (Kreutz; JPR 47(2) 2010; Uppsala Conflict Data Program; attribution required); retrieved 2026-10-04 from ucdp.uu.se. Region: Asia. No battle-deaths estimate (UCDP BRD v26.1 covers 1989 onward; this episode's conflict-years are absent from BRD or have zero recorded deaths). Outcome: ongoing (no termination coded). end_year empty = episode ongoing per UCDP coding (activity never fell below the 25 battle-deaths/year threshold); not necessarily politically unresolved.
ucdp:314-3,event,Government of Uganda vs UPA,FUNA|NRA|UNRF|Fronasa|Kikosi Maalum|UNLF,UCDP armed conflict episode 3 of conflict 314 in Uganda; internationalized internal; 14 active year(s); outcome: ongoing (no termination coded),ongoing,1979,,high,Source: UCDP Conflict Termination Dataset v4-2024 (Kreutz; JPR 47(2) 2010; Uppsala Conflict Data Program; attribution required); retrieved 2026-10-04 from ucdp.uu.se. Region: Africa. No battle-deaths estimate (UCDP BRD v26.1 covers 1989 onward; this episode's conflict-years are absent from BRD or have zero recorded deaths). Outcome: ongoing (no termination coded). end_year empty = episode ongoing per UCDP coding (activity never fell below the 25 battle-deaths/year threshold); not necessarily politically unresolved.
ucdp:317-1,event,Government of Oman vs PFLO,,UCDP armed conflict episode 1 of conflict 317 in Oman; internationalized internal; 7 active year(s); outcome: ongoing (no termination coded),ongoing,1969,,high,Source: UCDP Conflict Termination Dataset v4-2024 (Kreutz; JPR 47(2) 2010; Uppsala Conflict Data Program; attribution required); retrieved 2026-10-04 from ucdp.uu.se. Region: Middle East. No battle-deaths estimate (UCDP BRD v26.1 covers 1989 onward; this episode's conflict-years are absent from BRD or have zero recorded deaths). Outcome: ongoing (no termination coded). end_year empty = episode ongoing per UCDP coding (activity never fell below the 25 battle-deaths/year threshold); not necessarily politically unresolved.
ucdp:318-1,event,Government of Zimbabwe (Rhodesia) vs ZAPU,,UCDP armed conflict episode 1 of conflict 318 in Zimbabwe (Rhodesia); internationalized internal; 2 active year(s); outcome: ongoing (no termination coded),ongoing,1967,,high,Source: UCDP Conflict Termination Dataset v4-2024 (Kreutz; JPR 47(2) 2010; Uppsala Conflict Data Program; attribution required); retrieved 2026-10-04 from ucdp.uu.se. Region: Africa. No battle-deaths estimate (UCDP BRD v26.1 covers 1989 onward; this episode's conflict-years are absent from BRD or have zero recorded deaths). Outcome: ongoing (no termination coded). end_year empty = episode ongoing per UCDP coding (activity never fell below the 25 battle-deaths/year threshold); not necessarily politically unresolved.
ucdp:333-1,event,Government of Afghanistan vs NRF,AFF|Harakat-i Inqilab-i Islami-yi Afghanistan|Harakat-i Islami-yi Afghanistan|Hizb-i Islami-yi Afghanistan|Hizb-i Islami-yi Afghanistan - Khalis faction|Ittihad-i Islami Bara-yi Azadi-yi Afghanistan,UCDP armed conflict episode 1 of conflict 333 in Afghanistan; internationalized internal; 47 active year(s); outcome: ongoing (no termination coded),ongoing,1978,,high,Source: UCDP Conflict Termination Dataset v4-2024 (Kreutz; JPR 47(2) 2010; Uppsala Conflict Data Program; attribution required); retrieved 2026-10-04 from ucdp.uu.se. Region: Asia. No battle-deaths estimate (UCDP BRD v26.1 covers 1989 onward; this episode's conflict-years are absent from BRD or have zero recorded deaths). Outcome: ongoing (no termination coded). end_year empty = episode ongoing per UCDP coding (activity never fell below the 25 battle-deaths/year threshold); not necessarily politically unresolved.
ucdp:337-1,event,Government of Somalia vs SNM; SSDF,,UCDP armed conflict episode 1 of conflict 337 in Somalia; internationalized internal; 3 active year(s); outcome: ongoing (no termination coded),ongoing,1982,,high,Source: UCDP Conflict Termination Dataset v4-2024 (Kreutz; JPR 47(2) 2010; Uppsala Conflict Data Program; attribution required); retrieved 2026-10-04 from ucdp.uu.se. Region: Africa. No battle-deaths estimate (UCDP BRD v26.1 covers 1989 onward; this episode's conflict-years are absent from BRD or have zero recorded deaths). Outcome: ongoing (no termination coded). end_year empty = episode ongoing per UCDP coding (activity never fell below the 25 battle-deaths/year threshold); not necessarily politically unresolved.
ucdp:222-1,event,Government of Myanmar (Burma) vs CPB,"CPB-RF|PVO - ""White Band"" faction",UCDP armed conflict episode 1 of conflict 222 in Myanmar (Burma); internationalized internal; 41 active year(s); outcome: actor ceases to exist,ongoing,1948,1988,high,Source: UCDP Conflict Termination Dataset v4-2024 (Kreutz; JPR 47(2) 2010; Uppsala Conflict Data Program; attribution required); retrieved 2026-10-04 from ucdp.uu.se. Region: Asia. No battle-deaths estimate (UCDP BRD v26.1 covers 1989 onward; this episode's conflict-years are absent from BRD or have zero recorded deaths). Outcome: actor ceases to exist.
ucdp:223-2,event,Government of Myanmar (Burma) vs RPF,ALP|ANLP|CPA,UCDP armed conflict episode 2 of conflict 223 in Myanmar (Burma); internationalized internal; 15 active year(s); outcome: low activity,ongoing,1964,1978,high,Source: UCDP Conflict Termination Dataset v4-2024 (Kreutz; JPR 47(2) 2010; Uppsala Conflict Data Program; attribution required); retrieved 2026-10-04 from ucdp.uu.se. Region: Asia. No battle-deaths estimate (UCDP BRD v26.1 covers 1989 onward; this episode's conflict-years are absent from BRD or have zero recorded deaths). Outcome: low activity.
ucdp:224-1,event,Government of Myanmar (Burma) vs NMSP,MFL-MUF|MPF,UCDP armed conflict episode 1 of conflict 224 in Myanmar (Burma); internationalized internal; 15 active year(s); outcome: low activity,ongoing,1949,1963,high,Source: UCDP Conflict Termination Dataset v4-2024 (Kreutz; JPR 47(2) 2010; Uppsala Conflict Data Program; attribution required); retrieved 2026-10-04 from ucdp.uu.se. Region: Asia. No battle-deaths estimate (UCDP BRD v26.1 covers 1989 onward; this episode's conflict-years are absent from BRD or have zero recorded deaths). Outcome: low activity.
ucdp:223-1,event,Government of Myanmar (Burma) vs Mujahid Party,APLP,UCDP armed conflict episode 1 of conflict 223 in Myanmar (Burma); internationalized internal; 14 active year(s); outcome: victory for side A (government),ongoing,1948,1961,high,Source: UCDP Conflict Termination Dataset v4-2024 (Kreutz; JPR 47(2) 2010; Uppsala Conflict Data Program; attribution required); retrieved 2026-10-04 from ucdp.uu.se. Region: Asia. No battle-deaths estimate (UCDP BRD v26.1 covers 1989 onward; this episode's conflict-years are absent from BRD or have zero recorded deaths). Outcome: victory for side A (government).
ucdp:330-1,event,Government of Indonesia vs CNRT,,UCDP armed conflict episode 1 of conflict 330 in Indonesia; internationalized internal; 14 active year(s); outcome: low activity,ongoing,1975,1988,high,Source: UCDP Conflict Termination Dataset v4-2024 (Kreutz; JPR 47(2) 2010; Uppsala Conflict Data Program; attribution required); retrieved 2026-10-04 from ucdp.uu.se. Region: Asia. No battle-deaths estimate (UCDP BRD v26.1 covers 1989 onward; this episode's conflict-years are absent from BRD or have zero recorded deaths). Outcome: low activity.
ucdp:264-3,event,Government of Myanmar (Burma) vs MTA,SSRA|SURA|TRC,UCDP armed conflict episode 3 of conflict 264 in Myanmar (Burma); internationalized internal; 13 active year(s); outcome: low activity,ongoing,1976,1988,high,Source: UCDP Conflict Termination Dataset v4-2024 (Kreutz; JPR 47(2) 2010; Uppsala Conflict Data Program; attribution required); retrieved 2026-10-04 from ucdp.uu.se. Region: Asia. No battle-deaths estimate (UCDP BRD v26.1 covers 1989 onward; this episode's conflict-years are absent from BRD or have zero recorded deaths). Outcome: low activity.
ucdp:262-2,event,Government of Laos vs Pathet Lao,,UCDP armed conflict episode 2 of conflict 262 in Laos; internationalized internal; 11 active year(s); outcome: peace agreement,ongoing,1963,1973,high,Source: UCDP Conflict Termination Dataset v4-2024 (Kreutz; JPR 47(2) 2010; Uppsala Conflict Data Program; attribution required); retrieved 2026-10-04 from ucdp.uu.se. Region: Asia. No battle-deaths estimate (UCDP BRD v26.1 covers 1989 onward; this episode's conflict-years are absent from BRD or have zero recorded deaths). Outcome: peace agreement.
ucdp:279-1,event,Government of Portugal vs PAIGC,,UCDP armed conflict episode 1 of conflict 279 in Guinea-Bissau; extrasystemic; 11 active year(s); outcome: peace agreement,ongoing,1963,1973,high,Source: UCDP Conflict Termination Dataset v4-2024 (Kreutz; JPR 47(2) 2010; Uppsala Conflict Data Program; attribution required); retrieved 2026-10-04 from ucdp.uu.se. Region: Africa. No battle-deaths estimate (UCDP BRD v26.1 covers 1989 onward; this episode's conflict-years are absent from BRD or have zero recorded deaths). Outcome: peace agreement.
ucdp:285-1,event,Government of Portugal vs Frelimo,,UCDP armed conflict episode 1 of conflict 285 in Mozambique; extrasystemic; 11 active year(s); outcome: peace agreement,ongoing,1964,1974,high,Source: UCDP Conflict Termination Dataset v4-2024 (Kreutz; JPR 47(2) 2010; Uppsala Conflict Data Program; attribution required); retrieved 2026-10-04 from ucdp.uu.se. Region: Africa. No battle-deaths estimate (UCDP BRD v26.1 covers 1989 onward; this episode's conflict-years are absent from BRD or have zero recorded deaths). Outcome: peace agreement.
ucdp:293-1,event,Government of South Vietnam vs Government of Vietnam (North Vietnam),,UCDP armed conflict episode 1 of conflict 293 in South Vietnam; Vietnam (North Vietnam); internal (internationalized); 11 active year(s); outcome: victory for side B (non-state side),ongoing,1965,1975,high,Source: UCDP Conflict Termination Dataset v4-2024 (Kreutz; JPR 47(2) 2010; Uppsala Conflict Data Program; attribution required); retrieved 2026-10-04 from ucdp.uu.se. Region: Asia. No battle-deaths estimate (UCDP BRD v26.1 covers 1989 onward; this episode's conflict-years are absent from BRD or have zero recorded deaths). Outcome: victory for side B (non-state side).
ucdp:205-3,event,Government of Iran vs KDPI,,UCDP armed conflict episode 3 of conflict 205 in Iran; internationalized internal; 10 active year(s); outcome: low activity,ongoing,1979,1988,high,Source: UCDP Conflict Termination Dataset v4-2024 (Kreutz; JPR 47(2) 2010; Uppsala Conflict Data Program; attribution required); retrieved 2026-10-04 from ucdp.uu.se. Region: Middle East. No battle-deaths estimate (UCDP BRD v26.1 covers 1989 onward; this episode's conflict-years are absent from BRD or have zero recorded deaths). Outcome: low activity.
ucdp:229-1,event,Government of United Kingdom vs CPM,,UCDP armed conflict episode 1 of conflict 229 in Malaysia; extrasystemic; 10 active year(s); outcome: actor ceases to exist,ongoing,1948,1957,high,Source: UCDP Conflict Termination Dataset v4-2024 (Kreutz; JPR 47(2) 2010; Uppsala Conflict Data Program; attribution required); retrieved 2026-10-04 from ucdp.uu.se. Region: Asia. No battle-deaths estimate (UCDP BRD v26.1 covers 1989 onward; this episode's conflict-years are absent from BRD or have zero recorded deaths). Outcome: actor ceases to exist.
ucdp:249-1,event,Government of South Vietnam vs FNL,,UCDP armed conflict episode 1 of conflict 249 in South Vietnam; internationalized internal; 10 active year(s); outcome: actor ceases to exist,ongoing,1955,1964,high,Source: UCDP Conflict Termination Dataset v4-2024 (Kreutz; JPR 47(2) 2010; Uppsala Conflict Data Program; attribution required); retrieved 2026-10-04 from ucdp.uu.se. Region: Asia. No battle-deaths estimate (UCDP BRD v26.1 covers 1989 onward; this episode's conflict-years are absent from BRD or have zero recorded deaths). Outcome: actor ceases to exist.
ucdp:271-1,event,Government of Iraq vs KDP,,UCDP armed conflict episode 1 of conflict 271 in Iraq; internationalized internal; 10 active year(s); outcome: peace agreement,ongoing,1961,1970,high,Source: UCDP Conflict Termination Dataset v4-2024 (Kreutz; JPR 47(2) 2010; Uppsala Conflict Data Program; attribution required); retrieved 2026-10-04 from ucdp.uu.se. Region: Middle East. No battle-deaths estimate (UCDP BRD v26.1 covers 1989 onward; this episode's conflict-years are absent from BRD or have zero recorded deaths). Outcome: peace agreement.
ucdp:282-1,event,Government of Sudan vs SSLM,,UCDP armed conflict episode 1 of conflict 282 in Sudan; internationalized internal; 10 active year(s); outcome: peace agreement,ongoing,1963,1972,high,Source: UCDP Conflict Termination Dataset v4-2024 (Kreutz; JPR 47(2) 2010; Uppsala Conflict Data Program; attribution required); retrieved 2026-10-04 from ucdp.uu.se. Region: Africa. No battle-deaths estimate (UCDP BRD v26.1 covers 1989 onward; this episode's conflict-years are absent from BRD or have zero recorded deaths). Outcome: peace agreement.
ucdp:335-1,event,Government of India vs TNV,,UCDP armed conflict episode 1 of conflict 335 in India; internationalized internal; 10 active year(s); outcome: peace agreement,ongoing,1979,1988,high,Source: UCDP Conflict Termination Dataset v4-2024 (Kreutz; JPR 47(2) 2010; Uppsala Conflict Data Program; attribution required); retrieved 2026-10-04 from ucdp.uu.se. Region: Asia. No battle-deaths estimate (UCDP BRD v26.1 covers 1989 onward; this episode's conflict-years are absent from BRD or have zero recorded deaths). Outcome: peace agreement.
ucdp:440-1,event,Government of Myanmar (Burma) vs LNUP,,UCDP armed conflict episode 1 of conflict 440 in Myanmar (Burma); internationalized internal; 10 active year(s); outcome: actor ceases to exist,ongoing,1973,1982,high,Source: UCDP Conflict Termination Dataset v4-2024 (Kreutz; JPR 47(2) 2010; Uppsala Conflict Data Program; attribution required); retrieved 2026-10-04 from ucdp.uu.se. Region: Asia. No battle-deaths estimate (UCDP BRD v26.1 covers 1989 onward; this episode's conflict-years are absent from BRD or have zero recorded deaths). Outcome: actor ceases to exist.
ucdp:216-1,event,Government of France vs Viet minh,,UCDP armed conflict episode 1 of conflict 216 in Vietnam (North Vietnam); extrasystemic; 9 active year(s); outcome: peace agreement,ongoing,1946,1954,high,Source: UCDP Conflict Termination Dataset v4-2024 (Kreutz; JPR 47(2) 2010; Uppsala Conflict Data Program; attribution required); retrieved 2026-10-04 from ucdp.uu.se. Region: Asia. No battle-deaths estimate (UCDP BRD v26.1 covers 1989 onward; this episode's conflict-years are absent from BRD or have zero recorded deaths). Outcome: peace agreement.
ucdp:240-2,event,Government of Thailand vs CPT,,UCDP armed conflict episode 2 of conflict 240 in Thailand; internationalized internal; 9 active year(s); outcome: low activity,ongoing,1974,1982,high,Source: UCDP Conflict Termination Dataset v4-2024 (Kreutz; JPR 47(2) 2010; Uppsala Conflict Data Program; attribution required); retrieved 2026-10-04 from ucdp.uu.se. Region: Asia. No battle-deaths estimate (UCDP BRD v26.1 covers 1989 onward; this episode's conflict-years are absent from BRD or have zero recorded deaths). Outcome: low activity.
ucdp:246-1,event,Government of France vs FLN,MNA,UCDP armed conflict episode 1 of conflict 246 in Algeria; extrasystemic; 9 active year(s); outcome: peace agreement,ongoing,1954,1962,high,Source: UCDP Conflict Termination Dataset v4-2024 (Kreutz; JPR 47(2) 2010; Uppsala Conflict Data Program; attribution required); retrieved 2026-10-04 from ucdp.uu.se. Region: Africa. No battle-deaths estimate (UCDP BRD v26.1 covers 1989 onward; this episode's conflict-years are absent from BRD or have zero recorded deaths). Outcome: peace agreement.
ucdp:288-2,event,Government of Chad vs GUNT,FAN|FAP|FAT,UCDP armed conflict episode 2 of conflict 288 in Chad; internationalized internal; 9 active year(s); outcome: low activity,ongoing,1976,1984,high,Source: UCDP Conflict Termination Dataset v4-2024 (Kreutz; JPR 47(2) 2010; Uppsala Conflict Data Program; attribution required); retrieved 2026-10-04 from ucdp.uu.se. Region: Africa. No battle-deaths estimate (UCDP BRD v26.1 covers 1989 onward; this episode's conflict-years are absent from BRD or have zero recorded deaths). Outcome: low activity.
ucdp:300-1,event,Government of Cambodia (Kampuchea) vs KR,,UCDP armed conflict episode 1 of conflict 300 in Cambodia (Kampuchea); internationalized internal; 9 active year(s); outcome: victory for side B (non-state side),ongoing,1967,1975,high,Source: UCDP Conflict Termination Dataset v4-2024 (Kreutz; JPR 47(2) 2010; Uppsala Conflict Data Program; attribution required); retrieved 2026-10-04 from ucdp.uu.se. Region: Asia. No battle-deaths estimate (UCDP BRD v26.1 covers 1989 onward; this episode's conflict-years are absent from BRD or have zero recorded deaths). Outcome: victory for side B (non-state side).
ucdp:324-2,event,Government of Iran vs Government of Iraq,,UCDP armed conflict episode 2 of conflict 324 in Iran; Iraq; internal (internationalized); 9 active year(s); outcome: ceasefire,ongoing,1980,1988,high,Source: UCDP Conflict Termination Dataset v4-2024 (Kreutz; JPR 47(2) 2010; Uppsala Conflict Data Program; attribution required); retrieved 2026-10-04 from ucdp.uu.se. Region: Middle East. No battle-deaths estimate (UCDP BRD v26.1 covers 1989 onward; this episode's conflict-years are absent from BRD or have zero recorded deaths). Outcome: ceasefire.
ucdp:201-1,event,Government of France vs Khmer Issarak,,UCDP armed conflict episode 1 of conflict 201 in Cambodia (Kampuchea); extrasystemic; 8 active year(s); outcome: peace agreement,ongoing,1946,1953,high,Source: UCDP Conflict Termination Dataset v4-2024 (Kreutz; JPR 47(2) 2010; Uppsala Conflict Data Program; attribution required); retrieved 2026-10-04 from ucdp.uu.se. Region: Asia. No battle-deaths estimate (UCDP BRD v26.1 covers 1989 onward; this episode's conflict-years are absent from BRD or have zero recorded deaths). Outcome: peace agreement.
ucdp:208-1,event,Government of France vs Lao Issara,,UCDP armed conflict episode 1 of conflict 208 in Laos; extrasystemic; 8 active year(s); outcome: victory for side B (non-state side),ongoing,1946,1953,high,Source: UCDP Conflict Termination Dataset v4-2024 (Kreutz; JPR 47(2) 2010; Uppsala Conflict Data Program; attribution required); retrieved 2026-10-04 from ucdp.uu.se. Region: Asia. No battle-deaths estimate (UCDP BRD v26.1 covers 1989 onward; this episode's conflict-years are absent from BRD or have zero recorded deaths). Outcome: victory for side B (non-state side).
ucdp:251-2,event,Government of India vs NNC,,UCDP armed conflict episode 2 of conflict 251 in India; internationalized internal; 8 active year(s); outcome: low activity,ongoing,1961,1968,high,Source: UCDP Conflict Termination Dataset v4-2024 (Kreutz; JPR 47(2) 2010; Uppsala Conflict Data Program; attribution required); retrieved 2026-10-04 from ucdp.uu.se. Region: Asia. No battle-deaths estimate (UCDP BRD v26.1 covers 1989 onward; this episode's conflict-years are absent from BRD or have zero recorded deaths). Outcome: low activity.
ucdp:329-2,event,Government of Ethiopia vs WSLF,,UCDP armed conflict episode 2 of conflict 329 in Ethiopia; internationalized internal; 8 active year(s); outcome: victory for side A (government),ongoing,1976,1983,high,Source: UCDP Conflict Termination Dataset v4-2024 (Kreutz; JPR 47(2) 2010; Uppsala Conflict Data Program; attribution required); retrieved 2026-10-04 from ucdp.uu.se. Region: Africa. No battle-deaths estimate (UCDP BRD v26.1 covers 1989 onward; this episode's conflict-years are absent from BRD or have zero recorded deaths). Outcome: victory for side A (government).
ucdp:288-1,event,Government of Chad vs First Liberation Army,Second Liberation Army|Frolinat,UCDP armed conflict episode 1 of conflict 288 in Chad; internationalized internal; 7 active year(s); outcome: victory for side A (government),ongoing,1966,1972,high,Source: UCDP Conflict Termination Dataset v4-2024 (Kreutz; JPR 47(2) 2010; Uppsala Conflict Data Program; attribution required); retrieved 2026-10-04 from ucdp.uu.se. Region: Africa. No battle-deaths estimate (UCDP BRD v26.1 covers 1989 onward; this episode's conflict-years are absent from BRD or have zero recorded deaths). Outcome: victory for side A (government).
ucdp:318-2,event,Government of Zimbabwe (Rhodesia) vs PF,ZANU|ZAPU,UCDP armed conflict episode 2 of conflict 318 in Zimbabwe (Rhodesia); internationalized internal; 7 active year(s); outcome: peace agreement,ongoing,1973,1979,high,Source: UCDP Conflict Termination Dataset v4-2024 (Kreutz; JPR 47(2) 2010; Uppsala Conflict Data Program; attribution required); retrieved 2026-10-04 from ucdp.uu.se. Region: Africa. No battle-deaths estimate (UCDP BRD v26.1 covers 1989 onward; this episode's conflict-years are absent from BRD or have zero recorded deaths). Outcome: peace agreement.
ucdp:347-1,event,Government of India vs PLA,,UCDP armed conflict episode 1 of conflict 347 in India; internationalized internal; 7 active year(s); outcome: low activity,ongoing,1982,1988,high,Source: UCDP Conflict Termination Dataset v4-2024 (Kreutz; JPR 47(2) 2010; Uppsala Conflict Data Program; attribution required); retrieved 2026-10-04 from ucdp.uu.se. Region: Asia. No battle-deaths estimate (UCDP BRD v26.1 covers 1989 onward; this episode's conflict-years are absent from BRD or have zero recorded deaths). Outcome: low activity.
ucdp:213-1,event,Government of Russia (Soviet Union) vs UPA,,UCDP armed conflict episode 1 of conflict 213 in Russia (Soviet Union); internationalized internal; 5 active year(s); outcome: low activity,ongoing,1946,1950,high,Source: UCDP Conflict Termination Dataset v4-2024 (Kreutz; JPR 47(2) 2010; Uppsala Conflict Data Program; attribution required); retrieved 2026-10-04 from ucdp.uu.se. Region: Europe. No battle-deaths estimate (UCDP BRD v26.1 covers 1989 onward; this episode's conflict-years are absent from BRD or have zero recorded deaths). Outcome: low activity.
ucdp:235-1,event,Government of North Korea vs Government of South Korea,,UCDP armed conflict episode 1 of conflict 235 in North Korea; South Korea; internal (internationalized); 5 active year(s); outcome: ceasefire,ongoing,1949,1953,high,Source: UCDP Conflict Termination Dataset v4-2024 (Kreutz; JPR 47(2) 2010; Uppsala Conflict Data Program; attribution required); retrieved 2026-10-04 from ucdp.uu.se. Region: Asia. No battle-deaths estimate (UCDP BRD v26.1 covers 1989 onward; this episode's conflict-years are absent from BRD or have zero recorded deaths). Outcome: ceasefire.
ucdp:241-1,event,Government of United Kingdom vs Mau Mau,,UCDP armed conflict episode 1 of conflict 241 in Kenya; extrasystemic; 5 active year(s); outcome: victory for side A (government),ongoing,1952,1956,high,Source: UCDP Conflict Termination Dataset v4-2024 (Kreutz; JPR 47(2) 2010; Uppsala Conflict Data Program; attribution required); retrieved 2026-10-04 from ucdp.uu.se. Region: Africa. No battle-deaths estimate (UCDP BRD v26.1 covers 1989 onward; this episode's conflict-years are absent from BRD or have zero recorded deaths). Outcome: victory for side A (government).
ucdp:248-1,event,Government of United Kingdom vs EOKA,,UCDP armed conflict episode 1 of conflict 248 in Cyprus; extrasystemic; 5 active year(s); outcome: peace agreement,ongoing,1955,1959,high,Source: UCDP Conflict Termination Dataset v4-2024 (Kreutz; JPR 47(2) 2010; Uppsala Conflict Data Program; attribution required); retrieved 2026-10-04 from ucdp.uu.se. Region: Europe. No battle-deaths estimate (UCDP BRD v26.1 covers 1989 onward; this episode's conflict-years are absent from BRD or have zero recorded deaths). Outcome: peace agreement.
ucdp:342-1,event,Government of Spain vs ETA,,UCDP armed conflict episode 1 of conflict 342 in Spain; internationalized internal; 5 active year(s); outcome: low activity,ongoing,1978,1982,high,Source: UCDP Conflict Termination Dataset v4-2024 (Kreutz; JPR 47(2) 2010; Uppsala Conflict Data Program; attribution required); retrieved 2026-10-04 from ucdp.uu.se. Region: Europe. No battle-deaths estimate (UCDP BRD v26.1 covers 1989 onward; this episode's conflict-years are absent from BRD or have zero recorded deaths). Outcome: low activity.
ucdp:202-1,event,Government of China vs PLA,,UCDP armed conflict episode 1 of conflict 202 in China; internationalized internal; 4 active year(s); outcome: victory for side B (non-state side),ongoing,1946,1949,high,Source: UCDP Conflict Termination Dataset v4-2024 (Kreutz; JPR 47(2) 2010; Uppsala Conflict Data Program; attribution required); retrieved 2026-10-04 from ucdp.uu.se. Region: Asia. No battle-deaths estimate (UCDP BRD v26.1 covers 1989 onward; this episode's conflict-years are absent from BRD or have zero recorded deaths). Outcome: victory for side B (non-state side).
ucdp:203-1,event,Government of Greece vs DSE,,UCDP armed conflict episode 1 of conflict 203 in Greece; internationalized internal; 4 active year(s); outcome: victory for side A (government),ongoing,1946,1949,high,Source: UCDP Conflict Termination Dataset v4-2024 (Kreutz; JPR 47(2) 2010; Uppsala Conflict Data Program; attribution required); retrieved 2026-10-04 from ucdp.uu.se. Region: Europe. No battle-deaths estimate (UCDP BRD v26.1 covers 1989 onward; this episode's conflict-years are absent from BRD or have zero recorded deaths). Outcome: victory for side A (government).
ucdp:204-1,event,Government of Netherlands vs Indonesian People's Army,,UCDP armed conflict episode 1 of conflict 204 in Indonesia; extrasystemic; 4 active year(s); outcome: peace agreement,ongoing,1946,1949,high,Source: UCDP Conflict Termination Dataset v4-2024 (Kreutz; JPR 47(2) 2010; Uppsala Conflict Data Program; attribution required); retrieved 2026-10-04 from ucdp.uu.se. Region: Asia. No battle-deaths estimate (UCDP BRD v26.1 covers 1989 onward; this episode's conflict-years are absent from BRD or have zero recorded deaths). Outcome: peace agreement.
ucdp:227-1,event,Government of India vs CPI,,UCDP armed conflict episode 1 of conflict 227 in India; internationalized internal; 4 active year(s); outcome: low activity,ongoing,1948,1951,high,Source: UCDP Conflict Termination Dataset v4-2024 (Kreutz; JPR 47(2) 2010; Uppsala Conflict Data Program; attribution required); retrieved 2026-10-04 from ucdp.uu.se. Region: Asia. No battle-deaths estimate (UCDP BRD v26.1 covers 1989 onward; this episode's conflict-years are absent from BRD or have zero recorded deaths). Outcome: low activity.
ucdp:243-2,event,Government of Indonesia vs Darul Islam; Permesta Movement; PRRI,,UCDP armed conflict episode 2 of conflict 243 in Indonesia; internationalized internal; 4 active year(s); outcome: ceasefire,ongoing,1958,1961,high,Source: UCDP Conflict Termination Dataset v4-2024 (Kreutz; JPR 47(2) 2010; Uppsala Conflict Data Program; attribution required); retrieved 2026-10-04 from ucdp.uu.se. Region: Asia. No battle-deaths estimate (UCDP BRD v26.1 covers 1989 onward; this episode's conflict-years are absent from BRD or have zero recorded deaths). Outcome: ceasefire.
ucdp:244-1,event,Government of France vs Istiqlal,,UCDP armed conflict episode 1 of conflict 244 in Morocco; extrasystemic; 4 active year(s); outcome: peace agreement,ongoing,1953,1956,high,Source: UCDP Conflict Termination Dataset v4-2024 (Kreutz; JPR 47(2) 2010; Uppsala Conflict Data Program; attribution required); retrieved 2026-10-04 from ucdp.uu.se. Region: Africa. No battle-deaths estimate (UCDP BRD v26.1 covers 1989 onward; this episode's conflict-years are absent from BRD or have zero recorded deaths). Outcome: peace agreement.
ucdp:245-1,event,Government of France vs National Liberation Army,,UCDP armed conflict episode 1 of conflict 245 in Tunisia; extrasystemic; 4 active year(s); outcome: actor ceases to exist,ongoing,1953,1956,high,Source: UCDP Conflict Termination Dataset v4-2024 (Kreutz; JPR 47(2) 2010; Uppsala Conflict Data Program; attribution required); retrieved 2026-10-04 from ucdp.uu.se. Region: Africa. No battle-deaths estimate (UCDP BRD v26.1 covers 1989 onward; this episode's conflict-years are absent from BRD or have zero recorded deaths). Outcome: actor ceases to exist.
ucdp:251-1,event,Government of India vs NNC,,UCDP armed conflict episode 1 of conflict 251 in India; internationalized internal; 4 active year(s); outcome: low activity,ongoing,1956,1959,high,Source: UCDP Conflict Termination Dataset v4-2024 (Kreutz; JPR 47(2) 2010; Uppsala Conflict Data Program; attribution required); retrieved 2026-10-04 from ucdp.uu.se. Region: Asia. No battle-deaths estimate (UCDP BRD v26.1 covers 1989 onward; this episode's conflict-years are absent from BRD or have zero recorded deaths). Outcome: low activity.
ucdp:280-1,event,Government of Malaysia vs CCO,,UCDP armed conflict episode 1 of conflict 280 in Malaysia; internationalized internal; 4 active year(s); outcome: low activity,ongoing,1963,1966,high,Source: UCDP Conflict Termination Dataset v4-2024 (Kreutz; JPR 47(2) 2010; Uppsala Conflict Data Program; attribution required); retrieved 2026-10-04 from ucdp.uu.se. Region: Asia. No battle-deaths estimate (UCDP BRD v26.1 covers 1989 onward; this episode's conflict-years are absent from BRD or have zero recorded deaths). Outcome: low activity.
ucdp:281-1,event,Government of Indonesia vs Government of Malaysia,,UCDP armed conflict episode 1 of conflict 281 in Indonesia; Malaysia; internal (internationalized); 4 active year(s); outcome: peace agreement,ongoing,1963,1966,high,Source: UCDP Conflict Termination Dataset v4-2024 (Kreutz; JPR 47(2) 2010; Uppsala Conflict Data Program; attribution required); retrieved 2026-10-04 from ucdp.uu.se. Region: Asia. No battle-deaths estimate (UCDP BRD v26.1 covers 1989 onward; this episode's conflict-years are absent from BRD or have zero recorded deaths). Outcome: peace agreement.
ucdp:286-1,event,Government of United Kingdom vs FLOSY,,UCDP armed conflict episode 1 of conflict 286 in South Yemen; extrasystemic; 4 active year(s); outcome: peace agreement,ongoing,1964,1967,high,Source: UCDP Conflict Termination Dataset v4-2024 (Kreutz; JPR 47(2) 2010; Uppsala Conflict Data Program; attribution required); retrieved 2026-10-04 from ucdp.uu.se. Region: Middle East. No battle-deaths estimate (UCDP BRD v26.1 covers 1989 onward; this episode's conflict-years are absent from BRD or have zero recorded deaths). Outcome: peace agreement.
ucdp:299-2,event,Government of Syria vs Muslim Brotherhood,,UCDP armed conflict episode 2 of conflict 299 in Syria; internationalized internal; 4 active year(s); outcome: victory for side A (government),ongoing,1979,1982,high,Source: UCDP Conflict Termination Dataset v4-2024 (Kreutz; JPR 47(2) 2010; Uppsala Conflict Data Program; attribution required); retrieved 2026-10-04 from ucdp.uu.se. Region: Middle East. No battle-deaths estimate (UCDP BRD v26.1 covers 1989 onward; this episode's conflict-years are absent from BRD or have zero recorded deaths). Outcome: victory for side A (government).
ucdp:303-1,event,Government of Nigeria vs Republic of Biafra,,UCDP armed conflict episode 1 of conflict 303 in Nigeria; internationalized internal; 4 active year(s); outcome: victory for side A (government),ongoing,1967,1970,high,Source: UCDP Conflict Termination Dataset v4-2024 (Kreutz; JPR 47(2) 2010; Uppsala Conflict Data Program; attribution required); retrieved 2026-10-04 from ucdp.uu.se. Region: Africa. No battle-deaths estimate (UCDP BRD v26.1 covers 1989 onward; this episode's conflict-years are absent from BRD or have zero recorded deaths). Outcome: victory for side A (government).
ucdp:325-1,event,Government of Pakistan vs BLF,,UCDP armed conflict episode 1 of conflict 325 in Pakistan; internationalized internal; 4 active year(s); outcome: ceasefire,ongoing,1974,1977,high,Source: UCDP Conflict Termination Dataset v4-2024 (Kreutz; JPR 47(2) 2010; Uppsala Conflict Data Program; attribution required); retrieved 2026-10-04 from ucdp.uu.se. Region: Asia. No battle-deaths estimate (UCDP BRD v26.1 covers 1989 onward; this episode's conflict-years are absent from BRD or have zero recorded deaths). Outcome: ceasefire.
ucdp:334-2,event,Government of China vs Government of Vietnam (North Vietnam),,UCDP armed conflict episode 2 of conflict 334 in China; Vietnam (North Vietnam); internal (internationalized); 4 active year(s); outcome: victory for side B (non-state side),ongoing,1978,1981,high,Source: UCDP Conflict Termination Dataset v4-2024 (Kreutz; JPR 47(2) 2010; Uppsala Conflict Data Program; attribution required); retrieved 2026-10-04 from ucdp.uu.se. Region: Asia. No battle-deaths estimate (UCDP BRD v26.1 covers 1989 onward; this episode's conflict-years are absent from BRD or have zero recorded deaths). Outcome: victory for side B (non-state side).
ucdp:338-1,event,Government of Iran vs MEK,,UCDP armed conflict episode 1 of conflict 338 in Iran; internationalized internal; 4 active year(s); outcome: low activity,ongoing,1979,1982,high,Source: UCDP Conflict Termination Dataset v4-2024 (Kreutz; JPR 47(2) 2010; Uppsala Conflict Data Program; attribution required); retrieved 2026-10-04 from ucdp.uu.se. Region: Middle East. No battle-deaths estimate (UCDP BRD v26.1 covers 1989 onward; this episode's conflict-years are absent from BRD or have zero recorded deaths). Outcome: low activity.
ucdp:345-2,event,Government of South Africa vs ANC,,UCDP armed conflict episode 2 of conflict 345 in South Africa; internationalized internal; 4 active year(s); outcome: low activity,ongoing,1985,1988,high,Source: UCDP Conflict Termination Dataset v4-2024 (Kreutz; JPR 47(2) 2010; Uppsala Conflict Data Program; attribution required); retrieved 2026-10-04 from ucdp.uu.se. Region: Africa. No battle-deaths estimate (UCDP BRD v26.1 covers 1989 onward; this episode's conflict-years are absent from BRD or have zero recorded deaths). Outcome: low activity.
ucdp:428-1,event,Government of Mauritania vs POLISARIO,,UCDP armed conflict episode 1 of conflict 428 in Mauritania; internationalized internal; 4 active year(s); outcome: peace agreement,ongoing,1975,1978,high,Source: UCDP Conflict Termination Dataset v4-2024 (Kreutz; JPR 47(2) 2010; Uppsala Conflict Data Program; attribution required); retrieved 2026-10-04 from ucdp.uu.se. Region: Africa. No battle-deaths estimate (UCDP BRD v26.1 covers 1989 onward; this episode's conflict-years are absent from BRD or have zero recorded deaths). Outcome: peace agreement.
ucdp:436-1,event,Government of Ethiopia vs SALF,,UCDP armed conflict episode 1 of conflict 436 in Ethiopia; internationalized internal; 4 active year(s); outcome: low activity,ongoing,1977,1980,high,Source: UCDP Conflict Termination Dataset v4-2024 (Kreutz; JPR 47(2) 2010; Uppsala Conflict Data Program; attribution required); retrieved 2026-10-04 from ucdp.uu.se. Region: Africa. No battle-deaths estimate (UCDP BRD v26.1 covers 1989 onward; this episode's conflict-years are absent from BRD or have zero recorded deaths). Outcome: low activity.
ucdp:205-2,event,Government of Iran vs KDPI,,UCDP armed conflict episode 2 of conflict 205 in Iran; internationalized internal; 3 active year(s); outcome: low activity,ongoing,1966,1968,high,Source: UCDP Conflict Termination Dataset v4-2024 (Kreutz; JPR 47(2) 2010; Uppsala Conflict Data Program; attribution required); retrieved 2026-10-04 from ucdp.uu.se. Region: Middle East. No battle-deaths estimate (UCDP BRD v26.1 covers 1989 onward; this episode's conflict-years are absent from BRD or have zero recorded deaths). Outcome: low activity.
ucdp:210-1,event,Government of Russia (Soviet Union) vs Forest Brothers,,UCDP armed conflict episode 1 of conflict 210 in Russia (Soviet Union); internationalized internal; 3 active year(s); outcome: low activity,ongoing,1946,1948,high,Source: UCDP Conflict Termination Dataset v4-2024 (Kreutz; JPR 47(2) 2010; Uppsala Conflict Data Program; attribution required); retrieved 2026-10-04 from ucdp.uu.se. Region: Europe. No battle-deaths estimate (UCDP BRD v26.1 covers 1989 onward; this episode's conflict-years are absent from BRD or have zero recorded deaths). Outcome: low activity.
ucdp:212-1,event,Government of Russia (Soviet Union) vs BDPS,,UCDP armed conflict episode 1 of conflict 212 in Russia (Soviet Union); internationalized internal; 3 active year(s); outcome: low activity,ongoing,1946,1948,high,Source: UCDP Conflict Termination Dataset v4-2024 (Kreutz; JPR 47(2) 2010; Uppsala Conflict Data Program; attribution required); retrieved 2026-10-04 from ucdp.uu.se. Region: Europe. No battle-deaths estimate (UCDP BRD v26.1 covers 1989 onward; this episode's conflict-years are absent from BRD or have zero recorded deaths). Outcome: low activity.
ucdp:227-2,event,Government of India vs CPI-ML,,UCDP armed conflict episode 2 of conflict 227 in India; internationalized internal; 3 active year(s); outcome: victory for side A (government),ongoing,1969,1971,high,Source: UCDP Conflict Termination Dataset v4-2024 (Kreutz; JPR 47(2) 2010; Uppsala Conflict Data Program; attribution required); retrieved 2026-10-04 from ucdp.uu.se. Region: Asia. No battle-deaths estimate (UCDP BRD v26.1 covers 1989 onward; this episode's conflict-years are absent from BRD or have zero recorded deaths). Outcome: victory for side A (government).
ucdp:242-2,event,Government of Cuba vs M-26-7,,UCDP armed conflict episode 2 of conflict 242 in Cuba; internationalized internal; 3 active year(s); outcome: victory for side B (non-state side),ongoing,1956,1958,high,Source: UCDP Conflict Termination Dataset v4-2024 (Kreutz; JPR 47(2) 2010; Uppsala Conflict Data Program; attribution required); retrieved 2026-10-04 from ucdp.uu.se. Region: Americas. No battle-deaths estimate (UCDP BRD v26.1 covers 1989 onward; this episode's conflict-years are absent from BRD or have zero recorded deaths). Outcome: victory for side B (non-state side).
ucdp:254-1,event,Government of France vs UPC,,UCDP armed conflict episode 1 of conflict 254 in Cameroon; extrasystemic; 3 active year(s); outcome: actor ceases to exist,ongoing,1957,1959,high,Source: UCDP Conflict Termination Dataset v4-2024 (Kreutz; JPR 47(2) 2010; Uppsala Conflict Data Program; attribution required); retrieved 2026-10-04 from ucdp.uu.se. Region: Africa. No battle-deaths estimate (UCDP BRD v26.1 covers 1989 onward; this episode's conflict-years are absent from BRD or have zero recorded deaths). Outcome: actor ceases to exist.
ucdp:259-3,event,Government of Iraq vs SCIRI,,UCDP armed conflict episode 3 of conflict 259 in Iraq; internationalized internal; 3 active year(s); outcome: low activity,ongoing,1982,1984,high,Source: UCDP Conflict Termination Dataset v4-2024 (Kreutz; JPR 47(2) 2010; Uppsala Conflict Data Program; attribution required); retrieved 2026-10-04 from ucdp.uu.se. Region: Middle East. No battle-deaths estimate (UCDP BRD v26.1 covers 1989 onward; this episode's conflict-years are absent from BRD or have zero recorded deaths). Outcome: low activity.
ucdp:261-1,event,Government of Malaysia vs CPM,,UCDP armed conflict episode 1 of conflict 261 in Malaysia; internationalized internal; 3 active year(s); outcome: victory for side A (government),ongoing,1958,1960,high,Source: UCDP Conflict Termination Dataset v4-2024 (Kreutz; JPR 47(2) 2010; Uppsala Conflict Data Program; attribution required); retrieved 2026-10-04 from ucdp.uu.se. Region: Asia. No battle-deaths estimate (UCDP BRD v26.1 covers 1989 onward; this episode's conflict-years are absent from BRD or have zero recorded deaths). Outcome: victory for side A (government).
ucdp:262-1,event,Government of Laos vs Pathet Lao,Neutralists,UCDP armed conflict episode 1 of conflict 262 in Laos; internationalized internal; 3 active year(s); outcome: peace agreement,ongoing,1959,1961,high,Source: UCDP Conflict Termination Dataset v4-2024 (Kreutz; JPR 47(2) 2010; Uppsala Conflict Data Program; attribution required); retrieved 2026-10-04 from ucdp.uu.se. Region: Asia. No battle-deaths estimate (UCDP BRD v26.1 covers 1989 onward; this episode's conflict-years are absent from BRD or have zero recorded deaths). Outcome: peace agreement.
ucdp:266-1,event,Government of DR Congo (Zaire) vs Independent Mining State of South Kasai,,UCDP armed conflict episode 1 of conflict 266 in DR Congo (Zaire); internationalized internal; 3 active year(s); outcome: victory for side A (government),ongoing,1960,1962,high,Source: UCDP Conflict Termination Dataset v4-2024 (Kreutz; JPR 47(2) 2010; Uppsala Conflict Data Program; attribution required); retrieved 2026-10-04 from ucdp.uu.se. Region: Africa. No battle-deaths estimate (UCDP BRD v26.1 covers 1989 onward; this episode's conflict-years are absent from BRD or have zero recorded deaths). Outcome: victory for side A (government).
ucdp:269-1,event,Government of Nepal vs NC,,UCDP armed conflict episode 1 of conflict 269 in Nepal; internationalized internal; 3 active year(s); outcome: ceasefire,ongoing,1960,1962,high,Source: UCDP Conflict Termination Dataset v4-2024 (Kreutz; JPR 47(2) 2010; Uppsala Conflict Data Program; attribution required); retrieved 2026-10-04 from ucdp.uu.se. Region: Asia. No battle-deaths estimate (UCDP BRD v26.1 covers 1989 onward; this episode's conflict-years are absent from BRD or have zero recorded deaths). Outcome: ceasefire.
ucdp:291-2,event,Government of Indonesia vs OPM,,UCDP armed conflict episode 2 of conflict 291 in Indonesia; internationalized internal; 3 active year(s); outcome: low activity,ongoing,1967,1969,high,Source: UCDP Conflict Termination Dataset v4-2024 (Kreutz; JPR 47(2) 2010; Uppsala Conflict Data Program; attribution required); retrieved 2026-10-04 from ucdp.uu.se. Region: Asia. No battle-deaths estimate (UCDP BRD v26.1 covers 1989 onward; this episode's conflict-years are absent from BRD or have zero recorded deaths). Outcome: low activity.
ucdp:291-3,event,Government of Indonesia vs OPM,,UCDP armed conflict episode 3 of conflict 291 in Indonesia; internationalized internal; 3 active year(s); outcome: low activity,ongoing,1976,1978,high,Source: UCDP Conflict Termination Dataset v4-2024 (Kreutz; JPR 47(2) 2010; Uppsala Conflict Data Program; attribution required); retrieved 2026-10-04 from ucdp.uu.se. Region: Asia. No battle-deaths estimate (UCDP BRD v26.1 covers 1989 onward; this episode's conflict-years are absent from BRD or have zero recorded deaths). Outcome: low activity.
ucdp:296-1,event,Government of India vs MNF,,UCDP armed conflict episode 1 of conflict 296 in India; internationalized internal; 3 active year(s); outcome: low activity,ongoing,1966,1968,high,Source: UCDP Conflict Termination Dataset v4-2024 (Kreutz; JPR 47(2) 2010; Uppsala Conflict Data Program; attribution required); retrieved 2026-10-04 from ucdp.uu.se. Region: Asia. No battle-deaths estimate (UCDP BRD v26.1 covers 1989 onward; this episode's conflict-years are absent from BRD or have zero recorded deaths). Outcome: low activity.
ucdp:328-1,event,Government of Cambodia (Kampuchea) vs Government of Vietnam (North Vietnam),,UCDP armed conflict episode 1 of conflict 328 in Cambodia (Kampuchea); Vietnam (North Vietnam); internal (internationalized); 3 active year(s); outcome: low activity,ongoing,1975,1977,high,Source: UCDP Conflict Termination Dataset v4-2024 (Kreutz; JPR 47(2) 2010; Uppsala Conflict Data Program; attribution required); retrieved 2026-10-04 from ucdp.uu.se. Region: Asia. No battle-deaths estimate (UCDP BRD v26.1 covers 1989 onward; this episode's conflict-years are absent from BRD or have zero recorded deaths). Outcome: low activity.
ucdp:334-4,event,Government of China vs Government of Vietnam (North Vietnam),,UCDP armed conflict episode 4 of conflict 334 in China; Vietnam (North Vietnam); internal (internationalized); 3 active year(s); outcome: low activity,ongoing,1986,1988,high,Source: UCDP Conflict Termination Dataset v4-2024 (Kreutz; JPR 47(2) 2010; Uppsala Conflict Data Program; attribution required); retrieved 2026-10-04 from ucdp.uu.se. Region: Asia. No battle-deaths estimate (UCDP BRD v26.1 covers 1989 onward; this episode's conflict-years are absent from BRD or have zero recorded deaths). Outcome: low activity.
ucdp:336-1,event,Government of Nicaragua vs FSLN,,UCDP armed conflict episode 1 of conflict 336 in Nicaragua; internationalized internal; 3 active year(s); outcome: victory for side B (non-state side),ongoing,1977,1979,high,Source: UCDP Conflict Termination Dataset v4-2024 (Kreutz; JPR 47(2) 2010; Uppsala Conflict Data Program; attribution required); retrieved 2026-10-04 from ucdp.uu.se. Region: Americas. No battle-deaths estimate (UCDP BRD v26.1 covers 1989 onward; this episode's conflict-years are absent from BRD or have zero recorded deaths). Outcome: victory for side B (non-state side).
ucdp:338-2,event,Government of Iran vs MEK,,UCDP armed conflict episode 2 of conflict 338 in Iran; internationalized internal; 3 active year(s); outcome: victory for side A (government),ongoing,1986,1988,high,Source: UCDP Conflict Termination Dataset v4-2024 (Kreutz; JPR 47(2) 2010; Uppsala Conflict Data Program; attribution required); retrieved 2026-10-04 from ucdp.uu.se. Region: Middle East. No battle-deaths estimate (UCDP BRD v26.1 covers 1989 onward; this episode's conflict-years are absent from BRD or have zero recorded deaths). Outcome: victory for side A (government).
ucdp:342-2,event,Government of Spain vs ETA,,UCDP armed conflict episode 2 of conflict 342 in Spain; internationalized internal; 3 active year(s); outcome: ceasefire,ongoing,1985,1987,high,Source: UCDP Conflict Termination Dataset v4-2024 (Kreutz; JPR 47(2) 2010; Uppsala Conflict Data Program; attribution required); retrieved 2026-10-04 from ucdp.uu.se. Region: Europe. No battle-deaths estimate (UCDP BRD v26.1 covers 1989 onward; this episode's conflict-years are absent from BRD or have zero recorded deaths). Outcome: ceasefire.
ucdp:345-1,event,Government of South Africa vs ANC,,UCDP armed conflict episode 1 of conflict 345 in South Africa; internationalized internal; 3 active year(s); outcome: low activity,ongoing,1981,1983,high,Source: UCDP Conflict Termination Dataset v4-2024 (Kreutz; JPR 47(2) 2010; Uppsala Conflict Data Program; attribution required); retrieved 2026-10-04 from ucdp.uu.se. Region: Africa. No battle-deaths estimate (UCDP BRD v26.1 covers 1989 onward; this episode's conflict-years are absent from BRD or have zero recorded deaths). Outcome: low activity.
ucdp:356-1,event,Government of Laos vs Government of Thailand,,UCDP armed conflict episode 1 of conflict 356 in Laos; Thailand; internal (internationalized); 3 active year(s); outcome: ceasefire,ongoing,1986,1988,high,Source: UCDP Conflict Termination Dataset v4-2024 (Kreutz; JPR 47(2) 2010; Uppsala Conflict Data Program; attribution required); retrieved 2026-10-04 from ucdp.uu.se. Region: Asia. No battle-deaths estimate (UCDP BRD v26.1 covers 1989 onward; this episode's conflict-years are absent from BRD or have zero recorded deaths). Outcome: ceasefire.
ucdp:11343-2,event,Government of Egypt vs Government of Israel,,UCDP armed conflict episode 2 of conflict 11343 in Egypt; Israel; internal (internationalized); 2 active year(s); outcome: ceasefire,ongoing,1969,1970,high,Source: UCDP Conflict Termination Dataset v4-2024 (Kreutz; JPR 47(2) 2010; Uppsala Conflict Data Program; attribution required); retrieved 2026-10-04 from ucdp.uu.se. Region: Middle East. No battle-deaths estimate (UCDP BRD v26.1 covers 1989 onward; this episode's conflict-years are absent from BRD or have zero recorded deaths). Outcome: ceasefire.
ucdp:11884-1,event,Government of Hyderabad vs CPI,,UCDP armed conflict episode 1 of conflict 11884 in Hyderabad; internationalized internal; 2 active year(s); outcome: actor ceases to exist,ongoing,1947,1948,high,Source: UCDP Conflict Termination Dataset v4-2024 (Kreutz; JPR 47(2) 2010; Uppsala Conflict Data Program; attribution required); retrieved 2026-10-04 from ucdp.uu.se. Region: Asia. No battle-deaths estimate (UCDP BRD v26.1 covers 1989 onward; this episode's conflict-years are absent from BRD or have zero recorded deaths). Outcome: actor ceases to exist.
ucdp:218-2,event,Government of India vs Government of Pakistan,,UCDP armed conflict episode 2 of conflict 218 in India; Pakistan; internal (internationalized); 2 active year(s); outcome: peace agreement,ongoing,1964,1965,high,Source: UCDP Conflict Termination Dataset v4-2024 (Kreutz; JPR 47(2) 2010; Uppsala Conflict Data Program; attribution required); retrieved 2026-10-04 from ucdp.uu.se. Region: Asia. No battle-deaths estimate (UCDP BRD v26.1 covers 1989 onward; this episode's conflict-years are absent from BRD or have zero recorded deaths). Outcome: peace agreement.
ucdp:228-1,event,Government of Egypt; Government of Iraq; Government of Jordan; Government of Lebanon; Government of Syria vs Government of Israel,,UCDP armed conflict episode 1 of conflict 228 in Egypt; Iraq; Israel; Jordan; Lebanon; Syria; internal (internationalized); 2 active year(s); outcome: ceasefire,ongoing,1948,1949,high,Source: UCDP Conflict Termination Dataset v4-2024 (Kreutz; JPR 47(2) 2010; Uppsala Conflict Data Program; attribution required); retrieved 2026-10-04 from ucdp.uu.se. Region: Middle East. No battle-deaths estimate (UCDP BRD v26.1 covers 1989 onward; this episode's conflict-years are absent from BRD or have zero recorded deaths). Outcome: ceasefire.
ucdp:231-1,event,Government of Myanmar (Burma) vs PNDF,,UCDP armed conflict episode 1 of conflict 231 in Myanmar (Burma); internationalized internal; 2 active year(s); outcome: victory for side A (government),ongoing,1949,1950,high,Source: UCDP Conflict Termination Dataset v4-2024 (Kreutz; JPR 47(2) 2010; Uppsala Conflict Data Program; attribution required); retrieved 2026-10-04 from ucdp.uu.se. Region: Asia. No battle-deaths estimate (UCDP BRD v26.1 covers 1989 onward; this episode's conflict-years are absent from BRD or have zero recorded deaths). Outcome: victory for side A (government).
ucdp:232-1,event,Government of China vs Government of Taiwan,,UCDP armed conflict episode 1 of conflict 232 in China; Taiwan; internal (internationalized); 2 active year(s); outcome: low activity,ongoing,1949,1950,high,Source: UCDP Conflict Termination Dataset v4-2024 (Kreutz; JPR 47(2) 2010; Uppsala Conflict Data Program; attribution required); retrieved 2026-10-04 from ucdp.uu.se. Region: Asia. No battle-deaths estimate (UCDP BRD v26.1 covers 1989 onward; this episode's conflict-years are absent from BRD or have zero recorded deaths). Outcome: low activity.
ucdp:239-1,event,Government of Egypt vs Government of United Kingdom,,UCDP armed conflict episode 1 of conflict 239 in Egypt; United Kingdom; internal (internationalized); 2 active year(s); outcome: low activity,ongoing,1951,1952,high,Source: UCDP Conflict Termination Dataset v4-2024 (Kreutz; JPR 47(2) 2010; Uppsala Conflict Data Program; attribution required); retrieved 2026-10-04 from ucdp.uu.se. Region: Europe;Middle East. No battle-deaths estimate (UCDP BRD v26.1 covers 1989 onward; this episode's conflict-years are absent from BRD or have zero recorded deaths). Outcome: low activity.
ucdp:256-1,event,Government of France vs NLA,,UCDP armed conflict episode 1 of conflict 256 in Mauritania; Morocco; extrasystemic; 2 active year(s); outcome: victory for side A (government),ongoing,1957,1958,high,Source: UCDP Conflict Termination Dataset v4-2024 (Kreutz; JPR 47(2) 2010; Uppsala Conflict Data Program; attribution required); retrieved 2026-10-04 from ucdp.uu.se. Region: Africa. No battle-deaths estimate (UCDP BRD v26.1 covers 1989 onward; this episode's conflict-years are absent from BRD or have zero recorded deaths). Outcome: victory for side A (government).
ucdp:257-1,event,Government of Spain vs NLA,,UCDP armed conflict episode 1 of conflict 257 in Mauritania; Morocco; extrasystemic; 2 active year(s); outcome: victory for side A (government),ongoing,1957,1958,high,Source: UCDP Conflict Termination Dataset v4-2024 (Kreutz; JPR 47(2) 2010; Uppsala Conflict Data Program; attribution required); retrieved 2026-10-04 from ucdp.uu.se. Region: Africa. No battle-deaths estimate (UCDP BRD v26.1 covers 1989 onward; this episode's conflict-years are absent from BRD or have zero recorded deaths). Outcome: victory for side A (government).
ucdp:259-1,event,Government of Iraq vs Military faction (forces of Abdul Wahab al-Shawaf),Military faction (free Officers Movement),UCDP armed conflict episode 1 of conflict 259 in Iraq; internationalized internal; 2 active year(s); outcome: victory for side A (government),ongoing,1958,1959,high,Source: UCDP Conflict Termination Dataset v4-2024 (Kreutz; JPR 47(2) 2010; Uppsala Conflict Data Program; attribution required); retrieved 2026-10-04 from ucdp.uu.se. Region: Middle East. No battle-deaths estimate (UCDP BRD v26.1 covers 1989 onward; this episode's conflict-years are absent from BRD or have zero recorded deaths). Outcome: victory for side A (government).
ucdp:261-2,event,Government of Malaysia vs CPM,,UCDP armed conflict episode 2 of conflict 261 in Malaysia; internationalized internal; 2 active year(s); outcome: low activity,ongoing,1974,1975,high,Source: UCDP Conflict Termination Dataset v4-2024 (Kreutz; JPR 47(2) 2010; Uppsala Conflict Data Program; attribution required); retrieved 2026-10-04 from ucdp.uu.se. Region: Asia. No battle-deaths estimate (UCDP BRD v26.1 covers 1989 onward; this episode's conflict-years are absent from BRD or have zero recorded deaths). Outcome: low activity.
ucdp:264-2,event,Government of Myanmar (Burma) vs SSA,,UCDP armed conflict episode 2 of conflict 264 in Myanmar (Burma); internationalized internal; 2 active year(s); outcome: low activity,ongoing,1972,1973,high,Source: UCDP Conflict Termination Dataset v4-2024 (Kreutz; JPR 47(2) 2010; Uppsala Conflict Data Program; attribution required); retrieved 2026-10-04 from ucdp.uu.se. Region: Asia. No battle-deaths estimate (UCDP BRD v26.1 covers 1989 onward; this episode's conflict-years are absent from BRD or have zero recorded deaths). Outcome: low activity.
ucdp:265-1,event,Government of DR Congo (Zaire) vs State of Katanga,,UCDP armed conflict episode 1 of conflict 265 in DR Congo (Zaire); internationalized internal; 2 active year(s); outcome: victory for side A (government),ongoing,1961,1962,high,Source: UCDP Conflict Termination Dataset v4-2024 (Kreutz; JPR 47(2) 2010; Uppsala Conflict Data Program; attribution required); retrieved 2026-10-04 from ucdp.uu.se. Region: Africa. No battle-deaths estimate (UCDP BRD v26.1 covers 1989 onward; this episode's conflict-years are absent from BRD or have zero recorded deaths). Outcome: victory for side A (government).
ucdp:268-2,event,Government of Ethiopia vs Government of Somalia,,UCDP armed conflict episode 2 of conflict 268 in Ethiopia; Somalia; internal (internationalized); 2 active year(s); outcome: victory for side A (government),ongoing,1977,1978,high,Source: UCDP Conflict Termination Dataset v4-2024 (Kreutz; JPR 47(2) 2010; Uppsala Conflict Data Program; attribution required); retrieved 2026-10-04 from ucdp.uu.se. Region: Africa. No battle-deaths estimate (UCDP BRD v26.1 covers 1989 onward; this episode's conflict-years are absent from BRD or have zero recorded deaths). Outcome: victory for side A (government).
ucdp:270-1,event,Government of France vs OAS,,UCDP armed conflict episode 1 of conflict 270 in France; internationalized internal; 2 active year(s); outcome: victory for side A (government),ongoing,1961,1962,high,Source: UCDP Conflict Termination Dataset v4-2024 (Kreutz; JPR 47(2) 2010; Uppsala Conflict Data Program; attribution required); retrieved 2026-10-04 from ucdp.uu.se. Region: Europe. No battle-deaths estimate (UCDP BRD v26.1 covers 1989 onward; this episode's conflict-years are absent from BRD or have zero recorded deaths). Outcome: victory for side A (government).
ucdp:283-1,event,Government of DR Congo (Zaire) vs CNL,,UCDP armed conflict episode 1 of conflict 283 in DR Congo (Zaire); internationalized internal; 2 active year(s); outcome: victory for side A (government),ongoing,1964,1965,high,Source: UCDP Conflict Termination Dataset v4-2024 (Kreutz; JPR 47(2) 2010; Uppsala Conflict Data Program; attribution required); retrieved 2026-10-04 from ucdp.uu.se. Region: Africa. No battle-deaths estimate (UCDP BRD v26.1 covers 1989 onward; this episode's conflict-years are absent from BRD or have zero recorded deaths). Outcome: victory for side A (government).
ucdp:283-3,event,Government of DR Congo (Zaire) vs FLNC,,UCDP armed conflict episode 3 of conflict 283 in DR Congo (Zaire); internationalized internal; 2 active year(s); outcome: victory for side A (government),ongoing,1977,1978,high,Source: UCDP Conflict Termination Dataset v4-2024 (Kreutz; JPR 47(2) 2010; Uppsala Conflict Data Program; attribution required); retrieved 2026-10-04 from ucdp.uu.se. Region: Africa. No battle-deaths estimate (UCDP BRD v26.1 covers 1989 onward; this episode's conflict-years are absent from BRD or have zero recorded deaths). Outcome: victory for side A (government).
ucdp:288-3,event,Government of Chad vs CDR,GUNT,UCDP armed conflict episode 3 of conflict 288 in Chad; internationalized internal; 2 active year(s); outcome: ceasefire,ongoing,1986,1987,high,Source: UCDP Conflict Termination Dataset v4-2024 (Kreutz; JPR 47(2) 2010; Uppsala Conflict Data Program; attribution required); retrieved 2026-10-04 from ucdp.uu.se. Region: Africa. No battle-deaths estimate (UCDP BRD v26.1 covers 1989 onward; this episode's conflict-years are absent from BRD or have zero recorded deaths). Outcome: ceasefire.
ucdp:294-1,event,Government of Cambodia (Kampuchea) vs Government of Thailand,,UCDP armed conflict episode 1 of conflict 294 in Cambodia (Kampuchea); Thailand; internal (internationalized); 2 active year(s); outcome: low activity,ongoing,1977,1978,high,Source: UCDP Conflict Termination Dataset v4-2024 (Kreutz; JPR 47(2) 2010; Uppsala Conflict Data Program; attribution required); retrieved 2026-10-04 from ucdp.uu.se. Region: Asia. No battle-deaths estimate (UCDP BRD v26.1 covers 1989 onward; this episode's conflict-years are absent from BRD or have zero recorded deaths). Outcome: low activity.
ucdp:314-1,event,Government of Uganda vs Kikosi Maalum,Military faction (forces of Idi Amin),UCDP armed conflict episode 1 of conflict 314 in Uganda; internationalized internal; 2 active year(s); outcome: victory for side A (government),ongoing,1971,1972,high,Source: UCDP Conflict Termination Dataset v4-2024 (Kreutz; JPR 47(2) 2010; Uppsala Conflict Data Program; attribution required); retrieved 2026-10-04 from ucdp.uu.se. Region: Africa. No battle-deaths estimate (UCDP BRD v26.1 covers 1989 onward; this episode's conflict-years are absent from BRD or have zero recorded deaths). Outcome: victory for side A (government).
ucdp:334-3,event,Government of China vs Government of Vietnam (North Vietnam),,UCDP armed conflict episode 3 of conflict 334 in China; Vietnam (North Vietnam); internal (internationalized); 2 active year(s); outcome: low activity,ongoing,1983,1984,high,Source: UCDP Conflict Termination Dataset v4-2024 (Kreutz; JPR 47(2) 2010; Uppsala Conflict Data Program; attribution required); retrieved 2026-10-04 from ucdp.uu.se. Region: Asia. No battle-deaths estimate (UCDP BRD v26.1 covers 1989 onward; this episode's conflict-years are absent from BRD or have zero recorded deaths). Outcome: low activity.
ucdp:339-1,event,Government of Iran vs APCO,,UCDP armed conflict episode 1 of conflict 339 in Iran; internationalized internal; 2 active year(s); outcome: low activity,ongoing,1979,1980,high,Source: UCDP Conflict Termination Dataset v4-2024 (Kreutz; JPR 47(2) 2010; Uppsala Conflict Data Program; attribution required); retrieved 2026-10-04 from ucdp.uu.se. Region: Middle East. No battle-deaths estimate (UCDP BRD v26.1 covers 1989 onward; this episode's conflict-years are absent from BRD or have zero recorded deaths). Outcome: low activity.
ucdp:353-1,event,Government of Cameroon vs UPC,,UCDP armed conflict episode 1 of conflict 353 in Cameroon; internationalized internal; 2 active year(s); outcome: low activity,ongoing,1960,1961,high,Source: UCDP Conflict Termination Dataset v4-2024 (Kreutz; JPR 47(2) 2010; Uppsala Conflict Data Program; attribution required); retrieved 2026-10-04 from ucdp.uu.se. Region: Africa. No battle-deaths estimate (UCDP BRD v26.1 covers 1989 onward; this episode's conflict-years are absent from BRD or have zero recorded deaths). Outcome: low activity.
ucdp:363-1,event,Government of Ethiopia vs ALF,,UCDP armed conflict episode 1 of conflict 363 in Ethiopia; internationalized internal; 2 active year(s); outcome: low activity,ongoing,1975,1976,high,Source: UCDP Conflict Termination Dataset v4-2024 (Kreutz; JPR 47(2) 2010; Uppsala Conflict Data Program; attribution required); retrieved 2026-10-04 from ucdp.uu.se. Region: Africa. No battle-deaths estimate (UCDP BRD v26.1 covers 1989 onward; this episode's conflict-years are absent from BRD or have zero recorded deaths). Outcome: low activity.
ucdp:413-1,event,Government of Ethiopia vs OLF,,UCDP armed conflict episode 1 of conflict 413 in Ethiopia; internationalized internal; 2 active year(s); outcome: low activity,ongoing,1977,1978,high,Source: UCDP Conflict Termination Dataset v4-2024 (Kreutz; JPR 47(2) 2010; Uppsala Conflict Data Program; attribution required); retrieved 2026-10-04 from ucdp.uu.se. Region: Africa. No battle-deaths estimate (UCDP BRD v26.1 covers 1989 onward; this episode's conflict-years are absent from BRD or have zero recorded deaths). Outcome: low activity.
ucdp:413-2,event,Government of Ethiopia vs OLF,,UCDP armed conflict episode 2 of conflict 413 in Ethiopia; internationalized internal; 2 active year(s); outcome: low activity,ongoing,1980,1981,high,Source: UCDP Conflict Termination Dataset v4-2024 (Kreutz; JPR 47(2) 2010; Uppsala Conflict Data Program; attribution required); retrieved 2026-10-04 from ucdp.uu.se. Region: Africa. No battle-deaths estimate (UCDP BRD v26.1 covers 1989 onward; this episode's conflict-years are absent from BRD or have zero recorded deaths). Outcome: low activity.
ucdp:11343-1,event,Government of Egypt vs Government of Israel,,UCDP armed conflict episode 1 of conflict 11343 in Egypt; Israel; internal (internationalized); 1 active year(s); outcome: victory for side A (government),ongoing,1967,1967,high,Source: UCDP Conflict Termination Dataset v4-2024 (Kreutz; JPR 47(2) 2010; Uppsala Conflict Data Program; attribution required); retrieved 2026-10-04 from ucdp.uu.se. Region: Middle East. No battle-deaths estimate (UCDP BRD v26.1 covers 1989 onward; this episode's conflict-years are absent from BRD or have zero recorded deaths). Outcome: victory for side A (government).
ucdp:11343-3,event,Government of Egypt vs Government of Israel,,UCDP armed conflict episode 3 of conflict 11343 in Egypt; Israel; internal (internationalized); 1 active year(s); outcome: victory for side A (government),ongoing,1973,1973,high,Source: UCDP Conflict Termination Dataset v4-2024 (Kreutz; JPR 47(2) 2010; Uppsala Conflict Data Program; attribution required); retrieved 2026-10-04 from ucdp.uu.se. Region: Middle East. No battle-deaths estimate (UCDP BRD v26.1 covers 1989 onward; this episode's conflict-years are absent from BRD or have zero recorded deaths). Outcome: victory for side A (government).
ucdp:200-1,event,Government of Bolivia vs Popular Revolutionary Movement,,UCDP armed conflict episode 1 of conflict 200 in Bolivia; internationalized internal; 1 active year(s); outcome: victory for side B (non-state side),ongoing,1946,1946,high,Source: UCDP Conflict Termination Dataset v4-2024 (Kreutz; JPR 47(2) 2010; Uppsala Conflict Data Program; attribution required); retrieved 2026-10-04 from ucdp.uu.se. Region: Americas. No battle-deaths estimate (UCDP BRD v26.1 covers 1989 onward; this episode's conflict-years are absent from BRD or have zero recorded deaths). Outcome: victory for side B (non-state side).
ucdp:200-2,event,Government of Bolivia vs MNR,,UCDP armed conflict episode 2 of conflict 200 in Bolivia; internationalized internal; 1 active year(s); outcome: victory for side A (government),ongoing,1949,1949,high,Source: UCDP Conflict Termination Dataset v4-2024 (Kreutz; JPR 47(2) 2010; Uppsala Conflict Data Program; attribution required); retrieved 2026-10-04 from ucdp.uu.se. Region: Americas. No battle-deaths estimate (UCDP BRD v26.1 covers 1989 onward; this episode's conflict-years are absent from BRD or have zero recorded deaths). Outcome: victory for side A (government).
ucdp:200-3,event,Government of Bolivia vs MNR,,UCDP armed conflict episode 3 of conflict 200 in Bolivia; internationalized internal; 1 active year(s); outcome: victory for side B (non-state side),ongoing,1952,1952,high,Source: UCDP Conflict Termination Dataset v4-2024 (Kreutz; JPR 47(2) 2010; Uppsala Conflict Data Program; attribution required); retrieved 2026-10-04 from ucdp.uu.se. Region: Americas. No battle-deaths estimate (UCDP BRD v26.1 covers 1989 onward; this episode's conflict-years are absent from BRD or have zero recorded deaths). Outcome: victory for side B (non-state side).
ucdp:200-4,event,Government of Bolivia vs ELN,,UCDP armed conflict episode 4 of conflict 200 in Bolivia; internationalized internal; 1 active year(s); outcome: victory for side A (government),ongoing,1967,1967,high,Source: UCDP Conflict Termination Dataset v4-2024 (Kreutz; JPR 47(2) 2010; Uppsala Conflict Data Program; attribution required); retrieved 2026-10-04 from ucdp.uu.se. Region: Americas. No battle-deaths estimate (UCDP BRD v26.1 covers 1989 onward; this episode's conflict-years are absent from BRD or have zero recorded deaths). Outcome: victory for side A (government).
ucdp:205-1,event,Government of Iran vs KDPI,,UCDP armed conflict episode 1 of conflict 205 in Iran; internationalized internal; 1 active year(s); outcome: victory for side A (government),ongoing,1946,1946,high,Source: UCDP Conflict Termination Dataset v4-2024 (Kreutz; JPR 47(2) 2010; Uppsala Conflict Data Program; attribution required); retrieved 2026-10-04 from ucdp.uu.se. Region: Middle East. No battle-deaths estimate (UCDP BRD v26.1 covers 1989 onward; this episode's conflict-years are absent from BRD or have zero recorded deaths). Outcome: victory for side A (government).
ucdp:206-1,event,Government of Iran vs Republic of Azerbaijan,,UCDP armed conflict episode 1 of conflict 206 in Iran; internationalized internal; 1 active year(s); outcome: victory for side A (government),ongoing,1946,1946,high,Source: UCDP Conflict Termination Dataset v4-2024 (Kreutz; JPR 47(2) 2010; Uppsala Conflict Data Program; attribution required); retrieved 2026-10-04 from ucdp.uu.se. Region: Middle East. No battle-deaths estimate (UCDP BRD v26.1 covers 1989 onward; this episode's conflict-years are absent from BRD or have zero recorded deaths). Outcome: victory for side A (government).
ucdp:207-1,event,Government of United Kingdom vs IZL [Etzel],,UCDP armed conflict episode 1 of conflict 207 in Israel; extrasystemic; 1 active year(s); outcome: low activity,ongoing,1946,1946,high,Source: UCDP Conflict Termination Dataset v4-2024 (Kreutz; JPR 47(2) 2010; Uppsala Conflict Data Program; attribution required); retrieved 2026-10-04 from ucdp.uu.se. Region: Middle East. No battle-deaths estimate (UCDP BRD v26.1 covers 1989 onward; this episode's conflict-years are absent from BRD or have zero recorded deaths). Outcome: low activity.
ucdp:211-1,event,Government of Russia (Soviet Union) vs LNPA; LTS(p)A,,UCDP armed conflict episode 1 of conflict 211 in Russia (Soviet Union); internationalized internal; 1 active year(s); outcome: low activity,ongoing,1946,1946,high,Source: UCDP Conflict Termination Dataset v4-2024 (Kreutz; JPR 47(2) 2010; Uppsala Conflict Data Program; attribution required); retrieved 2026-10-04 from ucdp.uu.se. Region: Europe. No battle-deaths estimate (UCDP BRD v26.1 covers 1989 onward; this episode's conflict-years are absent from BRD or have zero recorded deaths). Outcome: low activity.
ucdp:214-1,event,Government of France vs Government of Thailand,,UCDP armed conflict episode 1 of conflict 214 in France; Thailand; internal (internationalized); 1 active year(s); outcome: peace agreement,ongoing,1946,1946,high,Source: UCDP Conflict Termination Dataset v4-2024 (Kreutz; JPR 47(2) 2010; Uppsala Conflict Data Program; attribution required); retrieved 2026-10-04 from ucdp.uu.se. Region: Europe;Asia. No battle-deaths estimate (UCDP BRD v26.1 covers 1989 onward; this episode's conflict-years are absent from BRD or have zero recorded deaths). Outcome: peace agreement.
ucdp:215-1,event,Government of Albania vs Government of United Kingdom,,UCDP armed conflict episode 1 of conflict 215 in Albania; United Kingdom; internal (internationalized); 1 active year(s); outcome: ceasefire,ongoing,1946,1946,high,Source: UCDP Conflict Termination Dataset v4-2024 (Kreutz; JPR 47(2) 2010; Uppsala Conflict Data Program; attribution required); retrieved 2026-10-04 from ucdp.uu.se. Region: Europe. No battle-deaths estimate (UCDP BRD v26.1 covers 1989 onward; this episode's conflict-years are absent from BRD or have zero recorded deaths). Outcome: ceasefire.
ucdp:217-1,event,Government of China vs Taiwanese insurgents,,UCDP armed conflict episode 1 of conflict 217 in China; internationalized internal; 1 active year(s); outcome: victory for side A (government),ongoing,1947,1947,high,Source: UCDP Conflict Termination Dataset v4-2024 (Kreutz; JPR 47(2) 2010; Uppsala Conflict Data Program; attribution required); retrieved 2026-10-04 from ucdp.uu.se. Region: Asia. No battle-deaths estimate (UCDP BRD v26.1 covers 1989 onward; this episode's conflict-years are absent from BRD or have zero recorded deaths). Outcome: victory for side A (government).
ucdp:218-1,event,Government of India vs Government of Pakistan,,UCDP armed conflict episode 1 of conflict 218 in India; Pakistan; internal (internationalized); 1 active year(s); outcome: ceasefire,ongoing,1948,1948,high,Source: UCDP Conflict Termination Dataset v4-2024 (Kreutz; JPR 47(2) 2010; Uppsala Conflict Data Program; attribution required); retrieved 2026-10-04 from ucdp.uu.se. Region: Asia. No battle-deaths estimate (UCDP BRD v26.1 covers 1989 onward; this episode's conflict-years are absent from BRD or have zero recorded deaths). Outcome: ceasefire.
ucdp:218-3,event,Government of India vs Government of Pakistan,,UCDP armed conflict episode 3 of conflict 218 in India; Pakistan; internal (internationalized); 1 active year(s); outcome: peace agreement,ongoing,1971,1971,high,Source: UCDP Conflict Termination Dataset v4-2024 (Kreutz; JPR 47(2) 2010; Uppsala Conflict Data Program; attribution required); retrieved 2026-10-04 from ucdp.uu.se. Region: Asia. No battle-deaths estimate (UCDP BRD v26.1 covers 1989 onward; this episode's conflict-years are absent from BRD or have zero recorded deaths). Outcome: peace agreement.
ucdp:218-4,event,Government of India vs Government of Pakistan,,UCDP armed conflict episode 4 of conflict 218 in India; Pakistan; internal (internationalized); 1 active year(s); outcome: low activity,ongoing,1984,1984,high,Source: UCDP Conflict Termination Dataset v4-2024 (Kreutz; JPR 47(2) 2010; Uppsala Conflict Data Program; attribution required); retrieved 2026-10-04 from ucdp.uu.se. Region: Asia. No battle-deaths estimate (UCDP BRD v26.1 covers 1989 onward; this episode's conflict-years are absent from BRD or have zero recorded deaths). Outcome: low activity.
ucdp:218-5,event,Government of India vs Government of Pakistan,,UCDP armed conflict episode 5 of conflict 218 in India; Pakistan; internal (internationalized); 1 active year(s); outcome: low activity,ongoing,1987,1987,high,Source: UCDP Conflict Termination Dataset v4-2024 (Kreutz; JPR 47(2) 2010; Uppsala Conflict Data Program; attribution required); retrieved 2026-10-04 from ucdp.uu.se. Region: Asia. No battle-deaths estimate (UCDP BRD v26.1 covers 1989 onward; this episode's conflict-years are absent from BRD or have zero recorded deaths). Outcome: low activity.
ucdp:219-1,event,Government of France vs MDRM,,UCDP armed conflict episode 1 of conflict 219 in Madagascar (Malagasy); extrasystemic; 1 active year(s); outcome: victory for side A (government),ongoing,1947,1947,high,Source: UCDP Conflict Termination Dataset v4-2024 (Kreutz; JPR 47(2) 2010; Uppsala Conflict Data Program; attribution required); retrieved 2026-10-04 from ucdp.uu.se. Region: Africa. No battle-deaths estimate (UCDP BRD v26.1 covers 1989 onward; this episode's conflict-years are absent from BRD or have zero recorded deaths). Outcome: victory for side A (government).
ucdp:220-1,event,Government of Paraguay vs Opposition coalition (Febreristas; Liberals and Communists),,UCDP armed conflict episode 1 of conflict 220 in Paraguay; internationalized internal; 1 active year(s); outcome: victory for side A (government),ongoing,1947,1947,high,Source: UCDP Conflict Termination Dataset v4-2024 (Kreutz; JPR 47(2) 2010; Uppsala Conflict Data Program; attribution required); retrieved 2026-10-04 from ucdp.uu.se. Region: Americas. No battle-deaths estimate (UCDP BRD v26.1 covers 1989 onward; this episode's conflict-years are absent from BRD or have zero recorded deaths). Outcome: victory for side A (government).
ucdp:220-2,event,Government of Paraguay vs Military faction (forces of Alfredo Stroessner),,UCDP armed conflict episode 2 of conflict 220 in Paraguay; internationalized internal; 1 active year(s); outcome: victory for side B (non-state side),ongoing,1954,1954,high,Source: UCDP Conflict Termination Dataset v4-2024 (Kreutz; JPR 47(2) 2010; Uppsala Conflict Data Program; attribution required); retrieved 2026-10-04 from ucdp.uu.se. Region: Americas. No battle-deaths estimate (UCDP BRD v26.1 covers 1989 onward; this episode's conflict-years are absent from BRD or have zero recorded deaths). Outcome: victory for side B (non-state side).
ucdp:225-1,event,Government of Costa Rica vs National Liberation Army,,UCDP armed conflict episode 1 of conflict 225 in Costa Rica; internationalized internal; 1 active year(s); outcome: victory for side B (non-state side),ongoing,1948,1948,high,Source: UCDP Conflict Termination Dataset v4-2024 (Kreutz; JPR 47(2) 2010; Uppsala Conflict Data Program; attribution required); retrieved 2026-10-04 from ucdp.uu.se. Region: Americas. No battle-deaths estimate (UCDP BRD v26.1 covers 1989 onward; this episode's conflict-years are absent from BRD or have zero recorded deaths). Outcome: victory for side B (non-state side).
ucdp:226-1,event,Government of Hyderabad vs Government of India,,UCDP armed conflict episode 1 of conflict 226 in Hyderabad; India; internal (internationalized); 1 active year(s); outcome: victory for side B (non-state side),ongoing,1948,1948,high,Source: UCDP Conflict Termination Dataset v4-2024 (Kreutz; JPR 47(2) 2010; Uppsala Conflict Data Program; attribution required); retrieved 2026-10-04 from ucdp.uu.se. Region: Asia. No battle-deaths estimate (UCDP BRD v26.1 covers 1989 onward; this episode's conflict-years are absent from BRD or have zero recorded deaths). Outcome: victory for side B (non-state side).
ucdp:232-2,event,Government of China vs Government of Taiwan,,UCDP armed conflict episode 2 of conflict 232 in China; Taiwan; internal (internationalized); 1 active year(s); outcome: low activity,ongoing,1954,1954,high,Source: UCDP Conflict Termination Dataset v4-2024 (Kreutz; JPR 47(2) 2010; Uppsala Conflict Data Program; attribution required); retrieved 2026-10-04 from ucdp.uu.se. Region: Asia. No battle-deaths estimate (UCDP BRD v26.1 covers 1989 onward; this episode's conflict-years are absent from BRD or have zero recorded deaths). Outcome: low activity.
ucdp:232-3,event,Government of China vs Government of Taiwan,,UCDP armed conflict episode 3 of conflict 232 in China; Taiwan; internal (internationalized); 1 active year(s); outcome: low activity,ongoing,1958,1958,high,Source: UCDP Conflict Termination Dataset v4-2024 (Kreutz; JPR 47(2) 2010; Uppsala Conflict Data Program; attribution required); retrieved 2026-10-04 from ucdp.uu.se. Region: Asia. No battle-deaths estimate (UCDP BRD v26.1 covers 1989 onward; this episode's conflict-years are absent from BRD or have zero recorded deaths). Outcome: low activity.
ucdp:233-1,event,Government of Guatemala vs Military faction (Guatemala),,UCDP armed conflict episode 1 of conflict 233 in Guatemala; internationalized internal; 1 active year(s); outcome: victory for side A (government),ongoing,1949,1949,high,Source: UCDP Conflict Termination Dataset v4-2024 (Kreutz; JPR 47(2) 2010; Uppsala Conflict Data Program; attribution required); retrieved 2026-10-04 from ucdp.uu.se. Region: Americas. No battle-deaths estimate (UCDP BRD v26.1 covers 1989 onward; this episode's conflict-years are absent from BRD or have zero recorded deaths). Outcome: victory for side A (government).
ucdp:233-2,event,Government of Guatemala vs Forces of Carlos Castillo Armas,,UCDP armed conflict episode 2 of conflict 233 in Guatemala; internationalized internal; 1 active year(s); outcome: victory for side B (non-state side),ongoing,1954,1954,high,Source: UCDP Conflict Termination Dataset v4-2024 (Kreutz; JPR 47(2) 2010; Uppsala Conflict Data Program; attribution required); retrieved 2026-10-04 from ucdp.uu.se. Region: Americas. No battle-deaths estimate (UCDP BRD v26.1 covers 1989 onward; this episode's conflict-years are absent from BRD or have zero recorded deaths). Outcome: victory for side B (non-state side).
ucdp:233-3,event,Government of Guatemala vs FAR I,,UCDP armed conflict episode 3 of conflict 233 in Guatemala; internationalized internal; 1 active year(s); outcome: low activity,ongoing,1963,1963,high,Source: UCDP Conflict Termination Dataset v4-2024 (Kreutz; JPR 47(2) 2010; Uppsala Conflict Data Program; attribution required); retrieved 2026-10-04 from ucdp.uu.se. Region: Americas. No battle-deaths estimate (UCDP BRD v26.1 covers 1989 onward; this episode's conflict-years are absent from BRD or have zero recorded deaths). Outcome: low activity.
ucdp:236-1,event,Government of China vs Tibet,,UCDP armed conflict episode 1 of conflict 236 in China; internationalized internal; 1 active year(s); outcome: victory for side A (government),ongoing,1950,1950,high,Source: UCDP Conflict Termination Dataset v4-2024 (Kreutz; JPR 47(2) 2010; Uppsala Conflict Data Program; attribution required); retrieved 2026-10-04 from ucdp.uu.se. Region: Asia. No battle-deaths estimate (UCDP BRD v26.1 covers 1989 onward; this episode's conflict-years are absent from BRD or have zero recorded deaths). Outcome: victory for side A (government).
ucdp:236-2,event,Government of China vs Tibet,,UCDP armed conflict episode 2 of conflict 236 in China; internationalized internal; 1 active year(s); outcome: low activity,ongoing,1956,1956,high,Source: UCDP Conflict Termination Dataset v4-2024 (Kreutz; JPR 47(2) 2010; Uppsala Conflict Data Program; attribution required); retrieved 2026-10-04 from ucdp.uu.se. Region: Asia. No battle-deaths estimate (UCDP BRD v26.1 covers 1989 onward; this episode's conflict-years are absent from BRD or have zero recorded deaths). Outcome: low activity.
ucdp:236-3,event,Government of China vs Tibet,,UCDP armed conflict episode 3 of conflict 236 in China; internationalized internal; 1 active year(s); outcome: victory for side A (government),ongoing,1959,1959,high,Source: UCDP Conflict Termination Dataset v4-2024 (Kreutz; JPR 47(2) 2010; Uppsala Conflict Data Program; attribution required); retrieved 2026-10-04 from ucdp.uu.se. Region: Asia. No battle-deaths estimate (UCDP BRD v26.1 covers 1989 onward; this episode's conflict-years are absent from BRD or have zero recorded deaths). Outcome: victory for side A (government).
ucdp:237-1,event,Government of Indonesia vs Republic of South Moluccas,,UCDP armed conflict episode 1 of conflict 237 in Indonesia; internationalized internal; 1 active year(s); outcome: victory for side A (government),ongoing,1950,1950,high,Source: UCDP Conflict Termination Dataset v4-2024 (Kreutz; JPR 47(2) 2010; Uppsala Conflict Data Program; attribution required); retrieved 2026-10-04 from ucdp.uu.se. Region: Asia. No battle-deaths estimate (UCDP BRD v26.1 covers 1989 onward; this episode's conflict-years are absent from BRD or have zero recorded deaths). Outcome: victory for side A (government).
ucdp:238-1,event,Government of United States of America vs Puerto Rican Nationalist Party,,UCDP armed conflict episode 1 of conflict 238 in United States of America; extrasystemic; 1 active year(s); outcome: victory for side A (government),ongoing,1950,1950,high,Source: UCDP Conflict Termination Dataset v4-2024 (Kreutz; JPR 47(2) 2010; Uppsala Conflict Data Program; attribution required); retrieved 2026-10-04 from ucdp.uu.se. Region: Americas. No battle-deaths estimate (UCDP BRD v26.1 covers 1989 onward; this episode's conflict-years are absent from BRD or have zero recorded deaths). Outcome: victory for side A (government).
ucdp:240-1,event,Government of Thailand vs Military faction (navy),,UCDP armed conflict episode 1 of conflict 240 in Thailand; internationalized internal; 1 active year(s); outcome: victory for side A (government),ongoing,1951,1951,high,Source: UCDP Conflict Termination Dataset v4-2024 (Kreutz; JPR 47(2) 2010; Uppsala Conflict Data Program; attribution required); retrieved 2026-10-04 from ucdp.uu.se. Region: Asia. No battle-deaths estimate (UCDP BRD v26.1 covers 1989 onward; this episode's conflict-years are absent from BRD or have zero recorded deaths). Outcome: victory for side A (government).
ucdp:242-1,event,Government of Cuba vs M-26-7,,UCDP armed conflict episode 1 of conflict 242 in Cuba; internationalized internal; 1 active year(s); outcome: victory for side A (government),ongoing,1953,1953,high,Source: UCDP Conflict Termination Dataset v4-2024 (Kreutz; JPR 47(2) 2010; Uppsala Conflict Data Program; attribution required); retrieved 2026-10-04 from ucdp.uu.se. Region: Americas. No battle-deaths estimate (UCDP BRD v26.1 covers 1989 onward; this episode's conflict-years are absent from BRD or have zero recorded deaths). Outcome: victory for side A (government).
ucdp:242-3,event,Government of Cuba vs Cuban Revolutionary Council,,UCDP armed conflict episode 3 of conflict 242 in Cuba; internationalized internal; 1 active year(s); outcome: victory for side A (government),ongoing,1961,1961,high,Source: UCDP Conflict Termination Dataset v4-2024 (Kreutz; JPR 47(2) 2010; Uppsala Conflict Data Program; attribution required); retrieved 2026-10-04 from ucdp.uu.se. Region: Americas. No battle-deaths estimate (UCDP BRD v26.1 covers 1989 onward; this episode's conflict-years are absent from BRD or have zero recorded deaths). Outcome: victory for side A (government).
ucdp:243-1,event,Government of Indonesia vs Darul Islam,,UCDP armed conflict episode 1 of conflict 243 in Indonesia; internationalized internal; 1 active year(s); outcome: low activity,ongoing,1953,1953,high,Source: UCDP Conflict Termination Dataset v4-2024 (Kreutz; JPR 47(2) 2010; Uppsala Conflict Data Program; attribution required); retrieved 2026-10-04 from ucdp.uu.se. Region: Asia. No battle-deaths estimate (UCDP BRD v26.1 covers 1989 onward; this episode's conflict-years are absent from BRD or have zero recorded deaths). Outcome: low activity.
ucdp:247-2,event,Government of Argentina vs Military faction (colorados),,UCDP armed conflict episode 2 of conflict 247 in Argentina; internationalized internal; 1 active year(s); outcome: victory for side A (government),ongoing,1963,1963,high,Source: UCDP Conflict Termination Dataset v4-2024 (Kreutz; JPR 47(2) 2010; Uppsala Conflict Data Program; attribution required); retrieved 2026-10-04 from ucdp.uu.se. Region: Americas. No battle-deaths estimate (UCDP BRD v26.1 covers 1989 onward; this episode's conflict-years are absent from BRD or have zero recorded deaths). Outcome: victory for side A (government).
ucdp:250-1,event,Government of Hungary vs Government of Russia (Soviet Union),,UCDP armed conflict episode 1 of conflict 250 in Hungary; Russia (Soviet Union); internal (internationalized); 1 active year(s); outcome: victory for side B (non-state side),ongoing,1956,1956,high,Source: UCDP Conflict Termination Dataset v4-2024 (Kreutz; JPR 47(2) 2010; Uppsala Conflict Data Program; attribution required); retrieved 2026-10-04 from ucdp.uu.se. Region: Europe. No battle-deaths estimate (UCDP BRD v26.1 covers 1989 onward; this episode's conflict-years are absent from BRD or have zero recorded deaths). Outcome: victory for side B (non-state side).
ucdp:252-1,event,Government of Egypt vs Government of France; Government of Israel; Government of United Kingdom,,UCDP armed conflict episode 1 of conflict 252 in Egypt; France; Israel; United Kingdom; internal (internationalized); 1 active year(s); outcome: ceasefire,ongoing,1956,1956,high,Source: UCDP Conflict Termination Dataset v4-2024 (Kreutz; JPR 47(2) 2010; Uppsala Conflict Data Program; attribution required); retrieved 2026-10-04 from ucdp.uu.se. Region: Europe;Middle East. No battle-deaths estimate (UCDP BRD v26.1 covers 1989 onward; this episode's conflict-years are absent from BRD or have zero recorded deaths). Outcome: ceasefire.
ucdp:253-1,event,Government of Myanmar (Burma) vs KNPP,,UCDP armed conflict episode 1 of conflict 253 in Myanmar (Burma); internationalized internal; 1 active year(s); outcome: low activity,ongoing,1957,1957,high,Source: UCDP Conflict Termination Dataset v4-2024 (Kreutz; JPR 47(2) 2010; Uppsala Conflict Data Program; attribution required); retrieved 2026-10-04 from ucdp.uu.se. Region: Asia. No battle-deaths estimate (UCDP BRD v26.1 covers 1989 onward; this episode's conflict-years are absent from BRD or have zero recorded deaths). Outcome: low activity.
ucdp:253-2,event,Government of Myanmar (Burma) vs KNPP,,UCDP armed conflict episode 2 of conflict 253 in Myanmar (Burma); internationalized internal; 1 active year(s); outcome: low activity,ongoing,1987,1987,high,Source: UCDP Conflict Termination Dataset v4-2024 (Kreutz; JPR 47(2) 2010; Uppsala Conflict Data Program; attribution required); retrieved 2026-10-04 from ucdp.uu.se. Region: Asia. No battle-deaths estimate (UCDP BRD v26.1 covers 1989 onward; this episode's conflict-years are absent from BRD or have zero recorded deaths). Outcome: low activity.
ucdp:255-1,event,Government of Honduras vs Government of Nicaragua,,UCDP armed conflict episode 1 of conflict 255 in Honduras; Nicaragua; internal (internationalized); 1 active year(s); outcome: peace agreement,ongoing,1957,1957,high,Source: UCDP Conflict Termination Dataset v4-2024 (Kreutz; JPR 47(2) 2010; Uppsala Conflict Data Program; attribution required); retrieved 2026-10-04 from ucdp.uu.se. Region: Americas. No battle-deaths estimate (UCDP BRD v26.1 covers 1989 onward; this episode's conflict-years are absent from BRD or have zero recorded deaths). Outcome: peace agreement.
ucdp:258-1,event,Government of Oman vs State of Oman/Free Oman,,UCDP armed conflict episode 1 of conflict 258 in Oman; internationalized internal; 1 active year(s); outcome: victory for side A (government),ongoing,1957,1957,high,Source: UCDP Conflict Termination Dataset v4-2024 (Kreutz; JPR 47(2) 2010; Uppsala Conflict Data Program; attribution required); retrieved 2026-10-04 from ucdp.uu.se. Region: Middle East. No battle-deaths estimate (UCDP BRD v26.1 covers 1989 onward; this episode's conflict-years are absent from BRD or have zero recorded deaths). Outcome: victory for side A (government).
ucdp:259-4,event,Government of Iraq vs SCIRI,,UCDP armed conflict episode 4 of conflict 259 in Iraq; internationalized internal; 1 active year(s); outcome: low activity,ongoing,1987,1987,high,Source: UCDP Conflict Termination Dataset v4-2024 (Kreutz; JPR 47(2) 2010; Uppsala Conflict Data Program; attribution required); retrieved 2026-10-04 from ucdp.uu.se. Region: Middle East. No battle-deaths estimate (UCDP BRD v26.1 covers 1989 onward; this episode's conflict-years are absent from BRD or have zero recorded deaths). Outcome: low activity.
ucdp:260-1,event,Government of Lebanon vs Independent Nasserite Movement,,UCDP armed conflict episode 1 of conflict 260 in Lebanon; internationalized internal; 1 active year(s); outcome: peace agreement,ongoing,1958,1958,high,Source: UCDP Conflict Termination Dataset v4-2024 (Kreutz; JPR 47(2) 2010; Uppsala Conflict Data Program; attribution required); retrieved 2026-10-04 from ucdp.uu.se. Region: Middle East. No battle-deaths estimate (UCDP BRD v26.1 covers 1989 onward; this episode's conflict-years are absent from BRD or have zero recorded deaths). Outcome: peace agreement.
ucdp:261-3,event,Government of Malaysia vs CPM,,UCDP armed conflict episode 3 of conflict 261 in Malaysia; internationalized internal; 1 active year(s); outcome: low activity,ongoing,1981,1981,high,Source: UCDP Conflict Termination Dataset v4-2024 (Kreutz; JPR 47(2) 2010; Uppsala Conflict Data Program; attribution required); retrieved 2026-10-04 from ucdp.uu.se. Region: Asia. No battle-deaths estimate (UCDP BRD v26.1 covers 1989 onward; this episode's conflict-years are absent from BRD or have zero recorded deaths). Outcome: low activity.
ucdp:267-1,event,Government of Ethiopia vs Military faction (forces of Mengistu Neway),,UCDP armed conflict episode 1 of conflict 267 in Ethiopia; internationalized internal; 1 active year(s); outcome: victory for side A (government),ongoing,1960,1960,high,Source: UCDP Conflict Termination Dataset v4-2024 (Kreutz; JPR 47(2) 2010; Uppsala Conflict Data Program; attribution required); retrieved 2026-10-04 from ucdp.uu.se. Region: Africa. No battle-deaths estimate (UCDP BRD v26.1 covers 1989 onward; this episode's conflict-years are absent from BRD or have zero recorded deaths). Outcome: victory for side A (government).
ucdp:268-1,event,Government of Ethiopia vs Government of Somalia,,UCDP armed conflict episode 1 of conflict 268 in Ethiopia; Somalia; internal (internationalized); 1 active year(s); outcome: ceasefire,ongoing,1964,1964,high,Source: UCDP Conflict Termination Dataset v4-2024 (Kreutz; JPR 47(2) 2010; Uppsala Conflict Data Program; attribution required); retrieved 2026-10-04 from ucdp.uu.se. Region: Africa. No battle-deaths estimate (UCDP BRD v26.1 covers 1989 onward; this episode's conflict-years are absent from BRD or have zero recorded deaths). Outcome: ceasefire.
ucdp:268-3,event,Government of Ethiopia vs Government of Somalia,,UCDP armed conflict episode 3 of conflict 268 in Ethiopia; Somalia; internal (internationalized); 1 active year(s); outcome: victory for side A (government),ongoing,1980,1980,high,Source: UCDP Conflict Termination Dataset v4-2024 (Kreutz; JPR 47(2) 2010; Uppsala Conflict Data Program; attribution required); retrieved 2026-10-04 from ucdp.uu.se. Region: Africa. No battle-deaths estimate (UCDP BRD v26.1 covers 1989 onward; this episode's conflict-years are absent from BRD or have zero recorded deaths). Outcome: victory for side A (government).
ucdp:272-1,event,Government of France vs Government of Tunisia,,UCDP armed conflict episode 1 of conflict 272 in France; Tunisia; internal (internationalized); 1 active year(s); outcome: peace agreement,ongoing,1961,1961,high,Source: UCDP Conflict Termination Dataset v4-2024 (Kreutz; JPR 47(2) 2010; Uppsala Conflict Data Program; attribution required); retrieved 2026-10-04 from ucdp.uu.se. Region: Europe;Africa. No battle-deaths estimate (UCDP BRD v26.1 covers 1989 onward; this episode's conflict-years are absent from BRD or have zero recorded deaths). Outcome: peace agreement.
ucdp:273-1,event,Government of United Kingdom vs North Kalimantan Liberation Army,,UCDP armed conflict episode 1 of conflict 273 in Brunei; extrasystemic; 1 active year(s); outcome: victory for side A (government),ongoing,1962,1962,high,Source: UCDP Conflict Termination Dataset v4-2024 (Kreutz; JPR 47(2) 2010; Uppsala Conflict Data Program; attribution required); retrieved 2026-10-04 from ucdp.uu.se. Region: Asia. No battle-deaths estimate (UCDP BRD v26.1 covers 1989 onward; this episode's conflict-years are absent from BRD or have zero recorded deaths). Outcome: victory for side A (government).
ucdp:274-1,event,Government of China vs Government of India,,UCDP armed conflict episode 1 of conflict 274 in China; India; internal (internationalized); 1 active year(s); outcome: victory for side A (government),ongoing,1962,1962,high,Source: UCDP Conflict Termination Dataset v4-2024 (Kreutz; JPR 47(2) 2010; Uppsala Conflict Data Program; attribution required); retrieved 2026-10-04 from ucdp.uu.se. Region: Asia. No battle-deaths estimate (UCDP BRD v26.1 covers 1989 onward; this episode's conflict-years are absent from BRD or have zero recorded deaths). Outcome: victory for side A (government).
ucdp:274-2,event,Government of China vs Government of India,,UCDP armed conflict episode 2 of conflict 274 in China; India; internal (internationalized); 1 active year(s); outcome: victory for side B (non-state side),ongoing,1967,1967,high,Source: UCDP Conflict Termination Dataset v4-2024 (Kreutz; JPR 47(2) 2010; Uppsala Conflict Data Program; attribution required); retrieved 2026-10-04 from ucdp.uu.se. Region: Asia. No battle-deaths estimate (UCDP BRD v26.1 covers 1989 onward; this episode's conflict-years are absent from BRD or have zero recorded deaths). Outcome: victory for side B (non-state side).
ucdp:276-1,event,Government of Indonesia vs Government of Netherlands,,UCDP armed conflict episode 1 of conflict 276 in Indonesia; Netherlands; internal (internationalized); 1 active year(s); outcome: peace agreement,ongoing,1962,1962,high,Source: UCDP Conflict Termination Dataset v4-2024 (Kreutz; JPR 47(2) 2010; Uppsala Conflict Data Program; attribution required); retrieved 2026-10-04 from ucdp.uu.se. Region: Europe;Asia. No battle-deaths estimate (UCDP BRD v26.1 covers 1989 onward; this episode's conflict-years are absent from BRD or have zero recorded deaths). Outcome: peace agreement.
ucdp:277-1,event,Government of Venezuela vs Military faction (navy),,UCDP armed conflict episode 1 of conflict 277 in Venezuela; internationalized internal; 1 active year(s); outcome: victory for side A (government),ongoing,1962,1962,high,Source: UCDP Conflict Termination Dataset v4-2024 (Kreutz; JPR 47(2) 2010; Uppsala Conflict Data Program; attribution required); retrieved 2026-10-04 from ucdp.uu.se. Region: Americas. No battle-deaths estimate (UCDP BRD v26.1 covers 1989 onward; this episode's conflict-years are absent from BRD or have zero recorded deaths). Outcome: victory for side A (government).
ucdp:277-2,event,Government of Venezuela vs Bandera Roja,,UCDP armed conflict episode 2 of conflict 277 in Venezuela; internationalized internal; 1 active year(s); outcome: victory for side A (government),ongoing,1982,1982,high,Source: UCDP Conflict Termination Dataset v4-2024 (Kreutz; JPR 47(2) 2010; Uppsala Conflict Data Program; attribution required); retrieved 2026-10-04 from ucdp.uu.se. Region: Americas. No battle-deaths estimate (UCDP BRD v26.1 covers 1989 onward; this episode's conflict-years are absent from BRD or have zero recorded deaths). Outcome: victory for side A (government).
ucdp:278-1,event,Government of Algeria vs Government of Morocco,,UCDP armed conflict episode 1 of conflict 278 in Algeria; Morocco; internal (internationalized); 1 active year(s); outcome: peace agreement,ongoing,1963,1963,high,Source: UCDP Conflict Termination Dataset v4-2024 (Kreutz; JPR 47(2) 2010; Uppsala Conflict Data Program; attribution required); retrieved 2026-10-04 from ucdp.uu.se. Region: Africa. No battle-deaths estimate (UCDP BRD v26.1 covers 1989 onward; this episode's conflict-years are absent from BRD or have zero recorded deaths). Outcome: peace agreement.
ucdp:283-2,event,Government of DR Congo (Zaire) vs Military Faction (Forces of Jean Schramme),,UCDP armed conflict episode 2 of conflict 283 in DR Congo (Zaire); internationalized internal; 1 active year(s); outcome: victory for side A (government),ongoing,1967,1967,high,Source: UCDP Conflict Termination Dataset v4-2024 (Kreutz; JPR 47(2) 2010; Uppsala Conflict Data Program; attribution required); retrieved 2026-10-04 from ucdp.uu.se. Region: Africa. No battle-deaths estimate (UCDP BRD v26.1 covers 1989 onward; this episode's conflict-years are absent from BRD or have zero recorded deaths). Outcome: victory for side A (government).
ucdp:284-1,event,Government of Gabon vs Military faction (forces loyal to LÃ©on M'Ba),,UCDP armed conflict episode 1 of conflict 284 in Gabon; internationalized internal; 1 active year(s); outcome: victory for side A (government),ongoing,1964,1964,high,Source: UCDP Conflict Termination Dataset v4-2024 (Kreutz; JPR 47(2) 2010; Uppsala Conflict Data Program; attribution required); retrieved 2026-10-04 from ucdp.uu.se. Region: Africa. No battle-deaths estimate (UCDP BRD v26.1 covers 1989 onward; this episode's conflict-years are absent from BRD or have zero recorded deaths). Outcome: victory for side A (government).
ucdp:287-1,event,Government of Burundi vs Military faction (forces loyal to Gervais Nyangoma),,UCDP armed conflict episode 1 of conflict 287 in Burundi; internationalized internal; 1 active year(s); outcome: victory for side A (government),ongoing,1965,1965,high,Source: UCDP Conflict Termination Dataset v4-2024 (Kreutz; JPR 47(2) 2010; Uppsala Conflict Data Program; attribution required); retrieved 2026-10-04 from ucdp.uu.se. Region: Africa. No battle-deaths estimate (UCDP BRD v26.1 covers 1989 onward; this episode's conflict-years are absent from BRD or have zero recorded deaths). Outcome: victory for side A (government).
ucdp:290-1,event,Government of Dominican Republic vs Military faction (constitutionalists),,UCDP armed conflict episode 1 of conflict 290 in Dominican Republic; internationalized internal; 1 active year(s); outcome: low activity,ongoing,1965,1965,high,Source: UCDP Conflict Termination Dataset v4-2024 (Kreutz; JPR 47(2) 2010; Uppsala Conflict Data Program; attribution required); retrieved 2026-10-04 from ucdp.uu.se. Region: Americas. No battle-deaths estimate (UCDP BRD v26.1 covers 1989 onward; this episode's conflict-years are absent from BRD or have zero recorded deaths). Outcome: low activity.
ucdp:291-1,event,Government of Indonesia vs OPM,,UCDP armed conflict episode 1 of conflict 291 in Indonesia; internationalized internal; 1 active year(s); outcome: low activity,ongoing,1965,1965,high,Source: UCDP Conflict Termination Dataset v4-2024 (Kreutz; JPR 47(2) 2010; Uppsala Conflict Data Program; attribution required); retrieved 2026-10-04 from ucdp.uu.se. Region: Asia. No battle-deaths estimate (UCDP BRD v26.1 covers 1989 onward; this episode's conflict-years are absent from BRD or have zero recorded deaths). Outcome: low activity.
ucdp:291-4,event,Government of Indonesia vs OPM,,UCDP armed conflict episode 4 of conflict 291 in Indonesia; internationalized internal; 1 active year(s); outcome: low activity,ongoing,1981,1981,high,Source: UCDP Conflict Termination Dataset v4-2024 (Kreutz; JPR 47(2) 2010; Uppsala Conflict Data Program; attribution required); retrieved 2026-10-04 from ucdp.uu.se. Region: Asia. No battle-deaths estimate (UCDP BRD v26.1 covers 1989 onward; this episode's conflict-years are absent from BRD or have zero recorded deaths). Outcome: low activity.
ucdp:291-5,event,Government of Indonesia vs OPM,,UCDP armed conflict episode 5 of conflict 291 in Indonesia; internationalized internal; 1 active year(s); outcome: victory for side A (government),ongoing,1984,1984,high,Source: UCDP Conflict Termination Dataset v4-2024 (Kreutz; JPR 47(2) 2010; Uppsala Conflict Data Program; attribution required); retrieved 2026-10-04 from ucdp.uu.se. Region: Asia. No battle-deaths estimate (UCDP BRD v26.1 covers 1989 onward; this episode's conflict-years are absent from BRD or have zero recorded deaths). Outcome: victory for side A (government).
ucdp:295-1,event,Government of Ghana vs NLC,,UCDP armed conflict episode 1 of conflict 295 in Ghana; internationalized internal; 1 active year(s); outcome: victory for side B (non-state side),ongoing,1966,1966,high,Source: UCDP Conflict Termination Dataset v4-2024 (Kreutz; JPR 47(2) 2010; Uppsala Conflict Data Program; attribution required); retrieved 2026-10-04 from ucdp.uu.se. Region: Africa. No battle-deaths estimate (UCDP BRD v26.1 covers 1989 onward; this episode's conflict-years are absent from BRD or have zero recorded deaths). Outcome: victory for side B (non-state side).
ucdp:295-2,event,Government of Ghana vs Military faction (forces of Jerry John Rawlings),,UCDP armed conflict episode 2 of conflict 295 in Ghana; internationalized internal; 1 active year(s); outcome: victory for side B (non-state side),ongoing,1981,1981,high,Source: UCDP Conflict Termination Dataset v4-2024 (Kreutz; JPR 47(2) 2010; Uppsala Conflict Data Program; attribution required); retrieved 2026-10-04 from ucdp.uu.se. Region: Africa. No battle-deaths estimate (UCDP BRD v26.1 covers 1989 onward; this episode's conflict-years are absent from BRD or have zero recorded deaths). Outcome: victory for side B (non-state side).
ucdp:295-3,event,Government of Ghana vs Military faction (forces of Ekow Dennis and Edward Adjei-Ampofo),,UCDP armed conflict episode 3 of conflict 295 in Ghana; internationalized internal; 1 active year(s); outcome: victory for side A (government),ongoing,1983,1983,high,Source: UCDP Conflict Termination Dataset v4-2024 (Kreutz; JPR 47(2) 2010; Uppsala Conflict Data Program; attribution required); retrieved 2026-10-04 from ucdp.uu.se. Region: Africa. No battle-deaths estimate (UCDP BRD v26.1 covers 1989 onward; this episode's conflict-years are absent from BRD or have zero recorded deaths). Outcome: victory for side A (government).
ucdp:297-1,event,Government of Nigeria vs Military faction (forces of Patrick Nzeogwu),,UCDP armed conflict episode 1 of conflict 297 in Nigeria; internationalized internal; 1 active year(s); outcome: victory for side B (non-state side),ongoing,1966,1966,high,Source: UCDP Conflict Termination Dataset v4-2024 (Kreutz; JPR 47(2) 2010; Uppsala Conflict Data Program; attribution required); retrieved 2026-10-04 from ucdp.uu.se. Region: Africa. No battle-deaths estimate (UCDP BRD v26.1 covers 1989 onward; this episode's conflict-years are absent from BRD or have zero recorded deaths). Outcome: victory for side B (non-state side).
ucdp:299-1,event,Government of Syria vs Military faction (forces loyal to Nureddin Atassi and Youssef Zeayen),,UCDP armed conflict episode 1 of conflict 299 in Syria; internationalized internal; 1 active year(s); outcome: victory for side B (non-state side),ongoing,1966,1966,high,Source: UCDP Conflict Termination Dataset v4-2024 (Kreutz; JPR 47(2) 2010; Uppsala Conflict Data Program; attribution required); retrieved 2026-10-04 from ucdp.uu.se. Region: Middle East. No battle-deaths estimate (UCDP BRD v26.1 covers 1989 onward; this episode's conflict-years are absent from BRD or have zero recorded deaths). Outcome: victory for side B (non-state side).
ucdp:301-1,event,Government of Israel vs Government of Jordan,,UCDP armed conflict episode 1 of conflict 301 in Israel; Jordan; internal (internationalized); 1 active year(s); outcome: victory for side A (government),ongoing,1967,1967,high,Source: UCDP Conflict Termination Dataset v4-2024 (Kreutz; JPR 47(2) 2010; Uppsala Conflict Data Program; attribution required); retrieved 2026-10-04 from ucdp.uu.se. Region: Middle East. No battle-deaths estimate (UCDP BRD v26.1 covers 1989 onward; this episode's conflict-years are absent from BRD or have zero recorded deaths). Outcome: victory for side A (government).
ucdp:302-1,event,Government of Israel vs Government of Syria,,UCDP armed conflict episode 1 of conflict 302 in Israel; Syria; internal (internationalized); 1 active year(s); outcome: victory for side A (government),ongoing,1967,1967,high,Source: UCDP Conflict Termination Dataset v4-2024 (Kreutz; JPR 47(2) 2010; Uppsala Conflict Data Program; attribution required); retrieved 2026-10-04 from ucdp.uu.se. Region: Middle East. No battle-deaths estimate (UCDP BRD v26.1 covers 1989 onward; this episode's conflict-years are absent from BRD or have zero recorded deaths). Outcome: victory for side A (government).
ucdp:302-2,event,Government of Israel vs Government of Syria,,UCDP armed conflict episode 2 of conflict 302 in Israel; Syria; internal (internationalized); 1 active year(s); outcome: ceasefire,ongoing,1973,1973,high,Source: UCDP Conflict Termination Dataset v4-2024 (Kreutz; JPR 47(2) 2010; Uppsala Conflict Data Program; attribution required); retrieved 2026-10-04 from ucdp.uu.se. Region: Middle East. No battle-deaths estimate (UCDP BRD v26.1 covers 1989 onward; this episode's conflict-years are absent from BRD or have zero recorded deaths). Outcome: ceasefire.
ucdp:304-1,event,Government of China vs Government of Myanmar (Burma),,UCDP armed conflict episode 1 of conflict 304 in China; Myanmar (Burma); internal (internationalized); 1 active year(s); outcome: low activity,ongoing,1969,1969,high,Source: UCDP Conflict Termination Dataset v4-2024 (Kreutz; JPR 47(2) 2010; Uppsala Conflict Data Program; attribution required); retrieved 2026-10-04 from ucdp.uu.se. Region: Asia. No battle-deaths estimate (UCDP BRD v26.1 covers 1989 onward; this episode's conflict-years are absent from BRD or have zero recorded deaths). Outcome: low activity.
ucdp:305-1,event,Government of China vs Government of Russia (Soviet Union),,UCDP armed conflict episode 1 of conflict 305 in China; Russia (Soviet Union); internal (internationalized); 1 active year(s); outcome: low activity,ongoing,1969,1969,high,Source: UCDP Conflict Termination Dataset v4-2024 (Kreutz; JPR 47(2) 2010; Uppsala Conflict Data Program; attribution required); retrieved 2026-10-04 from ucdp.uu.se. Region: Europe;Asia. No battle-deaths estimate (UCDP BRD v26.1 covers 1989 onward; this episode's conflict-years are absent from BRD or have zero recorded deaths). Outcome: low activity.
ucdp:306-1,event,Government of El Salvador vs Government of Honduras,,UCDP armed conflict episode 1 of conflict 306 in El Salvador; Honduras; internal (internationalized); 1 active year(s); outcome: ceasefire,ongoing,1969,1969,high,Source: UCDP Conflict Termination Dataset v4-2024 (Kreutz; JPR 47(2) 2010; Uppsala Conflict Data Program; attribution required); retrieved 2026-10-04 from ucdp.uu.se. Region: Americas. No battle-deaths estimate (UCDP BRD v26.1 covers 1989 onward; this episode's conflict-years are absent from BRD or have zero recorded deaths). Outcome: ceasefire.
ucdp:309-1,event,Government of Sudan vs Sudanese Communist Party,,UCDP armed conflict episode 1 of conflict 309 in Sudan; internationalized internal; 1 active year(s); outcome: victory for side A (government),ongoing,1971,1971,high,Source: UCDP Conflict Termination Dataset v4-2024 (Kreutz; JPR 47(2) 2010; Uppsala Conflict Data Program; attribution required); retrieved 2026-10-04 from ucdp.uu.se. Region: Africa. No battle-deaths estimate (UCDP BRD v26.1 covers 1989 onward; this episode's conflict-years are absent from BRD or have zero recorded deaths). Outcome: victory for side A (government).
ucdp:309-2,event,Government of Sudan vs National Front,,UCDP armed conflict episode 2 of conflict 309 in Sudan; internationalized internal; 1 active year(s); outcome: victory for side A (government),ongoing,1976,1976,high,Source: UCDP Conflict Termination Dataset v4-2024 (Kreutz; JPR 47(2) 2010; Uppsala Conflict Data Program; attribution required); retrieved 2026-10-04 from ucdp.uu.se. Region: Africa. No battle-deaths estimate (UCDP BRD v26.1 covers 1989 onward; this episode's conflict-years are absent from BRD or have zero recorded deaths). Outcome: victory for side A (government).
ucdp:310-1,event,Government of Madagascar vs Monima,,UCDP armed conflict episode 1 of conflict 310 in Madagascar (Malagasy); internationalized internal; 1 active year(s); outcome: victory for side A (government),ongoing,1971,1971,high,Source: UCDP Conflict Termination Dataset v4-2024 (Kreutz; JPR 47(2) 2010; Uppsala Conflict Data Program; attribution required); retrieved 2026-10-04 from ucdp.uu.se. Region: Africa. No battle-deaths estimate (UCDP BRD v26.1 covers 1989 onward; this episode's conflict-years are absent from BRD or have zero recorded deaths). Outcome: victory for side A (government).
ucdp:311-1,event,Government of Morocco vs Military faction (forces of Mohamed Madbouh),,UCDP armed conflict episode 1 of conflict 311 in Morocco; internationalized internal; 1 active year(s); outcome: victory for side A (government),ongoing,1971,1971,high,Source: UCDP Conflict Termination Dataset v4-2024 (Kreutz; JPR 47(2) 2010; Uppsala Conflict Data Program; attribution required); retrieved 2026-10-04 from ucdp.uu.se. Region: Africa. No battle-deaths estimate (UCDP BRD v26.1 covers 1989 onward; this episode's conflict-years are absent from BRD or have zero recorded deaths). Outcome: victory for side A (government).
ucdp:312-1,event,Government of Pakistan vs Mukti Bahini,,UCDP armed conflict episode 1 of conflict 312 in Pakistan; internationalized internal; 1 active year(s); outcome: victory for side B (non-state side),ongoing,1971,1971,high,Source: UCDP Conflict Termination Dataset v4-2024 (Kreutz; JPR 47(2) 2010; Uppsala Conflict Data Program; attribution required); retrieved 2026-10-04 from ucdp.uu.se. Region: Asia. No battle-deaths estimate (UCDP BRD v26.1 covers 1989 onward; this episode's conflict-years are absent from BRD or have zero recorded deaths). Outcome: victory for side B (non-state side).
ucdp:313-1,event,Government of Sri Lanka vs JVP,,UCDP armed conflict episode 1 of conflict 313 in Sri Lanka; internationalized internal; 1 active year(s); outcome: victory for side A (government),ongoing,1971,1971,high,Source: UCDP Conflict Termination Dataset v4-2024 (Kreutz; JPR 47(2) 2010; Uppsala Conflict Data Program; attribution required); retrieved 2026-10-04 from ucdp.uu.se. Region: Asia. No battle-deaths estimate (UCDP BRD v26.1 covers 1989 onward; this episode's conflict-years are absent from BRD or have zero recorded deaths). Outcome: victory for side A (government).
ucdp:314-2,event,Government of Uganda vs Military faction (forces of Charles Arube),,UCDP armed conflict episode 2 of conflict 314 in Uganda; internationalized internal; 1 active year(s); outcome: victory for side A (government),ongoing,1974,1974,high,Source: UCDP Conflict Termination Dataset v4-2024 (Kreutz; JPR 47(2) 2010; Uppsala Conflict Data Program; attribution required); retrieved 2026-10-04 from ucdp.uu.se. Region: Africa. No battle-deaths estimate (UCDP BRD v26.1 covers 1989 onward; this episode's conflict-years are absent from BRD or have zero recorded deaths). Outcome: victory for side A (government).
ucdp:316-1,event,Government of El Salvador vs Military faction (forces of Benjamin Mejia),,UCDP armed conflict episode 1 of conflict 316 in El Salvador; internationalized internal; 1 active year(s); outcome: victory for side A (government),ongoing,1972,1972,high,Source: UCDP Conflict Termination Dataset v4-2024 (Kreutz; JPR 47(2) 2010; Uppsala Conflict Data Program; attribution required); retrieved 2026-10-04 from ucdp.uu.se. Region: Americas. No battle-deaths estimate (UCDP BRD v26.1 covers 1989 onward; this episode's conflict-years are absent from BRD or have zero recorded deaths). Outcome: victory for side A (government).
ucdp:319-1,event,Government of Uruguay vs MLN/Tupamaros,,UCDP armed conflict episode 1 of conflict 319 in Uruguay; internationalized internal; 1 active year(s); outcome: victory for side A (government),ongoing,1972,1972,high,Source: UCDP Conflict Termination Dataset v4-2024 (Kreutz; JPR 47(2) 2010; Uppsala Conflict Data Program; attribution required); retrieved 2026-10-04 from ucdp.uu.se. Region: Americas. No battle-deaths estimate (UCDP BRD v26.1 covers 1989 onward; this episode's conflict-years are absent from BRD or have zero recorded deaths). Outcome: victory for side A (government).
ucdp:320-1,event,Government of South Yemen vs Government of Yemen (North Yemen),,UCDP armed conflict episode 1 of conflict 320 in South Yemen; Yemen (North Yemen); internal (internationalized); 1 active year(s); outcome: peace agreement,ongoing,1972,1972,high,Source: UCDP Conflict Termination Dataset v4-2024 (Kreutz; JPR 47(2) 2010; Uppsala Conflict Data Program; attribution required); retrieved 2026-10-04 from ucdp.uu.se. Region: Middle East. No battle-deaths estimate (UCDP BRD v26.1 covers 1989 onward; this episode's conflict-years are absent from BRD or have zero recorded deaths). Outcome: peace agreement.
ucdp:320-2,event,Government of South Yemen vs Government of Yemen (North Yemen),,UCDP armed conflict episode 2 of conflict 320 in South Yemen; Yemen (North Yemen); internal (internationalized); 1 active year(s); outcome: ceasefire,ongoing,1979,1979,high,Source: UCDP Conflict Termination Dataset v4-2024 (Kreutz; JPR 47(2) 2010; Uppsala Conflict Data Program; attribution required); retrieved 2026-10-04 from ucdp.uu.se. Region: Middle East. No battle-deaths estimate (UCDP BRD v26.1 covers 1989 onward; this episode's conflict-years are absent from BRD or have zero recorded deaths). Outcome: ceasefire.
ucdp:321-1,event,Government of Chile vs Military faction (forces of Augusto Pinochet; Toribio Merino and Leigh Guzman),,UCDP armed conflict episode 1 of conflict 321 in Chile; internationalized internal; 1 active year(s); outcome: victory for side B (non-state side),ongoing,1973,1973,high,Source: UCDP Conflict Termination Dataset v4-2024 (Kreutz; JPR 47(2) 2010; Uppsala Conflict Data Program; attribution required); retrieved 2026-10-04 from ucdp.uu.se. Region: Americas. No battle-deaths estimate (UCDP BRD v26.1 covers 1989 onward; this episode's conflict-years are absent from BRD or have zero recorded deaths). Outcome: victory for side B (non-state side).
ucdp:323-1,event,Government of Cyprus vs Government of Turkey,,UCDP armed conflict episode 1 of conflict 323 in Cyprus; Turkey; internal (internationalized); 1 active year(s); outcome: ceasefire,ongoing,1974,1974,high,Source: UCDP Conflict Termination Dataset v4-2024 (Kreutz; JPR 47(2) 2010; Uppsala Conflict Data Program; attribution required); retrieved 2026-10-04 from ucdp.uu.se. Region: Europe;Middle East. No battle-deaths estimate (UCDP BRD v26.1 covers 1989 onward; this episode's conflict-years are absent from BRD or have zero recorded deaths). Outcome: ceasefire.
ucdp:324-1,event,Government of Iran vs Government of Iraq,,UCDP armed conflict episode 1 of conflict 324 in Iran; Iraq; internal (internationalized); 1 active year(s); outcome: peace agreement,ongoing,1974,1974,high,Source: UCDP Conflict Termination Dataset v4-2024 (Kreutz; JPR 47(2) 2010; Uppsala Conflict Data Program; attribution required); retrieved 2026-10-04 from ucdp.uu.se. Region: Middle East. No battle-deaths estimate (UCDP BRD v26.1 covers 1989 onward; this episode's conflict-years are absent from BRD or have zero recorded deaths). Outcome: peace agreement.
ucdp:329-1,event,Government of Ethiopia vs Ogaden Liberation Front,,UCDP armed conflict episode 1 of conflict 329 in Ethiopia; internationalized internal; 1 active year(s); outcome: victory for side A (government),ongoing,1964,1964,high,Source: UCDP Conflict Termination Dataset v4-2024 (Kreutz; JPR 47(2) 2010; Uppsala Conflict Data Program; attribution required); retrieved 2026-10-04 from ucdp.uu.se. Region: Africa. No battle-deaths estimate (UCDP BRD v26.1 covers 1989 onward; this episode's conflict-years are absent from BRD or have zero recorded deaths). Outcome: victory for side A (government).
ucdp:334-1,event,Government of China vs Government of Vietnam (North Vietnam),,UCDP armed conflict episode 1 of conflict 334 in China; Vietnam (North Vietnam); internal (internationalized); 1 active year(s); outcome: victory for side A (government),ongoing,1974,1974,high,Source: UCDP Conflict Termination Dataset v4-2024 (Kreutz; JPR 47(2) 2010; Uppsala Conflict Data Program; attribution required); retrieved 2026-10-04 from ucdp.uu.se. Region: Asia. No battle-deaths estimate (UCDP BRD v26.1 covers 1989 onward; this episode's conflict-years are absent from BRD or have zero recorded deaths). Outcome: victory for side A (government).
ucdp:340-1,event,Government of Saudi Arabia vs JSM,,UCDP armed conflict episode 1 of conflict 340 in Saudi Arabia; internationalized internal; 1 active year(s); outcome: victory for side A (government),ongoing,1979,1979,high,Source: UCDP Conflict Termination Dataset v4-2024 (Kreutz; JPR 47(2) 2010; Uppsala Conflict Data Program; attribution required); retrieved 2026-10-04 from ucdp.uu.se. Region: Middle East. No battle-deaths estimate (UCDP BRD v26.1 covers 1989 onward; this episode's conflict-years are absent from BRD or have zero recorded deaths). Outcome: victory for side A (government).
ucdp:341-1,event,Government of Liberia vs Military faction (forces of Samuel Doe),,UCDP armed conflict episode 1 of conflict 341 in Liberia; internationalized internal; 1 active year(s); outcome: victory for side B (non-state side),ongoing,1980,1980,high,Source: UCDP Conflict Termination Dataset v4-2024 (Kreutz; JPR 47(2) 2010; Uppsala Conflict Data Program; attribution required); retrieved 2026-10-04 from ucdp.uu.se. Region: Africa. No battle-deaths estimate (UCDP BRD v26.1 covers 1989 onward; this episode's conflict-years are absent from BRD or have zero recorded deaths). Outcome: victory for side B (non-state side).
ucdp:343-1,event,Government of Tunisia vs RÃ©sistance ArmÃ©e Tunisienne,,UCDP armed conflict episode 1 of conflict 343 in Tunisia; internationalized internal; 1 active year(s); outcome: victory for side A (government),ongoing,1980,1980,high,Source: UCDP Conflict Termination Dataset v4-2024 (Kreutz; JPR 47(2) 2010; Uppsala Conflict Data Program; attribution required); retrieved 2026-10-04 from ucdp.uu.se. Region: Africa. No battle-deaths estimate (UCDP BRD v26.1 covers 1989 onward; this episode's conflict-years are absent from BRD or have zero recorded deaths). Outcome: victory for side A (government).
ucdp:344-1,event,Government of Gambia vs NRC,,UCDP armed conflict episode 1 of conflict 344 in Gambia; internationalized internal; 1 active year(s); outcome: victory for side A (government),ongoing,1981,1981,high,Source: UCDP Conflict Termination Dataset v4-2024 (Kreutz; JPR 47(2) 2010; Uppsala Conflict Data Program; attribution required); retrieved 2026-10-04 from ucdp.uu.se. Region: Africa. No battle-deaths estimate (UCDP BRD v26.1 covers 1989 onward; this episode's conflict-years are absent from BRD or have zero recorded deaths). Outcome: victory for side A (government).
ucdp:346-1,event,Government of Argentina vs Government of United Kingdom,,UCDP armed conflict episode 1 of conflict 346 in Argentina; United Kingdom; internal (internationalized); 1 active year(s); outcome: victory for side B (non-state side),ongoing,1982,1982,high,Source: UCDP Conflict Termination Dataset v4-2024 (Kreutz; JPR 47(2) 2010; Uppsala Conflict Data Program; attribution required); retrieved 2026-10-04 from ucdp.uu.se. Region: Europe;Americas. No battle-deaths estimate (UCDP BRD v26.1 covers 1989 onward; this episode's conflict-years are absent from BRD or have zero recorded deaths). Outcome: victory for side B (non-state side).
ucdp:348-1,event,Government of Kenya vs Military faction (forces of Hezekiah Ochuka),,UCDP armed conflict episode 1 of conflict 348 in Kenya; internationalized internal; 1 active year(s); outcome: victory for side A (government),ongoing,1982,1982,high,Source: UCDP Conflict Termination Dataset v4-2024 (Kreutz; JPR 47(2) 2010; Uppsala Conflict Data Program; attribution required); retrieved 2026-10-04 from ucdp.uu.se. Region: Africa. No battle-deaths estimate (UCDP BRD v26.1 covers 1989 onward; this episode's conflict-years are absent from BRD or have zero recorded deaths). Outcome: victory for side A (government).
ucdp:349-1,event,Government of Chad vs Government of Nigeria,,UCDP armed conflict episode 1 of conflict 349 in Chad; Nigeria; internal (internationalized); 1 active year(s); outcome: ceasefire,ongoing,1983,1983,high,Source: UCDP Conflict Termination Dataset v4-2024 (Kreutz; JPR 47(2) 2010; Uppsala Conflict Data Program; attribution required); retrieved 2026-10-04 from ucdp.uu.se. Region: Africa. No battle-deaths estimate (UCDP BRD v26.1 covers 1989 onward; this episode's conflict-years are absent from BRD or have zero recorded deaths). Outcome: ceasefire.
ucdp:350-1,event,Government of Grenada vs Government of United States of America,,UCDP armed conflict episode 1 of conflict 350 in Grenada; United States of America; internal (internationalized); 1 active year(s); outcome: victory for side B (non-state side),ongoing,1983,1983,high,Source: UCDP Conflict Termination Dataset v4-2024 (Kreutz; JPR 47(2) 2010; Uppsala Conflict Data Program; attribution required); retrieved 2026-10-04 from ucdp.uu.se. Region: Americas. No battle-deaths estimate (UCDP BRD v26.1 covers 1989 onward; this episode's conflict-years are absent from BRD or have zero recorded deaths). Outcome: victory for side B (non-state side).
ucdp:353-2,event,Government of Cameroon vs Military faction (forces of Ibrahim Saleh),,UCDP armed conflict episode 2 of conflict 353 in Cameroon; internationalized internal; 1 active year(s); outcome: victory for side A (government),ongoing,1984,1984,high,Source: UCDP Conflict Termination Dataset v4-2024 (Kreutz; JPR 47(2) 2010; Uppsala Conflict Data Program; attribution required); retrieved 2026-10-04 from ucdp.uu.se. Region: Africa. No battle-deaths estimate (UCDP BRD v26.1 covers 1989 onward; this episode's conflict-years are absent from BRD or have zero recorded deaths). Outcome: victory for side A (government).
ucdp:355-1,event,Government of Burkina Faso vs Government of Mali,,UCDP armed conflict episode 1 of conflict 355 in Burkina Faso; Mali; internal (internationalized); 1 active year(s); outcome: peace agreement,ongoing,1985,1985,high,Source: UCDP Conflict Termination Dataset v4-2024 (Kreutz; JPR 47(2) 2010; Uppsala Conflict Data Program; attribution required); retrieved 2026-10-04 from ucdp.uu.se. Region: Africa. No battle-deaths estimate (UCDP BRD v26.1 covers 1989 onward; this episode's conflict-years are absent from BRD or have zero recorded deaths). Outcome: peace agreement.
ucdp:357-1,event,Government of Suriname vs SLA,,UCDP armed conflict episode 1 of conflict 357 in Suriname; internationalized internal; 1 active year(s); outcome: ceasefire,ongoing,1987,1987,high,Source: UCDP Conflict Termination Dataset v4-2024 (Kreutz; JPR 47(2) 2010; Uppsala Conflict Data Program; attribution required); retrieved 2026-10-04 from ucdp.uu.se. Region: Americas. No battle-deaths estimate (UCDP BRD v26.1 covers 1989 onward; this episode's conflict-years are absent from BRD or have zero recorded deaths). Outcome: ceasefire.
ucdp:358-1,event,Government of Togo vs MTD,,UCDP armed conflict episode 1 of conflict 358 in Togo; internationalized internal; 1 active year(s); outcome: victory for side A (government),ongoing,1986,1986,high,Source: UCDP Conflict Termination Dataset v4-2024 (Kreutz; JPR 47(2) 2010; Uppsala Conflict Data Program; attribution required); retrieved 2026-10-04 from ucdp.uu.se. Region: Africa. No battle-deaths estimate (UCDP BRD v26.1 covers 1989 onward; this episode's conflict-years are absent from BRD or have zero recorded deaths). Outcome: victory for side A (government).
ucdp:359-1,event,Government of South Yemen vs YSP - AFI,,UCDP armed conflict episode 1 of conflict 359 in South Yemen; internationalized internal; 1 active year(s); outcome: victory for side B (non-state side),ongoing,1986,1986,high,Source: UCDP Conflict Termination Dataset v4-2024 (Kreutz; JPR 47(2) 2010; Uppsala Conflict Data Program; attribution required); retrieved 2026-10-04 from ucdp.uu.se. Region: Middle East. No battle-deaths estimate (UCDP BRD v26.1 covers 1989 onward; this episode's conflict-years are absent from BRD or have zero recorded deaths). Outcome: victory for side B (non-state side).
ucdp:360-1,event,Government of Burkina Faso vs Popular Front,,UCDP armed conflict episode 1 of conflict 360 in Burkina Faso; internationalized internal; 1 active year(s); outcome: victory for side B (non-state side),ongoing,1987,1987,high,Source: UCDP Conflict Termination Dataset v4-2024 (Kreutz; JPR 47(2) 2010; Uppsala Conflict Data Program; attribution required); retrieved 2026-10-04 from ucdp.uu.se. Region: Africa. No battle-deaths estimate (UCDP BRD v26.1 covers 1989 onward; this episode's conflict-years are absent from BRD or have zero recorded deaths). Outcome: victory for side B (non-state side).
ucdp:361-1,event,Government of Chad vs Government of Libya,,UCDP armed conflict episode 1 of conflict 361 in Chad; Libya; internal (internationalized); 1 active year(s); outcome: ceasefire,ongoing,1987,1987,high,Source: UCDP Conflict Termination Dataset v4-2024 (Kreutz; JPR 47(2) 2010; Uppsala Conflict Data Program; attribution required); retrieved 2026-10-04 from ucdp.uu.se. Region: Africa. No battle-deaths estimate (UCDP BRD v26.1 covers 1989 onward; this episode's conflict-years are absent from BRD or have zero recorded deaths). Outcome: ceasefire.
ucdp:427-1,event,Government of Tanzania vs Government of Uganda,,UCDP armed conflict episode 1 of conflict 427 in Tanzania; Uganda; internal (internationalized); 1 active year(s); outcome: victory for side A (government),ongoing,1978,1978,high,Source: UCDP Conflict Termination Dataset v4-2024 (Kreutz; JPR 47(2) 2010; Uppsala Conflict Data Program; attribution required); retrieved 2026-10-04 from ucdp.uu.se. Region: Africa. No battle-deaths estimate (UCDP BRD v26.1 covers 1989 onward; this episode's conflict-years are absent from BRD or have zero recorded deaths). Outcome: victory for side A (government).
ucdp:431-1,event,Government of Afghanistan vs Government of Russia (Soviet Union),,UCDP armed conflict episode 1 of conflict 431 in Afghanistan; Russia (Soviet Union); internal (internationalized); 1 active year(s); outcome: victory for side B (non-state side),ongoing,1979,1979,high,Source: UCDP Conflict Termination Dataset v4-2024 (Kreutz; JPR 47(2) 2010; Uppsala Conflict Data Program; attribution required); retrieved 2026-10-04 from ucdp.uu.se. Region: Europe;Asia. No battle-deaths estimate (UCDP BRD v26.1 covers 1989 onward; this episode's conflict-years are absent from BRD or have zero recorded deaths). Outcome: victory for side B (non-state side).
ucdp:437-1,event,Government of Ethiopia vs SLM,,UCDP armed conflict episode 1 of conflict 437 in Ethiopia; internationalized internal; 1 active year(s); outcome: low activity,ongoing,1981,1981,high,Source: UCDP Conflict Termination Dataset v4-2024 (Kreutz; JPR 47(2) 2010; Uppsala Conflict Data Program; attribution required); retrieved 2026-10-04 from ucdp.uu.se. Region: Africa. No battle-deaths estimate (UCDP BRD v26.1 covers 1989 onward; this episode's conflict-years are absent from BRD or have zero recorded deaths). Outcome: low activity.
ucdp:437-2,event,Government of Ethiopia vs SLM,,UCDP armed conflict episode 2 of conflict 437 in Ethiopia; internationalized internal; 1 active year(s); outcome: victory for side A (government),ongoing,1983,1983,high,Source: UCDP Conflict Termination Dataset v4-2024 (Kreutz; JPR 47(2) 2010; Uppsala Conflict Data Program; attribution required); retrieved 2026-10-04 from ucdp.uu.se. Region: Africa. No battle-deaths estimate (UCDP BRD v26.1 covers 1989 onward; this episode's conflict-years are absent from BRD or have zero recorded deaths). Outcome: victory for side A (government).
