entity_id,entity_type,canonical_name,aliases,description,relation,start_year,end_year,confidence,notes
ri:0000-00-00_1_0_1_2_1_291_291,work,"RI I,2,1 n. 291",,Karl beauftragt den Autor des „Carmen de exordio gentis Francorum“ mit der Abfassung eines Gedichtes zur Herkunft der Karolinger.,available,842,,medium,"dept: RI I; issuer: Karl der Kahle; date range: 0842-02-01 to 0842-02-28 (year = first possible); source: Regesta Imperii, Akad. der Wissenschaften und der Literatur | Mainz, CC BY 4.0; retrieved 2026-10-04; https://www.regesta-imperii.de/id/0000-00-00_1_0_1_2_1_291_291"
ri:0000-00-00_1_0_3_2_3_462_462,work,"RI III,2,3 n. 462",,"Heinrich gewährt dem Grafen Zeizolf aufgrund der Intervention seiner Gemahlin, der Königin Bertha, des Erzbischofs Siegfried von Mainz und anderer Getreuer das Recht, auf seinem Eigengut in der im Elsenzgau in seiner Grafschaft gelegenen Besitzung Sinsheim Münze und Markt einzurichten und schützt durch die Erteilung des Bannes den Frieden und den ungehinderten Handelsverkehr der Kaufleute (Zeizolf …",available,1066,,high,"dept: RI III; issuer: Heinrich IV.; place: –; date: 1066-12-31; source: Regesta Imperii, Akad. der Wissenschaften und der Literatur | Mainz, CC BY 4.0; retrieved 2026-10-04; https://www.regesta-imperii.de/id/0000-00-00_1_0_3_2_3_462_462"
ri:0000-00-00_1_0_6_4_1_1_a,work,"RI VI,4,1 n. a",,"Der älteste Sohn (primogenitus) Graf Heinrichs VI. (dynastiebezogene Zählung: III.) von Luxemburg und seiner Ehefrau Beatrix von Avesnes wird in einem Haus der Nikolaus-Pfarrei zu Valenciennes geboren (in mansione sive domo, sita in parochia s. Nicolai oppidi Valen­che­nensis in Hannonia [...], in qua nativitatis originem sumpsimus) und erhält den Namen seines Vaters.",available,1278,,medium,"dept: RI VI; issuer: Heinrich VII.; place: Valenciennes; date range: 1278-01-01 to 1278-12-31 (year = first possible); source: Regesta Imperii, Akad. der Wissenschaften und der Literatur | Mainz, CC BY 4.0; retrieved 2026-10-04; https://www.regesta-imperii.de/id/0000-00-00_1_0_6_4_1_1_a"
ri:0121-02-11_1_0_5_4_6_148_140,work,"RI V,4,6 n. 140",,"überträgt dem Bergerkloster zu Altenburg die Bartholomäuskirche samt allen anderen Kirchen in der Burg und Stadt Altenburg und bestätigt die Übertragung der Kirchen in [Mehna] und Treben durch König Philipp und andere Privilegien. Fälschung auf der Grundlage von BF. 783. Transsumpt im Vidimus des Burggrafen Albrecht (III.) von Altenburg zu 1279 in Gotha StA, Druck: Altenburger UB. 65 Nr. 75. Nachw …",available,1215,,high,"dept: RI V; issuer: Friedrich II.; place: aput Halle; date: 1215-02-11; source: Regesta Imperii, Akad. der Wissenschaften und der Literatur | Mainz, CC BY 4.0; retrieved 2026-10-04; https://www.regesta-imperii.de/id/0121-02-11_1_0_5_4_6_148_140"
ri:0147-11-06_1_0_13_7_0_11729_563,work,[RI XIII] H. 7 n. 563,,K. F. übersendet der neuen Äbtissin und dem Konvent von St. Cäcilien in Köln die von ihnen erbetene und aufgrund seines Schreibens1 erfolgte päpstliche Bestätigung2 der von ihm und dem päpstlichen Legaten vollzogenen Translation ihres Klosters Weiher nach St. Cäcilien und empfiehlt ihnen deren sorgfältige Aufbewahrung.,available,1475,,high,"dept: RI XIII; issuer: Friedrich III.; place: Donauwörth; date: 1475-11-06; source: Regesta Imperii, Akad. der Wissenschaften und der Literatur | Mainz, CC BY 4.0; retrieved 2026-10-04; https://www.regesta-imperii.de/id/0147-11-06_1_0_13_7_0_11729_563"
ri:0172-08-16_1_0_4_2_3_218_1993,work,"RI IV,2,3 n. 1993",,"Erzbischof Christian von Mainz, Reichslegat für Italien, nimmt die Burg des Grafen Gerard (von Pisa) zu Ventrignano ein, läßt sie niederbrennen und droht, mit Waffengewalt gegen die bei Castelfiorentino lagernden Florentiner Truppen vorzugehen.",available,1172,,high,"dept: RI IV; issuer: Friedrich I.; place: Ventrignano; date: 1172-08-16; source: Regesta Imperii, Akad. der Wissenschaften und der Literatur | Mainz, CC BY 4.0; retrieved 2026-10-04; https://www.regesta-imperii.de/id/0172-08-16_1_0_4_2_3_218_1993"
ri:0838-09-00_3_0_1_2_1_74_74,work,"RI I,2,1 n. 74",,Karl nimmt von den auf der Reichsversammlung anwesenden Großen Neustriens Handgang und Treueid entgegen (praesentes quidem Neustriae provintiae primores Karolus et manus dederunt et fidelitatem sacramento obstrinxerunt).,available,838,,medium,"dept: RI I; issuer: Karl der Kahle; place: Quierzy; date range: 0838-09-01 to 0838-09-30 (year = first possible); source: Regesta Imperii, Akad. der Wissenschaften und der Literatur | Mainz, CC BY 4.0; retrieved 2026-10-04; https://www.regesta-imperii.de/id/0838-09-00_3_0_1_2_1_74_74"
ri:0840-10-00_7_0_1_2_1_128_128,work,"RI I,2,1 n. 128",,"Karl bestätigt dem Kloster Saint-Mesmin-de-Micy (religiosus locus, qui est in honore sancti Maximini confessoris Christi et vocatur Miciacus) auf Bitten des dortigen Abtes Petrus und der Mönche gemäß der vorgelegten Urkunde seines Vaters Ludwig (d. Fr.) (BM2 568) Abgaben- und Zollfreiheit für drei auf der Loire (Ligeris) und anderen Flüssen seines Reiches fahrende Schiffe, für Wagen und Saumtiere …",available,840,,medium,"dept: RI I; issuer: Karl der Kahle; place: (vor Orléans?); date range: 0840-10-01 to 0840-10-31 (year = first possible); source: Regesta Imperii, Akad. der Wissenschaften und der Literatur | Mainz, CC BY 4.0; retrieved 2026-10-04; https://www.regesta-imperii.de/id/0840-10-00_7_0_1_2_1_128_128"
ri:0841-05-12_1_0_1_2_1_191_191,work,"RI I,2,1 n. 191",,Eine normannische Flotte unter Oskar (Oscheri) dringt in die Seinemündung ein.,available,841,,high,"dept: RI I; issuer: Karl der Kahle; date: 0841-05-12; source: Regesta Imperii, Akad. der Wissenschaften und der Literatur | Mainz, CC BY 4.0; retrieved 2026-10-04; https://www.regesta-imperii.de/id/0841-05-12_1_0_1_2_1_191_191"
ri:0841-11-06_1_0_1_2_1_267_267,work,"RI I,2,1 n. 267",,"Karl überträgt (concedimus) seinem Getreuen Hermann, Vasall des Abtes Ludwig von Saint-Denis (fidelis noster Herimannus ... vassallus ... Hludowici abbatis) aus Königsgut (res iuris nostri) eine Manse in der Villa Buxidello im Gau von Paris mit allen Pertinenzien zu freiem Eigen (ad proprium). -- Ionas not. ad vicem Hludowici. -- M. SR. NN. (Ebroinus episcopus et ... [ambascia]verunt impetravit) S …",available,841,,high,"dept: RI I; issuer: Karl der Kahle; place: Saint-Denis; date: 0841-11-06; source: Regesta Imperii, Akad. der Wissenschaften und der Literatur | Mainz, CC BY 4.0; retrieved 2026-10-04; https://www.regesta-imperii.de/id/0841-11-06_1_0_1_2_1_267_267"
ri:0842-11-29_1_0_1_2_1_340_340,work,"RI I,2,1 n. 340",,"Karl, Ludwig (d. Dt.) und Lothar (I.) sind anwesend bei den erneuten Verhandlungen zwischen den Großen beider Seiten, die schwören, daß die Könige unter sich Frieden bis zum vereinbarten Termin (843 Juli 14) halten werden, daß alles unternommen werden wird, um das Reich dann so gerecht wie möglich zu teilen, und daß Lothar die Wahl unter den Teilen zustehen soll, wie es beschworen worden ist (Reg. …",available,842,,medium,"dept: RI I; issuer: Karl der Kahle; place: Diedenhofen; date range: 0842-11-20 to 0842-11-30 (year = first possible); source: Regesta Imperii, Akad. der Wissenschaften und der Literatur | Mainz, CC BY 4.0; retrieved 2026-10-04; https://www.regesta-imperii.de/id/0842-11-29_1_0_1_2_1_340_340"
ri:0843-12-25_1_0_1_2_1_398_398,work,"RI I,2,1 n. 398",,Karl verbringt das Weihnachtsfest in Saint-Martin in Tours (?).,available,843,,high,"dept: RI I; issuer: Karl der Kahle; place: (Saint-Martin zu Tours); date: 0843-12-25; source: Regesta Imperii, Akad. der Wissenschaften und der Literatur | Mainz, CC BY 4.0; retrieved 2026-10-04; https://www.regesta-imperii.de/id/0843-12-25_1_0_1_2_1_398_398"
ri:0844-06-11_1_0_1_2_1_426_426,work,"RI I,2,1 n. 426",,"Karl gewährt den Goten oder Hispaniern (Goti sive Ispani) in Barcelona (Barchinonam famosi nominis civitatem) und Terrassa (Terracium castellum) sowie allen Hispaniern in der Grafschaft Barcelona (comitatum Barchinonam), deren Vorfahren vor den Sarazenen aus ihrer Heimat geflohen sind und die Stadt Barcelona den Franken übergeben haben, nach dem Vorgang seines Großvaters Karl (d. Gr.) (D Kar. 217) …",available,844,,high,"dept: RI I; issuer: Karl der Kahle; place: Saint-Sernin bei Toulouse; date: 0844-06-11; source: Regesta Imperii, Akad. der Wissenschaften und der Literatur | Mainz, CC BY 4.0; retrieved 2026-10-04; https://www.regesta-imperii.de/id/0844-06-11_1_0_1_2_1_426_426"
ri:0845-06-13_1_0_1_2_1_486_486,work,"RI I,2,1 n. 486",,"Karl kommt in das 12 Leugen von Orléans entfernte Fleury (agrum Floriacum in quo Sancti Benedicti monasterium consistit), empfängt dort Pippin (II. von Aquitanien), nimmt dessen Treueide (sacramentis fidelitatis) entgegen, denen zufolge Pippin ihm künftig wie ein Neffe dem Onkel treu sein und ihm in allen Notlagen Hilfe leisten werde (ipsi pro uiribus auxilium ferret), und überläßt ihm die Herrsch …",available,845,,high,"dept: RI I; issuer: Karl der Kahle; place: Saint-Benoît-sur-Loire (Fleury); date: 0845-06-13; source: Regesta Imperii, Akad. der Wissenschaften und der Literatur | Mainz, CC BY 4.0; retrieved 2026-10-04; https://www.regesta-imperii.de/id/0845-06-13_1_0_1_2_1_486_486"
ri:0846-10-31_2_0_1_2_1_537_537,work,"RI I,2,1 n. 537",,"Karl empfängt ein Schreiben des Lupus (von Ferrières), in dem dieser ihn um die Restitution der nunmehr seit ungefähr vier Jahren dem Kloster entzogenen Zelle Saint-Josse bittet.",available,846,,high,"dept: RI I; issuer: Karl der Kahle; date: 0846-10-31; source: Regesta Imperii, Akad. der Wissenschaften und der Literatur | Mainz, CC BY 4.0; retrieved 2026-10-04; https://www.regesta-imperii.de/id/0846-10-31_2_0_1_2_1_537_537"
ri:0847-00-00_4_0_1_4_2_137_137,work,"RI I,4,2 n. 137",,"Kaiser Lothar (I.) berichtet Papst Leo (IV.) (... spiritali patri nostro Leoni summo pontifici et universali papae) über die Reimser Wirren unter seinem Vater (Ludwig dem Frommen) und seinem Bruder Karl (dem Kahlen) um den ehemaligen Erzbischof Ebo, über dessen in Abschrift beigefügte Resignation auf der Zusammenkunft (von Diedenhofen) (vgl. n. 136 ) und über die nach längerer Vakanz erfolgte rech …",available,847,,medium,"dept: RI I; issuer: Leo IV.; date range: 0847-01-01 to 0847-12-31 (year = first possible); source: Regesta Imperii, Akad. der Wissenschaften und der Literatur | Mainz, CC BY 4.0; retrieved 2026-10-04; https://www.regesta-imperii.de/id/0847-00-00_4_0_1_4_2_137_137"
ri:0847-12-05_3_0_1_2_1_583_583,work,"RI I,2,1 n. 583",,"Karl bestätigt den Mönchen des Klosters Sainte-Colombe (bei Sens) (monachi monasterii sanctae Columbae martyris Christi, in quo ipsius et sancti Lupi confessoris corpora humata venerantur) auf deren Bitte das ihnen bereits von seinen Vorgängern von altersher gewährte Recht, täglich zwei Karren Holz aus dem bei der Villa Nailly (Nadiliaco) gelegenen Wald (silva) sancti Stephani zu holen. -- Gebetsw …",available,847,,high,"dept: RI I; issuer: Karl der Kahle; place: Compiègne; date: 0847-12-05; source: Regesta Imperii, Akad. der Wissenschaften und der Literatur | Mainz, CC BY 4.0; retrieved 2026-10-04; https://www.regesta-imperii.de/id/0847-12-05_3_0_1_2_1_583_583"
ri:0848-08-00_1_0_1_4_2_167_167,work,"RI I,4,2 n. 167",,"Papst Leo IV. läßt die Mauern der Stadt Rom zum Schutz gegen Feinde kurz vor der 12. Indiktion (duodecima et quidem instante indictione ) renovieren und befiehlt (iussit ... praecepit), die Tore sowie 15 Türme zu erneuern. Außerdem verfügt er, zum Schutz der Stadt Rom zwei Türme bei der Porta Portuensis am Tiber zu bauen (II iuxta Portuensem portam ita prudenter ac sapienter venerabilis praesul ab …",available,848,,medium,"dept: RI I; issuer: Leo IV.; date range: 0848-08-01 to 0848-08-31 (year = first possible); source: Regesta Imperii, Akad. der Wissenschaften und der Literatur | Mainz, CC BY 4.0; retrieved 2026-10-04; https://www.regesta-imperii.de/id/0848-08-00_1_0_1_4_2_167_167"
ri:0850-00-00_7_0_1_4_2_218_218,work,"RI I,4,2 n. 218",,"Papst (Leo IV.) erlaubt einem Diakon aus der Provinz Spoleto (in Spolitana provincia ) auf dessen Bitten, zu den Reliquien des Papstes Marcellinus im Kloster (Redon) in der Bretagne zu pilgern, um dort von seinen Ketten gelöst zu werden und die Vergebung seiner Missetaten zu erlangen.",available,850,,medium,"dept: RI I; issuer: Leo IV.; date range: 0850-01-01 to 0850-12-31 (year = first possible); source: Regesta Imperii, Akad. der Wissenschaften und der Literatur | Mainz, CC BY 4.0; retrieved 2026-10-04; https://www.regesta-imperii.de/id/0850-00-00_7_0_1_4_2_218_218"
ri:0852-03-00_1_0_1_4_2_252_252,work,"RI I,4,2 n. 252",,Papst Leo IV. sendet (den Kaisern) Lothar (I.) und Ludwig (II.) (Lothario et Ludovico ) gemäß christlichem Brauch Palmzweige.-Christiana amoris consuetudo mentem nostram ...,available,852,,medium,"dept: RI I; issuer: Leo IV.; date range: 0852-03-20 to 0853-03-31 (year = first possible); source: Regesta Imperii, Akad. der Wissenschaften und der Literatur | Mainz, CC BY 4.0; retrieved 2026-10-04; https://www.regesta-imperii.de/id/0852-03-00_1_0_1_4_2_252_252"
ri:0853-12-00_1_0_1_3_1_4325_114,work,"RI I,3,1 n. 114",,"An der mit Rat der Kaiser Lothar (I.) und Ludwig (una cum consilio Lotharii ac Ludovici imperatorum) unter dem Vorsitz Papst Leos (IV.) tagenden Synode, auf der u. a. das Anathem über Anastasius (Bibliothecarius) erneuert wird, nehmen im Auftrag der beiden Kaiser (ab imperatoribus destinati) die Bischöfe Josef von Ivrea, Noting von Brescia, Petrus (II.) von Spoleto und Petrus (II.) von Arezzo teil …",available,853,,medium,"dept: RI I; issuer: Ludwig II; place: St. Peter in Rom; date range: 0853-12-01 to 0853-12-31 (year = first possible); source: Regesta Imperii, Akad. der Wissenschaften und der Literatur | Mainz, CC BY 4.0; retrieved 2026-10-04; https://www.regesta-imperii.de/id/0853-12-00_1_0_1_3_1_4325_114"
ri:0855-09-00_1_0_1_3_1_4351_d138a,work,"RI I,3,1 n. D138A",,Ludwig interveniert zusammen mit Kaiser Lothar (I.) bei Papst Benedikt (DI.) zugunsten des Klosters Corbie.,available,855,,medium,"dept: RI I; issuer: Ludwig II; date range: 0855-09-01 to 0855-09-30 (year = first possible); source: Regesta Imperii, Akad. der Wissenschaften und der Literatur | Mainz, CC BY 4.0; retrieved 2026-10-04; https://www.regesta-imperii.de/id/0855-09-00_1_0_1_3_1_4351_D138A"
ri:0857-00-00_3_0_1_4_2_416_416,work,"RI I,4,2 n. 416",,"Papst Benedikt (III.) protestiert (bei Herzog Salomo III. von der Bretagne ) gegen die Absetzung von (bretonischen) Bischöfen, die entgegen der Festlegung Papst Leos (IV.) (n. 203) nicht (durch ein kanonisches Urteil) von zwölf Bischöfen, sondern nur von Laien erfolgt sei, verfügt die Unterstellung der bretonischen Kirche unter die Metropole (Tours) und exkommuniziert Zuwiderhandelnde.",available,857,,medium,"dept: RI I; issuer: Benedikt III.; date range: 0857-10-01 to 0858-12-31 (year = first possible); source: Regesta Imperii, Akad. der Wissenschaften und der Literatur | Mainz, CC BY 4.0; retrieved 2026-10-04; https://www.regesta-imperii.de/id/0857-00-00_3_0_1_4_2_416_416"
ri:0862-04-00_1_0_1_3_1_4420_204,work,"RI I,3,1 n. 204",,"Von Ludwig entsandte Missi (per suos quosdam idoneos ac fideles missos) stellen den gesamten Besitz des Klosters Bobbio durch eidliche Befragung fest (omnia ... invenerunt et sub sacramenta fidei firmare fecerunt) und fertigen darüber ein Verzeichnis (adbreviatio) an. - a. inc. 862, a. Lu. 13, Ind. 15 (!).",available,862,,medium,"dept: RI I; issuer: Ludwig II; place: (Bobbio); date range: 0862-04-01 to 0862-08-31 (year = first possible); source: Regesta Imperii, Akad. der Wissenschaften und der Literatur | Mainz, CC BY 4.0; retrieved 2026-10-04; https://www.regesta-imperii.de/id/0862-04-00_1_0_1_3_1_4420_204"
ri:0867-02-21_1_0_1_3_1_4485_f269,work,"RI I,3,1 n. †269",,"Ludwig bestätigt nach Fürsprache seiner Gemahlin Angilberga (consultu et interventu Ingelberge dilectissime coniugis nostre) dem Kloster Montecassino (monasterium sancti confessoris Christi Benedicti de castro Casino) auf Bitten des Abts Bertharius, weil dieser mannhaft gegen die Sarazenen gekämpft hat (pro eo quod viriliter Sarracenos obpucnastis), alle Papst-, Königs- und Kaiserurkunden sowie de …",available,867,,high,"dept: RI I; issuer: Ludwig II; place: Benevent; date: 0867-02-21; source: Regesta Imperii, Akad. der Wissenschaften und der Literatur | Mainz, CC BY 4.0; retrieved 2026-10-04; https://www.regesta-imperii.de/id/0867-02-21_1_0_1_3_1_4485_F269"
ri:0871-11-00_1_0_1_3_1_4555_338,work,"RI I,3,1 n. 338",,"Der Franke Sisenand, Sohn des verstorbenen Anastasius, Missus des Grafen Suppo (von Spoleto), verkauft in villa, que dicitur Vico (Vicoli Vecchio), Ludwig (vobis domno meo Ludowico gloriosi imperatori) zu freiem Eigen seinen gesamten Besitz im Ort Casauria im Gau Penne (in loco, qui dicitur Casauria, pago Pinnensi) in der Größe von zwölf modii in genannter Lage am Fluß Pescara zum Preis von zehn P …",available,871,,medium,"dept: RI I; issuer: Ludwig II; place: Vicoli Vecchio ubi ipse Augustus preerat; date range: 0871-11-01 to 0871-11-30 (year = first possible); source: Regesta Imperii, Akad. der Wissenschaften und der Literatur | Mainz, CC BY 4.0; retrieved 2026-10-04; https://www.regesta-imperii.de/id/0871-11-00_1_0_1_3_1_4555_338"
ri:0874-10-13_4_0_1_3_1_4616_f399,work,"RI I,3,1 n. †399",,"Ludwig schenkt dem von ihm gestifteten Kloster Casauria, wohin er die Gebeine des Hl. Clemens übertragen ließ (bis hierhin identisch mit M2 1269 = Reg. 398) und das er deshalb künftig S. Clemente in Piscaria nennen läßt (quod ... monasterium Sancti Clementis in Piscaria in antea vocitari precipimus), für den Unterhalt der Mönche und der Fremden (wie M2 1269) die namentlich aufgeführten Kastelle un …",available,874,,high,"dept: RI I; issuer: Ludwig II; place: Corteolona; date: 0874-10-13; source: Regesta Imperii, Akad. der Wissenschaften und der Literatur | Mainz, CC BY 4.0; retrieved 2026-10-04; https://www.regesta-imperii.de/id/0874-10-13_4_0_1_3_1_4616_F399"
ri:0876-00-00_1_0_2_1_1_1_a,work,"RI II,1 n. a",,"Geboren, sohn des herzogs Otto von Sachsen. Widukindi Res gestae Sax. I,17 M. G. SS. 3,425, Thietmari chr. I,3 (ed. Kurze M. G. SS. in usum scolarum p. 3; M. G. SS. in fol. 3,734 c. 2), V.Mahthildis ant. c. 1 ib. 10,575; die beiden letzteren nennen auch die mutter Hathui (Haduwich); dass Heinrich der iüngste sohn dieser ehe war, sagt ausdrücklich die V. Mahthildis l. c., zum gleichen schluss führt …",available,876,,medium,"dept: RI II; issuer: Heinrich von Sachsen.; place: ....; date range: 0876-01-01 to 0876-12-31 (year = first possible); source: Regesta Imperii, Akad. der Wissenschaften und der Literatur | Mainz, CC BY 4.0; retrieved 2026-10-04; https://www.regesta-imperii.de/id/0876-00-00_1_0_2_1_1_1_a"
ri:0877-03-27_1_0_1_3_1_4731_512,work,"RI I,3,1 n. 512",,"Papst Johannes (VIII.) wirft Karl (III.) die (875 erfolgte) Plünderung des Klosters S. Salvatore in Brescia und des dort verwahrten Schatzes der Kaiserin Angilberga vor und fordert ihn unter Androhung der Exkommunikation auf, das Geraubte innerhalb von 60 Tagen durch Boten nach Rom zu schicken.",available,877,,high,"dept: RI I; issuer: Karl der Kahle; date: 0877-03-27; source: Regesta Imperii, Akad. der Wissenschaften und der Literatur | Mainz, CC BY 4.0; retrieved 2026-10-04; https://www.regesta-imperii.de/id/0877-03-27_1_0_1_3_1_4731_512"
ri:0879-00-00_4_0_1_3_1_5006_df777,work,"RI I,3,1 n. D†777",,Karl (III.?) urkundet für das Kloster S. Maria di Bominaco.,available,879,,medium,"dept: RI I; issuer: Karl III; date range: 0879-01-01 to 0887-12-31 (year = first possible); source: Regesta Imperii, Akad. der Wissenschaften und der Literatur | Mainz, CC BY 4.0; retrieved 2026-10-04; https://www.regesta-imperii.de/id/0879-00-00_4_0_1_3_1_5006_DF777"
ri:0880-03-23_1_0_1_3_1_4839_613,work,"RI I,3,1 n. 613",,"Karl bestätigt seiner geliebten (geistigen) Schwester, der Kaiserin Angilberga, Gemahlin seines verstorbenen consobrinus Kaiser Ludwig (II.) (Angiberga [!] dignae recordationis Hludouuici excellentissimi imperatoris consobrini nostri coniux augusta, dilecta soror nostra), auf deren Bitten sämtlichen von ihrem Gemahl, von seinem eigenen Bruder König Karlmann (Karlomannus frater noster gloriosus rex …",available,880,,high,"dept: RI I; issuer: Karl III; date: 0880-03-23; source: Regesta Imperii, Akad. der Wissenschaften und der Literatur | Mainz, CC BY 4.0; retrieved 2026-10-04; https://www.regesta-imperii.de/id/0880-03-23_1_0_1_3_1_4839_613"
ri:0882-00-00_1_0_1_3_2_836_835,work,"RI I,3,2 n. 835",,"Wido (II. von Camerino) folgt (seinem verstorbenen Neffen) Wido (III.) im Dukat Spoleto nach (Defuncto autem Lamberto, filio Guidonis senioris, filio suo Spoletium reliquid; quo etiam decedente, Guido iunior Spoletium et Camerinum suscipiens).",available,882,,medium,"dept: RI I; issuer: Aufstieg Berengars und Widos; date range: 0882-01-01 to 0882-12-31 (year = first possible); source: Regesta Imperii, Akad. der Wissenschaften und der Literatur | Mainz, CC BY 4.0; retrieved 2026-10-04; https://www.regesta-imperii.de/id/0882-00-00_1_0_1_3_2_836_835"
ri:0884-04-07_1_0_1_3_1_4962_734,work,"RI I,3,1 n. 734",,"Placitum des kaiserlichen Boten und Vizegrafen Noe unter Mitwirkung des locopositus Rotefredus (in cuius continebat ipsum ministerium) und mehrerer Beisitzer in villa ... Caput Ursi (Caorso, Prov. Piacenza) ad ecclesia s. Miheli, in dem der Streit zwischen dem Archidiakon Garibald, vertreten durch den advocatus Leo, und den consobrini des Garibald, den Brüdern Garimundus und Anselmus, zugunsten de …",available,884,,high,"dept: RI I; issuer: Karl III; place: Caorso; date: 0884-04-07; source: Regesta Imperii, Akad. der Wissenschaften und der Literatur | Mainz, CC BY 4.0; retrieved 2026-10-04; https://www.regesta-imperii.de/id/0884-04-07_1_0_1_3_1_4962_734"
ri:0888-04-00_1_0_1_3_2_869_868,work,"RI I,3,2 n. 868",,"Wido, der nach der Königskrönung Odos (29. Februar 888 in Compiègne) nicht mehr an eine Herrschaftsübernahme in der Francia glaubt, kehrt mit seinen Anhängern nach Italien zurück - entschlossen, den Kampf um Italien gegen Berengar aufzunehmen (Wido vero rex factus, audiens Odonem in Francia creatum regem, cum his qui se sequi deliberaverant, rediit Italiam).",available,888,,medium,"dept: RI I; issuer: Berengar - Wido - Arnulf; place: (im Raum Metz?) - Rückkehr nach Italien - (im Spoletinischen); date range: 0888-04-01 to 0888-07-31 (year = first possible); source: Regesta Imperii, Akad. der Wissenschaften und der Literatur | Mainz, CC BY 4.0; retrieved 2026-10-04; https://www.regesta-imperii.de/id/0888-04-00_1_0_1_3_2_869_868"
ri:0892-05-00_1_0_1_3_2_929_928,work,"RI I,3,2 n. 928",,"Ragifredus iudex et missus domni imperatoris begutachtet und bezeugt einen Gütertausch zwischen dem Kloster S. Ambrogio zu Mailand unter Abt Petrus (II.) und der Kollegiatkirche S. Giovanni in Monza, vertreten durch den Archipresbyter und Kustos Petrus. - Adelricus not. - a. Wi. imp. 2, Ind. 10.",available,892,,medium,"dept: RI I; issuer: Berengar - Wido und Lambert - Arnulf; place: S. Ambrogio in Mailand; date range: 0892-05-01 to 0892-05-31 (year = first possible); source: Regesta Imperii, Akad. der Wissenschaften und der Literatur | Mainz, CC BY 4.0; retrieved 2026-10-04; https://www.regesta-imperii.de/id/0892-05-00_1_0_1_3_2_929_928"
ri:0896-02-00_2_0_1_3_2_1011_f1010,work,"RI I,3,2 n. F1010",,"Arnulf schenkt auf Fürsprache seiner Gemahlin Ota für das Seelenheil seiner kaiserlichen Vorfahren und seines Sohnes Ludwig (IV., 'das Kind') seinem Patron, dem Hl. Emmeram, die ganze wiederaufgebaute Stadt Regensburg mit 40 Weingärten an der Donau in der Nähe der Stadt, überläßt den Zins dieses Klosters, den Karl d. Gr. dem Papst Leo (III.), sein Urgroßvater (Ludwig d. Fr.) dem Papst Eugen (II.) …",available,896,,medium,"dept: RI I; issuer: Berengar - Lambert - Arnulf; place: (Rom); date range: 0896-02-01 to 0896-02-28 (year = first possible); source: Regesta Imperii, Akad. der Wissenschaften und der Literatur | Mainz, CC BY 4.0; retrieved 2026-10-04; https://www.regesta-imperii.de/id/0896-02-00_2_0_1_3_2_1011_F1010"
ri:0898-10-15_1_0_1_3_2_1072_d1069,work,"RI I,3,2 n. D1069",,"Lambert überträgt dem Kloster Nonantola unter Abt Lantfrid (?) Besitzungen in Saliceto (Saliceto Panaro, Com. Modena), Solariae (Solara, Com. Bomporto, Prov. Modena), Colegaria (Collegara, Com. Modena), Muniano und Albereto (Albareto, Com. Modena) zum Bau und zum Unterhalt einer Krankenstation (infirmaria). - a. 898.",available,898,,high,"dept: RI I; issuer: Berengar - Lambert; date: 0898-10-15; source: Regesta Imperii, Akad. der Wissenschaften und der Literatur | Mainz, CC BY 4.0; retrieved 2026-10-04; https://www.regesta-imperii.de/id/0898-10-15_1_0_1_3_2_1072_D1069"
ri:0901-08-23_1_0_1_3_2_1145_1141,work,"RI I,3,2 n. 1141",,,available,901,,high,"dept: RI I; issuer: Berengar - Ludwig der Blinde; place: Verona; date: 0901-08-23; source: Regesta Imperii, Akad. der Wissenschaften und der Literatur | Mainz, CC BY 4.0; retrieved 2026-10-04; https://www.regesta-imperii.de/id/0901-08-23_1_0_1_3_2_1145_1141"
ri:0906-00-00_3_0_1_3_2_1223_1216,work,"RI I,3,2 n. 1216",,"Erzbischof Johannes (VIII. von Ravenna) informiert (die Markgräfin von Tuszien) Berta (inclitae et gloriosissimae Bertę regalibus orte prosapiis) u. a. darüber, daß Berengar, der sich in Verona befindet, einen Romzug vorbereitet (De rege autem audivimus, quod sit Veronae disponens iter versus Romam).",available,906,,medium,"dept: RI I; issuer: Alleinherrschaft Berengars; date range: 0906-01-01 to 0906-12-31 (year = first possible); source: Regesta Imperii, Akad. der Wissenschaften und der Literatur | Mainz, CC BY 4.0; retrieved 2026-10-04; https://www.regesta-imperii.de/id/0906-00-00_3_0_1_3_2_1223_1216"
ri:0912-08-09_2_0_1_3_2_1269_1260,work,"RI I,3,2 n. 1260",,"Placitum. In dem in Gegenwart Berengars in Corteolona, in caminata que est ante camera item [ ... ], im Beisein der Bischöfe Petrus von Reggio und Wido von Piacenza sowie zahlreicher genannter Grafen, Hofrichter und Königsvasallen (s. unten) tagenden Königsgericht klagt die Kaiserin Ageltrude (Ageltruda inperatrix) wider die Ansprüche des Bischofs Wido von Piacenza und des Presbyters und Primiceri …",available,912,,high,"dept: RI I; issuer: Alleinherrschaft Berengars; place: Corteolona; date: 0912-08-09; source: Regesta Imperii, Akad. der Wissenschaften und der Literatur | Mainz, CC BY 4.0; retrieved 2026-10-04; https://www.regesta-imperii.de/id/0912-08-09_2_0_1_3_2_1269_1260"
ri:0916-09-20_1_0_2_5_0_47_43,work,"RI II,5 n. 43",,"Der von Papst Johannes X. entsandte päpstliche Apokrisiar und Bischof Petrus von Orte eröffnet die von ihm präsidierte Synode von Hohenaltheim durch Verlesung eines päpstlichen Mahnschreibens (cartam apostolicis litteris inscriptam, qua monebamur, arguebamur et instruebamur de omnibus ad veram religionem christianae fidei pertinentibus). Im Namen des Papstes (auctoritate sancti Petri Johannisque, …",available,916,,high,"dept: RI II; issuer: Johannes X.; place: Hohenaltheim; date: 0916-09-20; source: Regesta Imperii, Akad. der Wissenschaften und der Literatur | Mainz, CC BY 4.0; retrieved 2026-10-04; https://www.regesta-imperii.de/id/0916-09-20_1_0_2_5_0_47_43"
ri:0917-06-27_1_0_1_3_2_1339_f1328,work,"RI I,3,2 n. †1328",,"Berengar überträgt dem Markgrafen Uguccio di Colle (von Monte Santa Maria), dem Sohn des Markgrafen Uguccio von Tuszien, in nobile feudam zahlreiche Städte und Burgen, macht ihn und seine Nachkommen zu seinen und des Reiches Rittern (nostros milites facimus et imperii), befreit seinen Besitz von allen Leistungen und verspricht, diesen nicht zu entfremden (non alienare etiam in praecepto imperatori …",available,917,,high,"dept: RI I; issuer: Kaisertum Berengars; place: Rom; date: 0917-06-27; source: Regesta Imperii, Akad. der Wissenschaften und der Literatur | Mainz, CC BY 4.0; retrieved 2026-10-04; https://www.regesta-imperii.de/id/0917-06-27_1_0_1_3_2_1339_F1328"
ri:0923-01-00_1_0_1_3_2_1397_1386,work,"RI I,3,2 n. 1386",,"Placitum des Grafen von Bergamo und missus domni regis Giselbert, in villa Bonate, qui dicitur Superiore (Bonate Sopra, Prov. Bergamo), ad basilica beate Sancte Dei genetricis Marie, unter Mitwirkung des Vicegrafen von Bergamo, Vualdo, der Königsrichter (iudices domni regis) Lazarus, Lanfrancus und Leo, sowie zahlreicher Beisitzer, in dem der Klage des Bischofs Adalbert von Bergamo und seines advo …",available,923,,medium,"dept: RI I; issuer: Berengar - Rudolf II.; place: Bonate Sopra; date range: 0923-01-01 to 0923-01-31 (year = first possible); source: Regesta Imperii, Akad. der Wissenschaften und der Literatur | Mainz, CC BY 4.0; retrieved 2026-10-04; https://www.regesta-imperii.de/id/0923-01-00_1_0_1_3_2_1397_1386"
ri:0925-00-00_2_0_2_5_0_72_68,work,"RI II,5 n. 68",,"Papst Johannes X. verleiht dem Patriarchen Marinus von Grado das Pallium mit dem Recht, es an den seinen Vorgängern gestatteten Tagen zu tragen.",available,925,,medium,"dept: RI II; issuer: Johannes X.; date range: 0925-01-01 to 0925-12-31 (year = first possible); source: Regesta Imperii, Akad. der Wissenschaften und der Literatur | Mainz, CC BY 4.0; retrieved 2026-10-04; https://www.regesta-imperii.de/id/0925-00-00_2_0_2_5_0_72_68"
ri:0926-11-00_1_0_1_3_3_64_1498,work,"RI I,3,3 n. 1498",,"König Rudolf (II. von Hochburgund), der König Heinrich (I. von Ostfranken) aufgesucht hat (vgl. D H.I.11), übergibt diesem auf dessen inständiges Bitten und Drohen (minis terrere ) hin nach langem Zögern persönlich die Heilige Lanze (Rodulfi regis cor emollivit iustoque regi iuste petenti cominus tradidit ), die er vom Grafen Samson erhalten hatte, woraufhin ihm Heinrich einen nicht geringen Teil …",available,926,,medium,"dept: RI I; issuer: Das Königtum Hugos und Lothars; date range: 0926-11-01 to 0926-11-30 (year = first possible); source: Regesta Imperii, Akad. der Wissenschaften und der Literatur | Mainz, CC BY 4.0; retrieved 2026-10-04; https://www.regesta-imperii.de/id/0926-11-00_1_0_1_3_3_64_1498"
ri:0929-05-00_1_0_1_3_3_166_1600,work,"RI I,3,3 n. 1600",,"Der Notar Arivald schreibt die Urkunde, in der Leo, qui Liotefrido vocatur , dem Johannes clericus filius qd. Stefanie genannten Besitz verkauft. -- a. r. Hu. 4, Ind. 2.",available,929,,medium,"dept: RI I; issuer: Das Königtum Hugos und Lothars; date range: 0929-05-01 to 0929-05-31 (year = first possible); source: Regesta Imperii, Akad. der Wissenschaften und der Literatur | Mainz, CC BY 4.0; retrieved 2026-10-04; https://www.regesta-imperii.de/id/0929-05-00_1_0_1_3_3_166_1600"
ri:0929-09-16_1_0_2_1_1_129_55d,work,"RI II,1 n. 55d",,Konsens zu der wittumsverleihung an seine mutter no 24.,available,929,,high,"dept: RI II; issuer: Otto I.; place: Quedlinburg; date: 0929-09-16; source: Regesta Imperii, Akad. der Wissenschaften und der Literatur | Mainz, CC BY 4.0; retrieved 2026-10-04; https://www.regesta-imperii.de/id/0929-09-16_1_0_2_1_1_129_55d"
ri:0931-10-07_1_0_1_3_3_206_1640,work,"RI I,3,3 n. 1640",,"Der iudex [domnorum regum] et avocatus Grasebert bezeugt die Charta, in der Prosperius, Sohn des weiland Teupert de Arriano , dem Dagebert, Presbyter an der (Kollegiat-) Kirche von S. Antonino (in Piacenza), nachdem er von diesem 12 Denare per agendum utilitatem empfangen hat, zusichert, der genannten Kirche den Besitz von Castell'Arquato (Castellana ... ubi Casale Aurexi dicitur ) nicht streitig …",available,931,,high,"dept: RI I; issuer: Das Königtum Hugos und Lothars; date: 0931-10-07; source: Regesta Imperii, Akad. der Wissenschaften und der Literatur | Mainz, CC BY 4.0; retrieved 2026-10-04; https://www.regesta-imperii.de/id/0931-10-07_1_0_1_3_3_206_1640"
ri:0935-05-11_1_0_2_1_1_112_48,work,"RI II,1 n. 48",,"verleiht dem kloster Neuenheerse auf bitte seiner gemalin Mechtild und des bischofs Unwan von Paderborn freie wahl der abtissin königschutz und immunität. K. von 1603 aus der bestätigung durch Ferdinand I. Wien (A) = Insert in der bestätigung durch Rudolf II. v. 1603 Münster (B), woselbst noch andere auf die gleiche quelle zurückgehende kopien; ohne königs- und kanzlerunterschrift überliefert. ‒ S …",available,935,,high,"dept: RI II; issuer: Heinrich I.; place: ....; date: 0935-05-11; source: Regesta Imperii, Akad. der Wissenschaften und der Literatur | Mainz, CC BY 4.0; retrieved 2026-10-04; https://www.regesta-imperii.de/id/0935-05-11_1_0_2_1_1_112_48"
ri:0935-05-12_1_0_1_3_3_279_1713,work,"RI I,3,3 n. 1713",,"Hugo und Lothar schenken (concedimus et donamus ) auf Bitten ihres nobilis vassus Lanfranc eingedenk seines treuen Dienstes (ob ... fidelitatis sue obsequio ) dessem vassus Garibert alias Gezo, Sohn des weiland Stefanus, die zur königlichen Curtis Burscanti (Poscante?) gehörende ancilla Vualperga mit ihren namentlich genannten vier Söhnen und ihrer Tochter zu freiem Eigen (iure proprietario ). -- …",available,935,,high,"dept: RI I; issuer: Das Königtum Hugos und Lothars; date: 0935-05-12; source: Regesta Imperii, Akad. der Wissenschaften und der Literatur | Mainz, CC BY 4.0; retrieved 2026-10-04; https://www.regesta-imperii.de/id/0935-05-12_1_0_1_3_3_279_1713"
ri:0937-09-21_1_0_2_1_1_159_70,work,"RI II,1 n. 70",,"(civ.) stattet das von ihm in Magdeburg ‒ zu ehren der h. Mauritius, Innocentius und genossen und für seines vaters, sein eigenes, seiner gemalin, welche mit diesem orte ausgestattet worden war, und des k. Rudolf (von Burgund), welcher ihm den leib des h. Innocenz geschenkt hatte ‒ gestiftete kloster aus, schenkt demselben nach dem rate der anwesenden erzbischöfe Friedrich (Mainz), Adaldag (Hambur …",available,937,,high,"dept: RI II; issuer: Otto I.; place: Magathaburg urbs regia; date: 0937-09-21; source: Regesta Imperii, Akad. der Wissenschaften und der Literatur | Mainz, CC BY 4.0; retrieved 2026-10-04; https://www.regesta-imperii.de/id/0937-09-21_1_0_2_1_1_159_70"
ri:0937-12-12_3_0_1_3_3_349_1783,work,"RI I,3,3 n. 1783",,"In einem von Hugo und Lothar gemeinsam ausgestellten Präzept schenkt Lothar seiner Braut Adelheid, der Tochter des verstorbenen Königs Rudolf (II. von Hochburgund), die er nach dem Rat seiner Getreuen ehelichen will (wie D 46), als Dos zahlreiche Höfe in der Größe von insgesamt 4580 Mansen zu freiem Eigen, nämlich die Curtis Marinco (Marengo, Com. Alessandria), die Curtis Coriano (Corana, Prov. Pa …",available,937,,high,"dept: RI I; issuer: Das Königtum Hugos und Lothars; date: 0937-12-12; source: Regesta Imperii, Akad. der Wissenschaften und der Literatur | Mainz, CC BY 4.0; retrieved 2026-10-04; https://www.regesta-imperii.de/id/0937-12-12_3_0_1_3_3_349_1783"
ri:0940-00-00_1_0_2_5_0_168_157,work,"RI II,5 n. 157",,"Papst Stephan (VIII.) erteilt dem Erzbischof Gerung von Bourges (Hierunco suffraganeo nostro Bituricensi archiepiscopo) auf Grund einer Klage des Abtes Odo (von Déols) (D. Bourges) die Mahnung, diesem Kloster den Besitz des Ortes (Vouillon) nicht länger streitig zu machen, bestätigt die von Papst Leo (VII.) in dieser Angelegenheit getroffene Verfügung (n. 141), verpflichtet den Erzbischof zum Schu …",available,940,,medium,"dept: RI II; issuer: Stephan VIII.; date range: 0940-01-01 to 0940-12-31 (year = first possible); source: Regesta Imperii, Akad. der Wissenschaften und der Literatur | Mainz, CC BY 4.0; retrieved 2026-10-04; https://www.regesta-imperii.de/id/0940-00-00_1_0_2_5_0_168_157"
ri:0940-09-07_1_0_1_3_3_419_1853,work,"RI I,3,3 n. 1853",,"Der iudex domnorum regum Leo ist Zeuge in einer Libellarurkunde des Bischofs Konrad von Lucca. -- a. r. Hu. 14, Lo. 10, Ind. 15. -- Arnifrid notarius . -- Unter den Zeugen auch der Notar Richimund.",available,940,,high,"dept: RI I; issuer: Das Königtum Hugos und Lothars; date: 0940-09-07; source: Regesta Imperii, Akad. der Wissenschaften und der Literatur | Mainz, CC BY 4.0; retrieved 2026-10-04; https://www.regesta-imperii.de/id/0940-09-07_1_0_1_3_3_419_1853"
ri:0942-09-07_1_0_1_3_3_493_1926,work,"RI I,3,3 n. 1926",,"Der notarius et iudex domnorum regum Johannes schreibt eine Libellarurkunde des Bischofs Konrad von Lucca. -- a. r. Hu. 17, Lo. 12, Ind. 1. -- Unter den Zeugen der notarius domnorum regum Petrus.",available,942,,high,"dept: RI I; issuer: Das Königtum Hugos und Lothars; date: 0942-09-07; source: Regesta Imperii, Akad. der Wissenschaften und der Literatur | Mainz, CC BY 4.0; retrieved 2026-10-04; https://www.regesta-imperii.de/id/0942-09-07_1_0_1_3_3_493_1926"
ri:0942-10-00_3_0_2_5_0_176_165,work,"RI II,5 n. 165",,"Der Römer Marinus, Kardinalpresbyter von St. Cyriak, wird als Marinus II. zum Papst erhoben.",available,942,,medium,"dept: RI II; issuer: Marinus II.; place: Rom; date range: 0942-10-01 to 0942-10-31 (year = first possible); source: Regesta Imperii, Akad. der Wissenschaften und der Literatur | Mainz, CC BY 4.0; retrieved 2026-10-04; https://www.regesta-imperii.de/id/0942-10-00_3_0_2_5_0_176_165"
ri:0945-03-11_1_0_1_3_3_562_1995,work,"RI I,3,3 n. 1995",,"Hugo und Lothar bestätigen zu ihrem und ihrer Parentes Seelenheil (pro Dei amore nostreque animae salute seu parentum nostrorum animarum remedio ) der Kirche S. Antonino und S. Giustina (der Kathedrale von Piacenza) auf Bitten des Bischofs Ambrosius (von Lodi) und des Grafen Lisiard (Helisiard) in Anerkennung der beständigen Treue des dortigen Bischofs Boso, seines (Hugos) Sohnes (karissimique fil …",available,945,,high,"dept: RI I; issuer: Das Königtum Hugos und Lothars; date: 0945-03-11; source: Regesta Imperii, Akad. der Wissenschaften und der Literatur | Mainz, CC BY 4.0; retrieved 2026-10-04; https://www.regesta-imperii.de/id/0945-03-11_1_0_1_3_3_562_1995"
ri:0946-00-00_2_0_2_1_1_294_141c,work,"RI II,1 n. 141c",,"Belagerung: inde (nach abzug von Laon vgl. no 139d) Parisius perrexit Hugonemque ibi obsedit, memoriam quoque Dyomsii mart. digne honorans veneratus est, Widukind III,3, zug nach Paris auch Gesta Camerac. I, 72 und Dudo (M. G. SS. 7,426; 4.100), vgl. Ann. s. Germani min. 947 (ib. 4,3): Otto rex Saxanorum Montem martyrum venit. während Flodoardi Ann. die könige nur über die Seine ziehen lassen, und …",available,946,,medium,"dept: RI II; issuer: Otto I.; place: Parisius; date range: 0946-01-01 to 0946-12-31 (year = first possible); source: Regesta Imperii, Akad. der Wissenschaften und der Literatur | Mainz, CC BY 4.0; retrieved 2026-10-04; https://www.regesta-imperii.de/id/0946-00-00_2_0_2_1_1_294_141c"
ri:0947-10-26_1_0_2_5_0_227_212a,work,"RI II,5 n. 212a",,"Hierher müßte die Fälschung für Fulda († 205) umdatiert werden, wenn man wie in GP. IV/4, 368 n. † 36 dem Ersteditor Schannat folgt und unterstellt, daß die Indiktion falsch, d. h. nicht nach dem damals in Rom üblichen byzantinischen Brauch berechnet wurde.",available,947,,high,"dept: RI II; issuer: Agapit II.; place: (Rom); date: 0947-10-26; source: Regesta Imperii, Akad. der Wissenschaften und der Literatur | Mainz, CC BY 4.0; retrieved 2026-10-04; https://www.regesta-imperii.de/id/0947-10-26_1_0_2_5_0_227_212a"
ri:0947-12-26_1_0_1_3_3_647_2079,work,"RI I,3,3 n. 2079",,"Der notarius domni regis Ingelmund schreibt den Libellarvertrag, den die (Kollegiat-) Kirche von S. Antonino (in Piacenza) mit Adalbert und dessen Sohn Vidale über genannte Güter in Fabrica , die von der weiland Gräfin Berta der genannten Kirche geschenkt worden waren (per cartulam ofersionis de quondam Berta comitissa ), abschließt. -- a. r. Lo. 17. Ind. 6.",available,947,,high,"dept: RI I; issuer: Das Königtum Hugos und Lothars; date: 0947-12-26; source: Regesta Imperii, Akad. der Wissenschaften und der Literatur | Mainz, CC BY 4.0; retrieved 2026-10-04; https://www.regesta-imperii.de/id/0947-12-26_1_0_1_3_3_647_2079"
ri:0950-02-09_1_0_2_1_1_359_184,work,"RI II,1 n. 184",,"bestätigt dem kloster Pfäffers im gau Rätien in der grafschaft Odalrichs nach urteil und rat der fürsten seines reiches (principes), der bischöfe äbte und grafen, den von den mönchen erwählten abt Erembreht sowie laut den vorgelegten urkunden der k. Karl und Ludwig (beide deperd., vielfach wörtl. vorlage priv. Lothars I. BM. 1034) freie abtwahl königschutz und immunität, sowie die bestimmung dass …",available,950,,high,"dept: RI II; issuer: Otto I.; place: Wormacia; date: 0950-02-09; source: Regesta Imperii, Akad. der Wissenschaften und der Literatur | Mainz, CC BY 4.0; retrieved 2026-10-04; https://www.regesta-imperii.de/id/0950-02-09_1_0_2_1_1_359_184"
ri:0950-11-01_1_0_1_3_3_723_2155,work,"RI I,3,3 n. 2155",,"Die iudices domini regis Raginald, Johannes und Adelbert bezeugen den Libellarvertrag, den die (Kollegiat-) Kirche von S. Antonino (in Piacenza) mit Martinus, Sohn des weiland Raginald, über genannte Güter in Lugagnano (Lugagnano Val d'Arda, Prov. Piacenza) aus dem Besitz des weiland Markgrafen Alberich, die von der weiland Gräfin Berta an die genannte Kirche geschenkt worden waren (per cartulam o …",available,950,,high,"dept: RI I; issuer: Das Königtum Hugos und Lothars; date: 0950-11-01; source: Regesta Imperii, Akad. der Wissenschaften und der Literatur | Mainz, CC BY 4.0; retrieved 2026-10-04; https://www.regesta-imperii.de/id/0950-11-01_1_0_1_3_3_723_2155"
ri:0952-06-14_1_0_1_3_3_801_2233,work,"RI I,3,3 n. 2233",,"Der notarius et iudex domni regis Johannes schreibt eine Libellarurkunde des Bischofs Konrad von Lucca. – a. inc. 952, Ind. 10. – Unter den Zeugen der notarius domni regis Petrus.",available,952,,high,"dept: RI I; issuer: Das Königtum Berengars II. und Adalberts; place: Lucca; date: 0952-06-14; source: Regesta Imperii, Akad. der Wissenschaften und der Literatur | Mainz, CC BY 4.0; retrieved 2026-10-04; https://www.regesta-imperii.de/id/0952-06-14_1_0_1_3_3_801_2233"
ri:0952-08-09_1_0_2_1_1_409_218,work,"RI II,1 n. 218",,"schenkt den eremiten im kloster Einsiedeln (Meginratescella) auf fürsprache seines sohnes Liutolf den populari iudicio aus dem besitz Gundramns in die rechte gewere des königs übertragenen ort Liel im Breisgau in der grafschaft seines genannten sohnes. Haolt canc. adv. Brunonis archicapp. Or. Einsiedeln. ‒ Guilliman Habsburgiaca ed. I, 55 fragm.; Hartmann Ann. Heremi 56 = Eckhart Or. Habsb. 237 no …",available,952,,high,"dept: RI II; issuer: Otto I.; place: Augustburc; date: 0952-08-09; source: Regesta Imperii, Akad. der Wissenschaften und der Literatur | Mainz, CC BY 4.0; retrieved 2026-10-04; https://www.regesta-imperii.de/id/0952-08-09_1_0_2_1_1_409_218"
ri:0955-00-00_2_0_2_5_0_270_248a,work,"RI II,5 n. 248a",,"Hierher müßte die Verleihung des Rationale für den Bischof (Bernhard) von Halberstadt (n. 190) umdatiert werden, wenn man den Thesen von Honselmann und Beumann folgen will.",available,955,,medium,"dept: RI II; issuer: Agapit II.; place: Rom; date range: 0955-01-01 to 0955-12-31 (year = first possible); source: Regesta Imperii, Akad. der Wissenschaften und der Literatur | Mainz, CC BY 4.0; retrieved 2026-10-04; https://www.regesta-imperii.de/id/0955-00-00_2_0_2_5_0_270_248a"
ri:0955-03-21_1_0_1_3_3_869_2299,work,"RI I,3,3 n. 2299",,"Der notarius et iudex domnorum regum Johannes schreibt eine Libellarurkunde des Bischofs Konrad von Lucca. – a. r. Be. et Ad. 4, Ind. 13. – Unter den Zeugen der notarius domnorum regum Johannes.",available,955,,high,"dept: RI I; issuer: Das Königtum Berengars II. und Adalberts; place: [...]; date: 0955-03-21; source: Regesta Imperii, Akad. der Wissenschaften und der Literatur | Mainz, CC BY 4.0; retrieved 2026-10-04; https://www.regesta-imperii.de/id/0955-03-21_1_0_1_3_3_869_2299"
ri:0957-00-00_2_0_2_5_0_297_274,work,"RI II,5 n. 274",,"Papst Johannes XII. verleiht dem Erzbischof Oskytel von York, der deswegen mit seinem Verwandten Oswald nach Rom gepilgert war, das Pallium.",available,957,,medium,"dept: RI II; issuer: Johannes XII.; place: Rom; date range: 0957-01-01 to 0957-12-31 (year = first possible); source: Regesta Imperii, Akad. der Wissenschaften und der Literatur | Mainz, CC BY 4.0; retrieved 2026-10-04; https://www.regesta-imperii.de/id/0957-00-00_2_0_2_5_0_297_274"
ri:0958-08-00_1_0_1_3_3_946_2375,work,"RI I,3,3 n. 2375",,"Der iudex domnorum regum Paulus ist Zeuge in der Schenkungsurkunde des Grafen Guido (von Pistoia), Sohn des weiland (Grafen) Teudegrim, nebst Gemahlin Gervisa zugunsten der Domkanonie von Pistoia. – a. inc. 940 (!), a. r. Be. et Ad. [...], Ind. 1. – Gisalbert notarius.",available,958,,medium,"dept: RI I; issuer: Das Königtum Berengars II. und Adalberts; date range: 0958-08-01 to 0958-08-31 (year = first possible); source: Regesta Imperii, Akad. der Wissenschaften und der Literatur | Mainz, CC BY 4.0; retrieved 2026-10-04; https://www.regesta-imperii.de/id/0958-08-00_1_0_1_3_3_946_2375"
ri:0961-00-00_1_0_2_1_1_721_407,work,"RI II,1 n. 407",,"(apr. 17) schenkt der kirche S. Moriz zu Magdeburg auf fürsprache seiner gemalin Adelheid, seines getreuen sohnes des erzb. Wilhelm von Mainz und des markgrafen Gero die villen Brietzke, Möser, Nedlitz, Pöthen (Puciani, vgl. Böttger Diöcesangr. 4,85) ienseits der Elbe im gau Moriziani in der grafschaft Geros mit hörigen baulichkeiten und allem andern zubehör. Geistliche strafdrohung. Ludolphus can …",available,961,,medium,"dept: RI II; issuer: Otto I.; place: Walahuson; date range: 0961-01-01 to 0961-12-31 (year = first possible); source: Regesta Imperii, Akad. der Wissenschaften und der Literatur | Mainz, CC BY 4.0; retrieved 2026-10-04; https://www.regesta-imperii.de/id/0961-00-00_1_0_2_1_1_721_407"
ri:0961-00-00_9_0_1_3_3_1050_2479,work,"RI I,3,3 n. 2479",,Berengar bestätigt dem Bistum Genua den Besitzstand (quedam privilegia Otonis [Otto d. Gr.?] et Belengarii imperatorum ... quibus confirmabat possessiones et curtes Ianuensi ecclesie).,available,950,,medium,"dept: RI I; issuer: Das Königtum Berengars II. und Adalberts; date range: 0950-01-01 to 0961-12-31 (year = first possible); source: Regesta Imperii, Akad. der Wissenschaften und der Literatur | Mainz, CC BY 4.0; retrieved 2026-10-04; https://www.regesta-imperii.de/id/0961-00-00_9_0_1_3_3_1050_2479"
ri:0962-02-00_1_0_2_1_1_578_310,work,"RI II,1 n. 310",,"(in eccl. s. Petri) Synode. Auf bitte und forderung des anwesenden kaisers, welcher nach besiegung der Avaren und anderer barbaren zur verteidigung der h. kirche nach Rom gezogen (vgl. no 349) und dort vom papst zum kaiser gekrönt worden ist, erhebt Johannes XII. das von Otto für missionszwecke gegründete kloster Magdeburg wegen seiner passenden lage an der Elbe zum erzbischöflichen sitz für die v …",available,962,,medium,"dept: RI II; issuer: Otto I.; place: (Romae); date range: 0962-02-01 to 0962-02-28 (year = first possible); source: Regesta Imperii, Akad. der Wissenschaften und der Literatur | Mainz, CC BY 4.0; retrieved 2026-10-04; https://www.regesta-imperii.de/id/0962-02-00_1_0_2_1_1_578_310"
ri:0963-00-00_2_0_2_1_1_629_348b,work,"RI II,1 n. 348b",,"Abmarsch wegen des konfliktes mit dem papst. Johannes hatte nicht zur befriedigung kindischer lüste das einvernehmen mit Adalbert gesucht (no 340a), sondern um einen grossen europäischen bund gegen Otto zu bilden: er sandte bischof Leo und kardinaldiakon Johannes als gesandte nach Konstantinopel, mit ihnen seinen vertrauten den Bulgaren Saleccus und den bischof Zacheus von Genzano (vgl. Dümmler Ot …",available,963,,medium,"dept: RI II; issuer: Otto I.; place: in monte Feretri ad petram s. Leonis; date range: 0963-01-01 to 0963-12-31 (year = first possible); source: Regesta Imperii, Akad. der Wissenschaften und der Literatur | Mainz, CC BY 4.0; retrieved 2026-10-04; https://www.regesta-imperii.de/id/0963-00-00_2_0_2_1_1_629_348b"
ri:0964-00-00_2_0_2_5_0_395_f371,work,"RI II,5 n. †371",,"Papst Leo (VIII.) nimmt dem Rompilger Wilhelm von Bellême die Beichte ab, erteilt ihm Absolution und trägt ihm als Satisfaktionsleistung auf, ein allein der römischen Kirche unterstehendes Kloster zu gründen und aus Eigengütern zu dotieren.",available,964,,medium,"dept: RI II; issuer: Leo VIII.; place: Rom; date range: 0964-01-01 to 0964-12-31 (year = first possible); source: Regesta Imperii, Akad. der Wissenschaften und der Literatur | Mainz, CC BY 4.0; retrieved 2026-10-04; https://www.regesta-imperii.de/id/0964-00-00_2_0_2_5_0_395_F371"
ri:0965-00-00_1_0_2_1_1_717_403,work,"RI II,1 n. 403",,"Anwesend mit den erzbischöfen Willihelm von Mainz und Adaldag von Hamburg, den bischöfen Anno von Worms, Bruno von Verden, Landward von Minden und Adalberht (dem Rügenbischof, vgl. no 338a), als bischof Bernhard von Halberstadt ‒ nachdem er vom kaiser durch lebenslängliche überlassung des früher vom verstorbenen markgrafen Gero besessenen hofes und der kirche S. Ciriac zu Magdeburg entschädigt wor …",available,965,,medium,"dept: RI II; issuer: Otto I.; place: Magadaburg pal.; date range: 0965-01-01 to 0965-12-31 (year = first possible); source: Regesta Imperii, Akad. der Wissenschaften und der Literatur | Mainz, CC BY 4.0; retrieved 2026-10-04; https://www.regesta-imperii.de/id/0965-00-00_1_0_2_1_1_717_403"
ri:0965-06-27_1_0_2_1_1_710_396,work,"RI II,1 n. 396",,"schenkt der kirche S. Moriz zu Magdeburg zur beleuchtung und weihrauchbeschaffung den zehent des silberzinses, welchen die ihm unterworfenen slavischen völkerschaften, die Ucrani, Riezani, Riedere, Tolensane und Zerezepani (an der Uker und Tollense in Pommern und Mecklenburg-Schwerin, vgl. Böttger Diöcesangr. 3, 295; 4, 107.115.118.151) an den kaiserlichen fiskus zahlen, auch soferne dieser zehent …",available,965,,high,"dept: RI II; issuer: Otto I.; place: Magadabrug; date: 0965-06-27; source: Regesta Imperii, Akad. der Wissenschaften und der Literatur | Mainz, CC BY 4.0; retrieved 2026-10-04; https://www.regesta-imperii.de/id/0965-06-27_1_0_2_1_1_710_396"
ri:0966-08-24_1_0_2_1_1_755_433,work,"RI II,1 n. 433",,"schenkt der kirche S. Moriz zu Magdeburg und den dort einzusetzenden erzbischöfen (archiepiscopus ibi a nobis instituendus suique successores) auf fürsprache seiner gemalin Adelheid und des erzbischofs Willihelm das nonnenkloster Kesselheim im gau und in der grafschaft Mainfeld, welches nach dem urteile der fränkischen grossen wegen erbunfähigkeit (exheredes et inlegales, uneheliche geburt nach no …",available,966,,high,"dept: RI II; issuer: Otto I.; place: Stratburgo; date: 0966-08-24; source: Regesta Imperii, Akad. der Wissenschaften und der Literatur | Mainz, CC BY 4.0; retrieved 2026-10-04; https://www.regesta-imperii.de/id/0966-08-24_1_0_2_1_1_755_433"
ri:0967-05-00_4_0_2_5_0_450_425,work,"RI II,5 n. 425",,Papst Johannes (XIII.) verleiht dem Grafen (der Sabina) Crescentius Stadt und Grafschaft Terracina samt den dortigen päpstlichen Besitzungen und Rechten gegen Zinszahlung.,available,967,,medium,"dept: RI II; issuer: Johannes XIII.; date range: 0967-06-01 to 0967-12-31 (year = first possible); source: Regesta Imperii, Akad. der Wissenschaften und der Literatur | Mainz, CC BY 4.0; retrieved 2026-10-04; https://www.regesta-imperii.de/id/0967-05-00_4_0_2_5_0_450_425"
ri:0968-01-00_1_0_2_5_0_466_440,work,"RI II,5 n. 440",,Papst Johannes (XIII.) bestätigt dem Abt Ramnulf von Déols (abbati Ramnulfo Dolensis coenobii in honore sanctae Dei genitricis Mariae et beatorum apostolorum Petri et Pauli constructi) (D. Bourges) für sein vom (Grafen) Ebbo (I. von Déols) begründetes Kloster gemäß dem Privileg seines Vorgängers (Leo VII.) (n. 141) alle Besitzungen sowie deren Exemtion von jeder geistlichen und weltlichen Gewalt e …,available,968,,medium,"dept: RI II; issuer: Johannes XIII.; date range: 0968-01-01 to 0968-01-31 (year = first possible); source: Regesta Imperii, Akad. der Wissenschaften und der Literatur | Mainz, CC BY 4.0; retrieved 2026-10-04; https://www.regesta-imperii.de/id/0968-01-00_1_0_2_5_0_466_440"
ri:0969-00-00_2_0_2_1_1_860_497b,work,"RI II,1 n. 497b",,"Iterum ipse Otto Ravennam properavit, Chr. Salern. c. 170 in unmittelbarem anschluss an den zug nach Calabrien.",available,969,,medium,"dept: RI II; issuer: Otto I.; place: Ravennam; date range: 0969-01-01 to 0969-12-31 (year = first possible); source: Regesta Imperii, Akad. der Wissenschaften und der Literatur | Mainz, CC BY 4.0; retrieved 2026-10-04; https://www.regesta-imperii.de/id/0969-00-00_2_0_2_1_1_860_497b"
ri:0970-04-10_1_0_2_2_0_73_596i,work,"RI II,2 n. 596i",,Otto II. interveniert in einer Schenkungsurkunde seines Vaters für das Kloster Nordhausen.,available,970,,high,"dept: RI II; issuer: Otto II.; place: Ravenna; date: 0970-04-10; source: Regesta Imperii, Akad. der Wissenschaften und der Literatur | Mainz, CC BY 4.0; retrieved 2026-10-04; https://www.regesta-imperii.de/id/0970-04-10_1_0_2_2_0_73_596i"
ri:0972-04-00_1_0_2_5_0_524_496,work,"RI II,5 n. 496",,"Papst Johannes (XIII.) empfängt eine Gesandtschaft des Erzbischofs Adalbero von Reims, die ihm einen Brief und Geschenke des Erzbischofs überbringt. Die Gesandten berichten über die Vorgänge in Frankreich, besonders über den Plan Adalberos, im Mai (972) ein (Provinzial)konzil abzuhalten, und ersuchen um Entsendung eines päpstlichen Legaten, falls der Papst hier etwas beschließen lassen wolle. Weit …",available,972,,medium,"dept: RI II; issuer: Johannes XIII.; place: Rom; date range: 0972-04-01 to 0972-04-30 (year = first possible); source: Regesta Imperii, Akad. der Wissenschaften und der Literatur | Mainz, CC BY 4.0; retrieved 2026-10-04; https://www.regesta-imperii.de/id/0972-04-00_1_0_2_5_0_524_496"
ri:0972-12-25_2_0_2_2_0_99_605c,work,"RI II,2 n. 605c",,"Der Kaiser begibt sich mit dem Hof nach Sachsen. Aufenthalt in Magdeburg. (MG. DD. O. I. S. 580 f. no. 427, 428; Ottenthal Reg. 559 a‒562 b.) Dann geht er nach Quedlinburg.",available,972,,high,"dept: RI II; issuer: Otto II.; place: Frankfurt; date: 0972-12-25; source: Regesta Imperii, Akad. der Wissenschaften und der Literatur | Mainz, CC BY 4.0; retrieved 2026-10-04; https://www.regesta-imperii.de/id/0972-12-25_2_0_2_2_0_99_605c"
ri:0973-06-06_1_0_2_2_0_115_611,work,"RI II,2 n. 611",,"Otto gestattet dem Bischof Bruno von Verden die Gründung des Klosters Oldenstadt (Bruno episcopus Verdensis ex gratia et privilegio imperatoris Ottonis magni monasterium Oldenstadt in pago Bardunga in loco qui dicitur Vllessen quasi a fundo construxit in honorem Marie virginis et Iohannis baptiste; privilegium datum est Magdeburgi anno DCCCCLXXIIII, VIII. idus iunii); verfaßt von WB.",available,973,,high,"dept: RI II; issuer: Otto II.; place: Magdeburg; date: 0973-06-06; source: Regesta Imperii, Akad. der Wissenschaften und der Literatur | Mainz, CC BY 4.0; retrieved 2026-10-04; https://www.regesta-imperii.de/id/0973-06-06_1_0_2_2_0_115_611"
ri:0974-04-12_1_0_2_2_0_168_653a,work,"RI II,2 n. 653a",,Osterfeier.,available,974,,high,"dept: RI II; issuer: Otto II.; place: Quedlinburg; date: 0974-04-12; source: Regesta Imperii, Akad. der Wissenschaften und der Literatur | Mainz, CC BY 4.0; retrieved 2026-10-04; https://www.regesta-imperii.de/id/0974-04-12_1_0_2_2_0_168_653a"
ri:0975-04-04_1_0_2_2_0_205_680a,work,"RI II,2 n. 680a",,Osterfeier.,available,975,,high,"dept: RI II; issuer: Otto II.; place: Aachen; date: 0975-04-04; source: Regesta Imperii, Akad. der Wissenschaften und der Literatur | Mainz, CC BY 4.0; retrieved 2026-10-04; https://www.regesta-imperii.de/id/0975-04-04_1_0_2_2_0_205_680a"
ri:0976-07-00_1_0_2_2_0_265_717a{a},work,"RI II,2 n. 717a{a}",,Die Bischöfe im kaiserlichen Lager bannen Herzog Heinrich und seine Verbündeten.,available,976,,medium,"dept: RI II; issuer: Otto II.; place: Stadtamhof, gegenüber von Regensburg; date range: 0976-07-01 to 0976-07-31 (year = first possible); source: Regesta Imperii, Akad. der Wissenschaften und der Literatur | Mainz, CC BY 4.0; retrieved 2026-10-04; https://www.regesta-imperii.de/id/0976-07-00_1_0_2_2_0_265_717a{a}"
ri:0977-08-01_1_0_2_2_0_308_750,work,"RI II,2 n. 750",,"Otto schenkt aus Liebe zu seiner Gemahlin, der Kaiserin Theophanu, und über Intervention des Erzbischofs Adalbert von Magdeburg, des Grafen Wigger und des Bischofs Hugo von Zeitz der bischöflichen Kirche von Zeitz die Städte Altenburg und Zeitz nebst mehreren namentlich angeführten Besitzungen in den Gauen Plisina, Puonzowa, Ducharin und Weta sowie einige Kirchen in Domburg, Kirchberg und Memleben …",available,977,,high,"dept: RI II; issuer: Otto II.; place: Grone; date: 0977-08-01; source: Regesta Imperii, Akad. der Wissenschaften und der Literatur | Mainz, CC BY 4.0; retrieved 2026-10-04; https://www.regesta-imperii.de/id/0977-08-01_1_0_2_2_0_308_750"
ri:0979-03-19_1_0_2_2_0_355_777,work,"RI II,2 n. 777",,"Otto schenkt über Intervention seiner Gemahlin Theophanu und seiner getreuen Grafen, so des Markgrafen Thietmar, der Grafen Wigger, Gunzelin und zahlreicher anderer, dem Bischof Gisiler (von Merseburg), der eben aus Italien von einer Gesandtschaftsreise zurückgekehrt ist, auf seine Bitte hin zur besseren Ausstattung des von ihm neu besiedelten Mackenrode königlichen Besitz in Bessingen in der Graf …",available,979,,high,"dept: RI II; issuer: Otto II.; place: Treben; date: 0979-03-19; source: Regesta Imperii, Akad. der Wissenschaften und der Literatur | Mainz, CC BY 4.0; retrieved 2026-10-04; https://www.regesta-imperii.de/id/0979-03-19_1_0_2_2_0_355_777"
ri:0980-06-03_1_0_2_2_0_406_813,work,"RI II,2 n. 813",,"Otto bestätigt über Intervention des Bischofs Wigfrid von Verdun dem Kloster S. Vanne die diesem von den Bischöfen Berengar und Wigfrid zugewiesenen und namentlich aufgezählten Besitzungen und Einkünfte (qualiter nos per interventum Wilgfridi fidelis nostri sanctae Virdunensis ecclesiae episcopi [expetiti sumus, ut] res ecclesiae suae antea per apostolicum privilegium et per divae memoriae genitor …",available,980,,high,"dept: RI II; issuer: Otto II.; place: Margut; date: 0980-06-03; source: Regesta Imperii, Akad. der Wissenschaften und der Literatur | Mainz, CC BY 4.0; retrieved 2026-10-04; https://www.regesta-imperii.de/id/0980-06-03_1_0_2_2_0_406_813"
ri:0981-03-00_7_0_2_5_0_620_f587,work,"RI II,5 n. †587",,"Papst Benedikt (VII.) bestätigt dem Bischof Arnulf von Orléans (Arnulfo religioso praesuli sanctae matris Aurelianensis ecclesiae in honore sanctae crucis dicatae) wunschgemäß und auf Grund vorgelegter Papsturkunden (mit wörtlicher Benützung von n. 143) die Besitzungen, Einkünfte und Rechte der Domkirche in Orléans, besonders die mit Zustimmung des Herzogs Hugo von Franzien erst neulich erfolgte R …",available,981,,medium,"dept: RI II; issuer: Benedikt VII.; place: Rom; date range: 0981-03-01 to 0981-03-31 (year = first possible); source: Regesta Imperii, Akad. der Wissenschaften und der Literatur | Mainz, CC BY 4.0; retrieved 2026-10-04; https://www.regesta-imperii.de/id/0981-03-00_7_0_2_5_0_620_F587"
ri:0982-07-00_1_0_2_3_0_7_956g,work,"RI II,3 n. 956g",,Otto bleibt mit der Kaiserin während der entscheidenden Kämpfe bei Cotrone am 15. Juli in Rossano zurück.,available,982,,medium,"dept: RI II; issuer: Otto III.; place: Rossano; date range: 0982-07-01 to 0982-07-31 (year = first possible); source: Regesta Imperii, Akad. der Wissenschaften und der Literatur | Mainz, CC BY 4.0; retrieved 2026-10-04; https://www.regesta-imperii.de/id/0982-07-00_1_0_2_3_0_7_956g"
ri:0983-06-00_1_0_2_3_0_14_956o,work,"RI II,3 n. 956o",,"Otto wird gemäß einer wahrscheinlich schon auf dem Fürstentag zu Mainz getroffenen Abrede dem deutschen Erzkanzler, Erzbischof Willigis von Mainz übergeben und über die Alpen nach Deutschland geführt. In seiner Begleitung befand sich wahrscheinlich der griechische Abt Gregor.",available,983,,medium,"dept: RI II; issuer: Otto III.; place: (Verona); date range: 0983-06-01 to 0983-06-30 (year = first possible); source: Regesta Imperii, Akad. der Wissenschaften und der Literatur | Mainz, CC BY 4.0; retrieved 2026-10-04; https://www.regesta-imperii.de/id/0983-06-00_1_0_2_3_0_14_956o"
ri:0984-00-00_1_0_2_3_0_91_962b,work,"RI II,3 n. 962b",,"Kaiserin Theophanu befiehlt Gerbert, der angesichts seiner unsicheren Lage und der Zustände in Italien daran dachte, sich zu seinen Freunden nach Spanien zu begeben und sich ganz den Studien zu widmen, weiterhin in Reims zu bleiben und im Sinne ihrer Politik zu wirken.",available,984,,medium,"dept: RI II; issuer: Otto III.; place: ‒; date range: 0984-01-01 to 0984-12-31 (year = first possible); source: Regesta Imperii, Akad. der Wissenschaften und der Literatur | Mainz, CC BY 4.0; retrieved 2026-10-04; https://www.regesta-imperii.de/id/0984-00-00_1_0_2_3_0_91_962b"
ri:0984-09-00_3_0_2_3_0_75_956z2,work,"RI II,3 n. 956z2",,"Wahl Adalberos, des Sohnes Gotfrieds von Verdun, zum Bischof von Verdun (II), nachdem Adalbero I., der sein Amt noch nicht angetreten hat, das Bistum Metz erhält.",available,984,,medium,"dept: RI II; issuer: Otto III.; place: ‒; date range: 0984-09-01 to 0984-09-30 (year = first possible); source: Regesta Imperii, Akad. der Wissenschaften und der Literatur | Mainz, CC BY 4.0; retrieved 2026-10-04; https://www.regesta-imperii.de/id/0984-09-00_3_0_2_3_0_75_956z2"
ri:0985-05-00_6_0_2_3_0_125_969i,work,"RI II,3 n. 969i",,"Die Stellung Erzbischof Adalberos von Reims ist durch das feindselige Verhalten König Lothars weiterhin gefährdet, so daß er es nicht wagt, sich brieflich an Notger von Lüttich oder an andere Anhänger des ottonischen Hauses zu wenden. Dennoch ist es ihm gelungen, einen vorläufigen Friedenszustand mit Heribert von Troyes und Odo von Blois, seinen früheren Gegnern, herbeizuführen, von dem Gerbert er …",available,985,,medium,"dept: RI II; issuer: Otto III.; place: Reims; date range: 0985-05-01 to 0985-05-31 (year = first possible); source: Regesta Imperii, Akad. der Wissenschaften und der Literatur | Mainz, CC BY 4.0; retrieved 2026-10-04; https://www.regesta-imperii.de/id/0985-05-00_6_0_2_3_0_125_969i"
ri:0986-08-12_1_0_2_5_0_692_657a,work,"RI II,5 n. 657a",,"Hier muß gemäß neuerer Datierung (vgl. auch Zimmermann, PUU. 563 n. 290) die Urkunde Papst Johannes (XV.) (nicht XIII.) für den Grafen Gottfried (I.) Grisegonelle von Anjou und das von ihm begründete (Kollegiatstift) Notre-Dame in Loches (D. Tours) (n. 486) eingeordnet werden.",available,986,,high,"dept: RI II; issuer: Johannes XV.; place: Lateran; date: 0986-08-12; source: Regesta Imperii, Akad. der Wissenschaften und der Literatur | Mainz, CC BY 4.0; retrieved 2026-10-04; https://www.regesta-imperii.de/id/0986-08-12_1_0_2_5_0_692_657a"
ri:0988-00-00_3_0_2_5_0_703_667,work,"RI II,5 n. 667",,Gesandtschaft des Papstes (Johannes XV.) nach Rußland. Die Legaten treffen den Fürsten Wladimir (von Kiew) in Cherson und überbringen ihm Reliquien.,available,988,,medium,"dept: RI II; issuer: Johannes XV.; date range: 0988-01-01 to 0988-12-31 (year = first possible); source: Regesta Imperii, Akad. der Wissenschaften und der Literatur | Mainz, CC BY 4.0; retrieved 2026-10-04; https://www.regesta-imperii.de/id/0988-00-00_3_0_2_5_0_703_667"
ri:0989-04-00_2_0_2_3_0_281_1013a,work,"RI II,3 n. 1013a",,"Bischof Gebhard II. von Konstanz, der nach der Abreise der Kaiserin Theophanu, im Spätherbst 988 nach Rom zu dem Papst gezogen war, erhält von Johann XV. einen Schutzbrief, die Gewährung des Abtwahlrechtes und einen reichen Schatz an Reliquien für das von ihm in der Nähe von Konstanz gegründete Kloster Petershausen.",available,989,,medium,"dept: RI II; issuer: Otto III.; place: Rom; date range: 0989-04-01 to 0989-04-30 (year = first possible); source: Regesta Imperii, Akad. der Wissenschaften und der Literatur | Mainz, CC BY 4.0; retrieved 2026-10-04; https://www.regesta-imperii.de/id/0989-04-00_2_0_2_3_0_281_1013a"
ri:0990-02-00_2_0_2_3_0_320_1019c,work,"RI II,3 n. 1019c",,"Offenbar unter dem Einfluß Arnulfs von Reims, wahrscheinlich auch in seiner Enttäuschung über das Verhalten der Capetinger anläßlich der Besetzung des Reimser Erzbistums entschließt sich Gerbert, den Königen Hugo und Robert, den „interreges”, wie er sie jetzt nennt, den Gehorsam aufzusagen und den Herzog Karl von Niederlothringen als seinen Herrn anzuerkennen. Er versucht, auch den Bischof Ascelin …",available,990,,medium,"dept: RI II; issuer: Otto III.; place: Reims; date range: 0990-02-01 to 0990-02-28 (year = first possible); source: Regesta Imperii, Akad. der Wissenschaften und der Literatur | Mainz, CC BY 4.0; retrieved 2026-10-04; https://www.regesta-imperii.de/id/0990-02-00_2_0_2_3_0_320_1019c"
ri:0991-01-00_1_0_2_3_0_367_1027b,work,"RI II,3 n. 1027b",,"Fahrt der Kaiserin Theophanu mit König Otto vom Rhein nach Allstedt, wo sich die sächsischen Großen unter der Führung Herzog Bernhards eingefunden haben. Der Hof verweilt während der Wintermonate in Sachsen.",available,991,,medium,"dept: RI II; issuer: Otto III.; place: ‒; date range: 0991-01-01 to 0991-01-31 (year = first possible); source: Regesta Imperii, Akad. der Wissenschaften und der Literatur | Mainz, CC BY 4.0; retrieved 2026-10-04; https://www.regesta-imperii.de/id/0991-01-00_1_0_2_3_0_367_1027b"
ri:0992-01-19_1_0_2_5_0_736_700,work,"RI II,5 n. 700",,"Papst Johannes XV. bestätigt dem Abt 〈Johannes〉 von Montecassino (Johanni religioso abbati venerabilis monasterii beati Benedicti confessoris Christi siti in Casino) wunschgemäß (mit wörtlicher Benützung von n. 558) die Rechte seines Klosters 〈und den Besitz der vier Nonnenklöster in Cosenza, Benevent, Piumarola und Cingla (in civitate Cosentia, alium in civitate Beneuentana in honore sanctę Sophi …",available,992,,high,"dept: RI II; issuer: Johannes XV.; place: (Rom); date: 0992-01-19; source: Regesta Imperii, Akad. der Wissenschaften und der Literatur | Mainz, CC BY 4.0; retrieved 2026-10-04; https://www.regesta-imperii.de/id/0992-01-19_1_0_2_5_0_736_700"
ri:0992-12-22_1_0_2_5_0_748_711,work,"RI II,5 n. 711",,"Papst Johannes XV. teilt allen Gläubigen mit (omnibus sanctae matris aecclsię filiis), daß er auf Bitten des Abtes Adalwin vom Peterskloster in Gent (coenobio, quod 〈in pago Gandinse vel Listrogaugiense〉 inter fluenta duorum fluminum Scaldis et Legię, in loco Blandinii ... et in honore beatorum apostolorum Petri et Pauli) 〈und auf Intervention der Könige Hugo und Robert (II.) von Frankreich〉 dem v …",available,992,,high,"dept: RI II; issuer: Johannes XV.; place: (Rom); date: 0992-12-22; source: Regesta Imperii, Akad. der Wissenschaften und der Literatur | Mainz, CC BY 4.0; retrieved 2026-10-04; https://www.regesta-imperii.de/id/0992-12-22_1_0_2_5_0_748_711"
ri:0993-08-15_2_0_2_3_0_528_1105a,work,"RI II,3 n. 1105a",,"Feldzug gegen die Slaven. Der König überschreitet an der Spitze seines Heeres wahrscheinlich bei Arneberg die Elbe (vgl. Reg. 1105) und dringt überraschend gegen Brandenburg vor. Bei seinem Erscheinen löst sich der Belagerungsring der Liutizen auf, sie ergreifen die Flucht. Die Besatzung von Brandenburg begrüßt jubelnd den König mit dem Gesang des Kyrie eleison, in dem die Befreier einstimmen. Der …",available,993,,high,"dept: RI II; issuer: Otto III.; place: ‒; date: 0993-08-15; source: Regesta Imperii, Akad. der Wissenschaften und der Literatur | Mainz, CC BY 4.0; retrieved 2026-10-04; https://www.regesta-imperii.de/id/0993-08-15_2_0_2_3_0_528_1105a"
ri:0994-11-04_1_0_2_3_0_575_1122,work,"RI II,3 n. 1122",,"Otto bestätigt dem ihm besonders nahestehenden Bischof Gebhard von Konstanz die Schenkung des Gutes Epfendorf mit allen dazugehörenden Besitzungen im Bargau und in der Grafschaft Hildibalds, das der Bischof von der Herzogin Hadwig erhalten und dem von ihm gegründeten Kloster des hl. Gregor zu Petershausen geschenkt hatte, und gewährt diesem Kloster noch eine allgemeine Besitzbestätigung (quomodo d …",available,994,,high,"dept: RI II; issuer: Otto III.; place: Ingelheim; date: 0994-11-04; source: Regesta Imperii, Akad. der Wissenschaften und der Literatur | Mainz, CC BY 4.0; retrieved 2026-10-04; https://www.regesta-imperii.de/id/0994-11-04_1_0_2_3_0_575_1122"
ri:0995-08-00_1_0_2_3_0_625_1143a,work,"RI II,3 n. 1143a",,"Beginn des Feldzuges gegen die nördlich wohnenden Stämme der Elbslaven, darunter die Abotriten und Welataben, die in dem vergangenen Winter die Grenzgebiete des Reiches durch häufige Überfälle verwüstet haben. Otto überschreitet nach längerer Vorbereitung mit bedeutenden Streitkräften, bei denen sich die böhmischen Hilfstruppen unter dem Befehl des Sohnes Herzog Boleslaws befinden, die Elbe bei Le …",available,995,,medium,"dept: RI II; issuer: Otto III.; place: ‒; date range: 0995-08-01 to 0995-08-31 (year = first possible); source: Regesta Imperii, Akad. der Wissenschaften und der Literatur | Mainz, CC BY 4.0; retrieved 2026-10-04; https://www.regesta-imperii.de/id/0995-08-00_1_0_2_3_0_625_1143a"
ri:0996-00-00_3_0_2_5_0_784_f745,work,"RI II,5 n. F745",,Papst Gregor V. gewährt dem Kloster San Zaccaria in Venedig einen Ablaß von einem Jahr und vierzig Tagen.,available,996,,medium,"dept: RI II; issuer: Gregor V.; date range: 0996-01-01 to 0996-12-31 (year = first possible); source: Regesta Imperii, Akad. der Wissenschaften und der Literatur | Mainz, CC BY 4.0; retrieved 2026-10-04; https://www.regesta-imperii.de/id/0996-00-00_3_0_2_5_0_784_F745"
ri:0996-05-25_1_0_2_3_0_708_1175,work,"RI II,3 n. 1175",,Otto schenkt den Mönchen des S. Floraklosters zu Arezzo mehrere Besitzungen und verleiht ihm den Königsschutz (qualiter ... quandam ecclesiam in honore sanctę Marię constructam in monte Jonio sitam ... nec non et campum iuxta eandem ecclesiam regię potestati actenus pertinentem atque Barbaritanos similiter iuris regni nostri pertinentes ... insuper et omnen illam terram quam Berta regina ex Cameri …,available,996,,high,"dept: RI II; issuer: Otto III.; place: Rom; date: 0996-05-25; source: Regesta Imperii, Akad. der Wissenschaften und der Literatur | Mainz, CC BY 4.0; retrieved 2026-10-04; https://www.regesta-imperii.de/id/0996-05-25_1_0_2_3_0_708_1175"
ri:0996-10-00_5_0_2_3_0_761_1210ig,work,"RI II,3 n. 1210Ig",,"Abt Abbo von Fleury, der Anführer der Mönchspartei in Frankreich, kommt im Auftrag König Roberts nach Rom, um mit dem Papst über den Reimser Kirchenstreit und die Eheangelegenheit des Königs zu verhandeln; da er Gregor V. nicht mehr in Rom antrifft, wo sich Crescentius der Herrschaft bemächtigt hat, reist er dem Papst nach und erreicht ihn in Spoleto. Abbo erlangt die Zustimmung des Papstes zur Wi …",available,996,,medium,"dept: RI II; issuer: Otto III.; place: Spoleto; date range: 0996-10-01 to 0996-10-31 (year = first possible); source: Regesta Imperii, Akad. der Wissenschaften und der Literatur | Mainz, CC BY 4.0; retrieved 2026-10-04; https://www.regesta-imperii.de/id/0996-10-00_5_0_2_3_0_761_1210Ig"
ri:0997-02-20_1_0_2_3_0_1363_f1471,work,"RI II,3 n. †1471",,"Otto bestätigt dem Kloster Montecassino auf Bitte und Intervention des Papstes Johann die genannten Besitzungen. ‒ Heribertus canc. vice Petri Cumani episc.; Fälschung, bei der das Protokoll DO. III. 309, Reg. 1303 entnommen und ein Satz des Kontextes DO. II. 254 nachgebildet ist; M. „Romanum idcirco a deo constitutum scimus imperium.”",available,997,,high,"dept: RI II; issuer: Otto III.; place: Rom; date: 0997-02-20; source: Regesta Imperii, Akad. der Wissenschaften und der Literatur | Mainz, CC BY 4.0; retrieved 2026-10-04; https://www.regesta-imperii.de/id/0997-02-20_1_0_2_3_0_1363_F1471"
ri:0997-11-00_1_0_2_3_0_845_1246a,work,"RI II,3 n. 1246a",,"Der Kaiser, der mit zahlreichen weltlichen und geistlichen Fürsten in Aachen weilt, sammelt bedeutende Streitkräfte. Das Ziel des geplanten Unternehmens kann allerdings noch nicht festgesetzt werden. Hilferufe des Papstes mahnen ihn, nach Italien zu ziehen, aber die Nachrichten von der heidnisch-nationalen Reaktion in Ungarn, wo sich nach dem Tode des Fürsten Geisa (Reg. 1219 b) die Gegner der Arp …",available,997,,medium,"dept: RI II; issuer: Otto III.; place: Aachen; date range: 0997-11-01 to 0997-11-30 (year = first possible); source: Regesta Imperii, Akad. der Wissenschaften und der Literatur | Mainz, CC BY 4.0; retrieved 2026-10-04; https://www.regesta-imperii.de/id/0997-11-00_1_0_2_3_0_845_1246a"
ri:0998-03-00_2_0_2_3_0_883_1261b,work,"RI II,3 n. 1261b",,"Der Missus des Kaisers Rupertus stellt durch gerichtliches Urteil in einer Verhandlung dem Kloster Farfa Güter zurück, die ihm Leo de Dominicia entzogen hat.",available,998,,medium,"dept: RI II; issuer: Otto III.; place: Rescanianus; date range: 0998-03-01 to 0998-03-31 (year = first possible); source: Regesta Imperii, Akad. der Wissenschaften und der Literatur | Mainz, CC BY 4.0; retrieved 2026-10-04; https://www.regesta-imperii.de/id/0998-03-00_2_0_2_3_0_883_1261b"
ri:0998-05-09_1_0_2_5_0_876_834,work,"RI II,5 n. 834",,"Unter dem Vorsitz des Papstes Gregor (V.) tagt in Beisein des Kaisers Otto III. eine Synode im Petersdom (fuit synodum VII. id. Maias in basilica beati Petri apostolorum principis ante arcam sive altare eius), welche den Streit zwischen Wadald und Arnulf um das Bistum Vich (de episcopio Ausonensi) zugunsten des letzteren entscheidet.",available,998,,high,"dept: RI II; issuer: Gregor V.; place: Rom; date: 0998-05-09; source: Regesta Imperii, Akad. der Wissenschaften und der Literatur | Mainz, CC BY 4.0; retrieved 2026-10-04; https://www.regesta-imperii.de/id/0998-05-09_1_0_2_5_0_876_834"
ri:0999-01-00_2_0_2_5_0_890_847,work,"RI II,5 n. 847",,"Papst Gregor (V.) ermahnt den (Markgrafen Arduin von Ivrea) (Christianae fidei expugnatori), von der Bedrückung des Bistums Ivrea (sanctam Yporediensem ecclesiam) abzulassen und den angerichteten Schaden bei Strafe des Anathems bis Ostern wieder gutzumachen. ‒ Audivimus unde graviter dolemus ...",available,999,,medium,"dept: RI II; issuer: Gregor V.; place: (Rom); date range: 0999-01-01 to 0999-01-31 (year = first possible); source: Regesta Imperii, Akad. der Wissenschaften und der Literatur | Mainz, CC BY 4.0; retrieved 2026-10-04; https://www.regesta-imperii.de/id/0999-01-00_2_0_2_5_0_890_847"
ri:0999-04-15_1_0_2_3_0_1000_1313,work,"RI II,3 n. 1313",,"Otto bestätigt auf Intervention und Bitte Papst Silvesters II. dem Bistum Reggio und Bischof Teuzo, sowie dessen Nachfolgern den Besitz des Hofes Suzzara, den ihnen Arimund, der Sohn Redalds, streitig gemacht hat, und verleiht ihnen dafür die Immunität; der Strafsatz beträgt 200 Pfund Goldes (quoniam nos per interventum et petitionem domni Silvestri summi pontificis per hoc nostrum praeceptum redd …",available,999,,high,"dept: RI II; issuer: Otto III.; place: Rom; date: 0999-04-15; source: Regesta Imperii, Akad. der Wissenschaften und der Literatur | Mainz, CC BY 4.0; retrieved 2026-10-04; https://www.regesta-imperii.de/id/0999-04-15_1_0_2_3_0_1000_1313"
ri:0999-10-23_1_0_2_5_0_931_887,work,"RI II,5 n. 887",,Auf Intervention des Papstes Silvester (II.) (ob interventum domni Siluestri papę universalis patrisque spiritualis) und des Kanzlers Heribert schenkt Kaiser Otto III. seinem Kapellan Siggo genannte Besitzungen im Grabfeld.,available,999,,high,"dept: RI II; issuer: Silvester II.; place: Rom; date: 0999-10-23; source: Regesta Imperii, Akad. der Wissenschaften und der Literatur | Mainz, CC BY 4.0; retrieved 2026-10-04; https://www.regesta-imperii.de/id/0999-10-23_1_0_2_5_0_931_887"
ri:1000-00-00_7_0_2_5_0_964_919,work,"RI II,5 n. 919",,Papst Silvester (II.) lädt den Bischof Petrus von Asti in mehreren Schreiben zu einer päpstlichen Synode.,available,1000,,medium,"dept: RI II; issuer: Silvester II.; date range: 1000-01-01 to 1000-12-31 (year = first possible); source: Regesta Imperii, Akad. der Wissenschaften und der Literatur | Mainz, CC BY 4.0; retrieved 2026-10-04; https://www.regesta-imperii.de/id/1000-00-00_7_0_2_5_0_964_919"
ri:1000-05-15_1_0_2_3_0_1104_1355,work,"RI II,3 n. 1355",,"Otto schenkt dem Grafen Gotzo ein kleines Gut, das zu dem Hof Salz im Grabfeld gehört.",available,1000,,high,"dept: RI II; issuer: Otto III.; place: (‒); date: 1000-05-15; source: Regesta Imperii, Akad. der Wissenschaften und der Literatur | Mainz, CC BY 4.0; retrieved 2026-10-04; https://www.regesta-imperii.de/id/1000-05-15_1_0_2_3_0_1104_1355"
ri:1001-00-00_1_0_2_3_0_1301_1435d,work,"RI II,3 n. 1435d",,Rücktritt des Abtes Gerricus von Weißenburg; sein Nachfolger wurde Sigebodus.,available,1001,,medium,"dept: RI II; issuer: Otto III.; place: ‒; date range: 1001-01-01 to 1001-12-31 (year = first possible); source: Regesta Imperii, Akad. der Wissenschaften und der Literatur | Mainz, CC BY 4.0; retrieved 2026-10-04; https://www.regesta-imperii.de/id/1001-00-00_1_0_2_3_0_1301_1435d"
ri:1001-03-18_1_0_2_3_0_1221_1404,work,"RI II,3 n. 1404",,"Otto schenkt auf Bitten seiner Getreuen, des Bischofs Heinrichs von Würzburg und seines Kapellans Meinwerk seinem Freund, dem Truchseß Grafen Tammo fünf Hufen in Groß-Löbichau bei Kirchberg in der Grafschaft Ekkehards als freies Eigen (qualiter nos fidelium nostrorum, Heinrichi videlicet Vvrziburgensis episcopi atque Meginuuarki capellani nostri, petitionibus assentientes, dilecto nostro Dammoni d …",available,1001,,high,"dept: RI II; issuer: Otto III.; place: Palazzuolo; date: 1001-03-18; source: Regesta Imperii, Akad. der Wissenschaften und der Literatur | Mainz, CC BY 4.0; retrieved 2026-10-04; https://www.regesta-imperii.de/id/1001-03-18_1_0_2_3_0_1221_1404"
ri:1001-10-00_3_0_2_3_0_1275_1424d,work,"RI II,3 n. 1424d",,"Hier findet ein Hoftag statt, an dem die meisten Kirchenfürsten der Lombardei und zahlreiche Große des Landes unter der Führung des Pfalzgrafen und Protospatharius Otto von Lomello, sowie der Markgrafen Adalbert und Mainfred Odelrich teilnehmen. In der Umgebung des Kaisers befindet sich auch der Gesandte des venetianischen Dogen Johannes Diaconus, dem er ein kostbares Schmuckstück mit dem Auftrag …",available,1001,,medium,"dept: RI II; issuer: Otto III.; place: Pavia; date range: 1001-10-01 to 1001-10-31 (year = first possible); source: Regesta Imperii, Akad. der Wissenschaften und der Literatur | Mainz, CC BY 4.0; retrieved 2026-10-04; https://www.regesta-imperii.de/id/1001-10-00_3_0_2_3_0_1275_1424d"
ri:1002-01-00_8_0_2_3_0_1320_1446,work,"RI II,3 n. 1446",,Otto gewährt dem Kloster Fulda ein Wahlrechtsprivilegium.,available,1002,,medium,"dept: RI II; issuer: Otto III.; place: (‒); date range: 1002-01-01 to 1002-01-31 (year = first possible); source: Regesta Imperii, Akad. der Wissenschaften und der Literatur | Mainz, CC BY 4.0; retrieved 2026-10-04; https://www.regesta-imperii.de/id/1002-01-00_8_0_2_3_0_1320_1446"
ri:1002-08-10_1_0_2_4_1_73_1496a,work,"RI II,4 n. 1496a",,"Krönung der Kunigunde durch Erzbischof Willigis von Mainz. Sophie, die Schwester Ottos III., empfängt mit Zustimmung des Bischofs Bernward von Hildesheim vom Mainzer Metropoliten die kirchliche Weihe und wird vom König als Äbtissin von Gandersheim eingesetzt.",available,1002,,high,"dept: RI II; issuer: Heinrich II.; place: Paderborn; date: 1002-08-10; source: Regesta Imperii, Akad. der Wissenschaften und der Literatur | Mainz, CC BY 4.0; retrieved 2026-10-04; https://www.regesta-imperii.de/id/1002-08-10_1_0_2_4_1_73_1496a"
ri:1003-02-10_1_0_2_4_1_121_1530a,work,"RI II,4 n. 1530a",,Heinrich verbringt hier einen Teil der Fastenzeit (vgl. Reg. 1531–1534).,available,1003,,high,"dept: RI II; issuer: Heinrich II.; place: Nimwegen; date: 1003-02-10; source: Regesta Imperii, Akad. der Wissenschaften und der Literatur | Mainz, CC BY 4.0; retrieved 2026-10-04; https://www.regesta-imperii.de/id/1003-02-10_1_0_2_4_1_121_1530a"
ri:1004-01-25_2_0_2_4_1_164_1553b,work,"RI II,4 n. 1553b",,"Tod des Erzbischofs Gisiler von Magdeburg. – Der König folgt der Leiche nach Magdeburg, schickt aber seinen Kaplan Wigbert (später Bischof von Merseburg) voraus, um das Domkapitel für die Wahl Taginos zu gewinnen. Im Kapitel erinnert Propst Walthard an das freie Wahlrecht, worauf er von den Kanonikern als Kandidat vorgeschlagen wird. – Gisiler wird für eine Nacht im Kloster Berge (St. Johannes) zu …",available,1004,,high,"dept: RI II; issuer: Heinrich II.; place: Trebra; date: 1004-01-25; source: Regesta Imperii, Akad. der Wissenschaften und der Literatur | Mainz, CC BY 4.0; retrieved 2026-10-04; https://www.regesta-imperii.de/id/1004-01-25_2_0_2_4_1_164_1553b"
ri:1004-09-08_1_0_2_4_1_223_1580b,work,"RI II,4 n. 1580b",,"Heinrich feiert Mariä Geburt. Auf seinen Wunsch und mit Erlaubnis des Prager Bischofs Thiedag wird der Festgottesdienst von Bischof Gottschalk von Freising gehalten, der den König nach dem Evangelium auffordert, den in Haft befindlichen Markgrafen Heinrich von Schweinfurt zu begnadigen (vgl. Regg. 1555 b, 1586 a).",available,1004,,high,"dept: RI II; issuer: Heinrich II.; place: Prag; date: 1004-09-08; source: Regesta Imperii, Akad. der Wissenschaften und der Literatur | Mainz, CC BY 4.0; retrieved 2026-10-04; https://www.regesta-imperii.de/id/1004-09-08_1_0_2_4_1_223_1580b"
ri:1006-00-00_2_0_2_4_1_281_1613a,work,"RI II,4 n. 1613a",,"Heinrich schickt Bischof Notker von Lüttich nach Paris, um mit König Robert II. von Frankreich ein Freundschaftsbündnis vorzubereiten.",available,1006,,medium,"dept: RI II; issuer: Heinrich II.; place: –; date range: 1006-01-01 to 1006-12-31 (year = first possible); source: Regesta Imperii, Akad. der Wissenschaften und der Literatur | Mainz, CC BY 4.0; retrieved 2026-10-04; https://www.regesta-imperii.de/id/1006-00-00_2_0_2_4_1_281_1613a"
ri:1007-04-15_1_0_2_4_1_311_1633,work,"RI II,4 n. 1633",,"Heinrich schenkt dem Nonnenkloster Bergen die einstige Besitzung des Grafen Ernst in Dollnstein (Kr. Eichstätt, Mittelfranken) im Schwabfeldgau in der Grafschaft des Grafen Werinhar mit allem Zubehör zu freiem Verfügungsrecht zum Nutzen des Klosters und verleiht der Äbtissin das Recht, den Vogt für dieses Gut selbst einzusetzen (qualiter nos ... sanctae Barigensiensis aecclesiae sororibus sub sanc …",available,1007,,high,"dept: RI II; issuer: Heinrich II.; place: Regensburg; date: 1007-04-15; source: Regesta Imperii, Akad. der Wissenschaften und der Literatur | Mainz, CC BY 4.0; retrieved 2026-10-04; https://www.regesta-imperii.de/id/1007-04-15_1_0_2_4_1_311_1633"
ri:1008-04-06_1_0_2_4_1_369_1680b,work,"RI II,4 n. 1680b",,"Nach dem Tode des Erzbischofs Liudolf von Trier (6. oder 7. April) wird dessen jugendlicher Kaplan Adalbero, ein Bruder der Königin Kunigunde, quasi ex regio promisso zum Nachfolger gewählt. Im Hinblick auf die einst unüberlegt erfolgte Einsetzung von dessen Bruder Dietrich als Bischof von Metz (1006; vgl. Jbb. Heinrichs II. 1, 359 ff.) verwirft König Heinrich diese Wahl und verleiht das Erzbistum …",available,1008,,high,"dept: RI II; issuer: Heinrich II.; place: –; date: 1008-04-06; source: Regesta Imperii, Akad. der Wissenschaften und der Literatur | Mainz, CC BY 4.0; retrieved 2026-10-04; https://www.regesta-imperii.de/id/1008-04-06_1_0_2_4_1_369_1680b"
ri:1009-06-09_1_0_2_4_1_412_1710,work,"RI II,4 n. 1710",,"Heinrich verleiht der erzbischöflichen Kirche von Magdeburg für ihre Besitzungen in Thüringen und anderen Landschaften den Königsbann, er bestimmt, daß der Vogt der Kirche ohne Beeinträchtigung durch den Grafen Gericht halten soll und gewährt für den Fall von Rechtsbrüchen des Kirchenvogtes das Recht der Reklamation an das Hofgericht (qualiter nos ... Magedeburgensi aecclesiae in honore sancti Mau …",available,1009,,high,"dept: RI II; issuer: Heinrich II.; place: Merseburg; date: 1009-06-09; source: Regesta Imperii, Akad. der Wissenschaften und der Literatur | Mainz, CC BY 4.0; retrieved 2026-10-04; https://www.regesta-imperii.de/id/1009-06-09_1_0_2_4_1_412_1710"
ri:1011-06-25_1_0_2_4_1_456_1742,work,"RI II,4 n. 1742",,"Heinrich schenkt dem Kloster Niederaltaich auf Intervention der Königin Kunigunde und in Anbetracht der treuen Dienste des Abtes Godehard zehn Königshufen innerhalb angegebener Grenzen mit allem Zubehör bei Oberabsdorf (Niederösterreich, BH. Tulln) in der Grafschaft und Mark des Markgrafen Heinrich zu freiem Verfügungsrecht zum Nutzen des Klosters (qualiter nos ... interventu dilectę contectalis n …",available,1011,,high,"dept: RI II; issuer: Heinrich II.; place: Regensburg; date: 1011-06-25; source: Regesta Imperii, Akad. der Wissenschaften und der Literatur | Mainz, CC BY 4.0; retrieved 2026-10-04; https://www.regesta-imperii.de/id/1011-06-25_1_0_2_4_1_456_1742"
ri:1012-05-00_1_0_2_5_0_1154_1099a,work,"RI II,5 n. 1099a",,Hier müßte gemäß neuen Datierungsvorschlägen der Besuch des Erzbischofs Gauzlin von Bourges (n. 1116) und das Mandat Benedikts (VIII.) an den Vizegrafen Gauzfred von Bourges (n. 1117) eingeordnet werden.,available,1012,,medium,"dept: RI II; issuer: Benedikt VIII.; place: Rom; date range: 1012-05-01 to 1012-06-30 (year = first possible); source: Regesta Imperii, Akad. der Wissenschaften und der Literatur | Mainz, CC BY 4.0; retrieved 2026-10-04; https://www.regesta-imperii.de/id/1012-05-00_1_0_2_5_0_1154_1099a"
ri:1013-00-00_4_0_2_4_1_534_1777,work,"RI II,4 n. 1777",,"Heinrich nimmt auf Bitten des Bischofs Bernward von Hildesheim das von diesem vor den Mauern der Stadt Hildesheim gegründete und teilweise schon geweihte Kloster des hl. Michael mit den Besitzungen in seinen Schutz, er gewährt den Mönchen die Wahl des Abtes (wahrscheinlich unter Vorbehalt der bischöflichen Mitwirkung) sowie die Verfügung über die Vogtei mit Zustimmung des Bischofs und verleiht die …",available,1013,,medium,"dept: RI II; issuer: Heinrich II.; place: Werla; date range: 1013-01-01 to 1013-12-31 (year = first possible); source: Regesta Imperii, Akad. der Wissenschaften und der Literatur | Mainz, CC BY 4.0; retrieved 2026-10-04; https://www.regesta-imperii.de/id/1013-00-00_4_0_2_4_1_534_1777"
ri:1014-00-00_2_0_2_4_1_611_1834,work,"RI II,4 n. 1834",,"Heinrich bestätigt dem Nonnenkloster S. Salvator und Julia zu Brescia auf Bitten der Äbtissin Rolinda die Besitzungen, schenkt ihm die einstigen Güter des Raterius von Alfiano und bestätigt die Immunität (Concedimus etiam eidem sanctae dei aecclesiae hoc precepto omnes res quondam iure pertinentes Raterio de Alfiano, nunc vero nostrę potestati iuste et legaliter subiacentes, quę sunt constitutę in …",available,1014,,medium,"dept: RI II; issuer: Heinrich II.; place: Verona; date range: 1014-01-01 to 1014-12-31 (year = first possible); source: Regesta Imperii, Akad. der Wissenschaften und der Literatur | Mainz, CC BY 4.0; retrieved 2026-10-04; https://www.regesta-imperii.de/id/1014-00-00_2_0_2_4_1_611_1834"
ri:1014-05-21_1_0_2_4_1_609_1832,work,"RI II,4 n. 1832",,"Heinrich bestätigt auf Bitten des Bischofs Hildebrand von Verona und nach den Privilegien seiner Vorgänger dem Kloster S. Zeno zu Verona unter Abt Rozo den aufgezählten Gesamtbesitz, bestimmte Weiderechte, die Immunität, die freie Schiffahrt auf Po, Etsch und anderen Flüssen, ferner das Recht, sich frei einen Konventsangehörigen oder, wenn dies nicht möglich sein sollte, eine fremde Persönlichkeit …",available,1014,,high,"dept: RI II; issuer: Heinrich II.; place: Verona; date: 1014-05-21; source: Regesta Imperii, Akad. der Wissenschaften und der Literatur | Mainz, CC BY 4.0; retrieved 2026-10-04; https://www.regesta-imperii.de/id/1014-05-21_1_0_2_4_1_609_1832"
ri:1015-05-11_1_0_2_4_1_664_1865,work,"RI II,4 n. 1865",,"Heinrich bekommt vom Kloster Fulda mit Zustimmung des Abtes Poppo, des Vogtes Bernhard, der Mönche, der Vasallen sowie der Dienstmannen die Höfe Rattelsdorf (Kr. Staffelstein, Oberfranken) und Ezzelskirchen (Kr. Höchstadt, ebenda) mit allem Zubehör und gibt dafür an das Kloster die Höfe Wohra (Kr. Kirchheim, Hessen) und Bereschitz (wüst bei Allendorf, ebenda) mit allem Zubehör (qualiter nobis quod …",available,1015,,high,"dept: RI II; issuer: Heinrich II.; place: Kaufungen; date: 1015-05-11; source: Regesta Imperii, Akad. der Wissenschaften und der Literatur | Mainz, CC BY 4.0; retrieved 2026-10-04; https://www.regesta-imperii.de/id/1015-05-11_1_0_2_4_1_664_1865"
ri:1016-10-11_2_0_2_4_1_715_1894,work,"RI II,4 n. 1894",,"Heinrich schenkt der bischöflichen Kirche von Bamberg die von seinen Eltern ererbte Abtei Deggingen (Kr. Nördlingen, RB. Schwaben/Bayern) im Riesgau in der Grafschaft des Grafen Sigehard mit allem Zubehör und verbietet jegliche Bedrückung des Klosters. Ein interpolierter Abschnitt bestimmt, daß der Vogt ohne Untervogt zu verwalten habe, daß er mit den Hintersassen der Abtei zweimal jährlich, und z …",available,1016,,high,"dept: RI II; issuer: Heinrich II.; place: Frankfurt; date: 1016-10-11; source: Regesta Imperii, Akad. der Wissenschaften und der Literatur | Mainz, CC BY 4.0; retrieved 2026-10-04; https://www.regesta-imperii.de/id/1016-10-11_2_0_2_4_1_715_1894"
ri:1017-08-09_1_0_2_4_1_748_1908b,work,"RI II,4 n. 1908b",,"Heinrich trifft mit dem durch Hilfstruppen der Böhmen und der heidnischen Liutizen verstärkten Heer vor Glogau auf Herzog Boleslaw. Wegen eines drohenden Hinterhaltes weicht der Kaiser einem Kampfe aus. Er sendet zwölf Abteilungen nach Nimptsch (an der Lohe) voraus, denen es aber nicht gelingt, eine Verstärkung der Burgbesatzung durch polnische Truppen zu verhindern. – Miesco, der Sohn des Polenhe …",available,1017,,high,"dept: RI II; issuer: Heinrich II.; place: vor Glogau; date: 1017-08-09; source: Regesta Imperii, Akad. der Wissenschaften und der Literatur | Mainz, CC BY 4.0; retrieved 2026-10-04; https://www.regesta-imperii.de/id/1017-08-09_1_0_2_4_1_748_1908b"
ri:1018-08-01_1_0_2_5_0_1260_1203,work,"RI II,5 n. 1203",,"Papst Benedikt (VIII.) bestätigt dem Bischof Benedikt (II.) von Porto (Benedicto episcopo sancte Portuensis ecclesie) wunschgemäß die Besitzungen seines Klosters mit genannten Kirchen und Zellen vor der Stadt Porto samt deren Pertinenzen sowie mit genannten Gütern in angegebenen Grenzen, darunter den Lacus Traianus, das Stagnellum Maledictum und die Tiberinsel in Rom (insulam, que vocatur Licaonia …",available,1018,,high,"dept: RI II; issuer: Benedikt VIII.; place: (Rom); date: 1018-08-01; source: Regesta Imperii, Akad. der Wissenschaften und der Literatur | Mainz, CC BY 4.0; retrieved 2026-10-04; https://www.regesta-imperii.de/id/1018-08-01_1_0_2_5_0_1260_1203"
ri:1020-04-14_1_0_2_4_1_849_1962b,work,"RI II,4 n. 1962b",,"Heinrich bereitet Papst Benedikt VIII., der auf seine Bitten nach Deutschland gekommen war, einen feierlichen Empfang. Im Atrium des Domes begrüßt er den im vollen priesterlichen Ornat einziehenden Papst und geleitet ihn in die Kirche. Benedikt betet an den drei Altären, er nimmt auf dem Bischofssitze Platz, und die Geistlichkeit stimmt das Tedeum an. Darauf spendet der Papst dem Kaiser den Liebes …",available,1020,,high,"dept: RI II; issuer: Heinrich II.; place: Bamberg; date: 1020-04-14; source: Regesta Imperii, Akad. der Wissenschaften und der Literatur | Mainz, CC BY 4.0; retrieved 2026-10-04; https://www.regesta-imperii.de/id/1020-04-14_1_0_2_4_1_849_1962b"
ri:1021-09-24_1_0_2_4_1_894_1989c,work,"RI II,4 n. 1989c",,"Heinrich nimmt mit seiner Gemahlin Kunigunde an der feierlichen Weihe der Klosterkirche teil. – Anwesend sind neben der Äbtissin Adelheid deren Schwester Sophie von Gandersheim, Erzbischof Gero von Magdeburg, die Bischöfe Arnulf von Halberstadt, Meinwerk von Paderborn und Eilward von Meißen als Konsekratoren sowie geistliche und weltliche Große. Nach Beendigung der Feierlichkeiten macht der Kaiser …",available,1021,,high,"dept: RI II; issuer: Heinrich II.; place: Quedlinburg; date: 1021-09-24; source: Regesta Imperii, Akad. der Wissenschaften und der Literatur | Mainz, CC BY 4.0; retrieved 2026-10-04; https://www.regesta-imperii.de/id/1021-09-24_1_0_2_4_1_894_1989c"
ri:1022-06-28_1_0_2_5_0_1304_1243,work,"RI II,5 n. 1243",,"Papst Benedikt VIII. berichtet allen Gläubigen (omnibus fidelibus Christianis) über den Besuch Kaiser Heinrichs in Montecassino (perrexit ad monasterium sancti Benedicti, quod situm est in monte, qui dicitur Castro Casini, ubi sacratissimum corpus eiusdem sanctissimi Benedicti humatum est) 〈und über dessen wunderbare Heilung, als er trotz seiner Zweifel an der Anwesenheit der Reliquien des Benedik …",available,1022,,high,"dept: RI II; issuer: Benedikt VIII.; place: Montecassino; date: 1022-06-28; source: Regesta Imperii, Akad. der Wissenschaften und der Literatur | Mainz, CC BY 4.0; retrieved 2026-10-04; https://www.regesta-imperii.de/id/1022-06-28_1_0_2_5_0_1304_1243"
ri:1023-09-02_1_0_2_4_1_981_2045,work,"RI II,4 n. 2045",,"Heinrich bestätigt dem Kloster Fruttuaria den Königsschutz, den Besitz, die Immunität sowie die von Papst Benedikt VIII. auf einer Synode getroffenen und verbrieften Verfügungen bezüglich der Wahl und der Weihe des Abtes (domnus abbas Willelmus nostram clementiam adiit petens quoddam monasterium nostra auctoritate corroborari situm in loco qui dicitur Fructuaria, ex propria hereditate fratrum eius …",available,1023,,high,"dept: RI II; issuer: Heinrich II.; place: Brumath; date: 1023-09-02; source: Regesta Imperii, Akad. der Wissenschaften und der Literatur | Mainz, CC BY 4.0; retrieved 2026-10-04; https://www.regesta-imperii.de/id/1023-09-02_1_0_2_4_1_981_2045"
ri:1024-00-00_4_0_3_5_1_5_d5,work,"RI III,5,1 n. †5",,Papst Johannes (XIX.) führt einen Kriegszug gegen die Römer durch.,available,1024,,medium,"dept: RI III; issuer: Johannes XIX. (1024-1032); date range: 1024-01-01 to 1024-12-31 (year = first possible); source: Regesta Imperii, Akad. der Wissenschaften und der Literatur | Mainz, CC BY 4.0; retrieved 2026-10-04; https://www.regesta-imperii.de/id/1024-00-00_4_0_3_5_1_5_D5"
ri:1024-12-17_1_0_3_5_1_60_60,work,"RI III,5,1 n. 60",,Papst Johannes XIX. weiht das Kloster Grottaferrata.,available,1024,,high,"dept: RI III; issuer: Johannes XIX. (1024-1032); place: Grottaferrata; date: 1024-12-17; source: Regesta Imperii, Akad. der Wissenschaften und der Literatur | Mainz, CC BY 4.0; retrieved 2026-10-04; https://www.regesta-imperii.de/id/1024-12-17_1_0_3_5_1_60_60"
ri:1025-05-00_1_0_3_5_1_64_64,work,"RI III,5,1 n. 64",,"Papst Johannes (XIX.) bestätigt (concedimus et confirmamus) dem Bischof Benedikt (II.) von Porto (Benedicto s. Portuensis ecclesie episcopo) wunschgemäß (in weitgehend wörtlicher Wiederholung der Urkunde Benedikts VIII.) die Besitzungen seines Bistums mit genannten Kirchen und Zellen vor der Stadt Porto samt Zubehör und aufgeführten Gütern in angegebenen Grenzen, darunter den Lacus Traianus (cum L …",available,1025,,medium,"dept: RI III; issuer: Johannes XIX. (1024-1032); place: (Rom); date range: 1025-05-01 to 1025-05-31 (year = first possible); source: Regesta Imperii, Akad. der Wissenschaften und der Literatur | Mainz, CC BY 4.0; retrieved 2026-10-04; https://www.regesta-imperii.de/id/1025-05-00_1_0_3_5_1_64_64"
ri:1026-01-11_1_0_3_1_0_105_49,work,"RI III,1 n. 49",,"Konrad bestätigt dem unter Konstantin und Helena dem hl. Apostel und Evangelisten Johannes geweihten Kloster des hl. Maximinus zu Trier , dem Heinrich II. 6656 Hufen entzogen hatte, um sie seinen Getreuen zu Lehen zu geben, damit diese und ihre Erben an Stelle des Abtes und seiner Nachfolger Hoffahrt und Heeresdienst leisten mögen, der Abt aber davon befreit sei, auf Bitten des Abtes Boppo und auf …",available,1026,,high,"dept: RI III; issuer: Konrad II.; place: Trier; date: 1026-01-11; source: Regesta Imperii, Akad. der Wissenschaften und der Literatur | Mainz, CC BY 4.0; retrieved 2026-10-04; https://www.regesta-imperii.de/id/1026-01-11_1_0_3_1_0_105_49"
ri:1027-03-00_1_0_3_5_1_83_83,work,"RI III,5,1 n. 83",,"Papst Johannes (XIX.) verleiht (concedo) dem Kloster Cluny (D. Mâcon) unter Abt Odilo (Odiloni ... Cluniacensi abbati) einen von (Graf) Wigo (IV.), Großvater des gleichnamigen Zeitgenossen Wigo des Jüngeren, dem heiligen Petrus geschenkten Grundbesitz in Le Champsaur gegen die Zahlung eines jährlichen Zinses (terrulam, que sita est in regione, que vocatur Camsaurus, quam bone memoriae Wigo maior d …",available,1027,,medium,"dept: RI III; issuer: Johannes XIX. (1024-1032); place: (Rom); date range: 1027-03-01 to 1027-03-31 (year = first possible); source: Regesta Imperii, Akad. der Wissenschaften und der Literatur | Mainz, CC BY 4.0; retrieved 2026-10-04; https://www.regesta-imperii.de/id/1027-03-00_1_0_3_5_1_83_83"
ri:1027-05-20_1_0_3_1_0_182_96,work,"RI III,1 n. 96",,"Konrad urkundet auf Intervention der Kaiserin Gisela für Bischof Ubert von Sarsina ; die ausführliche Besitzliste ist ebenso spätere Verfälschung wie die Bestimmungen gegen Entfremdung des Kirchengutes, wonach Kinder aus Ehen zwischen Freien und Kirchenhörigen dem Hörigenstande angehören und Urkunden über Kirchengut, die vor mehr als 40 Jahren auf unrechtmäßige Weise zustandekamen, keinerlei Recht …",available,1027,,high,"dept: RI III; issuer: Konrad II.; place: ‒; date: 1027-05-20; source: Regesta Imperii, Akad. der Wissenschaften und der Literatur | Mainz, CC BY 4.0; retrieved 2026-10-04; https://www.regesta-imperii.de/id/1027-05-20_1_0_3_1_0_182_96"
ri:1028-04-19_2_0_3_1_0_221_119,work,"RI III,1 n. 119",,"Konrad bestätigt dem Stift vom hl. Kreuz zu Lüttich auf Bitten des Propstes Lambert sowie auf Intervention der Kaiserin Gisela, seines jüngst durch Gottes Gnade zum königlichen Imperium erhobenen Sohnes Heinrich und des Bischofs Rainard von Lüttich die Schenkungen des Letztgenannten, nämlich die Kirche von Longchamps-les-Bastogne im Ardennengau in der Grafschaft Gozelos von Bastogne und die Kirche …",available,1028,,high,"dept: RI III; issuer: Konrad II.; place: Aachen; date: 1028-04-19; source: Regesta Imperii, Akad. der Wissenschaften und der Literatur | Mainz, CC BY 4.0; retrieved 2026-10-04; https://www.regesta-imperii.de/id/1028-04-19_2_0_3_1_0_221_119"
ri:1029-07-09_1_0_3_5_1_120_120,work,"RI III,5,1 n. 120",,"Papst (Johannes XIX.) verleiht dem Kloster San Giusto in Susa (D. Turin) das Recht, seinen Abt von jedem beliebigen Bischof weihen zu lassen.",available,1029,,high,"dept: RI III; issuer: Johannes XIX. (1024-1032); date: 1029-07-09; source: Regesta Imperii, Akad. der Wissenschaften und der Literatur | Mainz, CC BY 4.0; retrieved 2026-10-04; https://www.regesta-imperii.de/id/1029-07-09_1_0_3_5_1_120_120"
ri:1031-02-19_3_0_3_1_0_295_167,work,"RI III,1 n. 167",,Konrad schenkt dem Zuliso auf Intervention der Kaiserin Gisela und seines Sohnes König Heinrich drei Königshufen zu Vetovvizi im Gau Susali in der Grafschaft des Theoderich mit allem Zubehör zu freiem Eigen (qualiter nos per interventum et peticionem dilectissimae coniugis nostre Gisilae imperatricis augustae nec non et Heinrici regis ac filii nostri amantissimi Zuliso tres mansus regales in villa …,available,1031,,high,"dept: RI III; issuer: Konrad II.; place: Goslar; date: 1031-02-19; source: Regesta Imperii, Akad. der Wissenschaften und der Literatur | Mainz, CC BY 4.0; retrieved 2026-10-04; https://www.regesta-imperii.de/id/1031-02-19_3_0_3_1_0_295_167"
ri:1032-00-00_8_0_3_5_1_158_d158,work,"RI III,5,1 n. †158",,"Papst Benedikt IX. zwingt die Römer im Interesse des Kaisers (Heinrich III.) zu einem Eid, ohne kaiserlichen Konsens keinen Papst mehr zu wählen.",available,1032,,medium,"dept: RI III; issuer: Benedikt IX. (1032-1044); date range: 1032-01-01 to 1032-12-31 (year = first possible); source: Regesta Imperii, Akad. der Wissenschaften und der Literatur | Mainz, CC BY 4.0; retrieved 2026-10-04; https://www.regesta-imperii.de/id/1032-00-00_8_0_3_5_1_158_D158"
ri:1033-06-26_1_0_3_1_0_348_196a,work,"RI III,1 n. 196a",,"Hoftag (Ann. Hildesh. 1033); als anwesend sind nachweisbar Kaiserin Gisela, König Heinrich, die Bischöfe Meinwerk von Paderborn, Sigibert von Minden, Egilbert von Freising, Kadeloh von Naumburg (Breßlau, Jahrbücher 2, 79). Mesco von Polen erscheint mit Erlaubnis des Kaisers bei Hofe, nachdem es ihm gelungen war, die Fürsprache der Kaiserin Gisela und der Fürsten zu gewinnen (Wipo, cap. 29), und er …",available,1033,,high,"dept: RI III; issuer: Konrad II.; place: Merseburg; date: 1033-06-26; source: Regesta Imperii, Akad. der Wissenschaften und der Literatur | Mainz, CC BY 4.0; retrieved 2026-10-04; https://www.regesta-imperii.de/id/1033-06-26_1_0_3_1_0_348_196a"
ri:1035-03-30_1_0_3_1_0_394_224a,work,"RI III,1 n. 224a",,Konrad feiert das Osterfest.,available,1035,,high,"dept: RI III; issuer: Konrad II.; place: Paderborn; date: 1035-03-30; source: Regesta Imperii, Akad. der Wissenschaften und der Literatur | Mainz, CC BY 4.0; retrieved 2026-10-04; https://www.regesta-imperii.de/id/1035-03-30_1_0_3_1_0_394_224a"
ri:1036-11-00_1_0_3_5_1_195_195,work,"RI III,5,1 n. 195",,"Papst Benedikt IX. konfirmiert unterschriftlich eine ihm als Supplik vorgelegte Urkunde des Bischofs Atto von Florenz (sanctissimo et omni ueneratione colendo d. nostro beatissimo papae Benedicto nono ... Atto s. Florentine eccl. ep.), wodurch dieser dem Domstift Florenz (Florentina ... canonica) neben der Kanonikerregel namentlich genannte, von verschiedenen Schenkern herrührende Besitzungen best …",available,1036,,medium,"dept: RI III; issuer: Benedikt IX. (1032-1044); place: (Rom); date range: 1036-11-01 to 1036-11-30 (year = first possible); source: Regesta Imperii, Akad. der Wissenschaften und der Literatur | Mainz, CC BY 4.0; retrieved 2026-10-04; https://www.regesta-imperii.de/id/1036-11-00_1_0_3_5_1_195_195"
ri:1037-08-00_1_0_3_1_0_468_258a,work,"RI III,1 n. 258a",,"Konrad schenkt dem Albertus und Wezelo, Söhnen Widos von Montanara, Güter im Gebiet von Ceneda.",available,1037,,medium,"dept: RI III; issuer: Konrad II.; date range: 1037-08-01 to 1037-08-31 (year = first possible); source: Regesta Imperii, Akad. der Wissenschaften und der Literatur | Mainz, CC BY 4.0; retrieved 2026-10-04; https://www.regesta-imperii.de/id/1037-08-00_1_0_3_1_0_468_258a"
ri:1038-06-14_1_0_3_1_0_510_286,work,"RI III,1 n. 286",,"Konrad bestätigt dem Kloster der hl. Maria auf der Meeresinsel Tremiti unter Abt Deodat auf Intervention der Kaiserin Gisela, seines Sohnes König Heinrich und seiner Schwiegertochter Kunigunde den Besitz genannter Burgen und Kirchen und verleiht ihm die Reichsunmittelbarkeit (quod nos ... ob interventum ac petitionem Gisle imperatricis nostre scilicet dilectę contectalis ac Heinrici regis nostrę a …",available,1038,,high,"dept: RI III; issuer: Konrad II.; place: Perano; date: 1038-06-14; source: Regesta Imperii, Akad. der Wissenschaften und der Literatur | Mainz, CC BY 4.0; retrieved 2026-10-04; https://www.regesta-imperii.de/id/1038-06-14_1_0_3_1_0_510_286"
ri:1042-00-00_1_0_3_5_1_241_d241,work,"RI III,5,1 n. †241",,"Papst (Benedikt IX.) stellt dem Patriarchen Poppo von Aquileia ein Privileg aus, durch welches diesem die Kirche von Grado unterstellt wird.",available,1042,,medium,"dept: RI III; issuer: Benedikt IX. (1032-1044); place: (Rom); date range: 1042-01-01 to 1042-12-31 (year = first possible); source: Regesta Imperii, Akad. der Wissenschaften und der Literatur | Mainz, CC BY 4.0; retrieved 2026-10-04; https://www.regesta-imperii.de/id/1042-00-00_1_0_3_5_1_241_D241"
ri:1045-05-01_4_0_3_5_1_273_273,work,"RI III,5,1 n. 273",,"Papst Benedikt IX. überlässt das päpstliche Amt gegen Geld seinem Taufpaten, dem Archipresbyter Johannes Gratianus von S. Giovanni a Porta Latina.",available,1045,,high,"dept: RI III; issuer: Schisma Benedikt IX. - Silvester III. - Gregor VI. (1045-1046); place: Rom; date: 1045-05-01; source: Regesta Imperii, Akad. der Wissenschaften und der Literatur | Mainz, CC BY 4.0; retrieved 2026-10-04; https://www.regesta-imperii.de/id/1045-05-01_4_0_3_5_1_273_273"
ri:1046-12-25_16_0_3_5_2_18_346,work,"RI III,5,2 n. †346",,"Papst C(lemens II.) teilt Kaiser H(einrich III.) und den Bischöfen und Fürsten Burgunds (H[einrico] ... filio imp. Romanorum et regi Burgundionum, episcopis et principibus regionis illius) mit, dass das Kloster Romainmôtier (D. Lausanne) (monasterium quod vocatur Romanum) dem apostolischen Stuhl kommendiert sei; Papst Stephan (II.) habe auf seiner Reise, vor den Langobarden zu den Franken unter ih …",available,1046,,high,"dept: RI III; issuer: Clemens II.; date: 1046-12-25; source: Regesta Imperii, Akad. der Wissenschaften und der Literatur | Mainz, CC BY 4.0; retrieved 2026-10-04; https://www.regesta-imperii.de/id/1046-12-25_16_0_3_5_2_18_346"
ri:1047-11-08_1_0_3_5_2_58_386,work,"RI III,5,2 n. 386",,"Der ehemalige (nn. 154, 269) und abgesetzte (n. 327) Papst Benedikt IX. erlangt nochmals das Papstamt.",available,1047,,high,"dept: RI III; issuer: Benedikt IX.; place: (Rom); date: 1047-11-08; source: Regesta Imperii, Akad. der Wissenschaften und der Literatur | Mainz, CC BY 4.0; retrieved 2026-10-04; https://www.regesta-imperii.de/id/1047-11-08_1_0_3_5_2_58_386"
ri:1049-00-00_30_0_3_5_2_124_452,work,"RI III,5,2 n. 452",,"Papst Leo IX. verleiht dem Grafen (Eberhard) von Ancona die Grafschaft Rimini (nonus Leo papa locasse comiti Anconitano ... comitatum Ariminensem) inklusive der Kirchen S. Maria in Turremuro, S. Maria in Argumino, S. Theodor und S. Gregor, des Dorfes S. Paterniano und der Burg Concha.",available,1049,,medium,"dept: RI III; issuer: Leo IX.; date range: 1049-01-01 to 1049-12-31 (year = first possible); source: Regesta Imperii, Akad. der Wissenschaften und der Literatur | Mainz, CC BY 4.0; retrieved 2026-10-04; https://www.regesta-imperii.de/id/1049-00-00_30_0_3_5_2_124_452"
ri:1049-00-00_75_0_3_5_2_169_497,work,"RI III,5,2 n. †497",,"In Anwesenheit Papst Leos IX., Kaiser Heinrichs (III.), des Markgrafen Bonifaz von Tuszien und von 50 Bischöfen gräbt ein Blinder namens Adilbert (Adalbero/Adilbero) die Reliquie vom Blut Jesu an dem ihm offenbarten Platz aus.",available,1049,,medium,"dept: RI III; issuer: Leo IX.; place: Mantua; date range: 1049-01-01 to 1049-12-31 (year = first possible); source: Regesta Imperii, Akad. der Wissenschaften und der Literatur | Mainz, CC BY 4.0; retrieved 2026-10-04; https://www.regesta-imperii.de/id/1049-00-00_75_0_3_5_2_169_497"
ri:1049-02-26_1_0_3_5_2_199_527,work,"RI III,5,2 n. 527",,"Papst Leo IX. bestätigt dem Kloster Farfa (D. Sabina) unter Abt Berard (Berardo abbati monasterii s. Mariae, quod ponitur in Pharpha) wunschgemäß und entsprechend den Urkunden der Päpste Hadrian (I.) und Paul (I.) (Adriani quondam papae et Pauli) namentlich genannte Kirchen, Güter und Einkünfte in den Grafschaften Sabina, Narni, Rieti, L'Aquila, Ascoli, Fermo, Abruzzen, Penne, Rom und in der Toska …",available,1049,,high,"dept: RI III; issuer: Leo IX.; place: (Rom); date: 1049-02-26; source: Regesta Imperii, Akad. der Wissenschaften und der Literatur | Mainz, CC BY 4.0; retrieved 2026-10-04; https://www.regesta-imperii.de/id/1049-02-26_1_0_3_5_2_199_527"
ri:1049-06-29_4_0_3_5_2_248_576,work,"RI III,5,2 n. 576",,Papst Leo IX. berichtet der Kaiserin (Agnes) über eine seiner Tante im Kloster widerfahrene Wundergeschichte.,available,1049,,high,"dept: RI III; issuer: Leo IX.; date: 1049-06-29; source: Regesta Imperii, Akad. der Wissenschaften und der Literatur | Mainz, CC BY 4.0; retrieved 2026-10-04; https://www.regesta-imperii.de/id/1049-06-29_4_0_3_5_2_248_576"
ri:1049-10-01_1_0_3_5_2_287_615,work,"RI III,5,2 n. 615",,König Heinrich I. von Frankreich lässt ein Diplom für Abt Albert von St-Thierry in Reims (D. Reims) Papst Leo IX. zur Bestätigung vorlegen.,available,1049,,medium,"dept: RI III; issuer: Leo IX.; place: (Reims); date range: 1049-10-01 to 1049-10-06 (year = first possible); source: Regesta Imperii, Akad. der Wissenschaften und der Literatur | Mainz, CC BY 4.0; retrieved 2026-10-04; https://www.regesta-imperii.de/id/1049-10-01_1_0_3_5_2_287_615"
ri:1049-10-26_2_0_3_5_2_336_664,work,"RI III,5,2 n. †664",,"Papst Leo IX. bestätigt Bischof Dietrich von Verdun (Theoderico Virdunensium praesuli) das von ihm selbst mit dessen Zustimmung und auf Intervention des Archidiakons Ermenfried geweihte (vgl. n. 644) (Theoderici ... praesulis consensu et Ermenfridis Virdunensis archidiac. interventu ... a me ipso ... dedicatum et consecratum) und von letzterem wiedererrichtete Kloster der heiligen Maria Magdalena, …",available,1049,,high,"dept: RI III; issuer: Leo IX.; place: (Mainz); date: 1049-10-26; source: Regesta Imperii, Akad. der Wissenschaften und der Literatur | Mainz, CC BY 4.0; retrieved 2026-10-04; https://www.regesta-imperii.de/id/1049-10-26_2_0_3_5_2_336_664"
ri:1050-00-00_2_0_3_5_2_394_722,work,"RI III,5,2 n. 722",,Papst Leo (IX.) erhält von Abt Egbert von Fulda (D. Würzburg) Literatur und einen Schreiber für die Abfassung einer Bonifatius-Biographie zugeschickt.,available,1050,,medium,"dept: RI III; issuer: Leo IX.; place: Rom; date range: 1050-01-01 to 1050-12-31 (year = first possible); source: Regesta Imperii, Akad. der Wissenschaften und der Literatur | Mainz, CC BY 4.0; retrieved 2026-10-04; https://www.regesta-imperii.de/id/1050-00-00_2_0_3_5_2_394_722"
ri:1050-05-01_3_0_3_5_2_441_769,work,"RI III,5,2 n. 769",,"Papst Leo (IX.) befiehlt seinem Getreuen Gottfried (Goffredo fideli suo), gemäß bereits ergangenem Befehl und seiner eigenen Zusicherung, dem Kloster Montier-en-Der (D. Châlons-en-Champagne) Gerechtigkeit widerfahren zu lassen, andernfalls würde er exkommuniziert (ut rectum facias ... ss. Petro et Berchario atque monachis inibi consedentibus ... nisi feceris ... procul dubio excommunicaberis).",available,1050,,high,"dept: RI III; issuer: Leo IX.; place: (Rom); date: 1050-05-01; source: Regesta Imperii, Akad. der Wissenschaften und der Literatur | Mainz, CC BY 4.0; retrieved 2026-10-04; https://www.regesta-imperii.de/id/1050-05-01_3_0_3_5_2_441_769"
ri:1050-10-07_1_0_3_5_2_493_821,work,"RI III,5,2 n. 821",,Papst Leo IX. lässt Bischof Harduin von Langres durch Erzbischof Halinard von Lyon weihen.,available,1050,,high,"dept: RI III; issuer: Leo IX.; place: Langres; date: 1050-10-07; source: Regesta Imperii, Akad. der Wissenschaften und der Literatur | Mainz, CC BY 4.0; retrieved 2026-10-04; https://www.regesta-imperii.de/id/1050-10-07_1_0_3_5_2_493_821"
ri:1051-01-11_1_0_3_5_2_528_856,work,"RI III,5,2 n. 856",,"Papst Leo IX. bestätigt Erzbischof Hugo von Besançon (Hugoni s. Crisopolitanae eccl. archiepiscopo) wunschgemäß die Besitzungen seiner Bischofskirche (confirmamus ... omnia bona), des Stifts StÉtienne, dessen (Haupt) Altar, ausgestattet mit einer Armreliquie des heiligen Stephanus, er selbst in Anwesenheit der Erzbischöfe Hugo, Halinard von Lyon und Georg von Kalocsa in Ungarn, der Bischöfe Azelin …",available,1051,,high,"dept: RI III; issuer: Leo IX.; date: 1051-01-11; source: Regesta Imperii, Akad. der Wissenschaften und der Literatur | Mainz, CC BY 4.0; retrieved 2026-10-04; https://www.regesta-imperii.de/id/1051-01-11_1_0_3_5_2_528_856"
ri:1051-06-28_1_0_3_5_2_578_906,work,"RI III,5,2 n. 906",,Papst Leo IX. kommt in das Kloster Montecassino.,available,1051,,high,"dept: RI III; issuer: Leo IX.; place: Montecassino; date: 1051-06-28; source: Regesta Imperii, Akad. der Wissenschaften und der Literatur | Mainz, CC BY 4.0; retrieved 2026-10-04; https://www.regesta-imperii.de/id/1051-06-28_1_0_3_5_2_578_906"
ri:1052-05-00_1_0_3_5_2_632_960,work,"RI III,5,2 n. 960",,Papst Leo IX. versammelt ein Heer zum Zug gegen die Normannen.,available,1052,,medium,"dept: RI III; issuer: Leo IX.; date range: 1052-05-01 to 1052-05-31 (year = first possible); source: Regesta Imperii, Akad. der Wissenschaften und der Literatur | Mainz, CC BY 4.0; retrieved 2026-10-04; https://www.regesta-imperii.de/id/1052-05-00_1_0_3_5_2_632_960"
ri:1052-10-18_1_0_3_5_2_677_1005,work,"RI III,5,2 n. 1005",,Papst Leo IX. gelangt entsprechend dem Wunsch Bischof Hartwigs von Bamberg und Kaiser Heinrichs III. in dessen Begleitung zusammen mit verschiedenen Prälaten nach Bamberg.,available,1052,,high,"dept: RI III; issuer: Leo IX.; place: Bamberg; date: 1052-10-18; source: Regesta Imperii, Akad. der Wissenschaften und der Literatur | Mainz, CC BY 4.0; retrieved 2026-10-04; https://www.regesta-imperii.de/id/1052-10-18_1_0_3_5_2_677_1005"
ri:1053-03-13_1_0_3_5_2_716_1044,work,"RI III,5,2 n. 1044",,"Papst Leo IX. bestätigt Bischof Dominicus von Olivola (Castello) (Olivolensi eccl., et per eam Dominico episcopo) den gesamten Besitz von dessen Kirche (confirmamus ... quidquid hactenus acquisivit et deinceps ... acquirere poterit), verbietet Patriarchen und Bischöfen die Ausübung geistlicher Funktionen wie die Weihe von Gebäuden und Personen, die Verhängung von Exkommuniktion oder Absolution, di …",available,1053,,high,"dept: RI III; issuer: Leo IX.; place: (Ravenna); date: 1053-03-13; source: Regesta Imperii, Akad. der Wissenschaften und der Literatur | Mainz, CC BY 4.0; retrieved 2026-10-04; https://www.regesta-imperii.de/id/1053-03-13_1_0_3_5_2_716_1044"
ri:1053-06-19_7_0_3_5_2_764_1092,work,"RI III,5,2 n. †1092",,"Papst Leo IX. belehnt die Normannen mit allen bisher von ihnen eroberten Territorien sowie dem Besitz des hl. Petrus in Kalabrien und Sizilien, dessen Eroberung ihnen in Zukunft gelingen wird.",available,1053,,high,"dept: RI III; issuer: Leo IX.; date: 1053-06-19; source: Regesta Imperii, Akad. der Wissenschaften und der Literatur | Mainz, CC BY 4.0; retrieved 2026-10-04; https://www.regesta-imperii.de/id/1053-06-19_7_0_3_5_2_764_1092"
ri:1054-04-10_1_0_3_5_2_817_1145,work,"RI III,5,2 n. 1145",,Papst Leo IX. bestimmt seinen Bestattungsort.,available,1054,,high,"dept: RI III; issuer: Leo IX.; date: 1054-04-10; source: Regesta Imperii, Akad. der Wissenschaften und der Literatur | Mainz, CC BY 4.0; retrieved 2026-10-04; https://www.regesta-imperii.de/id/1054-04-10_1_0_3_5_2_817_1145"
ri:1055-00-00_2_0_3_5_2_842_1170,work,"RI III,5,2 n. 1170",,"Papst Viktor II. vermag in der hl. Messe durch göttliche Fügung den Kelch mit dem durch einen Subdiakon vergifteten Wein nicht zum Trinken anzuheben, erkennt das Wunder und lässt den Kelch samt dem Wein als Reliquie in einem Altar bergen.",available,1055,,medium,"dept: RI III; issuer: Viktor II.; date range: 1055-01-01 to 1055-12-31 (year = first possible); source: Regesta Imperii, Akad. der Wissenschaften und der Literatur | Mainz, CC BY 4.0; retrieved 2026-10-04; https://www.regesta-imperii.de/id/1055-00-00_2_0_3_5_2_842_1170"
ri:1055-06-11_1_0_3_5_2_890_1218,work,"RI III,5,2 n. 1218",,"Papst Viktor II. bestätigt dem von Herzog Wilhelm (I. von Aquitanien) begründeten Kloster Cluny in der Grafschaft Mâcon (D. Mâcon) unter Abt Hugo (Hugoni abbati monasterii quod dicitur Cluniacum in honore bb. apostolorum Petri et Pauli consecratum, in comitatu Matisconensi situm ... a duce Willelmo ... fundatum) wunschgemäß alle von den früheren Äbten Berno, Odo, Aimard, Majolus und 〈dem heiligen〉 …",available,1055,,high,"dept: RI III; issuer: Viktor II.; place: (Florenz); date: 1055-06-11; source: Regesta Imperii, Akad. der Wissenschaften und der Literatur | Mainz, CC BY 4.0; retrieved 2026-10-04; https://www.regesta-imperii.de/id/1055-06-11_1_0_3_5_2_890_1218"
ri:1056-03-07_1_0_3_2_3_54_54,work,"RI III,2,3 n. 54",,"Heinrich interveniert mit seiner Mutter, der Kaiserin Agnes, zugunsten des Domkapitels zu Metz, welchem das von Bischof Adalbero erneuerte Privileg seiner Vorgänger bestätigt wird.",available,1056,,high,"dept: RI III; issuer: Heinrich IV.; place: Kaiserswerth; date: 1056-03-07; source: Regesta Imperii, Akad. der Wissenschaften und der Literatur | Mainz, CC BY 4.0; retrieved 2026-10-04; https://www.regesta-imperii.de/id/1056-03-07_1_0_3_2_3_54_54"
ri:1056-10-28_1_0_3_5_2_941_1269,work,"RI III,5,2 n. 1269",,Papst Viktor II. setzt den verstorbenen Kaiser Heinrich III. in Anwesenheit zahlreicher Prälaten und Fürsten im Dom zu Speyer bei.,available,1056,,high,"dept: RI III; issuer: Viktor II.; place: Speyer, Dom; date: 1056-10-28; source: Regesta Imperii, Akad. der Wissenschaften und der Literatur | Mainz, CC BY 4.0; retrieved 2026-10-04; https://www.regesta-imperii.de/id/1056-10-28_1_0_3_5_2_941_1269"
ri:1057-03-30_1_0_3_2_3_94_94,work,"RI III,2,3 n. 94",,"Heinrich erhebt anläßlich des Osterfestes den italienischen Kanzler und ehemaligen Bamberger Kanoniker Gunther zum Bischof von Bamberg, welcher noch am gleichen Tage die Weihe empfängt.",available,1057,,high,"dept: RI III; issuer: Heinrich IV.; place: Worms; date: 1057-03-30; source: Regesta Imperii, Akad. der Wissenschaften und der Literatur | Mainz, CC BY 4.0; retrieved 2026-10-04; https://www.regesta-imperii.de/id/1057-03-30_1_0_3_2_3_94_94"
ri:1057-08-00_3_0_3_5_2_1008_1336,work,"RI III,5,2 n. 1336",,"Papst Stephan (IX.) verhängt das Anathem über alle, welche die Messe nach griechischem Ritus feiern, Bart und Haupthaar nicht schneiden und die Eucharistie mit fermentiertem Brot zelebrieren.",available,1057,,medium,"dept: RI III; issuer: Stephan IX.; date range: 1057-08-01 to 1057-08-31 (year = first possible); source: Regesta Imperii, Akad. der Wissenschaften und der Literatur | Mainz, CC BY 4.0; retrieved 2026-10-04; https://www.regesta-imperii.de/id/1057-08-00_3_0_3_5_2_1008_1336"
ri:1058-00-00_2_0_3_5_2_1040_1368,work,"RI III,5,2 n. 1368",,"Papst Stephan (IX.) nimmt nach seiner Expedition gegen Graf Trsasmund von Chieti (n. 1367) die Resignation Bischof Berards (von Penne) an, wählt zu dessen Nachfolger Johannes Falertanus und ordnet die lehensweise Überlassung eines Teils des Bistumsbesitzes an den resignierten Bischof für dessen Treueeid gegenüber dem neuen Bischof an.",available,1058,,medium,"dept: RI III; issuer: Stephan IX.; place: (bei Chieti); date range: 1058-01-01 to 1058-12-31 (year = first possible); source: Regesta Imperii, Akad. der Wissenschaften und der Literatur | Mainz, CC BY 4.0; retrieved 2026-10-04; https://www.regesta-imperii.de/id/1058-00-00_2_0_3_5_2_1040_1368"
ri:1058-10-18_1_0_3_2_3_152_152,work,"RI III,2,3 n. 152",,"Heinrich schenkt seinem Getreuen Anzo aufgrund der Intervention seiner Mutter, der Kaiserin Agnes, drei genannte, in der Mark Krain in der Grafschaft des Markgrafen Udalrich gelegene Königshufen mit der Befugnis, etwa fehlendes Gut in den benachbarten Besitzungen am Unterlauf der Pešata/Peischat zu vervollständigen, nebst allem Zubehör und allen Einkünften mit dem Recht zu freier Verfügung (cuidam …",available,1058,,high,"dept: RI III; issuer: Heinrich IV.; place: Regensburg; date: 1058-10-18; source: Regesta Imperii, Akad. der Wissenschaften und der Literatur | Mainz, CC BY 4.0; retrieved 2026-10-04; https://www.regesta-imperii.de/id/1058-10-18_1_0_3_2_3_152_152"
ri:1060-06-21_1_0_3_2_3_197_197,work,"RI III,2,3 n. 197",,"Heinrich schenkt der erzbischöflichen Kirche zu Magdeburg aufgrund der Intervention seiner Mutter, der Kaiserin Agnes, sowie auf Bitten Erzbischof Engelhards die durch Erbschaft an ihn gefallenen Güter aus dem Besitz des Magdeburger Domherren Liudger an sechzehn namentlich aufgeführten Orten des Hosgaues in der Grafschaft des Markgrafen Dedi nebst allem Zubehör und allen Einkünften mit dem Recht z …",available,1060,,high,"dept: RI III; issuer: Heinrich IV.; place: Corvey; date: 1060-06-21; source: Regesta Imperii, Akad. der Wissenschaften und der Literatur | Mainz, CC BY 4.0; retrieved 2026-10-04; https://www.regesta-imperii.de/id/1060-06-21_1_0_3_2_3_197_197"
ri:1062-03-00_1_0_3_2_3_240_240,work,"RI III,2,3 n. 240",,Winteraufenthalt des Hofes in Sachsen.,available,1062,,medium,"dept: RI III; issuer: Heinrich IV.; place: –; date range: 1062-03-01 to 1062-03-31 (year = first possible); source: Regesta Imperii, Akad. der Wissenschaften und der Literatur | Mainz, CC BY 4.0; retrieved 2026-10-04; https://www.regesta-imperii.de/id/1062-03-00_1_0_3_2_3_240_240"
ri:1063-06-24_3_0_3_2_3_292_292,work,"RI III,2,3 n. 292",,"Für die Dauer des bevorstehenden Ungarnfeldzuges, der ersten kriegerischen Unternehmung, an welcher Heinrich selbst teilnehmen sollte, wird Erzbischof Adalbert von Bremen mit der Aufsicht über den jungen König beauftragt, während Anno von Köln als Reichsverweser zurückbleibt.",available,1063,,high,"dept: RI III; issuer: Heinrich IV.; place: (Allstedt?); date: 1063-06-24; source: Regesta Imperii, Akad. der Wissenschaften und der Literatur | Mainz, CC BY 4.0; retrieved 2026-10-04; https://www.regesta-imperii.de/id/1063-06-24_3_0_3_2_3_292_292"
ri:1064-09-00_1_0_3_2_3_347_347,work,"RI III,2,3 n. 347",,"Heinrich erteilt Bischof Gunther von Bamberg auf den Rat der versammelten Fürsten, unter denen Erzbischof (Adalbert) von Bremen und Herzog (Otto) von Bayern namentlich hervorgehoben werden, durch Übersendung eines Ringes die Erlaubnis zu der geplanten Pilgerfahrt nach Jerusalem.",available,1064,,medium,"dept: RI III; issuer: Heinrich IV.; place: –; date range: 1064-09-01 to 1064-09-30 (year = first possible); source: Regesta Imperii, Akad. der Wissenschaften und der Literatur | Mainz, CC BY 4.0; retrieved 2026-10-04; https://www.regesta-imperii.de/id/1064-09-00_1_0_3_2_3_347_347"
ri:1065-06-29_1_0_3_2_3_393_393,work,"RI III,2,3 n. 393",,Heinrich hält einen Hoftag (curia regalis) ab.,available,1065,,high,"dept: RI III; issuer: Heinrich IV.; place: Trier; date: 1065-06-29; source: Regesta Imperii, Akad. der Wissenschaften und der Literatur | Mainz, CC BY 4.0; retrieved 2026-10-04; https://www.regesta-imperii.de/id/1065-06-29_1_0_3_2_3_393_393"
ri:1066-05-00_3_0_3_2_3_443_443,work,"RI III,2,3 n. 443",,"Heinrich wird von einer schweren Krankheit befallen, so daß im Kreise einiger Fürsten bereits Spekulationen über seine Nachfolge angestellt werden.",available,1066,,medium,"dept: RI III; issuer: Heinrich IV.; place: Fritzlar; date range: 1066-05-01 to 1066-05-31 (year = first possible); source: Regesta Imperii, Akad. der Wissenschaften und der Literatur | Mainz, CC BY 4.0; retrieved 2026-10-04; https://www.regesta-imperii.de/id/1066-05-00_3_0_3_2_3_443_443"
ri:1068-05-29_1_0_3_2_3_492_492,work,"RI III,2,3 n. 492",,"Heinrich schenkt dem Kloster Siegburg auf Bitten Erzbischof Annos von Köln zu seinem und seiner Gemahlin Seelenheil aufgrund der Intervention der Erzbischöfe Siegfried von Mainz und Werner von Magdeburg, des Bischofs Burchard (II.) von Halberstadt, der Herzöge Rudolf von Schwaben und Otto (Ordulf) von Sachsen, des Markgrafen Dedi (von der Niederlausitz) sowie in Anbetracht der treuen Dienste Erzbi …",available,1068,,high,"dept: RI III; issuer: Heinrich IV.; place: Soest; date: 1068-05-29; source: Regesta Imperii, Akad. der Wissenschaften und der Literatur | Mainz, CC BY 4.0; retrieved 2026-10-04; https://www.regesta-imperii.de/id/1068-05-29_1_0_3_2_3_492_492"
ri:1070-04-04_1_0_3_2_3_543_543,work,"RI III,2,3 n. 543",,"Heinrich begeht das Osterfest, wobei es zu einer kriegerischen Auseinandersetzung zwischen dem königlichen Gefolge und der bischöflichen Dienstmannschaft kommt, in deren Verlauf einige bischöfliche Dienstmannen getötet und die Anstifter der Auseinandersetzung auf Befehl des Königs in Ketten gelegt werden.",available,1070,,high,"dept: RI III; issuer: Heinrich IV.; place: Hildesheim; date: 1070-04-04; source: Regesta Imperii, Akad. der Wissenschaften und der Literatur | Mainz, CC BY 4.0; retrieved 2026-10-04; https://www.regesta-imperii.de/id/1070-04-04_1_0_3_2_3_543_543"
ri:1071-12-29_1_0_3_2_3_590_590,work,"RI III,2,3 n. 590",,"Heinrich schenkt dem St. Suitbertsstift zu Kaiserswerth auf Bitten des Propstes Siegfried, seines Kapellans, sowie aufgrund der Intervention seiner Gemahlin, der Königin Bertha, der Erzbischöfe Anno von Köln und Adalbert von Bremen, der Bischöfe Eppo von Zeitz (Eberhard von Naumburg), Benno (II.) von Osnabrück, Adalbert von Worms, Heinrich von Speyer und Werner von Straßburg, der Herzöge Rudolf vo …",available,1071,,high,"dept: RI III; issuer: Heinrich IV.; place: Worms; date: 1071-12-29; source: Regesta Imperii, Akad. der Wissenschaften und der Literatur | Mainz, CC BY 4.0; retrieved 2026-10-04; https://www.regesta-imperii.de/id/1071-12-29_1_0_3_2_3_590_590"
ri:1073-07-26_1_0_3_2_3_639_639,work,"RI III,2,3 n. 639",,"Heinrich bestätigt der zur Abtei Nienburg gehörenden Kirche zu Ballenstedt die Schenkung seines Vaters, des damaligen Königs Heinrich (III.), über 21 im Schwabengau in der Grafschaft Adalberts gelegene Hufen nebst allem Zubehör und allen Einkünften, namentlich acht Hufen in Asmersleben, drei in Welbsleben, eine in Badeborn, zwei in Uvestholze, eine in Rothallasbvrc und fünf in Emmelestorp (mansos …",available,1073,,high,"dept: RI III; issuer: Heinrich IV.; place: Harzburg; date: 1073-07-26; source: Regesta Imperii, Akad. der Wissenschaften und der Literatur | Mainz, CC BY 4.0; retrieved 2026-10-04; https://www.regesta-imperii.de/id/1073-07-26_1_0_3_2_3_639_639"
ri:1074-02-02_2_0_3_2_3_691_691,work,"RI III,2,3 n. 691",,Heinrich begibt sich nach Goslar.,available,1074,,high,"dept: RI III; issuer: Heinrich IV.; place: –; date: 1074-02-02; source: Regesta Imperii, Akad. der Wissenschaften und der Literatur | Mainz, CC BY 4.0; retrieved 2026-10-04; https://www.regesta-imperii.de/id/1074-02-02_2_0_3_2_3_691_691"
ri:1075-05-28_1_0_3_2_3_737_737,work,"RI III,2,3 n. 737",,"Heinrich schenkt dem Kloster Burtscheid das bei Boppard in der Grafschaft Bertholds gelegene Gut, das, wie es in der Volkssprache heißt, drei 'Mannwerk' umfaßt, nebst allem Zubehör und allen Einkünften zu freiem Eigen (predium in villa Boparde in comitatu Bertoldi situm quod lingua rusticorum illius villę manewerc vocatur, non unum manewerc sed tria manewerc, cum omnibus appenditiis ac cum omni ut …",available,1075,,high,"dept: RI III; issuer: Heinrich IV.; place: Worms; date: 1075-05-28; source: Regesta Imperii, Akad. der Wissenschaften und der Literatur | Mainz, CC BY 4.0; retrieved 2026-10-04; https://www.regesta-imperii.de/id/1075-05-28_1_0_3_2_3_737_737"
ri:1123-06-03_3_0_4_1_1_76_76,work,"RI IV,1,1 n. 76",,"Nachdem dank der Kriegslist des Herzogs der Kaiser die Belagerung der Burg aufgehoben hat, zieht Lothar hierher zurück, rüstet die Besatzung neu aus und rückt als Sieger ab.",available,1123,,medium,"dept: RI IV; issuer: Lothar III.; place: Sculenburg; date range: 1123-06-04 to 1123-08-01 (year = first possible); source: Regesta Imperii, Akad. der Wissenschaften und der Literatur | Mainz, CC BY 4.0; retrieved 2026-10-04; https://www.regesta-imperii.de/id/1123-06-03_3_0_4_1_1_76_76"
ri:1128-00-00_2_0_4_1_2_36_d36,work,"RI IV,1,2 n. *36",,Konrad gewährt dem Kloster Morimondo das Recht der Schiffahrt auf dem Ticino und zum Fischfang im Ticino und dem Po.,available,1128,,medium,"dept: RI IV; issuer: Konrad III.; date range: 1128-01-01 to 1128-12-31 (year = first possible); source: Regesta Imperii, Akad. der Wissenschaften und der Literatur | Mainz, CC BY 4.0; retrieved 2026-10-04; https://www.regesta-imperii.de/id/1128-00-00_2_0_4_1_2_36_D36"
ri:1130-05-18_1_0_4_1_1_235_235,work,"RI IV,1,1 n. 235",,"Die Römer, Präfekt Hugo und dessen Brüder (fratres eius), Leo Frangipane und dessen Bruder Cencius, Stephan de Tebaldo, Albertus Ioannis de Stephano und dessen Bruder Stephan de Berizo, Heinrich, Sohn Heinrichs von S. Eustachio, und dessen Bruder Oktavian, die Richter des Sacrum Palatium, Konsuln und Volk, schildern Lothar, daß sie dem einmütig gewählten Papst Anaklet (II.) den nach Herkommen der …",available,1130,,high,"dept: RI IV; issuer: Lothar III.; place: Rom; date: 1130-05-18; source: Regesta Imperii, Akad. der Wissenschaften und der Literatur | Mainz, CC BY 4.0; retrieved 2026-10-04; https://www.regesta-imperii.de/id/1130-05-18_1_0_4_1_1_235_235"
ri:1133-00-00_1_0_4_1_1_325_325,work,"RI IV,1,1 n. 325",,"Die Herzöge Friedrich und Konrad von Staufen, von Graf Adalbert von Löwenstein gegen Herzog Welf (VI.) zu Hilfe gerufen, welcher die Burg Wartenberg belagert, erscheinen zu spät zum Entsatz; die Burg wird von Welf erobert und verbrannt.",available,1133,,medium,"dept: RI IV; issuer: Lothar III.; date range: 1133-01-01 to 1133-12-31 (year = first possible); source: Regesta Imperii, Akad. der Wissenschaften und der Literatur | Mainz, CC BY 4.0; retrieved 2026-10-04; https://www.regesta-imperii.de/id/1133-00-00_1_0_4_1_1_325_325"
ri:1134-08-15_1_0_4_1_1_413_413,work,"RI IV,1,1 n. 413",,"Lothar feiert das Fest Mariä Himmelfahrt, sammelt sein Heer zum Feldzug gegen Herzog Friedrich und dessen Bruder Konrad und bricht nach Schwaben auf.",available,1134,,high,"dept: RI IV; issuer: Lothar III.; place: Würzburg; date: 1134-08-15; source: Regesta Imperii, Akad. der Wissenschaften und der Literatur | Mainz, CC BY 4.0; retrieved 2026-10-04; https://www.regesta-imperii.de/id/1134-08-15_1_0_4_1_1_413_413"
ri:1136-08-16_2_0_4_1_1_497_497,work,"RI IV,1,1 n. 497",,"Lothar macht bekannt, daß Markgraf Albrecht (der Bär) auf Intervention Richenzas bei ihm erlangt hat (hoc apud nos obtinuit), den Kaufleuten von Magdeburg (Magdeburgensibus mercatoribus) an bestimmten Plätzen (an der Elbe), an denen sie über Gebühr beschwert wurden, den Zoll zu ermäßigen, und bestimmt auf Bescheid der Fürsten (ex decreto principum) folgende Tarife: in Elbeu von einem sehr großen S …",available,1136,,high,"dept: RI IV; issuer: Lothar III.; place: Würzburg; date: 1136-08-16; source: Regesta Imperii, Akad. der Wissenschaften und der Literatur | Mainz, CC BY 4.0; retrieved 2026-10-04; https://www.regesta-imperii.de/id/1136-08-16_2_0_4_1_1_497_497"
ri:1137-04-11_1_0_4_1_1_569_569,work,"RI IV,1,1 n. 569",,Lothar begeht das Osterfest.,available,1137,,high,"dept: RI IV; issuer: Lothar III.; place: Fermo; date: 1137-04-11; source: Regesta Imperii, Akad. der Wissenschaften und der Literatur | Mainz, CC BY 4.0; retrieved 2026-10-04; https://www.regesta-imperii.de/id/1137-04-11_1_0_4_1_1_569_569"
ri:1138-00-00_2_0_4_1_2_118_118,work,"RI IV,1,2 n. 118",,Konrad erweist dem Kloster St. Peter zu Erfurt Wohltaten.,available,1138,,medium,"dept: RI IV; issuer: Konrad III.; date range: 1138-01-01 to 1138-12-31 (year = first possible); source: Regesta Imperii, Akad. der Wissenschaften und der Literatur | Mainz, CC BY 4.0; retrieved 2026-10-04; https://www.regesta-imperii.de/id/1138-00-00_2_0_4_1_2_118_118"
ri:1140-02-09_1_0_4_1_2_171_170,work,"RI IV,1,2 n. 170",,"Konrad bestätigt ein von Abt Wibald von Stablo gegen die Bestrebungen der Ministerialen seines Klosters, die ihnen anvertrauten Ämter und Höfe als erbliche Lehen innezuhaben, auf einem Hoftag zu Lüttich erwirktes Urteil, wonach Schultheißen und Meier absetzbar sind und ihr Amt nicht erblich ist (siehe Reg. 142). Des weiteren gewährt und bestätigt er dem Kloster Stablo (Stabulensi ęcclesię), daß es …",available,1140,,high,"dept: RI IV; issuer: Konrad III.; place: Worms; date: 1140-02-09; source: Regesta Imperii, Akad. der Wissenschaften und der Literatur | Mainz, CC BY 4.0; retrieved 2026-10-04; https://www.regesta-imperii.de/id/1140-02-09_1_0_4_1_2_171_170"
ri:1143-01-00_2_0_4_1_2_262_261,work,"RI IV,1,2 n. 261",,"Konrad rät Propst Folknand von Altenmünster, der zum Abt von Lorsch gewählt wurde, in der Auseinandersetzung um diese Abtswürde mit Baldemar, Abt von Bleidenstadt, der vom päpstlichen Legaten Dietwin, Kardinalbischof von S. Rufina, abgesetzt wurde und der durch Appellation an den Papst die Anordnung einer Untersuchung des Falles durch Erzbischof Heinrich von Mainz erreicht hatte, seinerseits den P …",available,1143,,medium,"dept: RI IV; issuer: Konrad III.; place: Kelsterbach; date range: 1143-01-01 to 1143-01-31 (year = first possible); source: Regesta Imperii, Akad. der Wissenschaften und der Literatur | Mainz, CC BY 4.0; retrieved 2026-10-04; https://www.regesta-imperii.de/id/1143-01-00_2_0_4_1_2_262_261"
ri:1145-08-24_3_0_4_1_2_347_346,work,"RI IV,1,2 n. 346",,"Konrad hält einen Hoftag ab. – Auf Bitten Abt Wibalds von Stablo verzichtet Konrad darauf, gegen Abt Heinrich von Corvey ein Gerichtsverfahren einzuleiten, nachdem gegen diesen Klagen erhoben worden waren.",available,1145,,high,"dept: RI IV; issuer: Konrad III.; place: Corvey; date: 1145-08-24; source: Regesta Imperii, Akad. der Wissenschaften und der Literatur | Mainz, CC BY 4.0; retrieved 2026-10-04; https://www.regesta-imperii.de/id/1145-08-24_3_0_4_1_2_347_346"
ri:1147-02-04_1_0_4_1_2_437_435,work,"RI IV,1,2 n. 435",,"Konrad unterstellt namentlich genannte, ihm von Bischof Eberhard von Bamberg übergebene bambergische Ministerialen beiderlei Geschlechts aus dem schwäbischen Rätien (in Retia Suevię), die von Konrad von Rietfeld und Beringer von Albeck bedrückt und unrechtmäßig als bischöfliche Lehen beanspucht worden waren, dem Schutz Herzog Friedrichs (III.) von Schwaben (in manus Friderici ducis Suevię non in i …",available,1147,,high,"dept: RI IV; issuer: Konrad III.; date: 1147-02-04; source: Regesta Imperii, Akad. der Wissenschaften und der Literatur | Mainz, CC BY 4.0; retrieved 2026-10-04; https://www.regesta-imperii.de/id/1147-02-04_1_0_4_1_2_437_435"
ri:1147-10-26_2_0_4_1_2_519_517,work,"RI IV,1,2 n. 517",,"Die Kreuzfahrer ziehen sich nach Iznik zurück. Konrad vermag trotz eines unermüdlichen, seine eigene Person nicht schonenden Kampfeinsatzes, der ihm möglicherweise eine Verletzung einbringt, nicht zu verhindern, daß nach der in der Nacht vom 26. zum 27. Oktober erfolgten Vernichtung der Nachhut unter Graf Bernhard von Plötzkau viele Kreuzfahrer, vor allem Fußvolk, auf dem Rückzug durch Feindeinwir …",available,1147,,high,"dept: RI IV; issuer: Konrad III.; place: Sarhüyük (Dorylaion) – Iznik (Nicea); date: 1147-10-26; source: Regesta Imperii, Akad. der Wissenschaften und der Literatur | Mainz, CC BY 4.0; retrieved 2026-10-04; https://www.regesta-imperii.de/id/1147-10-26_2_0_4_1_2_519_517"
ri:1149-05-29_1_0_4_1_2_599_597,work,"RI IV,1,2 n. 597",,Konrad hält einen von zahlreichen Fürsten besuchten Hoftag ab.,available,1149,,high,"dept: RI IV; issuer: Konrad III.; place: Regensburg; date: 1149-05-29; source: Regesta Imperii, Akad. der Wissenschaften und der Literatur | Mainz, CC BY 4.0; retrieved 2026-10-04; https://www.regesta-imperii.de/id/1149-05-29_1_0_4_1_2_599_597"
ri:1150-09-00_2_0_4_1_2_695_f693,work,"RI IV,1,2 n. †693",,"Konrad wendet sich, da die Umstände ihn an einem persönlichen Besuch hindern, brieflich an Hildegard von Bingen, von deren spiritueller Bedeutung er gehört hat und deren geistiger Führung er, der ein weltliches Leben führt, sich anvertrauen will und deren Gebet er für sich und seinen Sohn erbittet.",available,1150,,medium,"dept: RI IV; issuer: Konrad III.; date range: 1150-10-01 to 1150-12-31 (year = first possible); source: Regesta Imperii, Akad. der Wissenschaften und der Literatur | Mainz, CC BY 4.0; retrieved 2026-10-04; https://www.regesta-imperii.de/id/1150-09-00_2_0_4_1_2_695_F693"
ri:1152-01-07_1_0_4_1_2_778_776,work,"RI IV,1,2 n. 776",,"Konrad verständigt sich mit Herzog Konrad von Zähringen, zu dem längere Zeit ein Gegensatz bestanden hatte.",available,1152,,high,"dept: RI IV; issuer: Konrad III.; date: 1152-01-07; source: Regesta Imperii, Akad. der Wissenschaften und der Literatur | Mainz, CC BY 4.0; retrieved 2026-10-04; https://www.regesta-imperii.de/id/1152-01-07_1_0_4_1_2_778_776"
ri:1152-10-13_1_0_4_2_1_135_135,work,"RI IV,2,1 n. 135",,"Friedrich hält einen allgemeinen Hoftag . Friedrich läßt auf die Klage von einigen Apuliern, die von Roger aus ihrer Heimat vertrieben worden sind, den Antritt des Italienzuges, der dem Erwerb der Kaiserkrone dienen soll, innerhalb der nächsten zwei Jahre beschwören. Entgegen seiner Vorladung (s. Reg. 95) erscheint Heinrich Jasomirgott nicht bei Hofe, so daß er erneut vorgeladen werden muß. Friedr …",available,1152,,high,"dept: RI IV; issuer: Friedrich I.; place: Würzburg; date: 1152-10-13; source: Regesta Imperii, Akad. der Wissenschaften und der Literatur | Mainz, CC BY 4.0; retrieved 2026-10-04; https://www.regesta-imperii.de/id/1152-10-13_1_0_4_2_1_135_135"
ri:1154-06-17_2_0_4_2_1_226_226,work,"RI IV,2,1 n. 226",,"Friedrich wiederholt seine Verfügung für das Stift Parc (DF. I. 81 a; Reg. 225) und gewährt ihm außerdem den Nutzgenuß der gemeinschaftlichen Wasser- und Weiderechte in den genannten Besitzungen (usum pascuę aut aquę, quę communis omnium est, ubicumque locorum eisdem concedimus). Z.: die gleichen wie in D. 81 a (Reg. 225), außerdem die Grafen Adolf (Albertus!) von Berg und sein Sohn Eberhard, Bern …",available,1154,,high,"dept: RI IV; issuer: Friedrich I.; place: Dortmund; date: 1154-06-17; source: Regesta Imperii, Akad. der Wissenschaften und der Literatur | Mainz, CC BY 4.0; retrieved 2026-10-04; https://www.regesta-imperii.de/id/1154-06-17_2_0_4_2_1_226_226"
ri:1155-06-18_1_0_4_2_1_317_d317,work,"RI IV,2,1 n. D317",,Friedrich ernennt die Avvogadri di Col di Pozzo zu Lucca zu kaiserlichen Pfalzgrafen und bestätigt ihre Rechte.,available,1155,,high,"dept: RI IV; issuer: Friedrich I.; date: 1155-06-18; source: Regesta Imperii, Akad. der Wissenschaften und der Literatur | Mainz, CC BY 4.0; retrieved 2026-10-04; https://www.regesta-imperii.de/id/1155-06-18_1_0_4_2_1_317_D317"
ri:1156-06-10_1_0_4_2_1_400_398,work,"RI IV,2,1 n. 398",,"Friedrich hält einen Hoftag . Er vermählt sich mit Beatrix, der Tochter Graf Rainalds (III.) von Hochburgund, die zuvor am Samstag nach Pfingsten (9. Juni) von Erzbischof (Hillin) von Trier in Worms zur Königin geweiht worden ist. Aus ihrer Mitgift erhält er 5000 Ritter und die Stadt Besançon und nimmt unter dem Rechtstitel seiner Frau sowohl Burgund als auch die Provence als Familieneigentum in B …",available,1156,,medium,"dept: RI IV; issuer: Friedrich I.; place: Würzburg; date range: 1156-06-10 to 1156-06-17 (year = first possible); source: Regesta Imperii, Akad. der Wissenschaften und der Literatur | Mainz, CC BY 4.0; retrieved 2026-10-04; https://www.regesta-imperii.de/id/1156-06-10_1_0_4_2_1_400_398"
ri:1157-11-03_1_0_4_2_1_498_496,work,"RI IV,2,1 n. 496",,"Friedrich schenkt dem Bischof Ulrich von Treviso (Taruisino), dessen Nachfolgern und der Kirche von Treviso (ecclesię Taruisinę) wegen seiner treuen Dienste den Zoll der Burg Montebelluna (castro montis Belunę) aus dem täglichen und dem Jahrmarkt. Z.: die Bischöfe Albert von Trient, Wilhelm von Novara, Wido von Ivrea (Ypporiensis), Lothar von Spoleto, die Herzoge Berthold von Zähringen, Matthäus v …",available,1157,,high,"dept: RI IV; issuer: Friedrich I.; place: Dole; date: 1157-11-03; source: Regesta Imperii, Akad. der Wissenschaften und der Literatur | Mainz, CC BY 4.0; retrieved 2026-10-04; https://www.regesta-imperii.de/id/1157-11-03_1_0_4_2_1_498_496"
ri:1158-09-03_1_0_4_2_2_24_582,work,"RI IV,2,2 n. 582",,"Friedrich nimmt das Kloster S. Sepolcro im Umkreis der Stadt Pavia auf Bitten des Abtes Otto mit all seinen Besitzungen in seinen Schutz und erklärt namentlich den Ort San Marzano (locum sancti Marchioni), den das Kloster rechtmäßig besitzt, von jeder Abgabe an die Piacentiner, deren Ritter von Fontana und das ganze Haus von .... frei. - Verfaßt und sicherlich auch geschrieben von RH. Notum esse v …",available,1158,,high,"dept: RI IV; issuer: Friedrich I.; place: bei der Belagerung Mailands; date: 1158-09-03; source: Regesta Imperii, Akad. der Wissenschaften und der Literatur | Mainz, CC BY 4.0; retrieved 2026-10-04; https://www.regesta-imperii.de/id/1158-09-03_1_0_4_2_2_24_582"
ri:1159-02-15_1_0_4_2_2_111_669,work,"RI IV,2,2 n. 669",,"Friedrich nimmt die Stadt Asti unter die Herrschaft des Reiches, verleiht den von ihm dort nach freiem Ermessen eingesetzten Rektoren Carioth, Robaldus Gardinus und Petrus Cortessius die namentlich angeführten Regalien (Hec itaque regalia esse dicuntur: moneta, vie publice, aquatica, flumina publica, molandina, furni, forestica, mensure, bancatica, ripatica, portus, argentarie, pedagia, piscationi …",available,1159,,high,"dept: RI IV; issuer: Friedrich I.; place: Marengo; date: 1159-02-15; source: Regesta Imperii, Akad. der Wissenschaften und der Literatur | Mainz, CC BY 4.0; retrieved 2026-10-04; https://www.regesta-imperii.de/id/1159-02-15_1_0_4_2_2_111_669"
ri:1159-10-23_4_0_4_2_2_210_768,work,"RI IV,2,2 n. 768",,"Friedrich lädt die beiden aus der Papstwahl vom September hervorgegangenen Päpste zur Klärung der Rechtmäßigkeit ihrer Wahl auf die Oktav nach Epiphanie (= 1160 Januar 13) nach Pavia und entsendet auf Anraten von 22 Bischöfen und anderen Geistlichen, darunter dem Erzbischof (Petrus) von Tarentaise, den Äbten (Lambert) von Cîteaux, (Fastradus) von Clairvaux, Heinrich von Lorsch und (Odo) von Morimo …",available,1159,,high,"dept: RI IV; issuer: Friedrich I.; place: vor Crema; date: 1159-10-23; source: Regesta Imperii, Akad. der Wissenschaften und der Literatur | Mainz, CC BY 4.0; retrieved 2026-10-04; https://www.regesta-imperii.de/id/1159-10-23_4_0_4_2_2_210_768"
ri:1160-04-00_1_0_4_2_2_308_866,work,"RI IV,2,2 n. 866",,"Friedrich kommt mit seinen Rittern nach Lodi, wo er den Lodesen in der Volksversammlung (concio) abermals Lob für ihr tapferes Verhalten angesichts des abgewehrten, mailändischen Angriffs (vgl. Reg. 857) zollt. Er ordnet aber gleichzeitig an, daß künftig nur mehr die Stadt selbst, nicht aber die außerhalb derselben gelegenen Äcker verteidigt werden sollen, da sonst der Verlust der Stadt drohe.",available,1160,,medium,"dept: RI IV; issuer: Friedrich I.; place: Lodi; date range: 1160-04-01 to 1160-04-30 (year = first possible); source: Regesta Imperii, Akad. der Wissenschaften und der Literatur | Mainz, CC BY 4.0; retrieved 2026-10-04; https://www.regesta-imperii.de/id/1160-04-00_1_0_4_2_2_308_866"
ri:1161-06-00_2_0_4_2_2_395_953,work,"RI IV,2,2 n. 953",,Friedrich zieht mit wenigen seiner Fürsten zu der von Papst Viktor IV. festgelegten Kirchenversammlung nach Lodi.,available,1161,,medium,"dept: RI IV; issuer: Friedrich I.; place: Lodi; date range: 1161-06-01 to 1161-06-30 (year = first possible); source: Regesta Imperii, Akad. der Wissenschaften und der Literatur | Mainz, CC BY 4.0; retrieved 2026-10-04; https://www.regesta-imperii.de/id/1161-06-00_2_0_4_2_2_395_953"
ri:1162-03-30_1_0_4_2_2_489_1047,work,"RI IV,2,2 n. 1047",,"Auf Befragen Friedrichs spricht sich Erzbischof Eberhard von Salzburg vor zwei Kardinälen Oktavians (Viktors IV.), zwölf Bischöfen und anderen Fürsten für Papst Alexander III. aus, dennoch wird er nicht weiter unter Druck gesetzt.",available,1162,,high,"dept: RI IV; issuer: Friedrich I.; place: Mailand; date: 1162-03-30; source: Regesta Imperii, Akad. der Wissenschaften und der Literatur | Mainz, CC BY 4.0; retrieved 2026-10-04; https://www.regesta-imperii.de/id/1162-03-30_1_0_4_2_2_489_1047"
ri:1162-09-07_2_0_4_2_2_587_1145,work,"RI IV,2,2 n. 1145",,"Friedrich teilt dem Klerus und allen Angehörigen der Kirche von Genf (omnibus casatis et militibus et burgensibus atque civibus et cęteris omnibus tam minoribus quam maioribus ad episcopatum Gebennensem pertinentibus) mit, er habe nach dem von Bischof Heinrich von Würzburg gefällten Fürstenspruch der Klage des Bischofs Arducius von Genf wegen der Entfremdung der Regalien seiner Kirche durch Herzog …",available,1162,,high,"dept: RI IV; issuer: Friedrich I.; place: Saint-Jean-de-Losne; date: 1162-09-07; source: Regesta Imperii, Akad. der Wissenschaften und der Literatur | Mainz, CC BY 4.0; retrieved 2026-10-04; https://www.regesta-imperii.de/id/1162-09-07_2_0_4_2_2_587_1145"
ri:1163-09-01_1_0_4_2_2_671_1229,work,"RI IV,2,2 n. 1229",,"Der Kleriker Friedrich, genannt Scholaster (magister scholarum), wird von Bischof (Heinrich) von Lüttich nach Mailand entsandt, um Petrus de Cumino als Amtsträger des Reiches (vgl. Reg. 1124) abzulösen, da dieser die Mailänder schlecht behandelt hat. Der neue Amtsträger setzt jedoch noch härtere Maßnahmen.",available,1163,,high,"dept: RI IV; issuer: Friedrich I.; date: 1163-09-01; source: Regesta Imperii, Akad. der Wissenschaften und der Literatur | Mainz, CC BY 4.0; retrieved 2026-10-04; https://www.regesta-imperii.de/id/1163-09-01_1_0_4_2_2_671_1229"
ri:1164-03-00_3_0_4_2_2_766_1324,work,"RI IV,2,2 n. 1324",,"Hoftag : Vor Friedrich erscheint Stephan (IV.), der Bruder des verstorbenen Königs (Geisa II.) von Ungarn, und bietet ihm für die Übertragung des Königtums einen Jahreszins von 3000 Mark, doch zerschlägt sich die Angelegenheit.",available,1164,,medium,"dept: RI IV; issuer: Friedrich I.; place: Parma; date range: 1164-03-01 to 1164-03-31 (year = first possible); source: Regesta Imperii, Akad. der Wissenschaften und der Literatur | Mainz, CC BY 4.0; retrieved 2026-10-04; https://www.regesta-imperii.de/id/1164-03-00_3_0_4_2_2_766_1324"
ri:1164-10-00_1_0_4_2_2_859_d1417,work,"RI IV,2,2 n. D1417",,"Friedrich bestätigt den Vicedomini zu Como ihre Besitzungen und Rechte, darunter die Landleihen (de livellis) gemäß dem zu Roncaglia gefällten Spruch (Reg. 611). - Verfaßt von RG.",available,1164,,medium,"dept: RI IV; issuer: Friedrich I.; date range: 1164-10-01 to 1164-10-31 (year = first possible); source: Regesta Imperii, Akad. der Wissenschaften und der Literatur | Mainz, CC BY 4.0; retrieved 2026-10-04; https://www.regesta-imperii.de/id/1164-10-00_1_0_4_2_2_859_D1417"
ri:1165-10-00_1_0_4_2_2_961_1519,work,"RI IV,2,2 n. 1519",,"Dem Kaiser und seiner Gemahlin Beatrix wird ein Sohn geboren, der den Namen Heinrich erhält.",available,1165,,medium,"dept: RI IV; issuer: Friedrich I.; place: Nimwegen; date range: 1165-10-01 to 1165-10-31 (year = first possible); source: Regesta Imperii, Akad. der Wissenschaften und der Literatur | Mainz, CC BY 4.0; retrieved 2026-10-04; https://www.regesta-imperii.de/id/1165-10-00_1_0_4_2_2_961_1519"
ri:1166-11-00_4_0_4_2_2_1042_1599,work,"RI IV,2,2 n. 1599",,"Friedrich kommt, nachdem er seine Truppen außerhalb der Stadt zurückgelassen hat, mit seiner Gemahlin und vielen deutschen und lombardischen Fürsten, darunter Bischof Daniel von Prag, nach Lodi, wo auf einem großen Hoftag (maximum colloquium) die Romfahrt mit dem ganzen Heer beschlossen wird. Zahlreiche Bischöfe, Markgrafen, Grafen, Capitanei, Große und auch einfaches Volk der Lombardei erheben vo …",available,1166,,medium,"dept: RI IV; issuer: Friedrich I.; place: Lodi; date range: 1166-11-01 to 1166-11-30 (year = first possible); source: Regesta Imperii, Akad. der Wissenschaften und der Literatur | Mainz, CC BY 4.0; retrieved 2026-10-04; https://www.regesta-imperii.de/id/1166-11-00_4_0_4_2_2_1042_1599"
ri:1167-07-31_1_0_4_2_2_1134_d1689,work,"RI IV,2,2 n. D1689",,Friedrich erläßt ein Edikt über die Zinseintreibung zugunsten des Straßburger Domkapitels analog seiner Urkunde für St. Thomas in Straßburg (DF. I. 394 = Reg. 1184).,available,1167,,high,"dept: RI IV; issuer: Friedrich I.; date: 1167-07-31; source: Regesta Imperii, Akad. der Wissenschaften und der Literatur | Mainz, CC BY 4.0; retrieved 2026-10-04; https://www.regesta-imperii.de/id/1167-07-31_1_0_4_2_2_1134_D1689"
ri:1168-04-24_1_0_4_2_3_10_1785,work,"RI IV,2,3 n. 1785",,"Die Städte der Lega Lombarda gründen mit wesentlicher Unterstützung seitens der Cremonesen gegen den honor des Kaisers und des Reiches aus den drei Orten Gamondo, Marengo und Bergoglio (so in MG.DF.I.895) die Stadt Alessandria.",available,1168,,medium,"dept: RI IV; issuer: Friedrich I.; place: Lodi; date range: 1168-04-24 to 1168-05-03 (year = first possible); source: Regesta Imperii, Akad. der Wissenschaften und der Literatur | Mainz, CC BY 4.0; retrieved 2026-10-04; https://www.regesta-imperii.de/id/1168-04-24_1_0_4_2_3_10_1785"
ri:1170-02-00_1_0_4_2_3_144_1919,work,"RI IV,2,3 n. 1919",,"Friedrich führt Verhandlungen mit König Ludwig (VII.) von Frankreich über ein Ehebündnis und schlägt vor, die Tochter des Kapetingers seinem Sohn zur Frau zu geben.",available,1170,,medium,"dept: RI IV; issuer: Friedrich I.; date range: 1170-02-01 to 1170-02-28 (year = first possible); source: Regesta Imperii, Akad. der Wissenschaften und der Literatur | Mainz, CC BY 4.0; retrieved 2026-10-04; https://www.regesta-imperii.de/id/1170-02-00_1_0_4_2_3_144_1919"
ri:1172-04-00_1_0_4_2_3_205_1980,work,"RI IV,2,3 n. 1980",,"Bischof Hermann von Bamberg beurkundet die Beilegung des langjährigen Streites zwischen seiner und der Würzburger Kirche über die von seinem Vorgänger, Bischof Otto von Bamberg, vorgenommene Gründung des Stiftes Tückelhausen, das teils auf Würzburger, teils auf Bamberger Grund und Boden gestiftet wurde, indem er bei einer Zusammenkunft mit Bischof Reinhard von Würzburg und Propst Heinrich von Tück …",available,1172,,medium,"dept: RI IV; issuer: Friedrich I.; place: (Würzburg?); date range: 1172-04-01 to 1172-04-30 (year = first possible); source: Regesta Imperii, Akad. der Wissenschaften und der Literatur | Mainz, CC BY 4.0; retrieved 2026-10-04; https://www.regesta-imperii.de/id/1172-04-00_1_0_4_2_3_205_1980"
ri:1174-03-00_1_0_4_2_3_288_2061,work,"RI IV,2,3 n. 2061",,"Friedrich bestätigt dem Stift Neumünster zu Würzburg (honorabili ecclesię sancti Kiliani de Nouo Monasterio in Wirzeburg) auf Bitten Wichers und Winthers die Schenkungen des Kanonikers dieses Stiftes Wolfram, die dieser durch die beiden Genannten an das Stift hat übergeben lassen und die nach dem Tode Wolframs in seine (= des Kaisers) Verfügungsgewalt gekommen sind.",available,1174,,medium,"dept: RI IV; issuer: Friedrich I.; place: Fulda (apud Fvldam); date range: 1174-03-01 to 1174-03-31 (year = first possible); source: Regesta Imperii, Akad. der Wissenschaften und der Literatur | Mainz, CC BY 4.0; retrieved 2026-10-04; https://www.regesta-imperii.de/id/1174-03-00_1_0_4_2_3_288_2061"
ri:1175-11-06_1_0_4_2_3_383_d2155,work,"RI IV,2,3 n. D2155",,"Friedrich läßt die Sentenz über den Friedensschluß zwischen Pisa und Lucca (und Genua), in der die Teilung von Sardinien, die Zerstörung der Burg Viareggio und das Verbot für die Pisaner, Luccheser Münzen zu schlagen, enthalten ist, beurkunden und am 6. November in Gegenwart der Fürsten öffentlich verlesen. Aus diesem Anlaß sind die Pisaner Gesandten, Konsul Marzucco, die erwählten Konsuln Alcheri …",available,1175,,high,"dept: RI IV; issuer: Friedrich I.; place: Roccha nova in der Lombardei; date: 1175-11-06; source: Regesta Imperii, Akad. der Wissenschaften und der Literatur | Mainz, CC BY 4.0; retrieved 2026-10-04; https://www.regesta-imperii.de/id/1175-11-06_1_0_4_2_3_383_D2155"
ri:1177-05-23_1_0_4_2_3_477_2249,work,"RI IV,2,3 n. 2249",,"Papst Alexander (III.) urkundet für das Kloster St. Johannes zu Steingaden, wobei er Abt K(onrad) auf Bitten Herzog Welfs (VI.) für sein auf Eigengut errichtetes Kloster, in welchem sein Sohn (Welf VII.) begraben ist und das auch er sich als Begräbnisstätte auserwählt hat, nachsieht, daß es, obwohl es zur Augsburger Diözese gehöre — die allerdings im Schisma gegen den Papst stehe (Aug[ustensis] es …",available,1177,,high,"dept: RI IV; issuer: Friedrich I.; place: am Rialto zu Venedig; date: 1177-05-23; source: Regesta Imperii, Akad. der Wissenschaften und der Literatur | Mainz, CC BY 4.0; retrieved 2026-10-04; https://www.regesta-imperii.de/id/1177-05-23_1_0_4_2_3_477_2249"
ri:1177-12-02_1_0_4_2_3_574_2346,work,"RI IV,2,3 n. 2346",,"Friedrich nimmt die Kollegiatkirche San Severino (Marche) mit allen Besitzungen, darunter namentlich die Kirche des hl. Nikolaus in Monte Acuto, und den Prior Albert in seinen Schutz und befreit sie von allen Abgaben (aliquibus exactionibus, angaria vel perangaria vel quolibet alio exactionis modo) an Markgrafen, Grafen, Konsuln oder andere Personen. — Verfaßt von Burkhard, wobei Anklänge an das D …",available,1177,,high,"dept: RI IV; issuer: Friedrich I.; place: in der Grafschaft Osimo; date: 1177-12-02; source: Regesta Imperii, Akad. der Wissenschaften und der Literatur | Mainz, CC BY 4.0; retrieved 2026-10-04; https://www.regesta-imperii.de/id/1177-12-02_1_0_4_2_3_574_2346"
ri:1178-09-00_2_0_4_2_3_668_2440,work,"RI IV,2,3 n. 2440",,"Friedrich bestätigt auf einem Hoftag im Eichenwald bei Bonnay (Bonay) im Zusammenhang mit einem Rechtsstreit zwischen dem Abt von Bellevaux und den Leuten von Authoisson (Alteson) in Gegenwart des Herrn Ulrich von Besançon und des Reichslegaten für Burgund, des Magisters Daniel, das vorher durch den Reichslegaten zu Authoisson gefällte Urteil (= Reg. 2439: quod dominus imperator super universam Bu …",available,1178,,medium,"dept: RI IV; issuer: Friedrich I.; place: im Eichenwald bei Bonnay (Bonay); date range: 1178-09-01 to 1178-09-30 (year = first possible); source: Regesta Imperii, Akad. der Wissenschaften und der Literatur | Mainz, CC BY 4.0; retrieved 2026-10-04; https://www.regesta-imperii.de/id/1178-09-00_2_0_4_2_3_668_2440"
ri:1180-02-15_1_0_4_2_3_766_2537,work,"RI IV,2,3 n. 2537",,"Papst Alexander (III.) ermahnt Kaiser Friedrich, den mit Erzbischof (Wichmann) von Magdeburg abgeschlossenen Tausch, bei dem der Kaiser für die Abtei Nienburg die Burg Schönburg und das Dorf Oberwesel samt Zugehör erhalten hatte, wieder rückgängig zu machen, da der Tausch bzw. die Erwerbung von spiritualia gegen temporalia dem Vergehen der Simonie gleichkomme (Sane cum non debeant spiritualia temp …",available,1180,,high,"dept: RI IV; issuer: Friedrich I.; place: Velletri; date: 1180-02-15; source: Regesta Imperii, Akad. der Wissenschaften und der Literatur | Mainz, CC BY 4.0; retrieved 2026-10-04; https://www.regesta-imperii.de/id/1180-02-15_1_0_4_2_3_766_2537"
ri:1181-00-00_154_0_4_4_2_931_2097,work,"RI IV,4,4,2 n. 2097",,"Lucius III. bestätigt Dekan (Wilhelm) und dem Kapitel von St-Oûtrille in Bourges (decano et capitulo beati Austregisili Bituricensis) das unter dem damaligen Erzbischof S(tephan) von Bourges (S. quondam Bituricensis archiepiscopi) errichtete Statut über die Begrenzung des Kapitels auf 20 Kanoniker, ihre Konstitution über die Zahlungen zur Matutin sowie die unter dem damaligen Erzbischof P(eter) (P …",available,1181,,medium,"dept: RI IV; issuer: Lucius III.; date range: 1181-01-01 to 1181-12-31 (year = first possible); source: Regesta Imperii, Akad. der Wissenschaften und der Literatur | Mainz, CC BY 4.0; retrieved 2026-10-04; https://www.regesta-imperii.de/id/1181-00-00_154_0_4_4_2_931_2097"
ri:1181-00-00_234_0_4_4_2_1011_2177,work,"RI IV,4,4,2 n. 2177",,"(Lucius III.) beauftragt Bischof Johannes von Évreux sowie die Äbte Viktor von St-Georges-de-Boscherville (Erzd. Rouen) und Simon von Conches (D. Évreux) (Iohannes ... episcopus Ebroicenc., Victor sancti Georgii et Simon de Conchis abbates), den Streit zwischen Abt (Radulf) und den Mönchen von St-Evroult (abbatem et monachos sancti Ebrulfi) (D. Lisieux) und Ric(hard), dem Priester der Kirche (St-M …",available,1181,,medium,"dept: RI IV; issuer: Lucius III.; date range: 1181-01-01 to 1181-12-31 (year = first possible); source: Regesta Imperii, Akad. der Wissenschaften und der Literatur | Mainz, CC BY 4.0; retrieved 2026-10-04; https://www.regesta-imperii.de/id/1181-00-00_234_0_4_4_2_1011_2177"
ri:1181-00-00_317_0_4_4_2_1094_2260,work,"RI IV,4,4,2 n. 2260",,(Lucius III.) gewährt dem Stift St Mary und St Leonard in Thoby (ecclesie beate Marie et sancti Leonardi de Ginges) (D. London) gewisse Indulgenzen.,available,1181,,medium,"dept: RI IV; issuer: Lucius III.; date range: 1181-01-01 to 1181-12-31 (year = first possible); source: Regesta Imperii, Akad. der Wissenschaften und der Literatur | Mainz, CC BY 4.0; retrieved 2026-10-04; https://www.regesta-imperii.de/id/1181-00-00_317_0_4_4_2_1094_2260"
ri:1181-00-00_3_0_4_4_2_197_1363,work,"RI IV,4,4,2 n. 1363",,"Lucius III. beauftragt Abt Stephan von St-Père-en-Vallée in Chartres (Stephanus ... sancti Petri Carnoti ... minister), den Streit zwischen den Mönchen von Coulombs (D. Chartres) und den Leprosen von Le Grand Beaulieu (bei Chartres) (inter monachos Columbenses et leprosos de Bello Loco) um genannte Orte anzuhören und durch Urteil oder Vergleich zu beenden.",available,1181,,medium,"dept: RI IV; issuer: Lucius III.; date range: 1181-01-01 to 1184-12-31 (year = first possible); source: Regesta Imperii, Akad. der Wissenschaften und der Literatur | Mainz, CC BY 4.0; retrieved 2026-10-04; https://www.regesta-imperii.de/id/1181-00-00_3_0_4_4_2_197_1363"
ri:1181-04-18_2_0_4_2_4_9_2588,work,"RI IV,2,4 n. 2588",,"Friedrich verkündet dem Klerus und dem Volk von Metz, dass er auf Bitten Bischof Bertrams von Metz die von diesem mit Zustimmung des Klerus und des Volkes von Metz erlassene Schöffenordnung (de magisterio scabinatus), die im Gegensatz zu den bisherigen Verhältnissen einen jährlichen Wechsel im Schöffenamt vorsieht, bestätigt. – Verfasst unter Heranziehung der Schöffenordnung Bischof Bertrams von M …",available,1181,,high,"dept: RI IV; issuer: Friedrich I.; place: Konstanz (XIIIIo kalendas maii, Constancie); date: 1181-04-18; source: Regesta Imperii, Akad. der Wissenschaften und der Literatur | Mainz, CC BY 4.0; retrieved 2026-10-04; https://www.regesta-imperii.de/id/1181-04-18_2_0_4_2_4_9_2588"
ri:1181-11-19_1_0_4_4_1_23_23,work,"RI IV,4,4,1 n. 23",,"Lucius III. bestätigt den Kanonikern der bischöflichen Kirche in Toul (vobis) die Zehnten, die Papst Leo IX. und der Hl. Gerhard (beatus Leo papa nonus et sanctus Girardus) ihnen zum Nutzen der Armen gegeben haben, sowie alle anderen Schenkungen.",available,1181,,high,"dept: RI IV; issuer: Lucius III.; date: 1181-11-19; source: Regesta Imperii, Akad. der Wissenschaften und der Literatur | Mainz, CC BY 4.0; retrieved 2026-10-04; https://www.regesta-imperii.de/id/1181-11-19_1_0_4_4_1_23_23"
ri:1182-00-00_7_0_4_4_1_431_431,work,"RI IV,4,4,1 n. 431",,"Lucius III. schreibt Dekan (Michael) und dem Kapitel von Meaux (decano et capitulo Meldensi), durch Alexander (III.) sei ihrem Kanoniker Her(veus) (Her. concanonicum vestrum), der zuvor Kleriker des (Kardinal)bischofs B(ernered) von Palestrina (B. Prenestini episcopi) war, ein ganzes Benefizium zugewiesen worden; wie er jetzt erfahre, habe dieser aber noch nichts, wo er schlafen und seinen kirchli …",available,1182,,medium,"dept: RI IV; issuer: Lucius III.; date range: 1182-01-01 to 1182-12-31 (year = first possible); source: Regesta Imperii, Akad. der Wissenschaften und der Literatur | Mainz, CC BY 4.0; retrieved 2026-10-04; https://www.regesta-imperii.de/id/1182-00-00_7_0_4_4_1_431_431"
ri:1182-03-06_2_0_4_4_1_163_163,work,"RI IV,4,4,1 n. 163",,"Lucius III. teilt Bischof (Didacus) von Avila, Bischof (Ardericus) von Sigüenza und dem Abt von (San Martin de) Valdeiglesias (Abulensi et Seguntino episcopis et ... abbati Vallis Ecclesiarum) mit, daß sich der Elekt P(eter de Cardona) von Toledo (P. Toletanus electus) bei ihm eingefunden und vorgebracht habe, daß die Brüder von Calatrava und die Brüder des Jacobusordens (fratres de Calatrava et f …",available,1182,,high,"dept: RI IV; issuer: Lucius III.; place: Rom, Lateran; date: 1182-03-06; source: Regesta Imperii, Akad. der Wissenschaften und der Literatur | Mainz, CC BY 4.0; retrieved 2026-10-04; https://www.regesta-imperii.de/id/1182-03-06_2_0_4_4_1_163_163"
ri:1182-05-21_2_0_4_4_1_239_239,work,"RI IV,4,4,1 n. 239",,"Lucius III. untersagt Erzbischof R(ichard) und Archidiakon Herbert von Canterbury sowie deren Offizialen (fratri R. archiepiscopo ... Hereberto archidiacono Cantuariensi et officialibus eorum), Maßnahmen gegen den Besitz des Klosters St Augustine in Canterbury (sancti Augustini Cantuariensis), dessen Leute, Kleriker oder Kirchen zu ergreifen, solange der Streit um dessen Privilegien, die der Erzbi …",available,1182,,high,"dept: RI IV; issuer: Lucius III.; place: Velletri; date: 1182-05-21; source: Regesta Imperii, Akad. der Wissenschaften und der Literatur | Mainz, CC BY 4.0; retrieved 2026-10-04; https://www.regesta-imperii.de/id/1182-05-21_2_0_4_4_1_239_239"
ri:1182-09-00_2_0_4_2_4_90_2669,work,"RI IV,2,4 n. 2669",,"Friedrich bestätigt den Juden von Regensburg gemäß seiner Pflicht zur Obsorge für die zur kaiserlichen Kammer gehörenden Juden im Reich ihre althergebrachten Privilegien, darunter den Handel mit Gold, Silber und anderen Metallen sowie mit Handelsgütern aller Art. – Wohl von Robert verfasst, dessen Diktat die Arenga entspricht. Offitium est imperatoriae.",available,1182,,medium,"dept: RI IV; issuer: Friedrich I.; place: (Regensburg); date range: 1182-09-01 to 1182-09-30 (year = first possible); source: Regesta Imperii, Akad. der Wissenschaften und der Literatur | Mainz, CC BY 4.0; retrieved 2026-10-04; https://www.regesta-imperii.de/id/1182-09-00_2_0_4_2_4_90_2669"
ri:1182-12-07_1_0_4_4_1_398_398,work,"RI IV,4,4,1 n. 398",,"Lucius III. nimmt Propst Erembortus und die Brüder der Kirche St. Jakob von Arolsen (Eremborto preposito ecclesie sancti Jacobi in Aroldesenn eiusque fratribus) auf deren Bitten in den päpstlichen Schutz, bestätigt die Augustinerregel und genannte Besitzungen, gewährt das Aufnahmerecht, verbietet, das Stift nach abgelegter Profeß unerlaubt zu verlassen außer beim Wechsel zu einem strengeren Orden, …",available,1182,,high,"dept: RI IV; issuer: Lucius III.; place: Velletri; date: 1182-12-07; source: Regesta Imperii, Akad. der Wissenschaften und der Literatur | Mainz, CC BY 4.0; retrieved 2026-10-04; https://www.regesta-imperii.de/id/1182-12-07_1_0_4_4_1_398_398"
ri:1183-01-14_1_0_4_4_1_451_451,work,"RI IV,4,4,1 n. 451",,"Lucius III. bestätigt dem Kleriker B. (B. clerico) auf dessen Bitten, daß er der Kirche St-Paul (zu Paris) (ecclesie sancti Pauli) ein Haus vorbehaltlich des Zinses des Priorats von St-Éloi in Paris (prioratus sancti Eligii Parisiensis) geschenkt hat.",available,1183,,high,"dept: RI IV; issuer: Lucius III.; place: Velletri; date: 1183-01-14; source: Regesta Imperii, Akad. der Wissenschaften und der Literatur | Mainz, CC BY 4.0; retrieved 2026-10-04; https://www.regesta-imperii.de/id/1183-01-14_1_0_4_4_1_451_451"
ri:1183-03-19_1_0_4_4_1_533_533,work,"RI IV,4,4,1 n. 533",,"Lucius III. schreibt Bischof Roger von Laon (Rogero Laudunensi episcopo), der berichtete, Bischof Bartholomäus (Bartholomeus predecessor tuus) habe, weil es sehr schwierig sei, Kanoniker zum Empfang der Priesterweihe zu bewegen, bestimmt, daß 7 Präbenden nur an Priester vergeben werden dürfen, und bestätigt deren von Roger vorgenommene Erhöhung auf 12 Präbenden, die angesichts von mehr als 80 Kano …",available,1183,,high,"dept: RI IV; issuer: Lucius III.; place: Velletri; date: 1183-03-19; source: Regesta Imperii, Akad. der Wissenschaften und der Literatur | Mainz, CC BY 4.0; retrieved 2026-10-04; https://www.regesta-imperii.de/id/1183-03-19_1_0_4_4_1_533_533"
ri:1183-04-30_3_0_4_4_1_626_626,work,"RI IV,4,4,1 n. 626",,"Lucius III. gewährt, da ihr Kloster ihm besonders zugehört, Abt A(storgius) und dem Kapitel von (St-Victor) in Marseille (A. abbati et capitulo Massiliensi), daß niemand, vorbehaltlich eines apostolischen Privilegs, innerhalb ihrer Pfarreien ohne ihre und des Bischofs Zustimmung eine Kirche bauen darf.",available,1183,,high,"dept: RI IV; issuer: Lucius III.; place: Velletri; date: 1183-04-30; source: Regesta Imperii, Akad. der Wissenschaften und der Literatur | Mainz, CC BY 4.0; retrieved 2026-10-04; https://www.regesta-imperii.de/id/1183-04-30_3_0_4_4_1_626_626"
ri:1183-05-25_2_0_4_4_1_707_707,work,"RI IV,4,4,1 n. 707",,"(Lucius III.) beauftragt (Erzbischof Arnold von Trier) (missis ad nos litteris), die über Herzog S(imon II. von Lothringen) (ducem S.) durch Bischof (Peter) von Toul (domini Tullensis) verhängte Exkommunikation zu bestätigen.",available,1183,,high,"dept: RI IV; issuer: Lucius III.; date: 1183-05-25; source: Regesta Imperii, Akad. der Wissenschaften und der Literatur | Mainz, CC BY 4.0; retrieved 2026-10-04; https://www.regesta-imperii.de/id/1183-05-25_2_0_4_4_1_707_707"
ri:1183-07-19_1_0_4_4_1_768_768,work,"RI IV,4,4,1 n. 768",,"Lucius III. nimmt Abt Egelolfus und die Brüder des Klosters Ebersheim (Egelolfo abbati monasterii sanctorum Petri et Pauli atque Mauricii de Ebersheim eiusque fratribus) auf deren Bitten in den päpstlichen Schutz, bestätigt die Benediktinerregel sowie genannte Besitzungen und die Schenkungen genannter Personen, befreit sie vom Zehnten für Neubrüche bei Eigenbau und für Tierfutter, gewährt das Aufn …",available,1183,,high,"dept: RI IV; issuer: Lucius III.; place: Segni; date: 1183-07-19; source: Regesta Imperii, Akad. der Wissenschaften und der Literatur | Mainz, CC BY 4.0; retrieved 2026-10-04; https://www.regesta-imperii.de/id/1183-07-19_1_0_4_4_1_768_768"
ri:1183-11-11_1_0_4_4_1_851_851,work,"RI IV,4,4,1 n. 851",,"Lucius III. bestätigt dem Prior und den Brüdern von S. Orso (in Aosta) (priori et fratribus ecclesie sancti Ursi) auf deren Bitten den durch Vermittlung Erzbischof Haimos von Tarentaise (zu Moûtiers) (Haimonem Tarentasiensem archiepiscopum) zwischen ihnen und dem Bischof (Guigo) von Aosta (Augustensem episcopum) über die Kirchen S. Maria zu Villeneuve, zu St-Pierre, S. Stefano zu Gressan und S. Sa …",available,1183,,high,"dept: RI IV; issuer: Lucius III.; place: Anagni; date: 1183-11-11; source: Regesta Imperii, Akad. der Wissenschaften und der Literatur | Mainz, CC BY 4.0; retrieved 2026-10-04; https://www.regesta-imperii.de/id/1183-11-11_1_0_4_4_1_851_851"
ri:1184-01-00_1_0_4_2_4_169_2748,work,"RI IV,2,4 n. 2748",,"Bischof Heinrich von Straßburg fällt in Gegenwart Kaiser Friedrichs (Residentibus nobis in presentia domini nostri imperatoris) und anderer Bischöfe und Mitbrüder sowie zahlreicher Edelfreier auf Klagen Bischof Rogers von Lausanne gegen den Kaiser, der in der Zeit seines Vorgängers, Bischof Amadeus’ von Lausanne, die Stellung von dessen Kirche in Abwesenheit des damaligen Bischofs und ohne dass di …",available,1180,,medium,"dept: RI IV; issuer: Friedrich I.; place: (Straßburg); date range: 1180-12-18 to 1186-12-31 (year = first possible); source: Regesta Imperii, Akad. der Wissenschaften und der Literatur | Mainz, CC BY 4.0; retrieved 2026-10-04; https://www.regesta-imperii.de/id/1184-01-00_1_0_4_2_4_169_2748"
ri:1184-03-18_3_0_4_4_1_1000_1000,work,"RI IV,4,4,1 n. 1000",,"Lucius III. bestätigt Abt Johannes und dem Konvent von St-Hubert (Iohanni abbati et conventui sancti Huberti) auf deren Bitten die im einzelnen angeführten Besitzungen und Einkünfte ihrer Zelle St-Michel in Cons-la-Grandville (cellule vestre, que appellatur sancti Michaelis de Cons).",available,1184,,high,"dept: RI IV; issuer: Lucius III.; place: Anagni; date: 1184-03-18; source: Regesta Imperii, Akad. der Wissenschaften und der Literatur | Mainz, CC BY 4.0; retrieved 2026-10-04; https://www.regesta-imperii.de/id/1184-03-18_3_0_4_4_1_1000_1000"
ri:1184-05-01_1_0_4_4_1_1091_1091,work,"RI IV,4,4,1 n. 1091",,"Lucius III. nimmt Meister Galindus und die Brüder des Almosenhauses in Huesca (Galindo magistro et fratribus helemosinarie domus Oscensis ecclesie) auf deren Bitten in den päpstlichen Schutz und bestätigt die Besitzungen, die ihnen die Bischöfe Garcia, Peter und Stephan von Huesca (bone memorie Garsia, Petrus et Stephanus quondam Oscenses episcopi) übertragen haben.",available,1184,,high,"dept: RI IV; issuer: Lucius III.; place: Veroli; date: 1184-05-01; source: Regesta Imperii, Akad. der Wissenschaften und der Literatur | Mainz, CC BY 4.0; retrieved 2026-10-04; https://www.regesta-imperii.de/id/1184-05-01_1_0_4_4_1_1091_1091"
ri:1184-07-08_2_0_4_4_1_1163_1163,work,"RI IV,4,4,1 n. 1163",,Lucius III. weiht die Kirche S. Pietro zu Adria.,available,1184,,high,"dept: RI IV; issuer: Lucius III.; date: 1184-07-08; source: Regesta Imperii, Akad. der Wissenschaften und der Literatur | Mainz, CC BY 4.0; retrieved 2026-10-04; https://www.regesta-imperii.de/id/1184-07-08_2_0_4_4_1_1163_1163"
ri:1184-09-07_2_0_4_4_2_595_1761,work,"RI IV,4,4,2 n. 1761",,Lucius III. nimmt Abt (Peter) und die Brüder von Loc-Dieu (abbati et fratribus de Loco Dei) (D. Rodez) auf deren Bitten in den päpstlichen Schutz und bestätigt den genannten Besitz.,available,1184,,high,"dept: RI IV; issuer: Lucius III.; place: Verona; date: 1184-09-07; source: Regesta Imperii, Akad. der Wissenschaften und der Literatur | Mainz, CC BY 4.0; retrieved 2026-10-04; https://www.regesta-imperii.de/id/1184-09-07_2_0_4_4_2_595_1761"
ri:1184-10-12_1_0_4_4_2_666_1832,work,"RI IV,4,4,2 n. 1832",,"Lucius III. bestätigt Abt (Simon) und den Brüdern von Savigny (abbati et fratribus de Savigneio) (D. Avranches) auf deren Bitten das Patronat der Kirche von Sourdeval (de Surdavalle) mit zwei Zehntanteilen der Früchte (cum duabus garbis frugum), die Ruellenus von Sourdeval (Ruellenus de Surdavalle) zusammen mit sich selbst dem Kloster übertragen hat.",available,1184,,high,"dept: RI IV; issuer: Lucius III.; place: Verona; date: 1184-10-12; source: Regesta Imperii, Akad. der Wissenschaften und der Literatur | Mainz, CC BY 4.0; retrieved 2026-10-04; https://www.regesta-imperii.de/id/1184-10-12_1_0_4_4_2_666_1832"
ri:1184-11-00_2_0_4_4_2_479_1645,work,"RI IV,4,4,2 n. 1645",,"Lucius III. befiehlt dem Patriarchen (Heraklius) von Jerusalem (patriarche Jerusolimitano) peremptorisch, sich persönlich oder durch Vertreter einer Untersuchung an der Kurie zu stellen wegen des Streits zwischen ihm und (dem Patriarchen von) Antiochia (Antiochenam ecclesia[m]) um die kirchliche Zugehörigkeit der Erzbistümer Tyrus und Petra (Tirensi et Petertensi archiepiscopatibus).",available,1184,,medium,"dept: RI IV; issuer: Lucius III.; date range: 1184-11-01 to 1185-05-31 (year = first possible); source: Regesta Imperii, Akad. der Wissenschaften und der Literatur | Mainz, CC BY 4.0; retrieved 2026-10-04; https://www.regesta-imperii.de/id/1184-11-00_2_0_4_4_2_479_1645"
ri:1184-11-22_3_0_4_4_2_787_1953,work,"RI IV,4,4,2 n. 1953",,"Lucius III. bestätigt Prior (Odo) und den Mönchen von St-Étienne in Nevers (priori et monachis sancti Stephani Nivernensis) auf deren Bitten die ihnen von ihrem Gründer, dem Grafen Wilhelm (I.) von Nevers (a bone memorie Willelmo comite Nivernensi eiusdem loci fundatore), urkundlich mit allen Rechten übertragene Kirche St-Étienne in der Vorstadt von Nevers (ecclesiam beati Stephani sitam in suburb …",available,1184,,high,"dept: RI IV; issuer: Lucius III.; place: Verona; date: 1184-11-22; source: Regesta Imperii, Akad. der Wissenschaften und der Literatur | Mainz, CC BY 4.0; retrieved 2026-10-04; https://www.regesta-imperii.de/id/1184-11-22_3_0_4_4_2_787_1953"
ri:1184-12-24_1_0_4_4_2_187_1353,work,"RI IV,4,4,2 n. 1353",,"Lucius III. nimmt den Dekan von St-Euchaire in Liverdun und dessen Brüder (decano sancti Eucharii de Liberduno eiusque fratribus) (D. Toul) und die von Bischof Peter von Toul (Petro Tullen. episcopo) errichtete Kirche auf deren Bitten in den päpstlichen Schutz, bestätigt den genannten Besitz und gewährt die freie Wahl des Dekans.",available,1184,,high,"dept: RI IV; issuer: Lucius III.; place: Verona; date: 1184-12-24; source: Regesta Imperii, Akad. der Wissenschaften und der Literatur | Mainz, CC BY 4.0; retrieved 2026-10-04; https://www.regesta-imperii.de/id/1184-12-24_1_0_4_4_2_187_1353"
ri:1185-01-23_5_0_4_4_2_275_1441,work,"RI IV,4,4,2 n. 1441",,"Lucius III. gestattet Prior (Jocelin) und allen Brüdern von La Grande-Chartreuse (priori Cartusiensium et omnibus fratribus) (D. Grenoble) auf deren Bitten für den Fall, daß der von ihnen rechtmäßig um die Ordination ersuchte Diözesanbischof verhindert ist, von einem anderen Bischof die Ordination zu empfangen, ohne daß dieser dadurch seine Diözese erweitert oder ihnen gegenüber daraus später ein …",available,1185,,high,"dept: RI IV; issuer: Lucius III.; place: Verona; date: 1185-01-23; source: Regesta Imperii, Akad. der Wissenschaften und der Literatur | Mainz, CC BY 4.0; retrieved 2026-10-04; https://www.regesta-imperii.de/id/1185-01-23_5_0_4_4_2_275_1441"
ri:1185-03-15_3_0_4_4_2_368_1534,work,"RI IV,4,4,2 n. 1534",,"Lucius III. bestätigt dem Prior und Konvent von Southwick (priori et conventui de Suthewyk) (D. Winchester) auf deren Bitten den Besitz der Kapelle von Empshott (capellam de Imbesita) und der Kirche von Swindon (ecclesiam de Swindona), die ihnen ihr Diözesanbischof (Richard von Winchester) (diocesanum episcopum) aufgrund der Präsentation der Patrone übertragen hat, bestätigt ferner eineinhalb virg …",available,1185,,high,"dept: RI IV; issuer: Lucius III.; place: Verona; date: 1185-03-15; source: Regesta Imperii, Akad. der Wissenschaften und der Literatur | Mainz, CC BY 4.0; retrieved 2026-10-04; https://www.regesta-imperii.de/id/1185-03-15_3_0_4_4_2_368_1534"
ri:1185-05-20_1_0_4_4_2_465_1631,work,"RI IV,4,4,2 n. 1631",,"Lucius III. nimmt das Kloster S. Maria Teodote (in Pavia) (monasterium beate Marie Theodote), das dem hl. Petrus und der Römischen Kirche gehört, wie Eugen (III.) in den päpstlichen Schutz, bestätigt den Besitz, gewährt die Wahl der Äbtissin, die nur auf Geheiß des Papstes benediziert werden darf, setzt den freien Empfang von Chrisma, Heiligem Öl, Konsekrationen und Ordinationen durch den Diözesan …",available,1185,,high,"dept: RI IV; issuer: Lucius III.; place: Verona; date: 1185-05-20; source: Regesta Imperii, Akad. der Wissenschaften und der Literatur | Mainz, CC BY 4.0; retrieved 2026-10-04; https://www.regesta-imperii.de/id/1185-05-20_1_0_4_4_2_465_1631"
ri:1185-08-28_2_0_4_2_4_336_2913,work,"RI IV,2,4 n. 2913",,König Heinrich (VI.) lässt seine Braut Konstanze durch Gesandte und unter Teilnahme einer großen Zahl von Fürsten und Baronen in Empfang nehmen.,available,1185,,high,"dept: RI IV; issuer: Friedrich I.; place: Rieti; date: 1185-08-28; source: Regesta Imperii, Akad. der Wissenschaften und der Literatur | Mainz, CC BY 4.0; retrieved 2026-10-04; https://www.regesta-imperii.de/id/1185-08-28_2_0_4_2_4_336_2913"
ri:1186-03-01_1_0_4_2_4_388_2964,work,"RI IV,2,4 n. 2964",,"Friedrich verkündet auf Grund eines Urteils des Hofgerichts die Verhängung der Reichsacht über Graf Wilhelm von Genf, der auf seinen Befehl hin (legitima citacione) bei Hofe erschienen ist und geschworen hat, sich wegen der Bischof Nantelm und der Kirche von Genf zugefügten Bedrückungen seinem (des Kaisers) Befehl zu unterwerfen, dann aber den Hof heimlich verlassen hat. Er setzt die Ansprüche des …",available,1186,,high,"dept: RI IV; issuer: Friedrich I.; place: Casale Monferrato (kal. martii, apud Casale); date: 1186-03-01; source: Regesta Imperii, Akad. der Wissenschaften und der Literatur | Mainz, CC BY 4.0; retrieved 2026-10-04; https://www.regesta-imperii.de/id/1186-03-01_1_0_4_2_4_388_2964"
ri:1186-11-28_2_0_4_2_4_457_3033,work,"RI IV,2,4 n. †3033",,"F(riedrich) führt bei Erzbischof K(onrad) von Mainz über Belastungen von Seiten des Papstes (Urban III.) Klage und bittet ihn um Vermittlung bei seinen Bemühungen, beim Papst die Kaiserweihe für seinen Sohn (Heinrich VI.) zu erlangen.",available,1186,,high,"dept: RI IV; issuer: Friedrich I.; date: 1186-11-28; source: Regesta Imperii, Akad. der Wissenschaften und der Literatur | Mainz, CC BY 4.0; retrieved 2026-10-04; https://www.regesta-imperii.de/id/1186-11-28_2_0_4_2_4_457_3033"
ri:1187-08-15_1_0_4_2_4_520_3096,work,"RI IV,2,4 n. 3096",,"Hoftag: Friedrich hält einen Hoftag. Er erhebt dort vor den Fürsten Klage gegen Erzbischof Philipp von Köln, der freilich nicht erschienen ist, und gegen die Kölner wegen der Sperre des Durchzugs kaiserlicher Truppen (siehe oben Reg. 3079) und wegen übler Nachrede. Erzbischof (Konrad) von Mainz und andere Bischöfe mit Ausnahme Erzbischof Philipps von Köln, die als Mitwisser der (von Papst Urban II …",available,1187,,high,"dept: RI IV; issuer: Friedrich I.; place: Worms; date: 1187-08-15; source: Regesta Imperii, Akad. der Wissenschaften und der Literatur | Mainz, CC BY 4.0; retrieved 2026-10-04; https://www.regesta-imperii.de/id/1187-08-15_1_0_4_2_4_520_3096"
ri:1188-07-23_1_0_4_3_1_117_70,work,"RI IV,3 n. 70",,"gibt in Anbetracht der Ergebenheit seines Getreuen Humbert von Thoire (fidelis nostri Humberti de Thoiria) diesem zwei Zölle bei Ambronay und zu Trévoux (duo pedagia ... unum in carrata publica iuxta Ambroniacum sex denariorum de Francia, reliquum in flumine Araris apud Trevoux sex denariorum) zu Lehen, die Stephan von Villars (Stephanus de Villars) innehatte, bekundet, daß der erwähnte Humbert ih …",available,1188,,high,"dept: RI IV; issuer: Heinrich VI.; place: Thézillieu (Theyssonge) 1; date: 1188-07-23; source: Regesta Imperii, Akad. der Wissenschaften und der Literatur | Mainz, CC BY 4.0; retrieved 2026-10-04; https://www.regesta-imperii.de/id/1188-07-23_1_0_4_3_1_117_70"
ri:1189-04-26_1_0_4_2_4_678_3251,work,"RI IV,2,4 n. 3251",,"Friedrich bestätigt dem Kloster Allerheiligen zu Schaffhausen (cęnobium apud villam Scaphusam) die ihm von den Kaisern Heinrich IV. und Heinrich V. sowie seinem Oheim, König Konrad II. (III.), wie auch von Päpsten verliehene Immunität und eine Reihe namentlich angeführter Besitzungen, darunter auch die dem Kloster in Gegenwart des Kaisers zu Brescia zugesicherte Kirche zu Büßlingen (vgl. Reg. 2839 …",available,1189,,high,"dept: RI IV; issuer: Friedrich I.; place: Giengen (VI kal. maii, Giengin); date: 1189-04-26; source: Regesta Imperii, Akad. der Wissenschaften und der Literatur | Mainz, CC BY 4.0; retrieved 2026-10-04; https://www.regesta-imperii.de/id/1189-04-26_1_0_4_2_4_678_3251"
ri:1189-05-00_95_0_4_2_4_794_3364,work,"RI IV,2,4 n. 3364",,"Graf Widukind von Schwalenberg-Waldeck, Vogt von Paderborn, resigniert die Vogtei in Gegenwart und mit Zustimmung seiner Brüder Hermann und Heinrich in die Hände Bischof Bernhards von Paderborn und tritt gemeinsam mit dem Kaiser den Kreuzzug an. Vom Bischof erhält er dafür 300 Mark Silber aus dem Kirchenschatz.",available,1189,,medium,"dept: RI IV; issuer: Friedrich I.; date range: 1189-01-01 to 1189-05-31 (year = first possible); source: Regesta Imperii, Akad. der Wissenschaften und der Literatur | Mainz, CC BY 4.0; retrieved 2026-10-04; https://www.regesta-imperii.de/id/1189-05-00_95_0_4_2_4_794_3364"
ri:1190-01-22_1_0_4_2_4_857_3427,work,"RI IV,2,4 n. 3427",,"Friedrich empfängt eine byzantinische Gesandtschaft unter Leitung der schon früher an ihn abgeordneten Legaten, des Pansebastos Akolouthos Eumathios Philokalos und des Jacobus aus Pisa (siehe dazu oben Reg. 3423). Diese Boten überbingen ein Angebot zu einem Friedensvertrag, in dem die Bereitstellung von Schiffen für die Überfahrt nach Asien zugesagt wird, Fragen der Verpflegung geregelt und die St …",available,1190,,high,"dept: RI IV; issuer: Friedrich I.; place: Adrianopel (Edirne); date: 1190-01-22; source: Regesta Imperii, Akad. der Wissenschaften und der Literatur | Mainz, CC BY 4.0; retrieved 2026-10-04; https://www.regesta-imperii.de/id/1190-01-22_1_0_4_2_4_857_3427"
ri:1191-00-00_25_0_4_3_1_785_d688,work,"RI IV,3 n. D688",,gibt dem Stift Nivelles ein Privileg.,available,1191,,medium,"dept: RI IV; issuer: Heinrich VI.; place: —; date range: 1191-01-01 to 1191-12-31 (year = first possible); source: Regesta Imperii, Akad. der Wissenschaften und der Literatur | Mainz, CC BY 4.0; retrieved 2026-10-04; https://www.regesta-imperii.de/id/1191-00-00_25_0_4_3_1_785_D688"
ri:1191-12-07_1_0_4_3_1_256_195,work,"RI IV,3 n. 195",,"bewilligt in Anbetracht der vorzüglichen Dienste, die sie seinem Vater, ihm selbst und dem Reiche geleistet habe, der Stadt Pavia (civitati Papie et universo eius populo) die Wahl der Konsuln oder Rektoren, legt deren Pflichten und Rechte im einzelnen fest, überträgt der Stadt die Entscheidung in Appellationssachen im Werte bis zu 20 Pfund vor den Konsuln oder Rektoren und alle herzoglichen und gr …",available,1191,,high,"dept: RI IV; issuer: Heinrich VI.; place: Mailand; date: 1191-12-07; source: Regesta Imperii, Akad. der Wissenschaften und der Literatur | Mainz, CC BY 4.0; retrieved 2026-10-04; https://www.regesta-imperii.de/id/1191-12-07_1_0_4_3_1_256_195"
ri:1193-01-12_1_0_4_3_1_344_274,work,"RI IV,3 n. 274",,"nimmt auf die Intervention des Abtes das Kloster Eußerthal (monasterium Vallis Uterine) mit allen Personen und allen gegenwärtigen und zukünftigen Besitzungen in seinen Schutz, erlaubt allen seinen Ministerialen und allen seinen Leuten, dem Kloster bewegliche und unbewegliche Güter zu übertragen, und bestätigt etwa schon geschehene Übertragungen. Zeugen (presentibus testibus): „Ad eterni regni pre …",available,1193,,high,"dept: RI IV; issuer: Heinrich VI.; place: Regensburg; date: 1193-01-12; source: Regesta Imperii, Akad. der Wissenschaften und der Literatur | Mainz, CC BY 4.0; retrieved 2026-10-04; https://www.regesta-imperii.de/id/1193-01-12_1_0_4_3_1_344_274"
ri:1194-01-02_1_0_4_3_1_403_330,work,"RI IV,3 n. 330",,"bekundet, daß Bischof Heinrich von Würzburg (Heinricus Wirciburgensis aecclesiae episcopus) dem Kloster Ebrach (cenobii Eberacensis) einige Güter, nämlich einen Teil des Hofes zu Waldschwind und des Waldes zu Vogelsburg sowie einige Hufen zu Alitzheim und Hausen (partem videlicet curiae in Waleswiden et nemoris in Volburc et quosdam mansos tam in Hadolfesheim quam in Husen), die dieser dem Kloster …",available,1194,,high,"dept: RI IV; issuer: Heinrich VI.; place: Würzburg; date: 1194-01-02; source: Regesta Imperii, Akad. der Wissenschaften und der Literatur | Mainz, CC BY 4.0; retrieved 2026-10-04; https://www.regesta-imperii.de/id/1194-01-02_1_0_4_3_1_403_330"
ri:1195-02-07_1_0_4_3_1_490_405,work,"RI IV,3 n. 405",,"bekundet, daß ihm durch den Prior Petrus und die Brüder des Klosters S. Leo am Ätna (per fratrem Petrum priorem, fidelem nostrum, et per fratres ecclesie Sancti Leonis de Monte Gibello) angezeigt worden sei, daß dieses Kloster zur Zeit der Könige Wilhelm I. und Wilhelm II. von der königlichen Doana eine jährliche Gabe in Höhe von 200 Tarenen für die Bekleidung der Brüder erhalten habe, dann aber s …",available,1195,,high,"dept: RI IV; issuer: Heinrich VI.; place: Messina; date: 1195-02-07; source: Regesta Imperii, Akad. der Wissenschaften und der Literatur | Mainz, CC BY 4.0; retrieved 2026-10-04; https://www.regesta-imperii.de/id/1195-02-07_1_0_4_3_1_490_405"
ri:1196-03-05_1_0_4_3_1_589_499,work,"RI IV,3 n. 499",,"bestätigt auf Bitten des Bischofs Johann von Cambrai (Iohannis Cameracensis episcopi) die Übertragung einer Kaplanei durch den genannten Bischof an das Stift S. Aubert zu Cambrai (ecclesiam Beati Auberti in Cameraco), wie sie in der darüber ausgestellten Urkunde1 des Bischofs enthalten sei. Zeugen: Baldewinus Traiectensis episcopus, Heinricus dux Lovanie, Marquardus imperialis aule senescalcus, Cu …",available,1196,,high,"dept: RI IV; issuer: Heinrich VI.; place: Frankfurt; date: 1196-03-05; source: Regesta Imperii, Akad. der Wissenschaften und der Literatur | Mainz, CC BY 4.0; retrieved 2026-10-04; https://www.regesta-imperii.de/id/1196-03-05_1_0_4_3_1_589_499"
ri:1197-05-20_1_0_4_3_1_688_593,work,"RI IV,3 n. 593",,"schenkt und bestätigt den Brüdern des Deutschordenshospitals S. Maria zu Jerusalem (fratribus hospitalis Teutonicorum apud Ierusalem in honore ipsius Beatissime Virginis constructi) das von ihnen erbaute und begründete Hospital S. Thomae zu Barletta (hospitale Sancti Thome quod de ordine ipsorum apud Barolum constructum est et fundatum), Ackerland im Gebiet von Canne bei Barletta (in tenimento Can …",available,1197,,high,"dept: RI IV; issuer: Heinrich VI.; place: Palermo; date: 1197-05-20; source: Regesta Imperii, Akad. der Wissenschaften und der Literatur | Mainz, CC BY 4.0; retrieved 2026-10-04; https://www.regesta-imperii.de/id/1197-05-20_1_0_4_3_1_688_593"
ri:1197-10-17_1_0_5_1_1_371_193c,work,"RI V,1,1 n. 193c",,"Otto comes Pictaviensis zweiter weltlicher zeuge einer urk. könig Richards für den erzb. von Rouen. Rad. de Diceto ap. Twysden 698. Or. Guelf. 3,741. Rymer. Bouquet Recueil 17,741.",available,1197,,high,"dept: RI V; issuer: Otto IV.; place: apud Rothomagum; date: 1197-10-17; source: Regesta Imperii, Akad. der Wissenschaften und der Literatur | Mainz, CC BY 4.0; retrieved 2026-10-04; https://www.regesta-imperii.de/id/1197-10-17_1_0_5_1_1_371_193c"
ri:1198-04-16_1_0_5_2_4_1881_12151,work,"RI V,2,4 n. 12151",,Alessandria und Asti verständigen sich über die bewahrung des bei einnahme seiner burg Castagnola gefangenen markgrafen Lanza und über die beute. Schiavinae Ann. 97. Gasparolo Lib. crucis 52.,available,1198,,high,"dept: RI V; issuer: Italische und burgundische Reichssachen; place: in villa de Castagnolis; date: 1198-04-16; source: Regesta Imperii, Akad. der Wissenschaften und der Literatur | Mainz, CC BY 4.0; retrieved 2026-10-04; https://www.regesta-imperii.de/id/1198-04-16_1_0_5_2_4_1881_12151"
ri:1199-00-00_1_0_5_2_3_45_5661,work,"RI V,2,3 n. 5661",,"schreibt der geistlichkeit, den herrn und dem volk von Capua von seinen rüstungen gegen den hinterlistigen Markwald, fordert sie in gemässheit der ihm von der kaiserin aufgetragenen pflegschaft zur vertheidigung des landes auf, erinnert sie daran, was sie alles von den Deutschen gelitten haben (vix est aliquis in toto regno qui in se vel suis, persona vel rebus, consanguineis vel amicis grave non …",available,1199,,medium,"dept: RI V; issuer: Innocenz III.; place: ....; date range: 1199-01-01 to 1199-12-31 (year = first possible); source: Regesta Imperii, Akad. der Wissenschaften und der Literatur | Mainz, CC BY 4.0; retrieved 2026-10-04; https://www.regesta-imperii.de/id/1199-00-00_1_0_5_2_3_45_5661"
ri:1199-11-00_1_0_5_2_3_79_5694,work,"RI V,2,3 n. 5694",,"gebietet dem erzbischof von Cöln (und gleichlautend dem herzog von Löwen), ihm über die lage der dinge in Deutschland zu berichten, über welche so verschiedenes und widersprechendes verlaute. Mirabile gerimus ‒ procures. Reg. imp. 16. P. 1161. ‒ Ohne iahresangabe: dat. Laterani .. novembris, also ie nachdem die lücke zu ergänzen ist zur zweiten hälfte des oct. oder zur ersten des nov. gehörig. [Be …",available,1199,,medium,"dept: RI V; issuer: Innocenz III.; place: ....; date range: 1199-11-01 to 1199-11-30 (year = first possible); source: Regesta Imperii, Akad. der Wissenschaften und der Literatur | Mainz, CC BY 4.0; retrieved 2026-10-04; https://www.regesta-imperii.de/id/1199-11-00_1_0_5_2_3_79_5694"
ri:1200-05-28_2_0_5_2_4_23_10641b,work,"RI V,2,4 n. 10641b",,"Leopold, herzog von Oesterreich und Steier, wird in gegenwart der erzbischöfe Conrad von Mainz und Eberhard von Salzburg mit dem schwerte umgürtet. Cont. Lambac. M. G. Ss. 9, 556. Admunt. 589. Claustroneoburg. 620. Ersterer war wohl zu Wien auf der reise nach Ungarn im auftrage könig Philipps. Cont. Claustroneob. l. c. Chron. reg. Col. ed. Waitz 169.",available,1200,,high,"dept: RI V; issuer: Reichssachen (Deutsche 1198-1272); place: Wienne; date: 1200-05-28; source: Regesta Imperii, Akad. der Wissenschaften und der Literatur | Mainz, CC BY 4.0; retrieved 2026-10-04; https://www.regesta-imperii.de/id/1200-05-28_2_0_5_2_4_23_10641b"
ri:1201-03-01_13_0_5_2_3_129_5743,work,"RI V,2,3 n. 5743",,"tadelt den herzog von Böhmen, dass er sich von Philipp das königliche diadem habe aufsetzen lassen, meldet ihm die entscheidung der kirche, benachrichtigt ihn, dass der päbstliche legat bischof von Palestrina und der demselben beigegebene notar Philipp den auftrag haben, ihm den Otto zu empfehlen. Reg. Imp. 44 u. s.",available,1201,,high,"dept: RI V; issuer: Innocenz III.; place: Laterani; date: 1201-03-01; source: Regesta Imperii, Akad. der Wissenschaften und der Literatur | Mainz, CC BY 4.0; retrieved 2026-10-04; https://www.regesta-imperii.de/id/1201-03-01_13_0_5_2_3_129_5743"
ri:1202-00-00_1_0_5_4_6_91_83,work,"RI V,4,6 n. 83",,"gewährt Erzbischof Giraldus von Tarent die Exemtion von den Steuerzahlungen für das Casale S. Teodoro. Deperditum, erwähnt in der Historia Tarentina des Ambrosio Merodio (17. Jh.). S. 314. Regest: Girgensohn-Kamp, Urk. und Inquisitionen der Stauferzeit aus Tarent, in: QuF. 41 (1960), 141.",available,1202,,medium,"dept: RI V; issuer: Friedrich II.; date range: 1202-01-01 to 1202-12-31 (year = first possible); source: Regesta Imperii, Akad. der Wissenschaften und der Literatur | Mainz, CC BY 4.0; retrieved 2026-10-04; https://www.regesta-imperii.de/id/1202-00-00_1_0_5_4_6_91_83"
ri:1202-11-00_1_0_5_2_4_5106_14620a,work,"RI V,2,4 n. 14620a",,"Heerfahrt gegen den bischof Conrad von Wirzburg, der während derselben dec. 6 ermordet wurde. Dass sie nicht blos angesagt (s. nr. 73a), sondern auch ausgeführt wurde, ergiebt sich aus Innoc. III 1202 dec, 23, nr. 5816.",available,1202,,medium,"dept: RI V; issuer: Philipp; place: ....; date range: 1202-11-01 to 1202-11-30 (year = first possible); source: Regesta Imperii, Akad. der Wissenschaften und der Literatur | Mainz, CC BY 4.0; retrieved 2026-10-04; https://www.regesta-imperii.de/id/1202-11-00_1_0_5_2_4_5106_14620a"
ri:1203-06-04_1_0_5_2_4_2006_12267,work,"RI V,2,4 n. 12267",,"Siena verzichtet auf alles, was den Florentinern bezüglich der beiderseitigen grenzstreitigkeiten durch schiedsspruch zugewiesen ist, insbesondere auch auf weitere kirchenbauten zu Poggibonzi. In gegenwart der bischöfe von Volterra, Florenz, Fiesole, und sehr vieler anderer genannter, worunter Amadeus tunc pro concordia civitat(um) Tuscie Perusini rectoris. San Luigi Delizie 9, 5. Lami 4, 16. ‒ :V …",available,1203,,high,"dept: RI V; issuer: Italische und burgundische Reichssachen; place: in castro Podibonizi; date: 1203-06-04; source: Regesta Imperii, Akad. der Wissenschaften und der Literatur | Mainz, CC BY 4.0; retrieved 2026-10-04; https://www.regesta-imperii.de/id/1203-06-04_1_0_5_2_4_2006_12267"
ri:1204-01-25_1_0_5_2_3_4592_9986,work,"RI V,2,3 n. 9986",,"bestätigt auf bitte des bischofs und capitels von Lüttich die gründung des hospitals an der Maas und eine stiftung, die sein cleriker mag. Simon von Langres dort gemacht hat, und bezeugt die von ihm selbst vollzogene weihe eines altars daselbst. Analectes pour servir à l'hist. eccl. de la Belgique 2,477 nach Wauters. ‒ Mit 1203. Vgl. Gesta abbrev. Leod., M. G. Ss. 25,133. Darnach in Lüttich ausges …",available,1204,,high,"dept: RI V; issuer: Guido von Palestrina.; place: (Leodii); date: 1204-01-25; source: Regesta Imperii, Akad. der Wissenschaften und der Literatur | Mainz, CC BY 4.0; retrieved 2026-10-04; https://www.regesta-imperii.de/id/1204-01-25_1_0_5_2_3_4592_9986"
ri:1205-00-00_2_0_5_1_1_243_121,work,"RI V,1,1 n. 121",,"gestattet dem bischof Conrad von Regensburg kaiserlichem hofcanzler, quem ad partes Italie pro utilitate et honore imperii transmisimus, für seine person ein testament über seinen mobiliarnachlass zu machen der andernfalls dem reiche heimfallen wurde, desgleichen das ländchen Bruts welches er (der könig) von der regensburger kirche zu lehen trägt, was er aber dem grafen Gotfrid um hundert mark ver …",available,1205,,medium,"dept: RI V; issuer: Philipp; place: ....; date range: 1205-01-01 to 1205-12-31 (year = first possible); source: Regesta Imperii, Akad. der Wissenschaften und der Literatur | Mainz, CC BY 4.0; retrieved 2026-10-04; https://www.regesta-imperii.de/id/1205-00-00_2_0_5_1_1_243_121"
ri:1206-00-00_1_0_5_1_1_276_136d,work,"RI V,1,1 n. 136d",,"Zusammenkunft der beiden gegner, aber ohne ergebniss. Philipp auf dem wege, auf dem er gekommen, zurückkehrend, lagert zwischen Bonn und Cöln an demselben orte wie im vorigen iahre; ubi inter ipsum et Ottonem regem necnon et Colonienses de pace et concordia multa tractata nec terminata sunt. Chr. regiae cont. ‒ Post hec ambo reges mediante Heinrico de Kalinthin familiare colloquium iuxta Coloniam …",available,1206,,medium,"dept: RI V; issuer: Philipp; place: inter Veronam et Coloniam; date range: 1206-01-01 to 1206-12-31 (year = first possible); source: Regesta Imperii, Akad. der Wissenschaften und der Literatur | Mainz, CC BY 4.0; retrieved 2026-10-04; https://www.regesta-imperii.de/id/1206-00-00_1_0_5_1_1_276_136d"
ri:1207-00-00_1_0_5_1_1_324_167,work,"RI V,1,1 n. 167",,"verleiht dem erzbischofe Albert von Magdeburg und dessen kirche bisthum, burg und stadt Lebus mit allem zubehör, wie dieselben ihm und dem reiche zustehen. Nur erwähnt in der bestätigungsurk. Friedrichs II aus Parma im iuni 1226. ‒ zeit ungewiss. Albert hatte sich nach der Schöppenchr. während seines aufenthaltes zu Rom im winter um die gunst des pabstes für den könig wenn auch erfolglos bemüht, w …",available,1207,,medium,"dept: RI V; issuer: Philipp; place: ....; date range: 1207-01-01 to 1207-12-31 (year = first possible); source: Regesta Imperii, Akad. der Wissenschaften und der Literatur | Mainz, CC BY 4.0; retrieved 2026-10-04; https://www.regesta-imperii.de/id/1207-00-00_1_0_5_1_1_324_167"
ri:1207-09-22_1_0_5_1_1_319_162,work,"RI V,1,1 n. 162",,"beurkundet auf vortrag des erzb. Eberhard von Salzburg und des grafen Heinrich von Lechsgemünd den zwischen weiland erzb. Chonrad und dem genannten grafen, damals genannt von Matrei geschlossenen vertrag, wonach dieser graf gegen genannte gegenleistungen der kirche Salzburgs die burg Matrei mit allem zubehör und zahlreichem sowohl vom vater als von der mutter auf ihn gekommenen erb und eigen, als …",available,1207,,high,"dept: RI V; issuer: Philipp; place: Quidelingeburc; date: 1207-09-22; source: Regesta Imperii, Akad. der Wissenschaften und der Literatur | Mainz, CC BY 4.0; retrieved 2026-10-04; https://www.regesta-imperii.de/id/1207-09-22_1_0_5_1_1_319_162"
ri:1208-04-16_1_0_5_2_4_2070_12314,work,"RI V,2,4 n. 12314",,"Genua und Ancona gehen auf zehn iahre ein friedliches übereinkommen auf angegebene bedingungen ein. Lib. iur. reip. Gen. 1, 535.",available,1208,,high,"dept: RI V; issuer: Italische und burgundische Reichssachen; place: ap Januam; date: 1208-04-16; source: Regesta Imperii, Akad. der Wissenschaften und der Literatur | Mainz, CC BY 4.0; retrieved 2026-10-04; https://www.regesta-imperii.de/id/1208-04-16_1_0_5_2_4_2070_12314"
ri:1208-12-20_1_0_5_1_1_551_250b,work,"RI V,1,1 n. 250b",,"Ankunft, dann dreitägiger aufenthalt. Vigilia Thome apostoli Otto rex Coloniam adveniens tanquam novus rex ab omni civitate in letitia et exultatione gloriosissime susceptus, ibidem triduo commoratus est. Chr. regiae cont. ‒ Erzbischof Bruno von Cöln war am 2 nov. gestorben. Generali igitur electione Colonie habita prioribus non concordantibus, rex missis litteris adventum suum prestolari deposcit …",available,1208,,high,"dept: RI V; issuer: Otto IV.; place: Colonie; date: 1208-12-20; source: Regesta Imperii, Akad. der Wissenschaften und der Literatur | Mainz, CC BY 4.0; retrieved 2026-10-04; https://www.regesta-imperii.de/id/1208-12-20_1_0_5_1_1_551_250b"
ri:1209-02-05_2_0_5_2_4_5627_15045,work,"RI V,2,4 n. 15045",,"Conrad, bischof von Speier, vertauscht presente gloriosissimo Romanorum rege Ottone und mit zustimmung des Sifrid, erwählten von Augsburg, dem abte und den brüdern von Kaisersheim die dos der capelle zu Wilun. Z.: Engelh., bisch. v. Zeiz, Chuno, abt v. Elwangen, Ludw., gr. v. Wirtemberg, Otto, gr. v. Kirchberg, Alb., gr. von Dillingen, Ulr. v. Gundelfingen, Sigboto v. Albech und dessen br. Witegow …",available,1209,,high,"dept: RI V; issuer: Allgemeine und deutsche Reichssachen; place: ap. villam Ufchirche; date: 1209-02-05; source: Regesta Imperii, Akad. der Wissenschaften und der Literatur | Mainz, CC BY 4.0; retrieved 2026-10-04; https://www.regesta-imperii.de/id/1209-02-05_2_0_5_2_4_5627_15045"
ri:1209-09-28_1_0_5_4_6_121_113,work,"RI V,4,6 n. 113",,"urkundet für die Stadt Pavia. Regest von 1760 in Pavia, Biblioteca universitaria. Ms. Paves. 1131 (Pietragrossa 1636).",available,1209,,high,"dept: RI V; issuer: Friedrich II.; date: 1209-09-28; source: Regesta Imperii, Akad. der Wissenschaften und der Literatur | Mainz, CC BY 4.0; retrieved 2026-10-04; https://www.regesta-imperii.de/id/1209-09-28_1_0_5_4_6_121_113"
ri:1210-00-00_1_0_5_2_4_2123_12357a,work,"RI V,2,4 n. 12357a",,"Azzo, markgraf von Este, war in diesem und dem folgenden iahre podesta von Mantua. Ann. Mant., M. G. Ss. 19, 20. Vgl. zu 1212 nov. 18.",available,1210,,medium,"dept: RI V; issuer: Italische und burgundische Reichssachen; place: Mantue; date range: 1210-01-01 to 1210-12-31 (year = first possible); source: Regesta Imperii, Akad. der Wissenschaften und der Literatur | Mainz, CC BY 4.0; retrieved 2026-10-04; https://www.regesta-imperii.de/id/1210-00-00_1_0_5_2_4_2123_12357a"
ri:1210-04-27_2_0_5_4_6_51_45,work,"RI V,4,6 n. 45",,"bestätigt dem Kloster S. Salvatore zu Casalvolone die von seinen Vorgängern erteilten Privilegien, erklärt es von allen Abgaben frei (ab omni exactione fodri et alterius datii — liberum) und sichert ihm freie Flußschiffahrt. Mit unregelmäßiger Datierung, daher Fremdausfertigung wahrscheinlich. Zinsmaier, Urk. Phil. 122. Deperditum, längerer Auszug 15. Jh. in Mailand, Biblioteca Ambrosiana, Hs. ES …",available,1210,,high,"dept: RI V; issuer: Otto IV.; place: Papie apud s. Salvatorem; date: 1210-04-27; source: Regesta Imperii, Akad. der Wissenschaften und der Literatur | Mainz, CC BY 4.0; retrieved 2026-10-04; https://www.regesta-imperii.de/id/1210-04-27_2_0_5_4_6_51_45"
ri:1210-11-09_1_0_5_2_4_2149_12380,work,"RI V,2,4 n. 12380",,"Die maiores und minores von Assisi verpflichten sich zu ehren Jesu Christi, der hl. iungfrau, des kaisers und des herzogs Diepold untereinander, mit dem pabste, kaiser und könige oder deren boten und legaten, auch mit einer stadt, einem orte oder einer mächtigern person nur gemeinsam ein abkommen zu treffen, und einigen sich über die ablösung der abgaben und dienste und über verschiedene sonstige …",available,1210,,high,"dept: RI V; issuer: Italische und burgundische Reichssachen; place: Assisii; date: 1210-11-09; source: Regesta Imperii, Akad. der Wissenschaften und der Literatur | Mainz, CC BY 4.0; retrieved 2026-10-04; https://www.regesta-imperii.de/id/1210-11-09_1_0_5_2_4_2149_12380"
ri:1211-11-14_1_0_5_1_1_854_449,work,"RI V,1,1 n. 449",,"bestätigt den bürgern von Gubbio die von seinen vorfahren erhaltenen privilegien, erlaubt ihnen die stadt zu mehren zu ordnen zu bessern, bestätigt ihnen alle ihre besitzungen wo sie gelegen sind, dergestalt dass die stadt mit ihren bürgern und allen denen die in ihr und auf ihren nach den kirchen und klöstern hier genannten besitzungen wohnen, keinem dienstbar sein sollen als in gesetzlicher weis …",available,1211,,high,"dept: RI V; issuer: Otto IV.; place: apud Montem Flasconem; date: 1211-11-14; source: Regesta Imperii, Akad. der Wissenschaften und der Literatur | Mainz, CC BY 4.0; retrieved 2026-10-04; https://www.regesta-imperii.de/id/1211-11-14_1_0_5_1_1_854_449"
ri:1212-03-20_2_0_5_1_1_888_472,work,"RI V,1,1 n. 472",,"Vertrag zwischen kaiser Otto und markgraf Thiderich von Meissen und der Ostmark. Der markgraf verspricht und schwört dem kaiser beizustehen, besonders gegen pabst Innocenz, gegen Otakar könig von Böhmen, gegen H. landgraf von Thüringen und überhaupt gegen iedermann in ieder noth, und niemals ihn zu verlassen. Dass dieses um so mehr gehalten werde, beschwören es für den markgrafen dreizehn genannte …",available,1212,,high,"dept: RI V; issuer: Otto IV.; place: Frankinfort; date: 1212-03-20; source: Regesta Imperii, Akad. der Wissenschaften und der Literatur | Mainz, CC BY 4.0; retrieved 2026-10-04; https://www.regesta-imperii.de/id/1212-03-20_2_0_5_1_1_888_472"
ri:1212-09-05_1_0_5_1_1_917_487,work,"RI V,1,1 n. 487",,"übergiebt das kloster Bildhausen in der diöces von Wirzburg, welches als zum cistercienserorden gehörig keinen vogt hat, aber durch gewaltthätigkeiten leidet und deshalb zu ihm seine zuflucht nahm, dem grafen Poppo von Henneberg es namens seiner zu schützen. Z.: Otto herz. v. Meran, Rabodo pfalzgr. v. Wittelsbach, Meinh. gr. v. Görtz, Gerl. v. Büdingen, Ludw. v. Stolberg, Heinr. v. Rabensburg, Ott …",available,1212,,high,"dept: RI V; issuer: Otto IV.; place: ap. Herbipolim; date: 1212-09-05; source: Regesta Imperii, Akad. der Wissenschaften und der Literatur | Mainz, CC BY 4.0; retrieved 2026-10-04; https://www.regesta-imperii.de/id/1212-09-05_1_0_5_1_1_917_487"
ri:1213-03-31_2_0_5_1_1_1270_701,work,"RI V,1,1 n. 701",,"bestätigt demselben die Schenkung der saline zu Mulbach mit allen zugehörigen rechten durch Eberhard erzbischof von Salzburg und apostolischen legaten. Zeugen und datirung wie vorher, doch folgt der bischof von Constanz erst auf den von Chur. Ebend. 1,116. Huill. 1,259. Verbesserungen und Zusätze: v. Weech Cod. dipl. 1,123 ex or. — Die indiction ist ebenfalls nicht eingesetzt. Verbesserungen und Z …",available,1213,,high,"dept: RI V; issuer: Friedrich II.; place: ap. Constantiam; date: 1213-03-31; source: Regesta Imperii, Akad. der Wissenschaften und der Literatur | Mainz, CC BY 4.0; retrieved 2026-10-04; https://www.regesta-imperii.de/id/1213-03-31_2_0_5_1_1_1270_701"
ri:1214-00-00_1_0_5_1_1_967_498e,work,"RI V,1,1 n. 498e",,"Uebergang über die Maas bei Mastricht. Am dienstag nach palmsonntag trugen der bischof von Lüttich und der graf von Los aus besorgniss vor Otto die brücke bei Mastricht ab, gestatten ihm aber doch endlich auf bitte des grafen von Flandern, der seiner gegen die Franzosen bedurfte, den übergang, nachdem er geiseln für sein friedliches betragen gestellt hat. Rein. Leod. ‒ [Vergl. Triumph. sti Lamb., …",available,1214,,medium,"dept: RI V; issuer: Otto IV.; place: trans Mosam; date range: 1214-01-01 to 1214-12-31 (year = first possible); source: Regesta Imperii, Akad. der Wissenschaften und der Literatur | Mainz, CC BY 4.0; retrieved 2026-10-04; https://www.regesta-imperii.de/id/1214-00-00_1_0_5_1_1_967_498e"
ri:1214-08-28_1_0_5_1_1_1333_743g,work,"RI V,1,1 n. 743g",,Umkehr. Feria quinta regalis exercitus castris rediit. Rein.,available,1214,,high,"dept: RI V; issuer: Friedrich II.; place: Hamal; date: 1214-08-28; source: Regesta Imperii, Akad. der Wissenschaften und der Literatur | Mainz, CC BY 4.0; retrieved 2026-10-04; https://www.regesta-imperii.de/id/1214-08-28_1_0_5_1_1_1333_743g"
ri:1215-04-05_2_0_5_1_1_1390_790,work,"RI V,1,1 n. 790",,"macht eine richtung zwischen bischof Manegold von Passau und herzog Liupold von Oestreich, dergestalt dass letzterer dem ersteren das patronatrecht zu Wien und die vogtei zu St. Polten, dann das marchetfuter (fodrum quod vulgo dicitur marchetfuoter) und das landgericht an gewissen orten wo diese rechte streitig waren, überlässt. Z.: Eberh. erzb. v. Salzburg, die bisch. Otto v. Freising, Conr. v. R …",available,1215,,high,"dept: RI V; issuer: Friedrich II.; place: ap. Augustam; date: 1215-04-05; source: Regesta Imperii, Akad. der Wissenschaften und der Literatur | Mainz, CC BY 4.0; retrieved 2026-10-04; https://www.regesta-imperii.de/id/1215-04-05_2_0_5_1_1_1390_790"
ri:1216-00-00_1_0_5_1_2_16_3845b,work,"RI V,1,2 n. 3845b",,"Landung hier an der westküste Calabriens unweit Nicastro und trennung von seiner den landweg [vgl. auch vorher] einschlagenden mutter. Chr. de reb. Sic, ‒ Die angabe des Rich. Sangerm., wonach die königin erst 1218 dem sohne folgte, widerlegt sich auch durch erwähnungen ihrer durchreise. Sub anno a nat. dum. 1216, dum regina veniret ex Apulea et ad virum suum Federicum Rogerium in Alamaniam perger …",available,1216,,medium,"dept: RI V; issuer: Heinrich (VII).; place: apud Sanctam Eufemiam; date range: 1216-01-01 to 1216-12-31 (year = first possible); source: Regesta Imperii, Akad. der Wissenschaften und der Literatur | Mainz, CC BY 4.0; retrieved 2026-10-04; https://www.regesta-imperii.de/id/1216-00-00_1_0_5_1_2_16_3845b"
ri:1216-07-25_1_0_5_2_3_605_6189,work,"RI V,2,3 n. 6189",,"meldet dem könig von Jerusalem den tod seines vorgängers und seine eigne erwählung, ermahnt ihn, wegen dem ableben Innocenzens an der erwarteten hülfe nicht zu verzweifeln, versichert ihn, dass er sich dieselbe, wenn auch nicht mit gleicher fähigkeit, doch mit eben so viel eifer angelegen sein lasse. Magnus dominus. Raynald 18. Horoy 2b,1. M. G. Ep. pont. 1,1. ‒ Weitere mehr oder weniger abweichen …",available,1216,,high,"dept: RI V; issuer: Honorius III.; place: ap. Perusium; date: 1216-07-25; source: Regesta Imperii, Akad. der Wissenschaften und der Literatur | Mainz, CC BY 4.0; retrieved 2026-10-04; https://www.regesta-imperii.de/id/1216-07-25_1_0_5_2_3_605_6189"
ri:1217-03-20_1_0_5_2_3_637_6219,work,"RI V,2,3 n. 6219",,"bestätigt dem bischofe von Camin seinen sprengel und seine besitzungen und verordnet, dass derselbe nur dem pabste unmittelbar untergeordnet sein solle. M. G. Ep. pont. 1,14. P. 5654. 5502d. ‒ Vgl. nr. 6180 und unten zum 8 apr. 1223.",available,1217,,high,"dept: RI V; issuer: Honorius III.; place: ....; date: 1217-03-20; source: Regesta Imperii, Akad. der Wissenschaften und der Literatur | Mainz, CC BY 4.0; retrieved 2026-10-04; https://www.regesta-imperii.de/id/1217-03-20_1_0_5_2_3_637_6219"
ri:1218-00-00_1_0_5_2_4_2329_12537,work,"RI V,2,4 n. 12537",,"Roland, bischof von Ferrara, meldet dem pabste, dass er gemäss dessen befehl dieienigen, welche Medicina innehaben, und die bürger von Bologna als gönner derselben excommunicirte und über die stadt Bologna das interdict verhängte. Noverit sanctitas-observari. Theiner Cod. dom. 1, 49. M. Ep. pont. 1,54.",available,1218,,medium,"dept: RI V; issuer: Italische und burgundische Reichssachen; place: ....; date range: 1218-01-01 to 1218-12-31 (year = first possible); source: Regesta Imperii, Akad. der Wissenschaften und der Literatur | Mainz, CC BY 4.0; retrieved 2026-10-04; https://www.regesta-imperii.de/id/1218-00-00_1_0_5_2_4_2329_12537"
ri:1218-05-18_2_0_5_1_1_1013_510,work,"RI V,1,1 n. 510",,"giebt in unwiderruflicher weise dem heil. Johann baptist und dem heiligen Blasius den patronen von Braunschweig zu seinem seelenheil den ort Scheverlingeburg [vgl. zu nr. 482] mit mit allem genannten zugehör an kirchen gutem und gefällen unter einigen näheren bestimmungen. Z.: Sifr. bisch. v. Hildesheim, Friedr. abt in Lutter, Otto pr. in Scheninge, Gozwin pr. v. Neuwerk in Halberstadt, Conr. haup …",available,1218,,high,"dept: RI V; issuer: Otto IV.; place: Hartesburch; date: 1218-05-18; source: Regesta Imperii, Akad. der Wissenschaften und der Literatur | Mainz, CC BY 4.0; retrieved 2026-10-04; https://www.regesta-imperii.de/id/1218-05-18_2_0_5_1_1_1013_510"
ri:1218-11-13_1_0_5_2_4_2342_12549,work,"RI V,2,4 n. 12549",,"Die von Fano und Rimini erneuern das 1207 geschlossene bündniss. Tonini Rimini 3, 424. 425.",available,1218,,high,"dept: RI V; issuer: Italische und burgundische Reichssachen; place: Fani; date: 1218-11-13; source: Regesta Imperii, Akad. der Wissenschaften und der Literatur | Mainz, CC BY 4.0; retrieved 2026-10-04; https://www.regesta-imperii.de/id/1218-11-13_1_0_5_2_4_2342_12549"
ri:1219-03-23_1_0_5_1_1_1646_1000,work,"RI V,1,1 n. 1000",,"giebt dem grafen Gotfrid von Blandrate wegen seiner ausgezeichneten verdienste so wie auch dessen erben mit rath seiner fürsten und barone zu rechtem lehen fünf denare vom zoll in Turin welche sein vater Heinrich VI um 300 mark dem grafen Reiner von Blandrate verpfändet hatte. Z.: die erzbb. v. Salzburg u. Magdeburg, der bisch. v. Basel, Jac. bisch. v. Turin u. vicar des königs, Wilh. markgr. v. M …",available,1219,,high,"dept: RI V; issuer: Friedrich II.; place: ap. Hagenowe; date: 1219-03-23; source: Regesta Imperii, Akad. der Wissenschaften und der Literatur | Mainz, CC BY 4.0; retrieved 2026-10-04; https://www.regesta-imperii.de/id/1219-03-23_1_0_5_1_1_1646_1000"
ri:1219-10-19_1_0_5_2_3_771_6352,work,"RI V,2,3 n. 6352",,"beauftragt genannte, den dogen von Venedig und die podestaten von Verona, Vicenza und Padua anzuhalten, dass sie allen verkehr mit denen von Treviso aufgeben, welche wegen des den kirchen von Belluno und Feltre zugefügten schadens excommunicirt seien und sich nun im bündnisse mit vasallen und ministerialen der kirche von Aglei gegen diese wenden. Oesterr. Archiv 21,189 extr. u. s. ‒ Vgl. oben nr. …",available,1219,,high,"dept: RI V; issuer: Honorius III.; place: Viterbii; date: 1219-10-19; source: Regesta Imperii, Akad. der Wissenschaften und der Literatur | Mainz, CC BY 4.0; retrieved 2026-10-04; https://www.regesta-imperii.de/id/1219-10-19_1_0_5_2_3_771_6352"
ri:1220-00-00_2_0_5_1_1_1898_1220,work,"RI V,1,1 n. 1220",,"(prope Urbem) bestätigt dem potesta und der gemeinde von Bologna die civil- und criminaliurisdiction welche sie zur zeit seiner vorfahren Friedrich und Heinrich sowohl in der stadt als in dem bisthum besessen hat und besitzt. Z.: Berth. patr. v. Aglei, die bisch. Ulrich v. Passau, Sifr. v. Augsburg, Berth. v. Brixen, Alb. erw. v. Trient, Ludw. herz. v. Baiern u. Rheinpfalzgraf, Wilhelm markgr. v. …",available,1220,,medium,"dept: RI V; issuer: Friedrich II.; place: in monte Malo; date range: 1220-01-01 to 1220-12-31 (year = first possible); source: Regesta Imperii, Akad. der Wissenschaften und der Literatur | Mainz, CC BY 4.0; retrieved 2026-10-04; https://www.regesta-imperii.de/id/1220-00-00_2_0_5_1_1_1898_1220"
ri:1220-03-29_1_0_5_1_1_1756_1096aa,work,"RI V,1,1 n. 1096aa",,Ostern.,available,1220,,high,"dept: RI V; issuer: Friedrich II.; place: ....; date: 1220-03-29; source: Regesta Imperii, Akad. der Wissenschaften und der Literatur | Mainz, CC BY 4.0; retrieved 2026-10-04; https://www.regesta-imperii.de/id/1220-03-29_1_0_5_1_1_1756_1096aa"
ri:1220-08-00_1_0_5_4_6_185_175,work,"RI V,4,6 n. 175",,"bestätigt auf Bitten des zu ihm gereisten Bischofs Philipp der Kirche zu Troia alle Freiheiten, rechtmäßigen Gewohnheiten und Besitzungen, die sie von seinen Vorgängern erhalten hat, namentlich das Gut Stafilo, das seine Eltern (Ries Nr. 97) ihr nach Ausweis der Urkunden geschenkt haben. In sizilischer Fassung. Zinsmaier, Untersuchungen 457. Kanzleimäßige Schrift. Or. in Troia, Archivio capitolare …",available,1220,,medium,"dept: RI V; issuer: Friedrich II.; place: in castris apud Isinbrugge; date range: 1220-08-01 to 1220-08-31 (year = first possible); source: Regesta Imperii, Akad. der Wissenschaften und der Literatur | Mainz, CC BY 4.0; retrieved 2026-10-04; https://www.regesta-imperii.de/id/1220-08-00_1_0_5_4_6_185_175"
ri:1220-10-30_3_0_5_1_1_1875_1200,work,"RI V,1,1 n. 1200",,"(in stratis in castris) befiehlt denselben bei strafe von zweitausend pfund nach einsichtnahme der von seinen vorgängern dem kloster Mosach (Moggio in Friaul) ertheilten privilegien dessen abt, qui in suis obsequiis insudabat, in den besitz der in ihrem gebiete belegenen sachen und einkünfte des klosters zu setzen. Oesterr. Archiv 21,191 extr. ‒ Mit 1220, 30 nov.; nach dem ausstellorte zweifellos …",available,1220,,high,"dept: RI V; issuer: Friedrich II.; place: ante ecclesiam Sti Laurentii; date: 1220-10-30; source: Regesta Imperii, Akad. der Wissenschaften und der Literatur | Mainz, CC BY 4.0; retrieved 2026-10-04; https://www.regesta-imperii.de/id/1220-10-30_3_0_5_1_1_1875_1200"
ri:1220-12-14_1_0_5_2_4_5167_14670a,work,"RI V,2,4 n. 14670a",,"Rycc. Chron. priora ed. Gaudenzi 101. Vgl. Zusatz zu nr. 1258a. Nach Rycc. geht die kaiserin von hier nach Sessa, Friedrich nach Capua. Vgl. aber nr. 1260a",available,1220,,high,"dept: RI V; issuer: Friedrich II.; place: ap. Montem Casinum; date: 1220-12-14; source: Regesta Imperii, Akad. der Wissenschaften und der Literatur | Mainz, CC BY 4.0; retrieved 2026-10-04; https://www.regesta-imperii.de/id/1220-12-14_1_0_5_2_4_5167_14670a"
ri:1221-02-00_1_0_5_1_2_2592_5534,work,"RI V,1,2 n. 5534",,"bekundet gemeinsam mit ihrem gemahl grafen Wilhelm vom herzog Heinrich von Lothringen (Brabant) die hälfte von Scakerslo zu lehen erhalten zu haben. Extr. bei Butkens Troph. 1,68. Mieris Charterb. 1,178. Kluit Hist. 2a,428. ‒ Mit 1220.",available,1221,,medium,"dept: RI V; issuer: Maria von Brabant, zweite gemahlin Ottos IV.; place: ....; date range: 1221-02-01 to 1221-02-28 (year = first possible); source: Regesta Imperii, Akad. der Wissenschaften und der Literatur | Mainz, CC BY 4.0; retrieved 2026-10-04; https://www.regesta-imperii.de/id/1221-02-00_1_0_5_1_2_2592_5534"
ri:1221-04-29_1_0_5_2_4_2503_12697,work,"RI V,2,4 n. 12697",,"(in palatio d. archiepiscopi) Vor dem bischofe Mainardin von Imola erfolgt die litiscontestation zwischen dem Ugolin de Juliano, grafen der Romania, und dem syndicus des erzbischofs S. von Ravenna, worauf den parteien bis 1 iuni termin zur einbringung von zeugen gegeben wird. Aus dem or. im erzbischöfl. archive zu Ravenna.",available,1221,,high,"dept: RI V; issuer: Italische und burgundische Reichssachen; place: Ravenne; date: 1221-04-29; source: Regesta Imperii, Akad. der Wissenschaften und der Literatur | Mainz, CC BY 4.0; retrieved 2026-10-04; https://www.regesta-imperii.de/id/1221-04-29_1_0_5_2_4_2503_12697"
ri:1221-07-24_1_0_5_2_4_2544_12737,work,"RI V,2,4 n. 12737",,"Gotescalc, podesta von Reggio, stellt dem legaten Hugo anheim, wieviel ritter er für das heil. land haben wolle, und verspricht die von demselben verlangten fünf auf ein iahr zu stellen. Z.: Atzo, abt von S. Benedict supra Padum Leronis, fr. Johann poenitentiar, Stephan cämmerer u. mag. Rainald, caplan des legaten. Levi 22.",available,1221,,high,"dept: RI V; issuer: Italische und burgundische Reichssachen; place: inter Regium et Erbenam; date: 1221-07-24; source: Regesta Imperii, Akad. der Wissenschaften und der Literatur | Mainz, CC BY 4.0; retrieved 2026-10-04; https://www.regesta-imperii.de/id/1221-07-24_1_0_5_2_4_2544_12737"
ri:1221-11-04_2_0_5_2_4_2618_12810,work,"RI V,2,4 n. 12810",,"(‒) Dieselben belehnen gegen zahlung von tausend pfund den Furlanus de Ainardo mit der burg Maserio, welche sie selbst vom bischofe von Feltre und Belluno zu lehen haben. Verci Ecel. 3, 186; vgl. 188. 189. 190.",available,1221,,high,"dept: RI V; issuer: Italische und burgundische Reichssachen; place: (Tarvisii); date: 1221-11-04; source: Regesta Imperii, Akad. der Wissenschaften und der Literatur | Mainz, CC BY 4.0; retrieved 2026-10-04; https://www.regesta-imperii.de/id/1221-11-04_2_0_5_2_4_2618_12810"
ri:1222-04-00_4_0_5_1_1_2074_1383,work,"RI V,1,1 n. 1383",,"bestätigt dem vor ihm erschienenen Friedrich und den andern genannten söhnen der brüder Friedrich und Otto von Bargone, was diese kraft der ihrem vater Bertold vom könig Conrad (1144 apr.) ertheilten verleihung und kraft der bestätigung kaiser Friedrichs (1174 dec. 27) und könig Philipps (1199 feb. 18) vom reiche zu Borgo San Donino und Bargone hatten und auch zur zeit kaiser Heinrichs besassen, o …",available,1222,,medium,"dept: RI V; issuer: Friedrich II.; place: ap. Aquinum; date range: 1222-04-01 to 1222-04-30 (year = first possible); source: Regesta Imperii, Akad. der Wissenschaften und der Literatur | Mainz, CC BY 4.0; retrieved 2026-10-04; https://www.regesta-imperii.de/id/1222-04-00_4_0_5_1_1_2074_1383"
ri:1222-10-00_2_0_5_4_6_252_240,work,"RI V,4,6 n. 240",,"Nach Notizen in Rom, Vatikan. Bibliothek, Cod. Barb. lat. XL 13,106' und XL 11,232 besaß Kloster Ferraria neben BF. 1406 noch ein weiteres D. mit demselben Datum, aber mit kürzerem Inhalt (precedens est difusius). Hinweis bei P. Kehr, Otia diplomatica, in: Göttinger Nachr. 1903, 278 f.",available,1222,,medium,"dept: RI V; issuer: Friedrich II.; date range: 1222-10-01 to 1222-10-31 (year = first possible); source: Regesta Imperii, Akad. der Wissenschaften und der Literatur | Mainz, CC BY 4.0; retrieved 2026-10-04; https://www.regesta-imperii.de/id/1222-10-00_2_0_5_4_6_252_240"
ri:1223-03-00_1_0_5_1_1_2175_1473a,work,"RI V,1,1 n. 1473a",,"Um diese zeit liess der kaiser mehrere burgen bauen, andere aber in gemässheit der beschlüsse des zu Capua gehaltenen reichstags niederreisen. Mense martio etc. In Gaieta Neapoli Aversa et Fogia iussu cesaris castella firmantur, Sernie menia diruuntur etc. Rich. Sang. ‒ [Die angabe des monats bezieht sich nicht gerade bestimmter auf die bauten. Der pallast zu Foggia wurde nach der erhaltenen insch …",available,1223,,medium,"dept: RI V; issuer: Friedrich II.; place: ....; date range: 1223-03-01 to 1223-03-31 (year = first possible); source: Regesta Imperii, Akad. der Wissenschaften und der Literatur | Mainz, CC BY 4.0; retrieved 2026-10-04; https://www.regesta-imperii.de/id/1223-03-00_1_0_5_1_1_2175_1473a"
ri:1223-07-11_1_0_5_2_4_2687_12871,work,"RI V,2,4 n. 12871",,"Johann, cardinalpriester von S. Praxedis, entscheidet auf grund der eingerückten verfügungen der päbste Innocenz und Honorius (1214 sept. 19 P. 4938 s. o. nr. 6174 u. 1218 febr. 22) den streit der ritter und des volks von Perugia (vgl. nr. 12864), und stellt ordnungen für die bürgerschaft auf, die beobachtung der krönungsgesetze des kaisers einschärfend. Z.: die bisch. von Perugia u. Foligno, der …",available,1223,,high,"dept: RI V; issuer: Italische und burgundische Reichssachen; place: Perusii; date: 1223-07-11; source: Regesta Imperii, Akad. der Wissenschaften und der Literatur | Mainz, CC BY 4.0; retrieved 2026-10-04; https://www.regesta-imperii.de/id/1223-07-11_1_0_5_2_4_2687_12871"
ri:1224-02-24_1_0_5_1_2_124_3917,work,"RI V,1,2 n. 3917",,"bestellt den schultheiss und die bürger von Bern zu schirmern des klosters Interlaken, besonders gegen Walters von Eschenbach ansprüche auf die kirche zu Gsteig. Sol. Wochenbl. 1827 s. 154. Schweizer Regg. 1b,44. Huillard 2,789. Zeerleder Bern. Urkkb. 1,210. Fontes rer. Bern. 2,43. Verbesserungen und Zusätze: Vgl. nr. 10902. Verbesserungen und Zusätze (1983): Verfaßt und geschrieben von HA. Zinsma …",available,1224,,high,"dept: RI V; issuer: Heinrich (VII).; place: apud Hagenowe; date: 1224-02-24; source: Regesta Imperii, Akad. der Wissenschaften und der Literatur | Mainz, CC BY 4.0; retrieved 2026-10-04; https://www.regesta-imperii.de/id/1224-02-24_1_0_5_1_2_124_3917"
ri:1224-08-10_1_0_5_1_2_144_3934,work,"RI V,1,2 n. 3934",,"bestätigt dem kloster Wörschweiler (bei Zweibrücken) die schenkung und freiheit, welche demselben sein getreuer Otto von Schonburg auf dessen gütern bei (Ober)Wesel verlieh. Böhmer Acta 278. Zeitschr. für G. des Oberrhein 20.304. Mittelrhein. Urkkb. 3.189. Verbesserungen und Zusätze (1983): Verfaßt und geschrieben von HA. Zinsmaier, Studien 482. Or. in Eybach (Württ.), Gräfl. Degenfeld-Schonburgsc …",available,1224,,high,"dept: RI V; issuer: Heinrich (VII).; place: Spire; date: 1224-08-10; source: Regesta Imperii, Akad. der Wissenschaften und der Literatur | Mainz, CC BY 4.0; retrieved 2026-10-04; https://www.regesta-imperii.de/id/1224-08-10_1_0_5_1_2_144_3934"
ri:1225-00-00_2_0_5_1_2_208_3987,work,"RI V,1,2 n. 3987",,"befreit das kloster Camp von aller zollentrichtung zu Kaiserswerth. Lacomblet Urkundenbuch 2,68 extr. Verbesserungen und Zusätze (1983): VU. BF. 796 fast wörtlich wiederholt. Geschrieben von Empfängerhand, aber anderer Schreiber als in BF. 3986. Zinsmaier, Studien 475. Or. in Düsseldorf, HStA., Camp Nr. 43. Beschreibung: Philippi 93. Ungedruckt.",available,1225,,medium,"dept: RI V; issuer: Heinrich (VII).; place: ....; date range: 1225-01-01 to 1225-12-31 (year = first possible); source: Regesta Imperii, Akad. der Wissenschaften und der Literatur | Mainz, CC BY 4.0; retrieved 2026-10-04; https://www.regesta-imperii.de/id/1225-00-00_2_0_5_1_2_208_3987"
ri:1225-06-06_1_0_5_2_3_4701_10032b,work,"RI V,2,3 n. 10032b",,"Vielleicht hier anwesend, als in dem durch den bischof Jacob von Neutra beurkundeten vergleiche zwischen Oesterreich und Ungarn ausgemacht wurde: Super hiis data est facultas domino C. Portuensi et S. Rufine episc., a. s, leg., excommunicandi alterutram partem, que conventioni in hac carta scripte non steterit. Fischer Gesch. d. Kl. Neuburg 2,177. v. Meiller Babenb. 136. ‒ Ein auf Ungarn und die D …",available,1225,,high,"dept: RI V; issuer: Conrad von Porto und S. Rufina; place: ap. Graez; date: 1225-06-06; source: Regesta Imperii, Akad. der Wissenschaften und der Literatur | Mainz, CC BY 4.0; retrieved 2026-10-04; https://www.regesta-imperii.de/id/1225-06-06_1_0_5_2_3_4701_10032b"
ri:1225-11-19_1_0_5_2_3_4733_10053,work,"RI V,2,3 n. 10053",,"bestätigt dem kloster Salem genannte zehnten, v. Weech Cod. dipl. Salem. 1,180. ‒ Mit 1225.",available,1225,,high,"dept: RI V; issuer: Conrad von Porto und S. Rufina; place: ap. Maguntiam; date: 1225-11-19; source: Regesta Imperii, Akad. der Wissenschaften und der Literatur | Mainz, CC BY 4.0; retrieved 2026-10-04; https://www.regesta-imperii.de/id/1225-11-19_1_0_5_2_3_4733_10053"
ri:1226-01-28_1_0_5_2_3_4750_10067,work,"RI V,2,3 n. 10067",,"bekundet die verabredung wegen ernennung von schiedsrichtern durch dieselben. Z. wie vorher. Sloet 1,494 ex or.",available,1226,,high,"dept: RI V; issuer: Conrad von Porto und S. Rufina; place: Traiecti; date: 1226-01-28; source: Regesta Imperii, Akad. der Wissenschaften und der Literatur | Mainz, CC BY 4.0; retrieved 2026-10-04; https://www.regesta-imperii.de/id/1226-01-28_1_0_5_2_3_4750_10067"
ri:1226-05-26_2_0_5_1_1_2344_1615,work,"RI V,1,1 n. 1615",,"beurkundet dass Conrad bischof von Hildesheim das truchsessenamt seiner kirche welches der dienstmann Ernst zu lehen hatte, von demselben um 150 mark silber an sichern einkünften erkauft und wieder ins eigenthum seiner kirche zurückgerufen habe, und verordnet nun indem er diese rückerwerbung bestätigt, dass dasselbe truchsessenamt niemals wieder von dem bischof oder seinen nachfolgern solle verlie …",available,1226,,high,"dept: RI V; issuer: Friedrich II.; place: apud Parmam; date: 1226-05-26; source: Regesta Imperii, Akad. der Wissenschaften und der Literatur | Mainz, CC BY 4.0; retrieved 2026-10-04; https://www.regesta-imperii.de/id/1226-05-26_2_0_5_1_1_2344_1615"
ri:1226-08-00_5_0_5_1_1_2416_1673a,work,"RI V,1,1 n. 1673a",,"Rückkehr in das königreich. Et sic imperator ad regnum Sicilie regressus mense augusti eiusdem indictionis. Chron. de reb. Sic. bei Huill. 1,897. ‒ Wäre der ausstellort der folgenden urk. Ascoli ‒ Piceno, so könnte die rückkehr erst in die letzten tage des monats fallen. Jene annahme ergäbe aber an und für sich ein sehr auffallendes itinerar, da die vorhergehenden ortsangaben darauf schliessen las …",available,1226,,medium,"dept: RI V; issuer: Friedrich II.; place: in Regnum; date range: 1226-08-01 to 1226-08-31 (year = first possible); source: Regesta Imperii, Akad. der Wissenschaften und der Literatur | Mainz, CC BY 4.0; retrieved 2026-10-04; https://www.regesta-imperii.de/id/1226-08-00_5_0_5_1_1_2416_1673a"
ri:1227-01-11_2_0_5_2_3_1082_6658,work,"RI V,2,3 n. 6658",,"beauftragt den domprobst und den domdecan, sowie den decan von S. Stephan in Mainz, dem erwählten E(ngelbert) von Osnabrück, der von der verwaltung dieser kirche entfernt wurde und sich schon lange am päbstlichen hofe aufhält, in hier näher angegebener weise eine sustentation zu verschaffen. Würdtwein Nova Subs. 4,141. Huill. 2,903. M. G. Ep. pont. 1,254. ‒ :Er war der mitwissenschaft am morde Eng …",available,1227,,high,"dept: RI V; issuer: Honorius III.; place: Laterani; date: 1227-01-11; source: Regesta Imperii, Akad. der Wissenschaften und der Literatur | Mainz, CC BY 4.0; retrieved 2026-10-04; https://www.regesta-imperii.de/id/1227-01-11_2_0_5_2_3_1082_6658"
ri:1227-05-24_1_0_5_2_4_2801_12965a,work,"RI V,2,4 n. 12965a",,"Savona, von wo Amadeus von Savoien entflieht, unterwirft sich den belagernden Genuesen; ebenso Albenga. Ann. Jan., M. G. Ss. 18, 164.",available,1227,,high,"dept: RI V; issuer: Italische und burgundische Reichssachen; place: Savone; date: 1227-05-24; source: Regesta Imperii, Akad. der Wissenschaften und der Literatur | Mainz, CC BY 4.0; retrieved 2026-10-04; https://www.regesta-imperii.de/id/1227-05-24_1_0_5_2_4_2801_12965a"
ri:1227-11-12_1_0_5_1_2_333_4089,work,"RI V,1,2 n. 4089",,"gestattet den bürgern von Basel leben zu erwerben und will dass von ihnen in lehensachen mit drei zeugen ein gerichtlich gültiger beweis geführt werden kann. Z.: die äbte v. Weissenburg u. Selz, C. probst v. Than, H. gr. v. Werda, L. gr. v. Pfirt, A. v. Rapolstein, E. truchs. v. Waldburg, C. schenk v. Winterstetten, A. u. C. br. v. Summerau, der iüngere truchs. v. Waldburg, C. v. Smideveld, Wern. …",available,1227,,high,"dept: RI V; issuer: Heinrich (VII).; place: ....; date: 1227-11-12; source: Regesta Imperii, Akad. der Wissenschaften und der Literatur | Mainz, CC BY 4.0; retrieved 2026-10-04; https://www.regesta-imperii.de/id/1227-11-12_1_0_5_1_2_333_4089"
ri:1228-04-06_1_0_5_1_2_349_4099c,work,"RI V,1,2 n. 4099c",,(Spire) Vgl. zu 1234 apr. 6 eine vielleicht hieher gehörende urk.,available,1228,,high,"dept: RI V; issuer: Heinrich (VII).; place: ....; date: 1228-04-06; source: Regesta Imperii, Akad. der Wissenschaften und der Literatur | Mainz, CC BY 4.0; retrieved 2026-10-04; https://www.regesta-imperii.de/id/1228-04-06_1_0_5_1_2_349_4099c"
ri:1228-10-00_1_0_5_2_4_5216_14706,work,"RI V,2,4 n. 14706",,"bestätigt dem meister vom. hause S. Lazarus in Ierusalem, Gualter de Novo Castello, ein eingerücktes privileg Hainfrids, sohn Hainfrids des iungen, das derselbe mit zustimmung seines herrn, des fürsten Rainald, dem hause 1183 verlieh. Z.: Balian, herr von Sidon, Odo von Montbeliard, connetable, Ioh. de Hibelino, Guarnerus Alemannus. Unter goldbulle. Arch. de l'Orient latin 2, 150.",available,1228,,medium,"dept: RI V; issuer: Friedrich II.; place: ap. Accon; date range: 1228-10-01 to 1228-10-31 (year = first possible); source: Regesta Imperii, Akad. der Wissenschaften und der Literatur | Mainz, CC BY 4.0; retrieved 2026-10-04; https://www.regesta-imperii.de/id/1228-10-00_1_0_5_2_4_5216_14706"
ri:1229-03-18_1_0_5_1_1_2536_1737b,work,"RI V,1,1 n. 1737b",,"Der kaiser nimmt selbst auf sonntag Oculi die krone vom altar, iedoch ohne gottesdienst halten zu lassen, macht ‚angeblich‘ anstalten zur wiederbefestigung der stadt, und erklärt öffentlich in italienischer sprache (denn der deutschordensmeister musste es ins lateinische und deutsche übersetzen), dass er das benehmen des pabstes gegen ihn zu entschuldigen wisse da dieser vor den leuten nicht ander …",available,1229,,high,"dept: RI V; issuer: Friedrich II.; place: in civitate sta Jerusalem; date: 1229-03-18; source: Regesta Imperii, Akad. der Wissenschaften und der Literatur | Mainz, CC BY 4.0; retrieved 2026-10-04; https://www.regesta-imperii.de/id/1229-03-18_1_0_5_1_1_2536_1737b"
ri:1229-09-00_1_0_5_1_1_2574_1762b,work,"RI V,1,1 n. 1762b",,"Aufenthalt auf dem marsche zu San Lorenzo bei Foggia, weil dieses selbst, wie Troia, Casalnuovo, San Severo und Civitate, dem kaiser einlass und markt verweigert. Hier zu S. Lorens trafen gesandte der syrischen barone, welche um herübersendung des iungen Conrad ersuchen sollten, den kaiser, der dann von da nach Capua ging. Chr. de reb. Sic., Cont. Guill. Tyr. bei Huill. 3,156, Martene Coll. 5,702, …",available,1229,,medium,"dept: RI V; issuer: Friedrich II.; place: apud sanctum Laurentium; date range: 1229-09-01 to 1229-09-30 (year = first possible); source: Regesta Imperii, Akad. der Wissenschaften und der Literatur | Mainz, CC BY 4.0; retrieved 2026-10-04; https://www.regesta-imperii.de/id/1229-09-00_1_0_5_1_1_2574_1762b"
ri:1230-00-00_3_0_5_1_1_2604_1773,work,"RI V,1,1 n. 1773",,"meldet denen von Genua, dass er beschlossen habe, die stadt Gaeta, welche sich verrätherisch dem pabste unterwarf, gänzlich zu zerstören und die bewohner hinrichten zu lassen, und fordert sie zur hülfe auf. Et honor‒invitamus. Oesterr. Archiv 14,52. ‒ Zweifellos blosse stylübung, wie andere aus derselben hs. (Lübeck Cod. 152) anzuführende, durchweg auf 1230 deutende stücke. Aber sie scheinen zieml …",available,1230,,medium,"dept: RI V; issuer: Friedrich II.; place: ....; date range: 1230-01-01 to 1230-12-31 (year = first possible); source: Regesta Imperii, Akad. der Wissenschaften und der Literatur | Mainz, CC BY 4.0; retrieved 2026-10-04; https://www.regesta-imperii.de/id/1230-00-00_3_0_5_1_1_2604_1773"
ri:1230-06-15_1_0_5_2_4_2902_13053a,work,"RI V,2,4 n. 13053a",,"Siena wird durch Florenz, Arezzo u. a. besiegt. Ann. Sen., M. G. Ss. 19, 228. Ann. Urbevet., ib. 269. ‒ Vgl. nr. 13038.",available,1230,,high,"dept: RI V; issuer: Italische und burgundische Reichssachen; place: ap. portam de Camollia; date: 1230-06-15; source: Regesta Imperii, Akad. der Wissenschaften und der Literatur | Mainz, CC BY 4.0; retrieved 2026-10-04; https://www.regesta-imperii.de/id/1230-06-15_1_0_5_2_4_2902_13053a"
ri:1230-11-00_1_0_5_2_3_4831_10116,work,"RI V,2,3 n. 10116",,"ernennt Gerhard, decan, und Burchard, prior der Dominicaner in Bremen, zu visitatoren der bisthümer Bremen und Verden. Vgl. deren urk. 1231 märz 11 Hoyer Urkb. 2,18. Ehmck Brem. Urkb. 1,195.",available,1230,,medium,"dept: RI V; issuer: Otto von S. Nicolaus in carcere Tulliano; place: ....; date range: 1230-11-01 to 1230-11-30 (year = first possible); source: Regesta Imperii, Akad. der Wissenschaften und der Literatur | Mainz, CC BY 4.0; retrieved 2026-10-04; https://www.regesta-imperii.de/id/1230-11-00_1_0_5_2_3_4831_10116"
ri:1231-01-20_2_0_5_1_2_446_4182,work,"RI V,1,2 n. 4182",,"schreibt den bürgern (civibus) gemeinlich von Lüttich und den übrigen bürgern (burgensibus) des bisthums, dass er den bischof J. bei seinem rechte erhalten wolle, und ermahnt sie von allen unerlaubter weise eingegangenen einungen verbündnissen verbindungen und eidgenossenschaften abzustehen, indem durch rechtsspruch der fürsten vor ihm erkannt worden sei: dass keine stadt und kein städtlein in sei …",available,1231,,high,"dept: RI V; issuer: Heinrich (VII).; place: apud Wormaciam; date: 1231-01-20; source: Regesta Imperii, Akad. der Wissenschaften und der Literatur | Mainz, CC BY 4.0; retrieved 2026-10-04; https://www.regesta-imperii.de/id/1231-01-20_2_0_5_1_2_446_4182"
ri:1231-06-05_1_0_5_1_2_471_4204,work,"RI V,1,2 n. 4204",,"Heinrich von Neiffen gibt dem vir nobilis Werner von Boland lehenweise, um sich denselben durch hominium zu verbinden, die ihm vom erzbischofe Heinrich von Cöln zu Herlisheim verpfändeten 200 mark. Baur Hess. Urkk. 2a,74 ex or. ‒ Ist anwesenheit des königs und des Werner zu Worms um diese zeit nach nr. 4202 überhaupt nachweisbar, so spricht gewiss die grösste Wahrscheinlichkeit dafür, dass der zu …",available,1231,,high,"dept: RI V; issuer: Heinrich (VII).; place: (Wormacie); date: 1231-06-05; source: Regesta Imperii, Akad. der Wissenschaften und der Literatur | Mainz, CC BY 4.0; retrieved 2026-10-04; https://www.regesta-imperii.de/id/1231-06-05_1_0_5_1_2_471_4204"
ri:1231-12-00_1_0_5_1_1_2773_1912,work,"RI V,1,1 n. 1912",,"verordnet auf bitte des abtes Heinrich von Tegernsee dass dieienigen in Oestreich gelegenen zum lebensunterhalt der klosterbrüder bestimmten und vom reiche zu lehen rührenden güter, welche die früheren äbte zum nachtheil des reichs und des klosters zu lehen gegeben haben, sobald solche dem kloster wieder heimgefallen sein werden, nicht wieder zu lehen gegeben oder sonstwie veräussert werden sollen …",available,1231,,medium,"dept: RI V; issuer: Friedrich II.; place: Ravenne; date range: 1231-12-01 to 1231-12-31 (year = first possible); source: Regesta Imperii, Akad. der Wissenschaften und der Literatur | Mainz, CC BY 4.0; retrieved 2026-10-04; https://www.regesta-imperii.de/id/1231-12-00_1_0_5_1_1_2773_1912"
ri:1232-03-00_2_0_5_1_1_2805_1942,work,"RI V,1,1 n. 1942",,"verkündigt allen geistlichen und weltlichen fürsten prälaten herrn amtleuten richtern und überhaupt allen im reich seinen entschluss in gemässheit seiner pflichten aufs strengste gegen die ketzer zu verfahren, und verordnet in dessen gemässheit: 1) alle von der kirche verdammten und dem weltlichen richter übergebene ketzer sind nach gebühr (mit dem tode) zu bestrafen; 2) solche welche aus furcht v …",available,1232,,medium,"dept: RI V; issuer: Friedrich II.; place: Ravenne; date range: 1232-03-01 to 1232-03-31 (year = first possible); source: Regesta Imperii, Akad. der Wissenschaften und der Literatur | Mainz, CC BY 4.0; retrieved 2026-10-04; https://www.regesta-imperii.de/id/1232-03-00_2_0_5_1_1_2805_1942"
ri:1232-07-01_1_0_5_1_2_515_4236,work,"RI V,1,2 n. 4236",,"schreibt den richtern dem rath und den bürgern gemeinlich von Regensburg dass er aus seinem herzen allen zorn hass und groll wozu ihn ihre vielfältigen übelthaten gereitzt hatten, entfernt habe, wie ihre machtboten ihnen mündlich ausrichten würden, und benachrichtigt sie, dass auf deren bitte vor ihm der rechtsspruch ergangen sei, dass ieder dortige kaufmann zu dem ihm versprochenen Strafgeld verh …",available,1232,,high,"dept: RI V; issuer: Heinrich (VII).; place: apud Egram; date: 1232-07-01; source: Regesta Imperii, Akad. der Wissenschaften und der Literatur | Mainz, CC BY 4.0; retrieved 2026-10-04; https://www.regesta-imperii.de/id/1232-07-01_1_0_5_1_2_515_4236"
ri:1232-11-00_1_0_5_1_1_2890_2008,work,"RI V,1,1 n. 2008",,"gebietet allen seinen beamten im königreich Sicilien dass sie abt und convent des klosters Sta Marina de Stella (zwischen Amalfi und Salerno) an denen ihnen nach dem hof zu Capua bestätigten besitzungen und rechten nicht belästigen sollen, wie das nach klage des klosters in folge der versetzung der beamten (propter mutationem officialium et baiulorum nostrorum de regno quos annuatim et quandoque f …",available,1232,,medium,"dept: RI V; issuer: Friedrich II.; place: Fogie; date range: 1232-11-01 to 1232-11-30 (year = first possible); source: Regesta Imperii, Akad. der Wissenschaften und der Literatur | Mainz, CC BY 4.0; retrieved 2026-10-04; https://www.regesta-imperii.de/id/1232-11-00_1_0_5_1_1_2890_2008"
ri:1233-03-26_1_0_5_1_2_558_4275,work,"RI V,1,2 n. 4275",,"Anwesenheit anzunehmen nach der urk. des markgrafen Hermann von Baden, worin dieser bekennt, im iahre 1232 der kirche von St. Gallen zwei dörfer zu lehen aufgegeben zu haben actum in presentia domini Hainrici Romanorum regis, und das beurkundet unter: datum apud Hallis, 7 kal. apr., ind. 6. Wirtemberg. Jahrb. 1859b,143. Wirtemb. Urkkb. 3,325. St. Gallen Urkkb. 3,84. ‒ [Der anscheinende widerspruch …",available,1233,,high,"dept: RI V; issuer: Heinrich (VII).; place: Hallis; date: 1233-03-26; source: Regesta Imperii, Akad. der Wissenschaften und der Literatur | Mainz, CC BY 4.0; retrieved 2026-10-04; https://www.regesta-imperii.de/id/1233-03-26_1_0_5_1_2_558_4275"
ri:1233-08-05_1_0_5_2_3_1436_6984,work,"RI V,2,3 n. 6984",,"ertheilt dem bruder Johann von Vicenza, predigerordens die befugniss, den Ecelin, die bürger von Verona und deren gönner von der von den damaligen apostolischen legaten Jacob, erwählten von Palestrina, und cardinaldiacon Otto von S. Nicolaus in carcere Tulliano in veranlassung der in der stadt herrschenden zwietracht verhängten excommunication gegen genügende bürgschaft für eingehung und einhaltun …",available,1233,,high,"dept: RI V; issuer: Gregor IX.; place: Anagnie; date: 1233-08-05; source: Regesta Imperii, Akad. der Wissenschaften und der Literatur | Mainz, CC BY 4.0; retrieved 2026-10-04; https://www.regesta-imperii.de/id/1233-08-05_1_0_5_2_3_1436_6984"
ri:1234-01-06_1_0_5_2_4_3046_13156a,work,"RI V,2,4 n. 13156a",,"Sieg der von Cremona unterstützten popularen von Piacenza unter führung des markgrafen Palavicini über die nach Rivergara ausgewanderten ritter, deren podesta Opizo Malaspina war. Joh. de Mussis, M. G. Ss. 18,455. Vgl. das. Ann. Plac. Guelfi über den weiteren verlauf der fehde bis zur sühne von dec. 13 (s. u.).",available,1234,,high,"dept: RI V; issuer: Italische und burgundische Reichssachen; place: ad Gravagum; date: 1234-01-06; source: Regesta Imperii, Akad. der Wissenschaften und der Literatur | Mainz, CC BY 4.0; retrieved 2026-10-04; https://www.regesta-imperii.de/id/1234-01-06_1_0_5_2_4_3046_13156a"
ri:1234-07-03_1_0_5_2_4_3061_13168a,work,"RI V,2,4 n. 13168a",,"(in prato de Bisso) Unentschiedene schlacht der Mailänder, Brescianer und Alessandriner, der ritter von Piacenza und ihrer bundesgenossen, die die damaligen friedensverhandlungen durchkreuzend (Huill. 4, 876 vgl. nr. 2048a) ins Cremonesische eingefallen waren, bei Genivolta gegen Cremona, Pavia, Parma, Modena und die popularen von Piacenza; die ersteren treten iedoch am folgenden tage den rückzug …",available,1234,,high,"dept: RI V; issuer: Italische und burgundische Reichssachen; place: ap. Zovenoltam; date: 1234-07-03; source: Regesta Imperii, Akad. der Wissenschaften und der Literatur | Mainz, CC BY 4.0; retrieved 2026-10-04; https://www.regesta-imperii.de/id/1234-07-03_1_0_5_2_4_3061_13168a"
ri:1234-12-05_2_0_5_2_3_1509_7055,work,"RI V,2,3 n. 7055",,"empfielt dem könige von England die boten, welche der kaiser auf seinen rath wegen einer vermählung mit des königs schwester an denselben schickt, und räth ihm dringend, darauf einzugehen, Rymer 1,220.",available,1234,,high,"dept: RI V; issuer: Gregor IX.; place: Perusii; date: 1234-12-05; source: Regesta Imperii, Akad. der Wissenschaften und der Literatur | Mainz, CC BY 4.0; retrieved 2026-10-04; https://www.regesta-imperii.de/id/1234-12-05_2_0_5_2_3_1509_7055"
ri:1235-04-07_1_0_5_2_3_1529_7075,work,"RI V,2,3 n. 7075",,"bevollmächtigt nach empfang der antwort des kaisers (nr. 2081) genannte cardinäle zum abschluss des friedens mit den Römern auf grundlage der übersandten forma. Papencordt Gesch. der St. Rom 293. M. G. Ep. pont. 1,521. ‒ Es folgt dort eine reihe von acten über den frieden, welcher am 12 apr. von den Römern angenommen, am 24 apr. vom pabste genehmigt und am 16 mai von den Römern beschworen wurde. D …",available,1235,,high,"dept: RI V; issuer: Gregor IX.; place: Perusii; date: 1235-04-07; source: Regesta Imperii, Akad. der Wissenschaften und der Literatur | Mainz, CC BY 4.0; retrieved 2026-10-04; https://www.regesta-imperii.de/id/1235-04-07_1_0_5_2_3_1529_7075"
ri:1235-08-15_1_0_5_1_1_3023_2099c,work,"RI V,1,1 n. 2099c",,Reichshof allgemeiner zur wiederherstellung des rechtszustandes. Pro reformatione tocius terre status indicta Moguntie curia generalis: so der kaiser in der urk. über die errichtung des herzogthums Braunschweig. Vergl. auch das ladschreiben oben nr. 2098. ‒ Curia celeberrima in assumptione beate Marie apud Maguntiam indicitur. Ubi fere omnibus principibus regni Teutonici convenientibus pax iuratur …,available,1235,,high,"dept: RI V; issuer: Friedrich II.; place: apud Moguntiam; date: 1235-08-15; source: Regesta Imperii, Akad. der Wissenschaften und der Literatur | Mainz, CC BY 4.0; retrieved 2026-10-04; https://www.regesta-imperii.de/id/1235-08-15_1_0_5_1_1_3023_2099c"
ri:1235-08-23_1_0_5_2_4_704_11167a,work,"RI V,2,4 n. 11167a",,"Conrad von Hohenlohe, graf der Romagna, trägt dem erzbischofe Heinrich von Cöln seine burg Leindal zu lehen auf, s. o. nr. 2106. ‒ Mit Actum ap. Maguntiam (wo damals der kaiser war), aber mit zeugen, die auf eine abwärts am Rheine geschehene handlung deuten.",available,1235,,high,"dept: RI V; issuer: Reichssachen (Deutsche 1198-1272); place: ap. Maguntiam; date: 1235-08-23; source: Regesta Imperii, Akad. der Wissenschaften und der Literatur | Mainz, CC BY 4.0; retrieved 2026-10-04; https://www.regesta-imperii.de/id/1235-08-23_1_0_5_2_4_704_11167a"
ri:1236-00-00_1_0_5_4_6_616_601,work,"RI V,4,6 n. 601",,"schenkt dem Deutschorden das Patronatsrecht an der Pfarrkirche zu Lauterbach (Diöz. Augsburg). Erwähnt in der Urk. des Kardinallegaten Petrus von S. Georg ad velum aureum von 1254 IX. 28 (BFW. —) in Wien, Deutschordenszentralarchiv, Hs. 161, 118v (Kopiar des DO. zu Donauwörth). Regest der Legatenurk.: A. Steichele, Das Bisthum Augsburg, historisch und statistisch beschrieben. 3 (1872), 807/8. Von …",available,1236,,medium,"dept: RI V; issuer: Konrad IV.; date range: 1236-01-01 to 1236-12-31 (year = first possible); source: Regesta Imperii, Akad. der Wissenschaften und der Literatur | Mainz, CC BY 4.0; retrieved 2026-10-04; https://www.regesta-imperii.de/id/1236-00-00_1_0_5_4_6_616_601"
ri:1236-05-05_1_0_5_2_3_1596_7142,work,"RI V,2,3 n. 7142",,"beauftragt den erzbischof von Mainz auf dessen anfrage, dem erwählten von Worms die weihe zu ertheilen, nachdem eine auf veranlassung des kaisers den bischöfen von Hildesheim und Regensburg über denselben aufgetragene untersuchung keinen fortgang gewonnen, er selbst aber, der bischöfllichen güter beraubt, beim päbstlichen stuhle sich eingefunden hatte. Würdtwein Nova Subs. 9, 10. Huill. 4,842. M. …",available,1236,,high,"dept: RI V; issuer: Gregor IX.; place: Viterbii; date: 1236-05-05; source: Regesta Imperii, Akad. der Wissenschaften und der Literatur | Mainz, CC BY 4.0; retrieved 2026-10-04; https://www.regesta-imperii.de/id/1236-05-05_1_0_5_2_3_1596_7142"
ri:1236-12-00_1_0_5_1_2_709_4384,work,"RI V,1,2 n. 4384",,"beurkundet als rex Jerosolimitanus und gloriosi Romanorum imperatoris natus eine güterschenkung an fleischbänken höfen und anderem seitens des Hermann Anguilla und seiner ehefrau an die Deutschordens brüder zu Nürnberg gegen einen lebenslänglichen zins. Z.: Conrad Bigenot ehemals schultheiss, der amman v. Kudorf, Eberh. schultheiss, Ulr. dictus Turbreche, Berth. u. Conr. Scuteloci, Volkold filius …",available,1236,,medium,"dept: RI V; issuer: Conrad IV.; place: ap. Nurinberc; date range: 1236-12-01 to 1236-12-31 (year = first possible); source: Regesta Imperii, Akad. der Wissenschaften und der Literatur | Mainz, CC BY 4.0; retrieved 2026-10-04; https://www.regesta-imperii.de/id/1236-12-00_1_0_5_1_2_709_4384"
ri:1237-04-00_2_0_5_1_1_3220_2245,work,"RI V,1,1 n. 2245",,"gestattet dem Wolving von Stubenberg, wenn er eine ehefrau nehmen wird, derselben ein beliebiges wittum auf seinen eigengütern bestellen zu dürfen. Hormayr Beitr. zur Preisfrage 1,159. Huill. 5,65. Steiermärk. Urkkb. 2,465 ex or. Verbesserungen und Zusätze (1983): Geschrieben von unbekannter Hand. Or. in Wien, HHStA. Beschreibung: Philippi 86.",available,1237,,medium,"dept: RI V; issuer: Friedrich II.; place: ap. Everdyngen; date range: 1237-04-01 to 1237-04-30 (year = first possible); source: Regesta Imperii, Akad. der Wissenschaften und der Literatur | Mainz, CC BY 4.0; retrieved 2026-10-04; https://www.regesta-imperii.de/id/1237-04-00_2_0_5_1_1_3220_2245"
ri:1237-10-02_1_0_5_1_1_3270_2282a,work,"RI V,1,1 n. 2282a",,(in Brixiano) Lagerung bei Cavriana westlich von Valeggio. Vgl. nachher.,available,1237,,high,"dept: RI V; issuer: Friedrich II.; place: prope Caprianam; date: 1237-10-02; source: Regesta Imperii, Akad. der Wissenschaften und der Literatur | Mainz, CC BY 4.0; retrieved 2026-10-04; https://www.regesta-imperii.de/id/1237-10-02_1_0_5_1_1_3270_2282a"
ri:1238-00-00_3_0_5_1_1_3458_2413,work,"RI V,1,1 n. 2413",,"bekundet dass er den P. Traversaria (den C. de N.) auf dessen bitte und in anbetracht der von demselben früher geleisteten und für die zukunft zu erhoffenden dienste wieder in die fülle seiner gnade aufgenommen habe. Tenore presentium‒culpa. Petr. de Vin. 6,29. Huill. 5,224. ‒ Vgl. oben nr. 2394. Die begnadigung wird nach auslieferung der gefangenen erfolgt sein, deren zeit sich nicht bestimmter e …",available,1238,,medium,"dept: RI V; issuer: Friedrich II.; place: ....; date range: 1238-01-01 to 1238-12-31 (year = first possible); source: Regesta Imperii, Akad. der Wissenschaften und der Literatur | Mainz, CC BY 4.0; retrieved 2026-10-04; https://www.regesta-imperii.de/id/1238-00-00_3_0_5_1_1_3458_2413"
ri:1238-05-22_1_0_5_2_4_3190_13251a,work,"RI V,2,4 n. 13251a",,"Das gebiet von Alessandria wird durch den reichsvicar, markgraf Lancea, mit denen von Pavia, Tortona, Vercelli, Novara, Asti, dem markgrafen von Montferrat u. a. 18 tage lang verwüstet. Ein gleichzeitiger einfall von Mailand ins gebiet von Bergamo endet verlustvoll. Ann. Plac. 479. ‒ Vgl. Friedrichs dank an Pavia nr. 2349.",available,1238,,high,"dept: RI V; issuer: Italische und burgundische Reichssachen; place: ....; date: 1238-05-22; source: Regesta Imperii, Akad. der Wissenschaften und der Literatur | Mainz, CC BY 4.0; retrieved 2026-10-04; https://www.regesta-imperii.de/id/1238-05-22_1_0_5_2_4_3190_13251a"
ri:1238-10-00_2_0_5_1_1_3431_2396,work,"RI V,1,1 n. 2396",,"(‒) beurkundet auf ansuchen des patriarchen Bertold von Aglei und der genannten machtboten der stadt Capo d'Istria (Justinopolis) einen zwischen diesen beiden theilen abgeschlossenen friedensvertrag, betreffend ernennung eines rectors der stadt durch den patriarchen auf vorschlag der bürger, ausübung der hohen gerichtsbarkeit des patriarchen in der stadt durch seinen gastaldio, befugniss des patri …",available,1238,,medium,"dept: RI V; issuer: Friedrich II.; place: in obsidione Brixie; date range: 1238-10-01 to 1238-10-31 (year = first possible); source: Regesta Imperii, Akad. der Wissenschaften und der Literatur | Mainz, CC BY 4.0; retrieved 2026-10-04; https://www.regesta-imperii.de/id/1238-10-00_2_0_5_1_1_3431_2396"
ri:1239-00-00_2_0_5_1_1_3538_2464,work,"RI V,1,1 n. 2464",,"meldet den bürgern von Vercelli die verwüstung des Bolognesischen, die zerstörung vom Rumazzo und Crevalcore und die absendung seines sohnes Enzio königs von Sardinien mit zahlreichem heere zur fortsetzung der verwüstung, indem er sie auffordert ihm zu dem angriff auf Mailand, welchen er nun beabsichtigt, sofort zuzug zu leisten. Cum brachium‒respondere. Martene Coll. 2,1153. Huill. 5,368. Mandell …",available,1239,,medium,"dept: RI V; issuer: Friedrich II.; place: ....; date range: 1239-01-01 to 1239-12-31 (year = first possible); source: Regesta Imperii, Akad. der Wissenschaften und der Literatur | Mainz, CC BY 4.0; retrieved 2026-10-04; https://www.regesta-imperii.de/id/1239-00-00_2_0_5_1_1_3538_2464"
ri:1239-04-00_1_0_5_1_2_738_4399,work,"RI V,1,2 n. 4399",,"beurkundet zu gunsten des klosters Allerheiligen zu Schaffhausen gegen einen dortigen bürger den vor ihm ergangenen rechtsspruch, dass keiner eine mühle zum nachtheil eines andern errichten dürfe. Mitgetheilt von Kirchhofer nach einer abschrift in Schaffhausen. Fickler Quellen u. Forsch. 83. Ulm. Urkkb. 1,59. Verbesserungen und Zusätze (1983): Von KA verfaßt. Zinsmaier, Studien 536. Druck: MGH. Co …",available,1239,,medium,"dept: RI V; issuer: Conrad IV.; place: apud Ulmam; date range: 1239-04-01 to 1239-04-30 (year = first possible); source: Regesta Imperii, Akad. der Wissenschaften und der Literatur | Mainz, CC BY 4.0; retrieved 2026-10-04; https://www.regesta-imperii.de/id/1239-04-00_1_0_5_1_2_738_4399"
ri:1239-07-27_1_0_5_2_3_1716_7254,work,"RI V,2,3 n. 7254",,"beauftragt die bischöfe von Hildesheim und von Merseburg und den abt von Pforta, dem landgrafen (Conrad) von Thüringen, welcher nebst einigen landsleuten aus sündigem leben sich zurückziehen und nach art der reuenden brüder dem ewigen sich zuwenden will, zu so frommem vorsatz ihren beistand zu leihen. Raynald 64. M. G. Ep. pont. 1,656 u. s. ‒ Vgl. über die busse des landgrafen Ann. Erphord. ap. Bö …",available,1239,,high,"dept: RI V; issuer: Gregor IX.; place: Anagnie; date: 1239-07-27; source: Regesta Imperii, Akad. der Wissenschaften und der Literatur | Mainz, CC BY 4.0; retrieved 2026-10-04; https://www.regesta-imperii.de/id/1239-07-27_1_0_5_2_3_1716_7254"
ri:1239-11-08_3_0_5_1_1_3637_2544,work,"RI V,1,1 n. 2544",,"dem iustitiar von Terra Bari, zur iagd geeignete wälder unter defensa zu stellen. Ib. 260, Huillard 484.",available,1239,,high,"dept: RI V; issuer: Friedrich II.; place: apud Laudam; date: 1239-11-08; source: Regesta Imperii, Akad. der Wissenschaften und der Literatur | Mainz, CC BY 4.0; retrieved 2026-10-04; https://www.regesta-imperii.de/id/1239-11-08_3_0_5_1_1_3637_2544"
ri:1239-12-15_9_0_5_1_1_3722_2625,work,"RI V,1,1 n. 2625",,"dem secretus von Palermo über die Verwaltung der güter der kirche von Monreale, über die fortzahlung der zehnten an die kirchen und andere amtsgeschäfte. Ib. 288, H. 568.",available,1239,,high,"dept: RI V; issuer: Friedrich II.; place: ap. Sarzanam; date: 1239-12-15; source: Regesta Imperii, Akad. der Wissenschaften und der Literatur | Mainz, CC BY 4.0; retrieved 2026-10-04; https://www.regesta-imperii.de/id/1239-12-15_9_0_5_1_1_3722_2625"
ri:1240-00-00_1_0_5_2_3_4928_10165a,work,"RI V,2,3 n. 10165a",,"Das capitel von Lüttich, dem der legat die vornahme einer wahl für den am 1 nov. 1239 gestorbenen bischof Wilhelm von Savoien ohne seine betheiligung untersagt hatte, begibt sich zu ihm nach Frankreich und bezeichnet in seiner gegenwart drei candidaten, unter ihnen in erster linie den bischof Robert von Langres. Albricus, M. G. Ss. 23,948 und wesentlich übereinstimmend Aegid. Aureaevall., ib. 25,1 …",available,1240,,medium,"dept: RI V; issuer: Jacob von Palestrina; place: ....; date range: 1240-01-01 to 1240-12-31 (year = first possible); source: Regesta Imperii, Akad. der Wissenschaften und der Literatur | Mainz, CC BY 4.0; retrieved 2026-10-04; https://www.regesta-imperii.de/id/1240-00-00_1_0_5_2_3_4928_10165a"
ri:1240-01-11_9_0_5_1_1_3806_2704,work,"RI V,1,1 n. 2704",,"dem Alexander Henrici, dem Nicolaus de Trano das nöthige zu zahlen. Ib. 319, H. 671.",available,1240,,high,"dept: RI V; issuer: Friedrich II.; place: apud Aretium; date: 1240-01-11; source: Regesta Imperii, Akad. der Wissenschaften und der Literatur | Mainz, CC BY 4.0; retrieved 2026-10-04; https://www.regesta-imperii.de/id/1240-01-11_9_0_5_1_1_3806_2704"
ri:1240-02-09_1_0_5_1_1_3905_2798,work,"RI V,1,1 n. 2798",,"(in maiori ecclesia) Allgemeine sprache. Der kaiserliche richter Peter de Vinea erklärt in gegenwart des kaisers und in generali parlamento seu colloquio ambasciatorum multarum civitatum, dass der kaiser frieden unter allen städten Italiens befiehlt, insbesondere zwischen Gubbio und Città di Castello sub poena banni personae et terrae. Z.: König Heinrich legat ganz Italiens, Torna de Acorri (Thoma …",available,1240,,high,"dept: RI V; issuer: Friedrich II.; place: Fulginei; date: 1240-02-09; source: Regesta Imperii, Akad. der Wissenschaften und der Literatur | Mainz, CC BY 4.0; retrieved 2026-10-04; https://www.regesta-imperii.de/id/1240-02-09_1_0_5_1_1_3905_2798"
ri:1240-03-12_6_0_5_1_1_4003_2889,work,"RI V,1,1 n. 2889",,"dem Obertus Fallamonachus secretus Panormi, dem gaytus Philippus bei dessen geschäften rath und hülfe zu gewähren und sich von ihm rechnung für das letztvergangene und das laufende indictionsiahr legen zu lassen. Ib. 370. H. 821.",available,1240,,high,"dept: RI V; issuer: Friedrich II.; place: Viterbii; date: 1240-03-12; source: Regesta Imperii, Akad. der Wissenschaften und der Literatur | Mainz, CC BY 4.0; retrieved 2026-10-04; https://www.regesta-imperii.de/id/1240-03-12_6_0_5_1_1_4003_2889"
ri:1240-04-11_1_0_5_2_4_829_11255,work,"RI V,2,4 n. 11255",,"Albert, archidiacon von Passau, befielt dem bischofe von Augsburg, gegen die bürger von Augsburg, Ulm, (Donau)wörth, Lopuging(?), Nördlingen, Aufkirchen, Murnau und andere, die dem kaiser mannschaften nach Italien schickten, bann und interdict zu verkünden. Oefele Script. 1,794 extr. Alb. Boh. ed Höfler 4 extr. ‒ Ebenso dem bischofe von Wirzburg wegen der bürger von Ansbach, Dinkelsbühl, Gmünd, Le …",available,1240,,high,"dept: RI V; issuer: Reichssachen (Deutsche 1198-1272); place: ....; date: 1240-04-11; source: Regesta Imperii, Akad. der Wissenschaften und der Literatur | Mainz, CC BY 4.0; retrieved 2026-10-04; https://www.regesta-imperii.de/id/1240-04-11_1_0_5_2_4_829_11255"
ri:1240-05-03_13_0_5_1_1_4194_3073,work,"RI V,1,1 n. 3073",,"dem R. de Polcaro magister procurator von Termoli bis Porta Roseti (irrig nach nr. 3070), anfragen wegen wiederherstellung der häuser und weingärten der curie beantwortend; ‒ dem Johann de Zoffo grosscämmerer von Calabrien, ienem pech zu senden. Ib. 236, H. 961.",available,1240,,high,"dept: RI V; issuer: Friedrich II.; place: in Orta; date: 1240-05-03; source: Regesta Imperii, Akad. der Wissenschaften und der Literatur | Mainz, CC BY 4.0; retrieved 2026-10-04; https://www.regesta-imperii.de/id/1240-05-03_13_0_5_1_1_4194_3073"
ri:1240-06-04_1_0_5_1_1_4247_3120,work,"RI V,1,1 n. 3120",,"dem Wilhelm de Laurentio, eine zahlung in empfang zu nehmen. Reg. Fr. C. 359, H. 997.",available,1240,,high,"dept: RI V; issuer: Friedrich II.; place: apud Capuam; date: 1240-06-04; source: Regesta Imperii, Akad. der Wissenschaften und der Literatur | Mainz, CC BY 4.0; retrieved 2026-10-04; https://www.regesta-imperii.de/id/1240-06-04_1_0_5_1_1_4247_3120"
ri:1240-10-08_1_0_5_1_2_2176_5286n,work,"RI V,1,2 n. 5286n",,"Ankunft in vigilia s. Dionysii. Richard bringt den schon früher von den Johannitern mit dem sultan Ejub von Aegypten verabredeten waffenstillstand im feb. 1241 zum abschluss und vollzug, befreit damit die bei Gaza gefangenen kreuzfahrer, erbaut die burg von Ascalon und schifft sich am 3 mai wieder ein. Vgl. Wilken Kreuzz. 6,611 ff. Röhricht Beitr. 2,271. 281.",available,1240,,high,"dept: RI V; issuer: Richard; place: Accon; date: 1240-10-08; source: Regesta Imperii, Akad. der Wissenschaften und der Literatur | Mainz, CC BY 4.0; retrieved 2026-10-04; https://www.regesta-imperii.de/id/1240-10-08_1_0_5_1_2_2176_5286n"
ri:1241-00-00_1_0_5_4_6_434_423,work,"RI V,4,6 n. 423",,"Deperditum unbekannten Inhalts für einen unbekannten Empfänger, erwähnt in einem Pergament des Notars Ugone Tratta von 1338. Giuseppe Marchese, Tebe Lucana, Val di Crati e l'odierna Luzzi. Napoli 1957. S. 143.",available,1241,,medium,"dept: RI V; issuer: Friedrich II.; date range: 1241-01-01 to 1241-12-31 (year = first possible); source: Regesta Imperii, Akad. der Wissenschaften und der Literatur | Mainz, CC BY 4.0; retrieved 2026-10-04; https://www.regesta-imperii.de/id/1241-00-00_1_0_5_4_6_434_423"
ri:1241-04-14_1_0_5_2_4_3366_13368a,work,"RI V,2,4 n. 13368a",,"Einnahme von Faenza, nachdem es seit aug. 26 unablässig belagert worden war, s. nr. 3196b ff.",available,1241,,high,"dept: RI V; issuer: Italische und burgundische Reichssachen; place: ....; date: 1241-04-14; source: Regesta Imperii, Akad. der Wissenschaften und der Literatur | Mainz, CC BY 4.0; retrieved 2026-10-04; https://www.regesta-imperii.de/id/1241-04-14_1_0_5_2_4_3366_13368a"
ri:1241-08-22_1_0_5_1_1_4383_3224,work,"RI V,1,1 n. 3224",,"antwortet dem Masnerius de Burgo podesta von Como und generalcapitän des reichs über die benachbarten gebiete, dass es trotz einiger verleihungen zu eigen nicht seine absicht sei, Como etwas von den einkünften aus den gütern der kirche und der rebellischen Mailänder zu entziehen; dass er bezüglich der engeren haft des zu Pavia befindlichen sohnes des Guazinus Ruscha dem Marino de Ebulo generalcapi …",available,1241,,high,"dept: RI V; issuer: Friedrich II.; place: prope Columpnam; date: 1241-08-22; source: Regesta Imperii, Akad. der Wissenschaften und der Literatur | Mainz, CC BY 4.0; retrieved 2026-10-04; https://www.regesta-imperii.de/id/1241-08-22_1_0_5_1_1_4383_3224"
ri:1242-00-00_1_0_5_4_6_548_534,work,"RI V,4,6 n. 534",,"Registerfragment (Fines tenimenti foreste Lacuspensule secundum antiquum registrum Friderici) in Neapel, Bibloteca Nazionale, ms. XII' — B — 45, cc. 293 a — 4 a (angiovinische Herkunft). Druck: G. M. Monti, Cinque postille di storia calabro-lucana, in: Arch. stor. per la Calabria e la Lucania. Anno I. (Roma 1931), 93.",available,1242,,medium,"dept: RI V; issuer: Friedrich II. – uneinreihbare Stücke; date range: 1242-01-01 to 1242-12-31 (year = first possible); source: Regesta Imperii, Akad. der Wissenschaften und der Literatur | Mainz, CC BY 4.0; retrieved 2026-10-04; https://www.regesta-imperii.de/id/1242-00-00_1_0_5_4_6_548_534"
ri:1242-04-06_1_0_5_1_2_822_4455,work,"RI V,1,2 n. 4455",,"bestätigt einen von den bürgern von Frankfurt, Johann Goltstein und Ulrich Longus, in bezug auf das von ihnen um hundert mark erkaufte dorf Fechenheim dahin abgeschlossenen vertrag, dass nach dem tode des einen der andere dessen hälfte um den dafür gezahlten halben kaufpreis von den erben an sich bringen könne. Lersners Chronik 2a,177. Beschr. der Hanau-Minz. Lande 106. Böhmer Cod. Moenofr. 1,69. …",available,1242,,high,"dept: RI V; issuer: Conrad IV.; place: apud Frankenford; date: 1242-04-06; source: Regesta Imperii, Akad. der Wissenschaften und der Literatur | Mainz, CC BY 4.0; retrieved 2026-10-04; https://www.regesta-imperii.de/id/1242-04-06_1_0_5_1_2_822_4455"
ri:1242-12-00_1_0_5_2_4_3458_13432,work,"RI V,2,4 n. 13432",,"Bonagiunta di Tibberto, syndicus von Città di Castello, zahlt an Aldobrando Cacciaconti, podesta von Castello, den sold für die dienste, welche er im kaiserlichen heere für die stadt geleistet hatte. Muzi Mem. di C. di Castello 6,55 extr. ‒ Vgl. nr. 13427. 13434.",available,1242,,medium,"dept: RI V; issuer: Italische und burgundische Reichssachen; place: Novarie; date range: 1242-12-01 to 1242-12-31 (year = first possible); source: Regesta Imperii, Akad. der Wissenschaften und der Literatur | Mainz, CC BY 4.0; retrieved 2026-10-04; https://www.regesta-imperii.de/id/1242-12-00_1_0_5_2_4_3458_13432"
ri:1243-02-12_1_0_5_4_6_443_431,work,"RI V,4,6 n. 431",,"befiehlt dem Justitiar von Terra di Bari, Berard von Castagna, der Absteckung der Grenze und der Feststellung des Zinses von Altamura beizuwohnen. Erwähnt in Or.-Urk. des scriniarius Philipp von Matera und des Benedikt, Comestabel von S. Chirico, von 1243 II. 12 Altamura in Altamura, Archivio comunale. Regest: Niese, Normannische und staufische Urk., in: QuF. 9 (1906), 267 f.",available,1243,,high,"dept: RI V; issuer: Friedrich II.; date: 1243-02-12; source: Regesta Imperii, Akad. der Wissenschaften und der Literatur | Mainz, CC BY 4.0; retrieved 2026-10-04; https://www.regesta-imperii.de/id/1243-02-12_1_0_5_4_6_443_431"
ri:1243-08-26_1_0_5_2_3_1877_7393,work,"RI V,2,3 n. 7393",,"antwortet dem erzbischof von Rouen, dem gewesenen bischof von Modena, und dem abt von S. Facundus, seinen machtboten bei Friedrich, dass er aus angegebenen gründen weder die klagen desselben gegründet finden, noch dessen bitten nachgeben könne; insbesondere könne er den legaten der kirche aus der Lombardei nicht zurückrufen [vgl. nr. 3362b ], da dies verrath an den Lombarden wäre; ferner könne er …",available,1243,,high,"dept: RI V; issuer: Innocenz IV.; place: Anagnie; date: 1243-08-26; source: Regesta Imperii, Akad. der Wissenschaften und der Literatur | Mainz, CC BY 4.0; retrieved 2026-10-04; https://www.regesta-imperii.de/id/1243-08-26_1_0_5_2_3_1877_7393"
ri:1243-12-15_1_0_5_2_3_1918_7431,work,"RI V,2,3 n. 7431",,"befielt genannten, den P(erzival) Doria, podesta von (Parma), und rath und gemeinde von Parma, welche häuser des capitels anzündeten, ungerechte abgaben von demselben verlangten und es in bann legten, zur restitution und zur aufhebung des banns anzuhalten. Berger 1,59 extr.",available,1243,,high,"dept: RI V; issuer: Innocenz IV.; place: Laterani; date: 1243-12-15; source: Regesta Imperii, Akad. der Wissenschaften und der Literatur | Mainz, CC BY 4.0; retrieved 2026-10-04; https://www.regesta-imperii.de/id/1243-12-15_1_0_5_2_3_1918_7431"
ri:1244-03-31_1_0_5_1_1_4630_3423a,work,"RI V,1,1 n. 3423a",,"Unterwerfung unter den pabst und die kirche beschworen, ‚und bruch dieses eides.‘ Am heutigen feste der Coena Domini (vgl. auch Ann. Plac., Ann. S. Pantal.) schworen zu Rom nach langen vorausgegangenen verhandlungen öffentlich vor dem kaiser Balduin von Constantinopel den cardinälen den senatoren und allem volk die kaiserlichen machtboten: der graf von Toulouse und die hofrichter Peter von Vinea u …",available,1244,,high,"dept: RI V; issuer: Friedrich II.; place: ....; date: 1244-03-31; source: Regesta Imperii, Akad. der Wissenschaften und der Literatur | Mainz, CC BY 4.0; retrieved 2026-10-04; https://www.regesta-imperii.de/id/1244-03-31_1_0_5_1_1_4630_3423a"
ri:1244-10-22_1_0_5_2_4_3576_13525,work,"RI V,2,4 n. 13525",,"Pandulf von Fasanella u. s. w. empfängt vom abte von S. Salvator in Monte Amiate ein schreiben des kaisers vom 27 aug. (oben nr. 3444) und lässt es transsumiren. Z.: Phil de Brundusio u. Gratian de Senis, iudices assessores d. capitanei, u. a. Ego Jacobus Renaldi de Podiobonizi etc. Huill. 6,233.",available,1244,,high,"dept: RI V; issuer: Italische und burgundische Reichssachen; place: apud Senas; date: 1244-10-22; source: Regesta Imperii, Akad. der Wissenschaften und der Literatur | Mainz, CC BY 4.0; retrieved 2026-10-04; https://www.regesta-imperii.de/id/1244-10-22_1_0_5_2_4_3576_13525"
ri:1245-00-00_5_0_5_1_1_4784_3524,work,"RI V,1,1 n. 3524",,"dem magister camerarius von Calabrien, dem emptor curie Rar. de Caitramanico, den sold für sich, drei schildträger und einen notar zu zahlen. Ib. nr. 82, W. 687.",available,1245,,medium,"dept: RI V; issuer: Friedrich II.; place: ....; date range: 1245-01-01 to 1245-12-31 (year = first possible); source: Regesta Imperii, Akad. der Wissenschaften und der Literatur | Mainz, CC BY 4.0; retrieved 2026-10-04; https://www.regesta-imperii.de/id/1245-00-00_5_0_5_1_1_4784_3524"
ri:1245-06-00_1_0_5_1_1_4711_3479,work,"RI V,1,1 n. 3479",,"ermächtigt den bruder Heinrich von Hohenloch meister des Deutschorden auf dessen bitte, die länder Curland Littauen und Semgallen mit aller gewalt anzugreifen, verleiht und bestätigt ihm seinen nachfolgern und seinem ordenshaus alles was er dort erobern wird, um es frei von dienst und abgabe zu besitzen und keinem damit unterworfen zu sein als ihm und seinen nachfolgern am reich, indem er zugleich …",available,1245,,medium,"dept: RI V; issuer: Friedrich II.; place: Verone; date range: 1245-06-01 to 1245-06-30 (year = first possible); source: Regesta Imperii, Akad. der Wissenschaften und der Literatur | Mainz, CC BY 4.0; retrieved 2026-10-04; https://www.regesta-imperii.de/id/1245-06-00_1_0_5_1_1_4711_3479"
ri:1245-09-04_2_0_5_2_3_2079_7573,work,"RI V,2,3 n. 7573",,"löst den Johann de Trotta, den Mainardin de Mainardis und andre bürger von Ferrara von allen gegen den boten Friedrichs eingegangenen verbindlichkeiten. Theiner Cod. dom. 1,121.",available,1245,,high,"dept: RI V; issuer: Innocenz IV.; place: Lugduni; date: 1245-09-04; source: Regesta Imperii, Akad. der Wissenschaften und der Literatur | Mainz, CC BY 4.0; retrieved 2026-10-04; https://www.regesta-imperii.de/id/1245-09-04_2_0_5_2_3_2079_7573"
ri:1246-00-00_1_0_5_2_4_5343_14797,work,"RI V,2,4 n. 14797",,"verleiht den nonnen von Cronschwitz (iährlich) 40 pfund als ihr eigenthum unter dem reich. Aus der Cronschwitzer chronik bei Schmidt Urkb. d. Vögte v. Weida 1,47 cit.",available,1246,,medium,"dept: RI V; issuer: Heinrich Raspe; place: ....; date range: 1246-01-01 to 1246-12-31 (year = first possible); source: Regesta Imperii, Akad. der Wissenschaften und der Literatur | Mainz, CC BY 4.0; retrieved 2026-10-04; https://www.regesta-imperii.de/id/1246-00-00_1_0_5_2_4_5343_14797"
ri:1246-04-06_1_0_5_2_4_3638_13571,work,"RI V,2,4 n. 13571",,"Robert von Castiglione, generalvicar des reichs in der Mark, nimmt die von Camerino wieder in die gnade des kaisers auf und ertheilt ihnen angegebene zusicherungen, indem er die begnadigung auch auf genannte orte, welche Camerino anhingen, ausdehnt und verspricht, sich dafür zu bemühen, dass Marinus de Ebulo, vicar des herzogthums, das auch bezüglich der orte seines gebiets thun und der kaiser all …",available,1246,,high,"dept: RI V; issuer: Italische und burgundische Reichssachen; place: apud Matelicam; date: 1246-04-06; source: Regesta Imperii, Akad. der Wissenschaften und der Literatur | Mainz, CC BY 4.0; retrieved 2026-10-04; https://www.regesta-imperii.de/id/1246-04-06_1_0_5_2_4_3638_13571"
ri:1246-07-10_2_0_5_2_3_2183_7672,work,"RI V,2,3 n. 7672",,"ermächtigt den bischof (Robert) von Lüttich wegen der kirchenangelegenheit mit rath des Predigerpriors und des Minoritenguardians von Lüttich eine anleihe zu machen und für dieselbe die güter seines bisthums zu verpfänden. Sbaralea Bull. Franc. 1,419. M. G. Ep. pont. 2,167. ‒ Gleiche erlaubniss iuli 14 für den erwählten (Heinrich) von Strassburg auf dessen bitte. M. G. 168.",available,1246,,high,"dept: RI V; issuer: Innocenz IV.; place: Lugduni; date: 1246-07-10; source: Regesta Imperii, Akad. der Wissenschaften und der Literatur | Mainz, CC BY 4.0; retrieved 2026-10-04; https://www.regesta-imperii.de/id/1246-07-10_2_0_5_2_3_2183_7672"
ri:1246-11-00_1_0_5_2_4_3662_13584a,work,"RI V,2,4 n. 13584a",,"Entius geht von Modena auf befehl des kaisers mit truppen aus Reggio, Parma und Cremona ad partes Taurini, occasione prohibendi transitum militibus pape, quos in subsidium Lombardorum destinare volebat, sed (Amedeus) comes Savolie fidelis imperatoris eos venire non permisit. Ann. Plac. 493 (vgl. 494). Dieses eingreifen des Savoiers erfolgte aber erst im frühlinge, s. u. zu 1247 märz 8. Vgl. Ann. J …",available,1246,,medium,"dept: RI V; issuer: Italische und burgundische Reichssachen; place: ....; date range: 1246-11-01 to 1246-11-30 (year = first possible); source: Regesta Imperii, Akad. der Wissenschaften und der Literatur | Mainz, CC BY 4.0; retrieved 2026-10-04; https://www.regesta-imperii.de/id/1246-11-00_1_0_5_2_4_3662_13584a"
ri:1247-00-00_2_0_5_1_1_4932_3640,work,"RI V,1,1 n. 3640",,"fordert ungenannte (die bürger von Worms?) auf bei ihrer standhaften treue, welche sich durch fünf iahre fortgesetzte angriffe der feinde nicht erschüttern liess, zu verharren und sich nicht schrecken zu lassen, da er nach besiegung der stadt Parma und ihrer anhänger, quos valida obsidione iam cinximus, alsbald zu ihrer unterstützung nach Deutschland kommen werde. Puritatem fidei‒processuri. Winke …",available,1247,,medium,"dept: RI V; issuer: Friedrich II.; place: ....; date range: 1247-01-01 to 1247-12-31 (year = first possible); source: Regesta Imperii, Akad. der Wissenschaften und der Literatur | Mainz, CC BY 4.0; retrieved 2026-10-04; https://www.regesta-imperii.de/id/1247-00-00_2_0_5_1_1_4932_3640"
ri:1247-03-00_2_0_5_1_1_4888_3615,work,"RI V,1,1 n. 3615",,"ernennt den Ugo Ranaldus sohn des Guido Tarduccius aus Cortona zu einem kaiserlichen notar. Archivio stor. It. App. 2,464. Huill. 6,512.",available,1247,,medium,"dept: RI V; issuer: Friedrich II.; place: apud sanctum Quiricum; date range: 1247-03-01 to 1247-03-31 (year = first possible); source: Regesta Imperii, Akad. der Wissenschaften und der Literatur | Mainz, CC BY 4.0; retrieved 2026-10-04; https://www.regesta-imperii.de/id/1247-03-00_2_0_5_1_1_4888_3615"
ri:1247-05-11_4_0_5_2_3_2311_7800,work,"RI V,2,3 n. 7800",,"befielt demselben, die von Osimo zum ersatz des schadens zu zwingen, den sie oder auf ihre veranlassung Friedrichs heer von der zeit an, da er die Mark in besitz nahm, seiner kirche zufügten. Theiner 1,124. M. G. Ep. pont. 2,265.",available,1247,,high,"dept: RI V; issuer: Innocenz IV.; place: Lugduni; date: 1247-05-11; source: Regesta Imperii, Akad. der Wissenschaften und der Literatur | Mainz, CC BY 4.0; retrieved 2026-10-04; https://www.regesta-imperii.de/id/1247-05-11_4_0_5_2_3_2311_7800"
ri:1247-07-09_1_0_5_2_3_4995_10188d,work,"RI V,2,3 n. 10188d",,"Erhält vom pabste zu seinem unterhalte auf lebenszeit die verwaltung des vacanten bisthums Lübeck, s. nr. 7847, wofür er wahrscheinlich nun auf Chiemsee verzichtete. Vgl. nr. 7886. ‒ Weitere begünstigungen und auftrage für ihn P. 12671. 72. 86 ff. M. G. Ep. pont. 2,311 anm. 1. Er war um diese zeit wahrscheinlich selbst in Lyon, vgl. nr. 7893.",available,1247,,high,"dept: RI V; issuer: Albert von Preussen und Livland; place: ....; date: 1247-07-09; source: Regesta Imperii, Akad. der Wissenschaften und der Literatur | Mainz, CC BY 4.0; retrieved 2026-10-04; https://www.regesta-imperii.de/id/1247-07-09_1_0_5_2_3_4995_10188d"
ri:1247-10-08_1_0_5_1_2_1636_4889,work,"RI V,1,2 n. 4889",,"belehnt den grafen Otto von Geldern und Zütphen wegen seiner steten treue und zur belohnung seiner frommen that nach einwilligung der fürsten mit der burg von Nimwegen und zugehör für 10000 mark silber und soviel als derselbe auf deren bau künftig verwenden wird, bestätigt ihm den zoll zu Lobith sammt allen andern lehen, welche der graf und dessen vorfahren bisher vom reiche trugen, und gestattet …",available,1247,,high,"dept: RI V; issuer: Wilhelm; place: apud Nussiam; date: 1247-10-08; source: Regesta Imperii, Akad. der Wissenschaften und der Literatur | Mainz, CC BY 4.0; retrieved 2026-10-04; https://www.regesta-imperii.de/id/1247-10-08_1_0_5_1_2_1636_4889"
ri:1248-00-00_1_0_5_1_1_5017_3700,work,"RI V,1,1 n. 3700",,"antwortet der gemeinde Poggibonzi auf deren vollste ergebenheit zusicherndes schreiben; meldet dass es ihm trotz aller hindernisse welche ihm die rebellen zu bereiten suchen wohlgeht, dass, nachdem er vorher in Cremona war und dann apud pontem Bugni sorge trug, dass nichts an ihrer, ihm die beherrschung des Po sichernden hut versäumt werde, ihm die nachricht gebracht wurde, dass per rebelles nostr …",available,1248,,medium,"dept: RI V; issuer: Friedrich II.; place: Cremone; date range: 1248-01-01 to 1248-12-31 (year = first possible); source: Regesta Imperii, Akad. der Wissenschaften und der Literatur | Mainz, CC BY 4.0; retrieved 2026-10-04; https://www.regesta-imperii.de/id/1248-00-00_1_0_5_1_1_5017_3700"
ri:1248-02-02_1_0_5_2_4_3778_13641b,work,"RI V,2,4 n. 13641b",,"Austreibung der bisher noch in Florenz verbliebenen Guelfen durch Friedrich von Antiochia, s. o. nr. 13634g . Vgl. [Perrens 1,314. Bonaini Della parte Guelfa, im Giorn. degli archivi (1858) 2, 174.] Hartwig 2,177. ‒ Wegen Friedrichs massregeln zum schutze der stadt vgl. nr. 3705. Seine besetzung von Prato (s. nr. 3671) wird auch vornehmlich gegen die florentinischen Guelfen gerichtet gewesen sein.",available,1248,,high,"dept: RI V; issuer: Italische und burgundische Reichssachen; place: Florentie; date: 1248-02-02; source: Regesta Imperii, Akad. der Wissenschaften und der Literatur | Mainz, CC BY 4.0; retrieved 2026-10-04; https://www.regesta-imperii.de/id/1248-02-02_1_0_5_2_4_3778_13641b"
ri:1248-03-30_4_0_5_2_3_2483_7972,work,"RI V,2,3 n. 7972",,"gestattet denselben, dass sie während der nächsten fünf iahre durch päbstliche briefe nicht vor gericht ausserhalb der stadt und des districts von Basel gezogen werden können. Berger 1,577. M. G. Ep. pont. 2,367. Urkb. d. St. Basel 1,148.",available,1248,,high,"dept: RI V; issuer: Innocenz IV.; place: Lugduni; date: 1248-03-30; source: Regesta Imperii, Akad. der Wissenschaften und der Literatur | Mainz, CC BY 4.0; retrieved 2026-10-04; https://www.regesta-imperii.de/id/1248-03-30_4_0_5_2_3_2483_7972"
ri:1248-06-00_1_0_5_1_1_5026_3708,work,"RI V,1,1 n. 3708",,"(in castris) belehnt den Otto pfalzgrafen am Rhein und herzog von Baiern wegen seiner reinen treue und aufrichtigen widmung, in erwägung der offenbaren verrätherei welche Otto herzog von Meran treuloser weise an ihm und dem reich begangen hat, mit den grafschaften Neuenburg und Scherding welche besagter herzog von Meran bisher vom reiche trog. Per m. mag. Petri de Vinea etc. Fischers Kl. Schriften …",available,1248,,medium,"dept: RI V; issuer: Friedrich II.; place: ....; date range: 1248-06-01 to 1248-06-30 (year = first possible); source: Regesta Imperii, Akad. der Wissenschaften und der Literatur | Mainz, CC BY 4.0; retrieved 2026-10-04; https://www.regesta-imperii.de/id/1248-06-00_1_0_5_1_1_5026_3708"
ri:1248-10-01_1_0_5_2_4_3837_13687,work,"RI V,2,4 n. 13687",,"(in castris) Octavian u. s. w. und Bonifacius de Carro, podesta von Bologna, welche die burg Nonantula belagern, gewähren denen von Nonantula frieden auf angegebene bedingungen, wonach sie insbesondere den ort nicht in die gewalt des kaisers oder der stadt Modena kommen lassen sollen. Savioli 3b, 1229. Tiraboschi Mem. Mod. 5, 28. ‒ Oct. 2 wurde die burg vom podesta der aussenpartei von Modena zur …",available,1248,,high,"dept: RI V; issuer: Italische und burgundische Reichssachen; place: iuxta Nonantulam; date: 1248-10-01; source: Regesta Imperii, Akad. der Wissenschaften und der Literatur | Mainz, CC BY 4.0; retrieved 2026-10-04; https://www.regesta-imperii.de/id/1248-10-01_1_0_5_2_4_3837_13687"
ri:1248-12-11_2_0_5_1_2_1712_4950,work,"RI V,1,2 n. 4950",,"(‒) bestätigt dem Deutschorden auf bitte des comthurs Albrecht von Hallenberg nach dem beispiel seiner vorfahren seine freiheiten rechte und besitzungen. (Feder) Hist. dipl. Unterricht u. s. w. no. 8. Hess. Urkkb. I 1,79 ex or. Verbesserungen und Zusätze (1983): Hägermann 385: Zur Diktatgruppe des WC gehörig, geschrieben von WB. Or. in Marburg, StA. Schriftprobe: Hägermann Abb. 2. Druck: de Geer, …",available,1248,,high,"dept: RI V; issuer: Wilhelm; place: ....; date: 1248-12-11; source: Regesta Imperii, Akad. der Wissenschaften und der Literatur | Mainz, CC BY 4.0; retrieved 2026-10-04; https://www.regesta-imperii.de/id/1248-12-11_2_0_5_1_2_1712_4950"
ri:1249-01-07_2_0_5_1_2_1721_4957,work,"RI V,1,2 n. 4957",,"erneuert dem abt und convent zu Himmenrode die zollfreiheit zu Gervliet für iährlich ein mit wein oder andern gütern des klosters befrachtetes schiff. Aus einem transsumpt sec. 14 zu Coblenz. Böhmer Acta 296. Mittelrh. Urkkb. 3,733. Verbesserungen und Zusätze (1983): Hägermann 84, 385 f.: Zur Diktatgruppe des WC gehörig.",available,1249,,high,"dept: RI V; issuer: Wilhelm; place: Colonie; date: 1249-01-07; source: Regesta Imperii, Akad. der Wissenschaften und der Literatur | Mainz, CC BY 4.0; retrieved 2026-10-04; https://www.regesta-imperii.de/id/1249-01-07_2_0_5_1_2_1721_4957"
ri:1249-04-07_1_0_5_2_3_2631_8118,work,"RI V,2,3 n. 8118",,"meldet allen bischöfen und geistlichen personen (baronen, edeln und gemeinden) in der mark Ancona und dem herzogthume Spoleto, dass er, um das königreich Sicilien von den bedrückungen Friedrichs zu befreien, dorthin den cardinaldiacon P (etrus) von S. Georg ad Velum aureum als legaten mit voller gewalt sende, und dass er demselben zugleich die volle rectorie und legation in der mark und dem herzog …",available,1249,,high,"dept: RI V; issuer: Innocenz IV.; place: Lugduni; date: 1249-04-07; source: Regesta Imperii, Akad. der Wissenschaften und der Literatur | Mainz, CC BY 4.0; retrieved 2026-10-04; https://www.regesta-imperii.de/id/1249-04-07_1_0_5_2_3_2631_8118"
ri:1249-06-12_1_0_5_2_3_2702_8188,work,"RI V,2,3 n. 8188",,"befielt denen, welchen wegen der befreiung des bischofs (Heinrich) von Bamberg aus dem kerker angegebene bischöfliche mensalgüter verpfändet wurden, dieselben gegen zahlung nur des capitals zurückzustellen. Reg. Boica 2,409 extr. ‒ Vgl. P. 13407.",available,1249,,high,"dept: RI V; issuer: Innocenz IV.; place: Lugduni; date: 1249-06-12; source: Regesta Imperii, Akad. der Wissenschaften und der Literatur | Mainz, CC BY 4.0; retrieved 2026-10-04; https://www.regesta-imperii.de/id/1249-06-12_1_0_5_2_3_2702_8188"
ri:1249-12-18_1_0_5_2_3_2721_8207,work,"RI V,2,3 n. 8207",,"befielt dem bischofe von Regensburg, alle aus der wegen der allgemeinen zwietracht interdicirten stadt Regensburg zu lösen, welche zur einheit der kirche zurückkehren wollen. Ried Cod. Ratisb. 1,421.",available,1249,,high,"dept: RI V; issuer: Innocenz IV.; place: Lugduni; date: 1249-12-18; source: Regesta Imperii, Akad. der Wissenschaften und der Literatur | Mainz, CC BY 4.0; retrieved 2026-10-04; https://www.regesta-imperii.de/id/1249-12-18_1_0_5_2_3_2721_8207"
ri:1250-03-31_1_0_5_1_2_1775_4995,work,"RI V,1,2 n. 4995",,"verkauft an seinen gläubiger Nicolaus, den sohn des Heinrich von Zieriksee, seine haymannen bei Burg und Haemstede in Schouwen zu freiem eigenthum, deren vierten theil Wilhelm der bruder des Nicolaus besitzen soll. Meerman Gesch. 2,351(331). VdBergh 1,272. ‒ Ist theilweise nähere bestimmung des verkaufs vom 1 feb. 1250. Verbesserungen und Zusätze (1983): Wiederholt lediglich BF. 4990. Hägermann 38 …",available,1250,,high,"dept: RI V; issuer: Wilhelm; place: Zierixe; date: 1250-03-31; source: Regesta Imperii, Akad. der Wissenschaften und der Literatur | Mainz, CC BY 4.0; retrieved 2026-10-04; https://www.regesta-imperii.de/id/1250-03-31_1_0_5_1_2_1775_4995"
ri:1250-08-03_1_0_5_2_3_2752_8238,work,"RI V,2,3 n. 8238",,"schreibt seinem capellan Heinrich, cantor von Verdun (s. nr. 8232. 34), dass eine dem scholasticus Ludwig Beruns von S. Salvator in Metz früher auf bitte des erzbischofs von Cöln, des bischofs von Strassburg und der grafen von Jülich, Elsass und Lützelstein ertheilte allgemeine provision nicht zur ausführung gekommen sei; befielt ietzt auf bitte des bischofs von Constanz und abts von S. Gallen, de …",available,1250,,high,"dept: RI V; issuer: Innocenz IV.; place: Lugduni; date: 1250-08-03; source: Regesta Imperii, Akad. der Wissenschaften und der Literatur | Mainz, CC BY 4.0; retrieved 2026-10-04; https://www.regesta-imperii.de/id/1250-08-03_1_0_5_2_3_2752_8238"
ri:1250-12-04_1_0_5_2_3_2783_8269,work,"RI V,2,3 n. 8269",,"bestätigt der gemeinde S. Genesio freiheiten und alles, was der cardinaldiacon R(ainer) von S. Maria in Cosmidin, damals legat, ihr verliehen hatte. M. G. Ep. pont. 3,17.",available,1250,,high,"dept: RI V; issuer: Innocenz IV.; place: Lugduni; date: 1250-12-04; source: Regesta Imperii, Akad. der Wissenschaften und der Literatur | Mainz, CC BY 4.0; retrieved 2026-10-04; https://www.regesta-imperii.de/id/1250-12-04_1_0_5_2_3_2783_8269"
ri:1251-01-08_1_0_5_2_4_3983_13781,work,"RI V,2,4 n. 13781",,"Manfred, vicar der Maritima und der grafschaft Ildebrandesca, verlangt und erhält mit seinem bruder Jacob und den castellanen genannter orte den schutz und das bürgerrecht von Orvieto. Fumi Cod. d'Orvieto 185. ‒ In den sich daranschliessenden acten wird Manfred als nepos marchionis Lande bezeichnet. ‒ Vgl. ian. 27, märz 20, iuni 28 und 1262 apr. 8.",available,1251,,high,"dept: RI V; issuer: Italische und burgundische Reichssachen; place: Pitigliani; date: 1251-01-08; source: Regesta Imperii, Akad. der Wissenschaften und der Literatur | Mainz, CC BY 4.0; retrieved 2026-10-04; https://www.regesta-imperii.de/id/1251-01-08_1_0_5_2_4_3983_13781"
ri:1251-03-07_2_0_5_2_3_2867_8351,work,"RI V,2,3 n. 8351",,"befielt genannten Minoriten, die Lübecker mit dem banne zu belegen, bis sie für die verbrennung von Kopmannehafn und anderer plätze ersatz geleistet haben, Urkb. d. St. Lübeck 1,158 u. s. ‒ Vgl. Reichss. 1253 sept. 30.",available,1251,,high,"dept: RI V; issuer: Innocenz IV.; place: Lugduni; date: 1251-03-07; source: Regesta Imperii, Akad. der Wissenschaften und der Literatur | Mainz, CC BY 4.0; retrieved 2026-10-04; https://www.regesta-imperii.de/id/1251-03-07_2_0_5_2_3_2867_8351"
ri:1251-06-09_1_0_5_2_3_2908_8386,work,"RI V,2,3 n. 8386",,"ersucht den römischen könig, den der kirche besonders ergebenen Genuesen die von seinen vorgängern, insbesondere auch dem einstigen kaiser Friedrich, damaligen könig von Sicilien, ertheilten privilegien und die vom letztern verbrieften versprechungen zu bestätigen. Lib. iur. Gen. 1,1070. ‒ Vgl. nr. 669. 1172b. 1179. 1666.",available,1251,,high,"dept: RI V; issuer: Innocenz IV.; place: Janue; date: 1251-06-09; source: Regesta Imperii, Akad. der Wissenschaften und der Literatur | Mainz, CC BY 4.0; retrieved 2026-10-04; https://www.regesta-imperii.de/id/1251-06-09_1_0_5_2_3_2908_8386"
ri:1251-09-00_1_0_5_2_4_1271_11621a,work,"RI V,2,4 n. 11621a",,"Eberhard, graf von Eberstein, bezeugt, dass könig Conrad dem schenken Walther von Limburg für 600 mark silber iährlich 450 pfund Haller auf die bede der stadt Hall verpfändet hat, s. o. nr. 4559. Walther bezog die rente noch 1255, s. Stälin Wirt. Gesch. 2,605. Verbesserungen und Zusätze: Vgl. nr. 11707.",available,1251,,medium,"dept: RI V; issuer: Reichssachen (Deutsche 1198-1272); place: Nurinberg; date range: 1251-09-01 to 1251-09-30 (year = first possible); source: Regesta Imperii, Akad. der Wissenschaften und der Literatur | Mainz, CC BY 4.0; retrieved 2026-10-04; https://www.regesta-imperii.de/id/1251-09-00_1_0_5_2_4_1271_11621a"
ri:1252-00-00_12_0_5_2_4_4114_13891,work,"RI V,2,4 n. 13891",,"Derselbe löst den bischof von Brescia von interdict und excommunication, welche sein genannter subdelegat wegen eines befehls, für den in noth befindlichen bischof von Vicenza zu sorgen, über denselben verhängte. Cum sicut ‒ supportetis. Affò St. di Parma 3, 392. Levi Registri 184.",available,1252,,medium,"dept: RI V; issuer: Italische und burgundische Reichssachen; place: ....; date range: 1252-01-01 to 1252-12-31 (year = first possible); source: Regesta Imperii, Akad. der Wissenschaften und der Literatur | Mainz, CC BY 4.0; retrieved 2026-10-04; https://www.regesta-imperii.de/id/1252-00-00_12_0_5_2_4_4114_13891"
ri:1252-02-00_1_0_5_2_4_4087_13869a,work,"RI V,2,4 n. 13869a",,"Graf Richard von S. Bonifacio, Ecelins schwager und unermüdlicher gegner, stirbt. Er hinterliess nur einen einzigen noch iungen sohn namens Ludwig, den man der obhut des podesta von Mantua übergab. Ann. S. Justinae, M. G. Ss. 19, 162. Ann. Mant., ib. 23. Ann. Veron., ib. 14 (zu 1253). ‒ Ueber Ecelins mit diesem iahre sich noch steigernde und bis zum zusammenbruche seiner macht dauernde schreckensh …",available,1252,,medium,"dept: RI V; issuer: Italische und burgundische Reichssachen; place: Brixie; date range: 1252-02-01 to 1252-02-28 (year = first possible); source: Regesta Imperii, Akad. der Wissenschaften und der Literatur | Mainz, CC BY 4.0; retrieved 2026-10-04; https://www.regesta-imperii.de/id/1252-02-00_1_0_5_2_4_4087_13869a"
ri:1252-04-24_1_0_5_2_3_3006_8471,work,"RI V,2,3 n. 8471",,"legitimirt den laien Marinus von Celano, familiaris elemosine nostre, wegen seines vaters, der um seiner ergebenheit willen gegen die kirche von den anhängern Friedrichs bis an seinen tod in Malta gefangen gehalten wurde. Berger 3,50.",available,1252,,high,"dept: RI V; issuer: Innocenz IV.; place: Perusii; date: 1252-04-24; source: Regesta Imperii, Akad. der Wissenschaften und der Literatur | Mainz, CC BY 4.0; retrieved 2026-10-04; https://www.regesta-imperii.de/id/1252-04-24_1_0_5_2_3_3006_8471"
ri:1252-07-13_1_0_5_2_3_3028_8493,work,"RI V,2,3 n. 8493",,"beauftragt genannte, Tegrin und dessen sohn Wido von Modigliana, pfalzgrafen von Tuscien, von der excommunication zu lösen, welcher sie verfielen, weil sie auf befehl kaiser Friedrichs den bischof von Sarsina gefangen nahmen und an den kaiser auslieferten. Mittarelli Ann. 5,44 (mit iuli 11). Ughelli 2,660. M. G. Ep. pont. 3,128. ‒ Vgl. nr. 8454.",available,1252,,high,"dept: RI V; issuer: Innocenz IV.; place: Perusii; date: 1252-07-13; source: Regesta Imperii, Akad. der Wissenschaften und der Literatur | Mainz, CC BY 4.0; retrieved 2026-10-04; https://www.regesta-imperii.de/id/1252-07-13_1_0_5_2_3_3028_8493"
ri:1252-11-08_1_0_5_2_3_3073_8536,work,"RI V,2,3 n. 8536",,"befielt dem erwählten von Capua, den probst Placidus von S. Benedict in Capua, für den der graf von Caserta und Alife sich schriftlich verwendete, zum abte in S. Vincentius de Vulturno einzusetzen. Berger 3,128 extr. M. G. Ep. pont. 3,143.",available,1252,,high,"dept: RI V; issuer: Innocenz IV.; place: Perusii; date: 1252-11-08; source: Regesta Imperii, Akad. der Wissenschaften und der Literatur | Mainz, CC BY 4.0; retrieved 2026-10-04; https://www.regesta-imperii.de/id/1252-11-08_1_0_5_2_3_3073_8536"
ri:1253-01-18_1_0_5_2_3_3098_8561,work,"RI V,2,3 n. 8561",,"gewährt den bürgern von Cöln, dass sie während fünf iahre nicht gebannt oder interdicirt werden dürfen, ausser auf besonderen befehl des pabstes. Quellen zur Gesch. d. St. Köln 2,331.",available,1253,,high,"dept: RI V; issuer: Innocenz IV.; place: Perusii; date: 1253-01-18; source: Regesta Imperii, Akad. der Wissenschaften und der Literatur | Mainz, CC BY 4.0; retrieved 2026-10-04; https://www.regesta-imperii.de/id/1253-01-18_1_0_5_2_3_3098_8561"
ri:1253-05-18_2_0_5_2_3_3140_8602,work,"RI V,2,3 n. 8602",,"befielt genanntem, gegen die von Bologna, welche einst (1248) auf befehl des legaten Octavian gegen das damals dem frühern kaiser Friedrich anhängende Modena auszogen und dabei S. Cesareo zerstörten, wegen des dabei von der abtei (Polirone) erlittenen schadens nicht weiter vorzugehen und etwa verhängte sentenzen wieder aufzuheben. Savioli Ann. Bol. 3,276.",available,1253,,high,"dept: RI V; issuer: Innocenz IV.; place: Assisii; date: 1253-05-18; source: Regesta Imperii, Akad. der Wissenschaften und der Literatur | Mainz, CC BY 4.0; retrieved 2026-10-04; https://www.regesta-imperii.de/id/1253-05-18_2_0_5_2_3_3140_8602"
ri:1253-08-09_1_0_5_2_3_5327_10431,work,"RI V,2,3 n. 10431",,"wiederholt dem convente von S. Maximin die bewilligung vom 12 iuli. Mittelrh. Urkb. 3,886 extr.",available,1253,,high,"dept: RI V; issuer: Hugo von S. Sabina; place: Metis; date: 1253-08-09; source: Regesta Imperii, Akad. der Wissenschaften und der Literatur | Mainz, CC BY 4.0; retrieved 2026-10-04; https://www.regesta-imperii.de/id/1253-08-09_1_0_5_2_3_5327_10431"
ri:1254-00-00_1_0_5_2_3_3224_8681a,work,"RI V,2,3 n. 8681a",,"Zweite Gesandtschaft Conrads IV, bestehend aus dem grafen von Montfort und andern. Weder die öffentlichen schritte, noch die geheimen bemühungen derselben, unter den Römern einen anhang zu erkaufen, hatten erfolg. Nic. de Curbio cap. 35. Vgl. feb. 4. ‒ Zu den damaligen verhandlungen gehört das in den Addit. zu Matth. Paris. ad 1254 aufbehaltene actenstück (nr. 4625), worin sich Conrad auf die vorh …",available,1254,,medium,"dept: RI V; issuer: Innocenz IV.; place: Laterani; date range: 1254-01-01 to 1254-12-31 (year = first possible); source: Regesta Imperii, Akad. der Wissenschaften und der Literatur | Mainz, CC BY 4.0; retrieved 2026-10-04; https://www.regesta-imperii.de/id/1254-00-00_1_0_5_2_3_3224_8681a"
ri:1254-03-13_1_0_5_2_3_3242_8699,work,"RI V,2,3 n. 8699",,"gewährt dem probste, decan und capitel von Strassburg, die mannhaft und erfolgreich den feinden der kirche widerstanden hätten, dass sie bei vacanz des bisthums es selbst durch wähl oder postulation besetzen durften. M. G. Ep. pont. 3,193 anm. cit.",available,1254,,high,"dept: RI V; issuer: Innocenz IV.; place: Laterani; date: 1254-03-13; source: Regesta Imperii, Akad. der Wissenschaften und der Literatur | Mainz, CC BY 4.0; retrieved 2026-10-04; https://www.regesta-imperii.de/id/1254-03-13_1_0_5_2_3_3242_8699"
ri:1254-06-19_1_0_5_1_2_2040_5193,work,"RI V,1,2 n. 5193",,"(in castris) belehnt den grafen Otto von Geldern mit der burg Oye und allem was der edle mann Berthold vom reiche zu lehen trug. Bondam Charterboek 495. Sloet Oorkkb. 750. Orig. im Hausarchive zu München. ‒ [Der früher verschieden angeführte tag steht nun durch das orig. fest. Dieses ist auffallend nachlässig geschrieben. Der ort wird ziemlich sicher Strippi zu lesen sein, wenn auch Scrippi nicht …",available,1254,,high,"dept: RI V; issuer: Wilhelm; place: apud Strippi; date: 1254-06-19; source: Regesta Imperii, Akad. der Wissenschaften und der Literatur | Mainz, CC BY 4.0; retrieved 2026-10-04; https://www.regesta-imperii.de/id/1254-06-19_1_0_5_1_2_2040_5193"
ri:1254-09-27_5_0_2_2_0_605_d956,work,"RI II,2 n. D956",,"Schließlich den Brief eines Abtes von Cluny, den Sackur, N. A. 24, S. 734, herausgegeben hat, und den Johannes Haller Das Papsttum; Idee und Wirklichkeit, Bd. II/2, S. 495 „unverkennbar an Otto II. gerichtet” sein läßt und als von Maiolus herrührend betrachtet. Vgl. dazu Carl Erdmann Das ottonische Reich als Imperium Romanum, S. 434 ff. (D. A. Jg. VI, 1943), der das Schreiben an Heinrich II. adres …",available,1254,,high,"dept: RI II; issuer: Otto II.; place: Anagni; date: 1254-09-27; source: Regesta Imperii, Akad. der Wissenschaften und der Literatur | Mainz, CC BY 4.0; retrieved 2026-10-04; https://www.regesta-imperii.de/id/1254-09-27_5_0_2_2_0_605_D956"
ri:1254-09-28_2_0_5_2_3_5362_10457,work,"RI V,2,3 n. 10457",,"bestellt den domcantor von Paderborn zum schutze des klosters Arolsen. Westf. Urkb. 4,337.",available,1254,,high,"dept: RI V; issuer: Petrus von S. Georg; place: Antwerpie; date: 1254-09-28; source: Regesta Imperii, Akad. der Wissenschaften und der Literatur | Mainz, CC BY 4.0; retrieved 2026-10-04; https://www.regesta-imperii.de/id/1254-09-28_2_0_5_2_3_5362_10457"
ri:1254-11-12_5_0_5_2_3_3425_8870,work,"RI V,2,3 n. 8870",,"bestätigt auf fürbitte des edeln Friedrich von Antiochia, grafen von Alba, Celano und Loreto, dem Gualterius de Monte die ihm vom kaiser Friedrich und von Conrad zur zeit ihrer excommunication verliehene hälfte des castrum civitatis Quane (?). M. G. Ep. pont. 3,306.",available,1254,,high,"dept: RI V; issuer: Innocenz IV.; place: Neapoli; date: 1254-11-12; source: Regesta Imperii, Akad. der Wissenschaften und der Literatur | Mainz, CC BY 4.0; retrieved 2026-10-04; https://www.regesta-imperii.de/id/1254-11-12_5_0_5_2_3_3425_8870"
ri:1255-01-00_1_0_5_1_2_1175_4650,work,"RI V,1,2 n. 4650",,"ertheilt als divi augusti imperatoris Friderici filius dei gratia princeps Tarenti et honoris Montis sancti Angeli dominus denen von Trani abgabenfreiheit für den dort am Nicolaifeste zu haltenden markt. Per m. Gualterii de Ocra regnorum Jerusalem et Siciliae cancellarii. Capasso 98. Prologo Le carte del capitolo di Trani 243. Verbesserungen und Zusätze (1983): Or. in Trani, Archivio capitolare. P …",available,1255,,medium,"dept: RI V; issuer: Manfred; place: Lucerie; date range: 1255-01-01 to 1255-01-31 (year = first possible); source: Regesta Imperii, Akad. der Wissenschaften und der Literatur | Mainz, CC BY 4.0; retrieved 2026-10-04; https://www.regesta-imperii.de/id/1255-01-00_1_0_5_1_2_1175_4650"
ri:1255-03-12_1_0_5_1_2_2099_5238,work,"RI V,1,2 n. 5238",,"belehnt den Gottfried herrn von Solzeburg mit der villa Beregowe, welche demselben weiland Heinrich römischer könig (nr. 4883) bereits verliehen hatte. Z.: H. erw. v. Speier unser fürst u. canzler, A. gr. v. Waldeck, Wern. v. Boland reichstruchsess, Hugo v. Crailing. M. Boic. 30a,323. Lünig Reichsarchiv 23,1556. Lünig Corp. feud. 1,1143. (Wölkern) Hist. dipl. Nor. 2,127. Falkenstein Cod. Nordg. 47 …",available,1255,,high,"dept: RI V; issuer: Wilhelm; place: Spire; date: 1255-03-12; source: Regesta Imperii, Akad. der Wissenschaften und der Literatur | Mainz, CC BY 4.0; retrieved 2026-10-04; https://www.regesta-imperii.de/id/1255-03-12_1_0_5_1_2_2099_5238"
ri:1255-05-31_1_0_5_2_4_1381_11715,work,"RI V,2,4 n. 11715",,"Richard, bischof von Worms, ertheilt an S. Maximin ein ablassprivileg. Mittelrh. Urkb. 3,941 extr.",available,1255,,high,"dept: RI V; issuer: Reichssachen (Deutsche 1198-1272); place: Treveri; date: 1255-05-31; source: Regesta Imperii, Akad. der Wissenschaften und der Literatur | Mainz, CC BY 4.0; retrieved 2026-10-04; https://www.regesta-imperii.de/id/1255-05-31_1_0_5_2_4_1381_11715"
ri:1255-11-18_1_0_5_2_4_4215_13978,work,"RI V,2,4 n. 13978",,"Heinrich, könig von England, zeigt dem pabste Alexander an, dass er seinen vasallen Robert de Baro (ebenso den mag. Finatus) für sich und seinen sohn Edmund, könig von Sicilien, zum procurator bei der römischen curie bestellt habe. Rymer 1, 332.",available,1255,,high,"dept: RI V; issuer: Italische und burgundische Reichssachen; place: ap. Windesor; date: 1255-11-18; source: Regesta Imperii, Akad. der Wissenschaften und der Literatur | Mainz, CC BY 4.0; retrieved 2026-10-04; https://www.regesta-imperii.de/id/1255-11-18_1_0_5_2_4_4215_13978"
ri:1256-05-00_1_0_5_2_4_4248_14004a,work,"RI V,2,4 n. 14004a",,"(in castris) Thomasius Gentilis, grosshofiustitiar, und Nicolaus von Frani, grosshofrichter, stossen ein zur zeit kaiser Friedrichs ergangenes und von könig Conrad bestätigtes urtheil der reintegratores feudorum der Capitanata als erschlichen und gegen das ius gentium verstossend zu gunsten des klosters S. Helena um. P. m. Jacobi de Tocco magne regie et principalis curie not., s. o. nr. 4656.",available,1256,,medium,"dept: RI V; issuer: Italische und burgundische Reichssachen; place: prope Beneventum; date range: 1256-05-01 to 1256-05-31 (year = first possible); source: Regesta Imperii, Akad. der Wissenschaften und der Literatur | Mainz, CC BY 4.0; retrieved 2026-10-04; https://www.regesta-imperii.de/id/1256-05-00_1_0_5_2_4_4248_14004a"
ri:1256-11-16_1_0_5_2_4_5678_15087,work,"RI V,2,4 n. 15087",,"Bairische landesstatuten, gültig bis lichtmess übers iahr. Rockinger Denkmäler bair. Landesrechts 2,53. ‒ Vgl. nr. 11706.",available,1256,,high,"dept: RI V; issuer: Allgemeine und deutsche Reichssachen; place: ap. Landshut; date: 1256-11-16; source: Regesta Imperii, Akad. der Wissenschaften und der Literatur | Mainz, CC BY 4.0; retrieved 2026-10-04; https://www.regesta-imperii.de/id/1256-11-16_1_0_5_2_4_5678_15087"
ri:1257-05-17_1_0_5_1_2_2741_5620c,work,"RI V,1,2 n. 5620c",,Krönung zur römischen königin. Nr. 5293f.,available,1257,,high,"dept: RI V; issuer: Sanchia von Provence, zweite gemahlin Richards; place: Aquisgrani; date: 1257-05-17; source: Regesta Imperii, Akad. der Wissenschaften und der Literatur | Mainz, CC BY 4.0; retrieved 2026-10-04; https://www.regesta-imperii.de/id/1257-05-17_1_0_5_1_2_2741_5620c"
ri:1257-09-18_1_0_5_2_3_3681_9123,work,"RI V,2,3 n. 9123",,"schreibt den vasallen der kirche von Salzburg, dass er nach absetzung des weiland erwählten Philipp der postulation des bischofs Ulrich von Seckau zum erzbischofe seine genehmigung ertheilt habe, und befielt ihnen, diesem zu gehorchen. Mon. Wittelsb. 1,168. ‒ :An probst und capitel von Salzburg sept. 19. Posse Analecta 11 extr. M. G. Ep. pont. 3,430 a. 2.:",available,1257,,high,"dept: RI V; issuer: Alexander IV.; place: Viterbii; date: 1257-09-18; source: Regesta Imperii, Akad. der Wissenschaften und der Literatur | Mainz, CC BY 4.0; retrieved 2026-10-04; https://www.regesta-imperii.de/id/1257-09-18_1_0_5_2_3_3681_9123"
ri:1258-04-27_1_0_5_2_3_3715_9157,work,"RI V,2,3 n. 9157",,"schreibt dem bischofe von Tricarico (vgl. nr. 9155), dass gegen den persönlich vor ihm erschienenen bischof von Regensburg ausser anderen beschwerden, über die er zeugenaussagen und bericht einsenden solle, neuerdings die beschuldigung erhoben sei, dass er sich mit dem schändlichsten laster, wegen dessen der zorn gottes über die kinder des unglaubens kommt (Ephes. 5,6), befleckt habe; befielt ihm, …",available,1258,,high,"dept: RI V; issuer: Alexander IV.; place: Viterbii; date: 1258-04-27; source: Regesta Imperii, Akad. der Wissenschaften und der Literatur | Mainz, CC BY 4.0; retrieved 2026-10-04; https://www.regesta-imperii.de/id/1258-04-27_1_0_5_2_3_3715_9157"
ri:1258-11-25_1_0_5_2_3_3732_9174,work,"RI V,2,3 n. 9174",,"erklärt, dem abte und convente von S. Paul in Lavant, welchen der herzog von Kärnthen und dessen bruder Philipp, einst erwählter von Salzburg, verboten hatten, vom erzbischofe Ulrich von Salzburg briefe zu empfangen oder dessen befehle zu befolgen, dass dieses verbot unverbindlich sei. Oesterr. Archiv 32,309 extr.",available,1258,,high,"dept: RI V; issuer: Alexander IV.; place: Anagnie; date: 1258-11-25; source: Regesta Imperii, Akad. der Wissenschaften und der Literatur | Mainz, CC BY 4.0; retrieved 2026-10-04; https://www.regesta-imperii.de/id/1258-11-25_1_0_5_2_3_3732_9174"
ri:1259-04-06_1_0_5_1_2_2291_5361a,work,"RI V,1,2 n. 5361a",,"Anwesenheit auf palmsonntag mit grossem gefolge in der abtei Hales. Ann. Hales. Mon. Germ. 16,481.",available,1259,,high,"dept: RI V; issuer: Richard; place: Heiles; date: 1259-04-06; source: Regesta Imperii, Akad. der Wissenschaften und der Literatur | Mainz, CC BY 4.0; retrieved 2026-10-04; https://www.regesta-imperii.de/id/1259-04-06_1_0_5_1_2_2291_5361a"
ri:1259-11-18_1_0_5_1_2_1286_4711,work,"RI V,1,2 n. 4711",,"verleiht dem Petrus Celentano von Giovenazzo die terra Melgare im bezirke von Girgenti, weil derselbe auf eigene kosten mit hundert balestreriis in seinem heere gestritten und er ihn zum ritter gemacht habe. Scr. per man. Jazzolini de Marra nostri cancellarii. Mit unterschrift des könig und des Jazzolin. Paglia Storia di Giovenazzo 95. Winkelmann Acta 416. ‒ Mit ind. 3 regnorum 2. Wegen der unecht …",available,1259,,high,"dept: RI V; issuer: Manfred; place: (Orte); date: 1259-11-18; source: Regesta Imperii, Akad. der Wissenschaften und der Literatur | Mainz, CC BY 4.0; retrieved 2026-10-04; https://www.regesta-imperii.de/id/1259-11-18_1_0_5_1_2_1286_4711"
ri:1260-06-17_1_0_5_1_2_2307_5368a,work,"RI V,1,2 n. 5368a",,"Abreise. Postea recessit rex Alemannie de Londoniis versus mare, scilicet in festo sti Botulfi (Th. Wykes zu 1270: die martis sc. 15 kal. iul.), qui tertia die post dictum festum posuit se in mari apud Doveriam. Lib. de ant. leg. 45. Verbesserungen und Zusätze: Den tag S. Botulfi (iuni 17) haben auch Ann. S. Pauli Lond. 549; ebenso iuni 17 Matth. Westmon. 478 für die abreise von London zu schiff n …",available,1260,,high,"dept: RI V; issuer: Richard; place: Londoniis; date: 1260-06-17; source: Regesta Imperii, Akad. der Wissenschaften und der Literatur | Mainz, CC BY 4.0; retrieved 2026-10-04; https://www.regesta-imperii.de/id/1260-06-17_1_0_5_1_2_2307_5368a"
ri:1261-00-00_2_0_5_2_4_5688_15094,work,"RI V,2,4 n. 15094",,"Die schöffen von Magdeburg theilen auf bitte des herzogs Heinrich und der bürger von Breslau ihr recht mit. Gaupp Magd. Recht 330. Tzschoppe u. Stenzel Urkb. 351. Korn Bresl. Urkb. 18. Laband Magd. Rechtsquellen 18. Hertel Urkb. d. St. Magd. 1,68 extr. ‒ Nur 1261. Vgl. folg.",available,1261,,medium,"dept: RI V; issuer: Allgemeine und deutsche Reichssachen; place: ....; date range: 1261-01-01 to 1261-12-31 (year = first possible); source: Regesta Imperii, Akad. der Wissenschaften und der Literatur | Mainz, CC BY 4.0; retrieved 2026-10-04; https://www.regesta-imperii.de/id/1261-00-00_2_0_5_2_4_5688_15094"
ri:1261-12-21_1_0_5_2_3_3829_9267,work,"RI V,2,3 n. 9267",,"Fr. Hugo, cardinalpriester von S. Sabina, poenitentiar des pabstes, befielt im namen desselben dem prior der Dominicaner von Trier, den erwählten Heinrich nach aufhebung des ungehörigen zolls und unter auflegung einer busse von suspension und excommunication zu befreien und in den früheren stand zu setzen. Martene Coll. 4,468. Hontheim 1,742. ‒ Vgl. 1262 märz 31, april 6.",available,1261,,high,"dept: RI V; issuer: Urban IV.; place: Viterbii; date: 1261-12-21; source: Regesta Imperii, Akad. der Wissenschaften und der Literatur | Mainz, CC BY 4.0; retrieved 2026-10-04; https://www.regesta-imperii.de/id/1261-12-21_1_0_5_2_3_3829_9267"
ri:1262-08-03_1_0_5_2_4_4486_14181,work,"RI V,2,4 n. 14181",,"Pepo, vicecomes von Campilio, bestellt einen procurator, um vor Franciscus Simplex, generalvicar des königs Manfred in Tuscien und podesta und capitän von Siena, dem könige in seine seele treue zu schwören. Malavolti Hist. di Siena 2, 27.",available,1262,,high,"dept: RI V; issuer: Italische und burgundische Reichssachen; place: Senis; date: 1262-08-03; source: Regesta Imperii, Akad. der Wissenschaften und der Literatur | Mainz, CC BY 4.0; retrieved 2026-10-04; https://www.regesta-imperii.de/id/1262-08-03_1_0_5_2_4_4486_14181"
ri:1263-02-13_1_0_5_2_3_5427_10514g,work,"RI V,2,3 n. 10514g",,"Albertus (Magnus), vormals bischof von Regensburg (vgl. nr. 9207), wird beauftragt, in Deutschland, Böhmen und anderen ländern deutscher zunge das kreuz zu predigen, s. o. nr. 9309. Legat, wie er sich weiterhin nennt, war er darnach nicht.",available,1263,,high,"dept: RI V; issuer: Collectoren und nuntien; place: ....; date: 1263-02-13; source: Regesta Imperii, Akad. der Wissenschaften und der Literatur | Mainz, CC BY 4.0; retrieved 2026-10-04; https://www.regesta-imperii.de/id/1263-02-13_1_0_5_2_3_5427_10514g"
ri:1263-08-27_2_0_5_2_3_3917_9354,work,"RI V,2,3 n. 9354",,"schreibt wie aug. 31 an könig Richard (s. nr. 9356) mit entsprechenden änderungen an könig A(lfons) von Castilien und Leon, bezugnehmend auf die durch dessen boten, die bischöfe Garsias von Silves und Dominicus von Avila, dann durch magister Bernard, archidiacon von Compostella, vorgebrachte behauptung, dass er von der grössern zahl der stimmberechtigten fürsten am gewohnten orte und zu gehöriger …",available,1263,,high,"dept: RI V; issuer: Urban IV.; place: apud Urbem veterem; date: 1263-08-27; source: Regesta Imperii, Akad. der Wissenschaften und der Literatur | Mainz, CC BY 4.0; retrieved 2026-10-04; https://www.regesta-imperii.de/id/1263-08-27_2_0_5_2_3_3917_9354"
ri:1264-01-28_1_0_5_2_3_3951_9388,work,"RI V,2,3 n. 9388",,"tadelt den bischof von Trient, dass er burgen und einkünfte des bischöflichen tisches edlen von neuem zu lehn gegeben, einige mit hypotheken belastet habe, ein ausschweifendes leben führe und, während er in seiner stadt und diöcese die weltliche gerichtsbarkeit habe, die cleriker vor den gewaltthätigkeiten der laien nicht beschütze; er befielt ihm, sich zu bessern und die belehnungen und verpfändu …",available,1264,,high,"dept: RI V; issuer: Urban IV.; place: ....; date: 1264-01-28; source: Regesta Imperii, Akad. der Wissenschaften und der Literatur | Mainz, CC BY 4.0; retrieved 2026-10-04; https://www.regesta-imperii.de/id/1264-01-28_1_0_5_2_3_3951_9388"
ri:1264-06-04_1_0_5_2_3_4010_9446,work,"RI V,2,3 n. 9446",,"fordert den könig von Böhmen auf, die schismatischen Russen und die Lithauer, welche im bund mit den Tartaren häufige einfälle in Polen machen, zu bekriegen, und ernennt ihn zum erbherrn der von ihm zu erobernden lande. Raynald 44. Lambacher Oesterr. Interr. 47. Boczek Cod. Morav. 3,367. Reg. Boh. 2,176 u. s.",available,1264,,high,"dept: RI V; issuer: Urban IV.; place: apud Urbem veterem; date: 1264-06-04; source: Regesta Imperii, Akad. der Wissenschaften und der Literatur | Mainz, CC BY 4.0; retrieved 2026-10-04; https://www.regesta-imperii.de/id/1264-06-04_1_0_5_2_3_4010_9446"
ri:1265-00-00_1_0_5_2_4_4607_14273a,work,"RI V,2,4 n. 14273a",,"Durchzug der Franzosen durch das gebiet von Novara, wo das castrum Vinarli mit gewalt genommen werden musste, und von Mailand, nachdem letzteres trotz früherer zusagen (s. nr. 14239 vgl. 14242a) im letzten augenblicke wieder schwierigkeiten gemacht und dadurch den marsch um 10 oder 11 tage aufgehalten hatte. Ann. Plac. 515. Andr. Hung. 567.568. Sagt letzterer, dass der durchzug schliesslich ohne e …",available,1265,,medium,"dept: RI V; issuer: Italische und burgundische Reichssachen; place: ....; date range: 1265-01-01 to 1265-12-31 (year = first possible); source: Regesta Imperii, Akad. der Wissenschaften und der Literatur | Mainz, CC BY 4.0; retrieved 2026-10-04; https://www.regesta-imperii.de/id/1265-00-00_1_0_5_2_4_4607_14273a"
ri:1265-06-19_1_0_5_2_4_1682_11979,work,"RI V,2,4 n. 11979",,"E(ngelbert), erzbischof von Cöln, schreibt dem pabste, dass die bürger von Cöln ihm nach dem spruche genannter schiedsrichter (s. o. nr. 11972) wegen seiner gefangenschaft und anderer beleidigungen genugthuung geleistet hätten, und empfielt deshalb ihre bitte um aufhebung des banns und interdicts zur berücksichtigung. Quellen z. Gesch. d. St. Cöln 2,525 ex or.",available,1265,,high,"dept: RI V; issuer: Reichssachen (Deutsche 1198-1272); place: Wisse; date: 1265-06-19; source: Regesta Imperii, Akad. der Wissenschaften und der Literatur | Mainz, CC BY 4.0; retrieved 2026-10-04; https://www.regesta-imperii.de/id/1265-06-19_1_0_5_2_4_1682_11979"
ri:1265-10-21_2_0_5_2_3_4160_9593,work,"RI V,2,3 n. 9593",,"bevollmächtigt den legaten Gaufrid, die von Brescia, falls sie zum gehorsame gegen die kirche zurückkehren, von der excommunication zu lösen, der sie als anhänger Manfreds und Pallavicinis verfallen. Lello Hist. di Monreale 20 extr. Posse Analecta 40 extr. Künftig in M. G. Ep. pont. 3.",available,1265,,high,"dept: RI V; issuer: Clemens IV.; place: Perusii; date: 1265-10-21; source: Regesta Imperii, Akad. der Wissenschaften und der Literatur | Mainz, CC BY 4.0; retrieved 2026-10-04; https://www.regesta-imperii.de/id/1265-10-21_2_0_5_2_3_4160_9593"
ri:1266-00-00_4_0_5_2_3_4277_9708,work,"RI V,2,3 n. 9708",,empfielt demselben den erzbischof M(attheus) von Salerno. Accedentem ad ‒ proponenda. Ebenda.,available,1266,,medium,"dept: RI V; issuer: Clemens IV.; place: ....; date range: 1266-01-01 to 1266-12-31 (year = first possible); source: Regesta Imperii, Akad. der Wissenschaften und der Literatur | Mainz, CC BY 4.0; retrieved 2026-10-04; https://www.regesta-imperii.de/id/1266-00-00_4_0_5_2_3_4277_9708"
ri:1266-04-00_1_0_5_2_4_4647_14294e,work,"RI V,2,4 n. 14294e",,"Genua schickt eine aus mitgliedern der vornehmsten familien (Grimaldi, Fieschi, Spinola u. a.) bestehende gesandtschaft an den pabst und könig Carl. Bei ienem halten sie sich nur kurze zeit auf, bei diesem, ihm überallhin folgend, zwei monate. Aber als sie im iuli heimkehren, bringen sie in betreff ihrer anliegen von beiden nichts als schöne worte mit. Ann. Jan. 256.",available,1266,,medium,"dept: RI V; issuer: Italische und burgundische Reichssachen; place: Janue; date range: 1266-04-01 to 1266-04-30 (year = first possible); source: Regesta Imperii, Akad. der Wissenschaften und der Literatur | Mainz, CC BY 4.0; retrieved 2026-10-04; https://www.regesta-imperii.de/id/1266-04-00_1_0_5_2_4_4647_14294e"
ri:1266-08-17_1_0_5_2_3_5478_10558,work,"RI V,2,3 n. 10558",,"erklärt, dass abt und convent von Locus dei (Lygum) auf grund seiner besonderen und der allgemein für den Cistercienserorden ergangenen päbstlichen privilegien nicht verpflichtet seien, mit der übrigen geistlichkeit zu den kosten seiner procuration beizutragen. Langebek Script. 8,200.",available,1266,,high,"dept: RI V; issuer: Guido von S. Laurentius in Lucina; place: Ripis; date: 1266-08-17; source: Regesta Imperii, Akad. der Wissenschaften und der Literatur | Mainz, CC BY 4.0; retrieved 2026-10-04; https://www.regesta-imperii.de/id/1266-08-17_1_0_5_2_3_5478_10558"
ri:1267-00-00_1_0_5_2_4_4682_14320,work,"RI V,2,4 n. 14320",,"Ein ungenannter meldet dem könige (Carl), dass magister Johann de Procida wie so manche, welche bisher noch zögerten, zum gehorsame gegen ihn bereit sei, und bittet, denselben in gnaden aufzunehmen. Habet interdum ‒ delectentur. Paris, fonds S. Germ. C. 455 nr. 187 nach Huillards papieren. :Cherrier Hist. de la lutte 4,524. (2 ed.) 3,515 aus Cod. Vind. Phil. 193 ‒ hier als vom pabste herrührend ge …",available,1267,,medium,"dept: RI V; issuer: Italische und burgundische Reichssachen; place: ....; date range: 1267-01-01 to 1267-12-31 (year = first possible); source: Regesta Imperii, Akad. der Wissenschaften und der Literatur | Mainz, CC BY 4.0; retrieved 2026-10-04; https://www.regesta-imperii.de/id/1267-00-00_1_0_5_2_4_4682_14320"
ri:1267-05-12_1_0_5_2_3_5520_10596,work,"RI V,2,3 n. 10596",,"erlässt, vom pabste als legat in die provinz Salzburg und die diöcese Prag entsendet, eine reihe von verordnungen über leben und wandel der geistlichen. Cont. Vindob., M. G. Ss. 9,699 (mit mai). Canisius Lect. ant. ed. Basnage 4,82. Hartzheim Conc. Germ. 3,632 (zu mai 10). Mansi 23,1169. Rauch Script. Austr. 98. Reg. Boh. 2,1172. ‒ Vgl. Markgraf 100.",available,1267,,high,"dept: RI V; issuer: Guido von S. Laurentius in Lucina; place: ....; date: 1267-05-12; source: Regesta Imperii, Akad. der Wissenschaften und der Literatur | Mainz, CC BY 4.0; retrieved 2026-10-04; https://www.regesta-imperii.de/id/1267-05-12_1_0_5_2_3_5520_10596"
ri:1267-09-05_1_0_5_2_3_5535_10610,work,"RI V,2,3 n. 10610",,"bestätigt den in seinem auftrage von dem bischofe von Schleswig auf klage der abtei Cara Insula gegen den bischof Tucho von Aarhus gefällten spruch. Langebek Script. 5,300. ‒ Vgl. nr. 10545.",available,1267,,high,"dept: RI V; issuer: Guido von S. Laurentius in Lucina; place: Lubeke; date: 1267-09-05; source: Regesta Imperii, Akad. der Wissenschaften und der Literatur | Mainz, CC BY 4.0; retrieved 2026-10-04; https://www.regesta-imperii.de/id/1267-09-05_1_0_5_2_3_5535_10610"
ri:1268-00-00_1_0_5_2_3_4506_9936,work,"RI V,2,3 n. 9936",,empfielt demselben die machtboten des markgrafen von Este. Das. 628.,available,1268,,medium,"dept: RI V; issuer: Clemens IV.; place: ....; date range: 1268-01-01 to 1268-12-31 (year = first possible); source: Regesta Imperii, Akad. der Wissenschaften und der Literatur | Mainz, CC BY 4.0; retrieved 2026-10-04; https://www.regesta-imperii.de/id/1268-00-00_1_0_5_2_3_4506_9936"
ri:1268-04-07_1_0_5_2_4_4777_14383b,work,"RI V,2,4 n. 14383b",,"Ankunft Conradins in Pisa. Der von Vado nach Pavia zurückgeschickte theil seines heers, der apr. 23 von hier ins Placentinische aufgebrochen war und durch Val di Taro aufwärts einen anscheinend nicht besetzten weg über das gebirge mit umgehung Pontremolis (non attingentes Pontremulo) nach Sarzana und Massa gefunden hatte, kam mal 2 nach Pisa nach. Ann. Plac. 526. 527. Ann. Jan. 262. Vgl. nr. 4850g …",available,1268,,high,"dept: RI V; issuer: Italische und burgundische Reichssachen; place: Pisis; date: 1268-04-07; source: Regesta Imperii, Akad. der Wissenschaften und der Literatur | Mainz, CC BY 4.0; retrieved 2026-10-04; https://www.regesta-imperii.de/id/1268-04-07_1_0_5_2_4_4777_14383b"
ri:1268-09-00_1_0_5_2_4_4813_14401,work,"RI V,2,4 n. 14401",,"Derselbe schreibt denen von Lucca, dass es den gegnern nichts nützen werde, seinen sieg zu verkleinern, da die hauptsächlichsten feinde, Conradin, der senator Heinrich, der herzog von Oesterreich, Galvano Lancea und dessen sohn in seiner hand und schon zum tode verurtheilt seien (vgl. nr. 4858t), und dass auch die beabsichtigte bitte der Pisaner um verzeihung weder beim pabste noch bei ihm gehör f …",available,1268,,medium,"dept: RI V; issuer: Italische und burgundische Reichssachen; place: (Rome); date range: 1268-09-01 to 1268-09-30 (year = first possible); source: Regesta Imperii, Akad. der Wissenschaften und der Literatur | Mainz, CC BY 4.0; retrieved 2026-10-04; https://www.regesta-imperii.de/id/1268-09-00_1_0_5_2_4_4813_14401"
ri:1269-03-05_1_0_5_2_4_1774_12060,work,"RI V,2,4 n. 12060",,"Otto und Albert, markgrafen von Brandenburg, kommen, in gegenwart des erzbischofs Conrad von Magdeburg und des herzogs Albert von Braunschweig, mit herzog Johann von Braunschweig überein, dass er ihnen um 2000 mark im gegenwärtigen kriege gegen die herren Slaviens und die grafen von Schwerin gegen iedermann beistehen und auf ansage bereit sein wird. Sudendorf Urkb. 1,44. Hasse Schlesw.-Holst. Reg. …",available,1269,,high,"dept: RI V; issuer: Reichssachen (Deutsche 1198-1272); place: ....; date: 1269-03-05; source: Regesta Imperii, Akad. der Wissenschaften und der Literatur | Mainz, CC BY 4.0; retrieved 2026-10-04; https://www.regesta-imperii.de/id/1269-03-05_1_0_5_2_4_1774_12060"
ri:1269-10-15_1_0_5_2_4_4921_14487,work,"RI V,2,4 n. 14487",,"Derselbe schilt den Andreas von Arsoli, der sieben gefangene aus der schlacht gegen Conradin, welche der haft in Tagliacozzo entflohen waren, gewaltsam den nachsetzenden entrissen hatte; befielt ihm, sie in fesseln bis zur übergabe an die beauftragten zu bewachen. Del Giudice 2,192.",available,1269,,high,"dept: RI V; issuer: Italische und burgundische Reichssachen; place: ap. Ayrolam; date: 1269-10-15; source: Regesta Imperii, Akad. der Wissenschaften und der Literatur | Mainz, CC BY 4.0; retrieved 2026-10-04; https://www.regesta-imperii.de/id/1269-10-15_1_0_5_2_4_4921_14487"
ri:1270-07-07_1_0_5_2_4_1809_12088,work,"RI V,2,4 n. 12088",,"Herbord, graf von Dortmund, und die stadt Dortmund verbunden sich mit dem grafen Godefrid von Arnsberg und seinem sohne Friedrich für die dauer ihrer beiderseitigen fehde gegen den grafen Theoderich von Limburg und seinen sohn Johann, so dass, wenn die Arnsberger mit den letzteren sich vergleichen wollen, die räthe der städte Münster und Soest darüber zu entscheiden haben, ob die Dortmunder sich d …",available,1270,,high,"dept: RI V; issuer: Reichssachen (Deutsche 1198-1272); place: ad S. Walborgim ap. Susatum; date: 1270-07-07; source: Regesta Imperii, Akad. der Wissenschaften und der Literatur | Mainz, CC BY 4.0; retrieved 2026-10-04; https://www.regesta-imperii.de/id/1270-07-07_1_0_5_2_4_1809_12088"
ri:1271-07-06_1_0_5_2_4_5025_14559,work,"RI V,2,4 n. 14559",,Carl weist die kosten der von Brescia an ihn geschickten gesandtschaft an. Minieri Riccio Il regno 25 extr.,available,1271,,high,"dept: RI V; issuer: Italische und burgundische Reichssachen; place: Neapoli; date: 1271-07-06; source: Regesta Imperii, Akad. der Wissenschaften und der Literatur | Mainz, CC BY 4.0; retrieved 2026-10-04; https://www.regesta-imperii.de/id/1271-07-06_1_0_5_2_4_5025_14559"
ri:1272-09-23_1_0_5_2_4_5087_14603,work,"RI V,2,4 n. 14603",,Derselbe bezeichnet aus den vier ihm von Siena für das amt des podesta vorgeschlagenen den grafen Thaddeus von Montefeltre und Urbino als den ihm in erster linie genehmen. Das. 88 extr.,available,1272,,high,"dept: RI V; issuer: Italische und burgundische Reichssachen; place: ap. Montemfortem; date: 1272-09-23; source: Regesta Imperii, Akad. der Wissenschaften und der Literatur | Mainz, CC BY 4.0; retrieved 2026-10-04; https://www.regesta-imperii.de/id/1272-09-23_1_0_5_2_4_5087_14603"
ri:1273-10-30_1_0_6_1_0_30_21,work,"RI VI,1 n. 21",,"bestätigt den leuten von Kaiserswerth auf deren bitten die freiheiten, rechte und gewohnheiten, welche ihnen von Heinrich VI. (durch urk. d. d. Achen 19. apr. 1194, Stumpf n. 4855) verbrieft wurden, und bestimmt, dass sie demgemäss vollständige zollfreiheit zu Kaiserswerth und überall sonst gemessen sollen. Zeugen: die erzbischöfe Engelbert v. Köln, Werner v. Mainz und Heinrich v. Trier, die bisch …",available,1273,,high,"dept: RI VI; issuer: Rudolf; place: Aquisgrani; date: 1273-10-30; source: Regesta Imperii, Akad. der Wissenschaften und der Literatur | Mainz, CC BY 4.0; retrieved 2026-10-04; https://www.regesta-imperii.de/id/1273-10-30_1_0_6_1_0_30_21"
ri:1274-00-00_1_0_6_1_0_164_141,work,"RI VI,1 n. 141",,"beglaubigt bei (Margareta) königin von Frankreich, welche bereits früher durch einen vertreter die belehnung mit den dem reiche heimgefallenen grafschaften (Provence und Forcalquier) empfangen hatte, den propst (Otto von St. Wido in Speier) als seinen abgesandten, damit die königin der übereinkunft gemäss diesem den lehenseid in feierlicher form persönlich erneuere und die früher bestimmten beding …",available,1274,,medium,"dept: RI VI; issuer: Rudolf; place: ....; date range: 1274-01-01 to 1274-12-31 (year = first possible); source: Regesta Imperii, Akad. der Wissenschaften und der Literatur | Mainz, CC BY 4.0; retrieved 2026-10-04; https://www.regesta-imperii.de/id/1274-00-00_1_0_6_1_0_164_141"
ri:1274-00-00_4_0_6_1_0_329_296,work,"RI VI,1 n. 296",,"(Cardinal) Ubertus an könig Rudolf: nach fertigstellung seines letzten schreibens (n. 286) sei an den papst von könig Alfons von Castilien die nachricht gekommen, dass er auf dem wege zum papste sei, mit diesem in Montpellier zusammenzutreffen hoffe oder sonst nach (Lyon) käme; daher möge nun Rudolf schleunigst seine gesandten abordnen, damit sie dem Castilier zuvorkommen, die bereitwilligkeit des …",available,1274,,medium,"dept: RI VI; issuer: Rudolf; place: ....; date range: 1274-01-01 to 1274-12-31 (year = first possible); source: Regesta Imperii, Akad. der Wissenschaften und der Literatur | Mainz, CC BY 4.0; retrieved 2026-10-04; https://www.regesta-imperii.de/id/1274-00-00_4_0_6_1_0_329_296"
ri:1274-03-20_1_0_6_1_0_144_122,work,"RI VI,1 n. 122",,"überlässt den bürgern von Mühlhausen (in Thüringen) die dortigen reichseinkünfte gegen eine schon hergebrachte abfindung bis auf weiteres (usque ad nostre beneplacitum voluntatis). Grasshof Muhlhusa 199. Herquet in GQ. der Prov. Sachsen 3, 92 aus or. im rathsarch. Mühlhausen.",available,1274,,high,"dept: RI VI; issuer: Rudolf; place: Geilenhusen; date: 1274-03-20; source: Regesta Imperii, Akad. der Wissenschaften und der Literatur | Mainz, CC BY 4.0; retrieved 2026-10-04; https://www.regesta-imperii.de/id/1274-03-20_1_0_6_1_0_144_122"
ri:1274-08-12_1_0_6_1_0_224_196,work,"RI VI,1 n. 196",,"bestätigt den bürgern von Ulm ihre privilegien. Prieser De civit. imp. 85. Rousset Suppl. 1a, 129. Pressel Ulm. UB. 1, 150 aus or. im staatsarch. Stuttgart.",available,1274,,high,"dept: RI VI; issuer: Rudolf; place: Hagenoie; date: 1274-08-12; source: Regesta Imperii, Akad. der Wissenschaften und der Literatur | Mainz, CC BY 4.0; retrieved 2026-10-04; https://www.regesta-imperii.de/id/1274-08-12_1_0_6_1_0_224_196"
ri:1274-11-29_2_1_6_1_0_305a_273a,work,"RI VI,1 n. 273A",,"gebietet dem Butigler von Nürnberg, daß niemand die Zisterzienserinnen von Seligenporten, die er in seinen Schutz genommen hat, irgendwie belasten dürfe.",available,1274,,high,"dept: RI VI; issuer: Rudolf; place: Nürnberg; date: 1274-11-29; source: Regesta Imperii, Akad. der Wissenschaften und der Literatur | Mainz, CC BY 4.0; retrieved 2026-10-04; https://www.regesta-imperii.de/id/1274-11-29_2_1_6_1_0_305A_273A"
ri:1275-00-00_2_0_6_1_0_402_363,work,"RI VI,1 n. 363",,"theilt (wol dem erzbischof Friedrich von Salzburg) mit, dass er mit genehmigung (des papstes) seine tochter (Clementia) dem bruder (des königs Ladislaus IV. von Ungarn) verlobt und damit auch ein bündniss mit (Ungarn) begründet habe; das compromiss, welches er in dem streite mit (könig Ottokar) seinerzeit (iam pridem) auf den (papst) eingegangen, sei von letzterem selbst aufgelöst worden (compromi …",available,1275,,medium,"dept: RI VI; issuer: Rudolf; place: ....; date range: 1275-01-01 to 1275-12-31 (year = first possible); source: Regesta Imperii, Akad. der Wissenschaften und der Literatur | Mainz, CC BY 4.0; retrieved 2026-10-04; https://www.regesta-imperii.de/id/1275-00-00_2_0_6_1_0_402_363"
ri:1275-03-24_1_0_6_1_0_384_347,work,"RI VI,1 n. 347",,"bestätigt die eingerückte gründungsurkunde herzog Johanns von Sachsen von 1270 febr. 1 für das stift St. Nicolaus zu Aken (a. d. Elbe südöstl. Magdeburg), [sowie angegebene demselben von dem herzog in seiner gegenwart neuerlich gewährte vergünstigungen. Zeugen: Ludwig Rheinpfalzgraf und herzog v. Baiern, Johann und Albrecht herzoge v. Sachsen, Angarien und Westfalen und burggrafen in Magdeburg, Th …",available,1275,,high,"dept: RI VI; issuer: Rudolf; place: ap. Maguntiam; date: 1275-03-24; source: Regesta Imperii, Akad. der Wissenschaften und der Literatur | Mainz, CC BY 4.0; retrieved 2026-10-04; https://www.regesta-imperii.de/id/1275-03-24_1_0_6_1_0_384_347"
ri:1275-08-25_1_0_6_1_0_471_422,work,"RI VI,1 n. 422",,"beurkundet den bürgern von Breisach rechte, betreffend: todtschlag, verwundung, kriegsfahrt, erbrecht, kampfrecht (Si qui duellum inierint, loricati et duobus gladiis muniti pugnabunt; qui in duello victus fuerit, arma sua iudici resignabit vel pro quolibet genere armature tres libras componet), rathswahl, recht der rathmannen in bezug auf gäste und befreiung von den zwei schilling königszins, ver …",available,1275,,high,"dept: RI VI; issuer: Rudolf; place: apud Brisacum; date: 1275-08-25; source: Regesta Imperii, Akad. der Wissenschaften und der Literatur | Mainz, CC BY 4.0; retrieved 2026-10-04; https://www.regesta-imperii.de/id/1275-08-25_1_0_6_1_0_471_422"
ri:1276-00-00_1_0_6_1_0_668_595b,work,"RI VI,1 n. 595b",,"Feierlicher empfang. Postmodum (Rud.) descendens Ratisponam et ibi a domino Leone episcopo cum omni clericatu ymnis et canticis et sanctuariis exeuntibus cum populo infinito sequentibus gloriosissime est susceptus. Hermanni Altah. Contin. III. SS. 24, 54. ‒ Der aufenthalt in Regensburg fällt ungefähr in die tage vom 3. bis gegen mitte september. Hier in Regensburg wird Rudolf wol auch die schiffe …",available,1276,,medium,"dept: RI VI; issuer: Rudolf; place: Ratispone; date range: 1276-01-01 to 1276-12-31 (year = first possible); source: Regesta Imperii, Akad. der Wissenschaften und der Literatur | Mainz, CC BY 4.0; retrieved 2026-10-04; https://www.regesta-imperii.de/id/1276-00-00_1_0_6_1_0_668_595b"
ri:1276-02-02_2_0_6_1_0_569_511,work,"RI VI,1 n. 511",,"schreibt an könig Philipp von Frankreich und bittet ihn, in erwägung des gegenseitigen wolwollens christlicher nachbarreiche die vom herzen des römischen reichs weit entlegene abtei Orval, deren abt und convent um diese vermittelung des schutzes Philipps gebeten haben, mit königlichem wolwollen an seiner statt und im namen des reichs, doch unbeschadet dessen rechten bei ihrem besitz und rechten ge …",available,1276,,high,"dept: RI VI; issuer: Rudolf; place: Nurenberg; date: 1276-02-02; source: Regesta Imperii, Akad. der Wissenschaften und der Literatur | Mainz, CC BY 4.0; retrieved 2026-10-04; https://www.regesta-imperii.de/id/1276-02-02_2_0_6_1_0_569_511"
ri:1276-07-06_1_0_6_1_0_639_571,work,"RI VI,1 n. 571",,"erklärt dass diejenigen, welche sich wegen der ihnen angeschuldigten ermordung und verletzung einiger Juden zu Lorch gemäss der vom ritter Werner schultheiss in Oppenheim im königlichen namen ergangenen aufforderung in Oppenheim zu stellen hatten, aber wie Werner gestern (3. non. jul.) berichtete, sich nicht gestellt haben, nunmehr zu gunsten des erzbischofs von Mainz in die vorgesehene (in litter …",available,1276,,high,"dept: RI VI; issuer: Rudolf; place: Wormatie; date: 1276-07-06; source: Regesta Imperii, Akad. der Wissenschaften und der Literatur | Mainz, CC BY 4.0; retrieved 2026-10-04; https://www.regesta-imperii.de/id/1276-07-06_1_0_6_1_0_639_571"
ri:1276-12-15_1_0_6_1_0_725_638,work,"RI VI,1 n. 638",,"Bischof Leo v. Regensburg gibt einen ablassbrief für die kirchen zu Oberwelz und St. Peter am Kammersberg; ebenso die bischöfe von Gurk und Bamberg. Fontes rer. Austr. II 31, 341.",available,1276,,high,"dept: RI VI; issuer: Rudolf; place: Wienne; date: 1276-12-15; source: Regesta Imperii, Akad. der Wissenschaften und der Literatur | Mainz, CC BY 4.0; retrieved 2026-10-04; https://www.regesta-imperii.de/id/1276-12-15_1_0_6_1_0_725_638"
ri:1277-00-00_3_0_6_1_0_931_838,work,"RI VI,1 n. 838",,"schreibt an (könig Ottokar von Böhmen), wie er häufig wiederholte klagen von ihm über unbilden und beschwerden erhalten habe, die (Ottokars) getreuen von seinen leuten zugefügt worden seien, so könne er sich ebenso oft über offenbare schädigungen seiner leute beklagen; um diesem gegenseitig unleidlichen zustande abzuhelfen, sei das einzige mittel, dass (Ottokar) einer- wie er selbst andrerseits ih …",available,1277,,medium,"dept: RI VI; issuer: Rudolf; place: ....; date range: 1277-01-01 to 1277-12-31 (year = first possible); source: Regesta Imperii, Akad. der Wissenschaften und der Literatur | Mainz, CC BY 4.0; retrieved 2026-10-04; https://www.regesta-imperii.de/id/1277-00-00_3_0_6_1_0_931_838"
ri:1277-02-18_2_0_6_1_0_786_698,work,"RI VI,1 n. 698",,"befiehlt allen castellanen, richtern, mautnern, zöllnern und andern beamten in Steier sich keinerlei gerichtsbarkeit über die leute der kirche von Seckau innerhalb der flüsse Leusnich und Grad anzumassen; wer da wegen diebstals oder eines andern verbrechens (maleficii) ergriffen wird, den sollen die amtsleute der kirche cinctum cingulo dem vogt überantworten, die güter eines verurtheilten colonen …",available,1277,,high,"dept: RI VI; issuer: Rudolf; place: Wienne; date: 1277-02-18; source: Regesta Imperii, Akad. der Wissenschaften und der Literatur | Mainz, CC BY 4.0; retrieved 2026-10-04; https://www.regesta-imperii.de/id/1277-02-18_2_0_6_1_0_786_698"
ri:1277-05-10_1_0_6_1_0_846_756,work,"RI VI,1 n. 756",,"Bischof Bruno von Olmütz gibt für die von bischof Dietrich von Gurk neugegründete Marienkirche zu Studenitz einen ablassbrief. Emler Reg. Bohem. 2, 452 reg.",available,1277,,high,"dept: RI VI; issuer: Rudolf; place: apud Wiennam; date: 1277-05-10; source: Regesta Imperii, Akad. der Wissenschaften und der Literatur | Mainz, CC BY 4.0; retrieved 2026-10-04; https://www.regesta-imperii.de/id/1277-05-10_1_0_6_1_0_846_756"
ri:1277-07-21_1_0_6_1_0_920_828,work,"RI VI,1 n. 828",,"beurkundet, dass der erzbischof Friedrich von Salzburg die seiner kirche durch den tod der fürsten von Oesterreich, Steier, Kärnten und der Mark in diesen ländern ledig gewordenen lehen, mit ausnahme der dem bisthum Chiemsee übertragenen pfarre Riegersburg (in Steiermark, vgl. n. 659), an seine söhne Albrecht, Hartmann und Rudolf und deren männliche erben geliehen habe, wogegen er dem erzbischof z …",available,1277,,high,"dept: RI VI; issuer: Rudolf; place: Wienne; date: 1277-07-21; source: Regesta Imperii, Akad. der Wissenschaften und der Literatur | Mainz, CC BY 4.0; retrieved 2026-10-04; https://www.regesta-imperii.de/id/1277-07-21_1_0_6_1_0_920_828"
ri:1278-00-00_12_0_6_1_0_1171_1050,work,"RI VI,1 n. 1050",,"schreibt den vom päpstlichen stuhle zu inquisitoren gegen die ketzer eingesetzten Predigerbrüdern (N. et N.) in beantwortung ihres schreibens, dass er bereit sei im umkreis seiner macht mit voller strenge gegen alle ketzer vorzugehen und sie der verdienten strafe zuzuführen, wofern sie der häresie durch offenkundige beweise überführt und deshalb verurtheilt sind. Pestilentes heretice ‒ condemnati. …",available,1278,,medium,"dept: RI VI; issuer: Rudolf; place: ....; date range: 1278-01-01 to 1278-12-31 (year = first possible); source: Regesta Imperii, Akad. der Wissenschaften und der Literatur | Mainz, CC BY 4.0; retrieved 2026-10-04; https://www.regesta-imperii.de/id/1278-00-00_12_0_6_1_0_1171_1050"
ri:1278-00-00_6_0_6_1_0_1144_1026a,work,"RI VI,1 n. 1026a",,"Markgraf Otto (der Lange) von Brandenburg hatte indessen das schloss von Prag in besitz genommen, die stadt und der grössere theil des böhmischen adels erkannte ihn als vormund der kinder Ottokars und regenten an. Man bereitete sich zu einem neuen kampf, der markgraf zog mit einem heere Rudolf entgegen bis Kolin an der Elbe, eine meile von Rudolfs lager bei Sedletz. Doch die bischöfe vermittelten …",available,1278,,medium,"dept: RI VI; issuer: Rudolf; place: ....; date range: 1278-01-01 to 1278-12-31 (year = first possible); source: Regesta Imperii, Akad. der Wissenschaften und der Literatur | Mainz, CC BY 4.0; retrieved 2026-10-04; https://www.regesta-imperii.de/id/1278-00-00_6_0_6_1_0_1144_1026a"
ri:1278-06-05_2_0_6_1_0_1074_970,work,"RI VI,1 n. 970",,"(Romae) Papst Nicolaus III. an könig Rudolf: theilt diesem ausführlich mit, wie dessen gesandte, der bruder Konrad und dann der protonotar magister Gottfried, ihre aufgabe erfüllt und in seinem namen entsprechende erklärungen abgegeben haben, verlangt nun von Rudolf förmliche und feierliche urkunden, wodurch er nochmals die einst von seinem kanzler Rudolf gewissen städten abgenommenen treueide für …",available,1278,,high,"dept: RI VI; issuer: Rudolf; place: ....; date: 1278-06-05; source: Regesta Imperii, Akad. der Wissenschaften und der Literatur | Mainz, CC BY 4.0; retrieved 2026-10-04; https://www.regesta-imperii.de/id/1278-06-05_2_0_6_1_0_1074_970"
ri:1279-00-00_1_0_6_1_0_1246_1119,work,"RI VI,1 n. 1119",,"beauftragt seinen erstgebornen sohn (Albrecht), im verein mit dem bischof H(einrich) von Basel, dem grafen H(einrich) von Fürstenberg und dem ritter Chago nach Colmar zu gehen, um die dortigen parteiungen zu schlichten, wozu er wenn es nötig erschiene auch noch andere (extraneos) ritter und bürger beiziehen möge. Sinceritati tue studiose ‒ terminari. Nur als form. erhalten: in Ott., dar. Wiener Br …",available,1279,,medium,"dept: RI VI; issuer: Rudolf; place: ....; date range: 1279-01-01 to 1279-12-31 (year = first possible); source: Regesta Imperii, Akad. der Wissenschaften und der Literatur | Mainz, CC BY 4.0; retrieved 2026-10-04; https://www.regesta-imperii.de/id/1279-00-00_1_0_6_1_0_1246_1119"
ri:1279-05-24_1_0_6_1_0_1217_1091,work,"RI VI,1 n. 1091",,"nimmt den grafen Theoderich von Cleve in anbetracht seiner treue und der bande der verwandtschaft (idemptitas parentele) zu seinem rate und familiaren (consiliarium et familiarem domesticum) auf und verspricht ihm seinerseits hilfe gegen alle angreifer und ersatz der auslagen, wenn er ihn ausserhalb seines landes in anspruch nehmen würde. Copie saec. 16 ex. in ms. A 110 fol. 214 im staatsarch. Düs …",available,1279,,high,"dept: RI VI; issuer: Rudolf; place: Wienne; date: 1279-05-24; source: Regesta Imperii, Akad. der Wissenschaften und der Literatur | Mainz, CC BY 4.0; retrieved 2026-10-04; https://www.regesta-imperii.de/id/1279-05-24_1_0_6_1_0_1217_1091"
ri:1279-12-24_1_0_6_1_0_1290_1155,work,"RI VI,1 n. 1155",,"bestätigt dem kloster St. Pölten auf bitten des propstes Eberhard ein privileg herzog Friedrichs von Oesterreich von 1243 sept. 8 betr. befreiung der klostergüter und leute von der gerichtsbarkeit des landrichters in Tuln. Duellius Excerpta 25. Duellius Miscell. 1, 383. Maderna Histor. canon. St. Hippoliti 2, 129. Lampel Niederösterr. UB. 1, 141 (wo auch eine deutsche übersetzung saec. 14 abgedruc …",available,1279,,high,"dept: RI VI; issuer: Rudolf; place: Wienne; date: 1279-12-24; source: Regesta Imperii, Akad. der Wissenschaften und der Literatur | Mainz, CC BY 4.0; retrieved 2026-10-04; https://www.regesta-imperii.de/id/1279-12-24_1_0_6_1_0_1290_1155"
ri:1280-05-14_1_0_6_1_0_1337_1197,work,"RI VI,1 n. 1197",,"beurkundet dass er den grafen Friedrich von Leiningen zum burgmann (castellanum) in Hagenau angenommen habe. Schöpflin Als. dipl. 2, 19.",available,1280,,high,"dept: RI VI; issuer: Rudolf; place: Wienne; date: 1280-05-14; source: Regesta Imperii, Akad. der Wissenschaften und der Literatur | Mainz, CC BY 4.0; retrieved 2026-10-04; https://www.regesta-imperii.de/id/1280-05-14_1_0_6_1_0_1337_1197"
ri:1281-00-00_1_0_6_1_0_1548_1392,work,"RI VI,1 n. 1392",,"(in domo fratrum Minorum in pomerio) Anwesend, da graf Eberhard von Würtemberg seine burg Ehrenstein mit ihrem zugehör an das Clarissenkloster Söflingen (bei Ulm) verkauft. Zeugen: H. markgraf v. Burgau, F. burggraf v. Nürnberg, H. v. Fürstenberg, Ulrich v. Schelklingen; die bürger v. Ulm Otto minister, Crafto gen. Scriba; die Minderbrüder Wernher v. Brugg und Wernher gen. Cenar. Acta sunt hec a. …",available,1281,,medium,"dept: RI VI; issuer: Rudolf; place: Gamundie; date range: 1281-01-01 to 1281-12-31 (year = first possible); source: Regesta Imperii, Akad. der Wissenschaften und der Literatur | Mainz, CC BY 4.0; retrieved 2026-10-04; https://www.regesta-imperii.de/id/1281-00-00_1_0_6_1_0_1548_1392"
ri:1281-05-03_2_0_6_1_0_1435_1284,work,"RI VI,1 n. 1284",,"Konrad der Eysenpeutel von Chogel überlässt der kirche von Salzburg um 50 pfund Wiener den ritter (miles) Ulrich von Hasendorf, auf den er ius dominii seu proprietatis hat, favente et annuente ser. domini nostri Rudolfi Rom. regis gracia. Zeugen: propst Hertnid v. Friesach, Leopold archidiaconus inferioris Marchie u. a. Or. im staatsarch. Wien.",available,1281,,high,"dept: RI VI; issuer: Rudolf; place: Wienne; date: 1281-05-03; source: Regesta Imperii, Akad. der Wissenschaften und der Literatur | Mainz, CC BY 4.0; retrieved 2026-10-04; https://www.regesta-imperii.de/id/1281-05-03_2_0_6_1_0_1435_1284"
ri:1281-07-11_1_0_6_1_0_1506_1351,work,"RI VI,1 n. 1351",,"verpfändet Konrad dem Schenken von Landegg die vogtei in Scheftenau (im kanton St. Gallen) für dreissig mark silber. Herrgott Geneal. 3, 499. Wartmann UB. von St. Gallen 3, 225 aus or. in St. Gallen.",available,1281,,high,"dept: RI VI; issuer: Rudolf; place: Nurenburg; date: 1281-07-11; source: Regesta Imperii, Akad. der Wissenschaften und der Literatur | Mainz, CC BY 4.0; retrieved 2026-10-04; https://www.regesta-imperii.de/id/1281-07-11_1_0_6_1_0_1506_1351"
ri:1281-10-27_1_0_6_1_0_1568_1404a,work,"RI VI,1 n. 1404a",,"In vigilia Symonis et Judae fuit rex Ruodolphus in Ropolzstein, cum suis consanguineis pernoctavit. Ann. Colm. SS. 17, 208. ‒ Rapoltstein nordwestl. Colmar.",available,1281,,high,"dept: RI VI; issuer: Rudolf; place: Ropolzstein; date: 1281-10-27; source: Regesta Imperii, Akad. der Wissenschaften und der Literatur | Mainz, CC BY 4.0; retrieved 2026-10-04; https://www.regesta-imperii.de/id/1281-10-27_1_0_6_1_0_1568_1404a"
ri:1282-00-00_127_0_6_1_0_1729_1560,work,"RI VI,1 n. 1560",,"überträgt jemanden den schutz, die vertheidigung und obsorge für eine stadt, deren unerschütterliche und unentwegte treue er rühmt. Quia dilecti ‒ expedire. In T, dar. Bodmann 249.",available,1281,,medium,"dept: RI VI; issuer: Rudolf; place: ....; date range: 1281-01-01 to 1282-01-01 (year = first possible); source: Regesta Imperii, Akad. der Wissenschaften und der Literatur | Mainz, CC BY 4.0; retrieved 2026-10-04; https://www.regesta-imperii.de/id/1282-00-00_127_0_6_1_0_1729_1560"
ri:1282-00-00_18_0_6_1_0_1620_1451,work,"RI VI,1 n. 1451",,"fordert herren (oder städte, vestra prudentia) einer diöcese auf, sie sollen, da ihr bischof in des reiches geschaffen sehr häufig von seiner diöcese abwesend sein müsse und unmöglich im stande sei die diöcesanangelegenheiten alle zu besorgen, den bischöflichen beamten auf ihr ansuchen in allen dingen wider jedermann mit rat und that beizustehen. Quia princeps ‒ decernemus. In T, dar. Bodmann 34. …",available,1281,,medium,"dept: RI VI; issuer: Rudolf; place: ....; date range: 1281-01-01 to 1282-01-01 (year = first possible); source: Regesta Imperii, Akad. der Wissenschaften und der Literatur | Mainz, CC BY 4.0; retrieved 2026-10-04; https://www.regesta-imperii.de/id/1282-00-00_18_0_6_1_0_1620_1451"
ri:1282-00-00_62_0_6_1_0_1664_1495,work,"RI VI,1 n. 1495",,"ertheilt einem vater und dessen söhnen die belehnung mit einem schlosse, hof und forst, was früher andere (talis et B.) als allod besessen und dem könig zu gunsten der ersten als lehen aufgegeben hatten. Venientes ad ‒ presentes. In Ott., dar. Wiener Briefs. 268.",available,1281,,medium,"dept: RI VI; issuer: Rudolf; place: ....; date range: 1281-01-01 to 1282-01-01 (year = first possible); source: Regesta Imperii, Akad. der Wissenschaften und der Literatur | Mainz, CC BY 4.0; retrieved 2026-10-04; https://www.regesta-imperii.de/id/1282-00-00_62_0_6_1_0_1664_1495"
ri:1282-02-22_1_0_6_1_0_1795_1625,work,"RI VI,1 n. 1625",,"beurkundet dass der landgraf Friedrich von Leuchtenberg mit einwilligung seiner söhne burg und berg Kulmen (Rauhenkulm und Schlechtenkulm bei Kemnat) ihm resignirt, und dass er den burggrafen Friedrich (von Nürnberg) und dessen sohn dergestalt damit beliehen habe, dass nach deren tode des burggrafen töchter succediren. Schütz Corpus 4, 125. Stillfried Mon. Zoll. 1, 146. Mon. Zoll. 2, 132 aus or. i …",available,1282,,high,"dept: RI VI; issuer: Rudolf; place: Wissenburch; date: 1282-02-22; source: Regesta Imperii, Akad. der Wissenschaften und der Literatur | Mainz, CC BY 4.0; retrieved 2026-10-04; https://www.regesta-imperii.de/id/1282-02-22_1_0_6_1_0_1795_1625"
ri:1282-06-20_1_0_6_1_0_1853_1680,work,"RI VI,1 n. 1680",,"gestattet demselben in Arnheim sterlingische denare (ad valorem sterlingorum denariorum) zu schlagen. Or. im hausarch. zu München. Pontanus Hist. Gelriae 6, 159. Bondam Charterboek 1, 678. Sloet Oorkondenb. v. Gelre 1019 aus einem register zu Arnheim.",available,1282,,high,"dept: RI VI; issuer: Rudolf; place: Wormatie; date: 1282-06-20; source: Regesta Imperii, Akad. der Wissenschaften und der Literatur | Mainz, CC BY 4.0; retrieved 2026-10-04; https://www.regesta-imperii.de/id/1282-06-20_1_0_6_1_0_1853_1680"
ri:1282-12-00_2_0_6_1_0_1923_1740b,work,"RI VI,1 n. 1740b",,"Belehnung der söhne des königs Albrecht und Rudolf mit den herzogthümern Oesterreich, Steier und Kärnten, dem lande Krain und der windischen Mark. ‒ Dass die belehnung in den tagen vom 17. bis 23. dec. erfolgte (am 16. dec. Albrecht urkundlich noch graf, am 24. herzog), zeigte Zeissberg Rudolf v. Habsburg und der oesterr. Staatsgedanke (Habsburger Festschrift 1882) 18 f. Dies wird nun auch durch d …",available,1282,,medium,"dept: RI VI; issuer: Rudolf; place: Auguste; date range: 1282-12-01 to 1282-12-31 (year = first possible); source: Regesta Imperii, Akad. der Wissenschaften und der Literatur | Mainz, CC BY 4.0; retrieved 2026-10-04; https://www.regesta-imperii.de/id/1282-12-00_2_0_6_1_0_1923_1740b"
ri:1283-04-20_2_0_6_1_0_1969_1779,work,"RI VI,1 n. 1779",,"gibt in einem an podesta, rath und gemeinde von Como gerichteten schreiben dem bischof Heinrich von Basel, der ihm gleichsam die rechte hand ist mit der er alles ordnet und lenkt, und welchem alle geheimnisse seines herzens bekannt sind, die umfassendste vollmacht zu verhandeln und zu verfügen über die güter und die rechte des reichs in der Lombardei und in Italien, städte, dörfer und burgen des r …",available,1283,,high,"dept: RI VI; issuer: Rudolf; place: apud Burnentrut; date: 1283-04-20; source: Regesta Imperii, Akad. der Wissenschaften und der Literatur | Mainz, CC BY 4.0; retrieved 2026-10-04; https://www.regesta-imperii.de/id/1283-04-20_2_0_6_1_0_1969_1779"
ri:1284-03-12_1_0_6_1_0_2019_1820,work,"RI VI,1 n. 1820",,"gestattet den Augustinereremiten, sich ausserhalb der mauern Hagenaus am ort Rosshof genannt anzubauen, und empfiehlt sie allen reichsgetreuen zum wolwollenden schutze. Höhn Chronologia prov. Rhenosuev. ord. eremitarum s. August. 35 (nach mittheilung R. Wackernagels). Böhmer Acta 342 aus copie saec. 18 in Strassburg.",available,1284,,high,"dept: RI VI; issuer: Rudolf; place: Brisache; date: 1284-03-12; source: Regesta Imperii, Akad. der Wissenschaften und der Literatur | Mainz, CC BY 4.0; retrieved 2026-10-04; https://www.regesta-imperii.de/id/1284-03-12_1_0_6_1_0_2019_1820"
ri:1285-00-00_1_0_6_1_0_2113_1899,work,"RI VI,1 n. 1899",,"Bischof Berthold von Bamberg an könig Rudolf; dankt diesem für die seiner kirche erwiesene gunst, will dem könig stets zu diensten sein und beglaubigt bei ihm den decan K(onrad) von St. Stephan in Bamberg, königlichen caplan, in angelegenheiten der Bamberger kirche. Regie sublimitati ‒ adhibere. Nur als form. erhalten: in Ott., dar. Wiener Briefs. 235. ‒ Bischof Berthold von 1258‒1285 mai 17, als …",available,1285,,medium,"dept: RI VI; issuer: Rudolf; place: ....; date range: 1285-01-01 to 1285-12-31 (year = first possible); source: Regesta Imperii, Akad. der Wissenschaften und der Literatur | Mainz, CC BY 4.0; retrieved 2026-10-04; https://www.regesta-imperii.de/id/1285-00-00_1_0_6_1_0_2113_1899"
ri:1285-06-26_2_0_6_1_0_2133_1917,work,"RI VI,1 n. 1917",,"befiehlt dem königlichen hofrichter wörtlich ein gleiches in bezug auf die bürger von Speier. Lehmann Speir. Chron. 570. Lünig Reichsarchiv 14a, 472. Hilgard Speyer. UB. 113 aus or. im stadtarch. Speier.",available,1285,,high,"dept: RI VI; issuer: Rudolf; place: Maguncie; date: 1285-06-26; source: Regesta Imperii, Akad. der Wissenschaften und der Literatur | Mainz, CC BY 4.0; retrieved 2026-10-04; https://www.regesta-imperii.de/id/1285-06-26_2_0_6_1_0_2133_1917"
ri:1286-02-01_10_1_6_1_0_2202a_1979a,work,"RI VI,1 n. 1979A",,Brief König Rudolfs I. an Papst Honorius IV.: Wiederholung von B—R 1950 für den Bischof von Basel.,available,1286,,high,"dept: RI VI; issuer: Rudolf; place: Augsburg; date: 1286-02-01; source: Regesta Imperii, Akad. der Wissenschaften und der Literatur | Mainz, CC BY 4.0; retrieved 2026-10-04; https://www.regesta-imperii.de/id/1286-02-01_10_1_6_1_0_2202A_1979A"
ri:1286-06-29_1_0_6_1_0_2259_2031,work,"RI VI,1 n. 2031",,bestätigt dem kloster Weingarten den besitz der St. Michaelskapelle in suburbio bei Ravensburg und der St. Veitskapelle in Ravensburg. Or. im staatsarch. Stuttgart.,available,1286,,high,"dept: RI VI; issuer: Rudolf; place: Ulme; date: 1286-06-29; source: Regesta Imperii, Akad. der Wissenschaften und der Literatur | Mainz, CC BY 4.0; retrieved 2026-10-04; https://www.regesta-imperii.de/id/1286-06-29_1_0_6_1_0_2259_2031"
ri:1287-03-12_1_0_6_1_0_2304_2063,work,"RI VI,1 n. 2063",,"(Rome) Papst Honorius IV. an könig Rudolf: schreibt über die der gottesfurcht seiner vorfahren vergessenden verirrungen des königs Ladislaus von Ungarn, der mit heiden, Tataren usw. sich verbunden hat, unter ihnen lebt und seine gemalin königin Elisabeth gefangen setzen liess; er habe daher dem erzbischof von Gran befohlen, den könig auf den rechten weg durch ermahnungen zurückzuführen und gegen d …",available,1287,,high,"dept: RI VI; issuer: Rudolf; place: ....; date: 1287-03-12; source: Regesta Imperii, Akad. der Wissenschaften und der Literatur | Mainz, CC BY 4.0; retrieved 2026-10-04; https://www.regesta-imperii.de/id/1287-03-12_1_0_6_1_0_2304_2063"
ri:1287-08-14_1_0_6_1_0_2367_2117,work,"RI VI,1 n. 2117",,"(ap. Cice) Die bischöfe Witicho von Meissen, Heinrich von Merseburg und Bruno von Naumburg, Friedrich pfalzgraf von Sachsen, Dietrich der jüngere, landgraf von Thüringen, Friedrich sohn Heinrichs markgrafen von Meissen und Osterland, die grafen Otto von Marnshouge, Friedrich und Berthold von Rabenswalt, Albert von Gleichen, Heinrich von Stalberg, der burggraf von Meissen und andere barone, zu Zeit …",available,1287,,high,"dept: RI VI; issuer: Rudolf; place: ....; date: 1287-08-14; source: Regesta Imperii, Akad. der Wissenschaften und der Literatur | Mainz, CC BY 4.0; retrieved 2026-10-04; https://www.regesta-imperii.de/id/1287-08-14_1_0_6_1_0_2367_2117"
ri:1288-04-05_1_0_6_1_0_2426_2160,work,"RI VI,1 n. 2160",,"Aebtissin Anna von Säeckingen belehnt die söhne könig Rudolfs, die herzoge Albrecht und Rudolf von Oesterreich und Steier, mit den ihrem kloster heimgefallenen lehen im lande Glarus nemlich mit dem maieramt von Glarus. Arch. f. Schweiz. Gesch. 3, 89. ‒ Wie schon Kopp Reichsgesch. 2a, 293 annahm, ist die äbtissin sicherlich in Ensisheim südl. Colmar mit könig Rudolf selbst zusammengetroffen und nic …",available,1288,,high,"dept: RI VI; issuer: Rudolf; place: Ensisheim; date: 1288-04-05; source: Regesta Imperii, Akad. der Wissenschaften und der Literatur | Mainz, CC BY 4.0; retrieved 2026-10-04; https://www.regesta-imperii.de/id/1288-04-05_1_0_6_1_0_2426_2160"
ri:1288-12-25_1_0_6_1_0_2481_2201a,work,"RI VI,1 n. 2201a",,Weihnachten.,available,1288,,high,"dept: RI VI; issuer: Rudolf; place: Spire; date: 1288-12-25; source: Regesta Imperii, Akad. der Wissenschaften und der Literatur | Mainz, CC BY 4.0; retrieved 2026-10-04; https://www.regesta-imperii.de/id/1288-12-25_1_0_6_1_0_2481_2201a"
ri:1289-08-22_1_0_6_1_0_2530_2237b,work,"RI VI,1 n. 2237b",,"Lagerung vor Besançon von heute an durch acht tage. Chifflet Vesontio 1, 233 und Castan 393 nach der gleichzeitigen aufzeichnung eines bürgers von Besançon. [Rudolf lagerte sich zuerst am fasse des mons Mandelier (heute Beauregard), im osten der stadt am rechten ufer des Doubs, der Besançon hufeisenförmig umströmt. Pfalzgraf Otto mit dem feindlichen heere stand am 25. august noch bei Bellevaux am …",available,1289,,high,"dept: RI VI; issuer: Rudolf; place: Bisuntii; date: 1289-08-22; source: Regesta Imperii, Akad. der Wissenschaften und der Literatur | Mainz, CC BY 4.0; retrieved 2026-10-04; https://www.regesta-imperii.de/id/1289-08-22_1_0_6_1_0_2530_2237b"
ri:1290-02-12_1_0_6_1_0_2578_2277,work,"RI VI,1 n. 2277",,"verleiht dem edeln mann Otto von Ochsenstein, seinem schwestersohn, wegen dessen diensten alle lehen, welche dem reich durch den tod des grafen Emich von Leiningen und seines sohnes ledig geworden sind, ausser Landau. Or. in Darmstadt mit dem datum: xviii. kal. martii. Schöpflin Als. dipl. 2, 43. Mone in Oberrhein. Zeitschr. 11, 432 bessere lesearten aus dem or. ‒ [Mone meinte, dass das datum als …",available,1290,,high,"dept: RI VI; issuer: Rudolf; place: Erfordie; date: 1290-02-12; source: Regesta Imperii, Akad. der Wissenschaften und der Literatur | Mainz, CC BY 4.0; retrieved 2026-10-04; https://www.regesta-imperii.de/id/1290-02-12_1_0_6_1_0_2578_2277"
ri:1290-06-09_1_0_6_1_0_2634_2323,work,"RI VI,1 n. 2323",,"bestätigt dem herzog Albrecht von Oesterreich und Steier die von Salzburg herrührende und zur markgrafschaft Steier gehörige vogtei über das kloster Nonnberg in der stadt Salzburg, nachdem das erzstift Salzburg von den deshalb erhobenen ansprüchen abgestanden ist. Lichnowsky 3, Reg. 317 n. 1077b reg. aus k. Friedrichs handregistratur v. 1446 fol. 94 im staatsarch. Wien.",available,1290,,high,"dept: RI VI; issuer: Rudolf; place: Erfordie; date: 1290-06-09; source: Regesta Imperii, Akad. der Wissenschaften und der Literatur | Mainz, CC BY 4.0; retrieved 2026-10-04; https://www.regesta-imperii.de/id/1290-06-09_1_0_6_1_0_2634_2323"
ri:1290-10-02_1_0_6_1_0_2693_2378,work,"RI VI,1 n. 2378",,"beurkundet dass Günther von Salza, wie ihm in seiner gegenwart durch rechtsspruch auferlegt worden, mit zwei ehrbaren zeugen erwiesen habe, dass er sich seit dreissig jahren und länger im besitze der burg Stein befinde. Abschriftlich aus Dresden. Winkelmann Acta 2, 140 aus or. in Dresden (mit ind. 3, reg. 18).",available,1290,,high,"dept: RI VI; issuer: Rudolf; place: ....; date: 1290-10-02; source: Regesta Imperii, Akad. der Wissenschaften und der Literatur | Mainz, CC BY 4.0; retrieved 2026-10-04; https://www.regesta-imperii.de/id/1290-10-02_1_0_6_1_0_2693_2378"
ri:1291-01-05_1_0_6_1_0_2726_2405,work,"RI VI,1 n. 2405",,"Walter truchsess von Warthausen verkauft mit einwilligung seiner unmittelbaren lehensherren der grafen Hartmann von Brandenburg, Konrad d. ä. und Konrad d. j. von Kirchberg und Otto von Neuenhausen (und des königs. vgl. n. 2400) reichslehenbare güter zu Sulmingen um 120 mark an das kloster Heggbach. Zeugen: herzog Konrad v. Teck, graf Ulrich v. Berge, die ritter Heinrich v. Freiberg, H. Walter v. …",available,1291,,high,"dept: RI VI; issuer: Rudolf; place: Ulme; date: 1291-01-05; source: Regesta Imperii, Akad. der Wissenschaften und der Literatur | Mainz, CC BY 4.0; retrieved 2026-10-04; https://www.regesta-imperii.de/id/1291-01-05_1_0_6_1_0_2726_2405"
ri:1291-05-23_5_0_6_1_0_2790_2458,work,"RI VI,1 n. 2458",,"(‒) Derselbe beauftragt consideratione R. regis Romanorum den bischof (Johann) von Lüttich, dass er den Johannes von Niele cleriker der Lütticher diöcese vom defectus natalium dispensire. Langlois Reg. de Nicolas IV. n. 5228 reg. aus dem päpstl. register.",available,1291,,high,"dept: RI VI; issuer: Rudolf; place: ....; date: 1291-05-23; source: Regesta Imperii, Akad. der Wissenschaften und der Literatur | Mainz, CC BY 4.0; retrieved 2026-10-04; https://www.regesta-imperii.de/id/1291-05-23_5_0_6_1_0_2790_2458"
ri:1292-00-00_1_0_6_2_0_24_24,work,"RI VI,2 n. 24",,"Zum abzug des königs aus Frankfurt offenbar gehört die nachricht des Chron. Colm., MG. SS. 17, 257 z. 39 zu 1292: Francfordenses expensas a rege electo petunt, Maguntinus pro rege obligavit castra et villas pro 20 milibus marcarum; s. Studien (IV) 39 amn. 19. Ersatz der wahlauslagen verspricht Adolf dem erzbischof Gerhard juli 1 in RI. VI 2 n. 35 § 11, doch läßt diese zusage, die im gegensatz zu d …",available,1292,,medium,"dept: RI VI; issuer: Adolf; place: ....; date range: 1292-01-01 to 1292-12-31 (year = first possible); source: Regesta Imperii, Akad. der Wissenschaften und der Literatur | Mainz, CC BY 4.0; retrieved 2026-10-04; https://www.regesta-imperii.de/id/1292-00-00_1_0_6_2_0_24_24"
ri:1292-07-07_5_0_6_2_0_47_46,work,"RI VI,2 n. 46",,"verbrieft dem erzbischof (Boemund) von Trier und dessen nachfolgern mit handgelöbnis folgende (schon gemachte) Versprechungen: 1. verbot, trierer rechte vor dem könig anzufechten; 2. rücklösung der reichsburg Kochem; 3. schutz gegen säumige lehensmutung von trierer vasallen; 4. belassung der trierer vogtei über die stadt Koblenz; 5. verhängung der acht über gebannte; 6. schutz der kirchen und klös …",available,1292,,high,"dept: RI VI; issuer: Adolf; place: Bonn; date: 1292-07-07; source: Regesta Imperii, Akad. der Wissenschaften und der Literatur | Mainz, CC BY 4.0; retrieved 2026-10-04; https://www.regesta-imperii.de/id/1292-07-07_5_0_6_2_0_47_46"
ri:1292-10-11_4_0_6_2_0_107_104,work,"RI VI,2 n. 104",,"Der predigerordensbruder Dyther bekundet, daß er auf befehl (seines bruders) könig A(dolfs) über den von den bürgern von Köln in Neuß zu entrichtenden zoll den domherrn Lambert von St. Kunibert in Köln hätte befragen sollen, aber weil dieser krankheitshalber nicht vernehmungsfähig gewesen sei, den kölner bürger Heinrich Flaco einvernommen habe; dieser habe die folgende, von dem genannten Lambert b …",available,1292,,high,"dept: RI VI; issuer: Adolf; place: ....; date: 1292-10-11; source: Regesta Imperii, Akad. der Wissenschaften und der Literatur | Mainz, CC BY 4.0; retrieved 2026-10-04; https://www.regesta-imperii.de/id/1292-10-11_4_0_6_2_0_107_104"
ri:1293-00-00_1_0_6_2_0_220_217,work,"RI VI,2 n. 217",,"Beilegung des zwischen landgraf Johann von Wörth, Johann von Lichtenberg und Ludwig und Johann von Amoltern einerseits und dem landvogte Otto von Ochsenstein anderseits ausgebrochenen streites über die burgen Ortenburg und Bilstein durch ein sühneabkommen vor dem könig. Nach erzielter einigung scheiden die vertragschließenden von Adolf (vgl. RI. VI 2 n. 221: actum et tractatum fuit in civitate Spi …",available,1293,,medium,"dept: RI VI; issuer: Adolf; place: Speyer; date range: 1293-01-01 to 1293-12-31 (year = first possible); source: Regesta Imperii, Akad. der Wissenschaften und der Literatur | Mainz, CC BY 4.0; retrieved 2026-10-04; https://www.regesta-imperii.de/id/1293-00-00_1_0_6_2_0_220_217"
ri:1293-02-21_1_0_6_2_0_200_197,work,"RI VI,2 n. 197",,"verbrieft den bürgern von Kolmar ihr stadtrecht: 1–3 [1–3]. totschlag (strafverfahren, eheste rechtsprechung, [15'] vorschubleistung); 3a, [64; 33']. zeugnispflicht; 3b [37; vgl. 34']. schmähung; 4 [9; vgl. 28']. kein klagezwang; 5 [10; 36']. kein zeugnis von nichtbürgern gegen bürger; 6 [11; 37']. zwei zeugen; 7 [12; 38']. rechtszug nach anderen städten oder nach Köln; 8 [14; 17; 40/1'; 44']. bed …",available,1293,,high,"dept: RI VI; issuer: Adolf; place: Rottweil; date: 1293-02-21; source: Regesta Imperii, Akad. der Wissenschaften und der Literatur | Mainz, CC BY 4.0; retrieved 2026-10-04; https://www.regesta-imperii.de/id/1293-02-21_1_0_6_2_0_200_197"
ri:1293-06-13_1_0_6_2_0_263_259,work,"RI VI,2 n. 259",,"bestätigt und erneuert dem grafen Eberhard von Katzenelnbogen auf dessen bitte die hier eingerückte urkunde könig Rudolfs von 1282 nov. 11 (RI. VI 1 n. 1725) und die in ihr enthaltene verpfändung des reichszolls von Boppard an Eberhard samt der dort beigefügten vergünstigung (bezügl. der einkünfte). [Dat. Haggenberch (ap. Haggemberg) id. iun., ind. 6, 1293, r. 2].",available,1293,,high,"dept: RI VI; issuer: Adolf; place: Hachenburg (im Westerwalde); date: 1293-06-13; source: Regesta Imperii, Akad. der Wissenschaften und der Literatur | Mainz, CC BY 4.0; retrieved 2026-10-04; https://www.regesta-imperii.de/id/1293-06-13_1_0_6_2_0_263_259"
ri:1293-10-28_1_0_6_2_0_331_327,work,"RI VI,2 n. 327",,schreibt an ritter Heinrich truchseß von Rheinfelden.,available,1293,,high,"dept: RI VI; issuer: Adolf; place: vor Gemar (im lager); date: 1293-10-28; source: Regesta Imperii, Akad. der Wissenschaften und der Literatur | Mainz, CC BY 4.0; retrieved 2026-10-04; https://www.regesta-imperii.de/id/1293-10-28_1_0_6_2_0_331_327"
ri:1294-02-02_1_0_6_2_0_370_364,work,"RI VI,2 n. 364",,"erneuert und bestätigt seinen bürgern von Gelnhausen alle privilegien, freiheiten und rechte, die ihnen von früheren kaisern und königen verliehen worden sind. [Dat. in F., IV non. febr., ind. 7, 1294, r. 2].",available,1294,,high,"dept: RI VI; issuer: Adolf; place: Frankfurt; date: 1294-02-02; source: Regesta Imperii, Akad. der Wissenschaften und der Literatur | Mainz, CC BY 4.0; retrieved 2026-10-04; https://www.regesta-imperii.de/id/1294-02-02_1_0_6_2_0_370_364"
ri:1294-08-01_2_0_6_2_0_428_420,work,"RI VI,2 n. 420",,"an ratmannen und bürger von Frankfurt: erweist ihnen die begünstigung, daß niemand befugt sein solle, sie oder einen von ihnen zum zweikampf außerhalb der stadt zu veranlassen und daß auch nur der sie in angelegenheiten, die güter oder schuldsachen beträfen, irgendwohin außerhalb Frankfurts laden dürfe, dem zuvor in dieser stadt das recht verweigert worden sei. [Dat. ap. F., kal. aug., ind. 7, 129 …",available,1294,,high,"dept: RI VI; issuer: Adolf; place: Frankfurt; date: 1294-08-01; source: Regesta Imperii, Akad. der Wissenschaften und der Literatur | Mainz, CC BY 4.0; retrieved 2026-10-04; https://www.regesta-imperii.de/id/1294-08-01_2_0_6_2_0_428_420"
ri:1295-00-00_1_0_6_2_0_535_527,work,"RI VI,2 n. 527",,"Abzug des königs nach übergriffen seines kriegsvolkes. Cron. s. Petri Erford. mod., ed H.-E. Mon. Erphesf. 312 z. 6–12: ubi cum aliquantisper conmoraretur, tumultu gravissimo propter conswetas sequatium regis insolencias et maxime ob debita seu refusionem expensarum negatam civibus excitato tota pene civitas concitatur, ad arma convolatur, inquieti satellites ceduntur, propelluntur, adeo ut ipse r …",available,1295,,medium,"dept: RI VI; issuer: Adolf; place: ....; date range: 1295-01-01 to 1295-12-31 (year = first possible); source: Regesta Imperii, Akad. der Wissenschaften und der Literatur | Mainz, CC BY 4.0; retrieved 2026-10-04; https://www.regesta-imperii.de/id/1295-00-00_1_0_6_2_0_535_527"
ri:1295-01-14_1_0_6_2_0_533_525,work,"RI VI,2 n. 525",,"bestätigt und erneuert dem abt und dem konvente des zisterzienserklosters Walkenried in der diözese Mainz die hier eingerückte urk. könig Heinrichs (VII.) von 1223 sept. 21 (RI. V n. 3906) mit der dort inserierten urk. könig Friedrichs II. von 1215 sept. 11 (RI. V n. 829), worin dieses kloster die bestätigung seiner früheren privilegien erhalten hat und in besonderen schutz genommen worden ist. Ze …",available,1295,,high,"dept: RI VI; issuer: Adolf; place: Mühlhausen; date: 1295-01-14; source: Regesta Imperii, Akad. der Wissenschaften und der Literatur | Mainz, CC BY 4.0; retrieved 2026-10-04; https://www.regesta-imperii.de/id/1295-01-14_1_0_6_2_0_533_525"
ri:1295-04-08_3_0_6_2_0_597_588,work,"RI VI,2 n. 588",,"an die stadt Verdun, ihren bürgermeister und ihre vorsteher: richtet an sie ein mit RI. VI 2 n. 587 mutatis mutandis gleichlautendes schreiben. [Dat. in W., VI id. apr., r. 3].",available,1295,,high,"dept: RI VI; issuer: Adolf; place: Weißenburg; date: 1295-04-08; source: Regesta Imperii, Akad. der Wissenschaften und der Literatur | Mainz, CC BY 4.0; retrieved 2026-10-04; https://www.regesta-imperii.de/id/1295-04-08_3_0_6_2_0_597_588"
ri:1295-10-01_1_0_6_2_0_664_655,work,"RI VI,2 n. 655",,"Eduard könig von England an k. Adolf: unter den bestimmungen ihres bündnisvertrages (von 1294 aug. 21 [okt. 22]: RI. VI 2 n. 427 [458]) finde sich auch (in § 4) ausdrücklich vereinbart, daß die beiden könige in ihren reichen jeden, der wegen des krieges gegen den könig von Frankreich bündner Adolfs und Eduards angreife oder solche bündner unmittelbar oder mittelbar hindere, ihnen beiden zu hilfe z …",available,1295,,high,"dept: RI VI; issuer: Adolf; place: ....; date: 1295-10-01; source: Regesta Imperii, Akad. der Wissenschaften und der Literatur | Mainz, CC BY 4.0; retrieved 2026-10-04; https://www.regesta-imperii.de/id/1295-10-01_1_0_6_2_0_664_655"
ri:1296-04-20_2_0_6_2_0_717_707,work,"RI VI,2 n. 707",,"an abt und konvent des zisterzienserklosters Waldsassen in der diözese Regensburg: verschreibt ihnen zu seinem seelenheile zweihundert mark reinen silbers, überläßt ihnen aber an deren stelle die reichsdörfer Bärnau, Hohenthan und Griesbach samt allen dazugehörigen rechten unter der bedingung, daß es ihm, Adolf, oder seinen nachfolgern im reiche, sobald sie das geld gezahlt hätten, freistehen soll …",available,1296,,high,"dept: RI VI; issuer: Adolf; place: Zwickau; date: 1296-04-20; source: Regesta Imperii, Akad. der Wissenschaften und der Literatur | Mainz, CC BY 4.0; retrieved 2026-10-04; https://www.regesta-imperii.de/id/1296-04-20_2_0_6_2_0_717_707"
ri:1296-09-11_1_0_6_2_0_778_767,work,"RI VI,2 n. 767",,"gewährt dem abte Friedrich und dem konvente des benediktinerklosters Schönau in der diözese Trier (im Rheingau) die begünstigung, daß ihr in seiner stadt (Ober-) Wesel befindlicher hof samt zubehör von jeder bede und steuer und überhaupt von allen reichsdiensten (ab omni precaria exactione seu stura et ab omnibus serviciis nobis impendendis) so lange befreit sein solle, bis diese gnadenbezeugung w …",available,1296,,high,"dept: RI VI; issuer: Adolf; place: Boppard; date: 1296-09-11; source: Regesta Imperii, Akad. der Wissenschaften und der Literatur | Mainz, CC BY 4.0; retrieved 2026-10-04; https://www.regesta-imperii.de/id/1296-09-11_1_0_6_2_0_778_767"
ri:1297-02-06_2_0_6_2_0_820_809,work,"RI VI,2 n. 809",,"Odo erzbischof von Besançon läßt einspruch dagegen erheben, daß Hugo von Burgund in den besitz der vizegrafschaft von Besançon durch einen dortigen bürger im namen des königs von Frankreich eingewiesen worden ist: es sei offenkundig, daß die vizegrafschaft von dem erzbischofe zu lehen rühre, daher werde durch diesen dem genannten Hugo die ausübung jeder gerichtsbarkeit in ihr untersagt [1296, ind. …",available,1297,,high,"dept: RI VI; issuer: Adolf; place: ....; date: 1297-02-06; source: Regesta Imperii, Akad. der Wissenschaften und der Literatur | Mainz, CC BY 4.0; retrieved 2026-10-04; https://www.regesta-imperii.de/id/1297-02-06_2_0_6_2_0_820_809"
ri:1297-08-11_1_0_6_2_0_882_871,work,"RI VI,2 n. 871",,"nimmt die edlen Nikolaus von Hagen (de Indagine) und Tilmann von Schwarzenberg zu reichsburgmannen in der burg Kaiserslautern oder in der burg Kevelnberg an, je nachdem welche der beiden festen Johann sein amtmann von Rheinberg und landvogt im Speyergau dazu für geeigneter halte und verspricht ihnen deshalb vierhundert pfund heller oder jährliche einkünfte von vierzig pfund; der genannte amtmann w …",available,1297,,high,"dept: RI VI; issuer: Adolf; place: ....; date: 1297-08-11; source: Regesta Imperii, Akad. der Wissenschaften und der Literatur | Mainz, CC BY 4.0; retrieved 2026-10-04; https://www.regesta-imperii.de/id/1297-08-11_1_0_6_2_0_882_871"
ri:1297-12-23_1_0_6_2_0_948_936,work,"RI VI,2 n. 936",,"verpflichtet sich, dem erzbischof Boemund von Trier für alle kosten ersatz zu leisten, die diesem samt zinsen (cum omnibus et singulis dampnis supercrescentibus) dadurch erwachsen seien, daß derselbe als Adolfs gesandter eine reise nach Flandern unternommen habe, um über einen frieden zwischen ihm (dem könige) und den königen Eduard von England und Ph(ilipp) von Frankreich unterhandlungen zu pfleg …",available,1297,,high,"dept: RI VI; issuer: Adolf; place: Speyer; date: 1297-12-23; source: Regesta Imperii, Akad. der Wissenschaften und der Literatur | Mainz, CC BY 4.0; retrieved 2026-10-04; https://www.regesta-imperii.de/id/1297-12-23_1_0_6_2_0_948_936"
ri:1298-05-01_1_0_6_2_0_983_970,work,"RI VI,2 n. 970",,"Gerhard erzbischof von Mainz (s. imperii per Germ. archicancellarius) richtet an könig Adolf, mit dem wunsche, das reich glücklich zu regieren, folgendes schreiben: auf grund alten herkommens stehe dem Mainzer als dem erzkanzler für Deutschland die befugnis zu, im falle dringender notwendigkeit nicht nur die kurfürsten (principes qui ius optinent eligendi regem Romanorum in imperatorem postmodum p …",available,1298,,high,"dept: RI VI; issuer: Adolf; place: ....; date: 1298-05-01; source: Regesta Imperii, Akad. der Wissenschaften und der Literatur | Mainz, CC BY 4.0; retrieved 2026-10-04; https://www.regesta-imperii.de/id/1298-05-01_1_0_6_2_0_983_970"
ri:1301-09-16_1_0_7_3_0_632_f632,work,[RI VII] H. 3 n. †632,,"Ks. Ludwig (1) bestätigt das ihm und seinen Nachkommen empfohlene Seelgerät der Grafen von Andechs in der dortigen Kapelle, das von Kaiser Heinrich I[II]., Sohn des von Kaiser Konrad [II.] vertriebenen Grafen Leopold von Andechs, Stifters von St. Blasien im Schwarzwald1, und der Hedwig, gestiftet wurde und von Graf Berthold von Andechs, der2 anstelle des Grafen von Wittelsbach3 des Mordes an Kaise …",available,1301,,high,"dept: RI VII; issuer: Andechser Fälschung; place: München; date: 1301-09-16; source: Regesta Imperii, Akad. der Wissenschaften und der Literatur | Mainz, CC BY 4.0; retrieved 2026-10-04; https://www.regesta-imperii.de/id/1301-09-16_1_0_7_3_0_632_F632"
ri:1308-11-27_5_0_6_4_1_193_151,work,"RI VI,4,1 n. 151",,"Elekt oder König Heinrich weist der Gräfin Imagina von Nassau, Witwe seines königlichen Vor­vorgängers König Adolf, 900 Pfund Heller aus den Reichseinkünften von seiner und des Reichs Stadt Wetzlar an.",available,1308,,high,"dept: RI VI; issuer: Heinrich VII.; date: 1308-11-27; source: Regesta Imperii, Akad. der Wissenschaften und der Literatur | Mainz, CC BY 4.0; retrieved 2026-10-04; https://www.regesta-imperii.de/id/1308-11-27_5_0_6_4_1_193_151"
ri:1309-02-28_1_0_6_4_1_101_59,work,"RI VI,4,1 n. 59#",,"König Heinrich teilt den Schultheißen, Schöffen, Ratsherren und allen Bürgern von Kaisers­lautern, Weißenburg, Landau, Selz, Hagenbach, Germersheim und Annweiler, seinen Ge­treuen (in Lutrea, Wiz­zenburg, Landowe, Selsa, Hagenbuch, Germershein et Anewilre, fide­libus suis dilectis), mit, daß er seinen Verwandten und Getreuen (affinis et fidelis noster dilec­tus), den Adligen Graf Georg [I.] von Ve …",available,1309,,high,"dept: RI VI; issuer: Heinrich VII.; place: Speyer; date: 1309-02-28; source: Regesta Imperii, Akad. der Wissenschaften und der Literatur | Mainz, CC BY 4.0; retrieved 2026-10-04; https://www.regesta-imperii.de/id/1309-02-28_1_0_6_4_1_101_59"
ri:1309-04-12_1_0_6_4_1_159_117,work,"RI VI,4,1 n. 117",,"König Heinrich verleiht dem Schultheißen, dem Bürgermeister, den Vierundzwanzig, dem Rat und der Ge­mein­de der Stadt Freiburg im Breisgau, seinen Getreuen (dem schultheizzen, dem burger­mei­ster, den vier und zweinzigen, dem rat und der gemeinde der stat ze Ffribůrg in Brisgowe, un­sern liben getriwen), wegen ihrer künftigen treuen Dienste für König und Reich die Gnade, sich nur vor dem Schulthei …",available,1309,,high,"dept: RI VI; issuer: Heinrich VII.; place: Neuenburg [am Rhein]; date: 1309-04-12; source: Regesta Imperii, Akad. der Wissenschaften und der Literatur | Mainz, CC BY 4.0; retrieved 2026-10-04; https://www.regesta-imperii.de/id/1309-04-12_1_0_6_4_1_159_117"
ri:1309-06-03_3_0_6_4_1_215_173,work,"RI VI,4,1 n. 173",,"König Heinrich billigt und bestätigt den Leuten im Tal Uri, seinen Getreuen, auf deren Bitten und sofern sie König und Reich weiterhin treu dienen, alle Freiheiten, Rechte, Privilegien und Gnadenerweise, die ihnen von den verewigten Römischen Kaisern und Königen, seinen Vor­gän­gern, gewährt worden waren.",available,1309,,high,"dept: RI VI; issuer: Heinrich VII.; place: [Konstanz]; date: 1309-06-03; source: Regesta Imperii, Akad. der Wissenschaften und der Literatur | Mainz, CC BY 4.0; retrieved 2026-10-04; https://www.regesta-imperii.de/id/1309-06-03_3_0_6_4_1_215_173"
ri:1309-07-26_3_0_6_4_1_275_233,work,"RI VI,4,1 n. 233",,"Als König Heinrichs Gesandte und dessen hierzu besonders ermächtigte Prokuratoren leisten der Churer Bischof Siegfried [von Gelnhausen], die Grafen Amadeus [V.] von Savoyen und Johann Dauphin von Vienne und Albon, Wido von Flandern und Graf Johann [I.] von Saar­brücken sowie der Metzer Schatzmeister Simon von Marville stellvertretend und im Namen des Königs (vice et nomine dicti domini nostri regi …",available,1309,,high,"dept: RI VI; issuer: Heinrich VII.; place: [Avignon]; date: 1309-07-26; source: Regesta Imperii, Akad. der Wissenschaften und der Literatur | Mainz, CC BY 4.0; retrieved 2026-10-04; https://www.regesta-imperii.de/id/1309-07-26_3_0_6_4_1_275_233"
ri:1315-03-04_1_0_7_4_0_6_6,work,[RI VII] H. 4 n. 6,,"Kg. Ludwig (1) überläßt nach dem Beispiel der römischen Könige und Kaiser seinen und des Reiches Bürgern von Hagenau für die ihm bewiesene Treue das dortige Ungeld zum Nutzen ihrer Stadt1, (2) bestätigt alle von seinen Vorgängern erteilten Freiheiten, Ehren, Gnaden und anerkannten Gewohnheiten und (3) verspricht, ihre Steuern oder die der bei ihnen wohnenden Juden niemandem teilweise oder vollstän …",available,1315,,high,"dept: RI VII; issuer: Ludwig; place: im Lager bei Speyer; date: 1315-03-04; source: Regesta Imperii, Akad. der Wissenschaften und der Literatur | Mainz, CC BY 4.0; retrieved 2026-10-04; https://www.regesta-imperii.de/id/1315-03-04_1_0_7_4_0_6_6"
ri:1315-06-21_1_0_7_3_0_14_14,work,[RI VII] H. 3 n. 14,,"Kg. Ludwig befiehlt Bürgermeister, Rat und Bürgerschaft zu Regensburg, Störungen des innerhalb ihrer Mauern gelegenen [Benediktiner]klosters St. Emmeram, das er mit Leuten und grangiis pertinentibus in seinen Schutz genommen hat, durch den Bischof ihrer Stadt oder andere geistliche oder weltliche Personen nicht zuzulassen, damit die Brüder geschützt Gottes Gnade für das Wohl des Königreiches erfle …",available,1315,,high,"dept: RI VII; issuer: Ludwig; place: Regensburg; date: 1315-06-21; source: Regesta Imperii, Akad. der Wissenschaften und der Literatur | Mainz, CC BY 4.0; retrieved 2026-10-04; https://www.regesta-imperii.de/id/1315-06-21_1_0_7_3_0_14_14"
ri:1315-11-25_1_0_7_1_0_5_5,work,[RI VII] H. 1 n. 5,,"Kg. Ludwig verleiht Rat und Gemeinschaft der Bürger zu Esslingen sowie allen, die für sie Bürgen gegenüber den Juden von Überlingen oder anderswo wurden, in Anbetracht des Schadens, den sie in seinem und des Reiches Dienst erlitten, die Gnade, daß sie von sand Marteins tag der nuo nest was vo ber zwai jar (1315 November 11 bis 1317 November 11) weder den zu Überlingen noch den anderswo wohnenden J …",available,1315,,high,"dept: RI VII; issuer: Ludwig; place: München; date: 1315-11-25; source: Regesta Imperii, Akad. der Wissenschaften und der Literatur | Mainz, CC BY 4.0; retrieved 2026-10-04; https://www.regesta-imperii.de/id/1315-11-25_1_0_7_1_0_5_5"
ri:1316-05-14_1_0_8_0_0_1_a,work,RI VIII n. a,,"Geburt als erstgeborner sohn Johanns königs von Böhmen und der böhmischen princessin Elisabeth. Am nächstfolgenden pfingstfeste (mai 30) wurde er vom erzb. Peter von Mainz in gegenwart seines grossoheims Balduins erzbischofs von Trier u. s. w. getauft und Wenzel geheissen. Vita Karoli ap. Böhmer 1,233. Petr. Zitt. ap. Dobner 5,346.",available,1316,,high,"dept: RI VIII; issuer: Karl IV.; place: Prage; date: 1316-05-14; source: Regesta Imperii, Akad. der Wissenschaften und der Literatur | Mainz, CC BY 4.0; retrieved 2026-10-04; https://www.regesta-imperii.de/id/1316-05-14_1_0_8_0_0_1_a"
ri:1316-05-25_1_0_7_7_0_84_84,work,[RI VII] H. 7 n. 84,,Kg. Ludwig untersagt die Eintreibung der gruntruo r für Stadt und Land Ingolstadt2.,available,1316,,high,"dept: RI VII; issuer: Ludwig der Bayer; date: 1316-05-25; source: Regesta Imperii, Akad. der Wissenschaften und der Literatur | Mainz, CC BY 4.0; retrieved 2026-10-04; https://www.regesta-imperii.de/id/1316-05-25_1_0_7_7_0_84_84"
ri:1317-03-05_1_0_7_8_0_34_34,work,[RI VII] H. 8 n. 34,,"Kg. Ludwig (1) untersagt seinem jetzigen und zukünftigen Vogt im Speyergau, von Ansässigen und Inhabern der Güter, die Komtur und Brüder des Deutschordenshauses zu Speyer in der villa Mutterstadt besitzen, Steuern und Abgaben nach Vogtrecht zu erheben, (2) nimmt besagte Leute auf den Gütern von allen Steuern, Abgaben und Dienstleistungen gegenüber den Amtleuten des Reiches aus und (3) gebietet, di …",available,1317,,high,"dept: RI VII; issuer: Ludwig der Bayer; place: München; date: 1317-03-05; source: Regesta Imperii, Akad. der Wissenschaften und der Literatur | Mainz, CC BY 4.0; retrieved 2026-10-04; https://www.regesta-imperii.de/id/1317-03-05_1_0_7_8_0_34_34"
ri:1317-12-01_1_0_7_7_0_113_113,work,[RI VII] H. 7 n. 113,,Kg. Ludwig überträgt dem Augustinerchorherrenstift Polling von Berthold von Wilzhofen gekaufte Höfe und Zehnten in Etting zu Eigen.,available,1317,,high,"dept: RI VII; issuer: Ludwig der Bayer; place: Heidelberg; date: 1317-12-01; source: Regesta Imperii, Akad. der Wissenschaften und der Literatur | Mainz, CC BY 4.0; retrieved 2026-10-04; https://www.regesta-imperii.de/id/1317-12-01_1_0_7_7_0_113_113"
ri:1318-11-06_2_0_7_1_0_23_23,work,[RI VII] H. 1 n. 23,,"Kg. Ludwig bestätigt [Kloster Comburg] das inserierte Diplom König Heinrichs VII. [von 1309 Juni 13]1, das die inserierte Urkunde König Heinrichs (VII.) von 1233 [um März 26]2 enthält, worin dieser den ihm von Konrad von Nortenberg resignierten dritten Teil der Vogtei zu Gebsattel der Kirche zu Comburg übergibt.",available,1318,,high,"dept: RI VII; issuer: Ludwig; place: im Lager vor Wiesbaden; date: 1318-11-06; source: Regesta Imperii, Akad. der Wissenschaften und der Literatur | Mainz, CC BY 4.0; retrieved 2026-10-04; https://www.regesta-imperii.de/id/1318-11-06_2_0_7_1_0_23_23"
ri:1319-11-01_2_0_7_9_0_138_138,work,[RI VII] H. 9 n. 138,,"Kg. Ludwig überträgt Heinrich dem Gräul1 [von Nabburg] und seiner Frau Osanne auf beider Lebenszeit den Hof bei St. Georg in Nabburg, den früher Meier Weikk bewohnte und den der Empfänger zuvor von ihm als Burghut innehatte2.",available,1319,,high,"dept: RI VII; issuer: Ludwig der Bayer; place: Hohenburg; date: 1319-11-01; source: Regesta Imperii, Akad. der Wissenschaften und der Literatur | Mainz, CC BY 4.0; retrieved 2026-10-04; https://www.regesta-imperii.de/id/1319-11-01_2_0_7_9_0_138_138"
ri:1321-02-12_1_0_7_7_0_157_157,work,[RI VII] H. 7 n. 157,,"Kg. Ludwig untersagt allen seinen Richtern und Vögten, über Klagen bezüglich der Güter und Leute des [Heiliggeist]spitals in München zu richten, weil er selbst oder sein Viztum darüber richten werden, und befristet diese Regelung von kommendem Georgstag an auf zwei Jahre1. Geben ze Mve nchen des pfintztages vor sant Valentenis tag 1321, r.a. 72.",available,1321,,high,"dept: RI VII; issuer: Ludwig der Bayer; place: München; date: 1321-02-12; source: Regesta Imperii, Akad. der Wissenschaften und der Literatur | Mainz, CC BY 4.0; retrieved 2026-10-04; https://www.regesta-imperii.de/id/1321-02-12_1_0_7_7_0_157_157"
ri:1322-08-27_1_0_7_9_0_197_197,work,[RI VII] H. 9 n. ?197,,Kg. Ludwig überträgt seitens des Herzogtums Oberbayern Heinrich dem Ettenstatter die Hube zu Umelsdorf auf dem Anger zu Lehen.,available,1322,,high,"dept: RI VII; issuer: Ludwig der Bayer; date: 1322-08-27; source: Regesta Imperii, Akad. der Wissenschaften und der Literatur | Mainz, CC BY 4.0; retrieved 2026-10-04; https://www.regesta-imperii.de/id/1322-08-27_1_0_7_9_0_197_197"
ri:1323-02-03_1_0_7_3_0_138_138,work,[RI VII] H. 3 n. 138,,"Kg. Ludwig (1) gebietet seinem Viztum Heinrich von Gumppenberg und dessen Nachfolgern, seinen Richtern und allen seinen Amtleuten in seinem Viztumamt zu Oberbayern angesichts der Schäden des [Benediktiner]klosters Tegernsee und des Ödliegens seiner Güter aufgrund der überhöhten Forderungen der Vögte, mere dann wir vnd vnser vodern getan haben, Klosterleute und -güter vor Vogtforderungen, die seine …",available,1323,,high,"dept: RI VII; issuer: Ludwig; place: München; date: 1323-02-03; source: Regesta Imperii, Akad. der Wissenschaften und der Literatur | Mainz, CC BY 4.0; retrieved 2026-10-04; https://www.regesta-imperii.de/id/1323-02-03_1_0_7_3_0_138_138"
ri:1323-06-29_1_0_7_7_0_190_190,work,[RI VII] H. 7 n. 190,,"Kg. Ludwig gebietet allen seinen Amtleuten, Viztumen, Vögten, Richtern, Dienstleuten und Edelleuten, nicht zu gestatten, daß irgend jemand dem Pfandeinnehmer, den er seinen Bürgern von Ingolstadt zur Schuldeneintreibung zugestanden hat1, ein Pfand verwehre noch ihn behindere, und befiehlt ihnen, ihn gegen alle irresal zu schützen. Geben ze Nue renberg an sant Peter vnd sant Pauls tag r.a. 92.",available,1323,,high,"dept: RI VII; issuer: Ludwig der Bayer; place: Nürnberg; date: 1323-06-29; source: Regesta Imperii, Akad. der Wissenschaften und der Literatur | Mainz, CC BY 4.0; retrieved 2026-10-04; https://www.regesta-imperii.de/id/1323-06-29_1_0_7_7_0_190_190"
ri:1324-02-22_1_0_7_7_0_207_207,work,[RI VII] H. 7 n. 207,,"Kg. Ludwig erlaubt Graf Berthold VII. von Henneberg-Schleusingen, Güter im Wert bis zu 1000 Mark Silber in der Mark Brandenburg zu veräußern.",available,1324,,high,"dept: RI VII; issuer: Ludwig der Bayer; place: Wetzlar; date: 1324-02-22; source: Regesta Imperii, Akad. der Wissenschaften und der Literatur | Mainz, CC BY 4.0; retrieved 2026-10-04; https://www.regesta-imperii.de/id/1324-02-22_1_0_7_7_0_207_207"
ri:1325-02-13_1_0_7_3_0_165_165,work,[RI VII] H. 3 n. 165,,"Kg. Ludwig bestimmt, daß Abt und Konvent [des Benediktinerklosters] Ebersberg als Ersatz für Schaden und Brand durch seine Feinde, die Diener von Salzburg, die jährliche gewöhnliche Steuer von 80 Pfund Münchener Pfennigen, die er Werner dem Schotten1, seinem Bürger zu München, für den verstorbenen Hermann von Haltenberg für 4 Jahre verpfändet hat, als die brief sagent, die er von vns darue ber hat …",available,1325,,high,"dept: RI VII; issuer: Ludwig; place: München; date: 1325-02-13; source: Regesta Imperii, Akad. der Wissenschaften und der Literatur | Mainz, CC BY 4.0; retrieved 2026-10-04; https://www.regesta-imperii.de/id/1325-02-13_1_0_7_3_0_165_165"
ri:1326-02-23_1_0_7_2_0_60_60,work,[RI VII] H. 2 n. 60,,"Kg. Ludwig einigt sich mit seinen Neffen, den Pfalzgrafen bei Rhein Adolf, Rudolf [II.] und Ruprecht [I.], über die geplante Teilung ihrer Länder auf genannte Schiedsrichter.",available,1326,,high,"dept: RI VII; issuer: Ludwig; place: München; date: 1326-02-23; source: Regesta Imperii, Akad. der Wissenschaften und der Literatur | Mainz, CC BY 4.0; retrieved 2026-10-04; https://www.regesta-imperii.de/id/1326-02-23_1_0_7_2_0_60_60"
ri:1327-07-10_1_0_7_8_0_124_124,work,[RI VII] H. 8 n. 124,,"Kg. Ludwig verleiht den Brüdern Rainald, Obizzo und Nikolaus, Markgrafen von Este und Ancona, ein Privileg unbekannten Inhalts.",available,1327,,high,"dept: RI VII; issuer: Ludwig der Bayer; place: Mailand; date: 1327-07-10; source: Regesta Imperii, Akad. der Wissenschaften und der Literatur | Mainz, CC BY 4.0; retrieved 2026-10-04; https://www.regesta-imperii.de/id/1327-07-10_1_0_7_8_0_124_124"
ri:1329-04-24_1_0_7_3_0_209_f209,work,[RI VII] H. 3 n. †209,,"Ks. Ludwig (1) bestätigt zu seinem und seiner Vorfahren Seelenheil für sich und seine Erben und Nachkommen Äbten und Prälaten in seinem Land [Ober]bayern alle Briefe, Gnaden, Rechte und Freiheiten, die sie von Päpsten, Kaisern und Königen vnd von mae nklich erhalten haben, (2) erkennt an, daß sie ihm bewiesen haben, weder Dienste, Steuern noch Wagenfahrten zu schulden, außer was si vns mit gantzer …",available,1329,,high,"dept: RI VII; issuer: Ludwig; place: München; date: 1329-04-24; source: Regesta Imperii, Akad. der Wissenschaften und der Literatur | Mainz, CC BY 4.0; retrieved 2026-10-04; https://www.regesta-imperii.de/id/1329-04-24_1_0_7_3_0_209_F209"
ri:1330-01-22_1_0_7_4_0_33_33,work,[RI VII] H. 4 n. 33,,"Ks. Ludwig verpfändet den Pfalzgrafen Rudolf [II.] und Ruprecht [I.] bei Rhein für 6000 Mark Silber die Städte Neckargemünd, Eberbach, Mosbach, Sinsheim sowie die Burgen Trifels, Neukastel, Germersheim, Annweiler, Guttenberg, Falkenburg, Wegelnburg und die Dörfer Haßloch und Böhl.",available,1330,,high,"dept: RI VII; issuer: Ludwig; place: Trient; date: 1330-01-22; source: Regesta Imperii, Akad. der Wissenschaften und der Literatur | Mainz, CC BY 4.0; retrieved 2026-10-04; https://www.regesta-imperii.de/id/1330-01-22_1_0_7_4_0_33_33"
ri:1330-04-06_1_0_7_8_0_166_166,work,[RI VII] H. 8 n. 166,,Ks. Ludwig verleiht Ludwig von Lichtenberg einen Wochenmarkt für Niederwörth mit den Freiheiten der Stadt Hagenau.,available,1330,,high,"dept: RI VII; issuer: Ludwig der Bayer; place: Esslingen; date: 1330-04-06; source: Regesta Imperii, Akad. der Wissenschaften und der Literatur | Mainz, CC BY 4.0; retrieved 2026-10-04; https://www.regesta-imperii.de/id/1330-04-06_1_0_7_8_0_166_166"
ri:1330-05-26_1_0_7_7_0_291_291,work,[RI VII] H. 7 n. 291,,Ks. Ludwig setzt die jährliche Steuer der Stadt Oppenheim auf 200 Mark fest.,available,1330,,high,"dept: RI VII; issuer: Ludwig der Bayer; place: Worms1; date: 1330-05-26; source: Regesta Imperii, Akad. der Wissenschaften und der Literatur | Mainz, CC BY 4.0; retrieved 2026-10-04; https://www.regesta-imperii.de/id/1330-05-26_1_0_7_7_0_291_291"
ri:1330-07-31_4_0_7_4_0_54_54,work,[RI VII] H. 4 n. 54,,"Ks. Ludwig bestätigt dem [Zisterzienser]kloster Neuburg die inserierte Urkunde König Heinrichs [VII. von 1309 März 1]1 über die Aufnahme des Klosters in den Schutz des Reiches, das Weiderecht im Heiligenforst für alles Vieh des Klosters außer für Schafe, den Brennholzeinschlag im Heiligenforst für alle Klosterhöfe sowie den Schlag von Bauholz mit Zustimmung des über den Wald gesetzten Amtmannes un …",available,1330,,high,"dept: RI VII; issuer: Ludwig; place: Hagenau; date: 1330-07-31; source: Regesta Imperii, Akad. der Wissenschaften und der Literatur | Mainz, CC BY 4.0; retrieved 2026-10-04; https://www.regesta-imperii.de/id/1330-07-31_4_0_7_4_0_54_54"
ri:1330-09-22_1_0_7_8_0_200_200,work,[RI VII] H. 8 n. 200,,Ks. Ludwig bestätigt der Stadt Lindau die Privilegien.,available,1330,,high,"dept: RI VII; issuer: Ludwig der Bayer; place: München; date: 1330-09-22; source: Regesta Imperii, Akad. der Wissenschaften und der Literatur | Mainz, CC BY 4.0; retrieved 2026-10-04; https://www.regesta-imperii.de/id/1330-09-22_1_0_7_8_0_200_200"
ri:1331-01-22_1_0_7_8_0_210_210,work,[RI VII] H. 8 n. 210,,"Ks.1 Ludwig setzt für die Bürger der Stadt Lindau die Gewohnheit, schädliche Leute in ihrem Gericht nur auf handhafter Tat (mit dem binuft) ergreifen zu dürfen, außer Kraft, und verfügt, sich nach den von König Albrecht [I.] im Landfrieden zu Nürnberg2 erlassenen Bestimmungen, die auf seine Veranlassung erneut beschworen wurden3, zu richten, so dass sich der Kläger bei nicht offenkundiger Schuld z …",available,1331,,high,"dept: RI VII; issuer: Ludwig der Bayer; place: München; date: 1331-01-22; source: Regesta Imperii, Akad. der Wissenschaften und der Literatur | Mainz, CC BY 4.0; retrieved 2026-10-04; https://www.regesta-imperii.de/id/1331-01-22_1_0_7_8_0_210_210"
ri:1331-04-23_1_0_7_1_0_124_124,work,[RI VII] H. 1 n. 124,,"Ks. Ludwig schreibt dem Abt des Benediktinerklosters Comburg in der Diözese Würzburg, Gottfried von Hohenlohe habe ihm mitgeteilt, daß er, der Abt, die Burg Nagelsberg, auf deren Belehnung Gottfried nach Recht und alter Gewohnheit Anspruch erheben könne, jemand anderem zu Lehen verliehen habe. Er lädt ihn zur Rechenschaft vor sich; sollte der Abt zu einem solchen Vorgehen berechtigt gewesen sein, …",available,1331,,high,"dept: RI VII; issuer: Ludwig; place: Nürnberg; date: 1331-04-23; source: Regesta Imperii, Akad. der Wissenschaften und der Literatur | Mainz, CC BY 4.0; retrieved 2026-10-04; https://www.regesta-imperii.de/id/1331-04-23_1_0_7_1_0_124_124"
ri:1331-08-07_1_0_7_7_0_329_329,work,[RI VII] H. 7 n. 329,,Ks. Ludwig und Kg. Johann von Böhmen vermitteln die Teilung des Herzogtums Niederbayern1.,available,1331,,high,"dept: RI VII; issuer: Ludwig der Bayer; place: Regensburg; date: 1331-08-07; source: Regesta Imperii, Akad. der Wissenschaften und der Literatur | Mainz, CC BY 4.0; retrieved 2026-10-04; https://www.regesta-imperii.de/id/1331-08-07_1_0_7_7_0_329_329"
ri:1332-01-06_1_0_7_1_0_157_157,work,[RI VII] H. 1 n. 157,,"Ks. Ludwig bestellt bis auf Widerruf Kraft von Hohenlohe, seinen Marschall, auf Bitte der Äbtissin und des Konvents des Klosters Gnadental zvo schermer vnd zvo versprecher des Hofs der Bittstellerinnen zu (Kocher)Steinsfeld sowie der anderen Güter des Klosters.",available,1332,,high,"dept: RI VII; issuer: Ludwig; place: Frankfurt; date: 1332-01-06; source: Regesta Imperii, Akad. der Wissenschaften und der Literatur | Mainz, CC BY 4.0; retrieved 2026-10-04; https://www.regesta-imperii.de/id/1332-01-06_1_0_7_1_0_157_157"
ri:1332-06-06_1_0_7_1_0_175_175,work,[RI VII] H. 1 n. 175,,"Ks. Ludwig erklärt, Graf Albrecht von Werdenberg (-Heiligenberg), seinem Landvogt1, und dessen Erben 340 Mark Silber zu schulden. Er verspricht dem Grafen, davon 140 Mark von dem gut zu zahlen, das ihm die von Überlingen demnächst geben sollen2, schlägt die Restschuld auf dessen alte Reichspfandschaften3 und bekräftigt, daß, solange diese nicht bezahlt ist, er und seine Nachfolger im Reich die Gra …",available,1332,,high,"dept: RI VII; issuer: Ludwig; place: Ravensburg; date: 1332-06-06; source: Regesta Imperii, Akad. der Wissenschaften und der Literatur | Mainz, CC BY 4.0; retrieved 2026-10-04; https://www.regesta-imperii.de/id/1332-06-06_1_0_7_1_0_175_175"
ri:1332-12-18_1_0_7_3_0_304_304,work,[RI VII] H. 3 n. 304,,"Ks. Ludwig (1) erlaubt aufgrund der Dienste der Deutschordensbrüder für ihn und das Reich und der Bitte seines lieben heimlichers Heinrich von Zipplingen, Landkomturs zu Franken, den Brüdern des Deutsch[ordens]hauses zu Nürnberg, ihr Dorf Ober[=Wolframs-]eschenbach zur Stadt zu erheben und mit Stein- und Holzwerken sowie Graben zu befestigen, (2) gewährt ihnen dort einen Markt an allen Montagen, ( …",available,1332,,high,"dept: RI VII; issuer: Ludwig; place: Nürnberg; date: 1332-12-18; source: Regesta Imperii, Akad. der Wissenschaften und der Literatur | Mainz, CC BY 4.0; retrieved 2026-10-04; https://www.regesta-imperii.de/id/1332-12-18_1_0_7_3_0_304_304"
ri:1333-07-04_1_0_7_2_0_184_186,work,[RI VII] H. 2 n. 186,,"Ks. Ludwig erlaubt Graf Nikolaus [dem Jüngeren] von Löwenstein, sein Dorf Affaltrach zur Stadt zu erheben, und verleiht dieser einen Wochenmarkt mit Weinsberger Recht.",available,1333,,high,"dept: RI VII; issuer: Ludwig; place: Mainz; date: 1333-07-04; source: Regesta Imperii, Akad. der Wissenschaften und der Literatur | Mainz, CC BY 4.0; retrieved 2026-10-04; https://www.regesta-imperii.de/id/1333-07-04_1_0_7_2_0_184_186"
ri:1334-01-21_1_0_7_7_0_379_379,work,[RI VII] H. 7 n. 379,,Ks. Ludwig überträgt dem Zisterzienserkloster Fürstenfeld das Recht auf die Bannschillinge im Dorf Inchenhofen.,available,1334,,high,"dept: RI VII; issuer: Ludwig der Bayer; place: München; date: 1334-01-21; source: Regesta Imperii, Akad. der Wissenschaften und der Literatur | Mainz, CC BY 4.0; retrieved 2026-10-04; https://www.regesta-imperii.de/id/1334-01-21_1_0_7_7_0_379_379"
ri:1334-08-21_1_0_7_4_0_108_108,work,[RI VII] H. 4 n. 108,,"Ks. Ludwig bestätigt Abt und Konvent des Zisterzienserklosters Neuburg, Diözese Straßburg, auf deren in seiner Gegenwart vorgebrachten Bitten hin das inserierte Diplom seines Vorgängers König Otto IV. von 1209 Mai 311 und befiehlt unter Androhung einer Pön von 10 Mark Silber, die je zur Hälfte der kaiserlichen Kammer und den Geschädigten zufallen soll, seinen Amtleuten, Vögten, Schultheißen, Rekto …",available,1334,,high,"dept: RI VII; issuer: Ludwig; place: Konstanz; date: 1334-08-21; source: Regesta Imperii, Akad. der Wissenschaften und der Literatur | Mainz, CC BY 4.0; retrieved 2026-10-04; https://www.regesta-imperii.de/id/1334-08-21_1_0_7_4_0_108_108"
ri:1335-03-10_1_0_7_6_0_72_72,work,[RI VII] H. 6 n. 72,,"Ks. Ludwig (1) überträgt seinem Fürsten Abt Hermann von St. Gallen auf seine in seiner Gegenwart vorgebrachten Bitten hin alle Lehen, welche er von Rechts wegen von ihm und dem heiligen Reich besitzen soll, und erteilt ihm nach Gewohnheit des Reiches mit dem kaiserlichen Zepter sowie mit Kuß und Ring die Investitur, (2) befiehlt allen Vasallen, Ministerialen, Amtleuten und Leuten des Klosters St. …",available,1335,,high,"dept: RI VII; issuer: Ludwig; place: Nürnberg; date: 1335-03-10; source: Regesta Imperii, Akad. der Wissenschaften und der Literatur | Mainz, CC BY 4.0; retrieved 2026-10-04; https://www.regesta-imperii.de/id/1335-03-10_1_0_7_6_0_72_72"
ri:1335-09-25_1_0_7_2_0_211_213,work,[RI VII] H. 2 n. 213,,"Ks. Ludwig verbietet der Stadt Hagenau, bis auf Widerruf genannten Juden wegen der Schulden Ludmanns von Lichtenberg Recht zu sprechen.",available,1335,,high,"dept: RI VII; issuer: Ludwig; place: Nürnberg; date: 1335-09-25; source: Regesta Imperii, Akad. der Wissenschaften und der Literatur | Mainz, CC BY 4.0; retrieved 2026-10-04; https://www.regesta-imperii.de/id/1335-09-25_1_0_7_2_0_211_213"
ri:1336-05-14_2_0_7_2_0_216_218,work,[RI VII] H. 2 n. 218,,Ks. Ludwig erlaubt Graf Johann von Sponheim[-Kreuznach] den Kauf des Hofes [Neu-]Hemsbach und verleiht ihm die Vogtei des Hofes.,available,1336,,high,"dept: RI VII; issuer: Ludwig; place: Frankfurt [am Main]; date: 1336-05-14; source: Regesta Imperii, Akad. der Wissenschaften und der Literatur | Mainz, CC BY 4.0; retrieved 2026-10-04; https://www.regesta-imperii.de/id/1336-05-14_2_0_7_2_0_216_218"
ri:1336-09-19_1_0_7_2_0_229_231,work,[RI VII] H. 2 n. 231,,"Ks. Ludwig erhöht Johann von Landsberg die Pfandsumme, für die früher dessen Mutter und dessen Brüdern das Dorf Heiligenstein unterhalb Landsberg verpfändet war1, um 50 Mark auf 150 Mark Silber.",available,1336,,high,"dept: RI VII; issuer: Ludwig; place: im Feld bei Wasserburg; date: 1336-09-19; source: Regesta Imperii, Akad. der Wissenschaften und der Literatur | Mainz, CC BY 4.0; retrieved 2026-10-04; https://www.regesta-imperii.de/id/1336-09-19_1_0_7_2_0_229_231"
ri:1336-12-11_1_0_8_0_0_77_36a,work,RI VIII n. 36a,,"ist anwesend, als das capitel von Trient dem herzoge Johann von Kärnthen die verwaltung des stifts Trient bis zur bestätigung des neulich zum bischofe gewählten Nicolaus (von Brünn) überträgt. Abschrift in Bibl. Tirol. 1334 fol. 38b im Ferd. zu Innsbruck.",available,1336,,high,"dept: RI VIII; issuer: Karl IV.; place: Trient; date: 1336-12-11; source: Regesta Imperii, Akad. der Wissenschaften und der Literatur | Mainz, CC BY 4.0; retrieved 2026-10-04; https://www.regesta-imperii.de/id/1336-12-11_1_0_8_0_0_77_36a"
ri:1337-06-06_1_0_7_8_0_367_367,work,[RI VII] H. 8 n. 367,,"Ks. Ludwig versichert der Stadt Hagenau, daß die von ihm1 den Städten der Herren von Lichtenberg und Ochsenstein gegebenen Freiheiten ihren Rechten nicht schädlich sein sollen.",available,1337,,high,"dept: RI VII; issuer: Ludwig der Bayer; place: Frankfurt a. Main; date: 1337-06-06; source: Regesta Imperii, Akad. der Wissenschaften und der Literatur | Mainz, CC BY 4.0; retrieved 2026-10-04; https://www.regesta-imperii.de/id/1337-06-06_1_0_7_8_0_367_367"
ri:1338-01-04_2_0_7_8_0_383_383,work,[RI VII] H. 8 n. 383,,"Ks. Ludwig überträgt seinen Fürsten und Oheimen Albrecht [II.] und Otto, Herzögen von Österreich, Steyr und Kärnten, sowie ihren Söhnen und Nachkommen für ihm und dem Reich zu leistende Dienste das Generalvikariat der Städte Padua und Treviso (civitatum Padue et Tervisie generales et perpetuos vicarios) mit allen Herrschaften, Städten, Vesten, Burgen, Befestigungen, Märkten und Dörfern, Menschen, …",available,1338,,high,"dept: RI VII; issuer: Ludwig der Bayer; place: München; date: 1338-01-04; source: Regesta Imperii, Akad. der Wissenschaften und der Literatur | Mainz, CC BY 4.0; retrieved 2026-10-04; https://www.regesta-imperii.de/id/1338-01-04_2_0_7_8_0_383_383"
ri:1338-07-22_1_0_7_7_0_452_452,work,[RI VII] H. 7 n. 452,,"Ks. Ludwig untersagt Hochmeister Dietrich von Altenburg und den Deutschordensbrüdern, wegen des Streites mit Kg. Kasimir III. von Polen vor einem geistlichen oder weltlichen Gericht zu erscheinen.",available,1338,,high,"dept: RI VII; issuer: Ludwig der Bayer; place: Frankfurt a. Main; date: 1338-07-22; source: Regesta Imperii, Akad. der Wissenschaften und der Literatur | Mainz, CC BY 4.0; retrieved 2026-10-04; https://www.regesta-imperii.de/id/1338-07-22_1_0_7_7_0_452_452"
ri:1339-02-24_1_0_7_3_0_382_382,work,[RI VII] H. 3 n. 382,,"Ks. Ludwig überträgt zu seinem und seiner Vorfahren Seelenheil Meister und [Benediktiner]kloster ze vnser frawen zu Ettal das Patronatsrecht der Kirche zu Egling, das von ihm und dem Herzogtum [Ober]bayern zu Lehen rührt, mit allem Nutzen zu Lehen.",available,1339,,high,"dept: RI VII; issuer: Ludwig; place: Nürnberg; date: 1339-02-24; source: Regesta Imperii, Akad. der Wissenschaften und der Literatur | Mainz, CC BY 4.0; retrieved 2026-10-04; https://www.regesta-imperii.de/id/1339-02-24_1_0_7_3_0_382_382"
ri:1339-09-18_1_0_7_7_0_476_476,work,[RI VII] H. 7 n. 476,,Ks. Ludwig überträgt dem Bischof Nikolaus II. von Regensburg zwei Eigenfrauen.,available,1339,,high,"dept: RI VII; issuer: Ludwig der Bayer; place: Landshut; date: 1339-09-18; source: Regesta Imperii, Akad. der Wissenschaften und der Literatur | Mainz, CC BY 4.0; retrieved 2026-10-04; https://www.regesta-imperii.de/id/1339-09-18_1_0_7_7_0_476_476"
ri:1340-04-06_1_0_7_3_0_412_412,work,[RI VII] H. 3 n. 412,,Ks. Ludwig (1) befreit als Pfleger seines [Schwieger]sohnes1 und Fürsten Herzog Johann [I.] in [Nieder]bayern zu seines Schwagers und Fürsten Herzog Heinrich [XIV. von Niederbayern] und dessen Vorfahren Seelenheil und als Seelgerät für deren Nachkommen nach seiner Schwägerin Herzogin Margarete in [Nieder]bayern und des gantzes rates rat alle jetzigen und künftigen Hintersassen von Propst und [Präm …,available,1340,,high,"dept: RI VII; issuer: Ludwig; place: Landshut; date: 1340-04-06; source: Regesta Imperii, Akad. der Wissenschaften und der Literatur | Mainz, CC BY 4.0; retrieved 2026-10-04; https://www.regesta-imperii.de/id/1340-04-06_1_0_7_3_0_412_412"
ri:1340-06-01_2_0_8_0_0_152_86,work,RI VIII n. 86,,"befreit die güter und leute des nonnenklosters St. Jakob in Olmütz von allen steuern und abgaben. Ebenda 7,198.",available,1340,,high,"dept: RI VIII; issuer: Karl IV.; place: Kremsier; date: 1340-06-01; source: Regesta Imperii, Akad. der Wissenschaften und der Literatur | Mainz, CC BY 4.0; retrieved 2026-10-04; https://www.regesta-imperii.de/id/1340-06-01_2_0_8_0_0_152_86"
ri:1340-09-11_1_0_7_2_0_297_299,work,[RI VII] H. 2 n. 299,,Ks. Ludwig verleiht Pfalzgraf Rudolf [II.] bei Rhein für 10 Jahre vier Tournosen am Zoll von Kaub.,available,1340,,high,"dept: RI VII; issuer: Ludwig; place: Speyer; date: 1340-09-11; source: Regesta Imperii, Akad. der Wissenschaften und der Literatur | Mainz, CC BY 4.0; retrieved 2026-10-04; https://www.regesta-imperii.de/id/1340-09-11_1_0_7_2_0_297_299"
ri:1341-02-27_1_0_7_8_0_441_441,work,[RI VII] H. 8 n. 441,,"Ks. Ludwig bestätigt der Stadt Burghausen alle Rechte, die sie von seinen verstorbenen Vettern, den Herzögen von Niederbayern Heinrich XIV., Otto IV. und Heinrich XV., erhalten haben, besonders aber die Briefe Margaretes1, Pfalzgräfin bei Rhein und Herzogin von Niederbayern.",available,1341,,high,"dept: RI VII; issuer: Ludwig der Bayer; place: München; date: 1341-02-27; source: Regesta Imperii, Akad. der Wissenschaften und der Literatur | Mainz, CC BY 4.0; retrieved 2026-10-04; https://www.regesta-imperii.de/id/1341-02-27_1_0_7_8_0_441_441"
ri:1341-06-18_1_0_7_2_0_302_304,work,[RI VII] H. 2 n. 304,,"Ks. Ludwig bestätigt dem erwählten und bestätigten Bischof Gerhard von Speyer, dem Stift und dessen Nachfolgern, den Lehensempfang von Wolfsburg, Neustadt [a.d. Weinstraße], der Vogtei zu Mußbach [an der Weinstraße] und der Burg Wersau jenseits des Rheins mit Zwing, Bann, Leuten, Gütern und Zubehör, die er vom verstorbenen Bischof Emicho von Speyer zu Lehen empfangen hatte.",available,1341,,high,"dept: RI VII; issuer: Ludwig; place: Frankfurt [am Main]; date: 1341-06-18; source: Regesta Imperii, Akad. der Wissenschaften und der Literatur | Mainz, CC BY 4.0; retrieved 2026-10-04; https://www.regesta-imperii.de/id/1341-06-18_1_0_7_2_0_302_304"
ri:1341-11-29_8_0_7_8_0_468_468,work,[RI VII] H. 8 n. 468,,"Ks. Ludwig überträgt dem festen Mann Engelhard von Villanders und seinen Erben für vergangene und zukünftige Dienste 40 Mark [Einkünfte] im Amt Gufidaun, die er von des A. Oheim, Herzog Heinrich [VI.] von Kärnten, Graf zu Tirol und Görz, für [eine Schuld in Höhe von] 400 Mark erlangt hat, und die zwei Weinhöfe zu Rutenfuoss, die von Christian und Pluemlein bewirtschaftet werden und die er ebenso v …",available,1341,,high,"dept: RI VII; issuer: Ludwig der Bayer; place: München; date: 1341-11-29; source: Regesta Imperii, Akad. der Wissenschaften und der Literatur | Mainz, CC BY 4.0; retrieved 2026-10-04; https://www.regesta-imperii.de/id/1341-11-29_8_0_7_8_0_468_468"
ri:1342-05-21_1_0_7_1_0_342_342,work,[RI VII] H. 1 n. 342,,"Ks. Ludwig gewährt Äbtissin und Konvent des Klarissenklosters Söflingen das Recht, daz .. ir maisterschaft vnd .. ir bruder irs ordens und insbesondere solche Personen, die Priester sind und die gots dienst mitsingen vnd mit lesen halten vnd veben, als si billich suellent, zu ihnen reisen und sich bei ihnen aufhalten können, wenn das Kloster dies für nötig hält. Der Ks. bestimmt, swas wir ander br …",available,1342,,high,"dept: RI VII; issuer: Ludwig; place: Nürnberg; date: 1342-05-21; source: Regesta Imperii, Akad. der Wissenschaften und der Literatur | Mainz, CC BY 4.0; retrieved 2026-10-04; https://www.regesta-imperii.de/id/1342-05-21_1_0_7_1_0_342_342"
ri:1342-06-27_1_0_8_0_0_7865_6404,work,RI VIII n. 6404,,"erlaubt auf bitten des kinderlosen Pczibo von Sadowitz und seiner frau Gertrudis, dass sie ihr vorwerk (allodium) mit vierthalb hufen und einer halben mühle am flusse Lezn im dorf Sadowitz (bei Kanth) im Breslauer distrikt, die sie zu lehen tragen, an Sifrid von Schiraw übertragen dürfen. Z.: Swinko Hase v. Hasenburg, Heinrich v. Ridburg, Pytzko v. Bursnitz, Heinrich v. Kouschburg, Heinrich v. Bur …",available,1342,,high,"dept: RI VIII; issuer: Karl IV.; place: Wratislavie; date: 1342-06-27; source: Regesta Imperii, Akad. der Wissenschaften und der Literatur | Mainz, CC BY 4.0; retrieved 2026-10-04; https://www.regesta-imperii.de/id/1342-06-27_1_0_8_0_0_7865_6404"
ri:1342-11-27_1_0_7_9_0_360_360,work,[RI VII] H. 9 n. 360,,"Ks. Ludwig teilt Bischof Berthold II. von Straßburg mit, dass er die Stadt Regensburg in seinen Schutz genommen hat1.",available,1342,,high,"dept: RI VII; issuer: Ludwig der Bayer; place: Nürnberg; date: 1342-11-27; source: Regesta Imperii, Akad. der Wissenschaften und der Literatur | Mainz, CC BY 4.0; retrieved 2026-10-04; https://www.regesta-imperii.de/id/1342-11-27_1_0_7_9_0_360_360"
ri:1343-05-15_1_0_7_2_0_316_318,work,[RI VII] H. 2 n. 318,,"Ks. Ludwig (1) teilt Bürgermeister, Rat und Bürgerschaft zu Hagenau sowie seinen Kammerknechten, den dortigen Juden, mit, daß er dem Hagenauer Bürger Dietmar Bogener für das Hagenauer Schultheißenamt, das er von diesem eingelöst hat, 200 Pfund Straßburger Pfennige schulde und daß er diese Summe auf die gewöhnliche Steuer1 angewiesen habe, die die Bürgerschaft und die Juden am kommenden St. Martins …",available,1343,,high,"dept: RI VII; issuer: Ludwig; place: Mergentheim; date: 1343-05-15; source: Regesta Imperii, Akad. der Wissenschaften und der Literatur | Mainz, CC BY 4.0; retrieved 2026-10-04; https://www.regesta-imperii.de/id/1343-05-15_1_0_7_2_0_316_318"
ri:1343-06-20_1_0_8_0_0_256_173,work,RI VIII n. 173,,"(in domo fratrum Minorum ad stum Jacobum) bestätigt der grösseren stadt Prag das eingerückte von ihm selbst mit ausgestellte priv. seines vaters d. d. Prag 1341 iun. 15 und verspricht ihr, sie bei ihren rechten zu handhaben. Ebenda 1, 32.",available,1343,,high,"dept: RI VIII; issuer: Karl IV.; place: Prage; date: 1343-06-20; source: Regesta Imperii, Akad. der Wissenschaften und der Literatur | Mainz, CC BY 4.0; retrieved 2026-10-04; https://www.regesta-imperii.de/id/1343-06-20_1_0_8_0_0_256_173"
ri:1344-02-07_1_0_7_3_0_535_535,work,[RI VII] H. 3 n. 535,,"Ks. Ludwig bestätigt Propst, Dekan und Kapitel des [Kollegiatstiftes Pfaffen]münster die [inserierte] Urkunde seines verstorbenen Vetters Herzog Heinrichs [XIV.] von [Nieder]bayern von 1335 Juli 81 sowie alle anderen Freiheiten, Rechte und guten Gewohnheiten, die sie von seinen Vorfahren, den Herzögen von Bayern, erhalten haben, und untersagt allen seinen jetzigen und künftigen Amtleuten, Pflegern …",available,1344,,high,"dept: RI VII; issuer: Ludwig; place: Straubing; date: 1344-02-07; source: Regesta Imperii, Akad. der Wissenschaften und der Literatur | Mainz, CC BY 4.0; retrieved 2026-10-04; https://www.regesta-imperii.de/id/1344-02-07_1_0_7_3_0_535_535"
ri:1344-09-06_1_0_7_1_0_376_376,work,[RI VII] H. 1 n. 376,,"Ks. Ludwig erklärt Johann Götz, seinem Ammann zu Überlingen, für den verstorbenen Grafen Berthold von Neuffen1 55 Pfund und acht kurze Schillinge Konstanzer Pfennige zu schulden, schlägt Götz und dessen Erben die Summe auf sein und des Reiches Ammannamt zu Überlingen und bestimmt, daß sie für diese sowie für ältere Schulden das Amt mit allen Rechten laut der ihnen gegebenen Briefe besitzen sollen.",available,1344,,high,"dept: RI VII; issuer: Ludwig; place: Frankfurt; date: 1344-09-06; source: Regesta Imperii, Akad. der Wissenschaften und der Literatur | Mainz, CC BY 4.0; retrieved 2026-10-04; https://www.regesta-imperii.de/id/1344-09-06_1_0_7_1_0_376_376"
ri:1345-04-05_2_0_7_3_0_555_555,work,[RI VII] H. 3 n. 555,,"Ks. Ludwig befiehlt seinem Mautner zu Schärding nach Klage des Abtes des [Zisterzienserklosters] Raitenhaslach, daß seine Diener beim Heraufführen von 7 Faß Wein aus Österreich von diesem gezwungen wurden, sich für die geforderte Maut zu verbürgen, die Diener aus der Bürgschaft zu entlassen und künftig nicht mehr zu belasten, um die Empfänger in den von ihm1 und seinen Vorfahren erhaltenen Rechten …",available,1345,,high,"dept: RI VII; issuer: Ludwig; place: München; date: 1345-04-05; source: Regesta Imperii, Akad. der Wissenschaften und der Literatur | Mainz, CC BY 4.0; retrieved 2026-10-04; https://www.regesta-imperii.de/id/1345-04-05_2_0_7_3_0_555_555"
ri:1345-10-27_2_0_7_5_0_318_318,work,[RI VII] H. 5 n. 318,,"Ks. Ludwig befiehlt Bürgermeister, Rat und Bürgern zu Augsburg, seinem obersten Schreiber Ulrich [Hofmaier]1 400 Pfund Haller auszuzahlen, die er ihm nah seiner brief sage, die er von vns darvmb hat2, verschrieben hat und die sie ihm am kommenden Martinstag3 als Reichssteuer schulden, und verspricht für sich und seine Amtleute, sie danach von dieser Summe für 1 Jahr4 loszusagen.",available,1345,,high,"dept: RI VII; issuer: Ludwig; place: Landshut; date: 1345-10-27; source: Regesta Imperii, Akad. der Wissenschaften und der Literatur | Mainz, CC BY 4.0; retrieved 2026-10-04; https://www.regesta-imperii.de/id/1345-10-27_2_0_7_5_0_318_318"
ri:1346-00-00_1_0_8_0_0_9400_6381,work,RI VIII n. 6381,,"schreibt dem pabste, dass die von ihm in schreiben an den erzbischof Arnest von Prag († 1364 iun. 30) und die bischöfe Johann von Olmütz und Johann von Leitomischl verlangte übersicht der iährlichen einkünfte aller kirchen nicht geliefert werden könne, dass aber die zehnten für die päbstliche kammer richtig entrichtet werden. Palacky Formelbücher 363.",available,1346,,medium,"dept: RI VIII; issuer: Karl IV. – uneinreihbare Stücke; place: ....; date range: 1346-01-01 to 1346-12-31 (year = first possible); source: Regesta Imperii, Akad. der Wissenschaften und der Literatur | Mainz, CC BY 4.0; retrieved 2026-10-04; https://www.regesta-imperii.de/id/1346-00-00_1_0_8_0_0_9400_6381"
ri:1346-03-25_1_0_7_2_0_365_367,work,[RI VII] H. 2 n. 367,,"Ks. Ludwig gestattet Graf Walram von Sponheim[-Kreuznach], seinem Landvogt in der Wetterau, alle verpfändeten Reichslehen in der Wetterau einzulösen und als Pfand zu besitzen.",available,1346,,high,"dept: RI VII; issuer: Ludwig; place: Heidelberg; date: 1346-03-25; source: Regesta Imperii, Akad. der Wissenschaften und der Literatur | Mainz, CC BY 4.0; retrieved 2026-10-04; https://www.regesta-imperii.de/id/1346-03-25_1_0_7_2_0_365_367"
ri:1346-09-20_3_0_8_0_0_354_247,work,RI VIII n. 247,,"befiehlt allen seinen mannen und unterthanen in seiner grafschaft Lützelburg, dem erzbischofe Baldewin von Trier auf dessen befehl mit aller ihrer macht zu ross und zu fuss zu hilfe zu kommen und zwar auf Karls kosten, wenn die hilfe wegen des Baiern, auf des erzbischofs kosten, wenn sie wegen seines stiftes nothwendig wäre. Dominicus 462 extr. Wurth-Paquet l. c. 7 extr.",available,1346,,high,"dept: RI VIII; issuer: Karl IV.; place: Lutzelinburg; date: 1346-09-20; source: Regesta Imperii, Akad. der Wissenschaften und der Literatur | Mainz, CC BY 4.0; retrieved 2026-10-04; https://www.regesta-imperii.de/id/1346-09-20_3_0_8_0_0_354_247"
ri:1346-09-28_1_0_7_1_0_419_419,work,[RI VII] H. 1 n. 419,,"Ks. Ludwig gebietet allen Landvögten und anderen, Kloster Herrenalb im Besitz der Dörfer Malsch und Mörsch gegen Ansprüche des Markgrafen Hermann (VIII.) von Baden zu schützen.",available,1346,,high,"dept: RI VII; issuer: Ludwig; place: Speyer; date: 1346-09-28; source: Regesta Imperii, Akad. der Wissenschaften und der Literatur | Mainz, CC BY 4.0; retrieved 2026-10-04; https://www.regesta-imperii.de/id/1346-09-28_1_0_7_1_0_419_419"
ri:1346-12-14_2_0_8_0_0_419_311,work,RI VIII n. 311,,"befiehlt allen edeln, vasallen, richtern und einwohnern der städte und herrschaften Yvoix und Verton seinem statthalter Arnold von Erlon zu gehorchen. Compte-rendu etc. 3,268 extr. Wurth-Paquet l. c. 17 extr.",available,1346,,high,"dept: RI VIII; issuer: Karl IV.; place: Thionisville; date: 1346-12-14; source: Regesta Imperii, Akad. der Wissenschaften und der Literatur | Mainz, CC BY 4.0; retrieved 2026-10-04; https://www.regesta-imperii.de/id/1346-12-14_2_0_8_0_0_419_311"
ri:1347-03-04_2_0_7_3_0_591_591,work,[RI VII] H. 3 n. 591,,"Ks. Ludwig (1) überträgt zu seinem, seiner Vorfahren und Nachkommen Seelenheil als rechtes Seelgerät Abt und Konvent des [Benediktiner]klosters Oberalteich für die durch die Donau erlittenen Schäden und die damit verbundenen Grabenarbeiten die 2 durchgrabenen Güter, den Santhofe, den Meier Etel innehat, und den Strohof, mit Zubehör, Rechten, Ehren, Diensten und Nutzen im Feld und im Dorf [Ittling] …",available,1347,,high,"dept: RI VII; issuer: Ludwig; place: Landshut; date: 1347-03-04; source: Regesta Imperii, Akad. der Wissenschaften und der Literatur | Mainz, CC BY 4.0; retrieved 2026-10-04; https://www.regesta-imperii.de/id/1347-03-04_2_0_7_3_0_591_591"
ri:1347-08-09_1_0_7_2_0_379_381,work,[RI VII] H. 2 n. 381,,"Ks. Ludwig (1) nimmt aufgrund seiner und des Reiches Notlage, hervorgerufen durch den Markgrafen von Mähren1, der ihn an dem riche drenget vnd irret vnd darvmb wir vns an helffern vnd an dienern desterbasz bestellen vnd fursehen mue ssen, Ritter Gerhard von Ehrenberg, Albrechts von Ehrenberg Sohn, als seinen und des Reiches Diener auf, solange der vorgenannte Krieg dauere, damit er in dieser Zeit …",available,1347,,high,"dept: RI VII; issuer: Ludwig; place: Speyer; date: 1347-08-09; source: Regesta Imperii, Akad. der Wissenschaften und der Literatur | Mainz, CC BY 4.0; retrieved 2026-10-04; https://www.regesta-imperii.de/id/1347-08-09_1_0_7_2_0_379_381"
ri:1347-09-08_1_0_8_0_0_7934_6464,work,RI VIII n. 6464,,"belehnt den Nicolaus von Panwitz, doctor decretorum, domherrn zu Breslau, mit den ihm von seinem vater verliehenen 18 hufen zu Lomnitz und 2 hufen zu Ober-Waltersdorf und verleiht ihm das recht, sie auf die söhne seiner brüder zu vererben. Volkmer und Hohaus Geschichtsq. der Grafschaft Glatz 1,87.",available,1347,,high,"dept: RI VIII; issuer: Karl IV.; place: Prag; date: 1347-09-08; source: Regesta Imperii, Akad. der Wissenschaften und der Literatur | Mainz, CC BY 4.0; retrieved 2026-10-04; https://www.regesta-imperii.de/id/1347-09-08_1_0_8_0_0_7934_6464"
ri:1347-10-11_4_0_7_8_0_600_600,work,[RI VII] H. 8 n. 600,,Ks. Ludwig verpfändet Heinrich von Wolxheim und dessen Erben für ihm geleistete Dienste die Reichsleute zu Wingersheim für 10 Mark Silber bis zur Wiedereinlösung durch ihn oder seine Nachfolger im Reich für die genannte Summe.,available,1347,,high,"dept: RI VII; issuer: Ludwig der Bayer; date: 1347-10-11; source: Regesta Imperii, Akad. der Wissenschaften und der Literatur | Mainz, CC BY 4.0; retrieved 2026-10-04; https://www.regesta-imperii.de/id/1347-10-11_4_0_7_8_0_600_600"
ri:1347-11-02_2_0_8_0_0_527_395,work,RI VIII n. 395,,"schreibt den bürgern zu Friedberg und zu Gelnhausen, dass er sie dem edeln manne Kraft von Hohenlohe verpfändet habe für 15000 gulden, und gebietet ihnen demselben dieserhalb zu schwören. Hanselmann 1,449.",available,1347,,high,"dept: RI VIII; issuer: Karl IV.; place: Nurenberch; date: 1347-11-02; source: Regesta Imperii, Akad. der Wissenschaften und der Literatur | Mainz, CC BY 4.0; retrieved 2026-10-04; https://www.regesta-imperii.de/id/1347-11-02_2_0_8_0_0_527_395"
ri:1347-11-24_5_0_8_0_0_587_455,work,RI VIII n. 455,,"verspricht seinem getreuen Erkinger von Sawensheim, dem er 100 mark silber schuldig gewesen und 200 mark für seine dienste hinzugefügt hat, diese 300 mark in angegebenen terminen zu bezahlen. Aus abschrift des or. (im fürstl. Schwarzenberg'schen archive zu Schwarzenberg in Baiern) durch M. Pangerl.",available,1347,,high,"dept: RI VIII; issuer: Karl IV.; place: Nurenberg; date: 1347-11-24; source: Regesta Imperii, Akad. der Wissenschaften und der Literatur | Mainz, CC BY 4.0; retrieved 2026-10-04; https://www.regesta-imperii.de/id/1347-11-24_5_0_8_0_0_587_455"
ri:1347-12-16_2_0_8_0_0_634_501,work,RI VIII n. 501,,"bestätigt den edeln mannen Ludwig und Friedrich, grafen von Oettingen alle von seinen reichsvorfahren erhaltenen briefe und freiheiten. Lang Materialien 1,129.",available,1347,,high,"dept: RI VIII; issuer: Karl IV.; place: Strassburg; date: 1347-12-16; source: Regesta Imperii, Akad. der Wissenschaften und der Literatur | Mainz, CC BY 4.0; retrieved 2026-10-04; https://www.regesta-imperii.de/id/1347-12-16_2_0_8_0_0_634_501"
ri:1348-01-07_1_0_8_0_0_678_540,work,RI VIII n. 540,,"bestätigt dem kloster Hert ein von k. Friedrich I. erhaltenes priv. [nach Mone Zeitschrift 12,334 extr. d. d. Trifels 1155 dec. 18]. Remling Urkundl. Gesch. der Kloster in Rheinbaiern 2,320 unvollst.",available,1348,,high,"dept: RI VIII; issuer: Karl IV.; place: Spire; date: 1348-01-07; source: Regesta Imperii, Akad. der Wissenschaften und der Literatur | Mainz, CC BY 4.0; retrieved 2026-10-04; https://www.regesta-imperii.de/id/1348-01-07_1_0_8_0_0_678_540"
ri:1348-02-01_1_0_8_0_0_7988_6518,work,RI VIII n. 6518,,verleiht dem kloster Salem das bisher dem reiche gehörige patronatsrecht der pfarrkirche in Pfullingen. Mittheilung v. Weechs.,available,1348,,high,"dept: RI VIII; issuer: Karl IV.; place: Ulm; date: 1348-02-01; source: Regesta Imperii, Akad. der Wissenschaften und der Literatur | Mainz, CC BY 4.0; retrieved 2026-10-04; https://www.regesta-imperii.de/id/1348-02-01_1_0_8_0_0_7988_6518"
ri:1348-04-07_6_0_8_0_0_794_647,work,RI VIII n. 647,,"bestätigt in gleicher weise die urk. k. Rudolfs d. d. Erford 1290 sept. 26 dieselbe sache betreffend. Goldast De iuribus regni Bohemiae App. 62. Goldast Constit. imper. 2,93. Cod. Mor. 7,559.",available,1348,,high,"dept: RI VIII; issuer: Karl IV.; place: Prage; date: 1348-04-07; source: Regesta Imperii, Akad. der Wissenschaften und der Literatur | Mainz, CC BY 4.0; retrieved 2026-10-04; https://www.regesta-imperii.de/id/1348-04-07_6_0_8_0_0_794_647"
ri:1348-06-25_1_0_8_0_0_853_702,work,RI VIII n. 702,,"befiehlt der stadt Leitmeritz, den dortigen probst Bohus am baue seiner wohnung nicht zu hindern. Pelzel (text) 1,218 extr.",available,1348,,high,"dept: RI VIII; issuer: Karl IV.; place: Prage; date: 1348-06-25; source: Regesta Imperii, Akad. der Wissenschaften und der Literatur | Mainz, CC BY 4.0; retrieved 2026-10-04; https://www.regesta-imperii.de/id/1348-06-25_1_0_8_0_0_853_702"
ri:1348-09-09_1_0_8_0_0_8009_6538,work,RI VIII n. 6538,,"erlaubt dem Alexius Stille, bürger zu Breslau, sein vorwerk Nichtbrot (jetzt Haberstroh) im weichbild von Breslau, 30 hufen, in zinsäcker nach deutschem rechte zu verwandeln und auszuthun, unter befreiung derselben von allen lasten. Aus cop. sec. 17. F. Breslau III. 9 fol. 38 im staatsarchiv Breslau durch Herquet.",available,1348,,high,"dept: RI VIII; issuer: Karl IV.; place: Prag; date: 1348-09-09; source: Regesta Imperii, Akad. der Wissenschaften und der Literatur | Mainz, CC BY 4.0; retrieved 2026-10-04; https://www.regesta-imperii.de/id/1348-09-09_1_0_8_0_0_8009_6538"
ri:1348-12-08_1_0_8_0_0_948_791,work,RI VIII n. 791,,"bestätigt demselben die eingerückte urkunde k. Adolfs d. d. Altenburg 1296 apr. 14. Balbin Misc. I. 8,280.",available,1348,,high,"dept: RI VIII; issuer: Karl IV.; place: Dresden; date: 1348-12-08; source: Regesta Imperii, Akad. der Wissenschaften und der Literatur | Mainz, CC BY 4.0; retrieved 2026-10-04; https://www.regesta-imperii.de/id/1348-12-08_1_0_8_0_0_948_791"
ri:1349-01-14_1_0_8_0_0_990_833,work,RI VIII n. 833,,"thut dem grafen Heinrich zu Hohnstein herrn zu Sondershausen und den grafen Günther und Heinrich zu Schwarzburg herrn zu Arnstadt, nachdem solche ihm treue gelobt und ihre reichslehen von ihm genommen haben, die gnade, dass sie unter einander erbe sein sollen aller ihrer besitzungen, und leiht ihnen auch des reichs strasse in ihren herrschaften. Struve Hist. polit. Archiv 1,36. [Mitwochen nach dem …",available,1349,,high,"dept: RI VIII; issuer: Karl IV.; place: Ysinache; date: 1349-01-14; source: Regesta Imperii, Akad. der Wissenschaften und der Literatur | Mainz, CC BY 4.0; retrieved 2026-10-04; https://www.regesta-imperii.de/id/1349-01-14_1_0_8_0_0_990_833"
ri:1349-02-17_4_0_8_0_0_6833_84,work,RI VIII n. 84,,"Woldemar markgraf zu Brandenburg und zu Landsberg, [der ebenfalls nachträglich an den könig Karl von Böhmen seine stimme und kur gewandt und gegeben hat,] gelobt das gleiche. Günther Cod. Rhenomosell. 3,529. Riedel Cod. Brandenb. II. 2,242. Klöden Waldemar 3,493.",available,1349,,high,"dept: RI VIII; issuer: Reichssachen; place: Coln an dem Rein; date: 1349-02-17; source: Regesta Imperii, Akad. der Wissenschaften und der Literatur | Mainz, CC BY 4.0; retrieved 2026-10-04; https://www.regesta-imperii.de/id/1349-02-17_4_0_8_0_0_6833_84"
ri:1349-04-03_2_0_8_0_0_1082_921,work,RI VIII n. 921,,"verordnet in erwägung der schäden, die aus den durch die städte gebrochenen burgen Neuenhofen und Affolderloch in der gegend geschehen sind, das niemand intra tertium ab urbe lapidem von Speier ohne erlaubniss der bürger eine burg solle erbauen dürfen. Lehmann Speier. Chron. 703. Dumont 1b,251. Lünig R. A. 14,487.",available,1349,,high,"dept: RI VIII; issuer: Karl IV.; place: Spire; date: 1349-04-03; source: Regesta Imperii, Akad. der Wissenschaften und der Literatur | Mainz, CC BY 4.0; retrieved 2026-10-04; https://www.regesta-imperii.de/id/1349-04-03_2_0_8_0_0_1082_921"
ri:1349-05-26_4_0_8_0_0_6845_96,work,RI VIII n. 96,,"Derselbe gelobt die taiding, die zwischen dem römischen könige Karl und dessen bruder Johann und zwischen seinen brüdern Stephan und Ludwig gemacht worden ist, in allen stücken zu halten. Sommersberg 1,980. Riedel II. 2,254. Cod. Moraviae 7,655.",available,1349,,high,"dept: RI VIII; issuer: Reichssachen; place: Eltvil; date: 1349-05-26; source: Regesta Imperii, Akad. der Wissenschaften und der Literatur | Mainz, CC BY 4.0; retrieved 2026-10-04; https://www.regesta-imperii.de/id/1349-05-26_4_0_8_0_0_6845_96"
ri:1349-06-16_1_0_8_0_0_1184_1016,work,RI VIII n. 1016,,"bestätiget dem ritter Claus von Scharpenstein sein Oppenheimer burglehen und thut ihm die gnade, dass Nese, seine hausfrau, Rudolfs von Silberberg tochter, dasselbe nach seinem tod lebenslänglich besitzen und gemessen soll. Guden 5,620.",available,1349,,high,"dept: RI VIII; issuer: Karl IV.; place: Mentze; date: 1349-06-16; source: Regesta Imperii, Akad. der Wissenschaften und der Literatur | Mainz, CC BY 4.0; retrieved 2026-10-04; https://www.regesta-imperii.de/id/1349-06-16_1_0_8_0_0_1184_1016"
ri:1349-07-21_1_0_8_0_0_1247_1074,work,RI VIII n. 1074,,"beurkundet, dass er in der zwischen dem Rheinpfalzgrafen Rudolf und dem erzbischof Baldewin von Trier dadurch entstandenen irrung, dass er früher dem erzbischof und dann dem pfalzgrafen die landvogtei im Speiergau aufgetragen, die ersten briefe ganz und unverrückt aufrecht halte, und bittet den pfalzgrafen, den erzbischof in diesen dingen nicht zu hindern. Dominicus Baldewin 518 extr.",available,1349,,high,"dept: RI VIII; issuer: Karl IV.; place: Bunne; date: 1349-07-21; source: Regesta Imperii, Akad. der Wissenschaften und der Literatur | Mainz, CC BY 4.0; retrieved 2026-10-04; https://www.regesta-imperii.de/id/1349-07-21_1_0_8_0_0_1247_1074"
ri:1349-08-19_2_0_8_0_0_1310_1135,work,RI VIII n. 1135,,"erhöht dem Johann von Falkenstein und Philipp seines bruders sohn, herrn zu Minzenberg, den zoll zu Butzbach, von iedem geladenen wagen 6 und von iedem karren 3 heller, aufs doppelte, damit sie wege, brücken und stege in und ausserhalb der stadt machen sollen. Wenck Hess. Landesgesch. 2,369.",available,1349,,high,"dept: RI VIII; issuer: Karl IV.; place: Colonie; date: 1349-08-19; source: Regesta Imperii, Akad. der Wissenschaften und der Literatur | Mainz, CC BY 4.0; retrieved 2026-10-04; https://www.regesta-imperii.de/id/1349-08-19_2_0_8_0_0_1310_1135"
ri:1349-11-20_1_0_8_0_0_1374_1196,work,RI VIII n. 1196,,"befreit die brüder des klosters des heiligen Hieronymus der Slaven, welches er in der Neustadt Prag gestiftet hat, von allen zöllen in ganz Böhmen. Pelzel UB. 1,97.",available,1349,,high,"dept: RI VIII; issuer: Karl IV.; place: Prag; date: 1349-11-20; source: Regesta Imperii, Akad. der Wissenschaften und der Literatur | Mainz, CC BY 4.0; retrieved 2026-10-04; https://www.regesta-imperii.de/id/1349-11-20_1_0_8_0_0_1374_1196"
ri:1350-02-19_1_0_8_0_0_6872_122,work,RI VIII n. 122,,"Ludwig und Ludwig der Römer, markgrafen zu Brandenburg und zu Lausitz, melden den herzogen Otto und Wilhelm von Braunschweig und Lüneburg, dass sie sich mit dem könige Karl ausgesöhnt haben und von ihm in Bauzen mit der mark Brandenburg und Lausitz und ihren andern lehen belehnt worden sind, und ersuchen sie, bei den edeln und städten ienseits der Elbe sich verwenden zu wollen, dass sie unter ihre …",available,1350,,high,"dept: RI VIII; issuer: Reichssachen; place: Budissin; date: 1350-02-19; source: Regesta Imperii, Akad. der Wissenschaften und der Literatur | Mainz, CC BY 4.0; retrieved 2026-10-04; https://www.regesta-imperii.de/id/1350-02-19_1_0_8_0_0_6872_122"
ri:1350-05-08_1_0_8_0_0_6879_128,work,RI VIII n. 128,,"Albert und Johann, brüder, herzoge zu Mecklenburg, zu Stargard und zu Rostock herren, beurkunden mit dem herzoge Erich von Sachsen dem iungen und mit genannten rittern um alle zwistigkeiten zwischen ihnen und dem könige Woldemar von Dänemark geteidingt zu haben und mit diesem gänzlich verrichtet und versöhnt zu sein, so zwar, dass der könig seine tochter Margaretha ihrem (Alberts) sohne Heinrich z …",available,1350,,high,"dept: RI VIII; issuer: Reichssachen; place: Lubek; date: 1350-05-08; source: Regesta Imperii, Akad. der Wissenschaften und der Literatur | Mainz, CC BY 4.0; retrieved 2026-10-04; https://www.regesta-imperii.de/id/1350-05-08_1_0_8_0_0_6879_128"
ri:1350-10-20_1_0_8_0_0_7798_6304,work,RI VIII n. 6304,,"bestätigt die schenkung von 37 huben in Nieder-, anderthalb huben in OberSchwedeldorf, 6 huben in Bertelsdorf, dritthalb huben in Isenrichsdorf und eines gartens und hauses am schlosse Glatz an die durch den erzbischof Arnest von Prag gegründete Augustinerprobstei zu Glatz durch den genannten erzbischof und seine brüder, befreit die neuen stiftsunterthanen von aller weltlichen gerichtsbarkeit und …",available,1350,,high,"dept: RI VIII; issuer: Karl IV. Nachträge.; place: Prag; date: 1350-10-20; source: Regesta Imperii, Akad. der Wissenschaften und der Literatur | Mainz, CC BY 4.0; retrieved 2026-10-04; https://www.regesta-imperii.de/id/1350-10-20_1_0_8_0_0_7798_6304"
ri:1351-06-21_1_0_8_0_0_1578_1386,work,RI VIII n. 1386,,"verpfändet dem edeln Heinrich Bayer von Boppard für eine schuld von 2642 goldgulden den betrag von zwei mark prager groschen wöchentlich zu erheben von urbor und münze zu Kuttenberg. Reg. Boica 8,217.",available,1351,,high,"dept: RI VIII; issuer: Karl IV.; place: Prage; date: 1351-06-21; source: Regesta Imperii, Akad. der Wissenschaften und der Literatur | Mainz, CC BY 4.0; retrieved 2026-10-04; https://www.regesta-imperii.de/id/1351-06-21_1_0_8_0_0_1578_1386"
ri:1351-12-19_1_0_8_0_0_8153_6680,work,RI VIII n. 6680,,"(Wratislavie) gestattet seinem getreuen Peter v. Sorau, bürger zu Breslau, seine güter zu Swynarn (Schweinern n. Breslau) auf seine legitimen nachkommen beiderlei geschlechts nach lehenrecht frei von allen diensten zu vererben und eine mühle zu unterhalten. Z.: Preczlaus bischof von Breslau, hofkanzler; Bulko herzog v. Schweidnitz; Hasco v. Sweretitz, kammermeister, Konrad v. Falkenhain, hauptmann …",available,1351,,high,"dept: RI VIII; issuer: Karl IV.; place: ....; date: 1351-12-19; source: Regesta Imperii, Akad. der Wissenschaften und der Literatur | Mainz, CC BY 4.0; retrieved 2026-10-04; https://www.regesta-imperii.de/id/1351-12-19_1_0_8_0_0_8153_6680"
ri:1352-04-22_1_0_8_0_0_1679_1481a,work,RI VIII n. 1481a,,"Aufenthalt in dieser, nordöstlich von Prag an der Elbe gelegenen stadt, wo er durch den erzbischof Arnest von Prag und den bischof Preczlaw von Breslau die gebeine zweier martyrer erheben und beisetzen lässt. Balbin Epit. 355.",available,1352,,high,"dept: RI VIII; issuer: Karl IV.; place: AltBunzlau; date: 1352-04-22; source: Regesta Imperii, Akad. der Wissenschaften und der Literatur | Mainz, CC BY 4.0; retrieved 2026-10-04; https://www.regesta-imperii.de/id/1352-04-22_1_0_8_0_0_1679_1481a"
ri:1352-12-04_1_0_8_0_0_1734_1534,work,RI VIII n. 1534,,"gewährt dem Swacho, qui dicitur manus aurea, und dem Marssico, fistulatores fratres, zum lohn für ihre kunst freiheit von der berna für ihr haus in Hostomitz. Ex cod. arch. Raudnitz durch Höfler.",available,1352,,high,"dept: RI VIII; issuer: Karl IV.; place: Prage; date: 1352-12-04; source: Regesta Imperii, Akad. der Wissenschaften und der Literatur | Mainz, CC BY 4.0; retrieved 2026-10-04; https://www.regesta-imperii.de/id/1352-12-04_1_0_8_0_0_1734_1534"
ri:1353-07-03_1_0_8_0_0_6926_171,work,RI VIII n. 171,,"Bolko, herzog von Schlesien, herr von Fürstenberg, zu der Schweidnitz und zum Jauer, verschreibt wegen der besondern gnade, welche könig Karl IV. ihm und seinem geschlechte durch die vermählung mit Anna, seines bruders Heinrich tochter erwiesen hat, seiner genannten muhme als einer königin von Böhmen und ihren leibeserben von Karl IV. sein herzogthum und fürstenthum zu der Schweidnitz und zum Jaue …",available,1353,,high,"dept: RI VIII; issuer: Reichssachen; place: Schweidnitz; date: 1353-07-03; source: Regesta Imperii, Akad. der Wissenschaften und der Literatur | Mainz, CC BY 4.0; retrieved 2026-10-04; https://www.regesta-imperii.de/id/1353-07-03_1_0_8_0_0_6926_171"
ri:1353-09-24_3_0_8_0_0_1823_1605a,work,RI VIII n. 1605a,,"Abreise mit den zum 15. sept. genannten fürsten, am folgenden tage reliquiensammlung. Heinr. de Diessenh. 88. [Vgl. Karls schreiben zu 1354 ian. 2. und reichssachen zum 25. sept. Nach dem evangeliar von Bero-Münster im Anz. f. schweiz. Gesch. 1870 s. 29 fand die übergabe der reliquien am 26. sept. statt und zwar in gegenwart Heinrichs von Diessenhofen, des geschichtschreibers].",available,1353,,high,"dept: RI VIII; issuer: Karl IV.; place: ad stum Gallum; date: 1353-09-24; source: Regesta Imperii, Akad. der Wissenschaften und der Literatur | Mainz, CC BY 4.0; retrieved 2026-10-04; https://www.regesta-imperii.de/id/1353-09-24_3_0_8_0_0_1823_1605a"
ri:1353-11-17_1_0_8_0_0_8203_6729,work,RI VIII n. 6729,,"beurkundet, dass die stadt Augsburg die um Martini fällige reichssteuer von 800 pfund heller dem herzoge Friedrich von Teck bezahlt habe, und sagt sie derselben quitt. Meyer UB. der Stadt Augsburg 2,53.",available,1353,,high,"dept: RI VIII; issuer: Karl IV.; place: ....; date: 1353-11-17; source: Regesta Imperii, Akad. der Wissenschaften und der Literatur | Mainz, CC BY 4.0; retrieved 2026-10-04; https://www.regesta-imperii.de/id/1353-11-17_1_0_8_0_0_8203_6729"
ri:1354-01-04_1_0_8_0_0_1948_1716,work,RI VIII n. 1716,,"bestätigt den bürgern von Mainz auf deren bitte die von Gerlach erzbischof von Mainz mit dessen besiegelten briefen erhaltenen gnaden, freiheiten und privilegien. Schaab Gesch. d. rhein. Städtebundes 2,232 [mit „samstag der Epiphanie“, was hier doch wahrscheinlicher samstag vor als nach Epiph. ist.]",available,1354,,high,"dept: RI VIII; issuer: Karl IV.; place: Mentz; date: 1354-01-04; source: Regesta Imperii, Akad. der Wissenschaften und der Literatur | Mainz, CC BY 4.0; retrieved 2026-10-04; https://www.regesta-imperii.de/id/1354-01-04_1_0_8_0_0_1948_1716"
ri:1354-02-07_1_0_8_0_0_7588_6097,work,RI VIII n. 6097,,"befiehlt dem capitel von Prag, dass es zum empfang der heiligen reliquien boten nach Trier schicke und die sache wegen der gefährlichkeit der wege geheim halte. Aus or. im Prager domcapitelsarchiv durch Emler.",available,1354,,high,"dept: RI VIII; issuer: Karl IV. Nachträge.; place: Treviris; date: 1354-02-07; source: Regesta Imperii, Akad. der Wissenschaften und der Literatur | Mainz, CC BY 4.0; retrieved 2026-10-04; https://www.regesta-imperii.de/id/1354-02-07_1_0_8_0_0_7588_6097"
ri:1354-03-28_1_0_8_0_0_6950_194,work,RI VIII n. 194,,"Joffrid Mina berichtet über den einzug des kaisers in Metz am 16. märz, wie feierlich er von den bürgern empfangen worden und was derselbe seitdem für den landfrieden der dortigen gegenden gethan hat. Wencker Appar. archiv. 210.",available,1354,,high,"dept: RI VIII; issuer: Reichssachen; place: Metz; date: 1354-03-28; source: Regesta Imperii, Akad. der Wissenschaften und der Literatur | Mainz, CC BY 4.0; retrieved 2026-10-04; https://www.regesta-imperii.de/id/1354-03-28_1_0_8_0_0_6950_194"
ri:1354-05-28_1_0_8_0_0_7599_6108,work,RI VIII n. 6108,,"gestattet dem grafen Adolf von Nassau bis auf widerruf, zu Lahnstein von iedem fuder weines und anderer kaufmannschaft, das den Rhein auf und niedergeht, einen grossen turnos zu nehmen über all den zoll, den man früher daselbst nimmt. Schliephake Gesch. v. Nassau 4,304.",available,1354,,high,"dept: RI VIII; issuer: Karl IV. Nachträge.; place: Babinhusin; date: 1354-05-28; source: Regesta Imperii, Akad. der Wissenschaften und der Literatur | Mainz, CC BY 4.0; retrieved 2026-10-04; https://www.regesta-imperii.de/id/1354-05-28_1_0_8_0_0_7599_6108"
ri:1354-08-07_1_0_8_0_0_2159_1913,work,RI VIII n. 1913,,verleiht den gebrüdern Ulrich und Johann landgrafen zu Leuchtenberg einen wochenmarkt an iedem samstag in ihrem dorfe Schönsee. Ibid.,available,1354,,high,"dept: RI VIII; issuer: Karl IV.; place: ....; date: 1354-08-07; source: Regesta Imperii, Akad. der Wissenschaften und der Literatur | Mainz, CC BY 4.0; retrieved 2026-10-04; https://www.regesta-imperii.de/id/1354-08-07_1_0_8_0_0_2159_1913"
ri:1354-11-21_2_0_8_0_0_6590_43,work,RI VIII n. 43,,"schreibt demselben, dass er die patriarchen von Constantinopel, Aglei und Grado bevollmächtigt habe, ihm die eiserne krone aufzusetzen, falls der hergebrachten krönung durch den erzbischof von Mailand hindernisse im wege ständen. Theiner 2,274. ‒ Dort p. 275 und Raynald § 9 die entsprechende vollmacht an die genannten patriarchen.",available,1354,,high,"dept: RI VIII; issuer: Innocenz VI.; place: Avinione; date: 1354-11-21; source: Regesta Imperii, Akad. der Wissenschaften und der Literatur | Mainz, CC BY 4.0; retrieved 2026-10-04; https://www.regesta-imperii.de/id/1354-11-21_2_0_8_0_0_6590_43"
ri:1355-01-30_1_0_8_0_0_8277_6797,work,RI VIII n. 6797,,"erklärt, dass die vorhergehende bestätigung sich lediglich auf das beziehe, was die genannte königin im heirathsvertrage zusicherte, dass das aber nicht erweitert oder auf andere fälle ausgedehnt werden dürfe. Ebendaher b. 4 f 99. Winckelmann ebendas.",available,1355,,high,"dept: RI VIII; issuer: Karl IV.; place: Pisa; date: 1355-01-30; source: Regesta Imperii, Akad. der Wissenschaften und der Literatur | Mainz, CC BY 4.0; retrieved 2026-10-04; https://www.regesta-imperii.de/id/1355-01-30_1_0_8_0_0_8277_6797"
ri:1355-03-23_1_0_8_0_0_2287_2010b,work,RI VIII n. 2010b,,"Einzug und feierlicher empfang, worauf aber alsbald innere unruhen ausbrechen, deren vermittlung der könig einem von ihm erwählten ausschuss aus den vornehmen und gemeinen überträgt Cronica Sanese ap. Muratori 15,147. [Cron. di Perugia Arch. stor. 16a,176. M. Villani l. 4 cap. 80‒82, welcher iedoch c. 80 den könig am 23. la sera ankommen, c. 81 aber ihn il martedi ‒ märz 24 ‒ in die stadt einziehe …",available,1355,,high,"dept: RI VIII; issuer: Karl IV.; place: Siena; date: 1355-03-23; source: Regesta Imperii, Akad. der Wissenschaften und der Literatur | Mainz, CC BY 4.0; retrieved 2026-10-04; https://www.regesta-imperii.de/id/1355-03-23_1_0_8_0_0_2287_2010b"
ri:1355-04-21_5_0_8_0_0_2352_2065,work,RI VIII n. 2065,,bestellt in gleicher weise den Andrea de' Salimbeni.,available,1355,,high,"dept: RI VIII; issuer: Karl IV.; place: Siena; date: 1355-04-21; source: Regesta Imperii, Akad. der Wissenschaften und der Literatur | Mainz, CC BY 4.0; retrieved 2026-10-04; https://www.regesta-imperii.de/id/1355-04-21_5_0_8_0_0_2352_2065"
ri:1355-05-19_2_0_8_0_0_8309_6818,work,RI VIII n. 6818,,"befreit alle, welche des studiums wegen nach Perugia reisen, von allen zöllen, mauten u. s. w. Z. und kanzlei wie vorher. Giornale di erud. 5,376.",available,1355,,high,"dept: RI VIII; issuer: Karl IV.; place: Pisis; date: 1355-05-19; source: Regesta Imperii, Akad. der Wissenschaften und der Literatur | Mainz, CC BY 4.0; retrieved 2026-10-04; https://www.regesta-imperii.de/id/1355-05-19_2_0_8_0_0_8309_6818"
ri:1355-07-18_1_0_8_0_0_2481_2184,work,RI VIII n. 2184,,"bestätigt der stadt Eger als kaiser alle freiheiten und rechte. Z.: Arnest erzb. v. Prag, die bischöfe Leopold v. Bamberg, Johann v. Olmütz und Johann v. Leitomischl hofkanzler; die herzoge Nicolaus v. Troppau und Bolko v. Falkenberg; die burggrafen Johann v. Nürnberg und Marquard (Burchard) v. Magdeburg, die grafen Heinrich v. Hohenstein, Heinrich v. Schwarzburg, Johann v. Retz und Albert v. Anha …",available,1355,,high,"dept: RI VIII; issuer: Karl IV.; place: Tunaustauf; date: 1355-07-18; source: Regesta Imperii, Akad. der Wissenschaften und der Literatur | Mainz, CC BY 4.0; retrieved 2026-10-04; https://www.regesta-imperii.de/id/1355-07-18_1_0_8_0_0_2481_2184"
ri:1355-08-28_1_0_8_0_0_2535_2236,work,RI VIII n. 2236,,"bestätigt neuerdings dem St. Maria Magdalenenkloster zu Lauban seine privilegien. (Zobel) Verz. oberlaus. Urkk. 1,63 extr.",available,1355,,high,"dept: RI VIII; issuer: Karl IV.; place: Prage; date: 1355-08-28; source: Regesta Imperii, Akad. der Wissenschaften und der Literatur | Mainz, CC BY 4.0; retrieved 2026-10-04; https://www.regesta-imperii.de/id/1355-08-28_1_0_8_0_0_2535_2236"
ri:1355-11-29_4_0_8_0_0_2594_2293,work,RI VIII n. 2293,,"bestätigt der abtei Andlau das priv. k. Heinrichs VII. d. d. in castris apud montem imperialem 1313 (o. tag). Schöpflin Als. dipl. 2,209 extr.",available,1355,,high,"dept: RI VIII; issuer: Karl IV.; place: Nürnberg; date: 1355-11-29; source: Regesta Imperii, Akad. der Wissenschaften und der Literatur | Mainz, CC BY 4.0; retrieved 2026-10-04; https://www.regesta-imperii.de/id/1355-11-29_4_0_8_0_0_2594_2293"
ri:1355-12-18_4_0_8_0_0_2649_2348,work,RI VIII n. 2348,,bekennt von dem ritter Erkinger von Sawensheim gesessen zu Gnötzheim ein Darlehen von 9300 goldgulden erhalten zu haben. Aus or. im fürstl. archiv zu Schwarzenberg in Franken durch Pangerl. ‒ Mit hofgerichtssiegel.,available,1355,,high,"dept: RI VIII; issuer: Karl IV.; place: ....; date: 1355-12-18; source: Regesta Imperii, Akad. der Wissenschaften und der Literatur | Mainz, CC BY 4.0; retrieved 2026-10-04; https://www.regesta-imperii.de/id/1355-12-18_4_0_8_0_0_2649_2348"
ri:1356-01-10_1_0_8_0_0_2700_2397,work,RI VIII n. 2397,,"(in solempni curia) publicirt die dreiundzwanzig ersten capitel der goldenen bulle [assidentibus nobis omnibus principibus electoribus ecclesiasticis et secularibus ac aliorum principum, comitum, baronum, procerum, nobilium et civitatum multitudine numerosa.] Goldast Constitut. imper. 1,352‒368 und 4,105‒121 lat. 4,121‒138 deutsche übersetzung. Goldast Reichssatzungen 2,47‒64 deutsch. Lünig R. A. …",available,1356,,high,"dept: RI VIII; issuer: Karl IV.; place: Nurenberg; date: 1356-01-10; source: Regesta Imperii, Akad. der Wissenschaften und der Literatur | Mainz, CC BY 4.0; retrieved 2026-10-04; https://www.regesta-imperii.de/id/1356-01-10_1_0_8_0_0_2700_2397"
ri:1356-01-11_1_0_8_0_0_7662_6171,work,RI VIII n. 6171,,"quittirt die stadt Colmar über die ihm als geschenk bewilligte summe, die sie ihrem landvogt dem burggrafen Burchard von Magdeburg zahlen sollen. Extr. Mossmanns im Bulletin de la société pour la conserv. des monum. hist. d'Alsace 1871 s. 106.",available,1356,,high,"dept: RI VIII; issuer: Karl IV. Nachträge.; place: Nuremberg; date: 1356-01-11; source: Regesta Imperii, Akad. der Wissenschaften und der Literatur | Mainz, CC BY 4.0; retrieved 2026-10-04; https://www.regesta-imperii.de/id/1356-01-11_1_0_8_0_0_7662_6171"
ri:1356-05-09_1_0_8_0_0_2755_2451,work,RI VIII n. 2451,,"schreibt dem Rheinpfalzgrafen Ruprecht d. ä., dass könig Kasimir von Polen zu ihm nach Prag gekommen sei und sich eine zeit lang dort aufgehalten habe, mit dem er nun ganz freundlich berichtet sei; deswegen habe er in Böhmen bleiben müssen; nun habe er einen tag gemacht mit herzog Albrecht von Oesterreich in Budweis heute über vierzehn tage, und nach dieser zeit wolle er dem pfalzgrafen schreiben, …",available,1356,,high,"dept: RI VIII; issuer: Karl IV.; place: Prage; date: 1356-05-09; source: Regesta Imperii, Akad. der Wissenschaften und der Literatur | Mainz, CC BY 4.0; retrieved 2026-10-04; https://www.regesta-imperii.de/id/1356-05-09_1_0_8_0_0_2755_2451"
ri:1356-08-18_1_0_8_0_0_9159_299,work,RI VIII n. 299,,"trägt dem erzbischofe Ortolf von Salzburg auf, die frechheit seiner gesandten, die ohne erlaubniss nachgesucht oder erhalten zu haben, heimlich wie verbrecher von der curie abgereist seien, nicht zu dulden, und bittet ihn, was Heinrich von Dortmund (Tremonia) ihm von seiner seite berichte, zu glauben und auszuführen und durch sein wort und beispiel auch andere dazu zu bewegen. Ibid. 106 nr. 376.",available,1356,,high,"dept: RI VIII; issuer: Innocenz VI.; place: Avinione; date: 1356-08-18; source: Regesta Imperii, Akad. der Wissenschaften und der Literatur | Mainz, CC BY 4.0; retrieved 2026-10-04; https://www.regesta-imperii.de/id/1356-08-18_1_0_8_0_0_9159_299"
ri:1356-12-00_1_0_8_0_0_7040_277,work,RI VIII n. 277,,"Karl erstgeborner des königs von Frankreich bestätigt den von seinem vater könig Johann 1347 aug. 4 geschlossenen bund. Goldast De iur. regni Boh. Suppl. 311. Balbin Miscell. dec. I. 8,72. Lünig R. A. 6b,45. [Nach Pelzel 2,538 n. 5 hat die urk. im Copiarium privil. Boh. das dat. 6. dec. aber an diesem tage war der Dauphin noch nicht in Metz, auch fehlt der tag im orig. im k. k. g. archiv.]",available,1356,,medium,"dept: RI VIII; issuer: Reichssachen; place: Metis; date range: 1356-12-01 to 1356-12-31 (year = first possible); source: Regesta Imperii, Akad. der Wissenschaften und der Literatur | Mainz, CC BY 4.0; retrieved 2026-10-04; https://www.regesta-imperii.de/id/1356-12-00_1_0_8_0_0_7040_277"
ri:1356-12-30_4_0_8_0_0_2898_2578,work,RI VIII n. 2578,,"gebietet der stadt Strassburg, ihren mitbürger Heinrich von Snellingen, von welchem Heinze von Schoumburg genannt der Burggrave an seinen reichslehen wider recht gehindert zu werden klagt, dazu zu halten, dass er davon ablasse und recht von ihm nehme im kaiserlichen hofe. Aus or. im stadtarchiv zu Strassburg durch Weizsäcker.",available,1356,,high,"dept: RI VIII; issuer: Karl IV.; place: Metis; date: 1356-12-30; source: Regesta Imperii, Akad. der Wissenschaften und der Literatur | Mainz, CC BY 4.0; retrieved 2026-10-04; https://www.regesta-imperii.de/id/1356-12-30_4_0_8_0_0_2898_2578"
ri:1357-03-05_1_0_8_0_0_9191_331,work,RI VIII n. 331,,"trägt dem bischofe von Cammerich auf, dem kaiser, dem herzoge von Brabant (Lützelburg) und dem grafen von Flandern die briefe zu übergeben, die er ihnen sende. Ibid. 116 nr. 417. ‒ Vgl. zu 1356 aug. 3.",available,1357,,high,"dept: RI VIII; issuer: Innocenz VI.; place: Avinione; date: 1357-03-05; source: Regesta Imperii, Akad. der Wissenschaften und der Literatur | Mainz, CC BY 4.0; retrieved 2026-10-04; https://www.regesta-imperii.de/id/1357-03-05_1_0_8_0_0_9191_331"
ri:1357-06-08_1_0_8_0_0_2998_2668,work,RI VIII n. 2668,,"befreit die bürger von Frankfurt vom neuen weggeld, dessen erhebung er der stadt Friedberg zur besserung ihrer brücken, mauern und wege bis auf sein widerrufen verstattet hat. Privil. et Pacta 162. Lünig R. A. 13,577. ‒ [Der ausstellort ist wohl Windsheim zwischen Wirzburg und Nürnberg.]",available,1357,,high,"dept: RI VIII; issuer: Karl IV.; place: Winssheim; date: 1357-06-08; source: Regesta Imperii, Akad. der Wissenschaften und der Literatur | Mainz, CC BY 4.0; retrieved 2026-10-04; https://www.regesta-imperii.de/id/1357-06-08_1_0_8_0_0_2998_2668"
ri:1357-11-15_1_0_8_0_0_7049_285,work,RI VIII n. 285,,"(in castro nestro) Nikolaus patriarch von Aglei beurkundet, welche quaternionen vom autograph des evangeliums des heil. Marcus er dem könige Karl bei seiner damaligen durchreise zur kaiserkrönung auf seine bitte abgegeben habe. Ludewig Rel. 5,573.",available,1357,,high,"dept: RI VIII; issuer: Reichssachen; place: Utin.; date: 1357-11-15; source: Regesta Imperii, Akad. der Wissenschaften und der Literatur | Mainz, CC BY 4.0; retrieved 2026-10-04; https://www.regesta-imperii.de/id/1357-11-15_1_0_8_0_0_7049_285"
ri:1358-05-04_1_0_8_0_0_3110_2777,work,RI VIII n. 2777,,"fordert den bischof Johann von Strassburg auf, kraft seines hirtenamtes das ungeistliche leben der nonnen von Ober- und NiederHohenburg, Andlau und Erstein, welche ihre klöster verlassend an den höfen der fürsten, herren und edeln sich herumtreiben, zu bessern und das um so mehr, als der bischof bisher taube ohren für diese ahnungswürdigen vorgänge gehabt und sie aus menschenfurcht übersehen habe; …",available,1358,,high,"dept: RI VIII; issuer: Karl IV.; place: Prag; date: 1358-05-04; source: Regesta Imperii, Akad. der Wissenschaften und der Literatur | Mainz, CC BY 4.0; retrieved 2026-10-04; https://www.regesta-imperii.de/id/1358-05-04_1_0_8_0_0_3110_2777"
ri:1358-08-13_1_0_8_0_0_8462_6965,work,RI VIII n. 6965,,"befiehlt der stadt Hagenau, die äbtissin und den convent des nonnenklosters Königsbruck gegen die beieinträchtigung ihres viehganges durch die gemeinde Forstfeld zu schützen. Winkelmann Acta imp. 2,539.",available,1358,,high,"dept: RI VIII; issuer: Karl IV.; place: Nürenberch; date: 1358-08-13; source: Regesta Imperii, Akad. der Wissenschaften und der Literatur | Mainz, CC BY 4.0; retrieved 2026-10-04; https://www.regesta-imperii.de/id/1358-08-13_1_0_8_0_0_8462_6965"
ri:1359-01-19_2_0_8_0_0_3225_2889,work,RI VIII n. 2889,,"gibt der stadt Breslau und ihren einwohnern und kaufleuten die freiheit, ihre waaren in die stadt Prag und wieder aus derselben zu führen, wie das einem Prager bürger gestattet ist. Zeugen wie vorher mit ausnahme des königs von Polen, und ausserdem bischof Albert v. Schwerin. Lünig R. A. 14b,243. Korn UB. von Breslau 1,189.",available,1359,,high,"dept: RI VIII; issuer: Karl IV.; place: Wratislavie; date: 1359-01-19; source: Regesta Imperii, Akad. der Wissenschaften und der Literatur | Mainz, CC BY 4.0; retrieved 2026-10-04; https://www.regesta-imperii.de/id/1359-01-19_2_0_8_0_0_3225_2889"
ri:1359-04-12_2_0_8_0_0_3277_2940,work,RI VIII n. 2940,,"gönnt und erlaubt demselben, aus dem dorf Herckinhayn, das halb dem stifte zu Fuld und halb dem grafen Gottfried zu Ziegenhain gehört, eine befestigte stadt zu machen mit wochenmarkt und solchem recht, wie andere fuldische städte und märkte haben. Ibid. 385. ‒ Mit imp. 4.",available,1359,,high,"dept: RI VIII; issuer: Karl IV.; place: Mentz; date: 1359-04-12; source: Regesta Imperii, Akad. der Wissenschaften und der Literatur | Mainz, CC BY 4.0; retrieved 2026-10-04; https://www.regesta-imperii.de/id/1359-04-12_2_0_8_0_0_3277_2940"
ri:1359-06-24_1_0_8_0_0_8502_7005,work,RI VIII n. 7005,,"bestätigt als könig von Böhmen der stadt Pirna das eingerückte privileg seines vaters k. Johann d. d. Pragae 1325 apr. 20, bestätigung früherer freiheiten u. s. w. betreffend. Z.: erzb. Arnest v. Prag, die bischöfe Johann v. Leitomischl, Johann v. Olmütz, Theodorich v. Minden, Maurus v. Corbavien; die herzoge Bolko v. Falkenberg, Bolko v. Oppeln, Johann v. Troppau, Przemislaus v. Teschen; die burg …",available,1359,,high,"dept: RI VIII; issuer: Karl IV.; place: Prage; date: 1359-06-24; source: Regesta Imperii, Akad. der Wissenschaften und der Literatur | Mainz, CC BY 4.0; retrieved 2026-10-04; https://www.regesta-imperii.de/id/1359-06-24_1_0_8_0_0_8502_7005"
ri:1359-12-07_1_0_8_0_0_3364_3021,work,RI VIII n. 3021,,"schreibt der stadt Hagenau, Ruprecht d. ä. Rheinpfalzgraf habe ihm die gründe bekannt gegeben, welche ihm nicht ermöglicht haben, zwischen Hagenau und Strassburg einen vergleich herbeizuführen, und sendet an sie seinen hofmeister Burghart burggrafen v. Magdeburg mit voller gewalt, ihren streit zu entscheiden und sie mit seinem rathe zu unterstützen. Extr. Hugots aus or. in Hagenau.",available,1359,,high,"dept: RI VIII; issuer: Karl IV.; place: Prag; date: 1359-12-07; source: Regesta Imperii, Akad. der Wissenschaften und der Literatur | Mainz, CC BY 4.0; retrieved 2026-10-04; https://www.regesta-imperii.de/id/1359-12-07_1_0_8_0_0_3364_3021"
ri:1360-02-29_1_0_8_0_0_3426_3083,work,RI VIII n. 3083,,"gestattet den rathmannen von Breslau in ihrer stadt goldmünzen zu schlagen, von deren nutzen zwei theile ihm und der böhmischen kammer, ein theil der stadt zufallen soll. Lünig R. A. 14b,244. Glafey 77. Korn UB. von Breslau 1,197.",available,1360,,high,"dept: RI VIII; issuer: Karl IV.; place: Prage; date: 1360-02-29; source: Regesta Imperii, Akad. der Wissenschaften und der Literatur | Mainz, CC BY 4.0; retrieved 2026-10-04; https://www.regesta-imperii.de/id/1360-02-29_1_0_8_0_0_3426_3083"
ri:1360-06-07_12_0_8_0_0_3503_3155,work,RI VIII n. 3155,,"befiehlt demselben, dem genannten kloster, welches im besitze des waldes Juris durch übergriffe benachbarter edler und ihrer unterthanen beeinträchtigt wird, alles unrechtmässig entzogene zurückstellen zu lassen. Ibid. 164.",available,1360,,high,"dept: RI VIII; issuer: Karl IV.; place: Prage; date: 1360-06-07; source: Regesta Imperii, Akad. der Wissenschaften und der Literatur | Mainz, CC BY 4.0; retrieved 2026-10-04; https://www.regesta-imperii.de/id/1360-06-07_12_0_8_0_0_3503_3155"
ri:1360-07-14_2_0_8_0_0_3576_3227,work,RI VIII n. 3227,,"belehnt den edeln Manuel de Linguilia, nachdem ihm dessen bevollmächtigter Thomas Serra de Garlonda den treueid und das homagium geleistet, mit burg und dorf Garlenda und den dörfern Talii et Insule in der diöces Albenga, wie einst dessen vater Bonifacius durch kaiser Heinrich belehnt worden. Z.: die kurfürsten Ruprecht d. ä. von der Pfalz und Rudolf von Sachsen; die bischöfe Albert v. Wirzburg, G …",available,1360,,high,"dept: RI VIII; issuer: Karl IV.; place: Nuremberg; date: 1360-07-14; source: Regesta Imperii, Akad. der Wissenschaften und der Literatur | Mainz, CC BY 4.0; retrieved 2026-10-04; https://www.regesta-imperii.de/id/1360-07-14_2_0_8_0_0_3576_3227"
ri:1360-09-05_4_0_8_0_0_7114_345,work,RI VIII n. 345,,"Derselbe verspricht die siegel, auf denen er sich herzog zu Schwaben und Elsass nannte, zu brechen und bis nächste weihnachten andere siegel nach seines vaters und anderer seiner vordem gewohnheit machen zu lassen. Schöpflin Als. dipl. 2,234.",available,1360,,high,"dept: RI VIII; issuer: Reichssachen; place: by Ezzelingen; date: 1360-09-05; source: Regesta Imperii, Akad. der Wissenschaften und der Literatur | Mainz, CC BY 4.0; retrieved 2026-10-04; https://www.regesta-imperii.de/id/1360-09-05_4_0_8_0_0_7114_345"
ri:1360-10-09_4_0_8_0_0_3712_3358,work,RI VIII n. 3358,,"verschreibt seinem neffen grafen Adolf von Nassau [zur aussteuer seiner tochter Agnes] 6000 gulden von Florenz an dem ihm bereits verschriebenen grossen turnos am zolle zu Gernsheim. [Glafey 630, wo aber der ausstellort, der in Reg. Boica 9,24 richtig steht, verschrieben in Nuremberg.]",available,1360,,high,"dept: RI VIII; issuer: Karl IV.; place: Mentz; date: 1360-10-09; source: Regesta Imperii, Akad. der Wissenschaften und der Literatur | Mainz, CC BY 4.0; retrieved 2026-10-04; https://www.regesta-imperii.de/id/1360-10-09_4_0_8_0_0_3712_3358"
ri:1360-11-24_1_0_8_0_0_3784_3428,work,RI VIII n. 3428,,"bestätigt die vom rathe zu Breslau abgemessenen gränzen des klosters zu St. Dorothea, das er zu ehren des heil. Wenzel auf den hofstätten der Breslauer bürger Johann Stille und Jakob Reymfried erbaut hatte. (Klose) Von Breslau 2a,218 extr.",available,1360,,high,"dept: RI VIII; issuer: Karl IV.; place: Nuremberg; date: 1360-11-24; source: Regesta Imperii, Akad. der Wissenschaften und der Literatur | Mainz, CC BY 4.0; retrieved 2026-10-04; https://www.regesta-imperii.de/id/1360-11-24_1_0_8_0_0_3784_3428"
ri:1360-12-24_1_0_8_0_0_3862_3506,work,RI VIII n. 3506,,"befreit die bürger von Prag, Breslau, Kuttenberg und Sulzbach von iedem zolle in Frankfurt Hammerschmid Prodromus Gloriae Prag. 628 extr. ohne angabe den ausstellortes.",available,1360,,high,"dept: RI VIII; issuer: Karl IV.; place: ....; date: 1360-12-24; source: Regesta Imperii, Akad. der Wissenschaften und der Literatur | Mainz, CC BY 4.0; retrieved 2026-10-04; https://www.regesta-imperii.de/id/1360-12-24_1_0_8_0_0_3862_3506"
ri:1361-03-07_2_0_8_0_0_3932_3575,work,RI VIII n. 3575,,genehmigt als könig von Böhmen den verkauf eines mansus oder laneus bei Beraun durch Lutold Obecheber von Beraun an Matthias Goldschmied bürger von Prag um 26 schock prager groschen. Ibid. 558.,available,1361,,high,"dept: RI VIII; issuer: Karl IV.; place: Nuremberg; date: 1361-03-07; source: Regesta Imperii, Akad. der Wissenschaften und der Literatur | Mainz, CC BY 4.0; retrieved 2026-10-04; https://www.regesta-imperii.de/id/1361-03-07_2_0_8_0_0_3932_3575"
ri:1361-04-16_7_0_8_0_0_4008_3648,work,RI VIII n. 3648,,"genehmigt dass der edle Hans Puller von Hohenberg, der vom reiche die dörfer Hansbach und Igelzahn und anderes gut zu mannlehen hat, seinen bruder Wirich zu seinem gemeiner in die genannten lehen setze und dass an diesen die genannten lehen fallen, wenn Hans ohne männliche erben stürbe. Ibid. 627.",available,1361,,high,"dept: RI VIII; issuer: Karl IV.; place: Nuremberg; date: 1361-04-16; source: Regesta Imperii, Akad. der Wissenschaften und der Literatur | Mainz, CC BY 4.0; retrieved 2026-10-04; https://www.regesta-imperii.de/id/1361-04-16_7_0_8_0_0_4008_3648"
ri:1361-06-05_2_0_8_0_0_4066_3705,work,RI VIII n. 3705,,"belehnt die brüder Heinrich und Theodor von Hostiwitz mit dem dorfe Czeczlow. Pelzel (text) 2,693 extr.",available,1361,,high,"dept: RI VIII; issuer: Karl IV.; place: Prag; date: 1361-06-05; source: Regesta Imperii, Akad. der Wissenschaften und der Literatur | Mainz, CC BY 4.0; retrieved 2026-10-04; https://www.regesta-imperii.de/id/1361-06-05_2_0_8_0_0_4066_3705"
ri:1361-10-12_2_0_8_0_0_4123_3761,work,RI VIII n. 3761,,"nimmt den probst und convent des klosters Denkendorf ordens des heil. grabes zu Jerusalem, das spital zu Worms, und die häuser zu Auche, Selanden und Wemertingen und die kirchen zu Kirchein-Guglingen und E. (?) desselben ordens, die alle in die probstei zu Denkendorf gehören, in seinen und des reichs besondern schirm. Besold Doc. 1,295.",available,1361,,high,"dept: RI VIII; issuer: Karl IV.; place: Laufen; date: 1361-10-12; source: Regesta Imperii, Akad. der Wissenschaften und der Literatur | Mainz, CC BY 4.0; retrieved 2026-10-04; https://www.regesta-imperii.de/id/1361-10-12_2_0_8_0_0_4123_3761"
ri:1362-01-29_1_0_8_0_0_4180_3818,work,RI VIII n. 3818,,"bestätigt die mit seiner bewilligung (d. d. 1354 dec. 19) durch Dietrich damals bischof von Minden ietzt erzbischof von Magdeburg vollzogene investitur des bischofs Heinrich von Hildesheim und belehnt ihn auf seine bitten nochmals mit den regalien und lehen besonders dem fahnlehen. Sudendorf UB. von Braunschweig-Lüneburg 3,93.",available,1362,,high,"dept: RI VIII; issuer: Karl IV.; place: Nurnberg; date: 1362-01-29; source: Regesta Imperii, Akad. der Wissenschaften und der Literatur | Mainz, CC BY 4.0; retrieved 2026-10-04; https://www.regesta-imperii.de/id/1362-01-29_1_0_8_0_0_4180_3818"
ri:1362-05-00_1_0_8_0_0_4236_3871,work,RI VIII n. 3871,,"verleiht der stadt Mährisch-Ostrau auf bitten des bischofs Johann von Olmütz einen iahrmarkt auf Christi himmelfahrt. Wolny Die Markgrafschaft Mähren 1,185 extr. mit kal. iun. wo aber vor kal. die zahl ausgefallen sein muss.",available,1362,,medium,"dept: RI VIII; issuer: Karl IV.; place: Oppavie; date range: 1362-05-01 to 1362-05-31 (year = first possible); source: Regesta Imperii, Akad. der Wissenschaften und der Literatur | Mainz, CC BY 4.0; retrieved 2026-10-04; https://www.regesta-imperii.de/id/1362-05-00_1_0_8_0_0_4236_3871"
ri:1363-01-22_4_0_8_0_0_4276_3907,work,RI VIII n. 3907,,"gebietet den Engelhard und Konrad von Weinsberg, die ihnen vom reich verpfändeten dörfer Ober-, Mittel- und Nieder-Schevelenz dem erzbischof Gerlach von Mainz zur ablösung zu überlassen. Reg. Boica 9,74.",available,1363,,high,"dept: RI VIII; issuer: Karl IV.; place: Aschaffenburg; date: 1363-01-22; source: Regesta Imperii, Akad. der Wissenschaften und der Literatur | Mainz, CC BY 4.0; retrieved 2026-10-04; https://www.regesta-imperii.de/id/1363-01-22_4_0_8_0_0_4276_3907"
ri:1363-06-01_1_0_8_0_0_4328_3955,work,RI VIII n. 3955,,"gebietet dem rath zu Frankfurt, dem Sifried zum Paradies seine kost, schaden und arbeit zu vergüten, die er davon hatte, dass ihm der vom kaiser verliehene schöffenstuhl vorenthalten wurde und er darum zum kaiser nach Breslau reisen musste. Ibid. 688.",available,1363,,high,"dept: RI VIII; issuer: Karl IV.; place: Breslaw; date: 1363-06-01; source: Regesta Imperii, Akad. der Wissenschaften und der Literatur | Mainz, CC BY 4.0; retrieved 2026-10-04; https://www.regesta-imperii.de/id/1363-06-01_1_0_8_0_0_4328_3955"
ri:1364-02-00_1_0_8_0_0_4384_4008a,work,RI VIII n. 4008a,,Congress zum zwecke der aussöhnung mit Ungarn und Oesterreich.,available,1364,,medium,"dept: RI VIII; issuer: Karl IV.; place: Brunne; date range: 1364-02-01 to 1364-02-28 (year = first possible); source: Regesta Imperii, Akad. der Wissenschaften und der Literatur | Mainz, CC BY 4.0; retrieved 2026-10-04; https://www.regesta-imperii.de/id/1364-02-00_1_0_8_0_0_4384_4008a"
ri:1364-06-30_1_0_8_0_0_4438_4059,work,RI VIII n. 4059,,bittet den bürgermeister und rath der stadt Nürnberg ihre auf St. Martinstag fällige reichssteuer schon am nächsten St. Jakobstag zu zahlen. Originalregg. des baier. reichsarchivs. ‒ Der ausstellort ist Kuttenberg.,available,1364,,high,"dept: RI VIII; issuer: Karl IV.; place: uf den Kutten; date: 1364-06-30; source: Regesta Imperii, Akad. der Wissenschaften und der Literatur | Mainz, CC BY 4.0; retrieved 2026-10-04; https://www.regesta-imperii.de/id/1364-06-30_1_0_8_0_0_4438_4059"
ri:1364-12-30_3_0_8_0_0_4485_4106,work,RI VIII n. 4106,,"und Wenzel könig von Böhmen schliessen mit dem erzbischofe Cuno von Trier einen vertrag, durch den sie sich verpflichten, sich gegenseitig ihre festen in ihren ländern zu öffnen. Compterendu l. c. 5,77 extr. Wurth-Paquet l. c. extr.",available,1364,,high,"dept: RI VIII; issuer: Karl IV.; place: Prag; date: 1364-12-30; source: Regesta Imperii, Akad. der Wissenschaften und der Literatur | Mainz, CC BY 4.0; retrieved 2026-10-04; https://www.regesta-imperii.de/id/1364-12-30_3_0_8_0_0_4485_4106"
ri:1365-04-30_3_0_8_0_0_4538_4154,work,RI VIII n. 4154,,"gibt auf bitte des bischofs von Basel dem schultheiss, dem rath und den bürgern des mindern Basels (KleinBasel) die freiheit, dass sie bürger annehmen mögen wie die von Colmar, dass niemand sie anderswohin lade und beklage als vor ihren schultheiss und dass niemand von ihnen auf dem Rheine grundruhr nehme. Ochs l. c. extr. Heusler 358 extr. Gengler 1,155 extr.",available,1365,,high,"dept: RI VIII; issuer: Karl IV.; place: ....; date: 1365-04-30; source: Regesta Imperii, Akad. der Wissenschaften und der Literatur | Mainz, CC BY 4.0; retrieved 2026-10-04; https://www.regesta-imperii.de/id/1365-04-30_3_0_8_0_0_4538_4154"
ri:1365-07-18_1_0_8_0_0_4591_4196,work,RI VIII n. 4196,,bestätigt den von den geschwornen des landfriedens zwischen Maas und Rhein zwischen herzog Wenzel von Böhmen (Lützelburg) und Walrav von Falkenberg gemachten schiedspruch. Hermans Verzameling von Charters betrekklijk Ravestein s. 140 nach Stälin.,available,1365,,high,"dept: RI VIII; issuer: Karl IV.; place: Sels; date: 1365-07-18; source: Regesta Imperii, Akad. der Wissenschaften und der Literatur | Mainz, CC BY 4.0; retrieved 2026-10-04; https://www.regesta-imperii.de/id/1365-07-18_1_0_8_0_0_4591_4196"
ri:1365-12-31_1_0_8_0_0_4641_4246,work,RI VIII n. 4246,,"gebietet dem erzbischof Gerlach von Mainz, die sache der Frankfurter bürger, welche neuerdings gegen kaiser und reich, gegen gericht und stadt gröblich gethan haben, zu untersuchen und die schuldig befundenen an leib und gut zu büssen. Ibid. 700.",available,1365,,high,"dept: RI VIII; issuer: Karl IV.; place: Prag; date: 1365-12-31; source: Regesta Imperii, Akad. der Wissenschaften und der Literatur | Mainz, CC BY 4.0; retrieved 2026-10-04; https://www.regesta-imperii.de/id/1365-12-31_1_0_8_0_0_4641_4246"
ri:1366-04-26_1_0_8_0_0_7834_6340,work,RI VIII n. 6340,,"ladet den grafen Walram von Spanheim zur hochzeit seiner beiden töchter Katharina und Elisabeth ein. Lehmann Grafen von Spanheim 1,228. ‒ Bloss mit a. regn. 20 imp. 12.",available,1366,,high,"dept: RI VIII; issuer: Karl IV. Nachträge.; place: Prage; date: 1366-04-26; source: Regesta Imperii, Akad. der Wissenschaften und der Literatur | Mainz, CC BY 4.0; retrieved 2026-10-04; https://www.regesta-imperii.de/id/1366-04-26_1_0_8_0_0_7834_6340"
ri:1366-09-07_3_0_8_0_0_4754_4355,work,RI VIII n. 4355,,"gibt dem patriarchen Marquard von Aglei volle gewalt, den edeln vogt Ulrich von Matsch den iüngern, dem graf Heinrich von Werdenberg sein drittheil und alle seine rechte an der herrschaft und burg zu Kirchberg sammt zugehör verkauft und zu dessen gunsten dies ihm aufgesendet habe, damit zu belehnen, falls Ulrich nicht füglich zu ihm kommen könnte. P. Justinian Ladurner Die Vögte von Matsch in Zeit …",available,1366,,high,"dept: RI VIII; issuer: Karl IV.; place: Frankenfurt; date: 1366-09-07; source: Regesta Imperii, Akad. der Wissenschaften und der Literatur | Mainz, CC BY 4.0; retrieved 2026-10-04; https://www.regesta-imperii.de/id/1366-09-07_3_0_8_0_0_4754_4355"
ri:1366-10-27_1_0_8_0_0_4811_4411,work,RI VIII n. 4411,,"schreibt dem bürgermeister, dem rath und den bürgern gemeinlich der stadt Weil, dass er mit rath der fürsten, grafen und herrn den Wenzel herzog zu Lützelburg seinen bruder zu seinem und des reichs gemeinem vicar gemacht habe in deutschen und andern landen diesseits des lampartischen gebirgs, und gebietet ihnen, demselben in reichsangelegenheiten gehorsam zu sein. Lünig R. A. 14,588.",available,1366,,high,"dept: RI VIII; issuer: Karl IV.; place: Nurnberg; date: 1366-10-27; source: Regesta Imperii, Akad. der Wissenschaften und der Literatur | Mainz, CC BY 4.0; retrieved 2026-10-04; https://www.regesta-imperii.de/id/1366-10-27_1_0_8_0_0_4811_4411"
ri:1367-01-13_2_0_8_0_0_4875_4475,work,RI VIII n. 4475,,"erlaubt demselben das Dorf Menegebur zu befestigen und zu einer stadt zu machen mit gericht und wochenmarkt. Reg. Boica 9,167.",available,1367,,high,"dept: RI VIII; issuer: Karl IV.; place: Wirtzburg; date: 1367-01-13; source: Regesta Imperii, Akad. der Wissenschaften und der Literatur | Mainz, CC BY 4.0; retrieved 2026-10-04; https://www.regesta-imperii.de/id/1367-01-13_2_0_8_0_0_4875_4475"
ri:1367-06-18_1_0_8_0_0_4938_4536,work,RI VIII n. 4536,,"verleiht der stadt Reichenbach ein privileg. Schöttgen Inventar. 288 extr. aus Erläut. Voigtland 4,356 und Obischer Beschreibung v. Reichenbach 15.",available,1367,,high,"dept: RI VIII; issuer: Karl IV.; place: Mieleyn; date: 1367-06-18; source: Regesta Imperii, Akad. der Wissenschaften und der Literatur | Mainz, CC BY 4.0; retrieved 2026-10-04; https://www.regesta-imperii.de/id/1367-06-18_1_0_8_0_0_4938_4536"
ri:1368-01-19_1_0_8_0_0_4990_4584,work,RI VIII n. 4584,,"bestätigt die gewohnheiten und rechte der herrschaft Tumstauf und der bürger zu Regensburg gegeneinander hinsichtlich der gerichtsbarkeit. Ibid. 9,191. Gemeiner Regensb. Chron 2,152.",available,1368,,high,"dept: RI VIII; issuer: Karl IV.; place: Nürnberg; date: 1368-01-19; source: Regesta Imperii, Akad. der Wissenschaften und der Literatur | Mainz, CC BY 4.0; retrieved 2026-10-04; https://www.regesta-imperii.de/id/1368-01-19_1_0_8_0_0_4990_4584"
ri:1368-03-28_5_0_8_0_0_5045_4636,work,RI VIII n. 4636,,"nimmt ab auf klage der vor ihn gekommenen bürger von Nordhausen alle neuen zölle, geleite und mauthen, die neuerdings ihnen zum schaden durch etliche herrn und edle ohne des reichs wissen, wort und willen gemacht und gesetzt worden sind. Lünig 14,69. Lesser 224. Förstemann 28.",available,1368,,high,"dept: RI VIII; issuer: Karl IV.; place: Prag; date: 1368-03-28; source: Regesta Imperii, Akad. der Wissenschaften und der Literatur | Mainz, CC BY 4.0; retrieved 2026-10-04; https://www.regesta-imperii.de/id/1368-03-28_5_0_8_0_0_5045_4636"
ri:1368-07-29_1_0_8_0_0_5092_4670,work,RI VIII n. 4670,,"bestätigt dem Konrad von Brunsberg obersten meister in deutschen landen sant Johanns ordens von Jerusalem seinem heimlichen rathe die hergebrachten freiheiten, gnaden und handfesten des ordens. Originalregg. des baier. reichsarchivs.",available,1368,,high,"dept: RI VIII; issuer: Karl IV.; place: Mantue; date: 1368-07-29; source: Regesta Imperii, Akad. der Wissenschaften und der Literatur | Mainz, CC BY 4.0; retrieved 2026-10-04; https://www.regesta-imperii.de/id/1368-07-29_1_0_8_0_0_5092_4670"
ri:1369-00-00_1_0_8_0_0_7760_6268,work,RI VIII n. 6268,,"schreibt dem Galeaz Visconti von Mailand kaiserlichem generalvicar, beklagt sich über die undankbarkeit seines bruders Bernabò, der trotz der ihm vom kaiser erwiesenen wohlthaten gegen den von ihm unter vermittlung des kaisers mit der kirche geschlossenen frieden mit den rebellischen Perusinern bündnisse geschlossen, ihnen heimlich und öffentlich hilfe geleistet und ietzt die englische gesellschaf …",available,1369,,medium,"dept: RI VIII; issuer: Karl IV. Nachträge.; place: ....; date range: 1369-01-01 to 1369-12-31 (year = first possible); source: Regesta Imperii, Akad. der Wissenschaften und der Literatur | Mainz, CC BY 4.0; retrieved 2026-10-04; https://www.regesta-imperii.de/id/1369-00-00_1_0_8_0_0_7760_6268"
ri:1369-06-09_1_0_8_0_0_8806_7284,work,RI VIII n. 7284,,"befiehlt allen erzbischöfen, bischöfen, prälaten, pfarrern u. s. w., dann den capiteln und klöstern, weiter allen fürsten, grafen und allen weltlichen herren, allen städten u. s. w., die secte der Begharden und Beghinen, gewöhnlich (frei-) willige arme und conventschwestern genannt, und iene, welche bei gemeinsamen betteln »brod durch gott« sagen, als excomunicirte und durch ihn und das reich geäc …",available,1369,,high,"dept: RI VIII; issuer: Karl IV.; place: Luce; date: 1369-06-09; source: Regesta Imperii, Akad. der Wissenschaften und der Literatur | Mainz, CC BY 4.0; retrieved 2026-10-04; https://www.regesta-imperii.de/id/1369-06-09_1_0_8_0_0_8806_7284"
ri:1370-01-09_1_0_8_0_0_5252_4797,work,RI VIII n. 4797,,"beschränkt mit rath seiner getreuen zur aufmunterung des weinbaues in Böhmen in einer merkwürdigen verordnung das trinken ausländischer weine, welche hier näher bezeichnet werden. Pelzel UB. 2,236.",available,1370,,high,"dept: RI VIII; issuer: Karl IV.; place: Prage; date: 1370-01-09; source: Regesta Imperii, Akad. der Wissenschaften und der Literatur | Mainz, CC BY 4.0; retrieved 2026-10-04; https://www.regesta-imperii.de/id/1370-01-09_1_0_8_0_0_5252_4797"
ri:1370-06-22_1_0_8_0_0_5312_4852a,work,RI VIII n. 4852a,,Geburt des vierten (ietzt noch dritten) sohnes Johannes am samstag nach Veit. Beness 406.,available,1370,,high,"dept: RI VIII; issuer: Karl IV.; place: Prage; date: 1370-06-22; source: Regesta Imperii, Akad. der Wissenschaften und der Literatur | Mainz, CC BY 4.0; retrieved 2026-10-04; https://www.regesta-imperii.de/id/1370-06-22_1_0_8_0_0_5312_4852a"
ri:1370-10-18_1_0_8_0_0_5362_4900,work,RI VIII n. 4900,,"gebietet dem rath und den bürgern von Lüneburg, welche ihm auf seine frühere weisung (d. d. 1370 märz 8 und iun. 29) keine antwort gegeben haben, wiederholt, den herzog Rudolf von Sachsen, Wenzel dessen bruder und Albrecht ihren vetter als ihre erbherrn zu empfangen, indem er die lehen, herrschaft und herzogthum zu Luneburg niemanden zuerkenne als den genannten, und bittet um antwort. Orig. Guelf. …",available,1370,,high,"dept: RI VIII; issuer: Karl IV.; place: zu dem Karlsbade; date: 1370-10-18; source: Regesta Imperii, Akad. der Wissenschaften und der Literatur | Mainz, CC BY 4.0; retrieved 2026-10-04; https://www.regesta-imperii.de/id/1370-10-18_1_0_8_0_0_5362_4900"
ri:1371-04-10_1_0_8_0_0_7308_524,work,RI VIII n. 524,,"Albrecht, Rheinpfalzgraf, herzog in Baiern und ruwart der grafschaften Hennegau, Holland und Seeland und der herrlichkeit zu Friesland, kommt mit dem kaiser Karl überein, dass dieser seine tochter Anna dem herzoge Albrecht zu Baiern, seinem sohne zur ehelichen wirthin geben will und zwar wollen sie das vollführen bis pfingsten über acht iahre, mit der bestimmung, dass der kaiser seiner tochter 100 …",available,1371,,high,"dept: RI VIII; issuer: Reichssachen; place: Prage; date: 1371-04-10; source: Regesta Imperii, Akad. der Wissenschaften und der Literatur | Mainz, CC BY 4.0; retrieved 2026-10-04; https://www.regesta-imperii.de/id/1371-04-10_1_0_8_0_0_7308_524"
ri:1371-10-22_1_0_8_0_0_8857_7334,work,RI VIII n. 7334,,"schreibt seinem bruder Johann, markgrafen von Mähren, dass er ihm einst ganz Mähren mit ausnahme des bischofs von Olmütz und der herzoge von Troppau übertragen habe, und fordert ihn daher auf, seine rechte allen lehen und lehensträgern gegenüber geltend zu machen und namentlich den edeln Heinrich von Lipa, marschall von Böhmen, zu ermahnen, dass er alle vasallen, die er in Mähren habe, von ihm, ma …",available,1371,,high,"dept: RI VIII; issuer: Karl IV.; place: Pirnis; date: 1371-10-22; source: Regesta Imperii, Akad. der Wissenschaften und der Literatur | Mainz, CC BY 4.0; retrieved 2026-10-04; https://www.regesta-imperii.de/id/1371-10-22_1_0_8_0_0_8857_7334"
ri:1372-04-25_2_0_8_0_0_8868_7345,work,RI VIII n. 7345,,"gebietet allen behörden im Elsass und besonders in Colmar, das Johanniterhaus in Colmar vor allen beschwerungen mit steuern, abgaben, schatzungen u. s. w. zu schirmen. p. d. de Koldicz Nicol. Camer. prep. R. Joh. Saxo. Weech in Zeitschr. f. Gesch. d. Oberrheins N. F. 1,350 extr.",available,1372,,high,"dept: RI VIII; issuer: Karl IV.; place: Elpogen; date: 1372-04-25; source: Regesta Imperii, Akad. der Wissenschaften und der Literatur | Mainz, CC BY 4.0; retrieved 2026-10-04; https://www.regesta-imperii.de/id/1372-04-25_2_0_8_0_0_8868_7345"
ri:1372-07-06_1_0_8_0_0_7349_559,work,RI VIII n. 559,,"Wenzel und Albrecht herzoge von Sachsen und Lüneburg einer- und Magnus herzog zu Braunschweig und Lüneburg andererseits schliessen einen vertrag um die herrschaft zu Lüneburg, schlösser, städte, land und leute, wie sie herzog Wilhelm hinterliess, mit näheren bestimmungen namentlich dass beide theile den kaiser bitten sollen, ihnen, am liebsten in Magdeburg oder Halle, einen tag zu bestimmen, allen …",available,1372,,high,"dept: RI VIII; issuer: Reichssachen; place: Luneburg; date: 1372-07-06; source: Regesta Imperii, Akad. der Wissenschaften und der Literatur | Mainz, CC BY 4.0; retrieved 2026-10-04; https://www.regesta-imperii.de/id/1372-07-06_1_0_8_0_0_7349_559"
ri:1372-10-24_1_0_8_0_0_8889_7366,work,RI VIII n. 7366,,"befreit alle leute des grafen Rudolf von Habsburg, herrn zu Laufenburg, in der herrschaft und grafschaft zu Rheinau und in der grafschaft im Klettgau von allen gerichten ausser dem kaiserlichen hofgerichte. p. d. Argentin. epum Nicol. Camer. prep. R. Joh. Lust. Or. im generallandesarchiv zu Karlsruhe. Weech in Zeitschrift für Gesch. des Oberrheins N. F. 1,352 extr.",available,1372,,high,"dept: RI VIII; issuer: Karl IV.; place: Prag; date: 1372-10-24; source: Regesta Imperii, Akad. der Wissenschaften und der Literatur | Mainz, CC BY 4.0; retrieved 2026-10-04; https://www.regesta-imperii.de/id/1372-10-24_1_0_8_0_0_8889_7366"
ri:1373-05-15_1_0_8_0_0_8904_7381,work,RI VIII n. 7381,,"befiehlt der stadt Ulm, die ihm auf den heutigen tag schuldigen 18000 gulden der stadt Nürnberg zu zahlen. ad mand. dni imp. Nicol. Camer. prep. R. Nic. de Praga. Or. im staatsarchiv zu Stuttgart (mit sontags als man singet Cantate).",available,1373,,high,"dept: RI VIII; issuer: Karl IV.; place: Mulberg; date: 1373-05-15; source: Regesta Imperii, Akad. der Wissenschaften und der Literatur | Mainz, CC BY 4.0; retrieved 2026-10-04; https://www.regesta-imperii.de/id/1373-05-15_1_0_8_0_0_8904_7381"
ri:1373-09-10_1_0_8_0_0_5740_5255,work,RI VIII n. 5255,,"verspricht gemeinschaftlich mit seinem sohne Wenzel den städten Stendal, Salzwedel der alten und der neuen stadt und andern genannten städten in der Altmark Brandenburg, wäre es, dass ihnen einige briefe vergangen wären, dass er und seine erben ihnen die erneuen und wiedergeben solle; auch wolle er nicht gestatten, dass sie von seinen amtleuten in einiger weise geirret, gekränkt und gehindert werd …",available,1373,,high,"dept: RI VIII; issuer: Karl IV.; place: Stendal; date: 1373-09-10; source: Regesta Imperii, Akad. der Wissenschaften und der Literatur | Mainz, CC BY 4.0; retrieved 2026-10-04; https://www.regesta-imperii.de/id/1373-09-10_1_0_8_0_0_5740_5255"
ri:1373-12-13_9_0_8_0_0_5801_5315,work,RI VIII n. 5315,,"urkundet bezüglich der demselben verpfändeten reichsdörfer Sawensheim, Hernsheim, Uffenheim u. s. w. Ebendas. 455 extr. Vgl. Reg. Heinrichs VII. nr. 310.",available,1373,,high,"dept: RI VIII; issuer: Karl IV.; place: Prag; date: 1373-12-13; source: Regesta Imperii, Akad. der Wissenschaften und der Literatur | Mainz, CC BY 4.0; retrieved 2026-10-04; https://www.regesta-imperii.de/id/1373-12-13_9_0_8_0_0_5801_5315"
ri:1374-09-15_1_0_8_0_0_8923_7400,work,RI VIII n. 7400,,"gestattet dem Borso von Riesenburg bei seiner feste Borsengrün die neugründung einer stadt mit eigener gerichtsbarkeit und einem wochenmarkt am dienstage und erlaubt ihm die befestigung der genannten feste. Weber Böhmens Burgen 6,269.",available,1374,,high,"dept: RI VIII; issuer: Karl IV.; place: ....; date: 1374-09-15; source: Regesta Imperii, Akad. der Wissenschaften und der Literatur | Mainz, CC BY 4.0; retrieved 2026-10-04; https://www.regesta-imperii.de/id/1374-09-15_1_0_8_0_0_8923_7400"
ri:1374-12-08_2_0_8_0_0_7392_600,work,RI VIII n. 600,,"Graf Eberhard von Wirtenberg verspricht dem kaiser Karl und dessen sohne Wenzel, wenn dieser bei lebzeiten des kaisers oder nach dessen tode von den sieben kurfürsten oder deren mehrern theil zum römischen könige gewählt würde, ihn für solchen zu halten, die lehen von ihm zu empfangen und ihm zum reiche beholfen zu sein. Reichstags-Akten 1,64.",available,1374,,high,"dept: RI VIII; issuer: Reichssachen; place: Nurenberg; date: 1374-12-08; source: Regesta Imperii, Akad. der Wissenschaften und der Literatur | Mainz, CC BY 4.0; retrieved 2026-10-04; https://www.regesta-imperii.de/id/1374-12-08_2_0_8_0_0_7392_600"
ri:1375-07-11_1_0_8_0_0_5985_5490,work,RI VIII n. 5490,,"verleiht dem magister Franciscus Gellarini für die ihm geleisteten dienste, indem er mit seiner familie von Florenz weggezogen und in Prag sich niedergelassen, eine pension von iährlich 150 goldgulden von der durch die stadt Florenz zu zahlenden iahressteuer. Aus dem arch. delle Riformagioni in Florenz nach dem repert.",available,1375,,high,"dept: RI VIII; issuer: Karl IV.; place: ....; date: 1375-07-11; source: Regesta Imperii, Akad. der Wissenschaften und der Literatur | Mainz, CC BY 4.0; retrieved 2026-10-04; https://www.regesta-imperii.de/id/1375-07-11_1_0_8_0_0_5985_5490"
ri:1376-03-30_1_0_8_0_0_6052_5551,work,RI VIII n. 5551,,"schreibt dem pabste Gregor XI., dass die ietzt in Nürnberg wegen der wahl und krönung seines erstgebornen Wenzel versammelten kurfürsten sich geeinigt hätten, dass sie die wahl um pfingsten in Frankfurt vollziehen werden und dass dann ohne längern verzug die krönung in Achen vorgenommen werden solle; was seine beabsichtigte reise zum pabste betrifft, die er ihm früher durch Thomas erwählten von Ni …",available,1376,,high,"dept: RI VIII; issuer: Karl IV.; place: Nuremberg; date: 1376-03-30; source: Regesta Imperii, Akad. der Wissenschaften und der Literatur | Mainz, CC BY 4.0; retrieved 2026-10-04; https://www.regesta-imperii.de/id/1376-03-30_1_0_8_0_0_6052_5551"
ri:1376-06-12_4_0_8_0_0_6114_5607,work,RI VIII n. 5607,,gelobt dasselbe dem erzbischof Friedrich von Cöln. Ebendas. extr.,available,1376,,high,"dept: RI VIII; issuer: Karl IV.; place: Frankenfurt uff dem Meyn; date: 1376-06-12; source: Regesta Imperii, Akad. der Wissenschaften und der Literatur | Mainz, CC BY 4.0; retrieved 2026-10-04; https://www.regesta-imperii.de/id/1376-06-12_4_0_8_0_0_6114_5607"
ri:1376-08-28_1_0_8_0_0_6182_5671,work,RI VIII n. 5671,,"vereinigt sich mit dem bischofe Gerhard von Wirzburg dahin, dass die bürger von Bernheim die hohe strasse von Eymesheim bis Bernheim ungehindert fahren können und nicht mehr verpflichtet sein sollen, die gegen Iphoven gehende strasse zu fahren. Reg. Boica 9,357.",available,1376,,high,"dept: RI VIII; issuer: Karl IV.; place: Nurenberg; date: 1376-08-28; source: Regesta Imperii, Akad. der Wissenschaften und der Literatur | Mainz, CC BY 4.0; retrieved 2026-10-04; https://www.regesta-imperii.de/id/1376-08-28_1_0_8_0_0_6182_5671"
ri:1377-01-01_1_0_8_0_0_8972_7449,work,RI VIII n. 7449,,"gibt auf bitten des edeln Potho von Czastolowitz, hauptmanns zu Lausitz und Glatz, von den diesem auf die anfälle des königreiches Böhmen verschriebenen 200 schock groschen 60 schock, die ihm als könige von Böhmen durch den tod Hansens von Panewitz im weichbilde zu Glatz ledig geworden sind, dem Friedrich von Circhau. De mand. dni imp. Nic. Camer. prep. R. Wilhelm. Kortelangen. Cod. Moraviae 11,51 …",available,1377,,high,"dept: RI VIII; issuer: Karl IV.; place: Prage; date: 1377-01-01; source: Regesta Imperii, Akad. der Wissenschaften und der Literatur | Mainz, CC BY 4.0; retrieved 2026-10-04; https://www.regesta-imperii.de/id/1377-01-01_1_0_8_0_0_8972_7449"
ri:1377-08-00_1_0_8_0_0_6315_5793,work,RI VIII n. 5793,,"(‒) bestätigt als könig von Böhmen die dotirung eines altars im dorfe Döbbern Meissner bisthums durch Walter von Kökritz. Worbs Inventar. dipl. Lusatiae infer. 1,195 extr. aus abschrift ohne angabe des tages.",available,1377,,medium,"dept: RI VIII; issuer: Karl IV.; place: für der Dobir; date range: 1377-08-01 to 1377-08-31 (year = first possible); source: Regesta Imperii, Akad. der Wissenschaften und der Literatur | Mainz, CC BY 4.0; retrieved 2026-10-04; https://www.regesta-imperii.de/id/1377-08-00_1_0_8_0_0_6315_5793"
ri:1377-12-08_3_0_8_0_0_6381_5854,work,RI VIII n. 5854,,"beglaubigt bei der stadt Strassburg den edeln Ulrich von Vinstingen. Aus or. im stadtarchiv zu Strassburg durch Weizsäcker. ‒ Ohne iahresangaben aber mit der kanzleibezeichnung: De mandato dni imperatoris Nicolaus Cameric. prepositus, also nicht vor 1370 fallend.",available,1377,,high,"dept: RI VIII; issuer: Karl IV.; place: Achen; date: 1377-12-08; source: Regesta Imperii, Akad. der Wissenschaften und der Literatur | Mainz, CC BY 4.0; retrieved 2026-10-04; https://www.regesta-imperii.de/id/1377-12-08_3_0_8_0_0_6381_5854"
ri:1378-05-18_1_0_8_0_0_6438_5905,work,RI VIII n. 5905,,"bestätigt dem Cisterzienserkloster Buch in Meissen die eingerückten privilegien seiner reichsvorfahren Friedrichs II. von 1231 dec. und 1245 märz und Heinrichs (VII.) von 1234 iul. 10. Z.: Die erzbischöfe Ludwig v. Mainz und Johann v. Prag, die bischöfe Albert v. Leitomischl und Johann v. Meissen; die herzoge Friedrich v. Braunschweig, Johann v. Görlitz, Heinrich v. Brieg, Heinrich der ältere, Hei …",available,1378,,high,"dept: RI VIII; issuer: Karl IV.; place: Prage; date: 1378-05-18; source: Regesta Imperii, Akad. der Wissenschaften und der Literatur | Mainz, CC BY 4.0; retrieved 2026-10-04; https://www.regesta-imperii.de/id/1378-05-18_1_0_8_0_0_6438_5905"
ri:1410-00-00_1_0_11_1_0_14_13a,work,"RI XI,1 n. 13a",,"Sept. 20 wird in Frankfurt durch EB. Werner v. Trier, Pfalzgr. Ludwig von der Pfalz u. dem von ihm zur Führung der Brandenburgischen Kurstimme bevollmächtigten Burggrafen Friedrich VI von Nürnberg zum römischen König gewählt. Vgl. RTA. 7, 41 ff., sowie die modernen Darstellungen von A. Kaufmann, Die Wahl Kg. Sigmunds: Mitteil. d. Ver. f. Gesch. der Deutschen in Böhmen Bd. 17 (auch Diss. Göttingen …",available,1410,,medium,"dept: RI XI; issuer: Sigmund; date range: 1410-01-01 to 1410-12-31 (year = first possible); source: Regesta Imperii, Akad. der Wissenschaften und der Literatur | Mainz, CC BY 4.0; retrieved 2026-10-04; https://www.regesta-imperii.de/id/1410-00-00_1_0_11_1_0_14_13a"
ri:1411-08-26_1_0_11_1_0_88_76,work,"RI XI,1 n. 76",,"überträgt dem B. Raban v. Speier, da derselbe sein volles Vertrauen besitzt, auf dessen Lebenszeit die Besetzung der beiden kgl. Präbenden der Speierer Kirche, bestimmt aber, dass die erste freiwerdende dem Magister Heinrich v. Hessen (Baccalaureus der heiligen Schrift) übertragen werden soll. Per d. Frid. burggrav. Nurnberg. Joh. Kirchen. ─ R",available,1411,,high,"dept: RI XI; issuer: Sigmund; place: Wissegrad; date: 1411-08-26; source: Regesta Imperii, Akad. der Wissenschaften und der Literatur | Mainz, CC BY 4.0; retrieved 2026-10-04; https://www.regesta-imperii.de/id/1411-08-26_1_0_11_1_0_88_76"
ri:1412-01-08_1_0_11_1_0_174_157,work,"RI XI,1 n. 157",,"bittet den Kg. Erich v. Dänemark, welcher auf frühere Briefe entgegenkommend geantwortet, nochmals dem Deutschorden gegen Kg. Wladislaw v. Polen zu Hilfe zu kommen. KU?",available,1412,,high,"dept: RI XI; issuer: Sigmund; place: Ofen; date: 1412-01-08; source: Regesta Imperii, Akad. der Wissenschaften und der Literatur | Mainz, CC BY 4.0; retrieved 2026-10-04; https://www.regesta-imperii.de/id/1412-01-08_1_0_11_1_0_174_157"
ri:1412-05-23_7_0_11_1_0_264_239,work,"RI XI,1 n. 239",,"verleiht Hieronymus u. Michael Miari (Miliari), den Söhnen des einstigen Kastellan v. Montagnana Bartholomäus M., dem Johann Antonius M. u. den Söhnen des Kastellan v. Lasisium (bei Verona) Wilhelm (Doyono) Doglioni in Belluno das Recht der Repressalien gegen Venedig. Ad m. d. r. Joh. prep. s. Stephani. [RR. E 26v].",available,1412,,high,"dept: RI XI; issuer: Sigmund; place: Ofen; date: 1412-05-23; source: Regesta Imperii, Akad. der Wissenschaften und der Literatur | Mainz, CC BY 4.0; retrieved 2026-10-04; https://www.regesta-imperii.de/id/1412-05-23_7_0_11_1_0_264_239"
ri:1412-09-04_3_0_11_1_0_354_327,work,"RI XI,1 n. 327",,"verleiht aus dem gleichen Grunde den Edlen Johannes Germanus Zanonus Franciscus u. Jacobus Castiglioni die Feste Brescello (Bresellum, am Po, Diözese Parma), die zur Zeit im Besitze der Venetianer ist, als Mannlehen. ─ W. v.",available,1412,,high,"dept: RI XI; issuer: Sigmund; place: Ofen; date: 1412-09-04; source: Regesta Imperii, Akad. der Wissenschaften und der Literatur | Mainz, CC BY 4.0; retrieved 2026-10-04; https://www.regesta-imperii.de/id/1412-09-04_3_0_11_1_0_354_327"
ri:1413-00-00_1_0_11_1_0_825_775a,work,"RI XI,1 n. 775a",,Okt. 31 Tesserete: giebt Reichslehen an Gerung v. Lenxingen u. Heinrich v. Ringgenberg.,available,1413,,medium,"dept: RI XI; issuer: Sigmund; date range: 1413-01-01 to 1413-12-31 (year = first possible); source: Regesta Imperii, Akad. der Wissenschaften und der Literatur | Mainz, CC BY 4.0; retrieved 2026-10-04; https://www.regesta-imperii.de/id/1413-00-00_1_0_11_1_0_825_775a"
ri:1413-04-03_1_0_11_1_0_470_455,work,"RI XI,1 n. 455",,"fordert das Schloss Capriolo auf, dem zu seinem Befehlshaber ernannten Reichsvikar v. Mantua Johann Franciscus de Gonzaga gehorsam zu sein. Ad m. d. r. Joh. Kirchen",available,1413,,high,"dept: RI XI; issuer: Sigmund; place: Udine; date: 1413-04-03; source: Regesta Imperii, Akad. der Wissenschaften und der Literatur | Mainz, CC BY 4.0; retrieved 2026-10-04; https://www.regesta-imperii.de/id/1413-04-03_1_0_11_1_0_470_455"
ri:1413-06-29_1_0_11_1_0_564_547,work,"RI XI,1 n. 547",,"verleiht den Brüdern Erculus u. Busardus de Camino, Gr. zu Ceneda, das Schloss Costa [di Rovigo] u. giebt ihnen die Besitzungen (Schloss Fregona) wieder, welche ihr Vater Gerhard besass, als der Krieg zw. Kg. Ludwig v. Ungarn u. den Venetianern ausbrach. Ad m. d. r. Jo. prep. s. Stephani.",available,1413,,high,"dept: RI XI; issuer: Sigmund; place: Trient; date: 1413-06-29; source: Regesta Imperii, Akad. der Wissenschaften und der Literatur | Mainz, CC BY 4.0; retrieved 2026-10-04; https://www.regesta-imperii.de/id/1413-06-29_1_0_11_1_0_564_547"
ri:1413-08-22_2_0_11_1_0_674_640,work,"RI XI,1 n. 640",,bestätigt dem Ritter Merck v. Schellenberg u. den Rittern Tolzer u. Max v. Sch. gen. v. Kissleg (Kiseleke) ihre Reichspfandschaften: die Mühlen bei Leutkirch u. die Hofgüter (Kelnhöfe) bei Lindau [vgl. nr. 628]. Ad m. d. r. Joh. Kirchen. ─ R,available,1413,,high,"dept: RI XI; issuer: Sigmund; place: Chur; date: 1413-08-22; source: Regesta Imperii, Akad. der Wissenschaften und der Literatur | Mainz, CC BY 4.0; retrieved 2026-10-04; https://www.regesta-imperii.de/id/1413-08-22_2_0_11_1_0_674_640"
ri:1413-09-16_2_0_11_1_0_783_740,work,"RI XI,1 n. 740",,bestätigt dem Kl. St. Lucius in Chur alle Privilegien. [KU. w. v. ─ R?],available,1413,,high,"dept: RI XI; issuer: Sigmund; place: Chur; date: 1413-09-16; source: Regesta Imperii, Akad. der Wissenschaften und der Literatur | Mainz, CC BY 4.0; retrieved 2026-10-04; https://www.regesta-imperii.de/id/1413-09-16_2_0_11_1_0_783_740"
ri:1413-12-07_1_0_11_1_0_881_829,work,"RI XI,1 n. 829",,ernennt Sigmund Leonroder zu seinem Kaplan. ─ W. v.(7. decb.),available,1413,,high,"dept: RI XI; issuer: Sigmund; place: Lodi; date: 1413-12-07; source: Regesta Imperii, Akad. der Wissenschaften und der Literatur | Mainz, CC BY 4.0; retrieved 2026-10-04; https://www.regesta-imperii.de/id/1413-12-07_1_0_11_1_0_881_829"
ri:1414-01-13_2_0_11_1_0_921_867,work,"RI XI,1 n. 867",,"ernennt Marcus Vergerius, B. v. Noli, Bürger zu Savona, zum familiaris u. erteilt ihm Geleit. Ad m. d. r. Joh. Kirchen.",available,1414,,high,"dept: RI XI; issuer: Sigmund; place: Cremona; date: 1414-01-13; source: Regesta Imperii, Akad. der Wissenschaften und der Literatur | Mainz, CC BY 4.0; retrieved 2026-10-04; https://www.regesta-imperii.de/id/1414-01-13_2_0_11_1_0_921_867"
ri:1414-02-21_5_0_11_1_0_1010_951,work,"RI XI,1 n. 951",,belehnt den Johannes de Scottis mit dem Schlosse Agazzano u. gestattet ihm daselbst einen Wochenmarkt zu halten. ─ W. v.,available,1414,,high,"dept: RI XI; issuer: Sigmund; place: Piacenza; date: 1414-02-21; source: Regesta Imperii, Akad. der Wissenschaften und der Literatur | Mainz, CC BY 4.0; retrieved 2026-10-04; https://www.regesta-imperii.de/id/1414-02-21_5_0_11_1_0_1010_951"
ri:1414-07-15_12_0_11_1_0_1111_1036,work,"RI XI,1 n. 1036",,"belehnt den Hug v. Kienheim (Kunhim) dessen Neffen Volmar u. Vetter Volmar v. K. in Gemeinschaft mit einem Viertel des Zehnten im Banne zu Bossendorf, 30 Vierteln Roggengelds auf der S. Georg-Mühle zu Hagenau u. mit dem »satz« u. der »lehnunge« dieser Mahle. KU?",available,1414,,high,"dept: RI XI; issuer: Sigmund; place: Strassburg; date: 1414-07-15; source: Regesta Imperii, Akad. der Wissenschaften und der Literatur | Mainz, CC BY 4.0; retrieved 2026-10-04; https://www.regesta-imperii.de/id/1414-07-15_12_0_11_1_0_1111_1036"
ri:1414-08-03_1_0_11_1_0_1203_1119,work,"RI XI,1 n. 1119",,"bestätigt den Wormser Juden, welche v. den Erben der Leute, denen einst die Steuer der Wormser Juden verschrieben ist, hart bedrängt werden, die Privilegien K. Karls IV, Wenzels u. Ruprechts im allgemeinen, u. schärft besonders ein, dass die Wormser Juden nur vor dem dortigen Stadtgericht (u. nicht vor fremden Landgerichten) zu Recht stehen brauchen; zu ihrem Schützer bestellt er den Gr. Philipp v …",available,1414,,high,"dept: RI XI; issuer: Sigmund; place: Worms; date: 1414-08-03; source: Regesta Imperii, Akad. der Wissenschaften und der Literatur | Mainz, CC BY 4.0; retrieved 2026-10-04; https://www.regesta-imperii.de/id/1414-08-03_1_0_11_1_0_1203_1119"
ri:1414-09-13_9_0_11_1_0_1285_1192,work,"RI XI,1 n. 1192",,desgl. den Gr. v. Wertheim.,available,1414,,high,"dept: RI XI; issuer: Sigmund; place: Heidelberg; date: 1414-09-13; source: Regesta Imperii, Akad. der Wissenschaften und der Literatur | Mainz, CC BY 4.0; retrieved 2026-10-04; https://www.regesta-imperii.de/id/1414-09-13_9_0_11_1_0_1285_1192"
ri:1414-11-08_11_0_11_1_0_1403_1289,work,"RI XI,1 n. 1289",,bestätigt dem Hrz. Reinhard zu Jülich u. Geldern alle Privilegien u. Pfandschaften. [Ad m. d. r. Michel de Priest canon. Wratisl. ─ R],available,1414,,high,"dept: RI XI; issuer: Sigmund; place: Aachen; date: 1414-11-08; source: Regesta Imperii, Akad. der Wissenschaften und der Literatur | Mainz, CC BY 4.0; retrieved 2026-10-04; https://www.regesta-imperii.de/id/1414-11-08_11_0_11_1_0_1403_1289"
ri:1414-12-17_3_0_11_1_0_1498_1373,work,"RI XI,1 n. 1373",,"belehnt denselben mit diesen beiden Tornosen, mit den Strassen durch seine Grafschaft u. der Münze. ─ W. v.",available,1414,,high,"dept: RI XI; issuer: Sigmund; place: Mainz; date: 1414-12-17; source: Regesta Imperii, Akad. der Wissenschaften und der Literatur | Mainz, CC BY 4.0; retrieved 2026-10-04; https://www.regesta-imperii.de/id/1414-12-17_3_0_11_1_0_1498_1373"
ri:1415-01-09_3_0_11_1_0_1518_1384,work,"RI XI,1 n. 1384",,bestätigt dem Benedictiner-Kl. zu Füssen (Faucens.; Augsb. Diöz.; Abt Iwan) die Privilegien. KU?,available,1415,,high,"dept: RI XI; issuer: Sigmund; place: Konstanz; date: 1415-01-09; source: Regesta Imperii, Akad. der Wissenschaften und der Literatur | Mainz, CC BY 4.0; retrieved 2026-10-04; https://www.regesta-imperii.de/id/1415-01-09_3_0_11_1_0_1518_1384"
ri:1415-02-16_1_0_11_1_0_1594_1447,work,"RI XI,1 n. 1447",,nimmt Oswald v. Wolkenstein zu seinem Diener u. Hofgesinde an mit einem Jahrgehalt von 300 ungar. Gulden. Ad relacionem d. Friderici burggravii Nurenberg. Mich. de Priest can. Vratisl. ─ [R],available,1415,,high,"dept: RI XI; issuer: Sigmund; place: Konstanz; date: 1415-02-16; source: Regesta Imperii, Akad. der Wissenschaften und der Literatur | Mainz, CC BY 4.0; retrieved 2026-10-04; https://www.regesta-imperii.de/id/1415-02-16_1_0_11_1_0_1594_1447"
ri:1415-03-27_5_0_11_1_0_1695_1529,work,"RI XI,1 n. 1529",,"verleiht dem Johann Kirchheim (Kirchen), der ihm 3000 rheinische Gulden geliehen, die (Martini fällige) Stadtsteuer v. Reutlingen im Betrage v. 400 Gulden (vgl. 1415 April 1) bis zur Einlösung mit dem Recht, diese Steuer weiter zu verkaufen u. s. w. [KU?]",available,1415,,high,"dept: RI XI; issuer: Sigmund; place: Konstanz; date: 1415-03-27; source: Regesta Imperii, Akad. der Wissenschaften und der Literatur | Mainz, CC BY 4.0; retrieved 2026-10-04; https://www.regesta-imperii.de/id/1415-03-27_5_0_11_1_0_1695_1529"
ri:1415-04-16_1_0_11_1_0_1799_1622,work,"RI XI,1 n. 1622",,"leiht dem Bürgermeister v. Zürich das Freiamt im Zürichgau, das er dem Hrz. Friedrich v. Österreich abgenommen, mit dem Bann als Reichslehen. [Ad m. d. r. Michael canon. Wrat. ─ R]",available,1415,,high,"dept: RI XI; issuer: Sigmund; place: Konstanz; date: 1415-04-16; source: Regesta Imperii, Akad. der Wissenschaften und der Literatur | Mainz, CC BY 4.0; retrieved 2026-10-04; https://www.regesta-imperii.de/id/1415-04-16_1_0_11_1_0_1799_1622"
ri:1415-05-25_3_0_11_1_0_1902_1710,work,"RI XI,1 n. 1710",,bestätigt dem Ritter Eberhart im Turn die ihm v. Hrz. Friedrich v. Österreich verliehene Pfandschaft des Schlosses Hauenstein (Howe-) u. des Schwarzwaldes sowie demselben u. den Bewohnern des Schwarzwaldes alle Privilegien. Michael.,available,1415,,high,"dept: RI XI; issuer: Sigmund; place: Konstanz; date: 1415-05-25; source: Regesta Imperii, Akad. der Wissenschaften und der Literatur | Mainz, CC BY 4.0; retrieved 2026-10-04; https://www.regesta-imperii.de/id/1415-05-25_3_0_11_1_0_1902_1710"
ri:1415-07-00_1_0_11_1_0_2101_1882,work,"RI XI,1 n. 1882",,"erinnert Wilhelm u. Friedrich Landgr. zu Thüringen u. Mrkgr. zu Meissen daran, dass sie »etwie fil unsers vaterlichen anfalles, des zu der cron v. Behem gehoret »innehaben;« er habe bisher dazu geschwiegen, da er gehört, dass einer v. ihnen zu ihm kommen wolle; »wann aber ewr herkomen gewant ist u. wir nue in dem namen gotes fur uns zu dem kunig v. Arragun reiten, dorumb wer das iemand der unsern …",available,1415,,medium,"dept: RI XI; issuer: Sigmund; place: s. l.; date range: 1415-07-01 to 1415-07-31 (year = first possible); source: Regesta Imperii, Akad. der Wissenschaften und der Literatur | Mainz, CC BY 4.0; retrieved 2026-10-04; https://www.regesta-imperii.de/id/1415-07-00_1_0_11_1_0_2101_1882"
ri:1415-10-05_2_0_11_1_0_2135_1896,work,"RI XI,1 n. 1896",,"desgl. dem Heinrich, dem Nepoten des Kg. v. Castilien. ─ W. v.",available,1415,,high,"dept: RI XI; issuer: Sigmund; place: Perpignan; date: 1415-10-05; source: Regesta Imperii, Akad. der Wissenschaften und der Literatur | Mainz, CC BY 4.0; retrieved 2026-10-04; https://www.regesta-imperii.de/id/1415-10-05_2_0_11_1_0_2135_1896"
ri:1416-05-25_1_0_11_1_0_2219_1957b,work,"RI XI,1 n. 1957b",,kehrt hierher (vgl. nr. 1955c ) wieder zurück: ib.,available,1416,,high,"dept: RI XI; issuer: Sigmund; place: Westminster; date: 1416-05-25; source: Regesta Imperii, Akad. der Wissenschaften und der Literatur | Mainz, CC BY 4.0; retrieved 2026-10-04; https://www.regesta-imperii.de/id/1416-05-25_1_0_11_1_0_2219_1957b"
ri:1417-00-00_1_0_11_1_0_2447_2130a,work,"RI XI,1 n. 2130a",,"März 20: der Reichshofgerichtsschreiber Pet. Wacker ladet auf Klage der St. Erfurt Herman Hemmel, Bürger zu Treysa vor das Hofgericht; desgl. den Eckart Czan, Burger zu Treysa; desgl. den Eckart Sand, Bürger zu Treysa.",available,1417,,medium,"dept: RI XI; issuer: Sigmund; place: Konstanz; date range: 1417-01-01 to 1417-12-31 (year = first possible); source: Regesta Imperii, Akad. der Wissenschaften und der Literatur | Mainz, CC BY 4.0; retrieved 2026-10-04; https://www.regesta-imperii.de/id/1417-00-00_1_0_11_1_0_2447_2130a"
ri:1417-02-09_3_0_11_1_0_2362_2055,work,"RI XI,1 n. 2055",,lädt ein zum Reichstag auf April 11 nach Konstanz u. fordert die Säumigen zum Empfang der Regalien bis Mai 30 auf. Ad m. d. r. Joh. Kirchen. ─ [o. R] an Strassburg Basel Hagenau Kolmar Schlettstadt.,available,1417,,high,"dept: RI XI; issuer: Sigmund; place: Konstanz; date: 1417-02-09; source: Regesta Imperii, Akad. der Wissenschaften und der Literatur | Mainz, CC BY 4.0; retrieved 2026-10-04; https://www.regesta-imperii.de/id/1417-02-09_3_0_11_1_0_2362_2055"
ri:1417-03-24_1_0_11_1_0_2459_2142,work,"RI XI,1 n. 2142",,"bestätigt dem Cistercienser-Kl. Lützel die inser. Urk. Karls IV v. 1370 Febr. 8 [Böhmer-Huber nr. 4820, dieser Druck dort unbekannt], worin es in des Reiches Schutz genommen wird u. das Privilegium de non evocando erhält. KU?",available,1417,,high,"dept: RI XI; issuer: Sigmund; place: Konstanz; date: 1417-03-24; source: Regesta Imperii, Akad. der Wissenschaften und der Literatur | Mainz, CC BY 4.0; retrieved 2026-10-04; https://www.regesta-imperii.de/id/1417-03-24_1_0_11_1_0_2459_2142"
ri:1417-04-30_5_0_11_1_0_2561_2233,work,"RI XI,1 n. 2233",,"erneuert die Privilegien K. Karls IV u. Kg. Ruprechts, wonach die Unterthanen des Speierer Stifts (B. Raban) nicht vor fremde Gerichte, auch nicht vor das Reichshofgericht u. das Hofgericht zu Rottweil gezogen werden können. KU. w. v.",available,1417,,high,"dept: RI XI; issuer: Sigmund; place: Konstanz; date: 1417-04-30; source: Regesta Imperii, Akad. der Wissenschaften und der Literatur | Mainz, CC BY 4.0; retrieved 2026-10-04; https://www.regesta-imperii.de/id/1417-04-30_5_0_11_1_0_2561_2233"
ri:1417-05-19_1_0_11_1_0_2654_2321,work,"RI XI,1 n. 2321",,"giebt dem Deutschordens-Komthur zu Elbing, Heinrich Holt, den er in seinen u. des Reiches ernstlichen Geschäften absendet, Geleit. Ad m. d. r. Joh. Kirchen. ─ o. R",available,1417,,high,"dept: RI XI; issuer: Sigmund; place: Konstanz; date: 1417-05-19; source: Regesta Imperii, Akad. der Wissenschaften und der Literatur | Mainz, CC BY 4.0; retrieved 2026-10-04; https://www.regesta-imperii.de/id/1417-05-19_1_0_11_1_0_2654_2321"
ri:1417-06-23_4_0_11_1_0_2753_2411,work,"RI XI,1 n. 2411",,desgl. der St. Gmünd (jährliche Stadtsteuer 270 Pfund Heller). KU. w. v. ─ R,available,1417,,high,"dept: RI XI; issuer: Sigmund; place: Konstanz; date: 1417-06-23; source: Regesta Imperii, Akad. der Wissenschaften und der Literatur | Mainz, CC BY 4.0; retrieved 2026-10-04; https://www.regesta-imperii.de/id/1417-06-23_4_0_11_1_0_2753_2411"
ri:1417-07-31_1_0_11_1_0_2848_2494,work,"RI XI,1 n. 2494",,"an die BB. Albrecht zu Bamberg, Johann zu Würzburg, Johann zu Eichstädt, Pfalzgr. Johann, die Landgr. zu Thüringen u. Herren zu Meissen Wilhelm u. Friedrich, Burggr. Johann v. Nürnberg, sowie an die Stände in Franken u. Baiern: verlängert den Landfrieden [v. 1414 Sept. 30] v. Nov. 11 ab auf weitere 3 Jahre. Ad m. d. r. Joh. Kirchen. ─ R",available,1417,,high,"dept: RI XI; issuer: Sigmund; place: Konstanz; date: 1417-07-31; source: Regesta Imperii, Akad. der Wissenschaften und der Literatur | Mainz, CC BY 4.0; retrieved 2026-10-04; https://www.regesta-imperii.de/id/1417-07-31_1_0_11_1_0_2848_2494"
ri:1417-09-28_3_0_11_1_0_2945_2579,work,"RI XI,1 n. 2579",,"teilt Oswald v. Wolkenstein mit, dass er mit seinem Heere am 24. Okt. in Feldkirch zu sein beabsichtige. KU?",available,1417,,high,"dept: RI XI; issuer: Sigmund; place: Konstanz; date: 1417-09-28; source: Regesta Imperii, Akad. der Wissenschaften und der Literatur | Mainz, CC BY 4.0; retrieved 2026-10-04; https://www.regesta-imperii.de/id/1417-09-28_3_0_11_1_0_2945_2579"
ri:1417-11-07_1_0_11_1_0_3043_2664,work,"RI XI,1 n. 2664",,"verbietet jedermann den Zutritt zum Kaufhaus in Konstanz, so lange in demselben das Konklave abgehalten wird, sowie auch Annäherung eines Schiffes bis auf die Weite eines Armbrustschusses u. fordert zu. strengster Ruhe in den nächstgelegenen Gassen auf. KU?",available,1417,,high,"dept: RI XI; issuer: Sigmund; place: Konstanz; date: 1417-11-07; source: Regesta Imperii, Akad. der Wissenschaften und der Literatur | Mainz, CC BY 4.0; retrieved 2026-10-04; https://www.regesta-imperii.de/id/1417-11-07_1_0_11_1_0_3043_2664"
ri:1417-12-17_1_0_11_1_0_3133_2746,work,"RI XI,1 n. 2746",,"bezeugt, dass Gr. Hans v. Lupfen, Landgr. v. Stühlingen, auf sein durch Joh. Kirchen vermitteltes Geheiss 2381 rhein. Gulden, um Söldner damit zu bestellen, u. zw. 1000 Gulden an den Pr. v. Weissenburg, 700 an Hans v. Heideck, 681 an einen andern Kaufmann ausgezahlt habe. [Per d. L. de Ottingen et G. de Swarczburg comites Joh. Kirchen; bezw. in RR.: Per d. L. d. Ö. mag. cur. et G. de S. jud. cur. …",available,1417,,high,"dept: RI XI; issuer: Sigmund; place: Konstanz; date: 1417-12-17; source: Regesta Imperii, Akad. der Wissenschaften und der Literatur | Mainz, CC BY 4.0; retrieved 2026-10-04; https://www.regesta-imperii.de/id/1417-12-17_1_0_11_1_0_3133_2746"
ri:1418-01-00_1_0_11_1_0_3162_2771b,work,"RI XI,1 n. 2771b",,"veranlasst den P. Martin V die Bulle, durch welche er die Ehe Johanns IV v. Burgund mit Jakobäa v. Baiern erlaubt hatte [1417 Dez. 22], wieder aufzuheben [1418 Jan. 5]; doch ohne damit den gewünschten Erfolg zu erzielen: Dynter, Chronica duc. Lotharingiae 3, 357; Windecke 140 f.",available,1418,,medium,"dept: RI XI; issuer: Sigmund; place: Konstanz; date range: 1418-01-01 to 1418-01-31 (year = first possible); source: Regesta Imperii, Akad. der Wissenschaften und der Literatur | Mainz, CC BY 4.0; retrieved 2026-10-04; https://www.regesta-imperii.de/id/1418-01-00_1_0_11_1_0_3162_2771b"
ri:1418-01-29_1_0_11_2_0_6643_12272h,work,"RI XI,2 n. 12272h",,"nr. 2860. ─ Rechtsquell. d. Kant. Aargau 1. Teil hrsg. v. W. Merz (1898), 74.",available,1418,,high,"dept: RI XI; issuer: Sigmund; place: Konstanz; date: 1418-01-29; source: Regesta Imperii, Akad. der Wissenschaften und der Literatur | Mainz, CC BY 4.0; retrieved 2026-10-04; https://www.regesta-imperii.de/id/1418-01-29_1_0_11_2_0_6643_12272h"
ri:1418-02-23_24_0_11_1_0_3364_2956,work,"RI XI,1 n. 2956",,desgl. auf Klage des Baseler Bürgers Hans Wyler über Hiltpolt Frawemberger.,available,1418,,high,"dept: RI XI; issuer: Sigmund; place: Konstanz; date: 1418-02-23; source: Regesta Imperii, Akad. der Wissenschaften und der Literatur | Mainz, CC BY 4.0; retrieved 2026-10-04; https://www.regesta-imperii.de/id/1418-02-23_24_0_11_1_0_3364_2956"
ri:1418-03-12_1_0_11_1_0_3454_3041,work,"RI XI,1 n. 3041",,giebt dem Karthäuser-Kl. Christgarten (Augsburger Diözese) Zollfreiheit im ganzen Reiche. Per d. Frider. march. Brandemb. P. de Tost. ─ R,available,1418,,high,"dept: RI XI; issuer: Sigmund; place: Konstanz; date: 1418-03-12; source: Regesta Imperii, Akad. der Wissenschaften und der Literatur | Mainz, CC BY 4.0; retrieved 2026-10-04; https://www.regesta-imperii.de/id/1418-03-12_1_0_11_1_0_3454_3041"
ri:1418-05-00_1_0_11_1_0_3668_3232,work,"RI XI,1 n. 3232",,"schreibt dem Kapitel zu Rheinfelden, dass v. den beiden Personen, denen er erste Bitten auf das Kapitel kürzlich verliehen hat, Walter Treger aus Basel älteren Anspruch habe als Ulrich Swabe v. Rheinfelden. KU. w. v.",available,1418,,medium,"dept: RI XI; issuer: Sigmund; place: ?; date range: 1418-05-01 to 1418-05-31 (year = first possible); source: Regesta Imperii, Akad. der Wissenschaften und der Literatur | Mainz, CC BY 4.0; retrieved 2026-10-04; https://www.regesta-imperii.de/id/1418-05-00_1_0_11_1_0_3668_3232"
ri:1418-05-14_7_0_11_1_0_3609_3178,work,"RI XI,1 n. 3178",,"Diese Liste wurde aber später kassiert u. durch folgende neue ib. 32v ersetzt: »Dise nachgeschriben schulde sol der hochgeborn Bernhart marggrafe zu Baden bezalen v. unsern kung Sigmunds wegen: Item aber dem v. Luppfen 300 Rinisch gulden: hat er ußgeben in zerung cösten u. fur alle pferd u. schuld, als er den doctor die andern pfaffen u. notarien in die bistum v. des zehenden wegen schicket. NB. J …",available,1418,,high,"dept: RI XI; issuer: Sigmund; place: [Konstanz]; date: 1418-05-14; source: Regesta Imperii, Akad. der Wissenschaften und der Literatur | Mainz, CC BY 4.0; retrieved 2026-10-04; https://www.regesta-imperii.de/id/1418-05-14_7_0_11_1_0_3609_3178"
ri:1418-07-04_2_0_11_1_0_3759_3312,work,"RI XI,1 n. 3312",,belehnt die Brüder Bernhart u. Diebolt Goßmar sowie ihren Vetter Gosse Goßmar mit Lehen u. Renten zu Oberehnheim. Per d. B. march. de Baden Paul. de Tost.,available,1418,,high,"dept: RI XI; issuer: Sigmund; place: Strassburg; date: 1418-07-04; source: Regesta Imperii, Akad. der Wissenschaften und der Literatur | Mainz, CC BY 4.0; retrieved 2026-10-04; https://www.regesta-imperii.de/id/1418-07-04_2_0_11_1_0_3759_3312"
ri:1418-08-08_1_0_11_1_0_3858_3406,work,"RI XI,1 n. 3406",,"ersucht die St. Strassburg Gold in seine Münze zu Frankfurt u. Nördlingen zu schicken, woselbst Jakob Broglin u. Fois v. der Winterbach Goldgulden, die schwerer sind als die von den Kurfürsten geprägten, schlagen sollen. Ad m. d. r. Paulus de Tost ─ o. R",available,1418,,high,"dept: RI XI; issuer: Sigmund; place: Baden [sic!] (zu des marggrafen Baden); date: 1418-08-08; source: Regesta Imperii, Akad. der Wissenschaften und der Literatur | Mainz, CC BY 4.0; retrieved 2026-10-04; https://www.regesta-imperii.de/id/1418-08-08_1_0_11_1_0_3858_3406"
ri:1418-09-19_10_0_11_1_0_3959_3499,work,"RI XI,1 n. 3499",,"desgl. auf Klage des Hermann Swarte über Alhard v. dem Busch u. Hermann v. dem Huse,",available,1418,,high,"dept: RI XI; issuer: Sigmund; place: Ulm; date: 1418-09-19; source: Regesta Imperii, Akad. der Wissenschaften und der Literatur | Mainz, CC BY 4.0; retrieved 2026-10-04; https://www.regesta-imperii.de/id/1418-09-19_10_0_11_1_0_3959_3499"
ri:1418-09-26_1_0_11_1_0_4044_3583,work,"RI XI,1 n. 3583",,"erklärt nach seiner Aussöhnung mit Hrz. Friedrich v. Österreich, dass er dem Gr. Hans v. Lupfen seinem Hofrichter eine Abschrift v. dem Vertrage zwischen ihm (dem Kg.) u. dem Hrz. zukommen lassen werde. [Per d. G. ep. Patav. canc. P. de Tost]",available,1418,,high,"dept: RI XI; issuer: Sigmund; place: Öttingen; date: 1418-09-26; source: Regesta Imperii, Akad. der Wissenschaften und der Literatur | Mainz, CC BY 4.0; retrieved 2026-10-04; https://www.regesta-imperii.de/id/1418-09-26_1_0_11_1_0_4044_3583"
ri:1418-11-00_1_0_11_1_0_4184_3712,work,"RI XI,1 n. 3712",,"weist die Kollektoren des Salzburger Zehnten Konrad Munchweiler u. Heinrich v. Blumberg an, an Haupt Marschall v. Pappenheim 100 rhein. Gulden zu zahlen. Gerse",available,1418,,medium,"dept: RI XI; issuer: Sigmund; place: ?; date range: 1418-11-01 to 1418-11-30 (year = first possible); source: Regesta Imperii, Akad. der Wissenschaften und der Literatur | Mainz, CC BY 4.0; retrieved 2026-10-04; https://www.regesta-imperii.de/id/1418-11-00_1_0_11_1_0_4184_3712"
ri:1419-01-00_2_0_11_1_0_4242_3763,work,"RI XI,1 n. 3763",,desgl. dem Wenzel Somerfelt 100 ung. Gulden. KU?,available,1419,,medium,"dept: RI XI; issuer: Sigmund; place: ?; date range: 1419-01-01 to 1419-01-31 (year = first possible); source: Regesta Imperii, Akad. der Wissenschaften und der Literatur | Mainz, CC BY 4.0; retrieved 2026-10-04; https://www.regesta-imperii.de/id/1419-01-00_2_0_11_1_0_4242_3763"
ri:1419-04-27_1_0_11_1_0_4339_3854,work,"RI XI,1 n. 3854",,"giebt dem Gr. Hans v. Lupfen das Recht in der ganzen Herrschaft Hohenack, in Landsberg, in seinen Schlössern, Gerichten u. Gebieten Steuern v. den Leuten zu erheben, welche daselbst Besitzungen haben, aber Unterthanen anderer Herren sind. [Paulus]",available,1419,,high,"dept: RI XI; issuer: Sigmund; place: Wissegrad (Blindenbg.); date: 1419-04-27; source: Regesta Imperii, Akad. der Wissenschaften und der Literatur | Mainz, CC BY 4.0; retrieved 2026-10-04; https://www.regesta-imperii.de/id/1419-04-27_1_0_11_1_0_4339_3854"
ri:1419-12-29_7_0_11_1_0_4439_3943,work,"RI XI,1 n. 3943",,"befiehlt der St. Frankfurt die Silbermünzen, die er der St. Mainz zu prägen erlaubt hat, als Währung gelten zu lassen. KU. w. v.",available,1419,,high,"dept: RI XI; issuer: Sigmund; place: Brünn; date: 1419-12-29; source: Regesta Imperii, Akad. der Wissenschaften und der Literatur | Mainz, CC BY 4.0; retrieved 2026-10-04; https://www.regesta-imperii.de/id/1419-12-29_7_0_11_1_0_4439_3943"
ri:1420-01-25_2_0_11_1_0_4491_3983,work,"RI XI,1 n. 3983",,bestätigt dem Frauenkloster zu St. Claren in Breslau alle Besitzungen u. Privilegien. Per d. G. episc. Patav. cancell. Michael de Priest ─ R,available,1420,,high,"dept: RI XI; issuer: Sigmund; place: Breslau; date: 1420-01-25; source: Regesta Imperii, Akad. der Wissenschaften und der Literatur | Mainz, CC BY 4.0; retrieved 2026-10-04; https://www.regesta-imperii.de/id/1420-01-25_2_0_11_1_0_4491_3983"
ri:1420-03-21_2_0_11_1_0_4597_4079,work,"RI XI,1 n. 4079",,bestätigt die bereits v. Gr. Amadeus v. Savoyen im J. 1411 vollzogene Legitimation des Humbertus Lanfridi aus der Diözese Grénoble. KU. w. v.,available,1420,,high,"dept: RI XI; issuer: Sigmund; place: Breslau; date: 1420-03-21; source: Regesta Imperii, Akad. der Wissenschaften und der Literatur | Mainz, CC BY 4.0; retrieved 2026-10-04; https://www.regesta-imperii.de/id/1420-03-21_2_0_11_1_0_4597_4079"
ri:1420-07-20_1_0_11_1_0_4702_4170,work,"RI XI,1 n. 4170",,"erneuert dem Hrz. Heinrich d. j. v. Glogau (Rumpolt) u. dessen Bruder Heinrich d. ä. die Urk. Kg. Wenzels (Datum?) für ihre Mutter Katharina v. Freistadt, dahin lautend, dass beiden Brüdern v. den Abgaben der Städte Olmütz, Brünn, Znaim, Iglau u. a. bis zur Tilgung einer Forderung v. 3150 Schock Prager Groschen jährlich 300 Schock bezahlt werden sollen. KU. w. v. ─ R. Henr. Fije.",available,1420,,high,"dept: RI XI; issuer: Sigmund; place: Prag (Burg); date: 1420-07-20; source: Regesta Imperii, Akad. der Wissenschaften und der Literatur | Mainz, CC BY 4.0; retrieved 2026-10-04; https://www.regesta-imperii.de/id/1420-07-20_1_0_11_1_0_4702_4170"
ri:1420-08-31_2_0_11_1_0_4799_4262,work,"RI XI,1 n. 4262",,erteilt den Brüdern Albrecht u. Heinrich v. Dubé u. ihrem Vetter Johann die Burgen Kostenblatt [Kostenblut] u. Howerswerd [Hoyerswerda] gemeinschaftlich zu Lehen. KU?,available,1420,,high,"dept: RI XI; issuer: Sigmund; place: Časlau; date: 1420-08-31; source: Regesta Imperii, Akad. der Wissenschaften und der Literatur | Mainz, CC BY 4.0; retrieved 2026-10-04; https://www.regesta-imperii.de/id/1420-08-31_2_0_11_1_0_4799_4262"
ri:1420-12-04_1_0_11_1_0_4889_4348,work,"RI XI,1 n. 4348",,"schreibt den Söhnen Yaněks von Brzkovic Ulrich, Jaroslaus, Johann, Heinrich u. Benedikt zur früheren Pfandsumme [nr. 4132] der Burg Novy Hrad neuerdings 255 Schock 20 Groschen zu",available,1420,,high,"dept: RI XI; issuer: Sigmund; place: Kuttenberg; date: 1420-12-04; source: Regesta Imperii, Akad. der Wissenschaften und der Literatur | Mainz, CC BY 4.0; retrieved 2026-10-04; https://www.regesta-imperii.de/id/1420-12-04_1_0_11_1_0_4889_4348"
ri:1421-01-06_6_0_11_1_0_4971_4422,work,"RI XI,1 n. 4422",,"entsagt aller v. ihm bis dahin gemachten Ansprüche an die Juden in den Landen des Mkgr. Wilhelm v. Meissen, Landgr. in Thüringen, da sie ihm den dritten Pfennig bezahlt haben. Ad m. d. r. Franc. prep. Bolesl. ─ R. Henr. Fye",available,1421,,high,"dept: RI XI; issuer: Sigmund; place: Leitmeritz; date: 1421-01-06; source: Regesta Imperii, Akad. der Wissenschaften und der Literatur | Mainz, CC BY 4.0; retrieved 2026-10-04; https://www.regesta-imperii.de/id/1421-01-06_6_0_11_1_0_4971_4422"
ri:1421-04-29_1_0_11_1_0_5083_4524,work,"RI XI,1 n. 4524",,giebt Johann Gausar aus Strassburg ein Wappen. Rex. Michael,available,1421,,high,"dept: RI XI; issuer: Sigmund; place: Trenčin; date: 1421-04-29; source: Regesta Imperii, Akad. der Wissenschaften und der Literatur | Mainz, CC BY 4.0; retrieved 2026-10-04; https://www.regesta-imperii.de/id/1421-04-29_1_0_11_1_0_5083_4524"
ri:1421-09-30_2_0_11_1_0_5179_4616,work,"RI XI,1 n. 4616",,desgl. den Karl Spinola. ─ W. v.,available,1421,,high,"dept: RI XI; issuer: Sigmund; place: Pressburg; date: 1421-09-30; source: Regesta Imperii, Akad. der Wissenschaften und der Literatur | Mainz, CC BY 4.0; retrieved 2026-10-04; https://www.regesta-imperii.de/id/1421-09-30_2_0_11_1_0_5179_4616"
ri:1422-00-00_1_0_11_1_0_5669_5079a,work,"RI XI,1 n. 5079a",,"Aug. 28 Nürnberg: entscheidet den Streit zwischen der Stadt u. dem Klerus zu Speier. Christ. Lehmann, Chronik d. St. Speyer (1612) 894 ─ s. nr. 5013.",available,1422,,medium,"dept: RI XI; issuer: Sigmund; date range: 1422-01-01 to 1422-12-31 (year = first possible); source: Regesta Imperii, Akad. der Wissenschaften und der Literatur | Mainz, CC BY 4.0; retrieved 2026-10-04; https://www.regesta-imperii.de/id/1422-00-00_1_0_11_1_0_5669_5079a"
ri:1422-03-07_12_0_11_1_0_5321_4749,work,"RI XI,1 n. 4749",,"befiehlt der St. Kenzingen im Breisgau dem Konrad v. Weinsberg zu huldigen, da sie demselben wegen seiner Geldforderungen v. den Hrzz. Friedrich u. Ernst v. Österreich abgetreten sei. D. canc. Franc.",available,1422,,high,"dept: RI XI; issuer: Sigmund; place: Skalitz; date: 1422-03-07; source: Regesta Imperii, Akad. der Wissenschaften und der Literatur | Mainz, CC BY 4.0; retrieved 2026-10-04; https://www.regesta-imperii.de/id/1422-03-07_12_0_11_1_0_5321_4749"
ri:1422-03-23_1_0_11_1_0_5402_4835,work,"RI XI,1 n. 4835",,"ermächtigt den Henmann Offenburg das Mülhausener Schultheissenamt für denselben Preis, um den es ihm verpfändet ist, weiter zu verpfänden; die Mülhausener sollen dem etwaigen neuen Pfandinhaber ohne Widerspruch Eid u. Huldigung leisten; dieser bezw. Offenburg soll auch nicht verpflichtet sein, in Mülhausen zu leben, sondern einen Vertreter einsetzen zu dürfen. KU. w. v. ─ R. Henr. Fye",available,1422,,high,"dept: RI XI; issuer: Sigmund; place: Nikolsburg; date: 1422-03-23; source: Regesta Imperii, Akad. der Wissenschaften und der Literatur | Mainz, CC BY 4.0; retrieved 2026-10-04; https://www.regesta-imperii.de/id/1422-03-23_1_0_11_1_0_5402_4835"
ri:1422-08-00_14_0_11_1_0_5873_5277,work,"RI XI,1 n. 5277",,"belehnt eine Anzahl Leute, ohne denselben eine Urkunde zu geben (,sine littera; nota: non habent litteras desuper‘) [vgl. auch nr. 4894 ff.], nämlich: Fritz Hack auf dem Brand (vom Prant) mit 3 Morgen Acker zu Klein-Geschaidt.",available,1422,,medium,"dept: RI XI; issuer: Sigmund; place: Nürnberg; date range: 1422-08-01 to 1422-09-30 (year = first possible); source: Regesta Imperii, Akad. der Wissenschaften und der Literatur | Mainz, CC BY 4.0; retrieved 2026-10-04; https://www.regesta-imperii.de/id/1422-08-00_14_0_11_1_0_5873_5277"
ri:1422-08-15_6_0_11_1_0_5567_4985,work,"RI XI,1 n. 4985",,desgl. die Reichssteuer pro 1424. ─ W. v.,available,1422,,high,"dept: RI XI; issuer: Sigmund; place: Nürnberg; date: 1422-08-15; source: Regesta Imperii, Akad. der Wissenschaften und der Literatur | Mainz, CC BY 4.0; retrieved 2026-10-04; https://www.regesta-imperii.de/id/1422-08-15_6_0_11_1_0_5567_4985"
ri:1422-08-30_2_0_11_1_0_5676_5086,work,"RI XI,1 n. 5086",,"verschreibt dem Haupt v. Pappenheim, der ihm während des Konstanzer Konzils treu und „alle wege uf sin selbs cöste“ gedient, aber sein Jahrgeld nicht erhalten u. noch 3945 Gulden an Hans Truchsess v. Waldburg u. 550 Gulden an die St. Augsburg für ihn bezahlt hat, die (am Niklas-Tage fällige) Reichssteuer (400 Pfund Heller) u. das Ammanamtgeld (60 Pfund Heller) der St. Donauwörth u. giebt ihm freie …",available,1422,,high,"dept: RI XI; issuer: Sigmund; place: Nürnberg; date: 1422-08-30; source: Regesta Imperii, Akad. der Wissenschaften und der Literatur | Mainz, CC BY 4.0; retrieved 2026-10-04; https://www.regesta-imperii.de/id/1422-08-30_2_0_11_1_0_5676_5086"
ri:1422-09-10_18_0_11_1_0_5785_5192,work,"RI XI,1 n. 5192",,desgl. dem Landgr. Friedrich v. Thüringen. ─ W. v.,available,1422,,high,"dept: RI XI; issuer: Sigmund; place: Nürnberg; date: 1422-09-10; source: Regesta Imperii, Akad. der Wissenschaften und der Literatur | Mainz, CC BY 4.0; retrieved 2026-10-04; https://www.regesta-imperii.de/id/1422-09-10_18_0_11_1_0_5785_5192"
ri:1422-10-03_4_0_11_1_0_5914_5314,work,"RI XI,1 n. 5314",,"bevollmächtigt den Pfalzgrafen Johann [v. Neumarkt], der v. den Juden in ‚etlichen‘ Reichsstädten die schuldigen Abgaben u. eine Geldsteuer zu erheben hat zur Bestreitung der Kosten des bevorstehenden täglichen Kriegs mit den Böhmen [vgl. nr. 4973], gegen die Widerspenstigen mit Gewalt vorzugehen. Rex. Franciscus.",available,1422,,high,"dept: RI XI; issuer: Sigmund; place: Regensburg; date: 1422-10-03; source: Regesta Imperii, Akad. der Wissenschaften und der Literatur | Mainz, CC BY 4.0; retrieved 2026-10-04; https://www.regesta-imperii.de/id/1422-10-03_4_0_11_1_0_5914_5314"
ri:1422-11-27_2_0_11_1_0_6018_5407,work,"RI XI,1 n. 5407",,"verschreibt dem Sigmund v. Wartenberg u. Tetschen 2000 Schock Groschen auf dem Kammerzins v. Leitmeritz u. auf Kalich, Panna u. Pitschkowitz. KU?",available,1422,,high,"dept: RI XI; issuer: Sigmund; place: Pressburg; date: 1422-11-27; source: Regesta Imperii, Akad. der Wissenschaften und der Literatur | Mainz, CC BY 4.0; retrieved 2026-10-04; https://www.regesta-imperii.de/id/1422-11-27_2_0_11_1_0_6018_5407"
ri:1423-01-14_1_0_11_1_0_6073_5454,work,"RI XI,1 n. 5454",,"teilt dem Hrz. Adolf v. Berg mit, dass auf Veranlassung des Mkgr. Friedrich v. Brandenburg die Reichsacht über die Städte Lüttich, Huy, St. Trond, Hasselt, Tongern u. Maastricht verhängt sei [vgl. die Aberachtserkl. v. 1425 Jan. 29]. Petr. Wacker ─ o. R",available,1423,,high,"dept: RI XI; issuer: Sigmund; place: Minczümberg am ungar. Gemercke; date: 1423-01-14; source: Regesta Imperii, Akad. der Wissenschaften und der Literatur | Mainz, CC BY 4.0; retrieved 2026-10-04; https://www.regesta-imperii.de/id/1423-01-14_1_0_11_1_0_6073_5454"
ri:1423-05-06_1_0_11_1_0_6175_5544,work,"RI XI,1 n. 5544",,"befreit die St. Hamburg aus der Reichs-Acht u. Aberacht [vgl. nr. 5190 u. 5540], in die sie gekommen, weil sie sich wegen Anmassung eines Mühlengerichts (Reichslehen; Vertreter des Reichs der Erbkämmerer Konrad v. Weinsberg) nicht vor dem Hofgericht verantwortet. [Ad m. d. r. Mich. prepos. Bolesl. ─ R. Henr. Fye]",available,1423,,high,"dept: RI XI; issuer: Sigmund; place: Kaschau; date: 1423-05-06; source: Regesta Imperii, Akad. der Wissenschaften und der Literatur | Mainz, CC BY 4.0; retrieved 2026-10-04; https://www.regesta-imperii.de/id/1423-05-06_1_0_11_1_0_6175_5544"
ri:1423-10-18_1_0_11_1_0_6298_5656,work,"RI XI,1 n. 5656",,"beglaubigt bei Strassburg, Basel, Colmar, Schlettstadt, Freiburg, Breisach u. den anderen Reichsstädten im Elsass u. Breisgau seine Räte Albrecht v. Hohenlohe u. Konrad v. Weinsberg, um wegen ihrer Fehde mit Mkgr. Bernhard v. Baden zu intervenieren. [Ad m. d. r. Franc. prepos. Strigon.]",available,1423,,high,"dept: RI XI; issuer: Sigmund; place: Ofen; date: 1423-10-18; source: Regesta Imperii, Akad. der Wissenschaften und der Literatur | Mainz, CC BY 4.0; retrieved 2026-10-04; https://www.regesta-imperii.de/id/1423-10-18_1_0_11_1_0_6298_5656"
ri:1424-01-08_2_0_11_1_0_6381_5730,work,"RI XI,1 n. 5730",,"legitimiert Johann, den Sohn des Johann Tilmann v. Looz (Los); Diöz. Lüttich. Canc. Mich.",available,1424,,high,"dept: RI XI; issuer: Sigmund; place: Ofen; date: 1424-01-08; source: Regesta Imperii, Akad. der Wissenschaften und der Literatur | Mainz, CC BY 4.0; retrieved 2026-10-04; https://www.regesta-imperii.de/id/1424-01-08_2_0_11_1_0_6381_5730"
ri:1424-02-25_3_0_11_1_0_6477_5823,work,"RI XI,1 n. 5823",,"verleiht seinem Hofschreiber u. Protonotar Peter Wacker, der ihm seit seiner Wahl zum römischen König in Ungarn, Friaul, der Lombardei, bei der Krönung in Aachen, auf dem Konstanzer Konzil, in Aragonien, Frankreich, England u. wider die Hussen zu Böhmen, sowie im ganzen Reiche so treulich gedient, die Anwartschaft auf die Lehen (zu Rödelheim, Sachsenhausen, Frankfurt, an der Nidda) des Rudolf v. S …",available,1424,,high,"dept: RI XI; issuer: Sigmund; place: Ofen; date: 1424-02-25; source: Regesta Imperii, Akad. der Wissenschaften und der Literatur | Mainz, CC BY 4.0; retrieved 2026-10-04; https://www.regesta-imperii.de/id/1424-02-25_3_0_11_1_0_6477_5823"
ri:1424-07-11_3_0_11_1_0_6571_5902,work,"RI XI,1 n. 5902",,"schreibt der St. Feldkirch, sie wüsste wohl, dass er sie zum Reich genommen u. um ihres Schutes u. Schirmes willen dem Gr. Friedrich v. Toggenburg verpfändet habe, was die dem Grafen eingehändigten Briefe auswiesen; befiehlt daher dem Grafen als seinem Statthalter zu schwören; die Stadt soll auch bei seiner u. des Reichs Ungnade nichts mit Hrz. Friedrich v. Österreich zu schaffen haben; der Graf v …",available,1424,,high,"dept: RI XI; issuer: Sigmund; place: Ofen; date: 1424-07-11; source: Regesta Imperii, Akad. der Wissenschaften und der Literatur | Mainz, CC BY 4.0; retrieved 2026-10-04; https://www.regesta-imperii.de/id/1424-07-11_3_0_11_1_0_6571_5902"
ri:1424-09-29_2_0_11_1_0_6670_5994,work,"RI XI,1 n. 5994",,entlässt auf Bitten des Hermann Wallud [vgl. nr. 5880] die Stadt Stade aus des Reiches Acht u. Aberacht. [o. KU! ─ o. R],available,1424,,high,"dept: RI XI; issuer: Sigmund; place: Totis; date: 1424-09-29; source: Regesta Imperii, Akad. der Wissenschaften und der Literatur | Mainz, CC BY 4.0; retrieved 2026-10-04; https://www.regesta-imperii.de/id/1424-09-29_2_0_11_1_0_6670_5994"
ri:1425-01-18_14_0_11_2_0_40_6068,work,"RI XI,2 n. 6068",,"belehnt Hartmann Ehinger, Junghans Vesrer u. Wilhelm Rat als Lehensträger der Frau des Georg Rat mit einem Drittel einer Mühle zu Ulm. ─ W. v.",available,1425,,high,"dept: RI XI; issuer: Sigmund; place: Wien; date: 1425-01-18; source: Regesta Imperii, Akad. der Wissenschaften und der Literatur | Mainz, CC BY 4.0; retrieved 2026-10-04; https://www.regesta-imperii.de/id/1425-01-18_14_0_11_2_0_40_6068"
ri:1425-02-12_1_0_11_2_0_126_6150,work,"RI XI,2 n. 6150",,erteilt dem B. Dietrich v. Dorpat (Tarbacensis) die Belehnung. Ad m. d. r. Franciscus.,available,1425,,high,"dept: RI XI; issuer: Sigmund; place: Ödenburg; date: 1425-02-12; source: Regesta Imperii, Akad. der Wissenschaften und der Literatur | Mainz, CC BY 4.0; retrieved 2026-10-04; https://www.regesta-imperii.de/id/1425-02-12_1_0_11_2_0_126_6150"
ri:1425-03-26_2_0_11_2_0_222_6245,work,"RI XI,2 n. 6245",,"ermahnt den Papst Martin V. das Konzil, wie zu Konstanz u. Siena beschlossen sei, nach Basel zu berufen. KU?",available,1425,,high,"dept: RI XI; issuer: Sigmund; place: Totis; date: 1425-03-26; source: Regesta Imperii, Akad. der Wissenschaften und der Literatur | Mainz, CC BY 4.0; retrieved 2026-10-04; https://www.regesta-imperii.de/id/1425-03-26_2_0_11_2_0_222_6245"
ri:1425-06-28_7_0_11_2_0_320_6338,work,"RI XI,2 n. 6338",,verbietet allgemein die Fischergenossenschaft des Genfer Sees durch Abgaben zu belästigen u. überträgt deren Schutz dem Hrz. Amadeus v. Savoyen. Rex. Mich.,available,1425,,high,"dept: RI XI; issuer: Sigmund; place: Blindenburg = Wissegrad; date: 1425-06-28; source: Regesta Imperii, Akad. der Wissenschaften und der Literatur | Mainz, CC BY 4.0; retrieved 2026-10-04; https://www.regesta-imperii.de/id/1425-06-28_7_0_11_2_0_320_6338"
ri:1425-09-23_2_0_11_2_0_418_6429,work,"RI XI,2 n. 6429",,desgl. Johannes de Melanensibus... ─ W. v.,available,1425,,high,"dept: RI XI; issuer: Sigmund; place: Pressburg; date: 1425-09-23; source: Regesta Imperii, Akad. der Wissenschaften und der Literatur | Mainz, CC BY 4.0; retrieved 2026-10-04; https://www.regesta-imperii.de/id/1425-09-23_2_0_11_2_0_418_6429"
ri:1426-03-04_2_0_11_2_0_500_6504,work,"RI XI,2 n. 6504",,desgl. die Reichssteuer pro 1427. ─ W. v.,available,1426,,high,"dept: RI XI; issuer: Sigmund; place: Wien; date: 1426-03-04; source: Regesta Imperii, Akad. der Wissenschaften und der Literatur | Mainz, CC BY 4.0; retrieved 2026-10-04; https://www.regesta-imperii.de/id/1426-03-04_2_0_11_2_0_500_6504"
ri:1426-03-22_8_0_11_2_0_595_6596,work,"RI XI,2 n. 6596",,nimmt den päpstlichen Kaplan u. Auditor Dr. Joh. Stalerman unter seine Familiares auf. KU?,available,1426,,high,"dept: RI XI; issuer: Sigmund; place: Wien; date: 1426-03-22; source: Regesta Imperii, Akad. der Wissenschaften und der Literatur | Mainz, CC BY 4.0; retrieved 2026-10-04; https://www.regesta-imperii.de/id/1426-03-22_8_0_11_2_0_595_6596"
ri:1426-07-19_3_0_11_2_0_697_6690,work,"RI XI,2 n. 6690",,"bestimmt, dass die Bürger der Fürstentümer Schweidnitz u. Jauer, welche Güter auf dem Lande haben, von den Mannen nicht zu Abgaben herangezogen werden sollen, da sie bereits in den Städten ihre Güter versteuern. KU. w. R. w. v.",available,1426,,high,"dept: RI XI; issuer: Sigmund; place: Blindenburg (Wissegrad); date: 1426-07-19; source: Regesta Imperii, Akad. der Wissenschaften und der Literatur | Mainz, CC BY 4.0; retrieved 2026-10-04; https://www.regesta-imperii.de/id/1426-07-19_3_0_11_2_0_697_6690"
ri:1426-10-18_2_0_11_2_0_792_6783,work,"RI XI,2 n. 6783",,desgl. der St. Köln. KU. w. v.,available,1426,,high,"dept: RI XI; issuer: Sigmund; place: Ofen; date: 1426-10-18; source: Regesta Imperii, Akad. der Wissenschaften und der Literatur | Mainz, CC BY 4.0; retrieved 2026-10-04; https://www.regesta-imperii.de/id/1426-10-18_2_0_11_2_0_792_6783"
ri:1427-03-20_4_0_11_2_0_855_6844,work,"RI XI,2 n. 6844",,befiehlt den Städten: Leutkirch die [Martini fällige?] Reichssteuer an Johann v. Bodman zu zahlen. KU?,available,1427,,high,"dept: RI XI; issuer: Sigmund; place: Kronstadt; date: 1427-03-20; source: Regesta Imperii, Akad. der Wissenschaften und der Literatur | Mainz, CC BY 4.0; retrieved 2026-10-04; https://www.regesta-imperii.de/id/1427-03-20_4_0_11_2_0_855_6844"
ri:1427-07-22_1_0_11_2_0_965_6945,work,"RI XI,2 n. 6945",,"bei verleiht als König v. Böhmen der St. Lauban, welche kürzlich von den Hussiten grossen Schaden erlitten hat, das durch den Tod Peter Goldners erledigte Erbgericht daselbst. KU?",available,1427,,high,"dept: RI XI; issuer: Sigmund; place: im Felde Reps (Rapitz in der Walachei); date: 1427-07-22; source: Regesta Imperii, Akad. der Wissenschaften und der Literatur | Mainz, CC BY 4.0; retrieved 2026-10-04; https://www.regesta-imperii.de/id/1427-07-22_1_0_11_2_0_965_6945"
ri:1428-02-05_5_0_11_2_0_1053_7025,work,"RI XI,2 n. 7025",,"verleiht dem Konrad Kaiser zwei Huben, die Heinz Trotter u. Peter Banz bauen, u. zwei Selden, auf denen ein gew. Kaufmann u. Heinz Tretter sitzen, zu Luttrw [= Gross- u. Klein-Lueder, hess. Kr. Fulda?] KU. w. v.",available,1428,,high,"dept: RI XI; issuer: Sigmund; place: Pozezena; date: 1428-02-05; source: Regesta Imperii, Akad. der Wissenschaften und der Literatur | Mainz, CC BY 4.0; retrieved 2026-10-04; https://www.regesta-imperii.de/id/1428-02-05_5_0_11_2_0_1053_7025"
ri:1428-08-24_4_0_11_2_0_1151_7116,work,"RI XI,2 n. 7116",,"bestätigt auf Veranlassung Heinrich Schlicks dem Spitalmeister Erasmus zu Eger, dem Nachfolger Wenzel Holubs, die Privilegien seines Ordens. KU?",available,1428,,high,"dept: RI XI; issuer: Sigmund; place: Ilied unterhalb Temesvar; date: 1428-08-24; source: Regesta Imperii, Akad. der Wissenschaften und der Literatur | Mainz, CC BY 4.0; retrieved 2026-10-04; https://www.regesta-imperii.de/id/1428-08-24_4_0_11_2_0_1151_7116"
ri:1429-03-06_1_0_11_2_0_1226_7185,work,"RI XI,2 n. 7185",,"fordert den Hrz. Adolf v. Berg auf, die oft geschädigton Bewohner der St. Aachen u. ihres Gebiets getreulich zu schirmen. [Ad m. d. r. Casp. Slik ─ o. R",available,1429,,high,"dept: RI XI; issuer: Sigmund; place: Erlau (Erlach); date: 1429-03-06; source: Regesta Imperii, Akad. der Wissenschaften und der Literatur | Mainz, CC BY 4.0; retrieved 2026-10-04; https://www.regesta-imperii.de/id/1429-03-06_1_0_11_2_0_1226_7185"
ri:1429-05-01_8_0_11_2_0_1319_7271,work,"RI XI,2 n. 7271",,"befiehlt den Bürgern von Passau auf Klage des B. Leonhard, dass sie demselben für die ihm zugefügten Beleidigungen u. Schäden vollständige Genugthuung u. für die Folgezeit unbedingten Gehorsam leisten sollen. [KU. w. v. ─ o. R]",available,1429,,high,"dept: RI XI; issuer: Sigmund; place: Pressburg; date: 1429-05-01; source: Regesta Imperii, Akad. der Wissenschaften und der Literatur | Mainz, CC BY 4.0; retrieved 2026-10-04; https://www.regesta-imperii.de/id/1429-05-01_8_0_11_2_0_1319_7271"
ri:1429-08-10_3_0_11_2_0_1406_7362,work,"RI XI,2 n. 7362",,"befiehlt den Fürsten etc. des Reichs die St. Konstanz u. die Städte, die mit ihr in Einung sind, bei ihrem Handel mit Venedig zu schützen u. ihnen freien Durchgang zu gestatten. Ad m. d. r. Caspar Sligk ─ o. R",available,1429,,high,"dept: RI XI; issuer: Sigmund; place: Pressburg; date: 1429-08-10; source: Regesta Imperii, Akad. der Wissenschaften und der Literatur | Mainz, CC BY 4.0; retrieved 2026-10-04; https://www.regesta-imperii.de/id/1429-08-10_3_0_11_2_0_1406_7362"
ri:1429-10-10_1_0_11_2_0_1510_7457,work,"RI XI,2 n. 7457",,"beglaubigt beim P. [Martin V.] den Benedictus Fulchus aus Forli (de Forlino), den Gesandten des Herzogs v. Mailand, welcher über den unter seiner Vermittlung abgeschlossenen Frieden zwischen Sigmund u. dem Beherrscher der Türken Murad (Omorach), sowie über die Geneigtheit zur Union, die er bei seiner Anwesenheit in Konstantinopel beim K. Johann [VII. Paläologus] gefunden hat, berichten soll. KU?",available,1429,,high,"dept: RI XI; issuer: Sigmund; place: Pressburg; date: 1429-10-10; source: Regesta Imperii, Akad. der Wissenschaften und der Literatur | Mainz, CC BY 4.0; retrieved 2026-10-04; https://www.regesta-imperii.de/id/1429-10-10_1_0_11_2_0_1510_7457"
ri:1429-12-27_14_0_11_2_0_1611_7552,work,"RI XI,2 n. 7552",,befiehlt den Städten: Mülhausen die Martini 1429 fällig gewesene Reichssteuer an den von Lupfen zu zahlen. ─ W. v.,available,1429,,high,"dept: RI XI; issuer: Sigmund; place: Pressburg; date: 1429-12-27; source: Regesta Imperii, Akad. der Wissenschaften und der Literatur | Mainz, CC BY 4.0; retrieved 2026-10-04; https://www.regesta-imperii.de/id/1429-12-27_14_0_11_2_0_1611_7552"
ri:1430-01-20_7_0_11_2_0_1669_7606,work,"RI XI,2 n. 7606",,"beauftragt den Jakob Truchsess v. Waldburg, Landvogt in Schwaben, zusammen mit Erkinger v. Seinsheim diese Judenangelegenheit zu untersuchen. KU?",available,1430,,high,"dept: RI XI; issuer: Sigmund; place: Pressburg; date: 1430-01-20; source: Regesta Imperii, Akad. der Wissenschaften und der Literatur | Mainz, CC BY 4.0; retrieved 2026-10-04; https://www.regesta-imperii.de/id/1430-01-20_7_0_11_2_0_1669_7606"
ri:1430-05-31_7_0_11_2_0_1764_7697,work,"RI XI,2 n. 7697",,"belehnt den Gr. Philipp v. Nassau -Saarbrücken zugleich für dessen Bruder Johann mit einem Teile der Schlösser Homburg u. Kirchheim, sowie den sogen. Bolandischen Lehen u. beauftragt den Gr. Reinhard v. Hanau in seinem Namen die Lehnshuldigung entgegenzunehmen. Ad m. d. r. Joh. episc. Zagrab. cancell. etc. ─ Rta",available,1430,,high,"dept: RI XI; issuer: Sigmund; place: Schintau; date: 1430-05-31; source: Regesta Imperii, Akad. der Wissenschaften und der Literatur | Mainz, CC BY 4.0; retrieved 2026-10-04; https://www.regesta-imperii.de/id/1430-05-31_7_0_11_2_0_1764_7697"
ri:1430-09-18_1_0_11_2_0_1860_7782,work,"RI XI,2 n. 7782",,"belehnt den Edlen Otto v. Eulenburg (Ileb-), sowie Wend u. Botho v. Eulenburg, seine u. ihre Vettern, mit den von der Krone zu Böhmen herrührenden Schlössern Egerberg u. Sonnenwalde zu freiem Mannlehen. KU?",available,1430,,high,"dept: RI XI; issuer: Sigmund; place: Nürnberg; date: 1430-09-18; source: Regesta Imperii, Akad. der Wissenschaften und der Literatur | Mainz, CC BY 4.0; retrieved 2026-10-04; https://www.regesta-imperii.de/id/1430-09-18_1_0_11_2_0_1860_7782"
ri:1430-10-16_8_0_11_2_0_1965_7874,work,"RI XI,2 n. 7874",,desgl. an Nürnberg. ─ W. v.,available,1430,,high,"dept: RI XI; issuer: Sigmund; place: Nürnberg; date: 1430-10-16; source: Regesta Imperii, Akad. der Wissenschaften und der Literatur | Mainz, CC BY 4.0; retrieved 2026-10-04; https://www.regesta-imperii.de/id/1430-10-16_8_0_11_2_0_1965_7874"
ri:1430-11-16_3_0_11_2_0_2059_7963,work,"RI XI,2 n. 7963",,giebt der St. Haiingen (Hayg-) einen Wochen- u. Jahrmarkt. Houpt marschalk Casp. Sligk. ─ W. v.,available,1430,,high,"dept: RI XI; issuer: Sigmund; place: Ulm; date: 1430-11-16; source: Regesta Imperii, Akad. der Wissenschaften und der Literatur | Mainz, CC BY 4.0; retrieved 2026-10-04; https://www.regesta-imperii.de/id/1430-11-16_3_0_11_2_0_2059_7963"
ri:1431-00-00_1_0_11_2_0_2668_8536a,work,"RI XI,2 n. 8536a",,"April 24 Nürnberg: Markgraf Friedrich v. Brandenburg sitzt von neuem [vgl. 1430 Nov. 16] zu Gericht über die Ansprüche des Gr. Hans v. Werdenberg, bzw. Kg. Sigmunds auf die Grafschaft Heiligenberg. ─ Mitrichter: Die BB. Friedrich v. Bamberg u. Konrad v. Regensburg, Hrz. Wilhelm v. Braunschweig, Hrz. Ruprecht v. Berg, Jülich u. Geldern, Heinrich Burggraf zu Meissen u. Herr zu Plauen Hofrichter, Gr. …",available,1431,,medium,"dept: RI XI; issuer: Sigmund; date range: 1431-01-01 to 1431-12-31 (year = first possible); source: Regesta Imperii, Akad. der Wissenschaften und der Literatur | Mainz, CC BY 4.0; retrieved 2026-10-04; https://www.regesta-imperii.de/id/1431-00-00_1_0_11_2_0_2668_8536a"
ri:1431-01-13_137_0_11_2_0_2311_8203,work,"RI XI,2 n. 8203",,desgl. die Reichssteuer für 1437 ─ W. v.,available,1431,,high,"dept: RI XI; issuer: Sigmund; place: Konstanz; date: 1431-01-13; source: Regesta Imperii, Akad. der Wissenschaften und der Literatur | Mainz, CC BY 4.0; retrieved 2026-10-04; https://www.regesta-imperii.de/id/1431-01-13_137_0_11_2_0_2311_8203"
ri:1431-01-13_88_0_11_2_0_2262_8154,work,"RI XI,2 n. 8154",,desgl. die Reichssteuer für 1445 ─ W. v.,available,1431,,high,"dept: RI XI; issuer: Sigmund; place: Konstanz; date: 1431-01-13; source: Regesta Imperii, Akad. der Wissenschaften und der Literatur | Mainz, CC BY 4.0; retrieved 2026-10-04; https://www.regesta-imperii.de/id/1431-01-13_88_0_11_2_0_2262_8154"
ri:1431-02-26_2_0_11_2_0_2403_8288,work,"RI XI,2 n. 8288",,"verleiht dem Egbrecht v. Türkheim (Turig-) 7 1/2 Fuder Weingeld im Dorfe Ballbronn (Balborn), für welches Reichslehen die Erben des letzten Inhabers Otman v. Elbstein [= Albisheim?] die Belehnung nicht nachgesucht haben. KU. w. v.",available,1431,,high,"dept: RI XI; issuer: Sigmund; place: Nürnberg; date: 1431-02-26; source: Regesta Imperii, Akad. der Wissenschaften und der Literatur | Mainz, CC BY 4.0; retrieved 2026-10-04; https://www.regesta-imperii.de/id/1431-02-26_2_0_11_2_0_2403_8288"
ri:1431-03-23_3_0_11_2_0_2497_8374,work,"RI XI,2 n. 8374",,"bestätigt dem Kl. Frauenalb das Eigentumsrecht der mit Ettlingen strittigen Wälder. ─ Zeugen: Johann Bischof v. Agram, Konrad Bischof v. Regensburg, Wilhelm Pfalzgraf bei Rhein u. Herzog in Baiern, Johann u. Leupold Landgrafen zu Leuchtenberg, Ludwig Graf zu Öttingen Hofmeister, Haubt Marschalk v. Pappenheim, Heinrich Nothaft v. Wernberg. Ad m. d. r. Symon de Asparn. ─ Rta M. Bris.",available,1431,,high,"dept: RI XI; issuer: Sigmund; place: Nürnberg; date: 1431-03-23; source: Regesta Imperii, Akad. der Wissenschaften und der Literatur | Mainz, CC BY 4.0; retrieved 2026-10-04; https://www.regesta-imperii.de/id/1431-03-23_3_0_11_2_0_2497_8374"
ri:1431-04-15_4_0_11_2_0_2600_8469,work,"RI XI,2 n. 8469",,desgl. dem Hermann u. Jakob Feierabend. Per d. Jo. canc. Casp. Sligk ─ W. v.,available,1431,,high,"dept: RI XI; issuer: Sigmund; place: Nürnberg; date: 1431-04-15; source: Regesta Imperii, Akad. der Wissenschaften und der Literatur | Mainz, CC BY 4.0; retrieved 2026-10-04; https://www.regesta-imperii.de/id/1431-04-15_4_0_11_2_0_2600_8469"
ri:1431-05-03_1_0_11_2_0_2696_8561,work,"RI XI,2 n. 8561",,ernennt den Johannes Jaqueti aus Ivoix zu seinem Notar. Ad m. d. r. Casp. Sligk,available,1431,,high,"dept: RI XI; issuer: Sigmund; place: Nürnberg; date: 1431-05-03; source: Regesta Imperii, Akad. der Wissenschaften und der Literatur | Mainz, CC BY 4.0; retrieved 2026-10-04; https://www.regesta-imperii.de/id/1431-05-03_1_0_11_2_0_2696_8561"
ri:1431-06-29_1_0_11_2_0_2790_8652,work,"RI XI,2 n. 8652",,giebt den Brüdern Wigand u. Johann Vogt aus Reichelsheim (Ri-) ein Wappen. KU?,available,1431,,high,"dept: RI XI; issuer: Sigmund; place: Nürnberg; date: 1431-06-29; source: Regesta Imperii, Akad. der Wissenschaften und der Literatur | Mainz, CC BY 4.0; retrieved 2026-10-04; https://www.regesta-imperii.de/id/1431-06-29_1_0_11_2_0_2790_8652"
ri:1431-07-26_1_0_11_2_0_2882_8740,work,"RI XI,2 n. 8740",,"kassiert alle Gerichte zu Bamberg, ausgenommen das Land- u. Saalgericht u. gebietet allen Fürsten u. Grafen u. s. w., die Bürger bei den ihnen unter goldener Bulle gegebenen Freiheiten gegen den Bischof u. das Domkapitel zu schützen (an den Verhandlungen darüber sind beteiligt: B. Johann v. Agram, Niklas v. Redwitz, Heinrich v. Planen, Erkinger v. Seinsheim u. als Vertreter des Bischofs der Pfarre …",available,1431,,high,"dept: RI XI; issuer: Sigmund; place: Nürnberg; date: 1431-07-26; source: Regesta Imperii, Akad. der Wissenschaften und der Literatur | Mainz, CC BY 4.0; retrieved 2026-10-04; https://www.regesta-imperii.de/id/1431-07-26_1_0_11_2_0_2882_8740"
ri:1431-09-06_1_0_11_2_0_2978_8831,work,"RI XI,2 n. 8831",,"berichtet dem Kardinal Julian, dass er im Interesse des Konzils die Fehde des Hrz. Friedrich v. Österreich mit dem Herzog v. Burgund zu beschwichtigen suche; dass gerade Hrz. Friedrich das Konzil störe, wundere ihn nicht, da derselbe ja einst auch auf dem Konstanzer Konzil Störungen verursacht habe; auch jetzt bedränge derselbe wieder die Bischöfe v. Chur, Trient u. Brixen; wenn er erst in Feldkir …",available,1431,,high,"dept: RI XI; issuer: Sigmund; place: Augsburg; date: 1431-09-06; source: Regesta Imperii, Akad. der Wissenschaften und der Literatur | Mainz, CC BY 4.0; retrieved 2026-10-04; https://www.regesta-imperii.de/id/1431-09-06_1_0_11_2_0_2978_8831"
ri:1431-10-16_2_0_11_2_0_3071_8922,work,"RI XI,2 n. 8922",,"bessert dem Hans. Walter u. Konrad Ehinger aus Ulm, sowie der ganzen Familie Ehinger ihr Wappen (roter Schwanenhals als Helmkleinod). Ad m. d. r. Casp. Sligk ─ Rta M. Brisacher",available,1431,,high,"dept: RI XI; issuer: Sigmund; place: Feldkirch; date: 1431-10-16; source: Regesta Imperii, Akad. der Wissenschaften und der Literatur | Mainz, CC BY 4.0; retrieved 2026-10-04; https://www.regesta-imperii.de/id/1431-10-16_2_0_11_2_0_3071_8922"
ri:1432-01-14_1_0_11_2_0_3167_9011,work,"RI XI,2 n. 9011",,"an Hrz. Wilhelm v. Baiern: wörtlich wie nr. 9009. Dabei ein Zettel betr. den Streit zwischen Hrz. Heinrich u. Wilhelm v. Baiern; ferner die Freude Sigmunds darüber ausdrückend, dass nach einer Mitteilung Kaspar Schlicks Hrz. Wilhelm bereits nach Basel aufgebrochen sei. KU. w. v. ─ o. R",available,1432,,high,"dept: RI XI; issuer: Sigmund; place: Piacenza; date: 1432-01-14; source: Regesta Imperii, Akad. der Wissenschaften und der Literatur | Mainz, CC BY 4.0; retrieved 2026-10-04; https://www.regesta-imperii.de/id/1432-01-14_1_0_11_2_0_3167_9011"
ri:1432-04-07_2_0_11_2_0_3261_9104,work,"RI XI,2 n. 9104",,nimmt den Mkgr. Ludwig v. Romagnano [Sesia] unter seine Familiares auf. KU?,available,1432,,high,"dept: RI XI; issuer: Sigmund; place: Parma; date: 1432-04-07; source: Regesta Imperii, Akad. der Wissenschaften und der Literatur | Mainz, CC BY 4.0; retrieved 2026-10-04; https://www.regesta-imperii.de/id/1432-04-07_2_0_11_2_0_3261_9104"
ri:1432-07-03_2_0_11_2_0_3355_9196,work,"RI XI,2 n. 9196",,"verschreibt den Brüdern Ernst, Johann, Karl u. Wenzel v. Wlaschim zur früheren Summe weitere 5000 ung. Gulden u. 300 Schock Groschen Baukosten auf die Burg Usov. KU?",available,1432,,high,"dept: RI XI; issuer: Sigmund; place: Lucca; date: 1432-07-03; source: Regesta Imperii, Akad. der Wissenschaften und der Literatur | Mainz, CC BY 4.0; retrieved 2026-10-04; https://www.regesta-imperii.de/id/1432-07-03_2_0_11_2_0_3355_9196"
ri:1432-10-26_2_0_11_2_0_3450_9288,work,"RI XI,2 n. 9288",,ernennt Jacobus Petri de Vinidis aus Siena zum Notar. ─ W. v.,available,1432,,high,"dept: RI XI; issuer: Sigmund; place: Siena; date: 1432-10-26; source: Regesta Imperii, Akad. der Wissenschaften und der Literatur | Mainz, CC BY 4.0; retrieved 2026-10-04; https://www.regesta-imperii.de/id/1432-10-26_2_0_11_2_0_3450_9288"
ri:1433-02-04_1_0_11_2_0_3522_9358,work,"RI XI,2 n. 9358",,"bittet die Bürger v. Perugia, dem Petrus u. Bartholomeus de Dorne für seine Truppen Lebensmittel zu verkaufen. KU?",available,1433,,high,"dept: RI XI; issuer: Sigmund; place: Siena; date: 1433-02-04; source: Regesta Imperii, Akad. der Wissenschaften und der Literatur | Mainz, CC BY 4.0; retrieved 2026-10-04; https://www.regesta-imperii.de/id/1433-02-04_1_0_11_2_0_3522_9358"
ri:1433-05-31_32_0_11_2_0_3629_9457,work,"RI XI,2 n. 9457",,"bevollmächtigt die St. Nürnberg zur Verhaftung aller derjenigen, welche Reisende auf den Reichsstrassen anfallen, u. zur Verurteilung in ihrer Stadt seitens des Rats oder Gerichts. ─ [Ad m. d. i. Casp. Sligk miles sue majest. canc. ─ Rta M. Bris.",available,1433,,high,"dept: RI XI; issuer: Sigmund; place: Rom; date: 1433-05-31; source: Regesta Imperii, Akad. der Wissenschaften und der Literatur | Mainz, CC BY 4.0; retrieved 2026-10-04; https://www.regesta-imperii.de/id/1433-05-31_32_0_11_2_0_3629_9457"
ri:1433-07-09_1_0_11_2_0_3713_9539,work,"RI XI,2 n. 9539",,"legitimiert Baldassare, den Sohn des Pisaner Bürgers Johannes Pieri. KU?",available,1433,,high,"dept: RI XI; issuer: Sigmund; place: Rom; date: 1433-07-09; source: Regesta Imperii, Akad. der Wissenschaften und der Literatur | Mainz, CC BY 4.0; retrieved 2026-10-04; https://www.regesta-imperii.de/id/1433-07-09_1_0_11_2_0_3713_9539"
ri:1433-08-12_2_0_11_2_0_3800_9625,work,"RI XI,2 n. 9625",,giebt der St. Basel als Schirmer ihres Gerichtsstandes den Mkgr. Wilhelm v. Hachberg. ─ [KU. u. R w. v.,available,1433,,high,"dept: RI XI; issuer: Sigmund; place: Rom; date: 1433-08-12; source: Regesta Imperii, Akad. der Wissenschaften und der Literatur | Mainz, CC BY 4.0; retrieved 2026-10-04; https://www.regesta-imperii.de/id/1433-08-12_2_0_11_2_0_3800_9625"
ri:1433-10-25_3_0_11_2_0_3885_9704,work,"RI XI,2 n. 9704",,bestätigt der St. Lindau alle Rechte ─ [Ad m. d. i. Casp. Sligk mil. canc. ─ Rta M. Bris.,available,1433,,high,"dept: RI XI; issuer: Sigmund; place: Basel; date: 1433-10-25; source: Regesta Imperii, Akad. der Wissenschaften und der Literatur | Mainz, CC BY 4.0; retrieved 2026-10-04; https://www.regesta-imperii.de/id/1433-10-25_3_0_11_2_0_3885_9704"
ri:1433-11-09_20_0_11_2_0_3980_9795,work,"RI XI,2 n. 9795",,bestätigt Henmann v. (Heideg) Heideck [Aargau] die ihm durch den Tod seines Vetters Klaus v. Lyenberg zugefallenen Lehen: den Hof zu Magden (Magt-) u. Renten zu Stein bei Zeiningen (Selingen). KU?,available,1433,,high,"dept: RI XI; issuer: Sigmund; place: Basel; date: 1433-11-09; source: Regesta Imperii, Akad. der Wissenschaften und der Literatur | Mainz, CC BY 4.0; retrieved 2026-10-04; https://www.regesta-imperii.de/id/1433-11-09_20_0_11_2_0_3980_9795"
ri:1433-12-08_3_0_11_2_0_4054_9867,work,"RI XI,2 n. 9867",,"belehnt Diewolt Lenzelein sowie dessen Bruder Thomas mit den von ihrem Vater Thomas ererbten Reichslehen: Renten in u. bei Strassburg, besonders auf Klöstern in Strassburg. KU?",available,1433,,high,"dept: RI XI; issuer: Sigmund; place: Basel; date: 1433-12-08; source: Regesta Imperii, Akad. der Wissenschaften und der Literatur | Mainz, CC BY 4.0; retrieved 2026-10-04; https://www.regesta-imperii.de/id/1433-12-08_3_0_11_2_0_4054_9867"
ri:1434-00-00_1_0_11_2_0_4795_10561a,work,"RI XI,2 n. 10561a",,"Juli 5 Iglau: bestätigt nochmals die sogen. Prager Kompaktaten. Goldast, Appendix commentar. de iuribus regni Bohemiae (1627), 96 ─ falsch statt 1436 Juli 5.",available,1434,,medium,"dept: RI XI; issuer: Sigmund; date range: 1434-01-01 to 1434-12-31 (year = first possible); source: Regesta Imperii, Akad. der Wissenschaften und der Literatur | Mainz, CC BY 4.0; retrieved 2026-10-04; https://www.regesta-imperii.de/id/1434-00-00_1_0_11_2_0_4795_10561a"
ri:1434-01-25_1_0_11_2_0_4189_9995,work,"RI XI,2 n. 9995",,"bestätigt dem B. Peter v. Augsburg u. dem Domkapitel alle Privilegien, Rechte u. Besitzungen, namentlich die Höfe u. Häuser innerhalb der St. Augsburg. ─ [Ad m. d. i. d. G. cancell. referente Theod. Ebbrachter. ─ Rta M. Bris.",available,1434,,high,"dept: RI XI; issuer: Sigmund; place: Basel; date: 1434-01-25; source: Regesta Imperii, Akad. der Wissenschaften und der Literatur | Mainz, CC BY 4.0; retrieved 2026-10-04; https://www.regesta-imperii.de/id/1434-01-25_1_0_11_2_0_4189_9995"
ri:1434-02-25_1_0_11_2_0_4281_10082,work,"RI XI,2 n. 10082",,"ladet Peter v. Freiberg (Fry-) auf den 45. Tag nach Empfang dieser Vorladung vor, um sich gegen die Klagen des B. Peter v. Augsburg wegen Beeinträchtigung von dessen Wildbann zu verantworten. ─ [Per d. G. canc. Petrus Kalde prep. Northus. ─ o. R",available,1434,,high,"dept: RI XI; issuer: Sigmund; place: [Basel]; date: 1434-02-25; source: Regesta Imperii, Akad. der Wissenschaften und der Literatur | Mainz, CC BY 4.0; retrieved 2026-10-04; https://www.regesta-imperii.de/id/1434-02-25_1_0_11_2_0_4281_10082"
ri:1434-03-22_1_0_11_2_0_4380_10172,work,"RI XI,2 n. 10172",,"bestätigt auf Bitten des Heinrich v. Blumberg (Pl-) v. [Hohen-] Karpfen diesem, sowie seinem Vetter Rudolf v. Blumberg u. ihren Erben die Schlösser Blumberg, Donaueschingen (Donesch-) u. [Hohen-]Karpfen nebst allem Zubehör u. bestätigt ihnen alle Privilegien. Canc. [Sligk referente] P. Kalde",available,1434,,high,"dept: RI XI; issuer: Sigmund; place: Basel; date: 1434-03-22; source: Regesta Imperii, Akad. der Wissenschaften und der Literatur | Mainz, CC BY 4.0; retrieved 2026-10-04; https://www.regesta-imperii.de/id/1434-03-22_1_0_11_2_0_4380_10172"
ri:1434-04-12_7_0_11_2_0_4468_10254,work,"RI XI,2 n. 10254",,"bestätigt den Gr. Jakob u. Wilhelm v. Lützelstein u. Herren zu Geroldseck (Gerolzel) alle ihre Privilegien, Lehen und Besitzungen, besonders die sie von Kg. Wenzel erhalten haben. KU?",available,1434,,high,"dept: RI XI; issuer: Sigmund; place: Basel; date: 1434-04-12; source: Regesta Imperii, Akad. der Wissenschaften und der Literatur | Mainz, CC BY 4.0; retrieved 2026-10-04; https://www.regesta-imperii.de/id/1434-04-12_7_0_11_2_0_4468_10254"
ri:1434-05-01_4_0_11_2_0_4552_10333,work,"RI XI,2 n. 10333",,desgl. die künft. Nov. 11 fällige Steuer. ─ W. v.,available,1434,,high,"dept: RI XI; issuer: Sigmund; place: Basel; date: 1434-05-01; source: Regesta Imperii, Akad. der Wissenschaften und der Literatur | Mainz, CC BY 4.0; retrieved 2026-10-04; https://www.regesta-imperii.de/id/1434-05-01_4_0_11_2_0_4552_10333"
ri:1434-05-11_5_0_11_2_0_4642_10420,work,"RI XI,2 n. 10420",,"ersucht die St. Braunschweig um Hilfe gegen Bremen [vgl. nr. 10345], welche Stadt in der Reichsacht ist, auf Verlangen des mit der Exekution beauftragten Konrad v. Weinsberg. Ad m. d. i. Herm. Hecht",available,1434,,high,"dept: RI XI; issuer: Sigmund; place: Basel; date: 1434-05-11; source: Regesta Imperii, Akad. der Wissenschaften und der Literatur | Mainz, CC BY 4.0; retrieved 2026-10-04; https://www.regesta-imperii.de/id/1434-05-11_5_0_11_2_0_4642_10420"
ri:1434-06-12_3_0_11_2_0_4725_10498,work,"RI XI,2 n. 10498",,"bestätigt dem Gr. Johann v. Helfenstein alle Privilegien, bes. die von Karl IV. um 600 Mark Silbers gegebene Pfandschaft der Vogtei des Kl. Königsbronn. ─ [Ad m. d. i. Herm. Hecht. ─ Rta M. Bris.",available,1434,,high,"dept: RI XI; issuer: Sigmund; place: Ulm; date: 1434-06-12; source: Regesta Imperii, Akad. der Wissenschaften und der Literatur | Mainz, CC BY 4.0; retrieved 2026-10-04; https://www.regesta-imperii.de/id/1434-06-12_3_0_11_2_0_4725_10498"
ri:1434-07-20_1_0_11_2_0_4838_10602,work,"RI XI,2 n. 10602",,"bestätigt auf Bitte des B. Peter v. Augsburg die (inser.) Urk. Karls IV. v. 1350 Mai 22 [Böhmer-Huber nr. 1296], in welche wieder die Urk. Lothars III. v. 1125 Nov. 27 [Stumpf nr. 3229] inseriert ist: Schenkung der Abtei Benediktbeuern an das Bistum Augsburg. Ad m. d. i. Casp. Sligk mil. canc. ─ Rta M. Bris.",available,1434,,high,"dept: RI XI; issuer: Sigmund; place: Ulm; date: 1434-07-20; source: Regesta Imperii, Akad. der Wissenschaften und der Literatur | Mainz, CC BY 4.0; retrieved 2026-10-04; https://www.regesta-imperii.de/id/1434-07-20_1_0_11_2_0_4838_10602"
ri:1434-08-04_37_0_11_2_0_4935_10698,work,"RI XI,2 n. 10698",,"desgl. auf Klage Konrads Smalholtz v. Landsberg (Lansp-) über die Brüder Hans, Heinrich u. Georg v. Schwangau [vgl. 1434 Okt. 1 u. die Aberachtserklärung 1437 Juli 30].",available,1434,,high,"dept: RI XI; issuer: Sigmund; place: Ulm; date: 1434-08-04; source: Regesta Imperii, Akad. der Wissenschaften und der Literatur | Mainz, CC BY 4.0; retrieved 2026-10-04; https://www.regesta-imperii.de/id/1434-08-04_37_0_11_2_0_4935_10698"
ri:1434-09-10_1_0_11_2_0_5016_10776,work,"RI XI,2 n. 10776",,"bestätigt den Regensburger Juden ihre Privilegien, da sie die ihm infolge der Kaiserkrönung zustehende Ehrenschenkung bezahlt, sagt sie aller Forderungen seitens des Reiches u. der Herzöge v. Baiern ledig, mit Ausnahme der gewöhnlichen Steuer, welche sie den Herzögen entrichten müssen, da sie denselben von Reichs wegen verpfändet ist. Ad m. d. i. Casp. Sligk mil. canc. ─ Rta M. Bris.",available,1434,,high,"dept: RI XI; issuer: Sigmund; place: Regensburg; date: 1434-09-10; source: Regesta Imperii, Akad. der Wissenschaften und der Literatur | Mainz, CC BY 4.0; retrieved 2026-10-04; https://www.regesta-imperii.de/id/1434-09-10_1_0_11_2_0_5016_10776"
ri:1434-09-30_10_0_11_2_0_5116_10874,work,"RI XI,2 n. 10874",,befiehlt Ulrich v. Rosenberg sich Protiwins u. der dazugehörigen Güter sofort zu bemächtigen u. sie zur Klingenberger Herrschaft hinzuzufügen bis zur Auszahlung von Seite des Königs. KU?,available,1434,,high,"dept: RI XI; issuer: Sigmund; place: Regensburg; date: 1434-09-30; source: Regesta Imperii, Akad. der Wissenschaften und der Literatur | Mainz, CC BY 4.0; retrieved 2026-10-04; https://www.regesta-imperii.de/id/1434-09-30_10_0_11_2_0_5116_10874"
ri:1434-11-23_3_0_11_2_0_5200_10951,work,"RI XI,2 n. 10951",,bestätigt die Besitzungen u. Privilegien des Hochstifts Mainz dem EB. Dietrich. KU. u. R w. v.,available,1434,,high,"dept: RI XI; issuer: Sigmund; place: Pressburg; date: 1434-11-23; source: Regesta Imperii, Akad. der Wissenschaften und der Literatur | Mainz, CC BY 4.0; retrieved 2026-10-04; https://www.regesta-imperii.de/id/1434-11-23_3_0_11_2_0_5200_10951"
ri:1435-02-01_1_0_11_2_0_5275_11018,work,"RI XI,2 n. 11018",,"bestätigt der Marienstiftskirche zu Aachen ihre Privilegien; inseriert die Urk. Karls IV. v. 1357 Jan. 17 mit den Urk. Rudolfs v. 1287 April 1 u. Adolfs v. 1292 Sept. 30 [Böhmer-Huber nr. 6917]. ─ Zeugen: die BB. Alexander v. Trient, Nicodemus v. Freisingen, Johann v. Chur; Hrz. Albrecht v. Österreich, Friedrich d. ält. u. d. jüng. v. Österr., die Grr. Brunoro della Scala, Wilh. v. Montfort, Joh. …",available,1435,,high,"dept: RI XI; issuer: Sigmund; place: Wien; date: 1435-02-01; source: Regesta Imperii, Akad. der Wissenschaften und der Literatur | Mainz, CC BY 4.0; retrieved 2026-10-04; https://www.regesta-imperii.de/id/1435-02-01_1_0_11_2_0_5275_11018"
ri:1435-05-24_1_0_11_2_0_5367_11106,work,"RI XI,2 n. 11106",,"erklärt, dass trotz der Fehde mit dem Hrz. Philipp v. Burgund das sichere Geleit für das Basler Konzil weiter bestehe u. aufrecht erhalten würde. ─ [KU?",available,1435,,high,"dept: RI XI; issuer: Sigmund; place: Tirnau; date: 1435-05-24; source: Regesta Imperii, Akad. der Wissenschaften und der Literatur | Mainz, CC BY 4.0; retrieved 2026-10-04; https://www.regesta-imperii.de/id/1435-05-24_1_0_11_2_0_5367_11106"
ri:1435-09-25_1_0_11_2_0_5462_11197,work,"RI XI,2 n. 11197",,"verspricht dem Reichsvikar v. Verona u. Vicenza Brunoro della Scala, dass er den Venetianern auf Grund seines Vertrages [nr. 11178] erst dann Verona u. Vicenza abtreten würde, wenn der Krieg gegen Philipp Maria Visconti v. Mailand ausgebrochen u. Brunoro della Scala sich mit den Venetianern geeinigt hätte. KU?",available,1435,,high,"dept: RI XI; issuer: Sigmund; place: Pressburg; date: 1435-09-25; source: Regesta Imperii, Akad. der Wissenschaften und der Literatur | Mainz, CC BY 4.0; retrieved 2026-10-04; https://www.regesta-imperii.de/id/1435-09-25_1_0_11_2_0_5462_11197"
ri:1436-01-21_4_0_11_2_0_5542_11266,work,"RI XI,2 n. 11266",,beauftragt die St. Strassburg die Erbstreitigkeiten zwischen Jakob u. Ludwig v. Lichtenberg einer- u. Reinhart v. Flehingen [no. Bretten] andererseits zu entscheiden. Ad m. d. i. M. Bris. ─ o. R,available,1436,,high,"dept: RI XI; issuer: Sigmund; place: Stuhlweissenburg (Weissenburg in Ungarn); date: 1436-01-21; source: Regesta Imperii, Akad. der Wissenschaften und der Literatur | Mainz, CC BY 4.0; retrieved 2026-10-04; https://www.regesta-imperii.de/id/1436-01-21_4_0_11_2_0_5542_11266"
ri:1436-06-25_1_0_11_2_0_5638_11354,work,"RI XI,2 n. 11354",,"ersucht Ulrich v. Rosenberg wiederholt, mit noch andern Herren nach Iglau zu kommen u. namentlich den Grossmeister des Johanniterordens Wenzel v. Michalowic mitzubringen. Ad m. d. i. Casp. Sligk cancell.",available,1436,,high,"dept: RI XI; issuer: Sigmund; place: Iglau; date: 1436-06-25; source: Regesta Imperii, Akad. der Wissenschaften und der Literatur | Mainz, CC BY 4.0; retrieved 2026-10-04; https://www.regesta-imperii.de/id/1436-06-25_1_0_11_2_0_5638_11354"
ri:1436-09-25_1_0_11_2_0_5730_11439,work,"RI XI,2 n. 11439",,gewährt der St. Chrudim einen Jahrmarkt mit den üblichen Freiheiten. Ad m. d. i. Casp. Slick miles cancell. ─ Rta,available,1436,,high,"dept: RI XI; issuer: Sigmund; place: Prag; date: 1436-09-25; source: Regesta Imperii, Akad. der Wissenschaften und der Literatur | Mainz, CC BY 4.0; retrieved 2026-10-04; https://www.regesta-imperii.de/id/1436-09-25_1_0_11_2_0_5730_11439"
ri:1436-11-24_1_0_11_2_0_5826_11531,work,"RI XI,2 n. 11531",,"verschreibt dem Beneda v. Nečtin die Burg Břežany u. die Dörfer Břežany, Zvelí, Ohrobec u. Lhota vom Kl. Königsaal um 1200 Schock Groschen. KU?",available,1436,,high,"dept: RI XI; issuer: Sigmund; place: Prag; date: 1436-11-24; source: Regesta Imperii, Akad. der Wissenschaften und der Literatur | Mainz, CC BY 4.0; retrieved 2026-10-04; https://www.regesta-imperii.de/id/1436-11-24_1_0_11_2_0_5826_11531"
ri:1436-12-24_1_0_11_2_0_5897_11599,work,"RI XI,2 n. 11599",,"beklagt sich bei den Breslauer Ratsmannen, dass Bernhard Falkenauer [vgl. nr. 11133], der laut seiner Ermächtigung Repressalien an Krakauer Bürgern geübt, der gewonnenen Guter von Breslauern wieder beraubt u. selbst gefangen worden ist; befiehlt demselben Genugthuung zu verschaffen. Ad m. d. i. Casp. Slick miles cancell.",available,1436,,high,"dept: RI XI; issuer: Sigmund; place: Prag; date: 1436-12-24; source: Regesta Imperii, Akad. der Wissenschaften und der Literatur | Mainz, CC BY 4.0; retrieved 2026-10-04; https://www.regesta-imperii.de/id/1436-12-24_1_0_11_2_0_5897_11599"
ri:1437-02-18_1_0_11_2_0_5972_11670,work,"RI XI,2 n. 11670",,"giebt seine Zustimmung dazu, dass Konrad Goldner einige Reichslehen im Dorfe Hammerstadt (Hamerstete) u. in dem Gerichte zu Kappelndorf bei Erfurt an den Erfurter Bürger Johann Milwitz, Meister in freien Künsten, u. dessen Erben verkauft hat [vgl. nr. 11090]. KU. w. v. ─ Rta",available,1437,,high,"dept: RI XI; issuer: Sigmund; place: Prag; date: 1437-02-18; source: Regesta Imperii, Akad. der Wissenschaften und der Literatur | Mainz, CC BY 4.0; retrieved 2026-10-04; https://www.regesta-imperii.de/id/1437-02-18_1_0_11_2_0_5972_11670"
ri:1437-04-16_3_0_11_2_0_6065_11761,work,"RI XI,2 n. 11761",,verbietet den Hrzz. [Konrad dem Weissen u. Konrad Kanthner] v. Öls von den Breslauern u. überhaupt in Hünern u. Hundsfeld Zölle bis zum Rechtsaustrag zu erheben. Ad m. d. i. Herm. Hecht.,available,1437,,high,"dept: RI XI; issuer: Sigmund; place: Prag; date: 1437-04-16; source: Regesta Imperii, Akad. der Wissenschaften und der Literatur | Mainz, CC BY 4.0; retrieved 2026-10-04; https://www.regesta-imperii.de/id/1437-04-16_3_0_11_2_0_6065_11761"
ri:1437-07-08_1_0_11_2_0_6164_11853,work,"RI XI,2 n. 11853",,"belehnt auf Bitten des Kaspar v. Ramsberg diesen, seinen Bruder Martin u. seinen Vetter Friedrich mit dem durch den Tod des Jan v. Ramsberg erledigten Schlosse Landsberg nebst allem Zubehör. KU?",available,1437,,high,"dept: RI XI; issuer: Sigmund; place: Eger; date: 1437-07-08; source: Regesta Imperii, Akad. der Wissenschaften und der Literatur | Mainz, CC BY 4.0; retrieved 2026-10-04; https://www.regesta-imperii.de/id/1437-07-08_1_0_11_2_0_6164_11853"
ri:1437-07-30_27_0_11_2_0_6268_11954,work,"RI XI,2 n. 11954",,"desgl. auf Klage Marquarts v. Schellenberg d. jüng. [vgl. nr. 11032] über Mark Grün, den Bastard Dolzers v. Schellenberg.",available,1437,,high,"dept: RI XI; issuer: Sigmund; place: Eger; date: 1437-07-30; source: Regesta Imperii, Akad. der Wissenschaften und der Literatur | Mainz, CC BY 4.0; retrieved 2026-10-04; https://www.regesta-imperii.de/id/1437-07-30_27_0_11_2_0_6268_11954"
ri:1437-08-02_2_0_11_2_0_6335_12021,work,"RI XI,2 n. 12021",,"widerruft die Verpfändung des Ammanamts in Memmingen an diese Stadt durch Kg. Ruprecht u. verpfändet es seinem Diener Marquard Brisacher, der ihm auf dem Egerer Reichstage 600 rhein. Gulden geliehen. Ad m. d. i. Gasp. Sligk mil. canc. ─ Rta",available,1437,,high,"dept: RI XI; issuer: Sigmund; place: Eger; date: 1437-08-02; source: Regesta Imperii, Akad. der Wissenschaften und der Literatur | Mainz, CC BY 4.0; retrieved 2026-10-04; https://www.regesta-imperii.de/id/1437-08-02_2_0_11_2_0_6335_12021"
ri:1437-10-19_1_0_11_2_0_6449_12132,work,"RI XI,2 n. 12132",,"giebt dem Ulrich v. Rosenberg die Burg Klingenberg, sowie die Klöster Mühlhausen u. Goldenkron zu lebenslänglichem Besitz, nach dessen Tode aber dessen männlichen Erben zu Pfande. Ad m. d. i. Caspar Slyk miles canc.",available,1437,,high,"dept: RI XI; issuer: Sigmund; place: Prag; date: 1437-10-19; source: Regesta Imperii, Akad. der Wissenschaften und der Literatur | Mainz, CC BY 4.0; retrieved 2026-10-04; https://www.regesta-imperii.de/id/1437-10-19_1_0_11_2_0_6449_12132"
ri:1437-12-09_1_0_12_1_0_1_a,work,RI XII n. a,,"Reichsvakanz. ‒ Dazu siehe die Einzelheiten in RTA 13, 3‒12 (Einleitung) und die Akten n. 1‒26 (49‒72), wodurch sich hier nähere Angaben erübrigen.",available,1437,,high,"dept: RI XII; issuer: Albrecht II.; date: 1437-12-09; source: Regesta Imperii, Akad. der Wissenschaften und der Literatur | Mainz, CC BY 4.0; retrieved 2026-10-04; https://www.regesta-imperii.de/id/1437-12-09_1_0_12_1_0_1_a"
ri:1438-04-08_1_0_12_1_0_19_8,work,RI XII n. 8,,"Albrecht erteilt seinem Lehensmann Alwin Lauffen das Recht, daß dessen Lehen im Falle seines oder des Ablebens seiner Söhne ohne männliche Erben an seine Töchter fallen sollen, doch unbeschadet lehens- und landrechtlicher Bestimmungen, und zählte die fraglichen Lehen auf: 1. Ein turn innerhalb der Traun mit 15 Pfund Pfennig Geldes, die jährlich aus dem Amt zu Gmunden dahin anfallen; 2. ein turn in …",available,1438,,high,"dept: RI XII; issuer: Albrecht II.; place: Wien; date: 1438-04-08; source: Regesta Imperii, Akad. der Wissenschaften und der Literatur | Mainz, CC BY 4.0; retrieved 2026-10-04; https://www.regesta-imperii.de/id/1438-04-08_1_0_12_1_0_19_8"
ri:1438-04-29_5_0_12_1_0_40_28,work,RI XII n. 28,,"Albrecht bestätigt auf Ansuchen der ihm das Wahlresultat überbringenden kurfürstlichen Gesandtschaft dem Hzg. Friedrich (II.) von Sachsen, seinem Erzmarschall, gemäß dem Wortlaut der Goldenen Bulle und den dem Hzg. als Kurfürsten danach zustehenden Rechten alle Rechte und Privilegien und verspricht, diese Bestätigung zu erneuern, sobald sein Majestätssiegel angefertigt ist und auch dann, wenn er r …",available,1438,,high,"dept: RI XII; issuer: Albrecht II.; place: Wien; date: 1438-04-29; source: Regesta Imperii, Akad. der Wissenschaften und der Literatur | Mainz, CC BY 4.0; retrieved 2026-10-04; https://www.regesta-imperii.de/id/1438-04-29_5_0_12_1_0_40_28"
ri:1438-05-04_2_0_12_1_0_63_50,work,RI XII n. 50,,"Albrecht bestätigt und erneuert auf Rat der Kurfürsten et sapientium des Reichs dem Konzil von Basel das von K. Sigmund erteilte Geleit und verspricht, sich gemeinsam mit seinen Wählern zu bemühen, den Ausbruch des Schismas zu verhindern. Datum Wienne die quarta mensis maii 1438 ... KU.: De mandato domini regis. Auf der Rückseite Empfängervermerke: Lecta die mercurii post missam XI. junii anno etc …",available,1438,,high,"dept: RI XII; issuer: Albrecht II.; place: Wien; date: 1438-05-04; source: Regesta Imperii, Akad. der Wissenschaften und der Literatur | Mainz, CC BY 4.0; retrieved 2026-10-04; https://www.regesta-imperii.de/id/1438-05-04_2_0_12_1_0_63_50"
ri:1438-05-11_1_0_12_1_0_85_71,work,RI XII n. 71,,"Albrecht belehnt Otto Florstet mit den diesem von Koloman Grasser, dem Pfleger zu Eggenburg, verkauften, nachstehend genannten Lehen: mit dem Hof zu Heinrichschlag an der Sommerzeile und den dazugehörigen Lehen sowie mit dem Dorf Heinrichschlag; mit dem Fischwasser zwischen Weikertschlag und Süßenbach; und mit dem Zehent des genannten Hofes und dem des Dorfes Heinrichschlag; mit Ausnahme jener Abg …",available,1438,,high,"dept: RI XII; issuer: Albrecht II.; place: Wien; date: 1438-05-11; source: Regesta Imperii, Akad. der Wissenschaften und der Literatur | Mainz, CC BY 4.0; retrieved 2026-10-04; https://www.regesta-imperii.de/id/1438-05-11_1_0_12_1_0_85_71"
ri:1438-05-17_14_0_12_1_0_185_171,work,RI XII n. 171,,"Albrecht desgleichen (mit Beglaubigung?) des Überbringers, des Jörg Wigenheim von Yffelstadt (die vor geschriben brief han ich gesandt bi Jorgen Wigenhein von Yffelstat minem kneht, der hat sie geantwort) an Mkgf. (Jakob) von Baden",available,1438,,high,"dept: RI XII; issuer: Albrecht II.; place: (Wien); date: 1438-05-17; source: Regesta Imperii, Akad. der Wissenschaften und der Literatur | Mainz, CC BY 4.0; retrieved 2026-10-04; https://www.regesta-imperii.de/id/1438-05-17_14_0_12_1_0_185_171"
ri:1438-05-17_26_0_12_1_0_197_183,work,RI XII n. 183,,"Albrecht desgleichen (mit Beglaubigung?) des Überbringers, des Hofgerichtsschreibers Johann Geisler, an (EB. Johann II.) von Salzburg",available,1438,,high,"dept: RI XII; issuer: Albrecht II.; place: (Wien); date: 1438-05-17; source: Regesta Imperii, Akad. der Wissenschaften und der Literatur | Mainz, CC BY 4.0; retrieved 2026-10-04; https://www.regesta-imperii.de/id/1438-05-17_26_0_12_1_0_197_183"
ri:1438-05-17_6_0_12_1_0_102_88,work,RI XII n. 88,,"Albrecht bestätigt den durch Kaspar Ydungspeuger für sich selbst und seine Brüder Jörg, Hans und Quirin vorgenommenen Verkauf des Riedenhofes bei Achau, der in Albrechts Urbar und Herrschaft zu Lachsendorf gehört und vor ihm ihr Burgrecht gewesen ist, an den Wiener Bürger Lukas Vischel, der diesen Hof mit allem Zubehör vom Landesfürsten in Österreich zu Burgrecht innehaben und davon jährlich 4 Pfu …",available,1438,,high,"dept: RI XII; issuer: Albrecht II.; place: Wien; date: 1438-05-17; source: Regesta Imperii, Akad. der Wissenschaften und der Literatur | Mainz, CC BY 4.0; retrieved 2026-10-04; https://www.regesta-imperii.de/id/1438-05-17_6_0_12_1_0_102_88"
ri:1438-05-18_24_0_12_1_0_142_128,work,RI XII n. 128,,"Albrecht desgleichen (mit Beglaubigung?) des Überbringers Gerhard Vendeler, des Barbiers Konrads von Weinsberg (die vor geschriben brief ... hat gefurt und geantwort Gerhart Vendeler min barbierer), an die Stadt Worms",available,1438,,high,"dept: RI XII; issuer: Albrecht II.; place: Wien; date: 1438-05-18; source: Regesta Imperii, Akad. der Wissenschaften und der Literatur | Mainz, CC BY 4.0; retrieved 2026-10-04; https://www.regesta-imperii.de/id/1438-05-18_24_0_12_1_0_142_128"
ri:1438-05-26_1_0_12_1_0_156_142,work,RI XII n. 142,,"Albrecht ersucht den Hzg. (Amadeus VIII.) von Savoyen, seine Juden zur Zahlung des dritten Pfennigs anzuhalten, und teilt mit, daß er seinen Kämmerer und Rat Konrad von Weinsberg beauftragt hat, durch seine Abgesandten mit den Juden darüber übereinzukommen. Datum Wienne die XXVI. mensis maii regnorum nostrorum anno primo (so Kop.).",available,1438,,high,"dept: RI XII; issuer: Albrecht II.; place: Wien; date: 1438-05-26; source: Regesta Imperii, Akad. der Wissenschaften und der Literatur | Mainz, CC BY 4.0; retrieved 2026-10-04; https://www.regesta-imperii.de/id/1438-05-26_1_0_12_1_0_156_142"
ri:1438-05-30_1_0_12_1_0_217_203,work,RI XII n. 203,,Albrecht bestätigt Gf. Johann (II.) von Sulz das ihm von K. Sigmund verliehene Hofgericht zu Rottweil mit allen Rechten. G. z. Wyenn am freitag vor dem heiligen pfingstag anno etc. 38 (so RRM). KU.: Ad relacionem domini Conradi de Winsp(erg) Hermanus Hecht (so RRM).,available,1438,,high,"dept: RI XII; issuer: Albrecht II.; place: Wien; date: 1438-05-30; source: Regesta Imperii, Akad. der Wissenschaften und der Literatur | Mainz, CC BY 4.0; retrieved 2026-10-04; https://www.regesta-imperii.de/id/1438-05-30_1_0_12_1_0_217_203"
ri:1438-06-07_3_0_12_1_0_240_225,work,RI XII n. 225,,"Albrecht fordert B. (Leonhard) von Passau auf, sich gemeinsam mit einer Delegation der Stadt Wien, dem B. (Franciscus Malipiero) von Vicenza und dem Propst (Konrad Zeidler) von St. Stephan zu Patriarch (Ludwig II. von Aquileja) zu begeben und diesen in seinem Namen zu veranlassen, die Venezianer, die in königlichem Geleit zu ihm kommen, unbehelligt zu lassen, sowie dafür zu sorgen, daß den Venezia …",available,1438,,high,"dept: RI XII; issuer: Albrecht II.; place: (Iglau); date: 1438-06-07; source: Regesta Imperii, Akad. der Wissenschaften und der Literatur | Mainz, CC BY 4.0; retrieved 2026-10-04; https://www.regesta-imperii.de/id/1438-06-07_3_0_12_1_0_240_225"
ri:1438-06-30_10_0_12_1_0_271_252,work,RI XII n. 252,,Albrecht bestätigt der Stadt Überlingen alle Rechte und Privilegien. G. z. Prage 1438 am nechsten montag nach s. Peters und s. Pauls tag der heiligen zwelfboten... KU.: A. m. d. r. Marquardus Brisacher. R.: Rta.,available,1438,,high,"dept: RI XII; issuer: Albrecht II.; place: Prag; date: 1438-06-30; source: Regesta Imperii, Akad. der Wissenschaften und der Literatur | Mainz, CC BY 4.0; retrieved 2026-10-04; https://www.regesta-imperii.de/id/1438-06-30_10_0_12_1_0_271_252"
ri:1438-07-04_2_0_12_1_0_281_261-1,work,RI XII n. 261/1,,Albrecht bestätigt der Stadt (Bad) Buchau alle Rechte und Privilegien.,available,1438,,high,"dept: RI XII; issuer: Albrecht II.; place: Prag; date: 1438-07-04; source: Regesta Imperii, Akad. der Wissenschaften und der Literatur | Mainz, CC BY 4.0; retrieved 2026-10-04; https://www.regesta-imperii.de/id/1438-07-04_2_0_12_1_0_281_261-1"
ri:1438-07-08_2_0_12_1_0_306_286,work,RI XII n. 286,,Albrecht bestätigt Viktorin von Schönwald alle Güter und Freiheiten unter Eintragung in die tabulae terrae marchionatus nostri Moravie. Data Prage 1438 die octava mensis julii... KU.: A. m. d. r. Johannes Tussek.,available,1438,,high,"dept: RI XII; issuer: Albrecht II.; place: Prag; date: 1438-07-08; source: Regesta Imperii, Akad. der Wissenschaften und der Literatur | Mainz, CC BY 4.0; retrieved 2026-10-04; https://www.regesta-imperii.de/id/1438-07-08_2_0_12_1_0_306_286"
ri:1438-07-22_2_0_12_1_0_327_307,work,RI XII n. 307,,"Albrecht gestattet dem Ammann und Rat von Schwyz, die vom (1436) verstorbenen Gf. Friedrich (VII.) von Toggenburg empfangenen Lehen rechtmäßig behalten zu dürfen, ohne sie vom Reich empfangen zu müssen. G. z. Prag an s. Marien Magdalenen tag 1438 ... KU.: A. m. d. r. Hermannus Hecht.",available,1438,,high,"dept: RI XII; issuer: Albrecht II.; place: Prag; date: 1438-07-22; source: Regesta Imperii, Akad. der Wissenschaften und der Literatur | Mainz, CC BY 4.0; retrieved 2026-10-04; https://www.regesta-imperii.de/id/1438-07-22_2_0_12_1_0_327_307"
ri:1438-08-08_4_0_12_1_0_350_319,work,RI XII n. 319,,"Albrecht desgleichen an die Stadt Basel, doch mit Stellungstermin September 1. Geben im felde bey der Leßna am freytag vor s. Laurencien tag unser rich im ersten jare. KU.: A. m. d. r. Theodericus Ebbrachter. Adresse: Den ersamen burgermeistern und rate der stat zu Basel unseren und des reychs lieben getruwen. Darunter zeitgenössische Empfangsbestätigung: Praesentata secundam post Bartho(lomaeum) …",available,1438,,high,"dept: RI XII; issuer: Albrecht II.; place: im Felde bei Lštění; date: 1438-08-08; source: Regesta Imperii, Akad. der Wissenschaften und der Literatur | Mainz, CC BY 4.0; retrieved 2026-10-04; https://www.regesta-imperii.de/id/1438-08-08_4_0_12_1_0_350_319"
ri:1438-09-13_1_0_12_1_0_372_340,work,RI XII n. 340,,"Albrecht bedankt sich bei Nikolaus Himmel, stellvertretendem Bürgermeister von Wien, und bei der Stadt Wien für das zu seiner Hilfe im Kampfe gegen die Polen entsandte Aufgebot des Bürgermeisters Hans Steger, des Stefan Wirsing und anderer Wiener Bürger, die sich auf Aufforderung gemeinsam mit etlichen Söldnern zu ihm ins Feld begeben haben. Geben im veld bey dem Tabor an samstag nach unser frawn …",available,1438,,high,"dept: RI XII; issuer: Albrecht II.; place: im Felde vor dem Tabor; date: 1438-09-13; source: Regesta Imperii, Akad. der Wissenschaften und der Literatur | Mainz, CC BY 4.0; retrieved 2026-10-04; https://www.regesta-imperii.de/id/1438-09-13_1_0_12_1_0_372_340"
ri:1438-09-30_2_0_12_1_0_394_359,work,RI XII n. 359,,Albrecht belehnt Thomas Reich und diesen als Vormund der Söhne des Hans Reich mit einem Viertel des Zehent und einem halben Gut zu Heuchling. G. z. Prag am nechsten dinsztag nach s. Michels tag anno 38... KU.: Rex. Hermannus.,available,1438,,high,"dept: RI XII; issuer: Albrecht II.; place: Prag; date: 1438-09-30; source: Regesta Imperii, Akad. der Wissenschaften und der Literatur | Mainz, CC BY 4.0; retrieved 2026-10-04; https://www.regesta-imperii.de/id/1438-09-30_2_0_12_1_0_394_359"
ri:1438-10-07_1_0_12_1_0_409_374,work,RI XII n. 374,,"Albrecht gebietet allen seinen Beamten und Untertanen (in Böhmen und Schlesien), B. Alfons von Burgos schnell und sicher, und ohne eine Zahlung zu verlangen, durch ihre Amtsbezirke zu ihm zu befördern. Dat. Prage 1438 die 7. octobris (so Kop.). KU.: Petrus Kalde (so Kop.).",available,1438,,high,"dept: RI XII; issuer: Albrecht II.; place: Prag; date: 1438-10-07; source: Regesta Imperii, Akad. der Wissenschaften und der Literatur | Mainz, CC BY 4.0; retrieved 2026-10-04; https://www.regesta-imperii.de/id/1438-10-07_1_0_12_1_0_409_374"
ri:1438-10-14_4_0_12_1_0_439_404,work,RI XII n. 404,,"Albrecht nimmt Johann Girardi de Sancto Lupo unter die familiares auf. Prage anno ut supra die quarta decima mensis octobris (so RRM, das Jahr ergibt sich aus einer früheren Registereintragung fol. 20v, siehe n. 395, bzw. aus dem Itinerar). KU.: Rex. Pe(trus) Kalde (so RRM).",available,1438,,high,"dept: RI XII; issuer: Albrecht II.; place: Prag; date: 1438-10-14; source: Regesta Imperii, Akad. der Wissenschaften und der Literatur | Mainz, CC BY 4.0; retrieved 2026-10-04; https://www.regesta-imperii.de/id/1438-10-14_4_0_12_1_0_439_404"
ri:1438-10-27_1_0_12_1_0_461_421,work,RI XII n. 421,,"Albrecht teilt Ulrich von Rosenberg mit, daß die Feinde des Reiches und Böhmens (die Polen) in Schlesien eingefallen sind, weshalb er ein allgemeines Aufgebot an das Reich und die Länder der böhmischen Krone erlassen habe (vgl. n. 409, 410), und befiehlt ihm daher, sich eiligst mit Reiterei und Fußvolk unter dem Oberbefehl des Gf. Ulrich von Cilli (vgl. n. 413/a) zu Felde zu begeben. Dán v Žitavě …",available,1438,,high,"dept: RI XII; issuer: Albrecht II.; place: Zittau; date: 1438-10-27; source: Regesta Imperii, Akad. der Wissenschaften und der Literatur | Mainz, CC BY 4.0; retrieved 2026-10-04; https://www.regesta-imperii.de/id/1438-10-27_1_0_12_1_0_461_421"
ri:1438-11-08_2_0_12_1_0_486_441,work,RI XII n. 441,,"Albrecht stimmt dem Kauf genannter Lehen des Leonhard Arberger in Grafenweiden durch Leotolt von Kranichberg zu und belehnt Leotolt damit, doch unbeschadet lehens- und landrechtlicher Bestimmungen. Geben an samstag vor s. Merttentag 1438 ... under unserm insigel, das wir in unserm furstentumb Osterreich geprauchen. KU.: Commissio domini regis per consilium.",available,1438,,high,"dept: RI XII; issuer: Albrecht II.; place: (Görlitz); date: 1438-11-08; source: Regesta Imperii, Akad. der Wissenschaften und der Literatur | Mainz, CC BY 4.0; retrieved 2026-10-04; https://www.regesta-imperii.de/id/1438-11-08_2_0_12_1_0_486_441"
ri:1438-11-12_3_0_12_1_0_501_456,work,RI XII n. 456,,"Albrecht erneuert der Stadt Nürnberg das Privileg von 1438 Mai 3 (siehe n. 46), betreffend die Besichtigung der Reichskleinodien und den Besuch der Nürnberger Messe, unter dem Majestätssiegel. G. z. Gorlitze am mittwochen nach s. Martins tage 1438 ... KU.: A. m. d. r. Gaspar Sligk miles cancellarius. R.: Rta.",available,1438,,high,"dept: RI XII; issuer: Albrecht II.; place: Görlitz; date: 1438-11-12; source: Regesta Imperii, Akad. der Wissenschaften und der Literatur | Mainz, CC BY 4.0; retrieved 2026-10-04; https://www.regesta-imperii.de/id/1438-11-12_3_0_12_1_0_501_456"
ri:1438-11-25_12_0_12_1_0_537_490,work,RI XII n. 490,,Albrecht bestätigt Berthold Volkmer von Nürnberg die Erbschaft und den Kauf folgender Güter: das Dorf Windelsbach mit dem Kirchensatz und dem Gericht einschließlich der Weiher Wurmbach und Etenbach und der Etenbachmühle; die Wurmbachmühle und die Juckasmühle sowie die Weinsberger Wälder; die Backstube und Schenke zu Suntstetten mit Zugehör; den Weiler Gunzendorf mit der Mühle und allem Zugehör; un …,available,1438,,high,"dept: RI XII; issuer: Albrecht II.; place: Breslau; date: 1438-11-25; source: Regesta Imperii, Akad. der Wissenschaften und der Literatur | Mainz, CC BY 4.0; retrieved 2026-10-04; https://www.regesta-imperii.de/id/1438-11-25_12_0_12_1_0_537_490"
ri:1438-12-06_1_0_12_1_0_550_500,work,RI XII n. 500,,"Albrecht bestätigt dem Benediktinerkloster Břevnov (in Prag) alle Freiheiten und Privilegien, die es von den Königen und Kaisern Přemysl Ottokar (II.), Karl (IV.), Sigmund und Wenzel, von Hzg. Boleslav (II.) von Böhmen und vom hl. B. Adalbert von Prag sowie von anderen geistlichen und weltlichen Fürsten erhalten hat und nimmt das Kloster in den Schutz des Reiches und des Königreiches Böhmen bei ei …",available,1438,,high,"dept: RI XII; issuer: Albrecht II.; place: Breslau; date: 1438-12-06; source: Regesta Imperii, Akad. der Wissenschaften und der Literatur | Mainz, CC BY 4.0; retrieved 2026-10-04; https://www.regesta-imperii.de/id/1438-12-06_1_0_12_1_0_550_500"
ri:1438-12-23_1_0_12_1_0_572_519,work,RI XII n. 519,,"Albrecht ermächtigt B. Alfons von Burgos, 40 Tabellionen bzw. öffentliche Notare zu ernennen und ebenso viele Personen zu legitimieren. Datum Wratislavie sub maiestate a. d. 1438 die vicesima tercia mensis decembris (so RRM). KU.: Rex. Petrus (so RRM).",available,1438,,high,"dept: RI XII; issuer: Albrecht II.; place: Breslau; date: 1438-12-23; source: Regesta Imperii, Akad. der Wissenschaften und der Literatur | Mainz, CC BY 4.0; retrieved 2026-10-04; https://www.regesta-imperii.de/id/1438-12-23_1_0_12_1_0_572_519"
ri:1438-12-29_7_0_12_1_0_596_540,work,RI XII n. 540,,Albrecht desgleichen an die Stadt Löbau.,available,1438,,high,"dept: RI XII; issuer: Albrecht II.; place: (Breslau); date: 1438-12-29; source: Regesta Imperii, Akad. der Wissenschaften und der Literatur | Mainz, CC BY 4.0; retrieved 2026-10-04; https://www.regesta-imperii.de/id/1438-12-29_7_0_12_1_0_596_540"
ri:1439-00-00_7_0_12_1_0_1272_1185,work,RI XII n. 1185,,Albrecht privilegiert die Mühlenbesitzer an der Wien (Fluß).,available,1439,,medium,"dept: RI XII; issuer: Albrecht II.; date range: 1439-01-01 to 1439-12-31 (year = first possible); source: Regesta Imperii, Akad. der Wissenschaften und der Literatur | Mainz, CC BY 4.0; retrieved 2026-10-04; https://www.regesta-imperii.de/id/1439-00-00_7_0_12_1_0_1272_1185"
ri:1439-01-09_1_0_12_1_0_621_563,work,RI XII n. 563,,Albrecht gestattet Hzg. Bernhard von Sachsen-Lauenburg den Satz der Verpfändung des Schlosses Artlenburg samt Besitzungen an die Stadt Lüneburg (vgl. n. 138) um 3000 Mark Pfennige auf 20.000 Mark Pfennige zu erhöhen. G. z. Breßlaw anno 1439 am freytag nach der heiligen dryer kunig tag... (so RRM). KU.: Rex. Hermannus (so RRM).,available,1439,,high,"dept: RI XII; issuer: Albrecht II.; place: Breslau; date: 1439-01-09; source: Regesta Imperii, Akad. der Wissenschaften und der Literatur | Mainz, CC BY 4.0; retrieved 2026-10-04; https://www.regesta-imperii.de/id/1439-01-09_1_0_12_1_0_621_563"
ri:1439-01-28_1_0_12_1_0_643_581c,work,RI XII n. 581c,,"Albrecht läßt sich durch die Mitglieder des von ihm abgesetzten alten Breslauer Rates, Heinrich Jenkwitz, den ehemaligen Kämmerer, und (Nikolaus) Sachwitz, die Kassen der Stadt Breslau übergeben und überantwortet sie dem neu eingesetzten Rat (siehe n. 581/b).",available,1439,,high,"dept: RI XII; issuer: Albrecht II.; place: Breslau; date: 1439-01-28; source: Regesta Imperii, Akad. der Wissenschaften und der Literatur | Mainz, CC BY 4.0; retrieved 2026-10-04; https://www.regesta-imperii.de/id/1439-01-28_1_0_12_1_0_643_581c"
ri:1439-02-10_3_0_12_1_0_666_603,work,RI XII n. 603,,"Albrecht bestätigt nach Genehmigung durch das Konzil von Basel und durch den B. Konrad von Breslau dem Abt Jodokus (de Czeginhals) des Augustinerchorherrenstiftes Unserer Lieben Frau auf dem Sande zu Breslau die Verlegung der Propstei Görkau (Jirkov), die dem genannten Stift gehört, zur Pfarre der Stadt Zobten (Sobótka). G. z. Breßlaw 1439 am nechsten dinstag nach s. Dorothentag. KU.: A. m. d. r. …",available,1439,,high,"dept: RI XII; issuer: Albrecht II.; place: Breslau; date: 1439-02-10; source: Regesta Imperii, Akad. der Wissenschaften und der Literatur | Mainz, CC BY 4.0; retrieved 2026-10-04; https://www.regesta-imperii.de/id/1439-02-10_3_0_12_1_0_666_603"
ri:1439-02-19_3_0_12_1_0_689_624,work,RI XII n. 624,,"Albrecht meldet Hzg. Friedrich (II.) von Sachsen den Abschluß eines Waffenstillstandes bis zum 24. Juni zwischen ihm und dem Kg. (Władisław III.) von Polen (am 10. Februar), sendet eine Abschrift der Waffenstillstandsurkunde mit und bittet den Hzg., die Bestimmung bezüglich der Gefangenen ‒ Fristerstreckung der Lösegeldzahlungen ebenfalls bis 24. Juni ‒ zu beachten, zumal da er ihn in den Waffenst …",available,1439,,high,"dept: RI XII; issuer: Albrecht II.; place: Breslau; date: 1439-02-19; source: Regesta Imperii, Akad. der Wissenschaften und der Literatur | Mainz, CC BY 4.0; retrieved 2026-10-04; https://www.regesta-imperii.de/id/1439-02-19_3_0_12_1_0_689_624"
ri:1439-02-28_1_0_12_1_0_713_648,work,RI XII n. 648,,"Albrecht bestätigt dem Zisterzienserkloster Grüssau alle Privilegien und Güter, insbesondere auch den Kauf der Befestigungswerke Wiben samt Zubehör. Datum Wratislavie 1439 die ultima mensis februarii. KU.: A. m. d. r. Petrus Kalde prepositus Northusiensis. R.: Rta Johannes Richter.",available,1439,,high,"dept: RI XII; issuer: Albrecht II.; place: Breslau; date: 1439-02-28; source: Regesta Imperii, Akad. der Wissenschaften und der Literatur | Mainz, CC BY 4.0; retrieved 2026-10-04; https://www.regesta-imperii.de/id/1439-02-28_1_0_12_1_0_713_648"
ri:1439-03-05_1_0_12_1_0_733_667,work,RI XII n. 667,,"Albrecht bestätigt die in seinem Auftrag von Hartung Klux und Heinrich von Kottwitz kommissarisch getroffene Entscheidung im Streit der Stadt Schweidnitz mit den dortigen Bäckern, den bangmeistern ... von dem freyen brotmargkt doselbst, und befiehlt vorbehaltlich anderer bestehender Rechte des freien Schweidnitzer Brotmarktes die Beachtung nachstehend angeführter Statuten: 1. Grundsätzlich haben d …",available,1439,,high,"dept: RI XII; issuer: Albrecht II.; place: Breslau; date: 1439-03-05; source: Regesta Imperii, Akad. der Wissenschaften und der Literatur | Mainz, CC BY 4.0; retrieved 2026-10-04; https://www.regesta-imperii.de/id/1439-03-05_1_0_12_1_0_733_667"
ri:1439-04-11_1_0_12_1_0_758_691,work,RI XII n. 691,,"Albrecht teilt Konrad von Weinsberg mit, daß er 1. den Bericht (Konrads) über Konzilsangelegenheiten empfangen habe, doch könne er sich darum erst nach dem Mainzer Tag (1439 März‒April) kümmern; 2. sich wegen der Polen und Türken, die auf Veranlassung der Polen bereits in Ungarn liegen, nicht mit der von Konrad vorgeschlagenen Vermittlung zwischen den Königen von Frankreich und England befassen kö …",available,1439,,high,"dept: RI XII; issuer: Albrecht II.; place: Wien; date: 1439-04-11; source: Regesta Imperii, Akad. der Wissenschaften und der Literatur | Mainz, CC BY 4.0; retrieved 2026-10-04; https://www.regesta-imperii.de/id/1439-04-11_1_0_12_1_0_758_691"
ri:1439-04-14_1_0_12_1_0_780_712,work,RI XII n. 712,,"Albrecht bevollmächtigt den Ritter Stefan Missinger und den Passauer Domherrn Heinrich Barnter, Pfarrer zu Falkenstein, auf dem für April 23 angesetzten Nürnberger Tag in seinem Namen über die Auslösung des Herzogtums Luxemburg, der Grafschaft Chiny und der Landvogtei im Elsaß aus dem Pfand Elisabeths von Görlitz, Pfalzgfin bei Rhein und Hzgin von Bayern, gemäß der Sachlage des Pfandbriefes, den E …",available,1439,,high,"dept: RI XII; issuer: Albrecht II.; place: Wien; date: 1439-04-14; source: Regesta Imperii, Akad. der Wissenschaften und der Literatur | Mainz, CC BY 4.0; retrieved 2026-10-04; https://www.regesta-imperii.de/id/1439-04-14_1_0_12_1_0_780_712"
ri:1439-04-19_4_0_12_1_0_803_735,work,RI XII n. 735,,"Albrecht belehnt Peter von Aslabing als Vormund der Anna Arlenbussinen mit dem Zehent vor den vier Toren Ulms. G. z. Wienn am sontag Misericordiadomini anno ut supra (so RRM, das Jahr ergibt sich aus der davorstehenden Registereintragung fol. 40r, siehe n. 734). KU.: Rex. Marquardus (so RRM).",available,1439,,high,"dept: RI XII; issuer: Albrecht II.; place: Wien; date: 1439-04-19; source: Regesta Imperii, Akad. der Wissenschaften und der Literatur | Mainz, CC BY 4.0; retrieved 2026-10-04; https://www.regesta-imperii.de/id/1439-04-19_4_0_12_1_0_803_735"
ri:1439-04-20_26_0_12_1_0_832_764,work,RI XII n. 764,,(Albrecht desgleichen) durch verschiedene genannte Boten und Beglaubigte (mit unbekannter gewünschter Truppenstärke) an Mkgf. Jakob von Baden,available,1439,,high,"dept: RI XII; issuer: Albrecht II.; place: (Wien); date: 1439-04-20; source: Regesta Imperii, Akad. der Wissenschaften und der Literatur | Mainz, CC BY 4.0; retrieved 2026-10-04; https://www.regesta-imperii.de/id/1439-04-20_26_0_12_1_0_832_764"
ri:1439-04-20_46_0_12_1_0_852_784,work,RI XII n. 784,,(Albrecht desgleichen) durch verschiedene genannte Boten und Beglaubigte (mit unbekannter gewünschter Truppenstärke) an die (Grafen) von Solms,available,1439,,high,"dept: RI XII; issuer: Albrecht II.; place: (Wien); date: 1439-04-20; source: Regesta Imperii, Akad. der Wissenschaften und der Literatur | Mainz, CC BY 4.0; retrieved 2026-10-04; https://www.regesta-imperii.de/id/1439-04-20_46_0_12_1_0_852_784"
ri:1439-04-26_1_0_12_1_0_869_800,work,RI XII n. 800,,"Albrecht bestätigt seinem Kanzler Kaspar Schlick die von diesem vorgelegten Privilegien K. Sigmunds über die Erhebung in den Freiherrenstand, die Verleihung der Burg und Stadt Bassano von 1431 August 21, über die gleichnamige Herrschaft und andere Güter und Schenkungen von 1433 Mai 31 und über die Erhebung zum Grafen von Bassano einschließlich des privilegiums exemtionis von 1437 Oktober 30. G. z. …",available,1439,,high,"dept: RI XII; issuer: Albrecht II.; place: Preßburg; date: 1439-04-26; source: Regesta Imperii, Akad. der Wissenschaften und der Literatur | Mainz, CC BY 4.0; retrieved 2026-10-04; https://www.regesta-imperii.de/id/1439-04-26_1_0_12_1_0_869_800"
ri:1439-04-28_8_0_12_1_0_884_814,work,RI XII n. 814,,Albrecht desgleichen an die Stadt Mühlhausen (Elsaß). Datierung und KU. wie n. 811.,available,1439,,high,"dept: RI XII; issuer: Albrecht II.; place: Preßburg; date: 1439-04-28; source: Regesta Imperii, Akad. der Wissenschaften und der Literatur | Mainz, CC BY 4.0; retrieved 2026-10-04; https://www.regesta-imperii.de/id/1439-04-28_8_0_12_1_0_884_814"
ri:1439-05-01_27_0_12_1_0_921_851,work,RI XII n. 851,,Albrecht desgleichen an Smasmann von Rapoltstein,available,1439,,high,"dept: RI XII; issuer: Albrecht II.; place: (Preßburg); date: 1439-05-01; source: Regesta Imperii, Akad. der Wissenschaften und der Literatur | Mainz, CC BY 4.0; retrieved 2026-10-04; https://www.regesta-imperii.de/id/1439-05-01_27_0_12_1_0_921_851"
ri:1439-05-01_47_0_12_1_0_941_871,work,RI XII n. 871,,Albrecht desgleichen an Mkgf. (Friedrich I.) von Brandenburg,available,1439,,high,"dept: RI XII; issuer: Albrecht II.; place: (Preßburg); date: 1439-05-01; source: Regesta Imperii, Akad. der Wissenschaften und der Literatur | Mainz, CC BY 4.0; retrieved 2026-10-04; https://www.regesta-imperii.de/id/1439-05-01_47_0_12_1_0_941_871"
ri:1439-05-01_67_0_12_1_0_961_891,work,RI XII n. 891,,Albrecht desgleichen an die Stadt Ulm (und die Städte des Schwäbischen Bundes),available,1439,,high,"dept: RI XII; issuer: Albrecht II.; place: (Preßburg); date: 1439-05-01; source: Regesta Imperii, Akad. der Wissenschaften und der Literatur | Mainz, CC BY 4.0; retrieved 2026-10-04; https://www.regesta-imperii.de/id/1439-05-01_67_0_12_1_0_961_891"
ri:1439-05-02_4_0_12_1_0_979_909,work,RI XII n. 909,,"Albrecht legitimiert Hermann von Einenberg, genannt Lovenberg. Datum Pozonii sub maiestate a. d. 1439 die secunda mensis maii (so RRM). KU.: Rex. Petrus (so RRM).",available,1439,,high,"dept: RI XII; issuer: Albrecht II.; place: Preßburg; date: 1439-05-02; source: Regesta Imperii, Akad. der Wissenschaften und der Literatur | Mainz, CC BY 4.0; retrieved 2026-10-04; https://www.regesta-imperii.de/id/1439-05-02_4_0_12_1_0_979_909"
ri:1439-05-10_1_0_12_1_0_1002_928,work,RI XII n. 928,,"Albrecht gibt den Brüdern Heinrich und Johann Fleckel ein Wappen. Pozonii dominica proxima post Johannis Anteportamlatinam anno ut supra (so RRM, das Jahr ergibt sich aus einer früheren Registereintragung fol. 43v, siehe n. 899, bzw. aus dem Itinerar). KU.: Rex. Wilhelmus (so RRM).",available,1439,,high,"dept: RI XII; issuer: Albrecht II.; place: Preßburg; date: 1439-05-10; source: Regesta Imperii, Akad. der Wissenschaften und der Literatur | Mainz, CC BY 4.0; retrieved 2026-10-04; https://www.regesta-imperii.de/id/1439-05-10_1_0_12_1_0_1002_928"
ri:1439-05-29_2_0_12_1_0_1023_949,work,RI XII n. 949,,"Albrecht ermächtigt Johannes von Eich, von den Juden Italiens den dritten Pfennig einzuheben, und erteilt ihm dazu alle nötigen Vollmachten. Datum Bude die vigesima nona mensis maii a. d. etc. 39. (so RRM). KU.: Rex. Marquardus (so RRM).",available,1439,,high,"dept: RI XII; issuer: Albrecht II.; place: Ofen; date: 1439-05-29; source: Regesta Imperii, Akad. der Wissenschaften und der Literatur | Mainz, CC BY 4.0; retrieved 2026-10-04; https://www.regesta-imperii.de/id/1439-05-29_2_0_12_1_0_1023_949"
ri:1439-06-05_2_0_12_1_0_1046_972,work,RI XII n. 972,,"Albrecht berichtet, daß er dem Verkauf zweier Lehen, einer Hofstatt und zweier Obstgärten, in Günselsdorf, Pfarre Prinzersdorf (NÖ.), des Christoph Ochsenpeck an Wenzel Nürnberger zu Günselsdorf zu Burgrecht zugestimmt hat, und bestimmt, daß der Käufer die genannten Lehen zu Burgrecht innehaben und nützen, doch jährlich am 29. September davon 32 Wiener Pfennige an die Burgkapelle zu Wien zahlen so …",available,1439,,high,"dept: RI XII; issuer: Albrecht II.; place: (Ofen); date: 1439-06-05; source: Regesta Imperii, Akad. der Wissenschaften und der Literatur | Mainz, CC BY 4.0; retrieved 2026-10-04; https://www.regesta-imperii.de/id/1439-06-05_2_0_12_1_0_1046_972"
ri:1439-06-19_11_0_12_1_0_1077_1003,work,RI XII n. 1003,,"Albrecht ernennt Wilhelm Tatz, Kanoniker zu Freising, zum Sekretär. Datum Bude sub parvo pendenti feria sexta post Viti anno ut supra (so RRM, das Jahr ergibt sich aus einer früheren Registereintragung fol. 57r, siehe n. 983, bzw. aus dem Itinerar). KU.: Rex. Petrus (so RRM).",available,1439,,high,"dept: RI XII; issuer: Albrecht II.; place: Ofen; date: 1439-06-19; source: Regesta Imperii, Akad. der Wissenschaften und der Literatur | Mainz, CC BY 4.0; retrieved 2026-10-04; https://www.regesta-imperii.de/id/1439-06-19_11_0_12_1_0_1077_1003"
ri:1439-06-27_1_0_12_1_0_1089_1015,work,RI XII n. 1015,,"Albrecht nimmt Quilico de Bertachino aus Verona unter die familiares auf. Bude 27. iunii anno ut supra (so RRM, das Jahr ergibt sich aus der davorstehenden Registereintragung fol. 58v, siehe n. 1009, bzw. aus dem Itinerar). KU.: Rex. Petrus (so RRM).",available,1439,,high,"dept: RI XII; issuer: Albrecht II.; place: Ofen; date: 1439-06-27; source: Regesta Imperii, Akad. der Wissenschaften und der Literatur | Mainz, CC BY 4.0; retrieved 2026-10-04; https://www.regesta-imperii.de/id/1439-06-27_1_0_12_1_0_1089_1015"
ri:1439-06-29_26_0_12_1_0_1120_1046,work,RI XII n. 1046,,"Albrecht gestattet dem Wenzel von Weitenmühl, dem Diemer Kunig von Hagenau den Verkauf eines Afterlehens, und zwar des Gerichtshofes und der Meierei zu Weitbruch, genannt der Kantzhoff, der jährlich 15 Viertel Hafer und 2 Pfund Straßburger Gulter abwirft, zu erlauben. G. z. Ofen an s. Peter und Pauls tag anno ut supra (so RRM, das Jahr ergibt sich aus der davorstehenden Registereintragung fol. 60v …",available,1439,,high,"dept: RI XII; issuer: Albrecht II.; place: Ofen; date: 1439-06-29; source: Regesta Imperii, Akad. der Wissenschaften und der Literatur | Mainz, CC BY 4.0; retrieved 2026-10-04; https://www.regesta-imperii.de/id/1439-06-29_26_0_12_1_0_1120_1046"
ri:1439-07-03_1_0_12_1_0_1134_1059,work,RI XII n. 1059,,Albrecht bestätigt dem Abt Eglolf und dem Konvent von St. Gallen alle Rechte und Privilegien und nimmt das Kloster in den Schutz des Reiches. G. z. Ofen 1439 am nechsten frytag nach s. Peters und Pauls tag... KU.: A. m. d. r. Marquardus Brisacher. R.: Rta Johannes Richter. Auf der Rückseite ein zeitgenössisches Regest (des Empfängers) und Taxvermerke.,available,1439,,high,"dept: RI XII; issuer: Albrecht II.; place: Ofen; date: 1439-07-03; source: Regesta Imperii, Akad. der Wissenschaften und der Literatur | Mainz, CC BY 4.0; retrieved 2026-10-04; https://www.regesta-imperii.de/id/1439-07-03_1_0_12_1_0_1134_1059"
ri:1439-07-09_3_0_12_1_0_1156_1072,work,RI XII n. 1072,,Albrecht gibt Konrad Wolf das in der Urk. dargestellte Wappen. G. z. Ofen 1439 am nechsten donerstag nach unser lieben Frawen tag visitacionis... KU.: A. m. d. r. Marquardus Brisacher. R.: Rta Johannes Richter.,available,1439,,high,"dept: RI XII; issuer: Albrecht II.; place: Ofen; date: 1439-07-09; source: Regesta Imperii, Akad. der Wissenschaften und der Literatur | Mainz, CC BY 4.0; retrieved 2026-10-04; https://www.regesta-imperii.de/id/1439-07-09_3_0_12_1_0_1156_1072"
ri:1439-07-15_3_0_12_1_0_1178_1094,work,RI XII n. 1094,,"Albrecht betont gegenüber Ulrich von Rosenberg unter Hinweis auf einen früheren Brief die besondere Bedeutung der für den 8. September in Bartfa (Bardějov) geplanten Zusammenkunft mit dem polnischen Kg. (Władysław III.) und seinem Bruder (Kazimierz) für das Königreich Böhmen, ersucht Ulrich nach Absprache mit Meinhart von Neuhaus, Hauptmann (von Böhmen), Vertreter der böhmischen Stände dorthin zu …",available,1439,,high,"dept: RI XII; issuer: Albrecht II.; place: Ofen; date: 1439-07-15; source: Regesta Imperii, Akad. der Wissenschaften und der Literatur | Mainz, CC BY 4.0; retrieved 2026-10-04; https://www.regesta-imperii.de/id/1439-07-15_3_0_12_1_0_1178_1094"
ri:1439-08-01_9_0_12_1_0_1198_1114,work,RI XII n. 1114,,Albrecht desgleichen an EB. Johann von Salzburg.,available,1439,,high,"dept: RI XII; issuer: Albrecht II.; place: (bei Szegedin); date: 1439-08-01; source: Regesta Imperii, Akad. der Wissenschaften und der Literatur | Mainz, CC BY 4.0; retrieved 2026-10-04; https://www.regesta-imperii.de/id/1439-08-01_9_0_12_1_0_1198_1114"
ri:1439-08-27_1_0_12_1_0_1223_1139,work,RI XII n. 1139,,"Albrecht gestattet seinem Protonotar Dietrich Ebbracht, die Pfründe der Kirche zu Speyer zu vertauschen. Datum in exercitu nostro campestri in Kysdy prope Teyssiam vigesima septima die augusti a. d. ut supra (so RRM, das Jahr ergibt sich aus einer früheren Registereintragung fol. 69v, siehe n. 1132, bzw. aus dem Itinerar). KU.: Rex. Hermannus (so RRM).",available,1439,,high,"dept: RI XII; issuer: Albrecht II.; place: im Feldlager in Kisdi an der Theiß; date: 1439-08-27; source: Regesta Imperii, Akad. der Wissenschaften und der Literatur | Mainz, CC BY 4.0; retrieved 2026-10-04; https://www.regesta-imperii.de/id/1439-08-27_1_0_12_1_0_1223_1139"
ri:1439-09-21_4_0_12_1_0_1238_1152,work,RI XII n. 1152,,"Albrecht beauftragt Hzg. Ludwig (VIII.) den Jüngeren von Bayern, den Bernhard von Westernach und den Gf. Johann (I.) von Öttingen wegen Gefangennahme, Beraubung und Schatzung der an den königlichen Hof reisenden Straßburger Gesandten Ritter Arbogast von Kageneck und Altammanmeister Konrad Armbruster zu einem Rechttag vorzuladen und zur Teilnahme an diesem Tag auch den Schwäbischen Städtebund sowie …",available,1439,,high,"dept: RI XII; issuer: Albrecht II.; place: (Peterwardein); date: 1439-09-21; source: Regesta Imperii, Akad. der Wissenschaften und der Literatur | Mainz, CC BY 4.0; retrieved 2026-10-04; https://www.regesta-imperii.de/id/1439-09-21_4_0_12_1_0_1238_1152"
ri:1439-12-02_1_0_12_1_0_661_598,work,RI XII n. 598,,"Albrecht befiehlt bei einer Strafe von 500(!) Mark Goldes, die Kreuzherren mit dem roten Stern zu Breslau nicht an der Benützung ihrer Mühlen zu hindern.",available,1439,,high,"dept: RI XII; issuer: Albrecht II.; place: (Breslau); date: 1439-12-02; source: Regesta Imperii, Akad. der Wissenschaften und der Literatur | Mainz, CC BY 4.0; retrieved 2026-10-04; https://www.regesta-imperii.de/id/1439-12-02_1_0_12_1_0_661_598"
ri:1440-05-17_1_0_13_4_0_9572_2,work,[RI XIII] H. 4 n. 2,,"Kg. F. befiehlt Bürgermeistern und Rat der Stadt Frankfurt, die am vergangenen sand Mertins tag(1439 November 11) fällig gewesene Stadtsteuer unverzüglich an den von ihm beauftragten Erbkämmerer Konrad von Weinsberg, seinen Rat, oder dessen Bevollmächtigten zu bezahlen, der ihnen dafür die kgl. Quittung aushändigen wird.",available,1440,,high,"dept: RI XIII; issuer: Friedrich III.; place: Wien; date: 1440-05-17; source: Regesta Imperii, Akad. der Wissenschaften und der Literatur | Mainz, CC BY 4.0; retrieved 2026-10-04; https://www.regesta-imperii.de/id/1440-05-17_1_0_13_4_0_9572_2"
ri:1440-08-12_1_0_13_12_0_14_14,work,[RI XIII] H. 12 n. 14,,"Kg.F. befiehlt seinen Mautnern und Amtleuten, Bf. Silvester von Chiemsee zu notdurften und speisung desselben sowie seines Stiftes in diesem Jahr an allen Mautstellen den Transport von 24 Dreiling Wein auf dem wasser (der Donau) hinauf mautfrei zu gestatten, was gemäß Briefen auch in den vergangenen Jahren bewilligt worden war1. Mit dem Siegel, das wir in unsern furstentumern untzher gepraucht hab …",available,1440,,high,"dept: RI XIII; issuer: Friedrich III.; place: Hainburg; date: 1440-08-12; source: Regesta Imperii, Akad. der Wissenschaften und der Literatur | Mainz, CC BY 4.0; retrieved 2026-10-04; https://www.regesta-imperii.de/id/1440-08-12_1_0_13_12_0_14_14"
ri:1440-11-17_1_0_13_24_0_2_2,work,[RI XIII] H. 24 n. 2,,"Kg.F. schreibt1 in der Streitsache zwischen Eckhard Westerans von Danzig und der Stadt Wismar2 sowie wegen zweier Schiffe, die Westerans durch Hinrich Rapesulver3 genommen wurden.",available,1440,,high,"dept: RI XIII; issuer: Friedrich III.; place: [–]; date: 1440-11-17; source: Regesta Imperii, Akad. der Wissenschaften und der Literatur | Mainz, CC BY 4.0; retrieved 2026-10-04; https://www.regesta-imperii.de/id/1440-11-17_1_0_13_24_0_2_2"
ri:1441-02-10_1_0_13_0_0_227_227,work,Chmel n. 227,,"K. Friedrich verleiht, als Vormund K. Ladislaus P., dem Georg von Eckartzaw mehrere Lehen. '- Am Erssten das dorff Purckstall bey dem Menhartperg mit seiner zuegehorung. Item die vessten im Gerewt mitsambt den Kirchlehn und die Manschafft so zu den zweien hofen in der Mawr und was zu den vorgenanntn guetern, und wie das genannt, und wo das gelegen ist und gehört; Item die zwaj Dörffer in der Mawr …",available,1441,,high,"dept: RI XIII; issuer: Friedrich III.; place: Neustadt; date: 1441-02-10; source: Regesta Imperii, Akad. der Wissenschaften und der Literatur | Mainz, CC BY 4.0; retrieved 2026-10-04; https://www.regesta-imperii.de/id/1441-02-10_1_0_13_0_0_227_227"
ri:1441-07-00_1_0_13_14_0_70_70,work,[RI XIII] H. 14 n. 70,,"Kg. F. gebietet Richter und Rat der Stadt Steyr, ihren Bürger Sigmund Schoberl anzuhalten, das zugunsten der Nürnberger Bürger Fritz Wagner und Albrecht Cristlein ergangene Urteil ihres Gerichts zu befolgen.",available,1441,,medium,"dept: RI XIII; issuer: Friedrich III.; place: [-]; date range: 1441-07-01 to 1441-07-31 (year = first possible); source: Regesta Imperii, Akad. der Wissenschaften und der Literatur | Mainz, CC BY 4.0; retrieved 2026-10-04; https://www.regesta-imperii.de/id/1441-07-00_1_0_13_14_0_70_70"
ri:1441-07-30_2_0_13_15_0_13_13,work,[RI XIII] H. 15 n. 13,,"Kg. F. gebietet Albrecht von Wallenfels in der gleichen Angelegenheit, die Sache bis zu seiner Entscheidung im gütlichen besteen und beleiben zu lassen und die Regensburger in keiner Weise zu schädigen und verlangt schriftliche Antwort durch den Boten dieses Briefes.",available,1441,,high,"dept: RI XIII; issuer: Friedrich III.; place: [-]; date: 1441-07-30; source: Regesta Imperii, Akad. der Wissenschaften und der Literatur | Mainz, CC BY 4.0; retrieved 2026-10-04; https://www.regesta-imperii.de/id/1441-07-30_2_0_13_15_0_13_13"
ri:1441-11-28_1_0_13_14_0_73_73,work,[RI XIII] H. 14 n. 73,,"Kg. F. verleiht den Gerichtsbann in der Stadt Windsheim auf Ersuchen des Rates dem dortigen Bürger Konrad Farmbacher (Varenbacher), mit dem Recht, den Bann von unsern wegen von der hannt weiterzuverleihen als sich gepuret und wie es von seinen Vorgängern, römischen Kaisern und Königen gehandhabt worden sei.",available,1441,,high,"dept: RI XIII; issuer: Friedrich III.; place: Graz; date: 1441-11-28; source: Regesta Imperii, Akad. der Wissenschaften und der Literatur | Mainz, CC BY 4.0; retrieved 2026-10-04; https://www.regesta-imperii.de/id/1441-11-28_1_0_13_14_0_73_73"
ri:1442-00-00_26_0_13_0_0_1330_1330,work,Chmel n. 1330,,"verleiht dem Berchtold von Wickershaim als einem Lehenträger Erharts, Sohn des Erhart Lannden, den vierten Theil des Zehents, der erblich auf denselben gekommen ist.",available,1442,,medium,"dept: RI XIII; issuer: Friedrich III.; place: et sine loco; date range: 1442-01-01 to 1442-12-31 (year = first possible); source: Regesta Imperii, Akad. der Wissenschaften und der Literatur | Mainz, CC BY 4.0; retrieved 2026-10-04; https://www.regesta-imperii.de/id/1442-00-00_26_0_13_0_0_1330_1330"
ri:1442-00-00_8_0_13_0_0_840_840,work,Chmel n. 840,,"verleiht den Grafen Johann, Jörg und Wilhelm zu Wertheim alle ihre Halsgerichte, Geleite, Zentgerichte, Zölle, 'Wiltpenne Closterschirm und Vogelweide Muncze Bergkwerch Juden und Judenfrihait ...'",available,1442,,medium,"dept: RI XIII; issuer: Friedrich III.; place: Frankfurt; date range: 1442-01-01 to 1442-12-31 (year = first possible); source: Regesta Imperii, Akad. der Wissenschaften und der Literatur | Mainz, CC BY 4.0; retrieved 2026-10-04; https://www.regesta-imperii.de/id/1442-00-00_8_0_13_0_0_840_840"
ri:1442-04-21_1_0_13_14_0_95_95,work,[RI XIII] H. 14 n. 95,,"Kg. F. bestätigt Abt Konrad und dem Konvent des Benediktinerklosters Ettal, in der Diöz. Freising, alle Privilegien und Rechte.",available,1442,,high,"dept: RI XIII; issuer: Friedrich III.; place: Augsburg; date: 1442-04-21; source: Regesta Imperii, Akad. der Wissenschaften und der Literatur | Mainz, CC BY 4.0; retrieved 2026-10-04; https://www.regesta-imperii.de/id/1442-04-21_1_0_13_14_0_95_95"
ri:1442-05-31_4_0_13_4_0_9595_25,work,[RI XIII] H. 4 n. 25,,"Kg. F. quittiert Bürgermeistern, Schöffen und Rat der Stadt Frankfurt die Bezahlung der gewöhnlichen Steuer in Höhe von 1114 Pf. (Hl.) abzüglich 3 1/2 Sch. (Hl.), das sind in Gold 928 fl. 4 1/2 Schilling (Hl.), die dem heiligen reich am kommenden sand Merteins tag (1442 November 11) fällig wird und die sie auf seinen Wunsch zu seiner Notdurft zu unsern hannden in unsere kunigliche camer im voraus …",available,1442,,high,"dept: RI XIII; issuer: Friedrich III.; place: Frankfurt; date: 1442-05-31; source: Regesta Imperii, Akad. der Wissenschaften und der Literatur | Mainz, CC BY 4.0; retrieved 2026-10-04; https://www.regesta-imperii.de/id/1442-05-31_4_0_13_4_0_9595_25"
ri:1442-06-18_1_0_13_25_0_17_17,work,[RI XIII] H. 25 n. 17,,"Kg. F. bestätigt Eb. Dietrich (II.) von Köln, nahezu gleichlautend mit einer weiteren Bestätigung vom selben Tag1, alle Privilegien und Rechte, die dieser und die Kölner Kirche von seinen Vorgängern erhalten haben und die nachfolgend inseriert sind: Eine Urkunde Kg. Sigismunds von 1414 November 82, die eine Urkunde Kg. Ruprechts von 1401 Januar 73 bestätigt, in der zahlreiche weitere Herrscherurku …",available,1442,,high,"dept: RI XIII; issuer: Friedrich III.; place: Aachen; date: 1442-06-18; source: Regesta Imperii, Akad. der Wissenschaften und der Literatur | Mainz, CC BY 4.0; retrieved 2026-10-04; https://www.regesta-imperii.de/id/1442-06-18_1_0_13_25_0_17_17"
ri:1442-07-10_1_0_13_0_0_664_664,work,Chmel n. 664,,ertheilt einen Gerichtsbrief zwischen Hanns Schrotel und denen von Schweinfurt. ('Judex fuit marchio de Rotl.'),available,1442,,high,"dept: RI XIII; issuer: Friedrich III.; place: Frankfurt; date: 1442-07-10; source: Regesta Imperii, Akad. der Wissenschaften und der Literatur | Mainz, CC BY 4.0; retrieved 2026-10-04; https://www.regesta-imperii.de/id/1442-07-10_1_0_13_0_0_664_664"
ri:1442-07-17_9_0_13_0_0_729_729,work,Chmel n. 729,,"bestätigt dem Heinrich von Fleckenstein, dem alten, jene Reichslehen, welche ihm zu K. Albrechts (II.) Zeiten der Herzog Ludwig von Bayern, Pfalzgraf bey Rhein, des heil. Röm. Reichs Erztruchsess, verliehen hatte, gelegen in der Reichslandvogtey in Nieder-Elsass. 'Mit namen zehende halb pfunt gelts Strassburger werunge uf ettlichen husern in der stat zu Obern Ehenheim gelegen die man zu zinse davo …",available,1442,,high,"dept: RI XIII; issuer: Friedrich III.; place: Frankfurt; date: 1442-07-17; source: Regesta Imperii, Akad. der Wissenschaften und der Literatur | Mainz, CC BY 4.0; retrieved 2026-10-04; https://www.regesta-imperii.de/id/1442-07-17_9_0_13_0_0_729_729"
ri:1442-07-25_4_0_13_0_0_786_786,work,Chmel n. 786,,"verleiht dem Wenzel von der Weitenmühle, Wendling von Eschnals und Jörg Hüttel in Gemeinschaft 'die acker und güter genant des kunigs güter oder das Buneygut in Goydercheimer bann gelegen dieselben guter dhainen zehenden gebent nach laut ires lehenbriefes ...' Früher hatte der königlicher Protonotar Hermann Hecht diese Güter in Gemeinschaft mit dem Wenzla von der Weitenmühl.",available,1442,,high,"dept: RI XIII; issuer: Friedrich III.; place: Frankfurt; date: 1442-07-25; source: Regesta Imperii, Akad. der Wissenschaften und der Literatur | Mainz, CC BY 4.0; retrieved 2026-10-04; https://www.regesta-imperii.de/id/1442-07-25_4_0_13_0_0_786_786"
ri:1442-08-01_10_0_13_0_0_916_916,work,Chmel n. 916,,"bestätigt als Vormund K. Ladislaus P. und als Herzog von Oesterreich die Privilegien der Pfarre Berchtoldsdorf. 'Daz fur uns komen ist der ersam meister Thoman Ebendorffer von Haselbach lerer der heiligen geschrifft, korherr zu sannd Stephan ze Wienn und pfarrer zu Berchtoldsdorf unser rate ... Haben wir angesehen desselben meister Thomas vleissig bete ouch willig und getrew dienst, die er lang ze …",available,1442,,high,"dept: RI XIII; issuer: Friedrich III.; place: Frankfurt; date: 1442-08-01; source: Regesta Imperii, Akad. der Wissenschaften und der Literatur | Mainz, CC BY 4.0; retrieved 2026-10-04; https://www.regesta-imperii.de/id/1442-08-01_10_0_13_0_0_916_916"
ri:1442-08-09_4_0_13_0_0_956_956,work,Chmel n. 956,,"tritt als Gerhab des K. Ladislaus P. und seiner Geschwister, dem Jacob, Churfürsten, und dem Stifte Trier die Veste und Herrschaft Schönecke ab, ohne Vorbehalt einiger Lösung, Wiederkaufs, oder anderer Rechte.",available,1442,,high,"dept: RI XIII; issuer: Friedrich III.; place: Frankfurt; date: 1442-08-09; source: Regesta Imperii, Akad. der Wissenschaften und der Literatur | Mainz, CC BY 4.0; retrieved 2026-10-04; https://www.regesta-imperii.de/id/1442-08-09_4_0_13_0_0_956_956"
ri:1442-08-17_2_0_13_14_0_154_154,work,[RI XIII] H. 14 n. 154,,"Kg. F. lädt den Deutschordensmeister Eberhard von Seinsheim aufgrund einer Klage von Bürgermeistern und Rat der Stadt Nürnberg, er habe sie entgegen der von Kg. Kff. und Fürsten beschlossenen Protestation1 und unter Mißachtung seiner kgl. Gebote2 sowie der Nürnberger Freiheiten vor dem Konzil zu Basel verklagt und dort Urteile erwirkt, auf den 45. Tag nach Erhalt dieses Briefes bzw. den ersten dar …",available,1442,,high,"dept: RI XIII; issuer: Friedrich III.; place: Frankfurt; date: 1442-08-17; source: Regesta Imperii, Akad. der Wissenschaften und der Literatur | Mainz, CC BY 4.0; retrieved 2026-10-04; https://www.regesta-imperii.de/id/1442-08-17_2_0_13_14_0_154_154"
ri:1442-09-05_1_0_13_5_0_10673_49,work,[RI XIII] H. 5 n. 49,,"Kg. F. verfügt, nachdem er kürzlich Arnold von Sierck aus besonderer Zuneigung und Gnade zum Gf. erhoben hat1, daß die Herrschaft Montclair auf ewig eine Grafschaft des hailigen reichs mit allen Ehren, Würden, Freiheiten und Rechten wie andere Grafschaften sein soll.",available,1442,,high,"dept: RI XIII; issuer: Friedrich III.; place: Ensisheim; date: 1442-09-05; source: Regesta Imperii, Akad. der Wissenschaften und der Literatur | Mainz, CC BY 4.0; retrieved 2026-10-04; https://www.regesta-imperii.de/id/1442-09-05_1_0_13_5_0_10673_49"
ri:1442-10-10_1_0_13_0_0_1185_1185,work,Chmel n. 1185,,"gibt dem Johann Thurs von Caden einen Caplanatsbrief, mit freyem Geleite.",available,1442,,high,"dept: RI XIII; issuer: Friedrich III.; place: Freyburg im Uechtland; date: 1442-10-10; source: Regesta Imperii, Akad. der Wissenschaften und der Literatur | Mainz, CC BY 4.0; retrieved 2026-10-04; https://www.regesta-imperii.de/id/1442-10-10_1_0_13_0_0_1185_1185"
ri:1442-12-04_7_0_13_0_0_1262_1262,work,Chmel n. 1262,,"bestätigt die Privilegien der Stadt Arbon, auf Bitte des Bischofs Heinrich von Constanz.",available,1442,,high,"dept: RI XIII; issuer: Friedrich III.; place: Feldkirch; date: 1442-12-04; source: Regesta Imperii, Akad. der Wissenschaften und der Literatur | Mainz, CC BY 4.0; retrieved 2026-10-04; https://www.regesta-imperii.de/id/1442-12-04_7_0_13_0_0_1262_1262"
ri:1443-01-12_3_0_13_0_0_1343_1343,work,Chmel n. 1343,,"gibt seine Einwilligung zu dem Kaufe des obristen Halsgerichtes zu Müldorff und auf der Herrschaft Mattsee, das Erzbischof Friedrich von Salzburg von Herzog Heinrich von Baiern, Pfalzgrafen bey Rhein, auf einen Wiederkauf gekauft hat.",available,1443,,high,"dept: RI XIII; issuer: Friedrich III.; place: Brixen; date: 1443-01-12; source: Regesta Imperii, Akad. der Wissenschaften und der Literatur | Mainz, CC BY 4.0; retrieved 2026-10-04; https://www.regesta-imperii.de/id/1443-01-12_3_0_13_0_0_1343_1343"
ri:1443-04-27_1_0_13_0_0_1415_1415,work,Chmel n. 1415,,"Gerhart Fronawer gibt dem römischen K. Friedrich, als Vormund K. Ladislaus, einen Pfandrevers um die Veste und Pfleg zu Botenburg, für 700 Pfund Pfenning Schuldforderung, wozu auch 100 Pfund Burghut und 40 Pfund aus Gnaden geschenkt geschlagen werden. - 4000 Pfund waren ihm früher abgezahlt worden. '- als weilant der allerdurchleuchtigist fürst ... Albrecht ... mir schuldig gewesen zway tausent gu …",available,1443,,high,"dept: RI XIII; issuer: Friedrich III.; place: Wien; date: 1443-04-27; source: Regesta Imperii, Akad. der Wissenschaften und der Literatur | Mainz, CC BY 4.0; retrieved 2026-10-04; https://www.regesta-imperii.de/id/1443-04-27_1_0_13_0_0_1415_1415"
ri:1443-06-22_1_0_13_14_0_180_180,work,[RI XIII] H. 14 n. 180,,"Kg. F. belehnt Hieronymus Kress mit den Reichslehen, namentlich mit den Gütern zu Wustendorf, Adelmannssitz (Adelmans gesezz) und Ratzenwinden, den Zinsen aus Äckern und Wiesen bei Röthenbach (Rotenbach) und bei St. Leonhard (sant Lienhart) und vor dem Wald sowie einem Zehentlein auf der Fürreute mit allen Rechten, Nutzungen und Zubehör. Er verleiht ihm daran, was er nach Recht zu verleihen hat, j …",available,1443,,high,"dept: RI XIII; issuer: Friedrich III.; place: Wien; date: 1443-06-22; source: Regesta Imperii, Akad. der Wissenschaften und der Literatur | Mainz, CC BY 4.0; retrieved 2026-10-04; https://www.regesta-imperii.de/id/1443-06-22_1_0_13_14_0_180_180"
ri:1443-08-25_1_0_13_0_0_1519_1519,work,Chmel n. 1519,,"K. Friedrich erlässt einen Brief über seinen Vetrag mit den Grafen von Cilly, wegen der Gerichtsbarkeit über ihre Personen, Güter und Leute, mit dem Befehle an alle Amtleute und Unterthanen, diesem Vertrage Folge zu leisten, welchen zu halten, die Herzoge Albrecht und Sigmund zu Ende dieses Briefes geloben.",available,1443,,high,"dept: RI XIII; issuer: Friedrich III.; place: Neustadt; date: 1443-08-25; source: Regesta Imperii, Akad. der Wissenschaften und der Literatur | Mainz, CC BY 4.0; retrieved 2026-10-04; https://www.regesta-imperii.de/id/1443-08-25_1_0_13_0_0_1519_1519"
ri:1443-11-06_1_0_13_0_0_1550_1550,work,Chmel n. 1550,,"befiehlt der Stadt Nördlingen, die 200 Gulden wegen des Ammanamtes, so zu Martini fällig sind, dem Marschall von Bappenheim zu bezahlen.",available,1443,,high,"dept: RI XIII; issuer: Friedrich III.; place: Neustadt; date: 1443-11-06; source: Regesta Imperii, Akad. der Wissenschaften und der Literatur | Mainz, CC BY 4.0; retrieved 2026-10-04; https://www.regesta-imperii.de/id/1443-11-06_1_0_13_0_0_1550_1550"
ri:1444-00-00_2_0_13_0_0_1604_1604,work,Chmel n. 1604,,it. dem Barnabas de Bonamitis de Pesauro.,available,1444,,medium,"dept: RI XIII; issuer: Friedrich III.; place: Triest; date range: 1444-01-01 to 1444-12-31 (year = first possible); source: Regesta Imperii, Akad. der Wissenschaften und der Literatur | Mainz, CC BY 4.0; retrieved 2026-10-04; https://www.regesta-imperii.de/id/1444-00-00_2_0_13_0_0_1604_1604"
ri:1444-02-10_2_0_13_29_0_21_21,work,[RI XIII] H. 29 n. 21,,"Kg.F. bestätigt Prior und Konvent des Kartäuserklosters Freudental (Frewdnitz) alle früheren Rechte und Privilegien, die ihm gezeigt und vorgelesen wurden.",available,1444,,high,"dept: RI XIII; issuer: Friedrich III.; place: Laibach; date: 1444-02-10; source: Regesta Imperii, Akad. der Wissenschaften und der Literatur | Mainz, CC BY 4.0; retrieved 2026-10-04; https://www.regesta-imperii.de/id/1444-02-10_2_0_13_29_0_21_21"
ri:1444-05-25_1_0_13_0_0_1647_1647,work,Chmel n. 1647,,"K. Friedrich gibt für sich und K. Ladislaus dem Caspar Schlick für eine von K. Albrecht II. herrührende Schuld von 10000 Gulden (ungrisch und Ducaten) einen Pfandbrief über jährliche 600 Gulden ungrisch und Ducaten zu Klosterneuburg, und über das Schloss Grewtschenstein ober Korneuburg mit 300 Pfund Wienerpfenning Burghut.",available,1444,,high,"dept: RI XIII; issuer: Friedrich III.; place: Wien; date: 1444-05-25; source: Regesta Imperii, Akad. der Wissenschaften und der Literatur | Mainz, CC BY 4.0; retrieved 2026-10-04; https://www.regesta-imperii.de/id/1444-05-25_1_0_13_0_0_1647_1647"
ri:1444-08-19_1_0_13_14_0_249_249,work,[RI XIII] H. 14 n. 249,,"Kg. F. belehnt Veit von Rechberg (Rechenberg) mit dem Halsgericht und dem Blutbann zu Ostheim sowie einem dortigen Hof, der jetzt im Besitz des Ulen Karg ist, verleiht ihm diese Reichslehen1von der hand, was er ihm daran nach Recht zu verleihen hat. Er bestimmt, daß Veit und seine Erben das Halsgericht und den Blutbann nyemands zu lieb noch zu leyd ausüben sollen, alles jedoch unbeschadet der Lehe …",available,1444,,high,"dept: RI XIII; issuer: Friedrich III.; place: Nürnberg; date: 1444-08-19; source: Regesta Imperii, Akad. der Wissenschaften und der Literatur | Mainz, CC BY 4.0; retrieved 2026-10-04; https://www.regesta-imperii.de/id/1444-08-19_1_0_13_14_0_249_249"
ri:1444-09-14_4_0_13_20_0_42_42,work,[RI XIII] H. 20 n. 42,,Kg.F. bestätigt Kf. Friedrich (II.) von Brandenburg den Brief Kg. Sigmunds vom 18. April 14171 über das Kurfürstentum der Mark Brandenburg mit allen seinen Bestimmungen.,available,1444,,high,"dept: RI XIII; issuer: Friedrich III.; place: Nürnberg; date: 1444-09-14; source: Regesta Imperii, Akad. der Wissenschaften und der Literatur | Mainz, CC BY 4.0; retrieved 2026-10-04; https://www.regesta-imperii.de/id/1444-09-14_4_0_13_20_0_42_42"
ri:1444-10-05_1_0_13_6_0_11026_48,work,[RI XIII] H. 6 n. 48,,"Kg. F. befiehlt dem Mgf. Jakob von Baden im Prozeß zwischen Werkmeister, Rat und Bürgern der Stadt Chur und Rudolf von Unterwegen1, der sowohl vor ihm (F.) wie auch vor königlichen Kommissaren anhängig war, die Parteien zu laden, zu verhören und den Streit durch ein Urteil zu entscheiden, auch wenn eine Partei nicht erscheinen sollte. An montag nach sant Franciscus tag.",available,1444,,high,"dept: RI XIII; issuer: Friedrich III.; place: Nürnberg; date: 1444-10-05; source: Regesta Imperii, Akad. der Wissenschaften und der Literatur | Mainz, CC BY 4.0; retrieved 2026-10-04; https://www.regesta-imperii.de/id/1444-10-05_1_0_13_6_0_11026_48"
ri:1445-01-07_1_0_13_0_0_1889_1889,work,Chmel n. 1889,,K. Friedrich verleiht dem Hanns von Northen ein Wappen 'und daz es aller lehen und ämbter die erbere schiltmessig leutt haben emphenglich sein und die haben und verwesn sull und muge.',available,1445,,high,"dept: RI XIII; issuer: Friedrich III.; place: Wien; date: 1445-01-07; source: Regesta Imperii, Akad. der Wissenschaften und der Literatur | Mainz, CC BY 4.0; retrieved 2026-10-04; https://www.regesta-imperii.de/id/1445-01-07_1_0_13_0_0_1889_1889"
ri:1445-05-18_53_0_13_26_0_139_139,work,[RI XIII] H. 26 n. 139,,"Kg.F. fordert desgleichen die Stellung jeweils eines Deichselwagens von den Pfarrern von Mooskirchen, St. Bartholmä, Kainach, Dobl und St. Jakob in Thal.",available,1445,,high,"dept: RI XIII; issuer: Friedrich III.; place: –]; date: 1445-05-18; source: Regesta Imperii, Akad. der Wissenschaften und der Literatur | Mainz, CC BY 4.0; retrieved 2026-10-04; https://www.regesta-imperii.de/id/1445-05-18_53_0_13_26_0_139_139"
ri:1445-09-10_2_0_13_0_0_1957_1957,work,Chmel n. 1957,,"bestätigt Hannsen und Thomas von Preysingen, Vettern, die Rechte und Freyheiten 'uber den panstatt zu Wolentsach' und andere Freyheiten. '- und sunderlich auch solh jarmärckt gelaitt und freyung die sy daselbs habn mitsampt der obgenanten panstat gericht stock und galgen ...'",available,1445,,high,"dept: RI XIII; issuer: Friedrich III.; place: Wien; date: 1445-09-10; source: Regesta Imperii, Akad. der Wissenschaften und der Literatur | Mainz, CC BY 4.0; retrieved 2026-10-04; https://www.regesta-imperii.de/id/1445-09-10_2_0_13_0_0_1957_1957"
ri:1445-12-31_1_0_13_12_0_307_307,work,[RI XIII] H. 12 n. 307,,"Kg.F. befiehlt Hans Kelbel, Wolfgang Gang und Jörg Winter, Bürgern von Eggenburg, von den Nutzungen und Renten seiner dortigen Ämter, die sie in bestanndsweis innehaben1, dem Bernhard Truchseß, Pfleger zu Eggenburg2, den an seiner Burghut bis zur vergangenen quottember (1445 Dezember 15) ausstehenden Teil sowie künfig zu den quottembern die herkömmliche Burghut gegen Quittung3 zu zahlen. Er verspr …",available,1445,,high,"dept: RI XIII; issuer: Friedrich III.; place: Wiener Neustadt; date: 1445-12-31; source: Regesta Imperii, Akad. der Wissenschaften und der Literatur | Mainz, CC BY 4.0; retrieved 2026-10-04; https://www.regesta-imperii.de/id/1445-12-31_1_0_13_12_0_307_307"
ri:1446-03-30_1_0_13_12_0_316_316,work,[RI XIII] H. 12 n. 316,,"Kg.F. und Hz. Albrecht (VI.) von Österreich versprechen, den (unter bestimmten, unten genannten Bedingungen) von den Mgff. Jakob (I.) von Baden und Albrecht von Brandenburg zu formulierenden Eid der Landschaft der Gft. Tirol zu akzeptieren. Auf einem Tag zu Konstanz sei durch die Mgff. eine Vereinbarung zwischen ihnen, Hz. Sigmund von Österreich sowie Gesandten der Landschaft herbeigeführt worden1 …",available,1446,,high,"dept: RI XIII; issuer: Friedrich III.; place: o. O.; date: 1446-03-30; source: Regesta Imperii, Akad. der Wissenschaften und der Literatur | Mainz, CC BY 4.0; retrieved 2026-10-04; https://www.regesta-imperii.de/id/1446-03-30_1_0_13_12_0_316_316"
ri:1446-05-13_31_0_13_26_0_207_207,work,[RI XIII] H. 26 n. 207,,"Kg.F. befiehlt desgleichen den Rittern und Knechten Krains,1 namentlich Martin und Christoph von Tschernembl.",available,1446,,high,"dept: RI XIII; issuer: Friedrich III.; place: o. O.]; date: 1446-05-13; source: Regesta Imperii, Akad. der Wissenschaften und der Literatur | Mainz, CC BY 4.0; retrieved 2026-10-04; https://www.regesta-imperii.de/id/1446-05-13_31_0_13_26_0_207_207"
ri:1446-05-18_125_0_13_26_0_402_402,work,[RI XIII] H. 26 n. 402,,"Kg.F. befiehlt desgleichen den Rittern und Knechten Kärntens,1 namentlich Veit Voit.",available,1446,,high,"dept: RI XIII; issuer: Friedrich III.; place: o. O.]; date: 1446-05-18; source: Regesta Imperii, Akad. der Wissenschaften und der Literatur | Mainz, CC BY 4.0; retrieved 2026-10-04; https://www.regesta-imperii.de/id/1446-05-18_125_0_13_26_0_402_402"
ri:1446-05-18_70_0_13_26_0_347_347,work,[RI XIII] H. 26 n. 347,,"Kg.F. befiehlt desgleichen Gf. Johann (II.) von Schaunberg, dem obersten Marschall der Steiermark, bezüglich der ihm und seiner Frau Anna gehörigen Güter in der Steiermark und in Kärnten mit dem Gebot, das Marschallamt auch im Feld auszuüben.",available,1446,,high,"dept: RI XIII; issuer: Friedrich III.; place: o. O.]; date: 1446-05-18; source: Regesta Imperii, Akad. der Wissenschaften und der Literatur | Mainz, CC BY 4.0; retrieved 2026-10-04; https://www.regesta-imperii.de/id/1446-05-18_70_0_13_26_0_347_347"
ri:1446-07-29_1_0_13_0_0_2122_2122,work,Chmel n. 2122,,"verordnet, wie es mit dem Salz, das auf dem Wasser gen Haimburg und etwa gen Ungarn geführt wird, zu Haimburg gehalten werden soll, bis auf Widerruf. 'Von erst wenn ein burger zu Hainburg ain salcz daselbsthin geen Hainburg bringet, oder im das einen andern in seinen namben lasset dahin bringen, das mag er von stunden so das salz dahin khombt verrer verkhauffen ainem gast oder ainem burger, oder l …",available,1446,,high,"dept: RI XIII; issuer: Friedrich III.; place: Wien; date: 1446-07-29; source: Regesta Imperii, Akad. der Wissenschaften und der Literatur | Mainz, CC BY 4.0; retrieved 2026-10-04; https://www.regesta-imperii.de/id/1446-07-29_1_0_13_0_0_2122_2122"
ri:1446-11-09_1_0_13_12_0_362_362,work,[RI XIII] H. 12 n. 362,,"Kg.F. als Vormund des Kg. Ladislaus verschreibt Hans von Neidegg und Ranna, Pfleger zu Steyr, sowohl für geliehene 3500 Pfd. Pf. der schwarzen Wiener Münze als auch für die Dienste, die der Neidegger Kg. Albrecht II. und Kg.F. geleistet hat, auf Lebenszeit das Ungeld im Machland1 mit allen Rechten und Zubehör.",available,1446,,high,"dept: RI XIII; issuer: Friedrich III.; place: [-]; date: 1446-11-09; source: Regesta Imperii, Akad. der Wissenschaften und der Literatur | Mainz, CC BY 4.0; retrieved 2026-10-04; https://www.regesta-imperii.de/id/1446-11-09_1_0_13_12_0_362_362"
ri:1447-02-12_1_0_13_26_0_453_453,work,[RI XIII] H. 26 n. 453,,"Kg.F. stellt für zahlreiche genannte böhmische Herren und Städteboten1 einen Geleitbrief für den Tag aus, der ad festum sancti Michaelis proxime futuri (Sept. 29) in Wien angesetzt ist.",available,1447,,high,"dept: RI XIII; issuer: Friedrich III.; place: Wien; date: 1447-02-12; source: Regesta Imperii, Akad. der Wissenschaften und der Literatur | Mainz, CC BY 4.0; retrieved 2026-10-04; https://www.regesta-imperii.de/id/1447-02-12_1_0_13_26_0_453_453"
ri:1447-07-06_1_0_13_15_0_77_77,work,[RI XIII] H. 15 n. 77,,"K.F. bestätigt Bf. Friedrich von Regensburg, dem Domkapitel „und der ganczen pfaffheit und geistlichen beyde mannes und weibs geschlechte innwendig und auswendig der statt Regenspurg “ einen von Kg. Sigmund1 dem Bf. Albrecht in Konstanz erteilten Privilegienbrief (nach Reg.).",available,1447,,high,"dept: RI XIII; issuer: Friedrich III.; place: [Wiener Neustadt]; date: 1447-07-06; source: Regesta Imperii, Akad. der Wissenschaften und der Literatur | Mainz, CC BY 4.0; retrieved 2026-10-04; https://www.regesta-imperii.de/id/1447-07-06_1_0_13_15_0_77_77"
ri:1447-09-20_3_0_13_13_0_37_37,work,[RI XIII] H. 13 n. 37,,Desgleichen bezüglich der Grafschaft Hennegau.,available,1447,,high,"dept: RI XIII; issuer: Friedrich III.; place: Wien; date: 1447-09-20; source: Regesta Imperii, Akad. der Wissenschaften und der Literatur | Mainz, CC BY 4.0; retrieved 2026-10-04; https://www.regesta-imperii.de/id/1447-09-20_3_0_13_13_0_37_37"
ri:1447-11-17_1_0_13_0_0_2380_2380,work,Chmel n. 2380,,"erklärt, dass auf seinen Befehl Johann Graf zu Schawnberg und Johann von Neitperg die innen angeführte Beredung und Taidigung zwischen dem Stadtrath zu Regensburg und Georgen Frickinger, Bürger daselbst, in Betreff ihres Streites gemacht haben.",available,1447,,high,"dept: RI XIII; issuer: Friedrich III.; place: Wien; date: 1447-11-17; source: Regesta Imperii, Akad. der Wissenschaften und der Literatur | Mainz, CC BY 4.0; retrieved 2026-10-04; https://www.regesta-imperii.de/id/1447-11-17_1_0_13_0_0_2380_2380"
ri:1448-02-22_2_0_13_3_0_9412_44,work,[RI XIII] H. 3 n. 44,,"Kg. F. lädt Zentgrafen, Einwohner und Männer der 19 zur Grafschaft Bornheimer Berg gehörenden Dörfer, ausgenommen Hausen und Oberrad, auf den 45. Tag nach Erhalt dieser Ladung bzw. den ersten darauffolgenden Gerichtstag peremptorisch vor sich zu rechtlicher Verantwortung auf die Klage von Bürgermeister und Rat der Stadt Frankfurt, sie weigerten sich, den Frankfurtern die ihnen rechtmäßig zustehend …",available,1448,,high,"dept: RI XIII; issuer: Friedrich III.; place: [Wien]; date: 1448-02-22; source: Regesta Imperii, Akad. der Wissenschaften und der Literatur | Mainz, CC BY 4.0; retrieved 2026-10-04; https://www.regesta-imperii.de/id/1448-02-22_2_0_13_3_0_9412_44"
ri:1448-06-17_1_0_13_13_0_80_79,work,[RI XIII] H. 13 n. 79,,"Kg.F. lädt die Äbte von St. Lambrecht und Neuberg, den Propst von Seckau, die Äbtissin von Göss und die im Mürztal ansässigen Pfarrer, Kapläne, Zechleute und Bürger wegen der Streitigkeiten um die Weinfuhr über den Semmering auf 1448 Juni 17 vor sich.",available,1448,,high,"dept: RI XIII; issuer: Friedrich III.; place: [-]; date: 1448-06-17; source: Regesta Imperii, Akad. der Wissenschaften und der Literatur | Mainz, CC BY 4.0; retrieved 2026-10-04; https://www.regesta-imperii.de/id/1448-06-17_1_0_13_13_0_80_79"
ri:1448-09-26_1_0_13_15_0_92_92,work,[RI XIII] H. 15 n. 92,,"Kg. F. verschiebt die Verhandlung der Streitsachen, es sei von zoll oder ander sach wegen, darumb sy itzt vor uns in recht standen, zwischen Rat und Kammerer der Stadt Regensburg auf der einen und Bf. Friedrich von Regensburg auf der anderen Seite1 mit Zustimmung der beiden Parteien auf den nächsten Gerichtstag des Kammergerichts, das sein wird nach sand Jorgentag nechst komend (1449 April 23) und …",available,1448,,high,"dept: RI XIII; issuer: Friedrich III.; place: Wien; date: 1448-09-26; source: Regesta Imperii, Akad. der Wissenschaften und der Literatur | Mainz, CC BY 4.0; retrieved 2026-10-04; https://www.regesta-imperii.de/id/1448-09-26_1_0_13_15_0_92_92"
ri:1449-01-16_3_0_13_13_0_115_114,work,[RI XIII] H. 13 n. 114,,Desgleichen an die in den nn. 112 und 113 genannten Amtleute bezüglich der Zahlung an Wolf gang Ursberger.,available,1449,,high,"dept: RI XIII; issuer: Friedrich III.; place: [-]; date: 1449-01-16; source: Regesta Imperii, Akad. der Wissenschaften und der Literatur | Mainz, CC BY 4.0; retrieved 2026-10-04; https://www.regesta-imperii.de/id/1449-01-16_3_0_13_13_0_115_114"
ri:1449-05-13_1_0_13_29_0_43_43,work,[RI XIII] H. 29 n. 43,,Kg.F. belehnt Bartholomäus von Wertatsche (Vertschach) mit den von ihm ererbten Lehen des Herzogtums Krain.,available,1449,,high,"dept: RI XIII; issuer: Friedrich III.; place: Wiener Neustadt; date: 1449-05-13; source: Regesta Imperii, Akad. der Wissenschaften und der Literatur | Mainz, CC BY 4.0; retrieved 2026-10-04; https://www.regesta-imperii.de/id/1449-05-13_1_0_13_29_0_43_43"
ri:1449-10-02_4_0_13_4_0_9729_159,work,[RI XIII] H. 4 n. 159,,Kg. F. gebietet Ldgf. Ludwig von Hessen Schutz der Stadt Frankfurt im Krieg zwischen Fürsten und Städten.,available,1449,,high,"dept: RI XIII; issuer: Friedrich III.; place: [-]; date: 1449-10-02; source: Regesta Imperii, Akad. der Wissenschaften und der Literatur | Mainz, CC BY 4.0; retrieved 2026-10-04; https://www.regesta-imperii.de/id/1449-10-02_4_0_13_4_0_9729_159"
ri:1450-01-26_12_0_13_11_0_116_116,work,[RI XIII] H. 11 n. 116,,Kg.F. desgleichen an Eb. Friedrich III. von Magdeburg,available,1450,,high,"dept: RI XIII; issuer: Friedrich III.; place: [-]; date: 1450-01-26; source: Regesta Imperii, Akad. der Wissenschaften und der Literatur | Mainz, CC BY 4.0; retrieved 2026-10-04; https://www.regesta-imperii.de/id/1450-01-26_12_0_13_11_0_116_116"
ri:1450-02-26_2_0_13_19_0_4_4,work,[RI XIII] H. 19 n. 4,,Kg. F. ersucht Bf. Eneas von Triest unter Hinweis auf sein an den Papst in Sachen der kriegerischen Auseinandersetzungen zwischen dem Adel und den Reichsstädten gerichtetes Schreiben2 um Förderung dieser Angelegenheit an der Kurie.,available,1450,,high,"dept: RI XIII; issuer: Friedrich III.; place: [-]1; date: 1450-02-26; source: Regesta Imperii, Akad. der Wissenschaften und der Literatur | Mainz, CC BY 4.0; retrieved 2026-10-04; https://www.regesta-imperii.de/id/1450-02-26_2_0_13_19_0_4_4"
ri:1450-06-23_2_0_13_13_0_171_170,work,[RI XIII] H. 13 n. 170,,"Kg.F. bittet Ulrich Eitzinger von Eitzing, die Landleute seines Ftm. Österreich auf dem Feldzug1 in das Königreich Ungarn gegen Pankraz von Galitz gemeinsam mit seinem Obersten Hauptmann Gf. Ulrich von Cilli zu unterstützen, um weitere Schäden für Land und Leute zu verhüten. Mit Rat und erkanntnuss seiner Räte verspricht er seinerseits, im Namen des Kg. Ladislaus und ihrer beider Erben, alle redle …",available,1450,,high,"dept: RI XIII; issuer: Friedrich III.; place: Wiener Neustadt; date: 1450-06-23; source: Regesta Imperii, Akad. der Wissenschaften und der Literatur | Mainz, CC BY 4.0; retrieved 2026-10-04; https://www.regesta-imperii.de/id/1450-06-23_2_0_13_13_0_171_170"
ri:1450-10-14_24_0_13_19_0_70_70,work,[RI XIII] H. 19 n. 70,,Kg. F. desgleichen an Stadt Hagenau.,available,1450,,high,"dept: RI XIII; issuer: Friedrich III.; place: [-]1; date: 1450-10-14; source: Regesta Imperii, Akad. der Wissenschaften und der Literatur | Mainz, CC BY 4.0; retrieved 2026-10-04; https://www.regesta-imperii.de/id/1450-10-14_24_0_13_19_0_70_70"
ri:1451-02-10_1_0_13_19_0_102_102,work,[RI XIII] H. 19 n. 102,,"Kg. F. beurkundet auf Ersuchen Nürnbergs, daß die rechtliche Entscheidung der Mißhelligkeiten zwischen Mgf. Albrecht von Brandenburg einerseits und Bürgermeistern, Rat, Bürgern und Einwohnern zu Nürnberg andererseits auf freitag nachst nach sant Johanns tag zu sunwennden (1451 Juni 25) verschoben worden ist. Aufgrund der von beiden Parteien beschlossenen Bamberger Richtung und auf ihr beiderseitig …",available,1451,,high,"dept: RI XIII; issuer: Friedrich III.; place: Wiener Neustadt; date: 1451-02-10; source: Regesta Imperii, Akad. der Wissenschaften und der Literatur | Mainz, CC BY 4.0; retrieved 2026-10-04; https://www.regesta-imperii.de/id/1451-02-10_1_0_13_19_0_102_102"
ri:1451-04-27_5_0_13_21_0_63_63,work,[RI XIII] H. 21 n. 63,,"Kg.F. lädt (noch nicht bekannte) Fürsten, Gff. etc. und Leute zu dem wegen des Streites um die Länder und Städte Liegnitz und Goldberg nach Breslau einberufenen Tag.",available,1451,,high,"dept: RI XIII; issuer: Friedrich III.; place: [-]; date: 1451-04-27; source: Regesta Imperii, Akad. der Wissenschaften und der Literatur | Mainz, CC BY 4.0; retrieved 2026-10-04; https://www.regesta-imperii.de/id/1451-04-27_5_0_13_21_0_63_63"
ri:1451-08-16_1_0_13_8_0_12145_137,work,[RI XIII] H. 8 n. 137,,Kg. F. beurkundet ein von seinem Kammergericht unter dem Vorsitz Albrechts von Pottendorf1 gefälltes Urteil im Prozeß zwischen Hermann Windecke und den Gebrüdern Heinrich und Philipp zum Jungen. Eine erste Verhandlung dieses Prozesses fand am 16. April (1451) in Wiener Neustadt vor dem Kammergericht unter Vorsitz von Hans von Stubenberg statt. Hermann Windecke ließ durch seinen Prokurator im eigen …,available,1451,,high,"dept: RI XIII; issuer: Friedrich III.; place: Wien; date: 1451-08-16; source: Regesta Imperii, Akad. der Wissenschaften und der Literatur | Mainz, CC BY 4.0; retrieved 2026-10-04; https://www.regesta-imperii.de/id/1451-08-16_1_0_13_8_0_12145_137"
ri:1451-11-27_6_0_13_21_0_69_69,work,[RI XIII] H. 21 n. 69,,"Kg.F. ermahnt die Bundesstädte Liegnitz und Goldberg, Kg. Ladislaus (von Ungarn) zu huldigen.",available,1451,,high,"dept: RI XIII; issuer: Friedrich III.; place: Graz; date: 1451-11-27; source: Regesta Imperii, Akad. der Wissenschaften und der Literatur | Mainz, CC BY 4.0; retrieved 2026-10-04; https://www.regesta-imperii.de/id/1451-11-27_6_0_13_21_0_69_69"
ri:1452-03-20_10_0_13_0_0_2792_2793,work,Chmel n. 2793,,bestätigt im Allgemeinen sämmtliche Privilegien des Rathes und der Bürgerschaft von Strassburg.,available,1452,,high,"dept: RI XIII; issuer: Friedrich III.; place: Rom; date: 1452-03-20; source: Regesta Imperii, Akad. der Wissenschaften und der Literatur | Mainz, CC BY 4.0; retrieved 2026-10-04; https://www.regesta-imperii.de/id/1452-03-20_10_0_13_0_0_2792_2793"
ri:1452-05-23_2_0_13_11_0_257_257,work,[RI XIII] H. 11 n. 257,,"K.F. befiehlt Hans von Kolditz unter Hinweis auf die Übertragung der Verwesung der Hauptmannschaft der Fürstentümer und Städte Bautzen, Görlitz und Zittau an Dieprand Reybnitz und Heinz Peterswald1, dieselben nicht zu hindern und ihnen auf Ersuchen Rechnung über die Einnahmen und Ausgaben von vergangner zeit zu legen, was dieselben jenem an seiner und seines Vetters Kg. Ladislaus als an eins natur …",available,1452,,high,"dept: RI XIII; issuer: Friedrich III.; place: Venedig; date: 1452-05-23; source: Regesta Imperii, Akad. der Wissenschaften und der Literatur | Mainz, CC BY 4.0; retrieved 2026-10-04; https://www.regesta-imperii.de/id/1452-05-23_2_0_13_11_0_257_257"
ri:1452-07-26_1_0_13_7_0_11268_106,work,[RI XIII] H. 7 n. 106,,"K. F. quittiert Bürgermeistern und Rat der Stadt Köln die Zahlung von 6000 und 1000 fl. rh. die er mit den städtischen Gesandten Bürgermeister Johann Schimmelpfennig, Rentmeister Godart von dem Wasserfaß und Dr. Frundt als Ausgleich für ein Kölner Kontingent zum Romzug vereinbart hatte1.",available,1452,,high,"dept: RI XIII; issuer: Friedrich III.; place: Wiener Neustadt; date: 1452-07-26; source: Regesta Imperii, Akad. der Wissenschaften und der Literatur | Mainz, CC BY 4.0; retrieved 2026-10-04; https://www.regesta-imperii.de/id/1452-07-26_1_0_13_7_0_11268_106"
ri:1452-09-20_1_0_13_19_0_305_305,work,[RI XIII] H. 19 n. 305,,"K. F. setzt Bürgermeistern und Rat der Stadt Nürnberg gemäß der letzten getroffenen Vereinbarung1 auf montag nechst vor sant Merteins tag (1452 November 6) einen gütlichen Tag zur Beilegung ihrer Auseinandersetzung mit Mgf. Albrecht von Brandenburg. Er bekräftigt, daß im Falle des Mißlingens am ursprünglich festgesetzten Termin weiter verfahren werden wird, und erklärt, daß die Gegenpartei in glei …",available,1452,,high,"dept: RI XIII; issuer: Friedrich III.; place: Wiener Neustadt; date: 1452-09-20; source: Regesta Imperii, Akad. der Wissenschaften und der Literatur | Mainz, CC BY 4.0; retrieved 2026-10-04; https://www.regesta-imperii.de/id/1452-09-20_1_0_13_19_0_305_305"
ri:1453-01-06_1_0_13_11_0_287_287,work,[RI XIII] H. 11 n. 287,,"K.F. bestätigt alle von seinen Vorgängern den Hzz. von Österreich gegebenen Privilegien und erhebt diejenigen Hzz. die über Steiermark, Kärnten und Krain herrschen bzw. in Zukunft herrschen werden, zu Erzherzögen (archiduces). Die sexta mensis januarii (nach Kop.).",available,1453,,high,"dept: RI XIII; issuer: Friedrich III.; place: Wiener Neustadt; date: 1453-01-06; source: Regesta Imperii, Akad. der Wissenschaften und der Literatur | Mainz, CC BY 4.0; retrieved 2026-10-04; https://www.regesta-imperii.de/id/1453-01-06_1_0_13_11_0_287_287"
ri:1453-04-01_2_0_13_19_0_338_338,work,[RI XIII] H. 19 n. 338,,"K. F. lädt Hans von Burck aufgrund der von Bürgermeistern, Rat, Bürgern und Einwohnern der Stadt Weißenburg gegen ihn eingereichten Appellationsklage rechtlich vor sich.",available,1453,,high,"dept: RI XIII; issuer: Friedrich III.; place: [-]; date: 1453-04-01; source: Regesta Imperii, Akad. der Wissenschaften und der Literatur | Mainz, CC BY 4.0; retrieved 2026-10-04; https://www.regesta-imperii.de/id/1453-04-01_2_0_13_19_0_338_338"
ri:1453-07-00_1_0_13_19_0_378_378,work,[RI XIII] H. 19 n. 378,,K. F. erteilt Erbmarschall Heinrich von Pappenheim eine Rechtskommission im Streit zwischen Bürgermeistern und Rat der Stadt Augsburg einerseits und Oswald Mayer andererseits.,available,1453,,medium,"dept: RI XIII; issuer: Friedrich III.; place: [-]; date range: 1453-07-01 to 1453-07-31 (year = first possible); source: Regesta Imperii, Akad. der Wissenschaften und der Literatur | Mainz, CC BY 4.0; retrieved 2026-10-04; https://www.regesta-imperii.de/id/1453-07-00_1_0_13_19_0_378_378"
ri:1453-09-15_3_0_13_16_0_38_38,work,[RI XIII] H. 16 n. 38,,"K.F. verkündet allen geistlichen und weltlichen Fürsten, Gff. etc. und Reichsuntertanen das Urteil seines Kammergerichts und befiehlt ihnen, die von Quedlinburg nicht mehr als Ächter zu behandeln und die Acht und etwaige Achtbriefe zu mißachten, die er zugleich für ungültig erklärt.",available,1453,,high,"dept: RI XIII; issuer: Friedrich III.; place: Graz; date: 1453-09-15; source: Regesta Imperii, Akad. der Wissenschaften und der Literatur | Mainz, CC BY 4.0; retrieved 2026-10-04; https://www.regesta-imperii.de/id/1453-09-15_3_0_13_16_0_38_38"
ri:1454-01-11_1_0_13_5_0_10725_101,work,[RI XIII] H. 5 n. 101,,K. F. bestätigt den Gff. (Ludwig und Eberhard) von Württemberg alle Rechte und Privilegien.,available,1454,,high,"dept: RI XIII; issuer: Friedrich III.; place: [Wiener Neustadt]; date: 1454-01-11; source: Regesta Imperii, Akad. der Wissenschaften und der Literatur | Mainz, CC BY 4.0; retrieved 2026-10-04; https://www.regesta-imperii.de/id/1454-01-11_1_0_13_5_0_10725_101"
ri:1454-04-12_1_0_13_0_0_3175_3176,work,Chmel n. 3176,,"verleiht dem Hanns Allersperger, den man nennt Ledler, und seinem Vetter Hanns Fürter, den man nennt Zierengast, von Landshut, ein Wapen. '- Mit namen ein schilde geteilt nach der lenge halb gelb oder goldvarb und halb swarcz, habend in dem gelbn teil zwen morenpilde biss an die prust obeinander und in dem swartzen teyl ein gelbe leisten, von dem gelben teil des schildes in mitte uber zwirch geend …",available,1454,,high,"dept: RI XIII; issuer: Friedrich III.; place: Neustadt; date: 1454-04-12; source: Regesta Imperii, Akad. der Wissenschaften und der Literatur | Mainz, CC BY 4.0; retrieved 2026-10-04; https://www.regesta-imperii.de/id/1454-04-12_1_0_13_0_0_3175_3176"
ri:1454-07-31_1_0_13_0_0_3222_3223,work,Chmel n. 3223,,"verleiht den Gebrüdern Caspar und Niclas Rawscher und ihren ehelichen Leibeserben ein Wapen. '- Mit namen einen gelben schild, darinn ein swartzer prakch, sitzende auf den hindern füssen und auff den vordern füssen steende, mit auffgeworffen swantz, habend umb den halls ein gelbes rüdenpannt, und auf dem schilt einen helm getziert mit einer gelben und swartzen helmdecken, darauf steende nach leeng …",available,1454,,high,"dept: RI XIII; issuer: Friedrich III.; place: Neustadt; date: 1454-07-31; source: Regesta Imperii, Akad. der Wissenschaften und der Literatur | Mainz, CC BY 4.0; retrieved 2026-10-04; https://www.regesta-imperii.de/id/1454-07-31_1_0_13_0_0_3222_3223"
ri:1454-10-26_1_0_13_19_0_490_488,work,[RI XIII] H. 19 n. 488,,"K. F. gebietet Bürgermeistern, Rat und Bürgern der Stadt Nürnberg, die am vergangenen sant Michels tag (September 29) an die ksl. Kammer zu zahlende halbe Judensteuer dem Erbmarschall Heinrich von Pappenheim zu entrichten und quittiert ihnen gleichzeitig mit dieser Anweisung die erfolgte Bezahlung.",available,1454,,high,"dept: RI XIII; issuer: Friedrich III.; place: Wiener Neustadt; date: 1454-10-26; source: Regesta Imperii, Akad. der Wissenschaften und der Literatur | Mainz, CC BY 4.0; retrieved 2026-10-04; https://www.regesta-imperii.de/id/1454-10-26_1_0_13_19_0_490_488"
ri:1455-02-19_1_0_13_0_0_3305_3306,work,Chmel n. 3306,,bestätigt die Privilegien der Stadt Megloffs.,available,1455,,high,"dept: RI XIII; issuer: Friedrich III.; place: Neustadt; date: 1455-02-19; source: Regesta Imperii, Akad. der Wissenschaften und der Literatur | Mainz, CC BY 4.0; retrieved 2026-10-04; https://www.regesta-imperii.de/id/1455-02-19_1_0_13_0_0_3305_3306"
ri:1455-05-05_1_0_13_13_0_326_325,work,[RI XIII] H. 13 n. 325,,"K.F. als Landesfürst von Steyr und Kärnten bestätigt wissentlich mit dem brief, was wir zu recht daran bestetten sullen oder mugen, einen Kaufbrief, mit welchem Mathes Engelhart, Sohn des verstorbenen Heinrich Engelhart auf dem Schönberg, und Peter Trientl, beide aus Stubai, ihre vom verstorbenen Leonhard Stubler ererbten Güter und Gülten seinem Küchenmeister Hans Siebenhirter verkauft haben.",available,1455,,high,"dept: RI XIII; issuer: Friedrich III.; place: Wiener Neustadt; date: 1455-05-05; source: Regesta Imperii, Akad. der Wissenschaften und der Literatur | Mainz, CC BY 4.0; retrieved 2026-10-04; https://www.regesta-imperii.de/id/1455-05-05_1_0_13_13_0_326_325"
ri:1455-08-06_1_0_13_0_0_3402_3403,work,Chmel n. 3403,,"K. Friedrich verleiht dem Herdegen Tucher, Bürger zu Nürnberg, einen Zehent zu Nieder- und Ober-Popenbach gelegen, den er von Jörg Startz erkauft hat.",available,1455,,high,"dept: RI XIII; issuer: Friedrich III.; place: Neustadt; date: 1455-08-06; source: Regesta Imperii, Akad. der Wissenschaften und der Literatur | Mainz, CC BY 4.0; retrieved 2026-10-04; https://www.regesta-imperii.de/id/1455-08-06_1_0_13_0_0_3402_3403"
ri:1455-11-23_1_0_13_0_0_3451_3452,work,Chmel n. 3452,,bessert dem edlen Jodok von Eynsiedel sein Wapen. Pön 20 Mark Gold.,available,1455,,high,"dept: RI XIII; issuer: Friedrich III.; place: Grätz; date: 1455-11-23; source: Regesta Imperii, Akad. der Wissenschaften und der Literatur | Mainz, CC BY 4.0; retrieved 2026-10-04; https://www.regesta-imperii.de/id/1455-11-23_1_0_13_0_0_3451_3452"
ri:1456-04-26_2_0_13_0_0_3499_3500,work,Chmel n. 3500,,"verleiht den Gebrüdern Heinz, Hanns, Georg und Leopold Schürstab ein Gut zu Zierndorff und zwey Gütlein zu dem Malmasshof, die sie von dem Nürnberger Bürger Leonhard Graland dem jüngern erkauft haben.",available,1456,,high,"dept: RI XIII; issuer: Friedrich III.; place: Grätz; date: 1456-04-26; source: Regesta Imperii, Akad. der Wissenschaften und der Literatur | Mainz, CC BY 4.0; retrieved 2026-10-04; https://www.regesta-imperii.de/id/1456-04-26_2_0_13_0_0_3499_3500"
ri:1456-11-06_1_0_13_28_0_58_58,work,[RI XIII] H. 28 n. 58,,"K.F. teilt Eb. Dietrich von Mainz mit, dass er die schriftlich vorgebrachte Appellation von Bürgermeistern und Rat der Stadt Schwäbisch Hall gegen ein zugunsten Michaels von Tanne ergangenes Urteil des Landgerichts Franken angenommen habe. Er gebietet ihm, den Parteien an seiner Statt einen Rechttag zu setzen, bevollmächtigt ihn, diese zu verhören, die Sache mit seinem rechtlichen spruch zu entsch …",available,1456,,high,"dept: RI XIII; issuer: Friedrich III.; place: Wiener Neustadt; date: 1456-11-06; source: Regesta Imperii, Akad. der Wissenschaften und der Literatur | Mainz, CC BY 4.0; retrieved 2026-10-04; https://www.regesta-imperii.de/id/1456-11-06_1_0_13_28_0_58_58"
ri:1457-02-28_1_0_13_7_0_11312_150,work,[RI XIII] H. 7 n. 150,,"K. F. teilt dem vormaligen1 Bf. Johann (VIII.) von Lüttich mit, er habe die ihm in der Streitsache zwischen Peter Engelbrecht und Agnes von Monheim erteilte Kommission2 aufgrund der Klage der Agnes, daß Johann beide Parteien zwar vorgeladen, die Sache dann aber jemand anderem übertragen, der sie bislang noch nicht beendet habe, zur Vermeidung weiterer Verzögerungen wieder an sich genommen und die …",available,1457,,high,"dept: RI XIII; issuer: Friedrich III.; place: Graz; date: 1457-02-28; source: Regesta Imperii, Akad. der Wissenschaften und der Literatur | Mainz, CC BY 4.0; retrieved 2026-10-04; https://www.regesta-imperii.de/id/1457-02-28_1_0_13_7_0_11312_150"
ri:1457-10-19_1_0_13_17_0_116_115,work,[RI XIII] H. 17 n. 115,,"K.F. teilt Bürgermeistern und Rat der Stadt Speyer mit, daß ihre Stadt ihm und dem Reich one mittel zugehort und deshalb eine jährliche Stadtsteuer an die ksl. Kammer zu zahlen habe, was aber bisher nicht geschehen sei, und gebietet ihnen, die noch ausstehende Summe innerhalb von 6 Wochen und 3 Tagen nach Erhalt dieses Schreibens zu entrichten sowie zukünftig der Steuerpflicht jährlich nachzukomme …",available,1457,,high,"dept: RI XIII; issuer: Friedrich III.; place: Völkermarkt; date: 1457-10-19; source: Regesta Imperii, Akad. der Wissenschaften und der Literatur | Mainz, CC BY 4.0; retrieved 2026-10-04; https://www.regesta-imperii.de/id/1457-10-19_1_0_13_17_0_116_115"
ri:1458-03-11_1_0_13_18_0_10_10,work,[RI XIII] H. 18 n. 10,,"K.F. verleiht Eb. Sigmund von Salzburg aus ksl. Machtvollkommenheit nach Rat der Fürsten, Grafen, Edlen und Getreuen durch unser keyserlich scepter die Regalien und den Blutbann über alle manscheften, herscheften, lehenscheften, Münze, Würden, Ehren, Rechte, Zierden, Landgerichte und Gerichte des Erzbistums Salzburg und bestätigt, daß ihm der Eb. dafür den schuldigen Eid geleistet hat, als wir doz …",available,1458,,high,"dept: RI XIII; issuer: Friedrich III.; place: Wiener Neustadt; date: 1458-03-11; source: Regesta Imperii, Akad. der Wissenschaften und der Literatur | Mainz, CC BY 4.0; retrieved 2026-10-04; https://www.regesta-imperii.de/id/1458-03-11_1_0_13_18_0_10_10"
ri:1458-07-19_3_0_13_28_0_129_129,work,[RI XIII] H. 28 n. 129,,"K.F. teilt Mgf. Albrecht von Brandenburg mit, dass er die Appellation von Bürgermeistern, Rat und Gemeinde der Stadt Köln gegen ein vom Mgf. gegen sie am Landgericht Nürnberg betriebene Verfahren angenommen und den Kölnern Rechttag gesetzt habe. Er gebietet ihm, solange das Verfahren bei ihm anhängig ist nicht wieder gegen die Kölner zu prozessieren und erklärt alle von ihm nach dieser Appellation …",available,1458,,high,"dept: RI XIII; issuer: Friedrich III.; place: Wiener Neustadt; date: 1458-07-19; source: Regesta Imperii, Akad. der Wissenschaften und der Literatur | Mainz, CC BY 4.0; retrieved 2026-10-04; https://www.regesta-imperii.de/id/1458-07-19_3_0_13_28_0_129_129"
ri:1458-10-30_7_0_13_0_0_3647_3648,work,Chmel n. 3648,,"macht den Seinen bekannt, was mit dem Erzbischof von Salzburg in Betreff der Mauth und Niederlage zu Friesach verabredet wurde. 'Daz nun hinfür zu ewigen zeiten die niderleg der Venedigischen war und aller anderer kaufmanschaft ungeverlich so gen Friesach pracht wirdet, daselbs zu Friesach beleiben und nicht gen dem Newnmarckt gelegt werden sulle und die rechtt mautt die von altterheer daselbshin …",available,1458,,high,"dept: RI XIII; issuer: Friedrich III.; place: Wien; date: 1458-10-30; source: Regesta Imperii, Akad. der Wissenschaften und der Literatur | Mainz, CC BY 4.0; retrieved 2026-10-04; https://www.regesta-imperii.de/id/1458-10-30_7_0_13_0_0_3647_3648"
ri:1459-02-14_1_0_13_18_0_106_106,work,[RI XIII] H. 18 n. 106,,"K.F. gebietet dem Mautner zu Ybbs, daß Prior und Konvent zu Gaming die ihnen laut Stiftungsbrief von Hz. Albrecht II. jährlich zustehenden 10 mess Eisen oder 10 Pfd. Pf. aus der eysengraben zu Leoben, die sie jeweils an sannd Jorgen tag (April 24)1 erhalten haben, in Hinkunft aus den Einnahmen der Maut zu Ybbs erhalten sollen. An mitichen vor dem suntag Reminiscere in der vasten.",available,1459,,high,"dept: RI XIII; issuer: Friedrich III.; place: Wiener Neustadt; date: 1459-02-14; source: Regesta Imperii, Akad. der Wissenschaften und der Literatur | Mainz, CC BY 4.0; retrieved 2026-10-04; https://www.regesta-imperii.de/id/1459-02-14_1_0_13_18_0_106_106"
ri:1459-06-18_1_0_13_0_0_3714_3715,work,Chmel n. 3715,,"K. Friedrich befiehlt den beyden Städten Krems und Stain und der Wachau (Gegend bey Krems), ihre Leute zu schicken gegen die unter Anführung des Hanns Frodnacher eingefallenen ungarischen Räuber.",available,1459,,high,"dept: RI XIII; issuer: Friedrich III.; place: Wien; date: 1459-06-18; source: Regesta Imperii, Akad. der Wissenschaften und der Literatur | Mainz, CC BY 4.0; retrieved 2026-10-04; https://www.regesta-imperii.de/id/1459-06-18_1_0_13_0_0_3714_3715"
ri:1459-10-02_1_0_13_18_0_151_151,work,[RI XIII] H. 18 n. 151,,K.F. bestätigt Bf. Ortlieb von Chur die Bergwerksrechte im Gebiet des Hochstifts (nach CHMEL).,available,1459,,high,"dept: RI XIII; issuer: Friedrich III.; place: Wien; date: 1459-10-02; source: Regesta Imperii, Akad. der Wissenschaften und der Literatur | Mainz, CC BY 4.0; retrieved 2026-10-04; https://www.regesta-imperii.de/id/1459-10-02_1_0_13_18_0_151_151"
ri:1460-01-21_2_0_13_28_0_205_205,work,[RI XIII] H. 28 n. 205,,"K.F. befiehlt Bf. Johann von Eichstätt, zu den Tagen zu erscheinen, die gegen die Türken am sontag Invocavit (März 2) in Nürnberg und am sontag Judica (März 30) vor ihm am ksl. Hof stattfinden sollen.",available,1460,,high,"dept: RI XIII; issuer: Friedrich III.; place: Wien; date: 1460-01-21; source: Regesta Imperii, Akad. der Wissenschaften und der Literatur | Mainz, CC BY 4.0; retrieved 2026-10-04; https://www.regesta-imperii.de/id/1460-01-21_2_0_13_28_0_205_205"
ri:1460-05-05_1_0_13_0_0_3804_3805,work,Chmel n. 3805,,"Christoph Seeleitner, Amtmann und Bürger zu Marchburg, gibt dem K. Friedrich einen Schuld- und Schadlosbrief über 2000 Pfund Pfenning Remanenz-Gelder vom Urbar und Amte Marchburg. '- und der wir sein gnadn und sein erbn sibenhundert phunt phening der geringen münnss anverzichn beczalln sulln und der andern drewczehn hundert phunt phening sulln wir iern gnadn beczalln und ausrichtn der guetn münss …",available,1460,,high,"dept: RI XIII; issuer: Friedrich III.; place: (s. l.); date: 1460-05-05; source: Regesta Imperii, Akad. der Wissenschaften und der Literatur | Mainz, CC BY 4.0; retrieved 2026-10-04; https://www.regesta-imperii.de/id/1460-05-05_1_0_13_0_0_3804_3805"
ri:1460-10-03_1_0_13_0_0_3829_3830,work,Chmel n. 3830,,K. Friedrich bestellt das Hofgericht zu Rotweil zum Schutz der Privilegien der Stadt Hagenau.,available,1460,,high,"dept: RI XIII; issuer: Friedrich III.; place: Wien; date: 1460-10-03; source: Regesta Imperii, Akad. der Wissenschaften und der Literatur | Mainz, CC BY 4.0; retrieved 2026-10-04; https://www.regesta-imperii.de/id/1460-10-03_1_0_13_0_0_3829_3830"
ri:1461-03-12_1_0_13_26_0_586_586,work,[RI XIII] H. 26 n. 586,,K.F. belehnt Niklas von Liechtenstein mit dem Landgericht Murau zusammen mit den dazugehörigen pidmarchen1.,available,1461,,high,"dept: RI XIII; issuer: Friedrich III.; place: –; date: 1461-03-12; source: Regesta Imperii, Akad. der Wissenschaften und der Literatur | Mainz, CC BY 4.0; retrieved 2026-10-04; https://www.regesta-imperii.de/id/1461-03-12_1_0_13_26_0_586_586"
ri:1461-06-22_1_0_13_18_0_233_233,work,[RI XIII] H. 18 n. 233,,K.F. bestätigt dem Dominikanerinnenkloster zu Graz zwei Freiheitsbriefe Hz. Rudolfs IV. und Hz. Ernsts (des Eisernen) von Österreich (nach CHMEL).,available,1461,,high,"dept: RI XIII; issuer: Friedrich III.; place: Graz; date: 1461-06-22; source: Regesta Imperii, Akad. der Wissenschaften und der Literatur | Mainz, CC BY 4.0; retrieved 2026-10-04; https://www.regesta-imperii.de/id/1461-06-22_1_0_13_18_0_233_233"
ri:1461-07-18_6_0_13_23_0_140_138,work,[RI XIII] H. 23 n. 138,,"K.F. teilt Bürgermeistern, Räten und Bürgerschaften der Städte Ulm, Memmingen, (Schwäbisch) Gmünd, Biberach und Giengen1 unter Hinweis auf sein gleichzeitig übersandtes Hilfsersuchen2 mit, daß er die Mgff. Albrecht von Brandenburg und Karl (I.) von Baden sowie Gf. Ulrich (V.) von Württemberg gemeinsam oder einzeln beauftragt habe, ihnen unser meynung derselben und anderen sache halb zu gutter eynu …",available,1461,,high,"dept: RI XIII; issuer: Friedrich III.; place: Graz; date: 1461-07-18; source: Regesta Imperii, Akad. der Wissenschaften und der Literatur | Mainz, CC BY 4.0; retrieved 2026-10-04; https://www.regesta-imperii.de/id/1461-07-18_6_0_13_23_0_140_138"
ri:1461-09-22_1_0_13_18_0_253_253,work,[RI XIII] H. 18 n. 253,,"K.F. übergibt Jörg Karschaner den earch1 (auf der Mur) zwischen Weyer und Frohnleiten neben Wannersdorf (Weanesdorf), wofür er kommende Weihnachten 12 Pfd. Pf. Zins, danach aber jährlich zu diesem Termin 24 Pfd. Pf. an die ksl. Kammer entrichten soll.",available,1461,,high,"dept: RI XIII; issuer: Friedrich III.; place: [–]; date: 1461-09-22; source: Regesta Imperii, Akad. der Wissenschaften und der Literatur | Mainz, CC BY 4.0; retrieved 2026-10-04; https://www.regesta-imperii.de/id/1461-09-22_1_0_13_18_0_253_253"
ri:1461-12-11_1_0_13_28_0_332_332,work,[RI XIII] H. 28 n. 332,,"K.F. beauftragt die Erbmarschalle Heinrich und Konrad von Pappenheim als seine Botschaft, in Reichsangelegenheiten etliche Kff. Fürsten und andere aufzusuchen und werbung und anbringen zu tun, schickt ihnen die notwendigen Beglaubigungen1 und Instruktionen und bittet sie um schriftlichen Bericht. Er teilt insbesondere Heinrich unter Hinweis auf mitübersandte Abschriften abschließend mit, dass er a …",available,1461,,high,"dept: RI XIII; issuer: Friedrich III.; place: Graz; date: 1461-12-11; source: Regesta Imperii, Akad. der Wissenschaften und der Literatur | Mainz, CC BY 4.0; retrieved 2026-10-04; https://www.regesta-imperii.de/id/1461-12-11_1_0_13_28_0_332_332"
ri:1462-03-19_1_0_13_23_0_246_243,work,[RI XIII] H. 23 n. 243,,"K.F. befiehlt allen Reichsuntertanen, seinen Hauptleuten zu helfen, den (Elekten Adolf) von Nassau anstatt des (Diether) von Isenburg in das bistum Mainz einzusetzen.",available,1462,,high,"dept: RI XIII; issuer: Friedrich III.; place: [–]1; date: 1462-03-19; source: Regesta Imperii, Akad. der Wissenschaften und der Literatur | Mainz, CC BY 4.0; retrieved 2026-10-04; https://www.regesta-imperii.de/id/1462-03-19_1_0_13_23_0_246_243"
ri:1462-04-28_2_0_13_20_0_106_106,work,[RI XIII] H. 20 n. 106,,"K.F. teilt den Mgff. Albrecht von Brandenburg und Karl (I.) von Baden sowie den Gff. Ulrich (V.) und Eberhard (V.) von Württemberg mit, daß er der Bitte des Nürnberger ratzfrundt Jobst Tetzel, den Nürnbergern die von ihm geforderte Hilfe gegen Hz. Ludwig (IX.) von Bayern (-Landshut)1 und andere Gegner des Reiches zu erlassen, nicht stattgegeben habe.",available,1462,,high,"dept: RI XIII; issuer: Friedrich III.; place: Graz; date: 1462-04-28; source: Regesta Imperii, Akad. der Wissenschaften und der Literatur | Mainz, CC BY 4.0; retrieved 2026-10-04; https://www.regesta-imperii.de/id/1462-04-28_2_0_13_20_0_106_106"
ri:1462-06-04_11_0_13_23_0_452_449,work,[RI XIII] H. 23 n. 449,,K.F. desgleichen an Hans vom Stain (Stein) zu Ronsberg (Ransperg).,available,1462,,high,"dept: RI XIII; issuer: Friedrich III.; place: Graz; date: 1462-06-04; source: Regesta Imperii, Akad. der Wissenschaften und der Literatur | Mainz, CC BY 4.0; retrieved 2026-10-04; https://www.regesta-imperii.de/id/1462-06-04_11_0_13_23_0_452_449"
ri:1462-07-21_1_0_13_0_0_3930_3931,work,Chmel n. 3931,,schreibt den zu Ulm versammelten Kriegsräthen der verbündeten Reichsstädte und ermuntert sie zum kräftigen Widerstande gegen Herzog Ludwig von Bayern.,available,1462,,high,"dept: RI XIII; issuer: Friedrich III.; place: Grätz; date: 1462-07-21; source: Regesta Imperii, Akad. der Wissenschaften und der Literatur | Mainz, CC BY 4.0; retrieved 2026-10-04; https://www.regesta-imperii.de/id/1462-07-21_1_0_13_0_0_3930_3931"
ri:1463-01-01_1_0_13_18_0_299_299,work,[RI XIII] H. 18 n. 299,,"K.F. belehnt von sundern gnaden Phebusch von Turn, Hauptmann von Portenau, und Friedrich Ungersbacher sowie deren Erben, aufgrund ihrer geleisteten Dienste vor allem während der Belagerung der Wiener Burg durch Ehz. Albrecht (VI.) von Österreich, ettliche lanndtloute und die Wiener, wissenntlich mit dem brief, was wir in zu recht daran verlaihen sollen oder muogen, mit dem aus dem Besitz der verst …",available,1463,,high,"dept: RI XIII; issuer: Friedrich III.; place: Wiener Neustadt; date: 1463-01-01; source: Regesta Imperii, Akad. der Wissenschaften und der Literatur | Mainz, CC BY 4.0; retrieved 2026-10-04; https://www.regesta-imperii.de/id/1463-01-01_1_0_13_18_0_299_299"
ri:1463-05-12_1_0_13_18_0_317_317,work,[RI XIII] H. 18 n. 317,,"K.F. gestattet Hans Katschberger die während der Kriegshandlungen verbrannte Mühle Stefan Pruckners in Wiener Neustadt an der Fischa vor dem Wiener Tor wiederaufzubauen. Hans Katschberger und dessen Erben sollen für die Nutzung der Mühle2 mit den von alters her zugehörigen Gewässern, Fischgründen, Wiesen und Auen sowie allen anderen Rechten, Freiheiten und Gewohnheiten jährlich zu Weihnachten 12 P …",available,1463,,high,"dept: RI XIII; issuer: Friedrich III.; place: [Wiener Neustadt]1; date: 1463-05-12; source: Regesta Imperii, Akad. der Wissenschaften und der Literatur | Mainz, CC BY 4.0; retrieved 2026-10-04; https://www.regesta-imperii.de/id/1463-05-12_1_0_13_18_0_317_317"
ri:1463-08-23_1_0_13_26_0_614_614,work,[RI XIII] H. 26 n. 614,,"K.F. beteuert gegenüber Kg. Georg von Böhmen, daß er diesem eine schuldige Geldsumme gern fristgemäß zurückgezahlt hätte. Er habe ihm jedoch dafür vergeblich die Herrschaft Neuburg am Inn angeboten und diese schließlich an seinen Rat Hans von Rohrbach verkaufen müssen.1 Da Rohrbach sich verpflichtet habe, an seiner Statt die Schulden zu begleichen, bittet K.F. Georg um Zahlungsaufschub in der Hoff …",available,1463,,high,"dept: RI XIII; issuer: Friedrich III.; place: Wiener Neustadt; date: 1463-08-23; source: Regesta Imperii, Akad. der Wissenschaften und der Literatur | Mainz, CC BY 4.0; retrieved 2026-10-04; https://www.regesta-imperii.de/id/1463-08-23_1_0_13_26_0_614_614"
ri:1463-12-29_1_0_13_6_0_11054_76,work,[RI XIII] H. 6 n. 76,,K. F. setzt dem Konrad Ehinger auf Appellation des Konrad Fulach d. Ä. einen Rechtstag.,available,1463,,high,"dept: RI XIII; issuer: Friedrich III.; place: [-]; date: 1463-12-29; source: Regesta Imperii, Akad. der Wissenschaften und der Literatur | Mainz, CC BY 4.0; retrieved 2026-10-04; https://www.regesta-imperii.de/id/1463-12-29_1_0_13_6_0_11054_76"
ri:1464-06-23_5_0_13_0_0_4083_4084,work,Chmel n. 4084,,"bestätigt der Stadt Nürnberg das Privilegium, dass sie die jährliche Stadtsteuer (nähmlich 1000 Gulden Nürnberger Stadt-Währung oder aber dafür 1100 Gulden Rhein. Landwährung) nur dem römischen Kaiser oder Könige selbst auszuzahlen verpflichtet seyn soll.",available,1464,,high,"dept: RI XIII; issuer: Friedrich III.; place: Neustadt; date: 1464-06-23; source: Regesta Imperii, Akad. der Wissenschaften und der Literatur | Mainz, CC BY 4.0; retrieved 2026-10-04; https://www.regesta-imperii.de/id/1464-06-23_5_0_13_0_0_4083_4084"
ri:1464-11-15_1_0_13_0_0_4122_4123,work,Chmel n. 4123,,"legt den Streit zwischen der Stadt Enns und dem Markte Mauthausen, wegen des Salzhandels im Machland, dahin bey, dass in Zukunft die von Mauthausen alles Salz von den Ennsern, jedoch um einen festbestimmten Preis, kaufen sollen.",available,1464,,high,"dept: RI XIII; issuer: Friedrich III.; place: Neustadt; date: 1464-11-15; source: Regesta Imperii, Akad. der Wissenschaften und der Literatur | Mainz, CC BY 4.0; retrieved 2026-10-04; https://www.regesta-imperii.de/id/1464-11-15_1_0_13_0_0_4122_4123"
ri:1465-03-20_1_0_13_5_0_10780_156,work,[RI XIII] H. 5 n. 156,,"K. F. teilt Gf. Otto von Solms(-Braunfels) mit, daß Bürgermeister, Rat und Gemeinde der Stadt Wetzlar ihm geklagt haben, Otto beeinträchtige trotz des von K. F. selbst erteilten Verbots1 und der von seinen kgl. und ksl. Vorgängern getroffenen Entscheidung2 ihre Freiheiten. Auch habe er in seinen Herrschaften zu ihrem Schaden neue Maut (mute) und Zölle verordnet sowie etliche ihrer Bürger gefangeng …",available,1465,,high,"dept: RI XIII; issuer: Friedrich III.; place: Wiener Neustadt; date: 1465-03-20; source: Regesta Imperii, Akad. der Wissenschaften und der Literatur | Mainz, CC BY 4.0; retrieved 2026-10-04; https://www.regesta-imperii.de/id/1465-03-20_1_0_13_5_0_10780_156"
ri:1465-06-04_1_0_13_0_0_4195_4196,work,Chmel n. 4196,,"gibt dem Hanns von Stainbach und seinen ehelichen Leibeserben die Bestätigung ihres Wapens. 'Mit namen einem roten schillde das unnder dritteil desselben schildes uber zwirich plabe und in dem ganntzn schilde ein klymender weisser steinpokch mit gelffunder zungen dann auf dem schilde einen helmen getzieret mit einer weissen und roten helmdekchen, darauf ein gewunden fliegend pynden rott und plabe …",available,1465,,high,"dept: RI XIII; issuer: Friedrich III.; place: Neustadt; date: 1465-06-04; source: Regesta Imperii, Akad. der Wissenschaften und der Literatur | Mainz, CC BY 4.0; retrieved 2026-10-04; https://www.regesta-imperii.de/id/1465-06-04_1_0_13_0_0_4195_4196"
ri:1465-08-14_2_0_13_5_0_10786_162,work,[RI XIII] H. 5 n. 162,,"K. F. teilt dem Hofrichter Gf. Johann von Sulz und den Urteilern des Hofgerichts zu Rottweil mit, daß Gf. Gerhard von Sayn sich erboten habe, auf Klage der Helene Kramer von Heidelberg im Kurfürstentum Trier zu Recht zu stehen, und er gebietet ihnen, die von Helene gegen Gf. Gerhard erlangten ladungen, achten und processen abzustellen sowie die Klage abzuweisen.",available,1465,,high,"dept: RI XIII; issuer: Friedrich III.; place: Wiener Neustadt; date: 1465-08-14; source: Regesta Imperii, Akad. der Wissenschaften und der Literatur | Mainz, CC BY 4.0; retrieved 2026-10-04; https://www.regesta-imperii.de/id/1465-08-14_2_0_13_5_0_10786_162"
ri:1465-10-21_1_0_13_26_0_631_631,work,[RI XIII] H. 26 n. 631,,"K.F. bestätigt Otto (II.), Pfgf. bei Rhein (von Pfalz-Mosbach), alle Privilegien und Rechte, die dieser und dessen Vorfahren von den römischen Kaisern und Königen erworben haben, alle Herrlichkeiten, Land- und anderen Gerichte, Schlösser, Städte, Herrschaften, Mannen, Mannschaften, geistliche und weltliche Lehenschaften, Klöster, Klöstervogte, gefriedt,1 Gerichte, Geleite, Münzen, Erze sowie das d …",available,1465,,high,"dept: RI XIII; issuer: Friedrich III.; place: Wiener Neustadt; date: 1465-10-21; source: Regesta Imperii, Akad. der Wissenschaften und der Literatur | Mainz, CC BY 4.0; retrieved 2026-10-04; https://www.regesta-imperii.de/id/1465-10-21_1_0_13_26_0_631_631"
ri:1466-01-16_1_0_13_0_0_4348_4349,work,Chmel n. 4349,,"Johann Rott, Lehrer geistlicher Rechte, Protonotar des K. Friedrich und Pfarrer zu St. Jörgen im Attergau gibt dem K. Friedrich, der ihm und seinen Nachfolgern in der Pfarre ein Gut mit einer Säge und dem Urfahr zu Tesselpach ledig und zinsfrey überlassen hat einen Revers, dass alle Quatember dafür Gott und dem h. Ritter St. Jörgen zu Lob und dem Kaiser und seinen Vorfahren und Erben zum Seelenhei …",available,1466,,high,"dept: RI XIII; issuer: Friedrich III.; place: Neustadt; date: 1466-01-16; source: Regesta Imperii, Akad. der Wissenschaften und der Literatur | Mainz, CC BY 4.0; retrieved 2026-10-04; https://www.regesta-imperii.de/id/1466-01-16_1_0_13_0_0_4348_4349"
ri:1466-03-26_2_0_13_17_0_172_170,work,[RI XIII] H. 17 n. 170,,"K.F. teilt dem Erwählten Matthias und dem Domkapitel zu Speyer unter Hinweis auf das Urteil des ksl. Kammergerichts sowie sein darauf ergangenes Gebot1 mit, er habe erfahren, daß der Stuhlbrüderpropst Eberhard Pfeil und die Stuhlbrüder am Domstift zu Speyer durch den Beistand des Erwählten Matthias und des Domkapitels ungehorsam geblieben sind, durch deren Hilfe mit einer vermeintlichen Appellatio …",available,1466,,high,"dept: RI XIII; issuer: Friedrich III.; place: Wiener Neustadt; date: 1466-03-26; source: Regesta Imperii, Akad. der Wissenschaften und der Literatur | Mainz, CC BY 4.0; retrieved 2026-10-04; https://www.regesta-imperii.de/id/1466-03-26_2_0_13_17_0_172_170"
ri:1466-06-01_2_0_13_0_0_4504_4505,work,Chmel n. 4505,,"K. Friedrich nimmt den Hanns Smidlewter, Bürger zu Freystadt (im Mühlviertel ob der Enns) zu seinem Diener auf und mit seinem Hab und Gut in besondern Schutz und Schirm.",available,1466,,high,"dept: RI XIII; issuer: Friedrich III.; place: Neustadt; date: 1466-06-01; source: Regesta Imperii, Akad. der Wissenschaften und der Literatur | Mainz, CC BY 4.0; retrieved 2026-10-04; https://www.regesta-imperii.de/id/1466-06-01_2_0_13_0_0_4504_4505"
ri:1466-07-29_1_0_13_0_0_4583_4584,work,Chmel n. 4584,,"bestimmt viele Reichsfürsten und Reichsstädte zu Schirmern der der Stadt Nürnberg gegebenen Freyheiten, insbesondere zur Herhaltung der zu Frankfurt ausgegangenen Reformation. Pön 100 Mark Goldes.",available,1466,,high,"dept: RI XIII; issuer: Friedrich III.; place: Neustadt; date: 1466-07-29; source: Regesta Imperii, Akad. der Wissenschaften und der Literatur | Mainz, CC BY 4.0; retrieved 2026-10-04; https://www.regesta-imperii.de/id/1466-07-29_1_0_13_0_0_4583_4584"
ri:1466-09-24_1_0_13_0_0_4654_4655,work,Chmel n. 4655,,"Befehl an die Verweser zu Aussee, dem Bernhard Krabatstorffer 32 Pf. Pfen. auszurichten 'die man im von darlengs ettlicher zerung als er das geslos Liechtenstain hat ingenomen auch von paws wegn so er an dem geslos Kaysersperg hat getan ist schuldig worden.'",available,1466,,high,"dept: RI XIII; issuer: Friedrich III.; place: Grätz; date: 1466-09-24; source: Regesta Imperii, Akad. der Wissenschaften und der Literatur | Mainz, CC BY 4.0; retrieved 2026-10-04; https://www.regesta-imperii.de/id/1466-09-24_1_0_13_0_0_4654_4655"
ri:1466-11-13_3_0_13_22_0_147_147,work,[RI XIII] H. 22 n. 147,,K.F. lädt desgleichen den Kläger Gf. Ulrich von Montfort oder dessen Anwalt zu dem Gerichtstag.,available,1466,,high,"dept: RI XIII; issuer: Friedrich III.; place: [–]; date: 1466-11-13; source: Regesta Imperii, Akad. der Wissenschaften und der Literatur | Mainz, CC BY 4.0; retrieved 2026-10-04; https://www.regesta-imperii.de/id/1466-11-13_3_0_13_22_0_147_147"
ri:1466-12-01_7_0_13_25_0_126_126,work,[RI XIII] H. 25 n. 126,,K. F. desgleichen an den Eb. von Köln.,available,1466,,high,"dept: RI XIII; issuer: Friedrich III.; place: [–]1; date: 1466-12-01; source: Regesta Imperii, Akad. der Wissenschaften und der Literatur | Mainz, CC BY 4.0; retrieved 2026-10-04; https://www.regesta-imperii.de/id/1466-12-01_7_0_13_25_0_126_126"
ri:1467-01-09_1_0_13_0_0_4861_4862,work,Chmel n. 4862,,"Befehl an den Jörg Viertaler, Marchfuttrer zu Grätz, dem Friedrich Herberstorffer, Pfleger zu Wildoni 62 Viertel Korn, die er vom Nestler am Herzogperg, und Ulrich Gysübl an der Gosnitz eingenommen hat, zu Nothdurft des Schlosses Wildoni zu verabreichen.",available,1467,,high,"dept: RI XIII; issuer: Friedrich III.; place: Grätz; date: 1467-01-09; source: Regesta Imperii, Akad. der Wissenschaften und der Literatur | Mainz, CC BY 4.0; retrieved 2026-10-04; https://www.regesta-imperii.de/id/1467-01-09_1_0_13_0_0_4861_4862"
ri:1467-03-05_1_0_13_22_0_169_169,work,[RI XIII] H. 22 n. 169,,"K.F. verleiht Paul Phunttner, wissentlich mit dem brief, was wir im zu recht daran verleihen sullen oder mugen, dessen ererbtes Lehen auf dem Wagram in der Pfarre St. Valentin und verfügt, daß es Paul und seine Erben nach Lehens- und Landesrecht innehaben und nutzen sollen.",available,1467,,high,"dept: RI XIII; issuer: Friedrich III.; place: Linz; date: 1467-03-05; source: Regesta Imperii, Akad. der Wissenschaften und der Literatur | Mainz, CC BY 4.0; retrieved 2026-10-04; https://www.regesta-imperii.de/id/1467-03-05_1_0_13_22_0_169_169"
ri:1467-05-14_1_0_13_17_0_202_200,work,[RI XIII] H. 17 n. 200,,"K.F. teilt dem Domherren Eberhard Pfeil von Aulenbach (Ulnbach) und der samung der Stuhlbrüder des Stiftes Speyer mit, daß der ksl. Kammerprokurator-Fiskal auff hut datum diß brieffs vor dem ksl. Kammergericht gefordert hat, gegen sie mit Acht, Anleite und nottdurfftigen processen vorzugehen, weil sie Peter Schreier trotz eines Kammergerichtsurteils1 und eines ksl. Gebotsbriefes2 nicht in den Besi …",available,1467,,high,"dept: RI XIII; issuer: Friedrich III.; place: Wiener Neustadt; date: 1467-05-14; source: Regesta Imperii, Akad. der Wissenschaften und der Literatur | Mainz, CC BY 4.0; retrieved 2026-10-04; https://www.regesta-imperii.de/id/1467-05-14_1_0_13_17_0_202_200"
ri:1467-06-30_2_0_13_0_0_5078_5079,work,Chmel n. 5079,,"Befehl an den Erhard Weber, Richter zu Veldpach, dem Rogendorffer, Verweser (in Steyermark) 30 Pf. Pfen. auszurichten 'zu zurichtung des wegs auf das gsloss Gretz.'",available,1467,,high,"dept: RI XIII; issuer: Friedrich III.; place: Neustadt; date: 1467-06-30; source: Regesta Imperii, Akad. der Wissenschaften und der Literatur | Mainz, CC BY 4.0; retrieved 2026-10-04; https://www.regesta-imperii.de/id/1467-06-30_2_0_13_0_0_5078_5079"
ri:1467-09-01_1_0_13_22_0_188_188,work,[RI XIII] H. 22 n. 188,,"K.F. übergibt Oswald Gresl und dessen Erben das ksl. Amt zu Marburg bestandsweise mit allen Nutzen, Renten, Zinsen und dem auch früher üblichen Zubehör für drei Jahre, die am kommenden St. Georgstag 1468 (1468 April 24)1 beginnen und am gleichen Tag des Jahres 1468 enden, um jährliche 800 Pfd. Pf. landläufiger Münze, in Summe folglich um 2.400 Pfd. Pf. Der Kaiser verpflichtet Gresl, das Amt treu i …",available,1467,,high,"dept: RI XIII; issuer: Friedrich III.; place: [–]; date: 1467-09-01; source: Regesta Imperii, Akad. der Wissenschaften und der Literatur | Mainz, CC BY 4.0; retrieved 2026-10-04; https://www.regesta-imperii.de/id/1467-09-01_1_0_13_22_0_188_188"
ri:1467-10-29_1_0_13_0_0_5230_5231,work,Chmel n. 5231,,"verleiht dem Andreas Haller, ('Barbierer') ein Drittel an dem Zehend zu Wynnczenheim bey Colmar gelegen als ein dem Reiche heimgefallenes und vermahntes Lehen. 'so Rudolf von Wegesat innhab ... Derselb Andre hat ein reversz geben der kaiserlichen maiestät zuantwortten umb den drittail davon ...'",available,1467,,high,"dept: RI XIII; issuer: Friedrich III.; place: Neustadt; date: 1467-10-29; source: Regesta Imperii, Akad. der Wissenschaften und der Literatur | Mainz, CC BY 4.0; retrieved 2026-10-04; https://www.regesta-imperii.de/id/1467-10-29_1_0_13_0_0_5230_5231"
ri:1468-01-14_1_0_13_0_0_5313_5314,work,Chmel n. 5314,,K. Friedrich quittirt die Stadt Schwäbisch-Halle über die bezahlte Reichssteuer vom verflossenen St. Martinstage.,available,1468,,high,"dept: RI XIII; issuer: Friedrich III.; place: Neustadt; date: 1468-01-14; source: Regesta Imperii, Akad. der Wissenschaften und der Literatur | Mainz, CC BY 4.0; retrieved 2026-10-04; https://www.regesta-imperii.de/id/1468-01-14_1_0_13_0_0_5313_5314"
ri:1468-04-11_2_0_13_22_0_218_218,work,[RI XIII] H. 22 n. 218,,"K.F. verschreibt Heidenreich Obernburger Schloß Gutenegg am Karst auf Lebzeiten pflegweise mit der gewöhnlichen Burghut von 50 Mark Sch. 5 Mark Sch. für kuchenfrischling und 5 Mark Sch. für Wein, also in Summe 60 Mark Sch. und dazu 12 Maß Weizen, so wie es der verstorbene Wolfgang von Walsee früher übergeben hatte1. Der Kaiser verpflichtet Heidenreich, das Schloß treu innezuhaben und zu bewahren, …",available,1468,,high,"dept: RI XIII; issuer: Friedrich III.; place: [–]; date: 1468-04-11; source: Regesta Imperii, Akad. der Wissenschaften und der Literatur | Mainz, CC BY 4.0; retrieved 2026-10-04; https://www.regesta-imperii.de/id/1468-04-11_2_0_13_22_0_218_218"
ri:1468-07-20_1_0_13_22_0_228_228,work,[RI XIII] H. 22 n. 228,,K.F. gebietet den Eidgenossen die Einhaltung aller Bestimmungen des fünfjährigen Landfriedens gegenüber Hz. Sigmund von Österreich.,available,1468,,high,"dept: RI XIII; issuer: Friedrich III.; place: [–]; date: 1468-07-20; source: Regesta Imperii, Akad. der Wissenschaften und der Literatur | Mainz, CC BY 4.0; retrieved 2026-10-04; https://www.regesta-imperii.de/id/1468-07-20_1_0_13_22_0_228_228"
ri:1468-10-26_2_0_13_0_0_5503_5504,work,Chmel n. 5504,,"Quittung für Bürgermeister, Richter und Rath zu Grätz, über 200 Pf. Pfen. Vorschuss zu des K. Handen; soll ihnen an der Stadtsteuer abgezogen werden.",available,1468,,high,"dept: RI XIII; issuer: Friedrich III.; place: Grätz; date: 1468-10-26; source: Regesta Imperii, Akad. der Wissenschaften und der Literatur | Mainz, CC BY 4.0; retrieved 2026-10-04; https://www.regesta-imperii.de/id/1468-10-26_2_0_13_0_0_5503_5504"
ri:1469-03-22_1_0_13_0_0_5540_5541,work,Chmel n. 5541,,K. Friedrich verleiht dem Michel Kaczensteiner und seinen ehelichen Leibeserben von Neuem ein Wapen. '- Mit namen einen swarczen schilde entspringende aus grunde desselben schildes ein dreyegkketer gelber perge siczende auf der höhe des perges ein weisse wilde kacz mit gekrumbtem swanncze und uberegke des schildes ob derselben kaczen zwen fewr heken mit gelben schefften kreuczweise ubereinander ge …,available,1469,,high,"dept: RI XIII; issuer: Friedrich III.; place: Grätz; date: 1469-03-22; source: Regesta Imperii, Akad. der Wissenschaften und der Literatur | Mainz, CC BY 4.0; retrieved 2026-10-04; https://www.regesta-imperii.de/id/1469-03-22_1_0_13_0_0_5540_5541"
ri:1469-06-22_2_0_13_0_0_5596_5597,work,Chmel n. 5597,,"Jörg Fuchs, Hofmarschall, soll ('von der stewr wegn so auf dy briesterschaff ennhalb des Semering geslagn ist worden und er innemen sol' dem Meister Peter Pusicker, Steinmetz, 50 Pf., dem Altmann Maurer 20 Pf., dem Meister Jörg Grevenperger und Lienhard Lobenschrat, Zimmerleuten 15 Pf., zusammen 85 Pf. Pfen. ausrichten ('davon sy die altan in der burg zu der Newnstat zurichtn sulln.'",available,1469,,high,"dept: RI XIII; issuer: Friedrich III.; place: Grätz; date: 1469-06-22; source: Regesta Imperii, Akad. der Wissenschaften und der Literatur | Mainz, CC BY 4.0; retrieved 2026-10-04; https://www.regesta-imperii.de/id/1469-06-22_2_0_13_0_0_5596_5597"
ri:1469-08-16_1_0_13_0_0_5657_5658,work,Chmel n. 5658,,Amtmann zu Gmunden soll den Bürgern von Enns jährlich 24 Pf. Pfen. zur Ausbesserung der Brücke daselbst geben 'als in die vor auch geraicht sein.',available,1469,,high,"dept: RI XIII; issuer: Friedrich III.; place: Grätz; date: 1469-08-16; source: Regesta Imperii, Akad. der Wissenschaften und der Literatur | Mainz, CC BY 4.0; retrieved 2026-10-04; https://www.regesta-imperii.de/id/1469-08-16_1_0_13_0_0_5657_5658"
ri:1469-09-23_5_0_13_0_0_5720_5721,work,Chmel n. 5721,,Die Judischhait zu Radkerspurg soll dem Pancraz Gressennperger 69 Pf. Pfen. für Sold und 28 Gulden ungr. für Schäden geben (furderlich under ew anslahet die inbringet); item die Judischhait von Laibach soll dem Jobst Harrer 107 Pf. 7 Schill. für Sold und 65 Gulden ungr. und Ducaten für Schaden und 60 Pf.,available,1469,,high,"dept: RI XIII; issuer: Friedrich III.; place: Grätz; date: 1469-09-23; source: Regesta Imperii, Akad. der Wissenschaften und der Literatur | Mainz, CC BY 4.0; retrieved 2026-10-04; https://www.regesta-imperii.de/id/1469-09-23_5_0_13_0_0_5720_5721"
ri:1469-11-09_1_0_13_0_0_5808_5809,work,Chmel n. 5809,,Hanns Zechorner verkauft dem K. Friedrich den Lämmer Zehend und den 'Desem' von Wein und Getreide auf dem Dorfe zu Verem um 120 Mark Schilling Venediger Münze.,available,1469,,high,"dept: RI XIII; issuer: Friedrich III.; place: Neustadt; date: 1469-11-09; source: Regesta Imperii, Akad. der Wissenschaften und der Literatur | Mainz, CC BY 4.0; retrieved 2026-10-04; https://www.regesta-imperii.de/id/1469-11-09_1_0_13_0_0_5808_5809"
ri:1470-01-08_13_0_13_17_0_227_225,work,[RI XIII] H. 17 n. 225,,K.F. desgleichen an die Städte Esslingen,available,1470,,high,"dept: RI XIII; issuer: Friedrich III.; place: [-]; date: 1470-01-08; source: Regesta Imperii, Akad. der Wissenschaften und der Literatur | Mainz, CC BY 4.0; retrieved 2026-10-04; https://www.regesta-imperii.de/id/1470-01-08_13_0_13_17_0_227_225"
ri:1470-02-27_3_0_13_0_0_5941_5942,work,Chmel n. 5942,,Wolfgang Prawn soll von den auf die Leute zu Kammer angeschlagenen 300 Gulden Steuergeld dem Jörg Hochenfelder 132 Gulden ausrichten für Schäden.,available,1470,,high,"dept: RI XIII; issuer: Friedrich III.; place: Wien; date: 1470-02-27; source: Regesta Imperii, Akad. der Wissenschaften und der Literatur | Mainz, CC BY 4.0; retrieved 2026-10-04; https://www.regesta-imperii.de/id/1470-02-27_3_0_13_0_0_5941_5942"
ri:1470-05-12_2_0_13_0_0_6008_6009,work,Chmel n. 6009,,"Mert Snitzenpawmer, Amtmann zu Yg, soll dem Jobst Harrer 107 Pf. Pfen. für Sold und 65 Gulden ungr. für Schaden ausrichten.",available,1470,,high,"dept: RI XIII; issuer: Friedrich III.; place: Völkermarkt; date: 1470-05-12; source: Regesta Imperii, Akad. der Wissenschaften und der Literatur | Mainz, CC BY 4.0; retrieved 2026-10-04; https://www.regesta-imperii.de/id/1470-05-12_2_0_13_0_0_6008_6009"
ri:1470-06-28_1_0_13_0_0_6067_6068,work,Chmel n. 6068,,Ulrich Artzt zu Augsburg soll dem Jörg Kheib 'des jungen herrn hofmaister' 150 Gulden Rhein. geben an seinem Sold.,available,1470,,high,"dept: RI XIII; issuer: Friedrich III.; place: Völkermarkt; date: 1470-06-28; source: Regesta Imperii, Akad. der Wissenschaften und der Literatur | Mainz, CC BY 4.0; retrieved 2026-10-04; https://www.regesta-imperii.de/id/1470-06-28_1_0_13_0_0_6067_6068"
ri:1470-09-20_3_0_13_0_0_6109_6110,work,Chmel n. 6110,,"versichert den Hanns Einpacher, Bürger zu Grätz, dass die Landleute in Steyer und Kärnthen das Tuch, das er in ihrem Nahmen den kaiserlichen Söldnern für Sold und Schaden im Werthe von 3000 Ducaten gegeben hat, von dem Anschlag bezahlen, oder ihn sonst mit Schuldbriefen versorgen werden.",available,1470,,high,"dept: RI XIII; issuer: Friedrich III.; place: Grätz; date: 1470-09-20; source: Regesta Imperii, Akad. der Wissenschaften und der Literatur | Mainz, CC BY 4.0; retrieved 2026-10-04; https://www.regesta-imperii.de/id/1470-09-20_3_0_13_0_0_6109_6110"
ri:1470-12-17_1_0_13_4_0_10103_531,work,[RI XIII] H. 4 n. 531,,K. F. überträgt Hz. Ludwig von (Bayern-)Veldenz bis auf Widerruf die Landvogtei im Elsass (die bisher Pfgf. Friedrich innehatte).,available,1470,,high,"dept: RI XIII; issuer: Friedrich III.; place: [Graz]1; date: 1470-12-17; source: Regesta Imperii, Akad. der Wissenschaften und der Literatur | Mainz, CC BY 4.0; retrieved 2026-10-04; https://www.regesta-imperii.de/id/1470-12-17_1_0_13_4_0_10103_531"
ri:1471-04-19_1_0_13_29_0_167_167,work,[RI XIII] H. 29 n. 167,,K.F. gebietet den Bau einer Befestigung in der Herrschaft Gottschee.,available,1471,,high,"dept: RI XIII; issuer: Friedrich III.; place: [-]; date: 1471-04-19; source: Regesta Imperii, Akad. der Wissenschaften und der Literatur | Mainz, CC BY 4.0; retrieved 2026-10-04; https://www.regesta-imperii.de/id/1471-04-19_1_0_13_29_0_167_167"
ri:1471-07-09_3_0_13_0_0_6264_6265,work,Chmel n. 6265,,"gibt dem Conrad Hurtter, Priester der Augsburger Diöcese, einen Pfründenbrief. ('ad Priorem et Conventum Monasterii in Buchsheim Ord. Carthusiensis August. Diöc.).",available,1471,,high,"dept: RI XIII; issuer: Friedrich III.; place: Regensburg; date: 1471-07-09; source: Regesta Imperii, Akad. der Wissenschaften und der Literatur | Mainz, CC BY 4.0; retrieved 2026-10-04; https://www.regesta-imperii.de/id/1471-07-09_3_0_13_0_0_6264_6265"
ri:1471-07-24_3_0_13_0_0_6333_6334,work,Chmel n. 6334,,gibt dem Landgrafen Heinrich von Hessen einen gleichen Regalienbrief.,available,1471,,high,"dept: RI XIII; issuer: Friedrich III.; place: Regensburg; date: 1471-07-24; source: Regesta Imperii, Akad. der Wissenschaften und der Literatur | Mainz, CC BY 4.0; retrieved 2026-10-04; https://www.regesta-imperii.de/id/1471-07-24_3_0_13_0_0_6333_6334"
ri:1471-08-09_2_0_13_10_0_13289_329,work,[RI XIII] H. 10 n. 329,,K. F. verleiht Bf. Heinrich (II.) von Naumburg die Regalien.,available,1471,,high,"dept: RI XIII; issuer: Friedrich III.; place: Regensburg; date: 1471-08-09; source: Regesta Imperii, Akad. der Wissenschaften und der Literatur | Mainz, CC BY 4.0; retrieved 2026-10-04; https://www.regesta-imperii.de/id/1471-08-09_2_0_13_10_0_13289_329"
ri:1471-08-31_4_0_13_7_0_11511_347,work,[RI XIII] H. 7 n. 347,,"K. F. befiehlt Hz. Gerhard von Jülich-Berg und seiner Gemahlin Sophie, die Kaiser und Reich unmittelbar zugehörenden Lande Sinzig und Remagen mit den bisher daraus bezogenen Einnahmen zurückzugeben oder ihre Rechte daran binnen 6 Wochen und 3 Tagen nach Erhalt dieses Mandats vor Bürgermeistern und Rat der Stadt Köln, die ihm (K. F.) darüber Bericht erstatten sollen, zu beweisen. Für den Fall der W …",available,1471,,high,"dept: RI XIII; issuer: Friedrich III.; place: Nürnberg; date: 1471-08-31; source: Regesta Imperii, Akad. der Wissenschaften und der Literatur | Mainz, CC BY 4.0; retrieved 2026-10-04; https://www.regesta-imperii.de/id/1471-08-31_4_0_13_7_0_11511_347"
ri:1471-11-06_3_0_13_27_0_125_125,work,[RI XIII] H. 27 n. 125,,"K.F. teilt Hans von Spaur, Erzschenk von Tirol, die Antwort der Stadt Wien auf sein Schreiben2 mit und legt Abschriften dieser beiden Schriftstücke bei.",available,1471,,high,"dept: RI XIII; issuer: Friedrich III.; place: [–]1; date: 1471-11-06; source: Regesta Imperii, Akad. der Wissenschaften und der Literatur | Mainz, CC BY 4.0; retrieved 2026-10-04; https://www.regesta-imperii.de/id/1471-11-06_3_0_13_27_0_125_125"
ri:1472-04-20_1_0_13_0_0_6540_6541,work,Chmel n. 6541,,"erlässt ein Mandat an Herzog Sigmund von Oesterreich, in Betreff der Sätze und Pfandschaften in Schwaben und den obern Landen.",available,1472,,high,"dept: RI XIII; issuer: Friedrich III.; place: Neustadt; date: 1472-04-20; source: Regesta Imperii, Akad. der Wissenschaften und der Literatur | Mainz, CC BY 4.0; retrieved 2026-10-04; https://www.regesta-imperii.de/id/1472-04-20_1_0_13_0_0_6540_6541"
ri:1472-08-12_1_0_13_0_0_6594_6595,work,Chmel n. 6595,,"König Casimir von Pohlen quittirt den K. Friedrich, als Nachfolger Königs Ladislaus P. in Oesterreich, über den Oesterreich betreffenden Theil (von der versprochenen 100000 Goldgulden als Heirathsgut für Prinzessin Elisabeth) per 32000 Goldgulden.",available,1472,,high,"dept: RI XIII; issuer: Friedrich III.; place: Krakau; date: 1472-08-12; source: Regesta Imperii, Akad. der Wissenschaften und der Literatur | Mainz, CC BY 4.0; retrieved 2026-10-04; https://www.regesta-imperii.de/id/1472-08-12_1_0_13_0_0_6594_6595"
ri:1473-01-05_1_0_13_0_0_6645_6646,work,Chmel n. 6646,,"macht den Heinrich Krull, Canonicus (prebendatus) in der Collegiatkirche St. Victor zu Xanten, Diöcese Cölln, zum kaiserlichen Caplan daselbst.",available,1473,,high,"dept: RI XIII; issuer: Friedrich III.; place: Grätz; date: 1473-01-05; source: Regesta Imperii, Akad. der Wissenschaften und der Literatur | Mainz, CC BY 4.0; retrieved 2026-10-04; https://www.regesta-imperii.de/id/1473-01-05_1_0_13_0_0_6645_6646"
ri:1473-05-13_1_0_13_0_0_6701_6702,work,Chmel n. 6702,,"K. Friedrich gibt dem Georg von Tettnang, Priester der Constanzer Diöcese, einen Pfründenbrief. 'Ad plebanum Ecclesie parrochialis in Ottersswil Argentinensis Diöc. ad beneficia curata vel non curata in forma communi. Executores Abbates S. Udalrici Augustensis et n. in Swarczach Argentin. Diöc.'",available,1473,,high,"dept: RI XIII; issuer: Friedrich III.; place: Augsburg; date: 1473-05-13; source: Regesta Imperii, Akad. der Wissenschaften und der Literatur | Mainz, CC BY 4.0; retrieved 2026-10-04; https://www.regesta-imperii.de/id/1473-05-13_1_0_13_0_0_6701_6702"
ri:1473-07-07_2_0_13_17_0_278_276,work,[RI XIII] H. 17 n. 276,,"K.F. lädt die Brüder Gottfried, Friedrich und Kraft (VI.), Gff. von Hohenlohe, aufgrund des Urteils des Kammergerichts, demzufolge Bürgermeister und Rat der Stadt Speyer von der Klage ihres verstorbenen Vaters Kraft (V.) freigesprochen worden sind1, als Erben Krafts (V.) auf den 45. Tag nach Erhalt dieser Ladung bzw. auf den ersten darauf folgenden Gerichtstag vor sich oder seinen bevollmächtigten …",available,1473,,high,"dept: RI XIII; issuer: Friedrich III.; place: Niederbaden; date: 1473-07-07; source: Regesta Imperii, Akad. der Wissenschaften und der Literatur | Mainz, CC BY 4.0; retrieved 2026-10-04; https://www.regesta-imperii.de/id/1473-07-07_2_0_13_17_0_278_276"
ri:1473-10-17_1_0_13_2_0_9274_146,work,[RI XIII] H. 2 n. 146,,"K. F. gebietet Bürgermeister und Rat der Stadt Kempten bei einer Strafe von 30 Mark Gold, halb in die Kammer und halb der beleidigten Partei zu zahlen, alle Neuerungen, die sie gegen den Abt von Kempten und sein Kloster gebraucht haben sollen, bis zum nächsten Gerichtstag, der zwischen beiden Parteien in Augsburg stattfinden soll und den der K. hiermit verkündet, nicht zu gebrauchen, sondern der S …",available,1473,,high,"dept: RI XIII; issuer: Friedrich III.; place: Trier; date: 1473-10-17; source: Regesta Imperii, Akad. der Wissenschaften und der Literatur | Mainz, CC BY 4.0; retrieved 2026-10-04; https://www.regesta-imperii.de/id/1473-10-17_1_0_13_2_0_9274_146"
ri:1474-01-12_2_0_13_7_0_11547_383,work,[RI XIII] H. 7 n. 383,,"K. F. teilt Papst (Sixtus IV.) mit, seit langem schwebe ein Appellationsverfahren vor dem apostolischen Stuhl, das Bürgermeister und Rat der Stadt Köln eingeleitet hatten, weil Eb. Ruprecht von Köln als Antwort auf die dem Greven und den Schöffen des Kölner Hohen Gerichts erteilten ksl. Indulte und Mandate1 kirchliche Zensuren gegen sie verhängt habe2. Da der Prozeß an der Kurie soweit fortgeschri …",available,1474,,high,"dept: RI XIII; issuer: Friedrich III.; place: Köln; date: 1474-01-12; source: Regesta Imperii, Akad. der Wissenschaften und der Literatur | Mainz, CC BY 4.0; retrieved 2026-10-04; https://www.regesta-imperii.de/id/1474-01-12_2_0_13_7_0_11547_383"
ri:1474-03-28_1_0_13_7_0_11565_400,work,[RI XIII] H. 7 n. 400,,"K. F. teilt Bürgermeistern und Rat der Stadt Köln mit, daß er das von ihnen verschribene Geld - wie versprochen1 - auf der soeben begonnenen Frankfurter Messe zurückzahlen wolle, sobald ihm die von Lüneburg die für das kommende heiligthumb (April 22) zugesagten 2000 fl. rh. ausgehändigt hätten. Er bittet sie, sich bis dahin zu gedulden, und verspricht, die Geldsumme unverzüglich von Nürnberg nach …",available,1474,,high,"dept: RI XIII; issuer: Friedrich III.; place: Nürnberg; date: 1474-03-28; source: Regesta Imperii, Akad. der Wissenschaften und der Literatur | Mainz, CC BY 4.0; retrieved 2026-10-04; https://www.regesta-imperii.de/id/1474-03-28_1_0_13_7_0_11565_400"
ri:1474-07-06_1_0_13_15_0_291_291,work,[RI XIII] H. 15 n. 291,,"K.F. lädt Kammerer und Rat der Stadt Regensburg wegen der irrung, spenne und zwitracht zwischen ihnen und der Geistlichkeit in der Stadt auf den vierzehnten Tag nach Erhalt dieses Briefes vor sich nach Augsburg, wo er versuchen werde, den Streit gütlich beizulegen.",available,1474,,high,"dept: RI XIII; issuer: Friedrich III.; place: Augsburg; date: 1474-07-06; source: Regesta Imperii, Akad. der Wissenschaften und der Literatur | Mainz, CC BY 4.0; retrieved 2026-10-04; https://www.regesta-imperii.de/id/1474-07-06_1_0_13_15_0_291_291"
ri:1474-10-09_3_0_13_27_0_240_240,work,[RI XIII] H. 27 n. 240,,"K.F. instruiert Gf. Schaffried von Leiningen und Dr. Martin Haiden zu Bündnis-Verhandlungen mit Kg. Ludwig XI. von Frankreich2: 1)3 Zuerst sollen sie Kg. Ludwig seine Grüße ausrichten sowie seiner bruederlichen lieb und Freundschaft versichern. 2) Wenn K.F. auch keine Zweifel daran hat, daß Kg. Ludwig gut unterrichtet ist, sollen sie ihm folgendes in Erinnerung rufen: Hz. (Karl) von Burgund hat ge …",available,1474,,high,"dept: RI XIII; issuer: Friedrich III.; place: [–]1; date: 1474-10-09; source: Regesta Imperii, Akad. der Wissenschaften und der Literatur | Mainz, CC BY 4.0; retrieved 2026-10-04; https://www.regesta-imperii.de/id/1474-10-09_3_0_13_27_0_240_240"
ri:1475-01-15_1_0_13_9_0_12825_286,work,[RI XIII] H. 9 n. 286,,"K. F. ersucht Eb. Johann von Trier zu veranlassen, daß das Kriegsvolk des Eb. (Adolf) von Mainz nach Remagen (Reymagen) verlegt wird, da die von Remagen sich in unnsern hannden ergeben haben und dem Kriegsvolk des Eb. ein Lager fehlt.",available,1475,,high,"dept: RI XIII; issuer: Friedrich III.; place: Andernach; date: 1475-01-15; source: Regesta Imperii, Akad. der Wissenschaften und der Literatur | Mainz, CC BY 4.0; retrieved 2026-10-04; https://www.regesta-imperii.de/id/1475-01-15_1_0_13_9_0_12825_286"
ri:1475-03-02_1_0_13_9_0_12834_295,work,[RI XIII] H. 9 n. 295,,"K. F. verlegt in Ansehung der Treue, die ihm Ritterschaft, Schöffen, Bürgermeister, Rat und ganze Gemeinde der Stadt Andernach im jetzigen Krieg gegen den Hz. (Karl) von Burgund unter Einsatz von Leib und Gut bewiesen, und yr ettwevill daruber ir blut vergossen und ir leben verloren haben, mit Rat der bei ihm zahlreich versammelten Kff. Fürsten, Gff. Herren, Ritter und Knechte den Zoll, der bisher …",available,1475,,high,"dept: RI XIII; issuer: Friedrich III.; place: Andernach; date: 1475-03-02; source: Regesta Imperii, Akad. der Wissenschaften und der Literatur | Mainz, CC BY 4.0; retrieved 2026-10-04; https://www.regesta-imperii.de/id/1475-03-02_1_0_13_9_0_12834_295"
ri:1475-05-28_1_0_13_0_0_6974_6975,work,Chmel n. 6975,,urlaubt den unmündigen Kindern des Jost Tetzel von Nürnberg den Empfang ihrer ererbten Reichslehen durch die nächsten 3 Jahre.,available,1475,,high,"dept: RI XIII; issuer: Friedrich III.; place: Im Lager vor Neuss; date: 1475-05-28; source: Regesta Imperii, Akad. der Wissenschaften und der Literatur | Mainz, CC BY 4.0; retrieved 2026-10-04; https://www.regesta-imperii.de/id/1475-05-28_1_0_13_0_0_6974_6975"
ri:1475-09-02_3_0_13_7_0_11671_505,work,[RI XIII] H. 7 n. 505,,"K. F. erteilt Bürgermeistern, Schöffen, Rat und Gemeinde der Stadt Neuss mit all ihrem kauffmannschatz, Hab und Gut für ihre Treue, die sie ihm, dem Reich, dem Stift Köln und gemener deutscher nacion im Kampf gegen Hz. (Karl) von Burgund erwiesen haben, und als Entschädigung für ihre schweren Verluste auf ewig Freiheit von allem zoll, anslag oder schattzung auf dem Reyn, zo wasser und zu lande, di …",available,1475,,high,"dept: RI XIII; issuer: Friedrich III.; place: Neuss; date: 1475-09-02; source: Regesta Imperii, Akad. der Wissenschaften und der Literatur | Mainz, CC BY 4.0; retrieved 2026-10-04; https://www.regesta-imperii.de/id/1475-09-02_3_0_13_7_0_11671_505"
ri:1475-10-09_1_0_13_7_0_11710_544,work,[RI XIII] H. 7 n. 544,,K. F. verleiht in seiner Eigenschaft als röm. Kaiser und oberster Vogt und Beschirmer des Stifts Köln Ludwig von Loe das nach dem Tod des Johann Brass vakant gewordene Salzmuteramt.,available,1475,,high,"dept: RI XIII; issuer: Friedrich III.; place: [Köln]1; date: 1475-10-09; source: Regesta Imperii, Akad. der Wissenschaften und der Literatur | Mainz, CC BY 4.0; retrieved 2026-10-04; https://www.regesta-imperii.de/id/1475-10-09_1_0_13_7_0_11710_544"
ri:1476-03-08_1_0_13_11_0_468_468,work,[RI XIII] H. 11 n. 468,,"K.F. bittet Papst (Sixtus IV.), den Sohn des Kf. Ernst von Sachsen, Hz. Ernst, der vom Kapitel der Kirche zu Magdeburg zum zukünftigen (Erz-)bischof postuliert worden ist1, weswegen bereits Sendboten an den Papst geschickt wurden, in diesem Amte trotz seines geringen Alters anzuerkennen2, damit die einst in großem Ansehen der ganzen germanie nacionis stehende, nun aber im Niedergang befindliche Ma …",available,1476,,high,"dept: RI XIII; issuer: Friedrich III.; place: Wiener Neustadt; date: 1476-03-08; source: Regesta Imperii, Akad. der Wissenschaften und der Literatur | Mainz, CC BY 4.0; retrieved 2026-10-04; https://www.regesta-imperii.de/id/1476-03-08_1_0_13_11_0_468_468"
ri:1476-09-22_1_0_13_15_0_322_322,work,[RI XIII] H. 15 n. 322,,K.F. erteilt der Stadt Regensburg einen Gunstbrief von des herzogen (Albrecht IV. von Bayern[-München]) stewr wegen1.,available,1476,,high,"dept: RI XIII; issuer: Friedrich III.; place: [-]; date: 1476-09-22; source: Regesta Imperii, Akad. der Wissenschaften und der Literatur | Mainz, CC BY 4.0; retrieved 2026-10-04; https://www.regesta-imperii.de/id/1476-09-22_1_0_13_15_0_322_322"
ri:1477-03-21_2_0_13_0_0_7102_7103,work,Chmel n. 7103,,"Die Stadt Klosterneuburg gibt dem K. Friedrich einen Pflegrevers um das Gericht und die Mauth daselbst auf 2 Jahre, mit jährlichen 150 Pf. Pfen. Bestandgeld.",available,1477,,high,"dept: RI XIII; issuer: Friedrich III.; place: Wien; date: 1477-03-21; source: Regesta Imperii, Akad. der Wissenschaften und der Literatur | Mainz, CC BY 4.0; retrieved 2026-10-04; https://www.regesta-imperii.de/id/1477-03-21_2_0_13_0_0_7102_7103"
ri:1477-07-09_1_0_13_0_0_7135_7136,work,Chmel n. 7136,,K. Friedrich erlaubt der Stadt Linz einen Weinzoll,available,1477,,high,"dept: RI XIII; issuer: Friedrich III.; place: Wien; date: 1477-07-09; source: Regesta Imperii, Akad. der Wissenschaften und der Literatur | Mainz, CC BY 4.0; retrieved 2026-10-04; https://www.regesta-imperii.de/id/1477-07-09_1_0_13_0_0_7135_7136"
ri:1477-12-05_7_0_13_0_2_14_14,work,[RI XIII] Suppl. 1 n. 14,,Hz. M. bestätigt die Privilegien der Stadt Maastricht.,available,1477,,high,"dept: RI XIII; issuer: Hz. Maximilian; place: [Löwen]; date: 1477-12-05; source: Regesta Imperii, Akad. der Wissenschaften und der Literatur | Mainz, CC BY 4.0; retrieved 2026-10-04; https://www.regesta-imperii.de/id/1477-12-05_7_0_13_0_2_14_14"
ri:1478-04-16_2_0_13_10_0_13401_441,work,[RI XIII] H. 10 n. 441,,"K. F. setzt Hz. Wilhelm (III.) von Sachsen von den Übergriffen Kg. Ludwigs (XI.) von Frankreich auf die Stadt Cambrai, den Bf. und das Stift von Verdun sowie auf Ehz. Maximilian und dessen Gemahlin (Herzogin Maria) und davon in Kenntnis, daß er sich zur Organisierung des Widerstands ins Reich begeben will. Er gebietet ihm, seinem Sohn Maximilian Reisige zuzuschicken, sich nach seiner Ankunft auf E …",available,1478,,high,"dept: RI XIII; issuer: Friedrich III.; place: [-]1; date: 1478-04-16; source: Regesta Imperii, Akad. der Wissenschaften und der Literatur | Mainz, CC BY 4.0; retrieved 2026-10-04; https://www.regesta-imperii.de/id/1478-04-16_2_0_13_10_0_13401_441"
ri:1478-09-26_5_0_13_0_2_45_45,work,[RI XIII] Suppl. 1 n. 45,,"Hz. M. fordert die Stadt Namur auf, ihre Deputierten zu der für den 30. September zu Brüssel anberaumten Zusammenkunft der Generalstände zu entsenden.",available,1478,,high,"dept: RI XIII; issuer: Hz. Maximilian; place: [–]; date: 1478-09-26; source: Regesta Imperii, Akad. der Wissenschaften und der Literatur | Mainz, CC BY 4.0; retrieved 2026-10-04; https://www.regesta-imperii.de/id/1478-09-26_5_0_13_0_2_45_45"
ri:1479-03-10_4_0_13_10_0_13407_447,work,[RI XIII] H. 10 n. 447,,K. F. desgleichen an Gf. Heinrich (XXVI.) von Schwarzburg (-Blankenburg).,available,1479,,high,"dept: RI XIII; issuer: Friedrich III.; place: Graz; date: 1479-03-10; source: Regesta Imperii, Akad. der Wissenschaften und der Literatur | Mainz, CC BY 4.0; retrieved 2026-10-04; https://www.regesta-imperii.de/id/1479-03-10_4_0_13_10_0_13407_447"
ri:1479-08-11_1_0_13_0_0_7314_7315,work,Chmel n. 7315,,bestätigt alle in dem Stadtbuche zu Wien verzeichneten Satzungen und Freyheiten der Leinwaterzech allda.,available,1479,,high,"dept: RI XIII; issuer: Friedrich III.; place: Grätz; date: 1479-08-11; source: Regesta Imperii, Akad. der Wissenschaften und der Literatur | Mainz, CC BY 4.0; retrieved 2026-10-04; https://www.regesta-imperii.de/id/1479-08-11_1_0_13_0_0_7314_7315"
ri:1480-02-24_1_0_13_0_0_7359_7360,work,Chmel n. 7360,,"Ulrich Puhler gibt dem K. Friedrich einen Pflegrevers über das Schloss Burkherstorf mit gewöhnlicher Burghut, bis auf kaiserl. Widerruf.",available,1480,,high,"dept: RI XIII; issuer: Friedrich III.; place: Neustadt; date: 1480-02-24; source: Regesta Imperii, Akad. der Wissenschaften und der Literatur | Mainz, CC BY 4.0; retrieved 2026-10-04; https://www.regesta-imperii.de/id/1480-02-24_1_0_13_0_0_7359_7360"
ri:1480-08-03_1_0_13_10_0_13433_473,work,[RI XIII] H. 10 n. 473,,"K. F. bestätigt Kf. Ernst und dessen Bruder Hz. Albrecht von Sachsen den Erhalt eines Schreibens, in welchem diese sich darüber beklagt hatten, daß sich die vom K. bezüglich der weltlichen Gerichtsbarkeit, des Vorwerkhofes und des Provisoramtes zu Erfurt erlassenen Gebote1 gegen ihren Sohn und Vetter Hz. Albrecht von Sachsen richteten und nur aufgrund dessen Verunglimpfung durch die Erfurter gesch …",available,1480,,high,"dept: RI XIII; issuer: Friedrich III.; place: Wiener Neustadt; date: 1480-08-03; source: Regesta Imperii, Akad. der Wissenschaften und der Literatur | Mainz, CC BY 4.0; retrieved 2026-10-04; https://www.regesta-imperii.de/id/1480-08-03_1_0_13_10_0_13433_473"
ri:1481-01-18_1_0_13_0_0_7438_7439,work,Chmel n. 7439,,"erhält einen Pflegrevers von Paul Enngl, über das Gericht, Umgeld etc. zu Krems und Stain auf 2 Jahre, für jährliche 1200 Pf. Pfen.",available,1481,,high,"dept: RI XIII; issuer: Friedrich III.; place: Wien; date: 1481-01-18; source: Regesta Imperii, Akad. der Wissenschaften und der Literatur | Mainz, CC BY 4.0; retrieved 2026-10-04; https://www.regesta-imperii.de/id/1481-01-18_1_0_13_0_0_7438_7439"
ri:1481-08-22_3_0_13_6_0_11123_145,work,[RI XIII] H. 6 n. 145,,"K. F. teilt Bürgermeister und Rat der Stadt Zürich mit, daß er die Appellation des Jörg Wähing und des Hans Koch, beide aus Ravensburg, gegen einige von der Stadt Ravensburg in ihrem Streit mit Lukas Lückli aus Rottweil gefällte Urteile angenommen und den Parteien Ladungsbriefe1zugeschickt habe, woraufhin Lukas Lückli nun um recht und furderlichen außtrag bitte. Da er (F.) aber mit anderen Geschäf …",available,1481,,high,"dept: RI XIII; issuer: Friedrich III.; place: Wien; date: 1481-08-22; source: Regesta Imperii, Akad. der Wissenschaften und der Literatur | Mainz, CC BY 4.0; retrieved 2026-10-04; https://www.regesta-imperii.de/id/1481-08-22_3_0_13_6_0_11123_145"
ri:1482-02-07_1_0_13_0_0_7520_7521,work,Chmel n. 7521,,"erhält von Jörg Schrott einen Pflegrevers über das Schloss Pottenburg, auf 8 Jahre.",available,1482,,high,"dept: RI XIII; issuer: Friedrich III.; place: Wien; date: 1482-02-07; source: Regesta Imperii, Akad. der Wissenschaften und der Literatur | Mainz, CC BY 4.0; retrieved 2026-10-04; https://www.regesta-imperii.de/id/1482-02-07_1_0_13_0_0_7520_7521"
ri:1482-07-16_1_0_13_10_0_13456_496,work,[RI XIII] H. 10 n. 496,,"K. F. befiehlt allen Kff. Fürsten etc. und Reichsuntertanen auf Vorbringen von Bürgermeistern und Rat der Stadt Erfurt, die Erfurter seien trotz ihres Angebots zum rechtlichen Austrag an den vorgesehenen Gerichten durch ettlich ir umbsessen und andere eigenmächtig on ervolgung geburlichs rechtens behelligt worden, bei seiner Ungnade und einer je zur Hälfte an die ksl. Kammer bzw. an die von Erfurt …",available,1482,,high,"dept: RI XIII; issuer: Friedrich III.; place: Wien; date: 1482-07-16; source: Regesta Imperii, Akad. der Wissenschaften und der Literatur | Mainz, CC BY 4.0; retrieved 2026-10-04; https://www.regesta-imperii.de/id/1482-07-16_1_0_13_10_0_13456_496"
ri:1483-03-01_1_0_13_8_0_12430_422,work,[RI XIII] H. 8 n. 422,,"K. F. gebietet der Stadt Friedberg in Anbetracht ihres raschen Wachstums, ihre Befestigungen zu erweitern und sich an der Ausübung althergebrachter Rechte nicht hindern zu lassen.",available,1483,,high,"dept: RI XIII; issuer: Friedrich III.; place: [-]; date: 1483-03-01; source: Regesta Imperii, Akad. der Wissenschaften und der Literatur | Mainz, CC BY 4.0; retrieved 2026-10-04; https://www.regesta-imperii.de/id/1483-03-01_1_0_13_8_0_12430_422"
ri:1483-08-08_1_0_13_30_0_52_52,work,[RI XIII] H. 30 n. 52,,"K.F. überlässt Richter und Rat zu Trofaiach neuerlich bestandsweise das Ungeld auf faylen weinn, für ein Jahr beginnend mit dem St. Florianstag (1483 Mai 4) gegen eine zu den Quatembern fällige Zahlung von 50 fl. ung. nachdem er es ihnen bereits zuvor auf drei Jahre verschrieben hat.1 Mit den über die 50 fl. ung. hinausgehenden Einnahmen sollen sie die Kirche daselbst bauen und ausstatten2, worübe …",available,1483,,high,"dept: RI XIII; issuer: Friedrich III.; place: [–]; date: 1483-08-08; source: Regesta Imperii, Akad. der Wissenschaften und der Literatur | Mainz, CC BY 4.0; retrieved 2026-10-04; https://www.regesta-imperii.de/id/1483-08-08_1_0_13_30_0_52_52"
ri:1484-02-08_1_0_13_0_0_7648_7649,work,Chmel n. 7649,,"erhält von Paul Engl einen Pflegrevers über die Pfleg zu Krems sammt Feldgericht, das ihm der Kaiser wegen seines und der von Krems und Stain Darlehens von 3000 Pf. Pfen. gegeben hat.",available,1484,,high,"dept: RI XIII; issuer: Friedrich III.; place: Grätz; date: 1484-02-08; source: Regesta Imperii, Akad. der Wissenschaften und der Literatur | Mainz, CC BY 4.0; retrieved 2026-10-04; https://www.regesta-imperii.de/id/1484-02-08_1_0_13_0_0_7648_7649"
ri:1484-07-27_1_0_13_30_0_119_119,work,[RI XIII] H. 30 n. 119,,"K.F. übergibt Hans Pickl den Weinaufschlag von Voitsberg, Wildon und den zugehörigen Landgerichten sowie im Landgericht Graz jenseits der Mur bestandsweise auf ein Jahr, das mit dem kommenden St. Matthäustag (1484 September 21) endet und von da an auf ein weiteres Jahr gegen eine Zahlung von 1.000 Pfd. Pf. guter landläufiger Münze, welche zu den Quatembern zu entrichten ist.",available,1484,,high,"dept: RI XIII; issuer: Friedrich III.; place: [–]; date: 1484-07-27; source: Regesta Imperii, Akad. der Wissenschaften und der Literatur | Mainz, CC BY 4.0; retrieved 2026-10-04; https://www.regesta-imperii.de/id/1484-07-27_1_0_13_30_0_119_119"
ri:1484-12-17_1_0_13_15_0_392_392,work,[RI XIII] H. 15 n. 392,,"K.F. befiehlt Kammerer und Rat der Stadt Regensburg, an Balthasar Eggenberger (Egkenperger), Bg. zu Graz, die laut Schuldbrief noch ausstehenden 3000 rhein. Gulden gegen eine Quittung, die er mitschickt, auszuzahlen.",available,1484,,high,"dept: RI XIII; issuer: Friedrich III.; place: Linz; date: 1484-12-17; source: Regesta Imperii, Akad. der Wissenschaften und der Literatur | Mainz, CC BY 4.0; retrieved 2026-10-04; https://www.regesta-imperii.de/id/1484-12-17_1_0_13_15_0_392_392"
ri:1485-06-09_1_0_13_25_0_235_235,work,[RI XIII] H. 25 n. 235,,"K. F. nimmt die Gff. Ludwig von Isenburg-Büdingen, Philipp (II.) von Hanau (‑Lichtenberg) und Philipp von Solms (‑Lich) samt Schloss, Stadt und Herrschaft Hain angesichts des vor ihm anhängigen Rechtsstreits mit Gf. Gerhard von Sayn in seinen und des Reichs besonderen Schutz.",available,1485,,high,"dept: RI XIII; issuer: Friedrich III.; place: Salzburg; date: 1485-06-09; source: Regesta Imperii, Akad. der Wissenschaften und der Literatur | Mainz, CC BY 4.0; retrieved 2026-10-04; https://www.regesta-imperii.de/id/1485-06-09_1_0_13_25_0_235_235"
ri:1485-11-23_1_0_13_0_2_216_215,work,[RI XIII] Suppl. 1 n. 215,,"Hz. M. befiehlt den obersten Amtsträgern sämtlicher Herrschaften und deren Stellvertretern1, je ein Vidimus der diesem Schreiben beiliegenden Münzordonnanz2 in der üblichen Weise an alle nachgeordneten Amtsträger ihres Zuständigkeitsbereichs zu senden und diese bei Strafe zu verpflichten, diese Ordonnanz öffentlich bekannt zu geben. Dies hat bei Strafe seiner Ungnade am 3. Dezember zu erfolgen. Da …",available,1485,,high,"dept: RI XIII; issuer: Hz. Maximilian; place: Mecheln; date: 1485-11-23; source: Regesta Imperii, Akad. der Wissenschaften und der Literatur | Mainz, CC BY 4.0; retrieved 2026-10-04; https://www.regesta-imperii.de/id/1485-11-23_1_0_13_0_2_216_215"
ri:1486-02-27_1_0_13_0_0_7812_7813,work,Chmel n. 7813,,"gibt einen Vertragsbrief zwischen Herlman von Brunheim, Heinz und Georg von Ebersperg, genannt von Weyers, Hanns von Weyers, genannt Ackerhans, Wernher von Waldenstein, Ludwig von Schwalbach, Philipp Gans von Ötzberg und ihren Anhängern eines, dann der Stadt Frankfurt andern Theils.",available,1486,,high,"dept: RI XIII; issuer: Friedrich III.; place: Frankfurt; date: 1486-02-27; source: Regesta Imperii, Akad. der Wissenschaften und der Literatur | Mainz, CC BY 4.0; retrieved 2026-10-04; https://www.regesta-imperii.de/id/1486-02-27_1_0_13_0_0_7812_7813"
ri:1486-05-01_1_0_13_8_0_12459_451,work,[RI XIII] H. 8 n. 451,,"K. F. befiehlt der Stadt Wimpfen, ihren Anteil an der in Frankfurt1 beschlossenen eilenden Hilfe gegen Ungarn zu leisten.",available,1486,,high,"dept: RI XIII; issuer: Friedrich III.; place: [-]; date: 1486-05-01; source: Regesta Imperii, Akad. der Wissenschaften und der Literatur | Mainz, CC BY 4.0; retrieved 2026-10-04; https://www.regesta-imperii.de/id/1486-05-01_1_0_13_8_0_12459_451"
ri:1486-10-05_1_0_13_15_0_398_398,work,[RI XIII] H. 15 n. 398,,"K.F. erinnert Kammerer und Rat der Stadt Regensburg an sein früheres Schreiben, in dem er ihnen befohlen hatte, die veranschlagte Truppenhilfe für den Krieg gegen den Kg. (Matthias) von Ungarn nach Nürnberg zu senden1, was aber bisher nicht geschehen sei. Da ihm dies zu gedulden unleidlichen sei, gebietet er ihnen abermals bei den Pflichten, mit denen sie ihm und dem heiligen Reiche verbunden sind …",available,1486,,high,"dept: RI XIII; issuer: Friedrich III.; place: Antwerpen; date: 1486-10-05; source: Regesta Imperii, Akad. der Wissenschaften und der Literatur | Mainz, CC BY 4.0; retrieved 2026-10-04; https://www.regesta-imperii.de/id/1486-10-05_1_0_13_15_0_398_398"
ri:1487-01-12_3_0_13_30_0_255_255,work,[RI XIII] H. 30 n. 255,,K.F. lädt desgleichen Bürgermeister und Rat der Stadt Nördlingen zu rechtlicher Verantwortung vor sich.,available,1487,,high,"dept: RI XIII; issuer: Friedrich III.; place: [Speyer]1; date: 1487-01-12; source: Regesta Imperii, Akad. der Wissenschaften und der Literatur | Mainz, CC BY 4.0; retrieved 2026-10-04; https://www.regesta-imperii.de/id/1487-01-12_3_0_13_30_0_255_255"
ri:1487-03-21_1_0_13_0_0_7967_7968,work,Chmel n. 7968,,"erhält von Lienhard Schierlinger einen Amtsrevers über das Amt am Pysperg bis auf kaiserl. Widerruf, zu getreuen Handen.",available,1487,,high,"dept: RI XIII; issuer: Friedrich III.; place: Nürnberg; date: 1487-03-21; source: Regesta Imperii, Akad. der Wissenschaften und der Literatur | Mainz, CC BY 4.0; retrieved 2026-10-04; https://www.regesta-imperii.de/id/1487-03-21_1_0_13_0_0_7967_7968"
ri:1487-05-18_1_0_13_8_0_12471_463,work,[RI XIII] H. 8 n. 463,,"K. F. verfügt auf Ersuchen Eb. Bertholds von Mainz eine Ordnung für das in gemeinschaftlichen Besitz des Eb. und des Gf. von Hanau befindlichen Freigerichts Willmundsheim. Nach Einlassung des Eb. gehört das Freigericht zur Hälfte zu dem von seinen Vorgängern vor langer Zeit gekauften und seitdem besessenen Schloß Steinheim, während die andere Hälfte demjenigen Gf. von Hanau, der Hanawe inhat, zust …",available,1487,,high,"dept: RI XIII; issuer: Friedrich III.; place: Nürnberg; date: 1487-05-18; source: Regesta Imperii, Akad. der Wissenschaften und der Literatur | Mainz, CC BY 4.0; retrieved 2026-10-04; https://www.regesta-imperii.de/id/1487-05-18_1_0_13_8_0_12471_463"
ri:1487-07-16_2_0_13_0_0_8101_8102,work,Chmel n. 8102,,"gibt zu der Uebergabe, wodurch der Churfürst Albrecht zu Brandenburg sel. den ihm vom Kaiser gegebenen und durch die wider jene, welche ihm daran Irrung gethan, an dem Landgerichte des Burggrafenthums zu Nürnberg mit Urtheil und darauf am kaiserl. Kammergerichte erlangten Executorialbriefe zuerkannten Reichs Buchawer See dem Jost Niclas Grafen zu Zollern übergeben hat, seine Gunst und s. Willen, u …",available,1487,,high,"dept: RI XIII; issuer: Friedrich III.; place: Nürnberg; date: 1487-07-16; source: Regesta Imperii, Akad. der Wissenschaften und der Literatur | Mainz, CC BY 4.0; retrieved 2026-10-04; https://www.regesta-imperii.de/id/1487-07-16_2_0_13_0_0_8101_8102"
ri:1487-09-15_2_0_13_6_0_11135_157,work,[RI XIII] H. 6 n. 157,,"K. F. bestätigt und verleiht dem Abt Ulrich des Klosters St. Gallen den Blutbann in der Vogtei Rorschach und in anderen, dem Kloster vom Reich verpfändeten Vogteien1, der bislang aus lessickeit nicht ausgeübt wurde. Der Abt kann in diesen Vogteien jederzeit und an beliebigen Orten Hochgerichte mit Stock und Galgen einrichten und dort Amtleute als Blutrichter einsetzen, die die ubeltettigen verlewm …",available,1487,,high,"dept: RI XIII; issuer: Friedrich III.; place: Nürnberg; date: 1487-09-15; source: Regesta Imperii, Akad. der Wissenschaften und der Literatur | Mainz, CC BY 4.0; retrieved 2026-10-04; https://www.regesta-imperii.de/id/1487-09-15_2_0_13_6_0_11135_157"
ri:1487-11-17_1_0_13_0_0_8179_8180,work,Chmel n. 8180,,"bezeuget, dass er der Stadt Speyer bey Pönen gebothen habe, ihren Mitbürger Peter Sossensack, welchen sie aus der Ursache des Rathes entsetzt haben soll, weil er von einem wider ihn für Hannson Wirich gesprochenen Urtheile an den Kaiser appellirt habe, wieder einzusetzen, dagegen sie hätten vorbringen lassen, dass sie ihn nicht aus obgedachter Ursache, sondern zu der Zeit, als nach der Stadt Freyh …",available,1487,,high,"dept: RI XIII; issuer: Friedrich III.; place: Nürnberg; date: 1487-11-17; source: Regesta Imperii, Akad. der Wissenschaften und der Literatur | Mainz, CC BY 4.0; retrieved 2026-10-04; https://www.regesta-imperii.de/id/1487-11-17_1_0_13_0_0_8179_8180"
ri:1488-01-28_1_0_13_0_0_8221_8222,work,Chmel n. 8222,,erhält vom Abte Wolfgang von Melk einen Amtsrevers über das Umgeld zu Waidhofen und Ips.,available,1488,,high,"dept: RI XIII; issuer: Friedrich III.; place: Innsbruck; date: 1488-01-28; source: Regesta Imperii, Akad. der Wissenschaften und der Literatur | Mainz, CC BY 4.0; retrieved 2026-10-04; https://www.regesta-imperii.de/id/1488-01-28_1_0_13_0_0_8221_8222"
ri:1488-03-19_1_0_13_9_0_12928_386,work,[RI XIII] H. 9 n. 386,,"K. F. teilt Propst, Dekan und Kapitel des Domstifts Trier unter Hinweis auf sein nechst an Eb. Johann von Trier gerichtetes Gebot zur Zahlung von 3000 fl. rh.1 mit, daß der Eb. ihm vorgebracht hat, obwohl er ihnen als seinen Untertanen die Zahlung einer bestimmten Summe fl. als ihren Anteil auferlegt und sie mehrmals um deren Überantwortung gebeten habe, seien sie in dieser Angelegenheit bisher un …",available,1488,,high,"dept: RI XIII; issuer: Friedrich III.; place: Innsbruck; date: 1488-03-19; source: Regesta Imperii, Akad. der Wissenschaften und der Literatur | Mainz, CC BY 4.0; retrieved 2026-10-04; https://www.regesta-imperii.de/id/1488-03-19_1_0_13_9_0_12928_386"
ri:1488-06-28_1_0_13_0_0_8299_8300,work,Chmel n. 8300,,"bewilligt dem Conrad von Berlichingen, seinen Erben und Nachkommen, dass sie jetzt oder künftig in ihren Dörfern und Gütern Rottelsee, Schroczberg und andern, wo ihnen das gefällig ist, eine Mühle, Badstube, offene Schänkstatt und Behausung aufrichten mögen; und dieses wegen seiner Dienste im Feld vor Gent.",available,1488,,high,"dept: RI XIII; issuer: Friedrich III.; place: Im k. Lager bey Gent; date: 1488-06-28; source: Regesta Imperii, Akad. der Wissenschaften und der Literatur | Mainz, CC BY 4.0; retrieved 2026-10-04; https://www.regesta-imperii.de/id/1488-06-28_1_0_13_0_0_8299_8300"
ri:1488-11-12_1_0_13_0_0_8329_8330,work,Chmel n. 8330,,"erlässt ein Patent ins Reich, dass die Weine, die Niclas Kadmer, kaiserl. Thürhüther und Ruprecht Ort den Rhein abwärts geführet haben, dem Kaiser zugehören und daher dieselben Kadmer und Ort nicht angelangt, bekümmert noch beschwert werden sollen.",available,1488,,high,"dept: RI XIII; issuer: Friedrich III.; place: Bonn; date: 1488-11-12; source: Regesta Imperii, Akad. der Wissenschaften und der Literatur | Mainz, CC BY 4.0; retrieved 2026-10-04; https://www.regesta-imperii.de/id/1488-11-12_1_0_13_0_0_8329_8330"
ri:1489-02-14_1_0_13_0_2_289_288,work,[RI XIII] Suppl. 1 n. 288,,Kg. M. und Philipp schließen mit dem englischen Kg. Heinrich VII. ein Bündnis.,available,1489,,high,"dept: RI XIII; issuer: Kg. Maximilian; place: Dordrecht; date: 1489-02-14; source: Regesta Imperii, Akad. der Wissenschaften und der Literatur | Mainz, CC BY 4.0; retrieved 2026-10-04; https://www.regesta-imperii.de/id/1489-02-14_1_0_13_0_2_289_288"
ri:1489-06-10_1_0_13_23_0_780_776,work,[RI XIII] H. 23 n. 776,,K.F. beauftragt seinen Sohn Kg. Maximilian (ggf. nur mündlich?) mit der gütlichen Beilegung der Zwistigkeiten zwischen dem Schwäbischen Bund und Hz. Georg ('dem Reichen') von Bayern (- Landshut).,available,1489,,high,"dept: RI XIII; issuer: Friedrich III.; place: [–]; date: 1489-06-10; source: Regesta Imperii, Akad. der Wissenschaften und der Literatur | Mainz, CC BY 4.0; retrieved 2026-10-04; https://www.regesta-imperii.de/id/1489-06-10_1_0_13_23_0_780_776"
ri:1489-12-10_1_0_13_4_0_10576_999,work,[RI XIII] H. 4 n. 999,,"K. F. befiehlt Bürgermeistern und Rat der Stadt Frankfurt, sich unverzüglich zum Feldzug gegen den König (Matthias) von Ungarn zu rüsten.",available,1489,,high,"dept: RI XIII; issuer: Friedrich III.; place: Linz; date: 1489-12-10; source: Regesta Imperii, Akad. der Wissenschaften und der Literatur | Mainz, CC BY 4.0; retrieved 2026-10-04; https://www.regesta-imperii.de/id/1489-12-10_1_0_13_4_0_10576_999"
ri:1490-03-30_1_0_13_0_0_8545_8546,work,Chmel n. 8546,,"gibt einen Gerichtsbrief, dass Hanns und Peter Schuhmacher, Hanns Knoblach und seine Mitgewandten zu Unter-Manweiler und andere inbenannte den Marquard Breysacher und seinen Bruder Carl bey dem Tegermos (bey Wangen) ungeirret lassen sollen.",available,1490,,high,"dept: RI XIII; issuer: Friedrich III.; place: Linz; date: 1490-03-30; source: Regesta Imperii, Akad. der Wissenschaften und der Literatur | Mainz, CC BY 4.0; retrieved 2026-10-04; https://www.regesta-imperii.de/id/1490-03-30_1_0_13_0_0_8545_8546"
ri:1490-10-06_1_0_13_29_0_248_248,work,[RI XIII] H. 29 n. 248,,"K.F. verpfändet an Pankraz von Auersperg, Hauptmann in der Möttling, sein Schloss Hörberg (Herberg) für 2000 fl. rh. mit der Maßgabe, dass Pankraz und dessen Erben das Schloss innehaben, nutzen und auf ihre Kosten bewarn sollen, bestimmt, dass die Pfandinhaber ihm (K.F.) bzw. seinem Sohn Kg. Maximilian damit getreu und gehorsam sein sowie das Schloss offen hallten sollen, ohne Erlaubnis des K. von …",available,1490,,high,"dept: RI XIII; issuer: Friedrich III.; place: Linz; date: 1490-10-06; source: Regesta Imperii, Akad. der Wissenschaften und der Literatur | Mainz, CC BY 4.0; retrieved 2026-10-04; https://www.regesta-imperii.de/id/1490-10-06_1_0_13_29_0_248_248"
ri:1491-02-04_1_0_13_17_0_360_358,work,[RI XIII] H. 17 n. 358,,"K.F. teilt Debolt Borlin, Niclas zum Hag, Jost Diel und ihren anderen mitverwandten unter Hinweis auf seine Gebote1 an Bürgermeister und Rat der Stadt Speyer mit, er habe durch diese erfahren, daß die Speyerer sich mit den Münzern und Hausgenossen wegen ihrer Streitsache laut ihrer Bürgerpflicht, jedoch unter Vorbehalt gebührlicher Appellation, zu rechtlichem Austrag auf die Adressaten geeinigt ha …",available,1491,,high,"dept: RI XIII; issuer: Friedrich III.; place: Linz; date: 1491-02-04; source: Regesta Imperii, Akad. der Wissenschaften und der Literatur | Mainz, CC BY 4.0; retrieved 2026-10-04; https://www.regesta-imperii.de/id/1491-02-04_1_0_13_17_0_360_358"
ri:1491-08-02_1_0_13_0_0_8693_8694,work,Chmel n. 8694,,"macht den Seinen bekannt, dass er den Kremsern erlaubt habe, mit Getreid und Gmundnerischem Salz und andern Waaren zu handeln, wornach sie sich richten sollen.",available,1491,,high,"dept: RI XIII; issuer: Friedrich III.; place: Linz; date: 1491-08-02; source: Regesta Imperii, Akad. der Wissenschaften und der Literatur | Mainz, CC BY 4.0; retrieved 2026-10-04; https://www.regesta-imperii.de/id/1491-08-02_1_0_13_0_0_8693_8694"
ri:1491-12-14_1_0_13_0_0_8740_8741,work,Chmel n. 8741,,"belehnt den Paul von Absperg mit dem von Carl von Absperg, Domherrn zu Eichstätt, für ihn aufgesandten halben Theil an dem Schlosse Absperg und mit seinem Theil an diesem Schlosse und dem Markte Absperg sammt dem Halsgerichte und Blutbann (väterliches Lehen) und zwey Höfen, Reichenpuhel und Anger genannt.",available,1491,,high,"dept: RI XIII; issuer: Friedrich III.; place: Linz; date: 1491-12-14; source: Regesta Imperii, Akad. der Wissenschaften und der Literatur | Mainz, CC BY 4.0; retrieved 2026-10-04; https://www.regesta-imperii.de/id/1491-12-14_1_0_13_0_0_8740_8741"
ri:1492-04-09_1_0_13_0_0_8784_8785,work,Chmel n. 8785,,"ertheilt dem Alexien Mer, Pfarrer zu Litschau, als einem von ihm aufgenommen Caplan, einen Schirmbrief auf seine Kirche, Leute und Güter.",available,1492,,high,"dept: RI XIII; issuer: Friedrich III.; place: Linz; date: 1492-04-09; source: Regesta Imperii, Akad. der Wissenschaften und der Literatur | Mainz, CC BY 4.0; retrieved 2026-10-04; https://www.regesta-imperii.de/id/1492-04-09_1_0_13_0_0_8784_8785"
ri:1492-08-07_1_0_13_0_0_8825_8826,work,Chmel n. 8826,,belehnt den Eberhard von Streitberg über seine väterlichen Lehen.,available,1492,,high,"dept: RI XIII; issuer: Friedrich III.; place: Linz; date: 1492-08-07; source: Regesta Imperii, Akad. der Wissenschaften und der Literatur | Mainz, CC BY 4.0; retrieved 2026-10-04; https://www.regesta-imperii.de/id/1492-08-07_1_0_13_0_0_8825_8826"
ri:1492-12-11_1_0_13_0_0_8876_8877,work,Chmel n. 8877,,befreyt die Bürger von Krems von der Mauth bey der Brücke zu Stain.,available,1492,,high,"dept: RI XIII; issuer: Friedrich III.; place: Linz; date: 1492-12-11; source: Regesta Imperii, Akad. der Wissenschaften und der Literatur | Mainz, CC BY 4.0; retrieved 2026-10-04; https://www.regesta-imperii.de/id/1492-12-11_1_0_13_0_0_8876_8877"
ri:1493-04-21_1_0_13_7_0_12001_834,work,[RI XIII] H. 7 n. 834,,"K. F. fordert Bürgermeister und Rat der Stadt Köln auf, seinem Diener Heinrich von Schmalkalden die 100 fl. für die er ihnen hiermit die Quittung übersendet1, unverzüglich auszuhändigen.",available,1493,,high,"dept: RI XIII; issuer: Friedrich III.; place: Linz; date: 1493-04-21; source: Regesta Imperii, Akad. der Wissenschaften und der Literatur | Mainz, CC BY 4.0; retrieved 2026-10-04; https://www.regesta-imperii.de/id/1493-04-21_1_0_13_7_0_12001_834"
ri:1493-08-19_1_0_14_1_0_2737_2731,work,"RI XIV,1 n. 2731",,Kr Friedrich III. stirbt.,available,1493,,high,"dept: RI XIV; issuer: Österreich, Reich und Europa; place: Linz; date: 1493-08-19; source: Regesta Imperii, Akad. der Wissenschaften und der Literatur | Mainz, CC BY 4.0; retrieved 2026-10-04; https://www.regesta-imperii.de/id/1493-08-19_1_0_14_1_0_2737_2731"
ri:1493-09-26_4_0_14_1_0_52_52,work,"RI XIV,1 n. 52",,KM übergibt seinem Sekretär Zyprian von Serntein pflegweise die Burg Runkelstein mit einer jährlichen Burghut von 100 flRh aus den Einkünften des Amtes Bozen. Ynsprugk Phintztag vor Michaeli anno ut supra (= 1493).,available,1493,,high,"dept: RI XIV; issuer: Maximilian I.; place: Innsbruck; date: 1493-09-26; source: Regesta Imperii, Akad. der Wissenschaften und der Literatur | Mainz, CC BY 4.0; retrieved 2026-10-04; https://www.regesta-imperii.de/id/1493-09-26_4_0_14_1_0_52_52"
ri:1493-11-03_3_0_14_1_0_2821_2816,work,"RI XIV,1 n. 2816",,Die Stadt Marburg gibt ihren Gesandten Geld für die Reise zum Landtag in Graz.,available,1493,,high,"dept: RI XIV; issuer: Österreich, Reich und Europa; place: (Marburg); date: 1493-11-03; source: Regesta Imperii, Akad. der Wissenschaften und der Literatur | Mainz, CC BY 4.0; retrieved 2026-10-04; https://www.regesta-imperii.de/id/1493-11-03_3_0_14_1_0_2821_2816"
ri:1493-12-02_5_0_14_1_0_147_147,work,"RI XIV,1 n. 147",,"KM verleiht dem Christof Redlitzer und dessen Erben den Hof zu Krottendorf, österreichisches Lehen, wie ihm das KMs Vater (Kr Friedrich III.) nach Lehens- und Landesrecht verliehen hat. Wyenn Montag nach st. Andresen des heiligen zwelfpoten tag 1493, Röm. 8. Hung. 4. ‒ KV: Registrata. SCHRATENPACH ss.",available,1493,,high,"dept: RI XIV; issuer: Maximilian I.; place: Wien; date: 1493-12-02; source: Regesta Imperii, Akad. der Wissenschaften und der Literatur | Mainz, CC BY 4.0; retrieved 2026-10-04; https://www.regesta-imperii.de/id/1493-12-02_5_0_14_1_0_147_147"
ri:1493-12-20_7_0_14_1_0_222_221,work,"RI XIV,1 n. 221",,"KM verleiht dem Christoph Jerger und dessen Erben zahlreiche genannte Höfe, Stücke und Zehente, alles österreichische Lehen, u.a. zu Etzlstorf, Vierhausen, Langendorf, Ofenhausen, Weylpach, Tuschenberg, Lewsenberg, Newnkirchen, Krotendorf, Uchsenberg, Wartperg, Viedorf, Ried etc., alles nach Lehens- und Landesrecht. Wienn Freytag st. Thomansabend des heiligen zwelfboten 1493, Röm. 8. Hung 4. ‒ KV: …",available,1493,,high,"dept: RI XIV; issuer: Maximilian I.; place: Wien; date: 1493-12-20; source: Regesta Imperii, Akad. der Wissenschaften und der Literatur | Mainz, CC BY 4.0; retrieved 2026-10-04; https://www.regesta-imperii.de/id/1493-12-20_7_0_14_1_0_222_221"
ri:1494-01-08_6_0_14_1_0_301_299,work,"RI XIV,1 n. 299",,"Ritter Christoph Rottaler bekundet, daß er von KM für ein Darlehen von 1.000 flRh die Maut und den Zehent zu Friedberg (Steiermark) mit einem jährlichen Nutzen von 50 Pfund Pfennige als Pfand erhalten hat. Wienn st. Erhartstag 1494.",available,1494,,high,"dept: RI XIV; issuer: Maximilian I.; place: Wien; date: 1494-01-08; source: Regesta Imperii, Akad. der Wissenschaften und der Literatur | Mainz, CC BY 4.0; retrieved 2026-10-04; https://www.regesta-imperii.de/id/1494-01-08_6_0_14_1_0_301_299"
ri:1494-01-28_5_0_14_1_0_376_373,work,"RI XIV,1 n. 373",,"KM fordert Wolfgang von Polheim auf, diejenigen auszuforschen, die das Gerücht verbreiten, KM werde lange nicht mehr nach Innsbruck kommen und in die Niederlande ziehen; es bleibe dabei, daß das Hofgesinde nach Augsburg ziehen soll. Wien Eritag nach st. Pauls tag Conversionis 1494.",available,1494,,high,"dept: RI XIV; issuer: Maximilian I.; place: Wien; date: 1494-01-28; source: Regesta Imperii, Akad. der Wissenschaften und der Literatur | Mainz, CC BY 4.0; retrieved 2026-10-04; https://www.regesta-imperii.de/id/1494-01-28_5_0_14_1_0_376_373"
ri:1494-03-01_5_0_14_1_0_443_439,work,"RI XIV,1 n. 439",,"KM bestätigt den Lawbenherrn der Stadt Wien ihre Gnaden und Freiheiten laut der Urkunde Kr Friedrichs III. von 1492 August 6. Sambstag vor dem Suntag Oculj in der Vassten 1494, Röm. 9. Hung. 4.",available,1494,,high,"dept: RI XIV; issuer: Maximilian I.; place: (Wels); date: 1494-03-01; source: Regesta Imperii, Akad. der Wissenschaften und der Literatur | Mainz, CC BY 4.0; retrieved 2026-10-04; https://www.regesta-imperii.de/id/1494-03-01_5_0_14_1_0_443_439"
ri:1494-03-20_5_0_14_1_0_507_503,work,"RI XIV,1 n. 503",,"Die Gesandten, Francesco Ariosti und Pandolfo Collenuccio, teilen Hg Ercole d'Este von Ferrara mit, daß sie KM am 17. März bezüglich der Investitur des Hgs (mit dem Hgtm Ferrara) gesprochen und eine wohlwollende Antwort erhalten haben: Die Gesandten sollen den Entwurf der Lehensurkunde dem Sekretär Ludovico Bruno geben, der bereits die Lehensbriefe für den Bf von Chur und den Gfen von Montferrat g …",available,1494,,high,"dept: RI XIV; issuer: Maximilian I.; place: Innsbruck; date: 1494-03-20; source: Regesta Imperii, Akad. der Wissenschaften und der Literatur | Mainz, CC BY 4.0; retrieved 2026-10-04; https://www.regesta-imperii.de/id/1494-03-20_5_0_14_1_0_507_503"
ri:1494-04-19_3_0_14_1_0_575_572,work,"RI XIV,1 n. 572",,KM beglaubigt Marquard Breisacher bei Papst Alexander VI. und dem Kardinals-Kollegium zu Verhandlungen über den Türkenkrieg etc. Ex oppido nostro Campidonensi 19. Aprilis 1494. MAXIMILIANUS rex ss.,available,1494,,high,"dept: RI XIV; issuer: Maximilian I.; place: Kempten; date: 1494-04-19; source: Regesta Imperii, Akad. der Wissenschaften und der Literatur | Mainz, CC BY 4.0; retrieved 2026-10-04; https://www.regesta-imperii.de/id/1494-04-19_3_0_14_1_0_575_572"
ri:1494-05-07_8_0_14_1_0_650_647,work,"RI XIV,1 n. 647",,KM gewährt dem Lucas Fugger zu Augsburg und seiner Gesellschaft ein Moratorium auf 5 Jahre. Kemppten 7. Meyen 1494.,available,1494,,high,"dept: RI XIV; issuer: Maximilian I.; place: Kempten; date: 1494-05-07; source: Regesta Imperii, Akad. der Wissenschaften und der Literatur | Mainz, CC BY 4.0; retrieved 2026-10-04; https://www.regesta-imperii.de/id/1494-05-07_8_0_14_1_0_650_647"
ri:1494-05-28_2_0_14_1_0_725_722,work,"RI XIV,1 n. 722",,KM bestätigt auf Bitten des Johann Truchseß zu Waldburg d.J. die Privilegien der Stadt Wurzen. Ulm 28. May 1494.,available,1494,,high,"dept: RI XIV; issuer: Maximilian I.; place: Ulm; date: 1494-05-28; source: Regesta Imperii, Akad. der Wissenschaften und der Literatur | Mainz, CC BY 4.0; retrieved 2026-10-04; https://www.regesta-imperii.de/id/1494-05-28_2_0_14_1_0_725_722"
ri:1494-06-14_5_0_14_1_0_787_784,work,"RI XIV,1 n. 784",,"KM konfiszierte das Vermögen des Muschman Juden und übergab es Philipp Gfen zu Nassau. Christof Payr hat eine dem genannten Juden schuldig gebliebene Summe dem Gfen bezahlt, der aber die verlorengegangene Obligation darüber dem Payr nicht zurückstellen konnte. Er sagt ihn hiemit dieser Schuld quitt und ledig, was KM bekundet.",available,1494,,high,"dept: RI XIV; issuer: Maximilian I.; place: (Worms); date: 1494-06-14; source: Regesta Imperii, Akad. der Wissenschaften und der Literatur | Mainz, CC BY 4.0; retrieved 2026-10-04; https://www.regesta-imperii.de/id/1494-06-14_5_0_14_1_0_787_784"
ri:1494-07-06_1_0_14_1_0_3074_3067,work,"RI XIV,1 n. 3067",,"Georg Gossembrot antwortet KM auf vier Befehle und legt ihm seine finanzielle Lage dar, derzufolge er nicht mehr versprechen kann, als sein Möglichstes zu tun, um die 10.000 flRh für die Türkenabwehr und die 20.000 flRh für KM persönlich aufzubringen: Aus dem görzischen und mailändischen Geld sollen die Knechte in Ulm etc. bezahlt werden. Gossembrot hat viel zu wenig geschickte Leute (in der Kamme …",available,1494,,high,"dept: RI XIV; issuer: Österreich, Reich und Europa; place: Füssen; date: 1494-07-06; source: Regesta Imperii, Akad. der Wissenschaften und der Literatur | Mainz, CC BY 4.0; retrieved 2026-10-04; https://www.regesta-imperii.de/id/1494-07-06_1_0_14_1_0_3074_3067"
ri:1494-08-00_1_0_14_1_0_3121_3114,work,"RI XIV,1 n. 3114",,"(Bf Georg von Chiemsee) berichtet dem (Kardinal Francesco Piccolomini) von Siena, daß der kgl. Schatzmeister (Simon von Hungersbach) den Erbländern viele Steuern und Abgaben auferlege, wodurch das Land erschöpft werde. Im Frühjahr seien die Türken bis eine Meile vor Cilli gekommen und hätten 4.000 Christen gefangen und verschleppt; den tapferen Kroaten sei niemand zu Hilfe gekommen, sodaß sie mit …",available,1494,,medium,"dept: RI XIV; issuer: Österreich, Reich und Europa; place: sine loco; date range: 1494-08-01 to 1494-09-30 (year = first possible); source: Regesta Imperii, Akad. der Wissenschaften und der Literatur | Mainz, CC BY 4.0; retrieved 2026-10-04; https://www.regesta-imperii.de/id/1494-08-00_1_0_14_1_0_3121_3114"
ri:1494-09-06_2_0_14_1_0_3132_3125,work,"RI XIV,1 n. 3125",,Der Kg von Frankreich an Hg Ludovico von Mailand: Der Kg will mit dem Hg in Asti zusammentreffen.,available,1494,,medium,"dept: RI XIV; issuer: Österreich, Reich und Europa; place: (Asti); date range: 1494-09-06 to 1494-09-28 (year = first possible); source: Regesta Imperii, Akad. der Wissenschaften und der Literatur | Mainz, CC BY 4.0; retrieved 2026-10-04; https://www.regesta-imperii.de/id/1494-09-06_2_0_14_1_0_3132_3125"
ri:1494-10-08_1_0_14_1_0_1069_1065,work,"RI XIV,1 n. 1065",,"KM begründet, warum schon Kr Friedrich III. und er selbst das Ersuchen Ludovico Sforzas, den Gian Galeazzo (Sforza) mit dem Hgtm Mailand zu belehnen, abgelehnt haben: Gian Galeazzo hat Hgtm und Gft vom Mailänder Volk empfangen, was eine grobe Schädigung des Reichsrechtes bedeutet. Das Reich belehnt niemanden, der einen Staat usurpiert oder von einem anderen zu Lehen erkannt hat. Damit das Recht de …",available,1494,,high,"dept: RI XIV; issuer: Maximilian I.; place: Antwerpen; date: 1494-10-08; source: Regesta Imperii, Akad. der Wissenschaften und der Literatur | Mainz, CC BY 4.0; retrieved 2026-10-04; https://www.regesta-imperii.de/id/1494-10-08_1_0_14_1_0_1069_1065"
ri:1494-11-08_2_0_14_1_0_1140_1135a,work,"RI XIV,1 n. 1135a",,KM übergibt Hg Ludovico Sforza und dessen erstgeborenem Sohn Massimiliano den Besitz des Hgtms Mailand. Terremunde 8. Novembris 1494. MAXIMILIANUS man. prop. ss.,available,1494,,high,"dept: RI XIV; issuer: Maximilian I.; place: Dendermonde; date: 1494-11-08; source: Regesta Imperii, Akad. der Wissenschaften und der Literatur | Mainz, CC BY 4.0; retrieved 2026-10-04; https://www.regesta-imperii.de/id/1494-11-08_2_0_14_1_0_1140_1135a"
ri:1494-12-05_3_0_14_1_0_1202_1197,work,"RI XIV,1 n. 1197",,"KM bestätigt Sigmund Prüschenk, Oberster Schenk in Österreich und Truchseß in Steiermark, das diesem von Kr Friedrich III. übertragene Erbschenkenamt in Österreich samt Zubehör und das Erbtruchsessenamt. Anntwerpp Freytag nach st. Barbarentag 1494. ‒ KV: Registrata.",available,1494,,high,"dept: RI XIV; issuer: Maximilian I.; place: Antwerpen; date: 1494-12-05; source: Regesta Imperii, Akad. der Wissenschaften und der Literatur | Mainz, CC BY 4.0; retrieved 2026-10-04; https://www.regesta-imperii.de/id/1494-12-05_3_0_14_1_0_1202_1197"
ri:1495-01-00_2_0_14_1_0_3272_3266,work,"RI XIV,1 n. 3266",,"Zurita berichtet: Schon lange vor dem Bruch des Friedens mit dem Kg von Frankreich hatte der spanische Kg sich entschlossen, einen Freundschaftsbund mit dem Haus Österreich und mit England zu schließen zur Erhaltung ihrer Staaten, aber noch mehr für die Bedürfnisse Italiens. Er suchte nun die Heiraten seiner Kinder nicht nur mit Hilfe von Versprechungen, sondern auch mit Geldgeschenken an die Umge …",available,1495,,medium,"dept: RI XIV; issuer: Österreich, Reich und Europa; place: Spanien; date range: 1495-01-01 to 1495-02-28 (year = first possible); source: Regesta Imperii, Akad. der Wissenschaften und der Literatur | Mainz, CC BY 4.0; retrieved 2026-10-04; https://www.regesta-imperii.de/id/1495-01-00_2_0_14_1_0_3272_3266"
ri:1495-02-02_1_0_14_1_0_3273_3267,work,"RI XIV,1 n. 3267",,"Hg Magnus und Hg Balthasar von Mecklenburg teilen dem Rat und der Gemeinde von Rostock mit, daß sie für 2. Februar von KM zum Reichstag nach Worms geladen wurden und anschließend daran am Romzug zur Krkrönung teilnehmen sollen. Die mecklenburgischen Stände haben dafür ihre Hilfe und Unterstützung zugesagt, und auch Rostock möge dies tun, obwohl es wegen des Streites einzelner Ratsmitglieder mit de …",available,1495,,high,"dept: RI XIV; issuer: Österreich, Reich und Europa; place: sine loco; date: 1495-02-02; source: Regesta Imperii, Akad. der Wissenschaften und der Literatur | Mainz, CC BY 4.0; retrieved 2026-10-04; https://www.regesta-imperii.de/id/1495-02-02_1_0_14_1_0_3273_3267"
ri:1495-03-05_2_0_14_1_0_3306_3300,work,"RI XIV,1 n. 3300",,"KM (= Wiener Regiment) bekundet, daß er dem (Dr.) Johann Fuchsmagen, Lehrer der Rechte und KMs Rat, wegen treuer Dienste KMs ein Joch Weingarten, genannt der Murr in Gumpoltskirchen unnder der Laymgruben oberhalb Talern, erblich gegeben hat; Fuchsmagen und seine Erben können damit wie mit ihrem anderen Eigengut verfahren und haben ab 1497 jährlich einen eimer most pergkrecht in KMs Kellermeisteram …",available,1495,,high,"dept: RI XIV; issuer: Österreich, Reich und Europa; place: (Wien); date: 1495-03-05; source: Regesta Imperii, Akad. der Wissenschaften und der Literatur | Mainz, CC BY 4.0; retrieved 2026-10-04; https://www.regesta-imperii.de/id/1495-03-05_2_0_14_1_0_3306_3300"
ri:1495-03-24_1_0_14_1_0_1440_1436,work,"RI XIV,1 n. 1436",,Reinhart Noltz berichtet: Uf Dienstag nach Oculi (1495) holte KM zusammen mit allen Fürsten den Ebf Johann von Trier und den Pfgf Philipp bei Rhein mit dessen Sohn Hg Ludwig ein.,available,1495,,high,"dept: RI XIV; issuer: Maximilian I.; place: Worms; date: 1495-03-24; source: Regesta Imperii, Akad. der Wissenschaften und der Literatur | Mainz, CC BY 4.0; retrieved 2026-10-04; https://www.regesta-imperii.de/id/1495-03-24_1_0_14_1_0_1440_1436"
ri:1495-04-07_12_0_14_1_0_1519_1516,work,"RI XIV,1 n. 1516",,"Die Kanzlei KMs entwirft eine Generalvollmacht für die Reichstagsgesandten der Fsten und Herrn (am Wormser Reichstag), die auch eine Verpflichtungserklärung der jeweiligen Fsten und Herrn enthält, alle Beschlüsse des Reichstages zu vollziehen.",available,1495,,high,"dept: RI XIV; issuer: Maximilian I.; place: (Worms); date: 1495-04-07; source: Regesta Imperii, Akad. der Wissenschaften und der Literatur | Mainz, CC BY 4.0; retrieved 2026-10-04; https://www.regesta-imperii.de/id/1495-04-07_12_0_14_1_0_1519_1516"
ri:1495-04-21_1_0_14_1_0_1576_1572,work,"RI XIV,1 n. 1572",,KM bestätigt der Stadt Neuenburg (im Breisgau) alle alten Privilegien etc. Worms 21. Aprilis (14)95.,available,1495,,high,"dept: RI XIV; issuer: Maximilian I.; place: Worms; date: 1495-04-21; source: Regesta Imperii, Akad. der Wissenschaften und der Literatur | Mainz, CC BY 4.0; retrieved 2026-10-04; https://www.regesta-imperii.de/id/1495-04-21_1_0_14_1_0_1576_1572"
ri:1495-05-03_1_0_14_1_0_1645_1641,work,"RI XIV,1 n. 1641",,"KM bestätigt Ruprecht (von Bayern-Simmern), Bf von Regensburg, und dessen Stift alle alten Privilegien. Worms 3. May 1495.",available,1495,,high,"dept: RI XIV; issuer: Maximilian I.; place: Worms; date: 1495-05-03; source: Regesta Imperii, Akad. der Wissenschaften und der Literatur | Mainz, CC BY 4.0; retrieved 2026-10-04; https://www.regesta-imperii.de/id/1495-05-03_1_0_14_1_0_1645_1641"
ri:1495-05-14_15_0_14_1_0_1720_1716,work,"RI XIV,1 n. 1716",,"KM gewährt dem Abt und dem Gotteshaus zu Murbach die Freiheit, daß sie nur vor dem Kg und seinen Nachfolgern im Reich vor Gericht erscheinen müssen; ihre Diener, Lehensleute, Eigenleute etc. sollen vor dem Abt bzw. dem Klosterrichter erscheinen.",available,1495,,high,"dept: RI XIV; issuer: Maximilian I.; place: Worms; date: 1495-05-14; source: Regesta Imperii, Akad. der Wissenschaften und der Literatur | Mainz, CC BY 4.0; retrieved 2026-10-04; https://www.regesta-imperii.de/id/1495-05-14_15_0_14_1_0_1720_1716"
ri:1495-05-24_3_0_14_1_0_1785_1782,work,"RI XIV,1 n. 1782",,"KM bestätigt der Stadt Ulm eine Urkunde Kr Friedrichs III. ddo 1484, worin der Stadt Schutz und Schirm des Reiches zugesichert, dagegen das Recht auf die Kastenvogtei annulliert wird. Wormbs 24. Maii 1495.",available,1495,,high,"dept: RI XIV; issuer: Maximilian I.; place: Worms; date: 1495-05-24; source: Regesta Imperii, Akad. der Wissenschaften und der Literatur | Mainz, CC BY 4.0; retrieved 2026-10-04; https://www.regesta-imperii.de/id/1495-05-24_3_0_14_1_0_1785_1782"
ri:1495-06-04_3_0_14_1_0_1858_1854,work,"RI XIV,1 n. 1854",,"KM bestätigt und erneuert Heinrich (Groß von Trockau), Bf von Bamberg, für den zum Hochstift gehörenden Markt Feldkirchen in Kärnten das Handelsprivileg ‒ ddo 1441 November 4 Graz ‒, das Jahrmarktsprivileg ‒ ddo 1453 Mai 3 Wiener Neustadt ‒ und das Landgerichtsprivileg ‒ ddo 1453 Juni 28 Graz ‒ von Kr Friedrich III. Worms 4. Juni 1495.",available,1495,,high,"dept: RI XIV; issuer: Maximilian I.; place: Worms; date: 1495-06-04; source: Regesta Imperii, Akad. der Wissenschaften und der Literatur | Mainz, CC BY 4.0; retrieved 2026-10-04; https://www.regesta-imperii.de/id/1495-06-04_3_0_14_1_0_1858_1854"
ri:1495-06-17_1_0_14_1_0_3484_3478,work,"RI XIV,1 n. 3478",,"Doge Agostino Barbadico und Signorie von Venedig an ihre Gesandten bei KM: Die Signorie hat von den Gesandten erfahren, daß KM von Venedig 100.000 ducati Hilfsgelder fordert. ‒ Der Hinweis der Gesandten auf die großen Auslagen der Signorie zu Land und zur See war sehr gut; außer der Flotte, welche gegen die Franzosen nach Apulien geschickt wurde, muß eine zweite starke Flotte gegen die Türken im Ä …",available,1495,,high,"dept: RI XIV; issuer: Österreich, Reich und Europa; place: Venedig; date: 1495-06-17; source: Regesta Imperii, Akad. der Wissenschaften und der Literatur | Mainz, CC BY 4.0; retrieved 2026-10-04; https://www.regesta-imperii.de/id/1495-06-17_1_0_14_1_0_3484_3478"
ri:1495-06-28_7_0_14_1_0_2016_2012,work,"RI XIV,1 n. 2012",,"KM ersucht den spanischen Gesandten an der Röm. Kurie, Garcia Lasso de la Vega, den Papst (Alexander VI.) gemeinsam mit KMs Gesandten bei der Kurie, Philibert Naturelli, Propst von Salins, zu bitten, der (Heiltums-) Kapelle, die KMs Protonotar Florian Waldauf von Waldenstein, eques auratus, in der Filialkirche St. Nikolaus in Hall in Tirol samt einer geistlichen Stiftung und einer großen Zahl von …",available,1495,,high,"dept: RI XIV; issuer: Maximilian I.; place: Worms; date: 1495-06-28; source: Regesta Imperii, Akad. der Wissenschaften und der Literatur | Mainz, CC BY 4.0; retrieved 2026-10-04; https://www.regesta-imperii.de/id/1495-06-28_7_0_14_1_0_2016_2012"
ri:1495-07-14_2_0_14_1_0_2094_2090,work,"RI XIV,1 n. 2090",,"Die venezianischen Gesandten Z. Contarini und B. Trevisan berichten vom Kgshof nach Venedig: Heute morgens ließ KM die venezianischen Gesandten zu sich kommen. Unmittelbar nach ihrem Eintreffen sprach er von seinem Aufteilungsplan betreffend Geld und Kriegsvolk. Die geplanten drei Heere sind nötig, weil der Fst (Jean) von Orange mit 12.000 Knechten nach Italien zieht. ‒ Die Gesandten fragten verwu …",available,1495,,high,"dept: RI XIV; issuer: Maximilian I.; place: Worms; date: 1495-07-14; source: Regesta Imperii, Akad. der Wissenschaften und der Literatur | Mainz, CC BY 4.0; retrieved 2026-10-04; https://www.regesta-imperii.de/id/1495-07-14_2_0_14_1_0_2094_2090"
ri:1495-07-25_6_0_14_1_0_2183_2179,work,"RI XIV,1 n. 2179",,"KM verschreibt Hans Heiß für dessen treue Dienste 200 flRh jährlich auf die Judischait zu Mülhausen. Heiß hat dafür auf seine Kosten mit zwei (gerüsteten) Pferden jederzeit auf KMs Befehl hin zuzugsbereit zu sein. Worms 25. Julij 1495, Röm. 10. Hung. 6.",available,1495,,high,"dept: RI XIV; issuer: Maximilian I.; place: Worms; date: 1495-07-25; source: Regesta Imperii, Akad. der Wissenschaften und der Literatur | Mainz, CC BY 4.0; retrieved 2026-10-04; https://www.regesta-imperii.de/id/1495-07-25_6_0_14_1_0_2183_2179"
ri:1495-08-08_2_0_14_1_0_2264_2260,work,"RI XIV,1 n. 2260",,"Die venezianischen Gesandten Z. Contarini und B. Trevisan berichten vom Königshof nach Venedig: Gestern (7. August) a le hore 4 de nocte (das ist am späten Abend) kam der Mailänder Gesandte mit Briefen seines Herrn vom 30. Juli mit Neuigkeiten aus Italien und mit dem Befehl, KM auf die große Gefahr des Mailänder Staates hinzuweisen und ihn aufzufordern, die französische Kriegsmacht in Burgund anzu …",available,1495,,high,"dept: RI XIV; issuer: Maximilian I.; place: Worms; date: 1495-08-08; source: Regesta Imperii, Akad. der Wissenschaften und der Literatur | Mainz, CC BY 4.0; retrieved 2026-10-04; https://www.regesta-imperii.de/id/1495-08-08_2_0_14_1_0_2264_2260"
ri:1495-08-25_1_0_14_1_0_3544_3538,work,"RI XIV,1 n. 3538",,"Der Rat der Stadt Frankfurt antwortet KM auf dessen Schreiben (vom 23. August), daß bisher kein (Reichshilfs-) Geld bei irgendeinem des Rats hinterlegt worden sei. Dinstag nach Bartholomei.",available,1495,,high,"dept: RI XIV; issuer: Österreich, Reich und Europa; place: Frankfurt; date: 1495-08-25; source: Regesta Imperii, Akad. der Wissenschaften und der Literatur | Mainz, CC BY 4.0; retrieved 2026-10-04; https://www.regesta-imperii.de/id/1495-08-25_1_0_14_1_0_3544_3538"
ri:1495-09-07_2_0_14_1_0_3560_3555,work,"RI XIV,1 n. 3555",,"Die verordneten Kommissare der steiermärkischen Landstände, Abt Wolfgang von Rein, Otto von Stubenberg, Jakob Windischgrätzer, Christoph von Radmannsdorf und Lienhard Harracher erlassen namens der Landstände und namens KMs ein Steuerpatent an alle geistl. und weltl. Stände, die Nutzen und Gülten im Lande besitzen, zur Aufbringung von 38.000 Pfund Pfennigen als Abgeltung an KM für die Austreibung d …",available,1495,,high,"dept: RI XIV; issuer: Österreich, Reich und Europa; place: Graz; date: 1495-09-07; source: Regesta Imperii, Akad. der Wissenschaften und der Literatur | Mainz, CC BY 4.0; retrieved 2026-10-04; https://www.regesta-imperii.de/id/1495-09-07_2_0_14_1_0_3560_3555"
ri:1495-09-30_4_0_14_1_0_2497_2492,work,"RI XIV,1 n. 2492",,"KM beläßt Dr. Johann Fuchsmagen die Propstei zu Stainach, die dieser von Ehg Sigmund kaufweise erworben hat für seine treuen Dienste, die er wld Kr Friedrich III. und Ehg Sigmund erwiesen und KM zugesagt hat, auf Lebenszeit ohne Wiederkaufsrecht. Worms Mittichen nach Michaelis 1495.",available,1495,,high,"dept: RI XIV; issuer: Maximilian I.; place: Worms; date: 1495-09-30; source: Regesta Imperii, Akad. der Wissenschaften und der Literatur | Mainz, CC BY 4.0; retrieved 2026-10-04; https://www.regesta-imperii.de/id/1495-09-30_4_0_14_1_0_2497_2492"
ri:1495-10-17_1_0_14_1_0_3598_3593,work,"RI XIV,1 n. 3593",,"Bürgermeister und Rat der Stadt Zürich raten Luzern, derzeit ebenfalls keine Gesandtschaft nach Konstanz zu schicken, die den Beitritt von Konstanz zum Schwäbischen Bund verhindern soll. Obwohl dies am letzten Tag (zu Zürich am 13. Oktober) besprochen worden ist, sei dies weder fruchtbar noch fuglich, da KM sein Mandat, daß Konstanz dem Schwäbischen Bund beitreten soll, bis Frowentag der Lichtmeß …",available,1495,,high,"dept: RI XIV; issuer: Österreich, Reich und Europa; place: Zürich; date: 1495-10-17; source: Regesta Imperii, Akad. der Wissenschaften und der Literatur | Mainz, CC BY 4.0; retrieved 2026-10-04; https://www.regesta-imperii.de/id/1495-10-17_1_0_14_1_0_3598_3593"
ri:1495-11-10_1_0_14_1_0_2633_2627,work,"RI XIV,1 n. 2627",,"KM stattet den derzeitigen Inhaber der Reichslandvogtei im Elsaß, Kfst Pfgf Philipp bei Rhein, mit der Gewalt aus, im zur Reichslandvogtei gehörenden Dorf Blienßwyler ein Hoch- und Niedergericht einzurichten. Worms 10. November 1495.",available,1495,,high,"dept: RI XIV; issuer: Maximilian I.; place: Worms; date: 1495-11-10; source: Regesta Imperii, Akad. der Wissenschaften und der Literatur | Mainz, CC BY 4.0; retrieved 2026-10-04; https://www.regesta-imperii.de/id/1495-11-10_1_0_14_1_0_2633_2627"
ri:1495-12-09_2_0_14_1_0_2694_2688,work,"RI XIV,1 n. 2688",,"KM befiehlt dem Kammerrichter, Gf Eitelfriedrich von Zollern, den Wilhelm Willprecht als Kammerprokurator und Advokat (beim Reichskammergericht) aufzunehmen. Nordlingen Mittichen nach unnser lieben Frawen tag Conceptionis 1495, Röm. 10.",available,1495,,high,"dept: RI XIV; issuer: Maximilian I.; place: Nördlingen; date: 1495-12-09; source: Regesta Imperii, Akad. der Wissenschaften und der Literatur | Mainz, CC BY 4.0; retrieved 2026-10-04; https://www.regesta-imperii.de/id/1495-12-09_2_0_14_1_0_2694_2688"
ri:1496-01-05_1_0_14_2_0_16_3696,work,"RI XIV,2 n. 3696",,"Peter von Ungspeck an Hg Albrecht von Bayern: Er ist gestern, da er KM nicht in Donauwörth vorgefunden hat, hieher gekommen und hat sogleich Veit (von Wolkenstein) über hgl. Befehl unterrichtet. Veit wollte inzwischen mit KM darüber reden. Heute vor der Messe begab sich Ungspeck zu Herrn Veit, der ihn an KM verwies. KM antwortete, er habe Hg Albrecht schreiben lassen, bis auf weiteren Bescheid dah …",available,1496,,high,"dept: RI XIV; issuer: Maximilian I.; place: Nördlingen; date: 1496-01-05; source: Regesta Imperii, Akad. der Wissenschaften und der Literatur | Mainz, CC BY 4.0; retrieved 2026-10-04; https://www.regesta-imperii.de/id/1496-01-05_1_0_14_2_0_16_3696"
ri:1496-02-06_2_0_14_2_0_73_3753,work,"RI XIV,2 n. 3753",,"KM an Hg Ludovico von Mailand: KM hat gehört, daß E. Brascha darüber Klage führt, daß er von dem Augsburger Bürger Ulrich Tucher, der in Mailand Handel treibt, in Augsburg aus seiner Herberge ausgewiesen worden sei, worüber sich Hg Ludovico beleidigt fühlt. KM stellt fest, daß Brascha nicht von Ulrich Tucher ausgewiesen worden sei, sondern von einem anderen gleichen Namens. -- Wenn der Hg bei der …",available,1496,,high,"dept: RI XIV; issuer: Maximilian I.; place: Augsburg; date: 1496-02-06; source: Regesta Imperii, Akad. der Wissenschaften und der Literatur | Mainz, CC BY 4.0; retrieved 2026-10-04; https://www.regesta-imperii.de/id/1496-02-06_2_0_14_2_0_73_3753"
ri:1496-03-04_3_0_14_2_0_3230_6887,work,"RI XIV,2 n. 6887",,"Das Innsbrucker Regiment verkündet dem Landvogt im Elsaß, Kaspar von Mörsberg, den Tod Ehg Sigmunds (von Tirol) und fordert ihn auf, die vier Waldstädte (Säckingen, Waldshut, Laufenburg und Rheinfelden) beim Reich zu erhalten, ohne merken zu lassen, daß man den Eidgenossen mißtraut. Ynsprugg Freytag vor Suntag Oculi (1496).",available,1496,,high,"dept: RI XIV; issuer: Österreich, Reich und Europa; place: Innsbruck; date: 1496-03-04; source: Regesta Imperii, Akad. der Wissenschaften und der Literatur | Mainz, CC BY 4.0; retrieved 2026-10-04; https://www.regesta-imperii.de/id/1496-03-04_3_0_14_2_0_3230_6887"
ri:1496-03-28_3_0_14_2_0_3267_6924,work,"RI XIV,2 n. 6924",,"Instruktion Kg Ferdinands und Kgin Isabellas (von Spanien) für ihren Gesandten Dr. (Rodrigo Gondesalvi) de Puebla zwecks Verhandlungen mit Kg (Heinrich VII.) von England über dessen Eintritt in die Heilige Liga, den Abschluß einer Allianz zwischen Spanien, KM, England und Ehg Philipp sowie über die Kriegsbereitschaft Englands gegen Frankreich. Der Vertrag soll so rasch als möglich abgeschlossen we …",available,1496,,high,"dept: RI XIV; issuer: Österreich, Reich und Europa; place: Tortosa; date: 1496-03-28; source: Regesta Imperii, Akad. der Wissenschaften und der Literatur | Mainz, CC BY 4.0; retrieved 2026-10-04; https://www.regesta-imperii.de/id/1496-03-28_3_0_14_2_0_3267_6924"
ri:1496-04-21_4_0_14_2_0_3306_6963,work,"RI XIV,2 n. 6963",,"Statthalter und Räte zu Innsbruck schreiben KM bezüglich des „Dreißigsten“ für wld Ehg Sigmund (von Tirol) und fordern KM auf, persönlich zu diesem Anlaß nach Innsbruck zu kommen, weil er dies den vielen Verdiensten Ehg Sigmunds schuldig ist; dies erfordert auch die Ordnung des Nachlasses und des Hofstaates etc. Ynsprugg Phintztag vor Suntag Jubilate zu 4 urn nach mittag (1496).",available,1496,,high,"dept: RI XIV; issuer: Österreich, Reich und Europa; place: Innsbruck; date: 1496-04-21; source: Regesta Imperii, Akad. der Wissenschaften und der Literatur | Mainz, CC BY 4.0; retrieved 2026-10-04; https://www.regesta-imperii.de/id/1496-04-21_4_0_14_2_0_3306_6963"
ri:1496-05-13_2_0_14_2_0_3336_6993,work,"RI XIV,2 n. 6993",,"Engelbert von Nassau und andere genannte Personen berichten Ehg Philipp über die Bestellung Mgf Friedrichs von Baden zum Bf von Utrecht; Mgf Friedrich sei trotz starker Widerstände durch die Einflußnahme KMs gewählt worden. Escript en ladite cite d'Utrecht ce Vendredi 13 jour de May 1496. E de NASSOU, B de LANNOY, I. de CRUNINGEN, P. de BAENST, I. de DINTEVILLE, C. de STRADIO. -- RICHEMANT ss.",available,1496,,high,"dept: RI XIV; issuer: Österreich, Reich und Europa; place: Utrecht; date: 1496-05-13; source: Regesta Imperii, Akad. der Wissenschaften und der Literatur | Mainz, CC BY 4.0; retrieved 2026-10-04; https://www.regesta-imperii.de/id/1496-05-13_2_0_14_2_0_3336_6993"
ri:1496-05-28_7_0_14_2_0_3374_7029b,work,"RI XIV,2 n. 7029b",,"KM an das Wiener Regiment: Andreas Kunigstainer, Propst zu Zwettl, klagte KM, daß Ludwig von Starhenberg (Starhemberg) nicht nur widerrechtlich auf dem Grund und Boden eines Hintersassen, =armenlewt, des Propstes einen zigelstadel errichtete, sondern dem Propst auch einen Ziegelstadel ob der stat Zwettel bey dem Moydrants (?) abgenommen hat; außerdem habe Starhemberg bereits geschnittenes, auf ein …",available,1496,,high,"dept: RI XIV; issuer: Österreich, Reich und Europa; place: (Augsburg); date: 1496-05-28; source: Regesta Imperii, Akad. der Wissenschaften und der Literatur | Mainz, CC BY 4.0; retrieved 2026-10-04; https://www.regesta-imperii.de/id/1496-05-28_7_0_14_2_0_3374_7029b"
ri:1496-06-18_3_0_14_2_0_402_4066,work,"RI XIV,2 n. 4066",,"KM (=Hofkanzlei) fordert Hans Jakob von Bodman d.Ä., Hauptmann des Schwäbischen Bundes, und seinen Kanzler Konrad Stürtzel auf, die sich widersetzenden Städte zum Eintritt in den Schwäbischen Bund zu bewegen, sonst werde KM anders gegen sie vorgehen. Augspurg Sampstag nach st. Veyts tag 1496, Röm. 11. Hung. 7.",available,1496,,high,"dept: RI XIV; issuer: Maximilian I.; place: Augsburg; date: 1496-06-18; source: Regesta Imperii, Akad. der Wissenschaften und der Literatur | Mainz, CC BY 4.0; retrieved 2026-10-04; https://www.regesta-imperii.de/id/1496-06-18_3_0_14_2_0_402_4066"
ri:1496-07-04_3_0_14_2_0_3466_7120,work,"RI XIV,2 n. 7120",,"KM (=Hofkanzlei) fordert Wolfgang von Polheim auf, darauf zu achten, daß der Jude Hirschl nicht mehr als 5% Zinsen auf etwaige Pfandbriefe schlage. KM meint, daß weder Christen noch Juden Zins nehmen sollen. Augspurg st. Ulrichstag 1496. -- KV: Expeditum.",available,1496,,high,"dept: RI XIV; issuer: Österreich, Reich und Europa; place: Augsburg; date: 1496-07-04; source: Regesta Imperii, Akad. der Wissenschaften und der Literatur | Mainz, CC BY 4.0; retrieved 2026-10-04; https://www.regesta-imperii.de/id/1496-07-04_3_0_14_2_0_3466_7120"
ri:1496-07-19_2_0_14_2_0_473_4136,work,"RI XIV,2 n. 4136",,"Der venezianische Gesandte Foscari berichtet aus seinem Quartier im Kloster Marienberg über die ersten Verhandlungen KMs in Glurns: Foscari besuchte KM in Glurns; er wurde in einem Zelt im Garten empfangen und legte KM die venez. Sammelberichte vor. -- In Glurns trafen der päpstliche Legat, die Gesandten Venedigs, Mailands, Spaniens und Neapels zusammen. -- KM sprach sehr ausführlich mit den Gesan …",available,1496,,high,"dept: RI XIV; issuer: Maximilian I.; place: Glurns; date: 1496-07-19; source: Regesta Imperii, Akad. der Wissenschaften und der Literatur | Mainz, CC BY 4.0; retrieved 2026-10-04; https://www.regesta-imperii.de/id/1496-07-19_2_0_14_2_0_473_4136"
ri:1496-08-05_3_0_14_2_0_512_4175,work,"RI XIV,2 n. 4175",,"KM befiehlt dem Wiener Regiment, seinem Sekretär Lukas von Pforzheim jährlich 200 flRh Sold auszuzahlen, und zwar von dem stat, den er ihnen über den Schatzmeistergeneral Hungersbach anweisen wird. Lanndegg Freytag nach st. Peters tag ad Vincula 1496, Röm. 11. MAXIMILIANUS rex ss. -- KV: C.d.r. prop.",available,1496,,high,"dept: RI XIV; issuer: Maximilian I.; place: Landeck; date: 1496-08-05; source: Regesta Imperii, Akad. der Wissenschaften und der Literatur | Mainz, CC BY 4.0; retrieved 2026-10-04; https://www.regesta-imperii.de/id/1496-08-05_3_0_14_2_0_512_4175"
ri:1496-08-16_1_0_14_2_0_3626_7277,work,"RI XIV,2 n. 7277",,"KM (=Reichskanzlei) bekundet die Investitur Hg Philipps von Savoyen mit allen Reichslehen; jedoch sollen Mgf Wilhelm von Montferrat und sein Bruder durch diese Investitur in ihren namentlich genannten, rechtmäßigen Herrschaftsrechten keinen Schaden erleiden. In oppido nostro imperiali Lyndaw 16. Augusti 1496, Röm. 11. Hung. 7. B(ERTOLDUS) ss. -- KV: Expeditum.",available,1496,,high,"dept: RI XIV; issuer: Österreich, Reich und Europa; place: Lindau; date: 1496-08-16; source: Regesta Imperii, Akad. der Wissenschaften und der Literatur | Mainz, CC BY 4.0; retrieved 2026-10-04; https://www.regesta-imperii.de/id/1496-08-16_1_0_14_2_0_3626_7277"
ri:1496-08-27_3_0_14_2_0_3670_7321,work,"RI XIV,2 n. 7321",,"KM (=Wiener Regiment) befiehlt Jörg Sigharter, ohne Wissen und Willen des Regimentes in Wien nichts von der eingenommenen Urbarsteuer auszugeben. Sambstag nach Bartholomej apostoli 1496.",available,1496,,high,"dept: RI XIV; issuer: Österreich, Reich und Europa; place: (Wien); date: 1496-08-27; source: Regesta Imperii, Akad. der Wissenschaften und der Literatur | Mainz, CC BY 4.0; retrieved 2026-10-04; https://www.regesta-imperii.de/id/1496-08-27_3_0_14_2_0_3670_7321"
ri:1496-09-10_1_0_14_2_0_3707_7358,work,"RI XIV,2 n. 7358",,"Eng Philipp räumt dem Vertreter des Reichserzmarschalls, Kfst Friedrich von Sachsen, den Vorsitz ein und nimmt als Ehg von Österreich zur rechten Seite des Kfsten von Mainz Platz. -- Ebf (Berthold) von Mainz verliest den Brief KMs (ddo 1496 August 29 Cermenate). -- Bericht über die Lage in Italien und Hilfsbitte. Sampstag nach Nativitatis Marie (1496).",available,1496,,high,"dept: RI XIV; issuer: Österreich, Reich und Europa; place: Lindau; date: 1496-09-10; source: Regesta Imperii, Akad. der Wissenschaften und der Literatur | Mainz, CC BY 4.0; retrieved 2026-10-04; https://www.regesta-imperii.de/id/1496-09-10_1_0_14_2_0_3707_7358"
ri:1496-09-21_6_0_14_2_0_3758_7410,work,"RI XIV,2 n. 7410",,"KM (=Wiener Regiment) an Andreas Krabatt von Lappitz: KM befiehlt ihm, die von ihm innegehabte (Wiener) Neustädter Burg samt Ungeld unverzüglich dem Kaspar von Meckau, KMs Kämmerer und Rat, abzutreten. Mitichen st. Matheustag 1496.",available,1496,,high,"dept: RI XIV; issuer: Österreich, Reich und Europa; place: (Wien); date: 1496-09-21; source: Regesta Imperii, Akad. der Wissenschaften und der Literatur | Mainz, CC BY 4.0; retrieved 2026-10-04; https://www.regesta-imperii.de/id/1496-09-21_6_0_14_2_0_3758_7410"
ri:1496-10-01_4_0_14_2_0_3812_7464,work,"RI XIV,2 n. 7464",,"Urban de Serralonga, Rat KMs und des Mgfen von Montferrat, an Ebf Berthold von Mainz: Er berichtet über den Italienzug KMs, und was von ihm und anderen auf diesem Zug gehandelt wurde, und empfiehlt Berthold seinen Wunsch um Erweiterung seiner Palatinatsrechte entsprechend seinen früheren Briefen an Virgilius (Lunson). Ex Casali 1. Octobris 1496.",available,1496,,high,"dept: RI XIV; issuer: Österreich, Reich und Europa; place: Casale; date: 1496-10-01; source: Regesta Imperii, Akad. der Wissenschaften und der Literatur | Mainz, CC BY 4.0; retrieved 2026-10-04; https://www.regesta-imperii.de/id/1496-10-01_4_0_14_2_0_3812_7464"
ri:1496-10-14_2_0_14_2_0_3873_7525,work,"RI XIV,2 n. 7525",,"Ludwig von Diesbach und Heinrich Enitten ersuchen KM um Mitteilung, wie sie ihn zur Zeit, da er vff dem wasser ist, (in Schweizer Angelegenheiten?) erreichen können. Tortona 14. Octobris 1496. LUDWIG von DIESBACH ss. HAINRICH ENITTEN ss.",available,1496,,high,"dept: RI XIV; issuer: Österreich, Reich und Europa; place: Tortona; date: 1496-10-14; source: Regesta Imperii, Akad. der Wissenschaften und der Literatur | Mainz, CC BY 4.0; retrieved 2026-10-04; https://www.regesta-imperii.de/id/1496-10-14_2_0_14_2_0_3873_7525"
ri:1496-10-31_2_0_14_2_0_3929_7579,work,"RI XIV,2 n. 7579",,"KM (=Wiener Regiment) bestätigt, daß Prior und Konvent des Weissenbruderordens zu Wien (=Karmeliten? Dominikaner?) das hinterlassene Hab und Gut des wld Calixt Ottmann, des türkischen Kaisers Sohn, das er bei ihnen aufbewahrt hat, auf KMs Befehl dem Wiener Regiment übergeben haben; das Regiment hat mit den Klosterleuten über das Seelgerät und anderes, wie es sich gebührt, verhandelt. Montag vor Al …",available,1496,,high,"dept: RI XIV; issuer: Österreich, Reich und Europa; place: (Wien); date: 1496-10-31; source: Regesta Imperii, Akad. der Wissenschaften und der Literatur | Mainz, CC BY 4.0; retrieved 2026-10-04; https://www.regesta-imperii.de/id/1496-10-31_2_0_14_2_0_3929_7579"
ri:1496-11-16_2_0_14_2_0_3981_7631,work,"RI XIV,2 n. 7631",,"Ebf Berthold von Mainz inseriert und bestätigt eine von ihm vermittelte Vereinbarung zwischen KM und Ehg Philipp einerseits und Hg Albrecht von Sachsen anderseits. -- Inhalt des Inserts: Hg Albrecht von Sachsen hat über insgesamt 301.928 flRh eine Schuldverschreibung; davon übernimmt KM 200.000 flRh zur Abzahlung, über die restlichen 101.928 flRh soll der Ebf von Mainz einen Schuldbrief unter KMs …",available,1496,,high,"dept: RI XIV; issuer: Österreich, Reich und Europa; place: Lindau; date: 1496-11-16; source: Regesta Imperii, Akad. der Wissenschaften und der Literatur | Mainz, CC BY 4.0; retrieved 2026-10-04; https://www.regesta-imperii.de/id/1496-11-16_2_0_14_2_0_3981_7631"
ri:1496-12-05_2_0_14_2_0_871_4532,work,"RI XIV,2 n. 4532",,"KM befiehlt der Innsbrucker Schatzkammer, dem marckfueterer zu Graz 320 Pfund Pfennige abzurechnen, und zwar als Versorgung, Heiratsgut und zu prawtgewandt, was KM Lienhard Schober und dessen Hausfrau versprochen hat. Pavia Montas nach st. Barbaratag 1496, Röm. 11. Hie stat der ku. Mt. handtzaichen.",available,1496,,high,"dept: RI XIV; issuer: Maximilian I.; place: Pavia; date: 1496-12-05; source: Regesta Imperii, Akad. der Wissenschaften und der Literatur | Mainz, CC BY 4.0; retrieved 2026-10-04; https://www.regesta-imperii.de/id/1496-12-05_2_0_14_2_0_871_4532"
ri:1496-12-20_2_0_14_2_0_912_4573,work,"RI XIV,2 n. 4573",,"KM befiehlt der Innsbrucker Schatzkammer, seinem Diener, Balthasar Geyman, 150 flRh Liefergeld auszuzahlen. Pallasy st. Thomas des hl. zwelffpoten abendt 1496, Röm. 11. Hie stat der ku. Mt. und des Sernteiners handtzaichen.",available,1496,,high,"dept: RI XIV; issuer: Maximilian I.; place: Bellagio; date: 1496-12-20; source: Regesta Imperii, Akad. der Wissenschaften und der Literatur | Mainz, CC BY 4.0; retrieved 2026-10-04; https://www.regesta-imperii.de/id/1496-12-20_2_0_14_2_0_912_4573"
ri:1497-01-07_4_0_14_2_0_4166_7816,work,"RI XIV,2 n. 7816",,"Das kurbrandenburgische Protokoll berichtet: Sonabendt nach Epiphanie Dni zu acht horn vor mittag waren KMs Räte und die Reichsversammlung auf das Rathaus beordert. Der Ebf von Mainz erklärte KMs Räten, Gf Adolf von Nassau und Hans Jakob von Bodman, daß es nötig sei, eine aynung zu machen und hier zu beschließen. -- Die Räte berieten sich und erklärten dann, daß die Beschlüsse zwei Mängel enthielt …",available,1497,,high,"dept: RI XIV; issuer: Österreich, Reich und Europa; place: Lindau; date: 1497-01-07; source: Regesta Imperii, Akad. der Wissenschaften und der Literatur | Mainz, CC BY 4.0; retrieved 2026-10-04; https://www.regesta-imperii.de/id/1497-01-07_4_0_14_2_0_4166_7816"
ri:1497-01-27_1_0_14_2_0_993_4654,work,"RI XIV,2 n. 4654",,"KM befiehlt dem Generalschatzmeister Simon von Hungersbach, dem Lukas Sybenburger, KMs Hofgoldschmied, für die Wiederinbetriebsetzung einiger Bergwerke 200 flRh zu bezahlen. Ynnsprugg Freytag nach st. Pawls tag 1497.",available,1497,,high,"dept: RI XIV; issuer: Maximilian I.; place: Innsbruck; date: 1497-01-27; source: Regesta Imperii, Akad. der Wissenschaften und der Literatur | Mainz, CC BY 4.0; retrieved 2026-10-04; https://www.regesta-imperii.de/id/1497-01-27_1_0_14_2_0_993_4654"
ri:1497-02-16_2_0_14_2_0_4274_7923,work,"RI XIV,2 n. 7923",,KM (=Wiener Regiment) verleiht Lamprecht Espan genannte Lehen im Fstm Österreich. Phintztag vor Sontag Reminiscere 1497.,available,1497,,high,"dept: RI XIV; issuer: Österreich, Reich und Europa; place: (Wien); date: 1497-02-16; source: Regesta Imperii, Akad. der Wissenschaften und der Literatur | Mainz, CC BY 4.0; retrieved 2026-10-04; https://www.regesta-imperii.de/id/1497-02-16_2_0_14_2_0_4274_7923"
ri:1497-03-08_1_0_14_2_0_1099_4760,work,"RI XIV,2 n. 4760",,"KM befiehlt der Schatzkammer in Innsbruck, für seinen Türhüter Petritz über KMs Generalschatzmeister Simon von Hungersbach dafür zu sorgen, daß KMs Hauptmann in Krain, Wilhelm von Auersperg, dem Petritz 152 flRh für Liefergeld bezahle. Innsprugg Mittichen nach Sonntag Letare 1497, Röm. 12.",available,1497,,high,"dept: RI XIV; issuer: Maximilian I.; place: Innsbruck; date: 1497-03-08; source: Regesta Imperii, Akad. der Wissenschaften und der Literatur | Mainz, CC BY 4.0; retrieved 2026-10-04; https://www.regesta-imperii.de/id/1497-03-08_1_0_14_2_0_1099_4760"
ri:1497-04-03_2_0_14_2_0_1177_4838,work,"RI XIV,2 n. 4838",,"KM befiehlt der Schatzkammer in Innsbruck, dem Wilhelm von Auersperg, KMs Hauptmann in Krain, von den Ämtern in der Gottschee und Rieg jährlich 200 ungarische Gulden einnehmen zu lassen, bis die Schuld KMs von 1.000 ungarischen Gulden getilgt ist. Innsprugg Monntag nach Suntag Quasimodogeniti 1497, Röm. 12.",available,1497,,high,"dept: RI XIV; issuer: Maximilian I.; place: Innsbruck; date: 1497-04-03; source: Regesta Imperii, Akad. der Wissenschaften und der Literatur | Mainz, CC BY 4.0; retrieved 2026-10-04; https://www.regesta-imperii.de/id/1497-04-03_2_0_14_2_0_1177_4838"
ri:1497-04-20_1_0_14_2_0_4329_7978,work,"RI XIV,2 n. 7978",,"Der Ordensmeister in Livland an den (Deutschmeister): Er hat aus den Briefen des Hochmeisters erfahren, daß KM nach Rom ziehen wird, um die Kaiserkrone zu empfangen. Da der Orden in Livland durch KMs Vorfahren mit Regalien ausgestattet ist, befürchten der Hochmeister und er, daß der Orden Schaden erleiden könnte, wenn nicht eine Gesandtschaft des Ordens sich in Rom diese Regalien bestätigen lasse. …",available,1497,,high,"dept: RI XIV; issuer: Österreich, Reich und Europa; place: Wenden; date: 1497-04-20; source: Regesta Imperii, Akad. der Wissenschaften und der Literatur | Mainz, CC BY 4.0; retrieved 2026-10-04; https://www.regesta-imperii.de/id/1497-04-20_1_0_14_2_0_4329_7978"
ri:1497-05-09_2_0_14_2_0_4388_8037,work,"RI XIV,2 n. 8037",,"NN (Serntein oder Lang?) an Kgin (Bianca): Der Schreiber hat den Brief der Kgin gemäß ihrem Auftrag KM überreicht und bemerkt, daß KM die Kgin zu sehen wünsche, =hoc idem denique desiderium serenissimo domino nostro Romanorum Regi coniugi vestro erga vestram Serenitatem existere intellexi. KM sagte, daß er sehr mit Geschäften beladen sei und unter der Abwesenheit der Kgin leide, aber hoffe, noch i …",available,1497,,high,"dept: RI XIV; issuer: Österreich, Reich und Europa; place: Augsburg; date: 1497-05-09; source: Regesta Imperii, Akad. der Wissenschaften und der Literatur | Mainz, CC BY 4.0; retrieved 2026-10-04; https://www.regesta-imperii.de/id/1497-05-09_2_0_14_2_0_4388_8037"
ri:1497-05-31_1_0_14_2_0_4426_8075,work,"RI XIV,2 n. 8075",,"Haug von Lichtenstein berichtet Bf (Lorenz) von Würzburg: Bisher haben nur wenige den Gemeinen Pfennig erlegt, und wo er erlegt wurde, war der Ertrag gering, so daß man die Darlehen für die Eilende Hilfe vorerst nicht aus dem Pfennig zurückzahlen kann. Der Bf möge sich mit dem Pfennig nicht beeilen; Lichtenstein wird ihn rechtzeitig unterrichten. -- Die Mehrheit der Reichsversammlung befürchtet, d …",available,1497,,high,"dept: RI XIV; issuer: Österreich, Reich und Europa; place: Worms; date: 1497-05-31; source: Regesta Imperii, Akad. der Wissenschaften und der Literatur | Mainz, CC BY 4.0; retrieved 2026-10-04; https://www.regesta-imperii.de/id/1497-05-31_1_0_14_2_0_4426_8075"
ri:1497-06-26_1_0_14_2_0_4483_8131,work,"RI XIV,2 n. 8131",,"KM (=Reichskanzlei) bestätigt der Stadt Schweinfurt alle Privilegien, Freiheiten etc., die sie von Röm. Krn und Kgen innehat. Wormbs 26. Junii 1497, Röm. 12. Hung. 8. -- KV: A.m.d.r. prop. BERTHOLDUS archieppus MOGUNT. archicanc. SIXTUS OELHAFEN.",available,1497,,high,"dept: RI XIV; issuer: Österreich, Reich und Europa; place: Worms; date: 1497-06-26; source: Regesta Imperii, Akad. der Wissenschaften und der Literatur | Mainz, CC BY 4.0; retrieved 2026-10-04; https://www.regesta-imperii.de/id/1497-06-26_1_0_14_2_0_4483_8131"
ri:1497-07-17_1_0_14_2_0_4526_8174,work,"RI XIV,2 n. 8174",,"Das Frankfurter Protokoll berichtet über die Wormser Reichstagshandlungen: Uff Montag nach Margarethe (1497) hat die Reichsversammlung auf KMs Schreiben Boten zum Pfalzgrafen verordnet, die KMs Meinung vorbrachten. Der Pfgf wollte der Versammlung mit einer eigenen Botschaft antworten. -- Das Verhör im Streit zwischen Klerus und Stadt Worms hat begonnen; es wurden den Parteien einige Vorschläge zu …",available,1497,,high,"dept: RI XIV; issuer: Österreich, Reich und Europa; place: Worms; date: 1497-07-17; source: Regesta Imperii, Akad. der Wissenschaften und der Literatur | Mainz, CC BY 4.0; retrieved 2026-10-04; https://www.regesta-imperii.de/id/1497-07-17_1_0_14_2_0_4526_8174"
ri:1497-08-04_1_0_14_2_0_1473_5133,work,"RI XIV,2 n. 5133",,KM beglaubigt Michael von Wolkenstein und Zyprian von Serntein für Verhandlungen mit der Schatzkammer zu Innsbruck. Putzentall Freitag nach st. Peters tag ad Vincula 1497.,available,1497,,high,"dept: RI XIV; issuer: Maximilian I.; place: Pitztal; date: 1497-08-04; source: Regesta Imperii, Akad. der Wissenschaften und der Literatur | Mainz, CC BY 4.0; retrieved 2026-10-04; https://www.regesta-imperii.de/id/1497-08-04_1_0_14_2_0_1473_5133"
ri:1497-08-21_2_0_14_2_0_1523_5183,work,"RI XIV,2 n. 5183",,"Sanctus Brascha berichtet Hg Ludovico von Mailand: Vorgestern (19. August) weilte KM auf der Jagd bei Zirl. -- Gestern (20. August) las Brascha KM die umfangreichen Berichte aus Rom und Spanien vor. -- Die abendliche Audienz, bei der nur ein Page anwesend war, der die Wachskerze hielt, dauerte bis in die dritte Nachtstunde. -- Der neapolitanische Gesandte entschuldigte seinen Kg wegen des Aufstand …",available,1497,,high,"dept: RI XIV; issuer: Maximilian I.; place: Innsbruck; date: 1497-08-21; source: Regesta Imperii, Akad. der Wissenschaften und der Literatur | Mainz, CC BY 4.0; retrieved 2026-10-04; https://www.regesta-imperii.de/id/1497-08-21_2_0_14_2_0_1523_5183"
ri:1497-09-07_2_0_14_2_0_4634_8282,work,"RI XIV,2 n. 8282",,KM (=Wiener Regiment) verleiht seinem Diener Hans Vorster für seine Verdienste unter Kr Friedrich III. und KM ein genau beschriebenes Wappen. Phintztag vor Nativitatis Marie 1497.,available,1497,,high,"dept: RI XIV; issuer: Österreich, Reich und Europa; place: (Wien); date: 1497-09-07; source: Regesta Imperii, Akad. der Wissenschaften und der Literatur | Mainz, CC BY 4.0; retrieved 2026-10-04; https://www.regesta-imperii.de/id/1497-09-07_2_0_14_2_0_4634_8282"
ri:1497-09-23_3_0_14_2_0_4663_8312,work,"RI XIV,2 n. 8312",,"KM (=Wiener Regiment) gewährt Meister Niklas Veldorffer, KMs Kaplan, für seine Reise von Wien ins Reich sicheres Geleit. Sambstag nach Mathei 1497.",available,1497,,high,"dept: RI XIV; issuer: Österreich, Reich und Europa; place: (Wien); date: 1497-09-23; source: Regesta Imperii, Akad. der Wissenschaften und der Literatur | Mainz, CC BY 4.0; retrieved 2026-10-04; https://www.regesta-imperii.de/id/1497-09-23_3_0_14_2_0_4663_8312"
ri:1497-10-12_2_0_14_2_0_1726_5385,work,"RI XIV,2 n. 5385",,"KM an NN (Eidgenossen): KM hat zwischen der Stadt St. Gallen und den Varenpüchlern (Varnbühlern) einen Vertrag gemacht und wollte dann über die Gerichtskosten und Schadenersatz eine Einigung zustandebringen. Die Varnbühler verachteten das Angebot. KM will aber den Abschied, den er den Gesandten von NN (=der Eidgenossen) in Matrei gegeben hat, einhalten und steht auch weiterhin zu seinem Angebot, d …",available,1497,,high,"dept: RI XIV; issuer: Maximilian I.; place: Innsbruck; date: 1497-10-12; source: Regesta Imperii, Akad. der Wissenschaften und der Literatur | Mainz, CC BY 4.0; retrieved 2026-10-04; https://www.regesta-imperii.de/id/1497-10-12_2_0_14_2_0_1726_5385"
ri:1497-10-30_3_0_14_2_0_1789_5448,work,"RI XIV,2 n. 5448",,"KM befiehlt Bf Friedrich von Augsburg, an Hg Erich von Braunschweig keine weiteren Zahlungen zu leisten, sondern das Geld zur weiteren Verfügung durch die Schatzkammer in Innsbruck zu KMs Händen zu bewahren. Montag nach Simon und Judas tag 1497.",available,1497,,high,"dept: RI XIV; issuer: Maximilian I.; place: (Innsbruck); date: 1497-10-30; source: Regesta Imperii, Akad. der Wissenschaften und der Literatur | Mainz, CC BY 4.0; retrieved 2026-10-04; https://www.regesta-imperii.de/id/1497-10-30_3_0_14_2_0_1789_5448"
ri:1497-11-20_1_0_14_2_0_1868_5527,work,"RI XIV,2 n. 5527",,"KM befiehlt der Schatzkammer in Innsbruck, Jörg von Stadion um 50 flRh in Abschlag seiner Schuld bei seinem Wirte Rümelin in Innsbruck auszulösen. Innsprugg Monntag vor st. Katherinen tag 1497.",available,1497,,high,"dept: RI XIV; issuer: Maximilian I.; place: Innsbruck; date: 1497-11-20; source: Regesta Imperii, Akad. der Wissenschaften und der Literatur | Mainz, CC BY 4.0; retrieved 2026-10-04; https://www.regesta-imperii.de/id/1497-11-20_1_0_14_2_0_1868_5527"
ri:1497-12-09_9_0_14_2_0_1938_5598,work,"RI XIV,2 n. 5598",,"Erasmus Brascha an den Hg von Mailand: KM sagte heute morgen den Gesandten der Liga, er hoffe nach Weihnachten zum Freiburger Reichstag aufzubrechen. -- Die Türken haben in der Walachei gegen den Kg von Polen gekämpft und 8.000-10.000 Polen getötet. -- Der Tod des Prinzen (Juan) von Spanien wurde bestätigt. KM ließ in einem großen, schwarz ausgeschlagenen und feierlich beleuchteten Saal der Burg e …",available,1497,,high,"dept: RI XIV; issuer: Maximilian I.; place: Innsbruck; date: 1497-12-09; source: Regesta Imperii, Akad. der Wissenschaften und der Literatur | Mainz, CC BY 4.0; retrieved 2026-10-04; https://www.regesta-imperii.de/id/1497-12-09_9_0_14_2_0_1938_5598"
ri:1498-01-00_1_0_14_2_0_2009_5669,work,"RI XIV,2 n. 5669",,"Jahrl. schatz=kamer aus=gabenn von sernal (Journal= Geschäftstagebuch, Tagesbuchhaltung) 1497 aussgetzogen: Für die sechs Statthalter und Regenten (zu Innsbruck): Melchior (von Meckau) Bf von Brixen, Degen Fuchs von Fuchsberg, Paul von Liechtenstein, Walter von Stadion, Marquard Breisacher (über der Zeile nachgetragen; in der Zeile durchgestrichen: Thomas von Frundsberg) und Balthasar von Thun ein …",available,1498,,medium,"dept: RI XIV; issuer: Maximilian I.; place: (Innsbruck); date range: 1498-01-01 to 1498-01-31 (year = first possible); source: Regesta Imperii, Akad. der Wissenschaften und der Literatur | Mainz, CC BY 4.0; retrieved 2026-10-04; https://www.regesta-imperii.de/id/1498-01-00_1_0_14_2_0_2009_5669"
ri:1498-01-16_6_0_14_2_0_2080_5741,work,"RI XIV,2 n. 5741",,"KM (=Schatzkammer in Innsbruck) verschreibt seinem Rat Zyprian von Niederthor die auf den Pfandschillig von etlichen genannten Schlössern noch schuldigen 1.000 flRh auf das Amt Bozen und befiehlt Hans Abenstorfer, KMs Amtmann zu Bozen, dem Niederthor oder dessen Erben bis zur Bezahlung der 1.000 flRh jährlich am 11. November 50 flRh Zinsen zu bezahlen. Ynnsprug Erichtag vor st. Anthonien tag 1498.",available,1498,,high,"dept: RI XIV; issuer: Maximilian I.; place: Innsbruck; date: 1498-01-16; source: Regesta Imperii, Akad. der Wissenschaften und der Literatur | Mainz, CC BY 4.0; retrieved 2026-10-04; https://www.regesta-imperii.de/id/1498-01-16_6_0_14_2_0_2080_5741"
ri:1498-01-31_5_0_14_2_0_2156_5817,work,"RI XIV,2 n. 5817",,"Erasmus Brascha antwortet Erzkanzler Ebf (Berthold) von Mainz auf dessen Schreiben ddo 1497 Dezember 27 Freiburg, das er vor drei Tagen erhalten habe: Wie die Kfsten wüßten, sei diese Geldangelegenheit (=Zahlung von 10.000 flRh an jeden Kfsten durch Hg Ludovico für ihre Zustimmung zur Belehnung mit Mailand) KM überlassen: KM werde sicher so handeln, daß der Mainzer und die übrigen Kfsten zufrieden …",available,1498,,high,"dept: RI XIV; issuer: Maximilian I.; place: Innsbruck; date: 1498-01-31; source: Regesta Imperii, Akad. der Wissenschaften und der Literatur | Mainz, CC BY 4.0; retrieved 2026-10-04; https://www.regesta-imperii.de/id/1498-01-31_5_0_14_2_0_2156_5817"
ri:1498-02-18_1_0_14_2_0_2228_5889,work,"RI XIV,2 n. 5889",,"KM teilt der Schatzkammer in Innsbruck mit, daß er seinem Diener Hans Kelman 150 flRh Jahresprovision auf das Amt in der Capellen (Eisenkappel) verschrieben hatte, ihm nun aber die Maut zu Pettau gegen Abrechnung überträgt, weshalb die Provision darauf verschrieben werden soll; das Amt Eisenkappel übergibt KM gegen Abrechnung seinem Pfleger zu (Hoch-)Osterwitz, Ulrich von Ernau. Die Schatzkammer s …",available,1498,,high,"dept: RI XIV; issuer: Maximilian I.; place: Innsbruck; date: 1498-02-18; source: Regesta Imperii, Akad. der Wissenschaften und der Literatur | Mainz, CC BY 4.0; retrieved 2026-10-04; https://www.regesta-imperii.de/id/1498-02-18_1_0_14_2_0_2228_5889"
ri:1498-03-08_1_0_14_2_0_4861_8511,work,"RI XIV,2 n. 8511",,"KM (=Reichskanzlei) verleiht dem Berthold Nutzel und Ludwig Snod aus Nürnberg jenen Anteil zu Lehen, den ihnen Gabriel und Peter Nutzel aus Nürnberg an zwei Gütern, einer Hofstatt und einem Holz zu Watzmanßdorff, alles Reichslehen, überlassen haben. Freyburg im Bryßgew 8. Marcij 1498.",available,1498,,high,"dept: RI XIV; issuer: Österreich, Reich und Europa; place: Freiburg; date: 1498-03-08; source: Regesta Imperii, Akad. der Wissenschaften und der Literatur | Mainz, CC BY 4.0; retrieved 2026-10-04; https://www.regesta-imperii.de/id/1498-03-08_1_0_14_2_0_4861_8511"
ri:1498-03-26_3_0_14_2_0_2363_6024,work,"RI XIV,2 n. 6024",,"KM an die Freiburger Reichsversammlung: Vormals trug ihr KM auf Anbringen einer Gesandtschaft der Stadt Köln wegen des Streites zwischen der Stadt und dem Ebf von Köln auf, dem Ebf die Einstellung des Prozesses beim Papst zu befehlen, weil es sich um eine weltliche Streitsache handelt, die unmittelbar vor KM auszutragen ist, weswegen der Ebf den gütlichen oder rechtlichen Austrag vor KM und der Re …",available,1498,,high,"dept: RI XIV; issuer: Maximilian I.; place: Innsbruck; date: 1498-03-26; source: Regesta Imperii, Akad. der Wissenschaften und der Literatur | Mainz, CC BY 4.0; retrieved 2026-10-04; https://www.regesta-imperii.de/id/1498-03-26_3_0_14_2_0_2363_6024"
ri:1498-04-19_1_0_14_2_0_4915_8564,work,"RI XIV,2 n. 8564",,"KM (=Reichskanzlei) an den Propst, Dekan und das Kapitel der Kollegiatkirche in Graz: Er spricht eine erste Bitte zugunsten des Johannes de Hollpach aus. In oppido Friburgensi 19. Aprilis 1498, Rom. 12. (!) Hung. 8. (!)",available,1498,,high,"dept: RI XIV; issuer: Österreich, Reich und Europa; place: Freiburg; date: 1498-04-19; source: Regesta Imperii, Akad. der Wissenschaften und der Literatur | Mainz, CC BY 4.0; retrieved 2026-10-04; https://www.regesta-imperii.de/id/1498-04-19_1_0_14_2_0_4915_8564"
ri:1498-05-09_3_0_14_2_0_4950_8599,work,"RI XIV,2 n. 8599",,"Die Freiburger Reichsversammlung berichtet KM, daß sie befehlsgemäß die Witwe Margarethe von Plintheim und den Anwalt der Äbte von Salmansweiler und Reichenau verhört hat. Wie schon früher das Reichskammergericht, schlug auch die Reichsversammlung der Witwe die Austeilung von kgl. Exekutionsmandaten aufgrund der von ihr erlangten Urteile westfälischer Gerichte ab, weil dies in solchen Rechtsfällen …",available,1498,,high,"dept: RI XIV; issuer: Österreich, Reich und Europa; place: Freiburg; date: 1498-05-09; source: Regesta Imperii, Akad. der Wissenschaften und der Literatur | Mainz, CC BY 4.0; retrieved 2026-10-04; https://www.regesta-imperii.de/id/1498-05-09_3_0_14_2_0_4950_8599"
ri:1498-05-22_1_0_14_2_0_2552_6211,work,"RI XIV,2 n. 6211",,"Am Eritag 22. May zu Ulm wurde in der Hofkammer folgendes gehandelt: Den brieff über die am kommenden 25. Juli (1498) in Venedig dem Meister Martin Trumer, Hofschneider, zahlbaren 6.700 fl wart ducaten verkaufte dieser in Frankfurt (bei de vergangenen Fastenmesse?) dem Jörg Besserer, der bat, das Geld zu diesem Termin dem Achaz Scall zu überantworten, falls er nicht persönlich in Venedig sein soll …",available,1498,,high,"dept: RI XIV; issuer: Maximilian I.; place: Ulm; date: 1498-05-22; source: Regesta Imperii, Akad. der Wissenschaften und der Literatur | Mainz, CC BY 4.0; retrieved 2026-10-04; https://www.regesta-imperii.de/id/1498-05-22_1_0_14_2_0_2552_6211"
ri:1498-06-10_1_0_14_2_0_5022_8673,work,"RI XIV,2 n. 8673",,"(Wolfgang von) Polheim an KM: Heute erhielt er von dem von Liechtenstein (Christoph von Liechtenstein-Nikolsburg?) Briefe, die er an KM weitersendet. Hierzulande (=Österreich) sind weder Waren noch Geld vorhanden, so daß mancher unwillig und verdrossen ist. -- Man redet hier, daß KM den Hg Albrecht von Bayern zum Gubernator der niederösterreichischen Länder und Hg Friedrich von Sachsen zum Guberna …",available,1498,,high,"dept: RI XIV; issuer: Österreich, Reich und Europa; place: (Wien); date: 1498-06-10; source: Regesta Imperii, Akad. der Wissenschaften und der Literatur | Mainz, CC BY 4.0; retrieved 2026-10-04; https://www.regesta-imperii.de/id/1498-06-10_1_0_14_2_0_5022_8673"
ri:1498-06-28_2_0_14_2_0_2668_6327,work,"RI XIV,2 n. 6327",,"Matthäus Lang übermittelt Matthias Wurm, KMs Sekretär (und Taxator der Hofkanzlei), das Konzept einer Zahlungsaufforderung über 1.100 flRh an Kfst (Johann von Brandenburg) zugunsten des Sigmund von Rorbach, KMs Rat und Küchenmeisters. Nachdem Wurm das Konzept couriert hat, soll er danach einen Brief im Stil der Reichskanzlei abfassen, diesen im (Hof-)Rat besiegeln lassen und dann dem Rorbach überg …",available,1498,,high,"dept: RI XIV; issuer: Maximilian I.; place: Breisach; date: 1498-06-28; source: Regesta Imperii, Akad. der Wissenschaften und der Literatur | Mainz, CC BY 4.0; retrieved 2026-10-04; https://www.regesta-imperii.de/id/1498-06-28_2_0_14_2_0_2668_6327"
ri:1498-07-14_10_0_14_2_0_2751_6410,work,"RI XIV,2 n. 6410",,"KM (=Reichskanzlei) quittiert der Stadt Windsheim die Bezahlung der Stadtsteuer (Summe nicht genannt), die am künftigen Martinstag fällig wird. Anweisung an die Stadt Windsheim, die Stadtsteuer an Bernhard Sittich, KMs Herold Romreich, zu übergeben. Friburgi 14. Julij 1498.",available,1498,,high,"dept: RI XIV; issuer: Maximilian I.; place: Freiburg; date: 1498-07-14; source: Regesta Imperii, Akad. der Wissenschaften und der Literatur | Mainz, CC BY 4.0; retrieved 2026-10-04; https://www.regesta-imperii.de/id/1498-07-14_10_0_14_2_0_2751_6410"
ri:1498-07-23_8_0_14_2_0_2817_6475,work,"RI XIV,2 n. 6475",,"KM (=Hofkammer) befiehlt der Schatzkammer in Innsbruck, mit den Erben des kürzlich in Hall verstorbenen, sehr vermögenden Hans Pückl oder deren Vormünder wegen eines Darlehens von 2.000 flRh zu verhandeln, das, ausreichend sichergestellt, zu st Michelstag (29. September) 1499 zurückgezahlt werden soll. Über das Verhandlungsergebnis ist KM zu Händen der Hofkammer zu berichten. Freyburg im Breysgew …",available,1498,,high,"dept: RI XIV; issuer: Maximilian I.; place: Freiburg; date: 1498-07-23; source: Regesta Imperii, Akad. der Wissenschaften und der Literatur | Mainz, CC BY 4.0; retrieved 2026-10-04; https://www.regesta-imperii.de/id/1498-07-23_8_0_14_2_0_2817_6475"
ri:1498-08-09_1_0_14_2_0_2895_6553,work,"RI XIV,2 n. 6553",,"1498 Donnerstags nach vincula Petri zu Fryburg im Bryßgow beschließt die Reichsversammlung folgende Antwort auf KMs Werbung (vom 5. August) zur Türkenabwehr: Obwohl es notwendig ist, den Türken Widerstand zu leisten, meinen die Reichsstände, daß die Zeit zu kurz sei, um gemäß der (Wormser) Ordnung (1495) ein Kriegsvolk aus allen Ländern (des Reiches) aufzustellen und an die Grenzen (der Erbländer …",available,1498,,high,"dept: RI XIV; issuer: Maximilian I.; place: Freiburg; date: 1498-08-09; source: Regesta Imperii, Akad. der Wissenschaften und der Literatur | Mainz, CC BY 4.0; retrieved 2026-10-04; https://www.regesta-imperii.de/id/1498-08-09_1_0_14_2_0_2895_6553"
ri:1498-08-24_1_0_14_2_0_5110_8761,work,"RI XIV,2 n. 8761",,"Hg Albrecht von Bayern beauftragt seinen Hofmeister Wolfgang von Aheim, mit Hilfe des Kfsten Friedrich von Sachsen vom Kfsten (Berthold) von Mainz eine Kopie der Verschreibung des Mainzers gegenüber dem Schwäbischen Bund sowie des Bundes gegenüber dem Mainzer zu besorgen. Da es heißt, daß auch Kfst Friedrich dem Schwäbischen Bund beitreten werde, soll Aheim auch eine Kopie von dessen künftiger Ver …",available,1498,,high,"dept: RI XIV; issuer: Österreich, Reich und Europa; place: sine loco; date: 1498-08-24; source: Regesta Imperii, Akad. der Wissenschaften und der Literatur | Mainz, CC BY 4.0; retrieved 2026-10-04; https://www.regesta-imperii.de/id/1498-08-24_1_0_14_2_0_5110_8761"
ri:1498-09-03_9_0_14_2_0_5159_8809,work,"RI XIV,2 n. 8809",,"KM (=Hofkammer) an die Schatzkammer in Innsbruck: KMs Umreiter in Österreich teilten mit, daß sie die Schatzkammer ersuchten, 1.000 Fußknechte zu bestellen, die auf weiteren Bescheid der Umreiter sofort zur Türkenabwehr zuziehen sollen. -- KM befiehlt der Schatzkammer, 1.000 gute Knechte zu bestellen, damit diese auf Anforderung durch die Umreiter sofort in Marsch gesetzt werden können. Montag vor …",available,1498,,high,"dept: RI XIV; issuer: Österreich, Reich und Europa; place: (Freiburg); date: 1498-09-03; source: Regesta Imperii, Akad. der Wissenschaften und der Literatur | Mainz, CC BY 4.0; retrieved 2026-10-04; https://www.regesta-imperii.de/id/1498-09-03_9_0_14_2_0_5159_8809"
ri:1498-09-18_1_0_14_2_0_3049_6707,work,"RI XIV,2 n. 6707",,"Der spanische Gesandte G. Gomez de Fuensalida berichtet den span. Kgen vom Kgshof: Seit dem letzten Bericht vom 9. September zog KM von Ensisheim Richtung Burgund und kam nach Montbéliard (11. September), wo er zwei Tage auf Kriegsvolk wartete. Hernach ging er an die frz. Grenze und befahl Fuensalida und dem Mailänder Gesandten, nach Besançon zu kommen, wo er ihnen weitere Weisungen geben werde. - …",available,1498,,high,"dept: RI XIV; issuer: Maximilian I.; place: Besançon; date: 1498-09-18; source: Regesta Imperii, Akad. der Wissenschaften und der Literatur | Mainz, CC BY 4.0; retrieved 2026-10-04; https://www.regesta-imperii.de/id/1498-09-18_1_0_14_2_0_3049_6707"
ri:1498-10-25_1_0_14_2_0_5264_8914,work,"RI XIV,2 n. 8914",,"Der mailänd. Gesandte Erasmus Brascha berichtet Hg Ludovico von Mailand: Er hat erfahren, daß der Herr (Wilhelm) von Vergy mit den Franzosen Waffenstillstand bis kommenden Karneval geschlossen hat, und sich die Heere beider Seiten auflösen. Auch die in frz. Sold stehenden Schweizer ziehen nun heim und seit drei Tagen sind hier über 1.000 durchmarschiert. -- Vorgestern (23. Oktober) traf der Gesand …",available,1498,,high,"dept: RI XIV; issuer: Österreich, Reich und Europa; place: Olten; date: 1498-10-25; source: Regesta Imperii, Akad. der Wissenschaften und der Literatur | Mainz, CC BY 4.0; retrieved 2026-10-04; https://www.regesta-imperii.de/id/1498-10-25_1_0_14_2_0_5264_8914"
ri:1498-12-06_1_0_14_2_0_5315_8966,work,"RI XIV,2 n. 8966",,"KM (=Reichskanzlei) quittiert der Stadt Donauwörth die Bezahlung von 400 lbd Haller Stadtsteuer, die am St. Niklastag fällig ist. Sie soll dem Reichserbmarschall Heinrich von Pappenheim ausbezahlt werden.",available,1498,,high,"dept: RI XIV; issuer: Österreich, Reich und Europa; place: sine loco (Mainz?); date: 1498-12-06; source: Regesta Imperii, Akad. der Wissenschaften und der Literatur | Mainz, CC BY 4.0; retrieved 2026-10-04; https://www.regesta-imperii.de/id/1498-12-06_1_0_14_2_0_5315_8966"
ri:1499-01-18_2_0_14_3_2_35_12849,work,"RI XIV,3,2 n. 12849",,"Der Würzburger Domherr Peter von Aufseß hält in seinem Protokoll vom Wormser Reichstag fest: Vff Freytag darnach (=nach Montag nach Erhardi) dankte der Bf von Worms der Reichsversammlung für ihren Fleiß (im Wormser Streit). ‒ Auf Befehl KMs ersuchte die Reichsversammlung das Kloster Weißenburg, das Interdikt über den Pfgfen (Philipp) und (dessen Marschall) Hans von Trotha aufzuschieben, weil KM vo …",available,1499,,high,"dept: RI XIV; issuer: Österreich, Reich und Europa; place: Worms; date: 1499-01-18; source: Regesta Imperii, Akad. der Wissenschaften und der Literatur | Mainz, CC BY 4.0; retrieved 2026-10-04; https://www.regesta-imperii.de/id/1499-01-18_2_0_14_3_2_35_12849"
ri:1499-02-12_1_0_14_3_2_100_12913a,work,"RI XIV,3,2 n. 12913a",,"Protokoll zur Abfertigung Abt Sebolts zw Haylßprun (Heilsbronn) und Veits von Lentersheim (als Brandenburg-Ansbach-Bayreuther Gesandte) zum Kölner Reichstag, die am Dinstag nach Agathe virginis 1499 zu Onnoltzpach ausgeritten sind: Sie sollen die neben den zwei Schreiben KMs, wovon das eine an Mgfen Friedrich und das andere an Mgf Kasimir gerichtet war, zwei Beglaubigungen mithaben, wovon die eine …",available,1499,,high,"dept: RI XIV; issuer: Österreich, Reich und Europa; place: Ansbach; date: 1499-02-12; source: Regesta Imperii, Akad. der Wissenschaften und der Literatur | Mainz, CC BY 4.0; retrieved 2026-10-04; https://www.regesta-imperii.de/id/1499-02-12_1_0_14_3_2_100_12913a"
ri:1499-02-26_1_0_14_3_2_177_12989,work,"RI XIV,3,2 n. 12989",,"Bürgermeister und Rat der Stadt Speyer teilen Bürgermeister und Rat der Stadt Frankfurt mit, daß sie mit strengen Mandaten von KM und von der Röm. Kgin (Bianca Maria) zum Feldzug gegen den (Bf Heinrich) von Chur und die Eidgenossen aufgefordert wurden. Weil wohl auch Frankfurt solche (Zuzugs-)Mandate erhalten hat, bitten sie um Mitteilung, was Frankfurt diesbezüglich zu tun gedenkt. Dinstags nach …",available,1499,,high,"dept: RI XIV; issuer: Österreich, Reich und Europa; place: Speyer; date: 1499-02-26; source: Regesta Imperii, Akad. der Wissenschaften und der Literatur | Mainz, CC BY 4.0; retrieved 2026-10-04; https://www.regesta-imperii.de/id/1499-02-26_1_0_14_3_2_177_12989"
ri:1499-03-16_4_0_14_3_2_255_13062,work,"RI XIV,3,2 n. 13062",,"Paul von Liechtenstein an KM: Er hat dem Niklas von Firmian (am 13. März, Nr 13050) geschrieben, über die Vorgänge zu Nauders (der Kgin Bianca Maria und auch KM) zu berichten. Zunächst hatte man geglaubt, dort habe eine große Schlacht stattgefunden, was aber nicht der Fall war, wie KM dem beigelegten Zettel entnehmen könne. -- Liechtenstein hat verläßliche Kunde, daß die Graubündner vom Engadin au …",available,1499,,high,"dept: RI XIV; issuer: Österreich, Reich und Europa; place: Überlingen; date: 1499-03-16; source: Regesta Imperii, Akad. der Wissenschaften und der Literatur | Mainz, CC BY 4.0; retrieved 2026-10-04; https://www.regesta-imperii.de/id/1499-03-16_4_0_14_3_2_255_13062"
ri:1499-04-07_2_0_14_3_2_320_13124,work,"RI XIV,3,2 n. 13124",,"Der Schweizer Chronist V. Anshelm berichtet: Die Stadt Basel hielt sich vorsichtig zurück, obwohl sie von beiden Parteien (Schweizer und Schwäbischer Bund) mit Freundschaftsangeboten umworben wurde. Die Stadt hielt einen Mittelweg ein, gestattete beiden Parteien sicheren Eingang und Ausgang, jedoch ohne Kriegsvolk. Sie ließ auch beiden Parteien Verpflegung zukommen, gestattete aber den Fähnlein de …",available,1499,,high,"dept: RI XIV; issuer: Österreich, Reich und Europa; place: (Breisach); date: 1499-04-07; source: Regesta Imperii, Akad. der Wissenschaften und der Literatur | Mainz, CC BY 4.0; retrieved 2026-10-04; https://www.regesta-imperii.de/id/1499-04-07_2_0_14_3_2_320_13124"
ri:1499-04-24_4_0_14_3_2_375_13178,work,"RI XIV,3,2 n. 13178",,"Ausschreiben der in Überlingen versammelten Hauptleute und Räte des Schwäbischen Bundes: Als man auf KMs Anfrage hin, ob die aufgebotenen 10.000 Mann beisammen sind, zählte, ergab sich ein merklicher Mangel an Kriegsvolk. Die noch fehlenden oder die durch Schlachten und Flucht verlorenen Mann sollen unverzüglich ersetzt werden, weil der Feind an zwei Orten in KMs und des Bundes Land steht.",available,1499,,high,"dept: RI XIV; issuer: Österreich, Reich und Europa; place: Überlingen; date: 1499-04-24; source: Regesta Imperii, Akad. der Wissenschaften und der Literatur | Mainz, CC BY 4.0; retrieved 2026-10-04; https://www.regesta-imperii.de/id/1499-04-24_4_0_14_3_2_375_13178"
ri:1499-05-08_4_0_14_3_2_431_13231a,work,"RI XIV,3,2 n. 13231a",,"Kopie eines Protokolls von Gesprächen (betreffend die Hl. Liga) zwischen KM, dem Legaten (Chieregati) und den Gesandten von Neapel und Mailand unter Vermittlung des spanischen Gesandten, die an verschiedenen Tagen anfangs Mai (1499) stattfanden, =in principio Maij (1499) in diversis diebus in civitate Vlme: KM bestellte den Legaten, den Gesandten Franciscus de Montibus von Neapel und den Gesandten …",available,1499,,medium,"dept: RI XIV; issuer: Österreich, Reich und Europa; place: Ulm; date range: 1499-05-08 to 1499-05-10 (year = first possible); source: Regesta Imperii, Akad. der Wissenschaften und der Literatur | Mainz, CC BY 4.0; retrieved 2026-10-04; https://www.regesta-imperii.de/id/1499-05-08_4_0_14_3_2_431_13231a"
ri:1499-05-20_5_0_14_3_2_491_13290,work,"RI XIV,3,2 n. 13290",,"Der mailändische Gesandte Giovanni Colla berichtet Hg Ludovico von Mailand: Diese Nacht kam die Meldung, daß sich die Graubündner auf die Nachricht von einem drohenden Angriff von drei Seiten in ihrer äußersten Not gesammelt haben, um über Nauders und Landeck nach Innsbruck vorzudringen; sie hoffen, so in ihrer gesamten Stärke über die erst teilweise versammelten Kaiserlichen einen Sieg zu erringe …",available,1499,,high,"dept: RI XIV; issuer: Österreich, Reich und Europa; place: Innsbruck; date: 1499-05-20; source: Regesta Imperii, Akad. der Wissenschaften und der Literatur | Mainz, CC BY 4.0; retrieved 2026-10-04; https://www.regesta-imperii.de/id/1499-05-20_5_0_14_3_2_491_13290"
ri:1499-05-30_5_0_14_3_2_559_13357,work,"RI XIV,3,2 n. 13357",,"Statthalter Wilhelm von Rappoltstein, (Hof-)Kanzler Dr. Konrad Stürtzel und andere, (anläßlich des Landtages) jetzt in Ensisheim versammelte kgl. Räte an Abt Diebolt von Lützel (Lützel im Elsaß): Gf Heinrich von Fürstenberg, KMs Hofmarschall und oberster Feldhauptmann (der Vorlande), und andere kgl. Räte haben einen Edelmann zu KM geschickt, um 1.000 flRh für die morgen (31. Mai) fällige Besoldung …",available,1499,,high,"dept: RI XIV; issuer: Österreich, Reich und Europa; place: Ensisheim; date: 1499-05-30; source: Regesta Imperii, Akad. der Wissenschaften und der Literatur | Mainz, CC BY 4.0; retrieved 2026-10-04; https://www.regesta-imperii.de/id/1499-05-30_5_0_14_3_2_559_13357"
ri:1499-06-12_1_0_14_3_1_269_9258,work,"RI XIV,3,1 n. 9258",,"KM bekundet, daß er mit Zustimmung seiner Fsten, Herrn und Räte kraft röm.kgl. Machtvollkommenheit für die großen Verdienste und die Treue Hg Ludovicos von Mailand und des Hauses Sforza gegenüber KM und dem Reich sowie wegen der Vorzüge von dessen erstgeborenem Sohn Massimiliano die bisherige Gft Pavia zum Fstm erhoben hat und Massimiliano zum Fsten von Pavia ernennt. Alle erstgeborenen Söhne der …",available,1499,,high,"dept: RI XIV; issuer: Maximilian I.; place: Meran; date: 1499-06-12; source: Regesta Imperii, Akad. der Wissenschaften und der Literatur | Mainz, CC BY 4.0; retrieved 2026-10-04; https://www.regesta-imperii.de/id/1499-06-12_1_0_14_3_1_269_9258"
ri:1499-06-26_1_0_14_3_1_304_9293,work,"RI XIV,3,1 n. 9293",,"KM trifft zu Mittag, von Landeck über Sankt Christoph am Arlberg kommend, in Feldkirch ein.",available,1499,,high,"dept: RI XIV; issuer: Maximilian I.; place: Landeck Sankt Christoph am Arlberg Feldkirch; date: 1499-06-26; source: Regesta Imperii, Akad. der Wissenschaften und der Literatur | Mainz, CC BY 4.0; retrieved 2026-10-04; https://www.regesta-imperii.de/id/1499-06-26_1_0_14_3_1_304_9293"
ri:1499-07-09_5_0_14_3_2_738_13532,work,"RI XIV,3,2 n. 13532",,"Die eidgenössischen Gesandten berichten über ihre Verhandlungen in Frankreich betreffend Geld und Büchsen nach Hause: Sie sollten vom Kg von Frankreich 20.000 fl verfallenes Hilfsgeld und besonders die Lieferung von Geschützen einmahnen, die von Auxonne nach Genf geliefert werden sollen. -- Der Kg von Frankreich ist bereit, die Geschütze bald zu liefern; er hofft, daß die Büchsen Fritag -- Samstag …",available,1499,,high,"dept: RI XIV; issuer: Österreich, Reich und Europa; place: Lyon; date: 1499-07-09; source: Regesta Imperii, Akad. der Wissenschaften und der Literatur | Mainz, CC BY 4.0; retrieved 2026-10-04; https://www.regesta-imperii.de/id/1499-07-09_5_0_14_3_2_738_13532"
ri:1499-07-24_2_0_14_3_2_800_13592,work,"RI XIV,3,2 n. 13592",,"(Melchior) von Masmünster an den Hofmeister (der Röm. Kgin) Niklas von Firmian: Weil Masmünster, der heute von Säckingen wieder nach Waldshut gekommen ist, trotz aller Bemühungen nichts Genaues über die Schlacht bei Dorneck erfahren konnte, möge ihm der Hofmeister alles berichten, was er darüber erfährt. Wenn es so schlecht gegangen ist, wie Masmünster glaubt, müssen die (vier Wald-)Städte besser …",available,1499,,high,"dept: RI XIV; issuer: Österreich, Reich und Europa; place: Waldshut; date: 1499-07-24; source: Regesta Imperii, Akad. der Wissenschaften und der Literatur | Mainz, CC BY 4.0; retrieved 2026-10-04; https://www.regesta-imperii.de/id/1499-07-24_2_0_14_3_2_800_13592"
ri:1499-08-10_2_0_14_3_2_862_13652,work,"RI XIV,3,2 n. 13652",,"Hg Ludovico von Mailand an KM: Wie KM weiß, herrscht zwischen Gibertus und Albertus Carpi seit langem ein erbitterter Streit, den der Schwiegervater des Hgs, der Hg (Ercole d'Este) von Ferrara, bisher vergeblich zu schlichten versucht hat. Weil durch diesen Streit der Hft Carpi und ihren Bewohnern Gefahr droht, verzichtete nun Gibertus freiwillig auf seinen Anteil an Carpi und dem Ort Solera (Soli …",available,1499,,high,"dept: RI XIV; issuer: Österreich, Reich und Europa; place: Mailand; date: 1499-08-10; source: Regesta Imperii, Akad. der Wissenschaften und der Literatur | Mainz, CC BY 4.0; retrieved 2026-10-04; https://www.regesta-imperii.de/id/1499-08-10_2_0_14_3_2_862_13652"
ri:1499-08-27_4_0_14_3_2_930_13713,work,"RI XIV,3,2 n. 13713",,"KM (=Hofkanzlei) bekundet, daß er die Reichsstadt Kempten vom Kammergericht, vom Rottweiler Reichshofgericht, den Landgerichten, den Westfälischen und allen anderen Gerichten freit. In erster Instanz muß jeder sein Recht gegen Kempten vor Bürgermeister und Rat der Städte Ulm. Memmingen und Ravensburg suchen, außer dem Kläger wird dort das Recht versagt oder verzögert. Ausgenommen davon sind die Ab …",available,1499,,high,"dept: RI XIV; issuer: Österreich, Reich und Europa; place: Freiburg im Breisgau; date: 1499-08-27; source: Regesta Imperii, Akad. der Wissenschaften und der Literatur | Mainz, CC BY 4.0; retrieved 2026-10-04; https://www.regesta-imperii.de/id/1499-08-27_4_0_14_3_2_930_13713"
ri:1499-09-25_1_0_14_3_2_998_13776,work,"RI XIV,3,2 n. 13776",,"Der venez. Diarist G. Priuli berichtet in seinem Tagebuch folgendes: Man erfuhr in Venedig am 25. September, =ad 25 di Settembre 1499, daß die Schweizer und Graubündner mit KM -- zu ihrer großen Schande, =cum grande sua vergogna, -- Frieden schlossen. Dies mißfiel den Venezianern sehr, weil sie Sorge hatten, der Hg von Mailand könnte nach diesem Friedensschluß mit seinem vielen Geld KM dazu bewege …",available,1499,,high,"dept: RI XIV; issuer: Österreich, Reich und Europa; place: Venedig; date: 1499-09-25; source: Regesta Imperii, Akad. der Wissenschaften und der Literatur | Mainz, CC BY 4.0; retrieved 2026-10-04; https://www.regesta-imperii.de/id/1499-09-25_1_0_14_3_2_998_13776"
ri:1499-10-28_3_0_14_3_2_1038_13808,work,"RI XIV,3,2 n. 13808",,"Frh Wolfgang von Polheim bekundet: Weil ihm KM schuldige 5.000 flRh jetzt auf die Schlösser und Hften Kammer, Frankenburg und Kogl sowie auf die (Burg-)Vogtei zu Wels pfandweise sichergestellt hat, erklärt Polheim den alten Schuldbrief darüber für null und nichtig. Polheim siegelt. Innsprugg Montag vor Allerheiligen tag 1499. -- KV: Registrata.",available,1499,,high,"dept: RI XIV; issuer: Österreich, Reich und Europa; place: Innsbruck; date: 1499-10-28; source: Regesta Imperii, Akad. der Wissenschaften und der Literatur | Mainz, CC BY 4.0; retrieved 2026-10-04; https://www.regesta-imperii.de/id/1499-10-28_3_0_14_3_2_1038_13808"
ri:1499-11-18_4_0_14_3_2_1085_13848,work,"RI XIV,3,2 n. 13848",,"KM (=Schatzkammer in Innsbruck) an Hans Abmsdorfer, Amtmann zu Bozen: KM hat Leonhard Tenntz als seinen Zöllner an der Brücke zu Sigmundskron mit dem üblichen Sold von 40 flRh aufgenommen und ihm aufgetragen, sämtliche Zolleinnahmen vor den Augen derer, die zahlen, in eine verschlossenen Büchse zu geben und alle Quatemberzeiten zu KMs Handen zu überbringen. KM befiehlt Abmsdorfer, die Verschreibun …",available,1499,,high,"dept: RI XIV; issuer: Österreich, Reich und Europa; place: (Innsbruck); date: 1499-11-18; source: Regesta Imperii, Akad. der Wissenschaften und der Literatur | Mainz, CC BY 4.0; retrieved 2026-10-04; https://www.regesta-imperii.de/id/1499-11-18_4_0_14_3_2_1085_13848"
ri:1499-12-09_5_0_14_3_1_606_9590,work,"RI XIV,3,1 n. 9590",,"KM an die österreichische Schatzkammer zu Innsbruck: KM hat Hans Frech für treue Dienste, die er und dessen verstorbener Vater Ehg Sigmund von Österreich geleistet haben, aus Gnaden zwei von der Kriegslieferung übriggebliebene Faß Mehl, die in Imst liegen, gegeben. KM befiehlt der Schatzkammer, beim Richter von Imst, Pawlsn Stigkl, dafür zu sorgen, daß er (Hans) Frech die zwei Faß Mehl unverzüglic …",available,1499,,high,"dept: RI XIV; issuer: Maximilian I.; place: Innsbruck; date: 1499-12-09; source: Regesta Imperii, Akad. der Wissenschaften und der Literatur | Mainz, CC BY 4.0; retrieved 2026-10-04; https://www.regesta-imperii.de/id/1499-12-09_5_0_14_3_1_606_9590"
ri:1500-01-02_2_0_14_3_2_1138_13896,work,"RI XIV,3,2 n. 13896",,"KM (=Raitkammer zu Innsbruck) an Heinrich Butsch, Hubmeister zu Feldkirch: Er soll Ulrich von Rambswag, Pfleger zu Gutenberg, für 100 flRh Proviant und Speisung gegen Raitung und in Abschlag seiner Schuldforderungen überantworten, damit dieser, der Mangel daran hat, gut nach Schloß Gutenberg gelangt. Ynnsprugg Phintztag nach dem Newen Jarstag 1500.",available,1500,,high,"dept: RI XIV; issuer: Österreich, Reich und Europa; place: Innsbruck; date: 1500-01-02; source: Regesta Imperii, Akad. der Wissenschaften und der Literatur | Mainz, CC BY 4.0; retrieved 2026-10-04; https://www.regesta-imperii.de/id/1500-01-02_2_0_14_3_2_1138_13896"
ri:1500-01-21_2_0_14_3_1_750_9729,work,"RI XIV,3,1 n. 9729",,"KM befiehlt Jörg Enndorffer, Silberbrenner zu Schwaz, dem Verweser des (Tiroler) Kammermeisteramtes zu Innsbruck, Ulrich Möringer, unverzüglich die 193 flRh 2 kr Remanenz zu bezahlen, die Enndorffer bei der letzten Abrechnung (für das Jahr 1499) schuldig wurde. Insprugg st. Agnesen tag 1500.",available,1500,,high,"dept: RI XIV; issuer: Maximilian I.; place: Innsbruck; date: 1500-01-21; source: Regesta Imperii, Akad. der Wissenschaften und der Literatur | Mainz, CC BY 4.0; retrieved 2026-10-04; https://www.regesta-imperii.de/id/1500-01-21_2_0_14_3_1_750_9729"
ri:1500-02-02_1_0_14_3_1_827_9805,work,"RI XIV,3,1 n. 9805",,"KM an Mgf Francesco Gonzaga von Mantua: KM hat den Briefen des Mgfen entnommen, daß dieser an den Geierfalken interessiert ist, (die er ihm für die Jagd geliehen hat); er soll sie rechtzeitig zurückschicken und wird dafür neue erhalten. Ex Inspruck 2. Februarij 1500, Rom. 14. HZ: P.r.p.s. LANNG ss.",available,1500,,high,"dept: RI XIV; issuer: Maximilian I.; place: Innsbruck; date: 1500-02-02; source: Regesta Imperii, Akad. der Wissenschaften und der Literatur | Mainz, CC BY 4.0; retrieved 2026-10-04; https://www.regesta-imperii.de/id/1500-02-02_1_0_14_3_1_827_9805"
ri:1500-02-15_6_0_14_3_2_1198_13951,work,"RI XIV,3,2 n. 13951",,"Der venez. Diarist G. Priuli berichtet in seinem Tagebuch folgendes: Adì 15 detto (Febbraio 1500) erfuhr man in Venedig, daß die Franzosen gegen Mailand vorrückten, denn Hg Ludovico hatte weder Kriegsvolk noch Geld. -- Hg Ludovico weilte in Pavia und konnte dort seine Söldner kaum bezahlen. Das Volk von Mailand fühlte sich von Hg Ludovico betrogen, weil er angab, aus Deutschland zahlreiches Kriegs …",available,1500,,high,"dept: RI XIV; issuer: Österreich, Reich und Europa; place: Venedig; date: 1500-02-15; source: Regesta Imperii, Akad. der Wissenschaften und der Literatur | Mainz, CC BY 4.0; retrieved 2026-10-04; https://www.regesta-imperii.de/id/1500-02-15_6_0_14_3_2_1198_13951"
ri:1500-02-26_3_0_14_3_2_1214_13967,work,"RI XIV,3,2 n. 13967",,"Der venez. Sekretär Sanuto erfährt a dì 26 Fevrer 1500 vom venez. Sekretär Francesco de la Zuecha aus Ungarn u.a.: Man erwartet in Ungarn venez. Gesandte. -- Gesandte KMs und Mailands sind aus mehreren Gründen hier in Ungarn: erstens wollen sie ein Konzil gegen den Papst zustande bringen; außerdem soll die Tochter KMs (Ehgin Margarethe), Witwe nach Prinz (Juan) von Spanien, den Kg von Ungarn heira …",available,1500,,high,"dept: RI XIV; issuer: Österreich, Reich und Europa; place: Venedig; date: 1500-02-26; source: Regesta Imperii, Akad. der Wissenschaften und der Literatur | Mainz, CC BY 4.0; retrieved 2026-10-04; https://www.regesta-imperii.de/id/1500-02-26_3_0_14_3_2_1214_13967"
ri:1500-03-17_8_0_14_3_1_1034_10009,work,"RI XIV,3,1 n. 10009",,"KM übergibt Phantaleon Legeller die Burg von Cilli, so wie diese vormals Wolfgang Schelchs innehatte, bis auf Widerruf zur Verwaltung. Augspurg 17.Marty 1500.",available,1500,,high,"dept: RI XIV; issuer: Maximilian I.; place: Augsburg; date: 1500-03-17; source: Regesta Imperii, Akad. der Wissenschaften und der Literatur | Mainz, CC BY 4.0; retrieved 2026-10-04; https://www.regesta-imperii.de/id/1500-03-17_8_0_14_3_1_1034_10009"
ri:1500-04-07_3_0_14_3_1_1091_10067,work,"RI XIV,3,1 n. 10067",,"KM an die Raiträte in Österreich: KM übersendet ihnen hiemit eine Supplikation des Lasla Prager, Erbmarschall in Karaten und Hptm zu Wiener Neustadt, betreffend seine ausständige Burghut für die Hauptmannschaft. KM befiehlt ihnen, Prager für die Bezahlung seines Ausstandes eine sichere Verweisung auszustellen. Augspurg 7. Apprillis 1500.",available,1500,,high,"dept: RI XIV; issuer: Maximilian I.; place: Augsburg; date: 1500-04-07; source: Regesta Imperii, Akad. der Wissenschaften und der Literatur | Mainz, CC BY 4.0; retrieved 2026-10-04; https://www.regesta-imperii.de/id/1500-04-07_3_0_14_3_1_1091_10067"
ri:1500-04-20_1_0_14_3_2_1308_14058,work,"RI XIV,3,2 n. 14058",,"Deichsler, Nürnberger Chronik, berichtet: Item am andern Ostertag wurde zwischen den Nürnbergern und Cuntz Schotten, (Christoph) von Gich und ihren Anhängern Frieden geschlossen. Die Bfe Heinrich von Bamberg und Lorenz von Würzburg hatten gebeten, man solle Frieden machen. Keine der Parteien wird künftig etwas gegen die andere unternehmen. Die Ächtung des Schott wird aufgehoben, und der Preis, der …",available,1500,,high,"dept: RI XIV; issuer: Österreich, Reich und Europa; place: Nürnberg; date: 1500-04-20; source: Regesta Imperii, Akad. der Wissenschaften und der Literatur | Mainz, CC BY 4.0; retrieved 2026-10-04; https://www.regesta-imperii.de/id/1500-04-20_1_0_14_3_2_1308_14058"
ri:1500-05-02_3_0_14_3_1_1212_10188,work,"RI XIV,3,1 n. 10188",,"Die Reichsstände an Kg Ludwig XII. von Frankreich: Die Stände sind von KM zur Beratung des Widerstandes gegen die Türken in die Stadt Augsburg berufen worden. Während darüber verhandelt worden ist, hat der Kg von Frankreich KM als Ehg von Österreich wegen einiger zwischen ihnen entstandener Uneinigkeiten in dessen Erbländern den Krieg erklärt. Die Stände haben beschlossen, deshalb an den Kg von Fr …",available,1500,,high,"dept: RI XIV; issuer: Maximilian I.; place: Augsburg; date: 1500-05-02; source: Regesta Imperii, Akad. der Wissenschaften und der Literatur | Mainz, CC BY 4.0; retrieved 2026-10-04; https://www.regesta-imperii.de/id/1500-05-02_3_0_14_3_1_1212_10188"
ri:1500-05-15_3_0_14_3_2_1368_14117,work,"RI XIV,3,2 n. 14117",,"KM an Konrad Griesstetter, Bergrichter zu Gossensaß: Auf seinen Bericht, daß er sechs andere Geschworene für die Bergwerke seiner Verwesung laut KMs Befehl aufgenommen und diese den Statthaltern der Raitkammer zu Innsbruck namentlich genannt hat, befiehlt KM, daß er künftig bis auf KMs Widerruf jedem Geschworenen alle Jahre ein Kleid für 5 flRh oder das Geld als Sold geben und dies alles aus dem A …",available,1500,,high,"dept: RI XIV; issuer: Österreich, Reich und Europa; place: Innsbruck; date: 1500-05-15; source: Regesta Imperii, Akad. der Wissenschaften und der Literatur | Mainz, CC BY 4.0; retrieved 2026-10-04; https://www.regesta-imperii.de/id/1500-05-15_3_0_14_3_2_1368_14117"
ri:1500-05-31_1_0_14_3_2_1407_14155,work,"RI XIV,3,2 n. 14155",,"Ulrich Möringer, Verweser des Kammermeisteramts, schickt den Boten Klaus Kesler nach Telfs (Postleitstelle) mit einem Brief an die Hofkammer: sie möge von Hg Georg (von Bayern) Zollfreiheit für eine Schiffsladung Futter, für 45 dreyling (Wein?) und für 100 Ochsen erlangen. Botenlohn 2 lb Berner. Abgefertigt 31. Maij 1500 umb 9 ur vor mittag.",available,1500,,high,"dept: RI XIV; issuer: Österreich, Reich und Europa; place: Innsbruck; date: 1500-05-31; source: Regesta Imperii, Akad. der Wissenschaften und der Literatur | Mainz, CC BY 4.0; retrieved 2026-10-04; https://www.regesta-imperii.de/id/1500-05-31_1_0_14_3_2_1407_14155"
ri:1500-06-12_4_0_14_3_2_1447_14188b,work,"RI XIV,3,2 n. 14188b",,"KM (=Raitkammer zu Innsbruck) an Sixt Trautson, Hptm des Viertels im Ober- und Unterinntal: Da bei der Musterung, die er nach KMs Befehl vorgenommen hat, viele Leute vorgefunden wurden, die nicht wehrhaft (gerüstet) sind, hat KM dem obersten Hauszeugmeister zu Innsbruck, Bartholomäus Freysleben befohlen, diesen Leuten Spieße, Büchsen und Hellebarden zu bestellen und um einen geziemenden Preis zu v …",available,1500,,high,"dept: RI XIV; issuer: Österreich, Reich und Europa; place: Innsbruck; date: 1500-06-12; source: Regesta Imperii, Akad. der Wissenschaften und der Literatur | Mainz, CC BY 4.0; retrieved 2026-10-04; https://www.regesta-imperii.de/id/1500-06-12_4_0_14_3_2_1447_14188b"
ri:1500-06-25_2_0_14_3_1_1452_10426,work,"RI XIV,3,1 n. 10426",,"KM überträgt Zyprian von Serntein, seinem Protonotar und Verweser der Hofkanzlei, vogtweise Schloß Magdberg (Mägdeberg?) und das Dorf Mühlhausen mit allem Zubehör. Serntein löst die genannte Verwesung gegen Bezahlung von 1.500 flRh, die er von KMs Türhüter Kaspar Hunntpiss geliehen hat, vom dortigen Vogt, Hans Jakob von Bodmen d.J. ab, setzt Hunntpiss zu seinem Vogt ein und versichert ihn für die …",available,1500,,high,"dept: RI XIV; issuer: Maximilian I.; place: Augsburg; date: 1500-06-25; source: Regesta Imperii, Akad. der Wissenschaften und der Literatur | Mainz, CC BY 4.0; retrieved 2026-10-04; https://www.regesta-imperii.de/id/1500-06-25_2_0_14_3_1_1452_10426"
ri:1500-07-07_1_0_14_3_2_1513_14251,work,"RI XIV,3,2 n. 14251",,"Hartmann von Stockheim, Meister des Deutschen Ordens in deutschen und welschen Landen, bekundet für sich und seine Nachfolger den Beitritt zu der vom Augsburger Reichstag beschlossenen Regiments- und Hilfsordnung (Nr 10445). Hartmann von Stockheim siegelt. Dinstag nach Unnser Lieben Frawen tag Vißitacionis 1500.",available,1500,,high,"dept: RI XIV; issuer: Österreich, Reich und Europa; place: sine loco; date: 1500-07-07; source: Regesta Imperii, Akad. der Wissenschaften und der Literatur | Mainz, CC BY 4.0; retrieved 2026-10-04; https://www.regesta-imperii.de/id/1500-07-07_1_0_14_3_2_1513_14251"
ri:1500-07-17_5_0_14_3_1_1565_10538,work,"RI XIV,3,1 n. 10538",,"KM an die Raitkammer zu Innsbruck: KM hat Peter Protheyssn zum Zeugwart in Lindau aufgenommen mit einem Jahressold von 32 flRh aus den Einkünften der Schmelzhütten zu Innsbruck und Müllein (Mühlau). KM befiehlt der Raitkammer, die notwendigen Urkunden auszustellen und bei Hans Frundt, Hutschreiber, und seinen Nachfolgern für die Bezahlung zu sorgen. Augspurg Freitag nach st. Margretn tag 1500. (La …",available,1500,,high,"dept: RI XIV; issuer: Maximilian I.; place: Augsburg; date: 1500-07-17; source: Regesta Imperii, Akad. der Wissenschaften und der Literatur | Mainz, CC BY 4.0; retrieved 2026-10-04; https://www.regesta-imperii.de/id/1500-07-17_5_0_14_3_1_1565_10538"
ri:1500-07-29_5_0_14_3_1_1635_10608,work,"RI XIV,3,1 n. 10608",,"KM befiehlt Lienhard Rumisch Gegenschreiber bei der Maut zu Stein, sein Amt an Walter Hausner abzutreten und zur Verwesung zu überlassen. Augspurg 29. July 1500.",available,1500,,high,"dept: RI XIV; issuer: Maximilian I.; place: Augsburg; date: 1500-07-29; source: Regesta Imperii, Akad. der Wissenschaften und der Literatur | Mainz, CC BY 4.0; retrieved 2026-10-04; https://www.regesta-imperii.de/id/1500-07-29_5_0_14_3_1_1635_10608"
ri:1500-08-09_1_0_14_3_1_1703_10675,work,"RI XIV,3,1 n. 10675",,"KM weist laut Eintragung in die Hofkammerbuchhaltung am Sonntag den 9. Augusty zu Augspurg Peter Pernecker mit seiner Schuldforderung an die Raitkammer zu Innsbruck, die ihn zufriedenstellen soll, sofern seine Ansprüche zu Recht bestehen. Siegmund von Asch, Sohn Hg Sigmunds von Österreich, werden durch die Raitkammer zu Innsbruck für seine Studien in Senis (Siena?) 60 flRh verordnet. KM befiehlt J …",available,1500,,high,"dept: RI XIV; issuer: Maximilian I.; place: Augsburg; date: 1500-08-09; source: Regesta Imperii, Akad. der Wissenschaften und der Literatur | Mainz, CC BY 4.0; retrieved 2026-10-04; https://www.regesta-imperii.de/id/1500-08-09_1_0_14_3_1_1703_10675"
ri:1500-08-20_7_0_14_3_1_1774_10746,work,"RI XIV,3,1 n. 10746",,"KM weist u.a. laut Eintragung in die Hofkammerbuchhaltung am Phintztag den 20. Augusti zu Augspurg Reinhart von Newhausen und Wolfgang von Liechtenstain zur völligen Bezahlung ihrer Ansprüche und Dienste, als diese bei wld Ehg Sigmund zu Österreich im frawenzimmer Knaben gewesen sind, laut eines übergebenen Auszuges, den sie von der Kammer zu Innsbruck haben, je 40 flRh aus der Hofkammer an. Hg He …",available,1500,,high,"dept: RI XIV; issuer: Maximilian I.; place: Augsburg; date: 1500-08-20; source: Regesta Imperii, Akad. der Wissenschaften und der Literatur | Mainz, CC BY 4.0; retrieved 2026-10-04; https://www.regesta-imperii.de/id/1500-08-20_7_0_14_3_1_1774_10746"
ri:1500-08-30_1_0_14_3_1_1853_10825,work,"RI XIV,3,1 n. 10825",,"KM (=Hofkammer) bekundet: Veit von Thurn, oberstem Schenk der Röm. Kgin, und seinen Brüdern sind in vergangenen Jahren durch Kriegsläufe die zwei Herrschaften Laron und Persetz (Lovrana und Bersec / Istrien) mit allem Zubehör verloren gegangen. Die genannten Herrschaften wurden durch Kr Friedrich III. wieder zurückerobert und befinden sich nun in den Händen KMs. Um Veit von Thurn und seine Brüder …",available,1500,,high,"dept: RI XIV; issuer: Maximilian I.; place: Augsburg; date: 1500-08-30; source: Regesta Imperii, Akad. der Wissenschaften und der Literatur | Mainz, CC BY 4.0; retrieved 2026-10-04; https://www.regesta-imperii.de/id/1500-08-30_1_0_14_3_1_1853_10825"
ri:1500-09-12_2_0_14_3_2_1682_14417,work,"RI XIV,3,2 n. 14417",,"KM (=Reichskanzlei) gewährt seinem Rat Georg Gossembrot zu Hohenfreiberg und seinen Erben für das Schloß Hohenfreiberg, soweit es mit seinem Vorhof und dem Baumgarten auf den dazugehörigen Berg reicht, krl. und kgl. Freiung für alle Personen, die sich dahin flüchten und keine Mörder sind, wohl aber eine Gerichtsverhandlung zu scheuen haben. Die Herrn von Hohenfreiberg sollen diesen Personen nicht …",available,1500,,high,"dept: RI XIV; issuer: Österreich, Reich und Europa; place: Augsburg; date: 1500-09-12; source: Regesta Imperii, Akad. der Wissenschaften und der Literatur | Mainz, CC BY 4.0; retrieved 2026-10-04; https://www.regesta-imperii.de/id/1500-09-12_2_0_14_3_2_1682_14417"
ri:1500-09-24_4_0_14_3_1_1962_10931,work,"RI XIV,3,1 n. 10931",,"KM befiehlt laut Eintragung in die Hofkammerbuchhaltung am Donrstag den 24. Septembris zu Ynnsprug dem Sigmund Schnaitpeck, den Priester Sixten (Scharfenecker?) bis auf weiteren Befehl, wie sich gebührt, mit Lieferung zu unterhalten und ihm anzuzeigen, wie er in KMs Dienste zu Wien aufgenommen werden könne. Den Räten zu Görz wird befohlen, KM auf das Schreiben bezüglich der Hauptmannschaft zu Görz …",available,1500,,high,"dept: RI XIV; issuer: Maximilian I.; place: Innsbruck; date: 1500-09-24; source: Regesta Imperii, Akad. der Wissenschaften und der Literatur | Mainz, CC BY 4.0; retrieved 2026-10-04; https://www.regesta-imperii.de/id/1500-09-24_4_0_14_3_1_1962_10931"
ri:1500-09-30_2_0_14_3_1_2041_11010,work,"RI XIV,3,1 n. 11010",,"KM weist u.a. laut Eintragung in die Hofkammerbuchhaltung am Mitwoch den 30. Septembris zu Ynnsprug Hans Apazeller, Büchsenmeister, in Abschlag seines Dienstgeldes 25 flRh aus der Hofkammer an. 21 Trabanten erhalten auf ihr Liefergeld je 2 flRh. Karl Trapp erhält zur Auslösung und Zehrung in Abschlag seines Liefergeldes 20 flRh. Jörg Teyschl, Falkner, erhält zur Bezahlung seines Liefergeldes und z …",available,1500,,high,"dept: RI XIV; issuer: Maximilian I.; place: Innsbruck; date: 1500-09-30; source: Regesta Imperii, Akad. der Wissenschaften und der Literatur | Mainz, CC BY 4.0; retrieved 2026-10-04; https://www.regesta-imperii.de/id/1500-09-30_2_0_14_3_1_2041_11010"
ri:1500-10-10_6_0_14_3_1_2093_11061,work,"RI XIV,3,1 n. 11061",,"KM an Hans Ainich: KM hat seinem Rat Bartholomäus von Welsberg den Selwalt in Telfanner (Telfes im Stubai / Tirol?) Obrigkeit als Lehen zur Nutzung und (Wild-)Hege überlassen. KM befiehlt Ainich, dem Welsberg diesen Wald zu übergeben und bis auf Widerruf nutzen zu lassen. Benötigt KM den Wald für seinen eigenen Bedarf oder den seiner Bergwerke, so hat er jederzeit das Recht, ihn wieder zurückzuneh …",available,1500,,high,"dept: RI XIV; issuer: Maximilian I.; place: Donauwörth; date: 1500-10-10; source: Regesta Imperii, Akad. der Wissenschaften und der Literatur | Mainz, CC BY 4.0; retrieved 2026-10-04; https://www.regesta-imperii.de/id/1500-10-10_6_0_14_3_1_2093_11061"
ri:1500-10-26_2_0_14_3_1_2145_11113,work,"RI XIV,3,1 n. 11113",,"KM weist u.a. laut Eintragung in die Hofkammerbuchhaltung am Monntag den 26. Octobris zu Nurnberg Doktor Johann Prancko als Zehrung in Abschlag seines Liefergeldes 20 flRh aus der Hofkammer an. Johannes Eckhart, appotecker zu Augsburg, erhält zur Bezahlung etlicher Arzneien, die KM von ihm bezogen hat, 5 flRh.",available,1500,,high,"dept: RI XIV; issuer: Maximilian I.; place: Nürnberg; date: 1500-10-26; source: Regesta Imperii, Akad. der Wissenschaften und der Literatur | Mainz, CC BY 4.0; retrieved 2026-10-04; https://www.regesta-imperii.de/id/1500-10-26_2_0_14_3_1_2145_11113"
ri:1500-11-08_2_0_14_3_2_1841_14575,work,"RI XIV,3,2 n. 14575",,"Der venez. Sekretär Sanuto erfährt vom venez. Gesandten aus Rom a dì 8 fin a dì 9 Novembre 1500 u.a.: Der Gesandte war am 9. November beim Papst, der ihm sagte, er wisse, daß Ferrara, Florenz und Mantua ein Bündnis mit KM suchen, um ihn nach Italien zu ziehen. -- Als der Gesandte auf das Gerücht hinwies, daß die Signorie ein Bündnis mit KM und mit Neapel gegen die Türken anstrebe, antwortete der P …",available,1500,,medium,"dept: RI XIV; issuer: Österreich, Reich und Europa; place: Rom; date range: 1500-11-08 to 1500-11-09 (year = first possible); source: Regesta Imperii, Akad. der Wissenschaften und der Literatur | Mainz, CC BY 4.0; retrieved 2026-10-04; https://www.regesta-imperii.de/id/1500-11-08_2_0_14_3_2_1841_14575"
ri:1500-11-22_2_0_14_3_2_1894_14628,work,"RI XIV,3,2 n. 14628",,"Der venez. Sekretär Sanuto erfährt von den venez. Gesandten aus Frankreich date a Tors a dì 22 Novembrio 1500: Die venez. Gesandten wurden vom Kg von Frankreich in einer sehr vertraulichen Audienz empfangen, denn Venezianer und Franzosen seien ein und dieselbe Sache, =per esser una cossa medema, Venitiani con Francesi. -- Anschließend wurde in einem Saal ein Sitz für den Kg vorbereitet, auf einer …",available,1500,,high,"dept: RI XIV; issuer: Österreich, Reich und Europa; place: Tours; date: 1500-11-22; source: Regesta Imperii, Akad. der Wissenschaften und der Literatur | Mainz, CC BY 4.0; retrieved 2026-10-04; https://www.regesta-imperii.de/id/1500-11-22_2_0_14_3_2_1894_14628"
ri:1500-12-06_2_0_14_3_2_1952_14685,work,"RI XIV,3,2 n. 14685",,"Simon von Hungersbach an KM: Zu Lebzeiten des Gfen (Leonhard) von Görz sind KM viele Klagen über unbillige Belastungen und den Mangel an Recht zugegangen. Man hat jedoch gehofft, KM werde als regierender Fst die unrechten Belastungen abstellen; er habe auch einen guten Anfang gemacht und auf Bitten des Hungersbach Kommissare für die Wiederherstellung des Rechtes bestellt. Daraufhin haben viele vom …",available,1500,,high,"dept: RI XIV; issuer: Österreich, Reich und Europa; place: Laibach; date: 1500-12-06; source: Regesta Imperii, Akad. der Wissenschaften und der Literatur | Mainz, CC BY 4.0; retrieved 2026-10-04; https://www.regesta-imperii.de/id/1500-12-06_2_0_14_3_2_1952_14685"
ri:1500-12-22_1_0_14_3_2_2005_14738,work,"RI XIV,3,2 n. 14738",,"Das Reichsregiment in Nürnberg an die 18 Kfsten und Fsten: Das Reichsregiment lädt gemäß Regimentsordnung (Nr 10445) die 18 Kfsten und Fsten auf den 17. Februar, =Mitwochen nach st. Valentins tag, nach Nürnberg. Sie sollen dort in schwierigen Angelegenheiten des Reiches beraten und beschließen. Keiner darf ausbleiben oder sich verspäten. Dies sind sie KM, dem Reich und der Augsburger Ordnung (Nr 1 …",available,1500,,high,"dept: RI XIV; issuer: Österreich, Reich und Europa; place: Nürnberg; date: 1500-12-22; source: Regesta Imperii, Akad. der Wissenschaften und der Literatur | Mainz, CC BY 4.0; retrieved 2026-10-04; https://www.regesta-imperii.de/id/1500-12-22_1_0_14_3_2_2005_14738"
ri:1500-12-31_9_0_14_3_1_2351_11319,work,"RI XIV,3,1 n. 11319",,"Margarethe, Tochter des wld Sigmund Rewtbalder, Bürgers zu Enns, sendet KM einige Erbstücke samt Zubehör auf, Lehen des Hauses Österreich, mit der Bitte, dieselben an ihrer Statt als Lehen ihrem Ehemann Cholman Winnter zu übertragen. Es siegeln Christoph Kherswerger, derzeit Stadtrichter zu Enns, und Georg Kirichhaimer, Stadtschreiber und Bürger zu Enns. Enns st. Silverstertag 1501 (=1500).",available,1500,,high,"dept: RI XIV; issuer: Maximilian I.; place: Enns; date: 1500-12-31; source: Regesta Imperii, Akad. der Wissenschaften und der Literatur | Mainz, CC BY 4.0; retrieved 2026-10-04; https://www.regesta-imperii.de/id/1500-12-31_9_0_14_3_1_2351_11319"
ri:a01b5513-b8ac-4168-957b-09e18914d432,work,[RI XIII] H. 34 n. 262,,K.F. befiehlt desgleichen der Stadt Rann (Rayn).,available,1479,,high,"dept: RI XIII; issuer: Friedrich III.; place: Graz; date: 1479-03-09; source: Regesta Imperii, Akad. der Wissenschaften und der Literatur | Mainz, CC BY 4.0; retrieved 2026-10-04; https://www.regesta-imperii.de/id/a01b5513-b8ac-4168-957b-09e18914d432"
ri:a05377f4-620b-4d39-a5d3-d2db8e8255b7,work,"RI III,2,3 n. 849",,"Heinrich verläßt mit seiner Gemahlin, der Königin Bertha, seinem Sohn Konrad (III.) und kleinem Gefolge Speyer mit dem Ziel Burgund, während die oberdeutschen Herzöge die Alpenpässe sperren lassen.",available,1076,,medium,"dept: RI III; issuer: Heinrich IV.; place: Speyer; date range: 1076-12-10 to 1076-12-20 (year = first possible); source: Regesta Imperii, Akad. der Wissenschaften und der Literatur | Mainz, CC BY 4.0; retrieved 2026-10-04; https://www.regesta-imperii.de/id/a05377f4-620b-4d39-a5d3-d2db8e8255b7"
ri:a10daa5a-e874-4305-a145-e4f88eec8ccd,work,"RI I,3,4 n. 2861",,"Eine Versammlung von Bischöfen, unter ihnen die führenden Erzbischöfe des ehemaligen Regnum Provinciae, und weltlichen Großen, (darunter der Dux Richard [von Autun]), wählt Ludwig (den Blinden), den Sohn des Königs Boso, (im Beisein seiner Mutter, der Königin Irmingard), zum König und beschließt seine Königssalbung.",available,890,,medium,"dept: RI I; issuer: Vorgeschichte und Regierung Ludwigs des Blinden (887/890-928); place: Valence; date range: 0890-10-01 to 0890-11-30 (year = first possible); source: Regesta Imperii, Akad. der Wissenschaften und der Literatur | Mainz, CC BY 4.0; retrieved 2026-10-04; https://www.regesta-imperii.de/id/a10daa5a-e874-4305-a145-e4f88eec8ccd"
ri:a12add70-ee1c-497e-85ba-74fd8cd5a4ee,work,"RI IV,4,4,3 n. 1179",,"Urban III. bittet Erzbischof (Gonzalo) von Toledo, seinem Notar, dem Magister M. (magister M., notarius noster), ein Kanonikat zu übertragen.",available,1185,,medium,"dept: RI IV; issuer: Urban III.; date range: 1185-01-01 to 1187-12-31 (year = first possible); source: Regesta Imperii, Akad. der Wissenschaften und der Literatur | Mainz, CC BY 4.0; retrieved 2026-10-04; https://www.regesta-imperii.de/id/a12add70-ee1c-497e-85ba-74fd8cd5a4ee"
ri:a1b02527-57eb-4e9f-b010-6a169c097828,work,[RI VII] H. 11 n. 93,,Kg. Ludwig belehnt Burggraf Friedrich IV. von Nürnberg mit der Stadt Hof1.,available,1323,,high,"dept: RI VII; issuer: Ludwig der Bayer; place: München; date: 1323-09-27; source: Regesta Imperii, Akad. der Wissenschaften und der Literatur | Mainz, CC BY 4.0; retrieved 2026-10-04; https://www.regesta-imperii.de/id/a1b02527-57eb-4e9f-b010-6a169c097828"
ri:a28cb404-433c-4cfa-af22-a122ec72db03,work,"RI IV,4,4,3 n. 368",,"Urban III. gewährt dem Abt und Konvent von St-Benoît-sur-Loire (abbati et conventui Floriacensi) (D. Orléans) auf deren Bitten die freie Sepultur auf dem Friedhof in Châteauneuf-sur-Loire (apud Castrum Novum), der ihnen von seinem Vorgänger Lucius (III.) übertragen wurde, vorbehaltlich der Rechte der Kirchen, aus denen jene stammen, die die Sepultur auf diesem Friedhof gewählt haben.",available,1185,,high,"dept: RI IV; issuer: Urban III.; place: Verona; date: 1185-12-15; source: Regesta Imperii, Akad. der Wissenschaften und der Literatur | Mainz, CC BY 4.0; retrieved 2026-10-04; https://www.regesta-imperii.de/id/a28cb404-433c-4cfa-af22-a122ec72db03"
ri:a2adfefc-c9ed-416f-b5c0-f7fa4b427e89,work,[RI XIII] H. 33 n. 167,,"K.F. gebietet allen Fürsten, Gff. etc. und Reichsuntertanen, das auf Klage Hz. Wilhelms (I.) d.Ä. von Braunschweig-Lüneburg (-Calenberg) und dessen Bruders Hz. Heinrich (II.) von Braunschweig-Lüneburg (-Wolfenbüttel) ergangene Achturteil seines Kammergerichts1 gegen Bürgermeister und Rat der Stadt Lüneburg zu vollziehen und die Hzz. auf Ersuchen bei der Exekution zu unterstützen.",available,1463,,high,"dept: RI XIII; issuer: Friedrich III.; place: Wiener Neustadt; date: 1463-06-03; source: Regesta Imperii, Akad. der Wissenschaften und der Literatur | Mainz, CC BY 4.0; retrieved 2026-10-04; https://www.regesta-imperii.de/id/a2adfefc-c9ed-416f-b5c0-f7fa4b427e89"
ri:a2f95531-3378-45d9-9827-7ede76e9b723,work,"RI I,3,4 n. 2733",,"Als der schwer erkrankte Ludwig (der Stammler) seinen Tod nahen fühlt, schickt er seine königlichen Insignien mit der Krone und dem Schwert durch Bischof Odo von Beauvais und den Grafen Albuin an seinen Sohn Ludwig (III.) und läßt den Begleitern seines Sohnes, (darunter Boso von Vienne), auftragen, Ludwig zum König zu weihen und zu krönen (mandans illis, qui cum eo erant, ut eum in regem sacrari a …",available,879,,high,"dept: RI I; issuer: Westfränkische Vorherrschaft - Aufstieg Bosos von Vienne (869-879); place: Compiègne; date: 0879-04-01; source: Regesta Imperii, Akad. der Wissenschaften und der Literatur | Mainz, CC BY 4.0; retrieved 2026-10-04; https://www.regesta-imperii.de/id/a2f95531-3378-45d9-9827-7ede76e9b723"
ri:a3be5b64-30c7-49d9-8cbd-448fc9fce16e,work,"RI VI,4,2 n. 313",,"König Heinrich gestattet Priorin und Konvent der Magdalenen in Frankfurt [am Main], aus den ihnen benachbarten Reichswäldern (de nostris et imperii nemoribus) soviel Brennholz für ihren täglichen Bedarf entgegenzunehmen, wie sich mit einem Pferd transportieren läßt, und verbietet allen Förstern dieser Wälder, von den Magdalenen oder deren Boten etwas für den Abtransport des Holzes zu fordern oder …",available,1309,,high,"dept: RI VI; issuer: Heinrich VII.; place: Frankfurt [am Main]; date: 1309-09-29; source: Regesta Imperii, Akad. der Wissenschaften und der Literatur | Mainz, CC BY 4.0; retrieved 2026-10-04; https://www.regesta-imperii.de/id/a3be5b64-30c7-49d9-8cbd-448fc9fce16e"
ri:a433cab4-1681-4922-bc7f-74aed60b5761,work,"RI IV,4,4,6 n. 2773",,Cölestin III. beauftragt die Äbte Robert von St-Pierre-de-la-Couture (in Le Mans) und Peter von Beaulieu-lès-le-Mans sowie Domkantor Peter von Le Mans (Robertus et Petrus ... de Cultura et de Bello Loco abbates et Petrus Cenomanensis ecclesie precentor) mit der Untersuchung und Entscheidung des Streits zwischen den Mönchen von St-Vincent in Le Mans und denen von Perseigne (D. Le Mans) (inter monac …,available,1195,,medium,"dept: RI IV; issuer: Cölestin III.; date range: 1195-01-01 to 1198-12-31 (year = first possible); source: Regesta Imperii, Akad. der Wissenschaften und der Literatur | Mainz, CC BY 4.0; retrieved 2026-10-04; https://www.regesta-imperii.de/id/a433cab4-1681-4922-bc7f-74aed60b5761"
ri:a465e314-0eee-4d15-b7f2-a6da71d11c6a,work,[RI VII] H. 10 n. 418,,"Ks. Ludwig belehnt den festen Mann Heinrich von Dürrwangen1, seinen Landvogt [in Franken], mit einem Weinzehnt in Berpachusen, der ihm von dem Huendelin ledig wurde und von der Herrschaft Lauda2 zu Lehen geht, unabhängig von der Zugehörigkeit des Zinses zu den ksl. Urbarsgütern.",available,1344,,high,"dept: RI VII; issuer: Ludwig der Bayer; place: Straubing; date: 1344-02-16; source: Regesta Imperii, Akad. der Wissenschaften und der Literatur | Mainz, CC BY 4.0; retrieved 2026-10-04; https://www.regesta-imperii.de/id/a465e314-0eee-4d15-b7f2-a6da71d11c6a"
ri:a4acb7b4-9616-4f18-87de-a1df527da78d,work,"RI I,4,2 n. 554",,"Der auf Bitten der Bewohner der Emilia nach Ravenna gereiste Papst Nikolaus (I.) restituiert den Bewohnern von Ravenna, der Emilia und der Pentapolis die von Erzbischof Johannes (VII.) von Ravenna und dessen Bruder (Dux) Gregor (von Ravenna) entfremdeten Besitzungen und bestätigt sie per Dekret.",available,861,,medium,"dept: RI I; issuer: Nikolaus I.; place: Ravenna; date range: 0861-10-01 to 0861-10-10 (year = first possible); source: Regesta Imperii, Akad. der Wissenschaften und der Literatur | Mainz, CC BY 4.0; retrieved 2026-10-04; https://www.regesta-imperii.de/id/a4acb7b4-9616-4f18-87de-a1df527da78d"
ri:a531852d-f2a3-41bc-8e10-49e42706453e,work,"RI III,2,3 n. 857",,"Heinrich wird durch Papst Gregor VII. empfangen und nach weiteren Bußbezeugungen vom Bann losgesprochen, empfängt in einer vom Papst zelebrierten Messe zusammen mit weiteren Absolvierten die Eucharistie und läßt durch Eideshelfer beschwören, bezüglich der Zwietracht innerhalb des Reiches während eines von Papst Gregor VII. gesetzten Zeitraums nach dessen Richterspruch Gerechtigkeit walten zu lasse …",available,1077,,high,"dept: RI III; issuer: Heinrich IV.; place: Canossa; date: 1077-01-28; source: Regesta Imperii, Akad. der Wissenschaften und der Literatur | Mainz, CC BY 4.0; retrieved 2026-10-04; https://www.regesta-imperii.de/id/a531852d-f2a3-41bc-8e10-49e42706453e"
ri:a557f794-62a8-453a-82fb-6ec90983bb5a,work,[RI XIII] H. 32 n. 170,,K.F. desgleichen an Bf. Johann (III.) von Würzburg.,available,1459,,high,"dept: RI XIII; issuer: Friedrich III.; place: [Wien]1; date: 1459-06-04; source: Regesta Imperii, Akad. der Wissenschaften und der Literatur | Mainz, CC BY 4.0; retrieved 2026-10-04; https://www.regesta-imperii.de/id/a557f794-62a8-453a-82fb-6ec90983bb5a"
ri:a587e828-482c-4fcf-a8e6-a313c89c35db,work,"RI III,2,3 n. 811",,"Heinrich feiert das Pfingstfest. Die angekündigte Versammlung, welche ohne Beteiligung der oberdeutschen Herzöge stattfindet, kommt zu keinem Beschluß, woraufhin eine neue Versammlung für den 29. Juni (Peter und Paul) nach Mainz einberufen wird.",available,1076,,high,"dept: RI III; issuer: Heinrich IV.; place: Worms; date: 1076-05-15; source: Regesta Imperii, Akad. der Wissenschaften und der Literatur | Mainz, CC BY 4.0; retrieved 2026-10-04; https://www.regesta-imperii.de/id/a587e828-482c-4fcf-a8e6-a313c89c35db"
ri:a5e82ba9-8fdb-4059-90da-a7c333207e0a,work,"RI IV,4,4,3 n. 693",,"Urban III. beauftragt die Äbte von Sobrado (Erzd. Compostela), Melón (D. Tui) und San Esteban Ribas de Sil (D. Orense/Ourense) (de Superado, de Melon et sancti Stephani de Rippa abbatibus) mit der Untersuchung und Beilegung der Klage des Bischofs (Alfons) von Ourense/Orense (Auriensis episcopus) gegen den Abt und Konvent von Montederramo (D. Orense/Ourense) (abbas et monachi de Monte Ramo) um die …",available,1186,,high,"dept: RI IV; issuer: Urban III.; place: Verona; date: 1186-04-09; source: Regesta Imperii, Akad. der Wissenschaften und der Literatur | Mainz, CC BY 4.0; retrieved 2026-10-04; https://www.regesta-imperii.de/id/a5e82ba9-8fdb-4059-90da-a7c333207e0a"
ri:a66ac236-d78f-49e2-a683-bfabc771f3eb,work,"RI I,4,2 n. 509",,"Kaiser Michael (III.) von Byzanz (Michahel, filius Theophili imperatoris, Constantinopolitanae urbis imperator) entsendet den Erzbischof Method (von Gangra), Bischof Samuel (von Chonai), die abgesetzten Bischöfe Zacharias (von Taormina) und Theophilus (von Amorion) sowie den Spathar Arsaber mit Geschenken (und den Briefen von Michael [n. 510] und Photios [n. 511] zu Papst Nikolaus I.) nach Rom.",available,860,,medium,"dept: RI I; issuer: Nikolaus I.; date range: 0860-03-01 to 0860-04-30 (year = first possible); source: Regesta Imperii, Akad. der Wissenschaften und der Literatur | Mainz, CC BY 4.0; retrieved 2026-10-04; https://www.regesta-imperii.de/id/a66ac236-d78f-49e2-a683-bfabc771f3eb"
ri:a6b3ed71-5dab-41a8-9643-e2a1b84905d8,work,[RI VII] H. 13 n. 650,,Ks. Ludwig nimmt die Gräfin Euphemia von Görz in seinen Schutz und bestätigt ihr ihre Güter.,available,1342,,high,"dept: RI VII; issuer: Ludwig der Bayer; place: Meran; date: 1342-02-17; source: Regesta Imperii, Akad. der Wissenschaften und der Literatur | Mainz, CC BY 4.0; retrieved 2026-10-04; https://www.regesta-imperii.de/id/a6b3ed71-5dab-41a8-9643-e2a1b84905d8"
ri:a77f1f26-22df-4065-81f9-e271e98c03e1,work,"RI IV,4,4,5 n. 778",,"Cölestin III. erinnert Bischof Richard von Huesca (Ricardo Oscensi episcopo) an die Bemühungen der Kirche von Lleida (Lérida) (ecclesia Hylerdensis), ihr Recht an der Kirche von Barbastro (super Barbastensi ecclesia) zu erlangen; der Papst befiehlt dem Bischof, sich mit Bischof (Gombald) von Lleida (Lérida) (Ylerdensi episcopo) über diese Kirche einvernehmlich zu verständigen, andernfalls er der K …",available,1193,,high,"dept: RI IV; issuer: Cölestin III.; place: Rom, Lateran; date: 1193-04-27; source: Regesta Imperii, Akad. der Wissenschaften und der Literatur | Mainz, CC BY 4.0; retrieved 2026-10-04; https://www.regesta-imperii.de/id/a77f1f26-22df-4065-81f9-e271e98c03e1"
ri:a7db1df0-469d-4340-a2a0-da866112c191,work,[RI XIII] H. 32 n. 869,,K.F. verkündet allen Reichsuntertanen einen vierjährigen allgemeinen Landfrieden im Reich.,available,1471,,high,"dept: RI XIII; issuer: Friedrich III.; place: Regensburg; date: 1471-07-24; source: Regesta Imperii, Akad. der Wissenschaften und der Literatur | Mainz, CC BY 4.0; retrieved 2026-10-04; https://www.regesta-imperii.de/id/a7db1df0-469d-4340-a2a0-da866112c191"
ri:a81142d2-9099-4fb9-8985-a3fb8f9a0de6,work,"RI I,4,2 n. 960",,"(Papst Hadrian II.) hält eine Ansprache mit zahlreichen (pseudoisidorischen) Zitaten früherer Väter und Päpste über die Stellung des apostolischen Stuhles, weist die Wünsche Lothars (II.) zu seiner (Ehe-)Angelegenheit mit Königin Theutberga, die sich vor kurzem (olim) an den römischen Stuhl gewandt hatte (n. 905), zurück, ermahnt Kaiser (Ludwig II.) und bekräftigt in der Angelegenheit des (ehemali …",available,869,,medium,"dept: RI I; issuer: Hadrian II.; place: (Montecassino oder Rom); date range: 0869-07-01 to 0869-07-10 (year = first possible); source: Regesta Imperii, Akad. der Wissenschaften und der Literatur | Mainz, CC BY 4.0; retrieved 2026-10-04; https://www.regesta-imperii.de/id/a81142d2-9099-4fb9-8985-a3fb8f9a0de6"
ri:a8cee746-7940-4eb8-a3cc-19e8cea833ce,work,"RI IV,4,4,6 n. 1510",,"Cölestin III. gewährt Prior Johannes von S. Cruz in Coimbra (Iohanni priori sancte Crucis Colimbriensis) das Recht, seine Parochiane zu exkommunizieren und nach erfolgter Genugtuung zu absolvieren, sofern die Schwere ihres Vergehens es nicht erfordert, sie zur Absolution an den Apostolischen Stuhl zu senden, und gestattet, Rompilgern und Kämpfern gegen die Heiden das Kreuz anzuheften und die feier …",available,1195,,high,"dept: RI IV; issuer: Cölestin III.; place: Rom, Lateran; date: 1195-07-22; source: Regesta Imperii, Akad. der Wissenschaften und der Literatur | Mainz, CC BY 4.0; retrieved 2026-10-04; https://www.regesta-imperii.de/id/a8cee746-7940-4eb8-a3cc-19e8cea833ce"
ri:a943cdf3-0e22-4918-941c-a534b909e5b0,work,[RI VII] H. 11 n. 406,,"Ks. Ludwig erklärt, dass sich auf der einen Seite sein [Schwieger]sohn und Fürst Markgraf Friedrich [II.] von Meißen und auf der anderen Seite die Grafen Heinrich [V.] von Hohnstein-Sondershausen1, Günther [IX.] von Schwarzburg[-Blankenburg]-Arnstadt2, Günther [X.] von Schwarzburg-Schwarzburg und dessen Bruder Heinrich [VIII.]3 wegen ihrer Auseinandersetzungen auf ihn [als Schiedsmann] verpflichte …",available,1338,,high,"dept: RI VII; issuer: Ludwig der Bayer; place: Frankfurt [a. Main]; date: 1338-05-17; source: Regesta Imperii, Akad. der Wissenschaften und der Literatur | Mainz, CC BY 4.0; retrieved 2026-10-04; https://www.regesta-imperii.de/id/a943cdf3-0e22-4918-941c-a534b909e5b0"
ri:a9e5c094-3081-49bc-9730-1deb3b82ad1a,work,"RI I,4,1 n. 271",,Papst Leo (III.) schenkt der Basilika S. Paolo (fuori le mura in Rom) (in basilica doctoris mundi beati Pauli apostoli) eine reich verzierte Decke für den Hauptaltar sowie zwei vergoldete Bilder der Apostel.,available,805,,medium,"dept: RI I; issuer: Leo III.; date range: 0805-01-09 to 0806-10-31 (year = first possible); source: Regesta Imperii, Akad. der Wissenschaften und der Literatur | Mainz, CC BY 4.0; retrieved 2026-10-04; https://www.regesta-imperii.de/id/a9e5c094-3081-49bc-9730-1deb3b82ad1a"
ri:aa2ea157-5f5f-4ac3-a675-78dae82de8cd,work,[RI XIII] H. 32 n. 1013,,"K.F. bekennt, dass sich Kg. Wladislaw (II.) von Böhmen aufgrund eines gewaltbrief(es) seines Gesandten Benesch von Weitenmühl innerhalb von drei bis vier Wochen nach der Rückkehr Beneschs mit 3.000 bis 4.000 Mann zu Ross und zu Fuß nach Österreich begeben wolle und auf mittvasst(en) (1477 März 16) in aigner person zu erscheinen, um ihm (K.F.) gegen unns(er) widerwertig(en) landlewt zu Hilfe zu kom …",available,1476,,high,"dept: RI XIII; issuer: Friedrich III.; place: Wiener Neustadt; date: 1476-12-05; source: Regesta Imperii, Akad. der Wissenschaften und der Literatur | Mainz, CC BY 4.0; retrieved 2026-10-04; https://www.regesta-imperii.de/id/aa2ea157-5f5f-4ac3-a675-78dae82de8cd"
ri:aa587a24-bbbb-4077-b4d8-8257e279cd7f,work,"RI IV,4,4,4 n. 355",,"Clemens III. teilt Abt A(storgius) und den Brüdern (von St-Victor) in Marseille (A. abbati et fratribus Massiliensis) mit, daß der Abt mit einigen der Mönche des Kapitels beim Papst erschienen sei und die Mönche mancherlei gegen eine früher zustandegekommene Vereinbarung zwischen ihnen und dem Abt vorgebracht hätten; in der Folge hätten sie sich in Gegenwart des Papstes eidlich auf neue Festsetzun …",available,1188,,high,"dept: RI IV; issuer: Clemens III.; place: Rom, Lateran; date: 1188-06-25; source: Regesta Imperii, Akad. der Wissenschaften und der Literatur | Mainz, CC BY 4.0; retrieved 2026-10-04; https://www.regesta-imperii.de/id/aa587a24-bbbb-4077-b4d8-8257e279cd7f"
ri:aafde89c-7f9b-4cbc-8b29-449fa89befaa,work,"RI III,2,3 n. 986",,Heinrich unternimmt einen Zug gegen die Anhänger Rudolfs nach Schwaben.,available,1079,,medium,"dept: RI III; issuer: Heinrich IV.; place: Schwaben; date range: 1079-10-01 to 1079-12-31 (year = first possible); source: Regesta Imperii, Akad. der Wissenschaften und der Literatur | Mainz, CC BY 4.0; retrieved 2026-10-04; https://www.regesta-imperii.de/id/aafde89c-7f9b-4cbc-8b29-449fa89befaa"
ri:abbf2c36-bd5f-4012-9a73-abe7e839485b,work,"RI I,4,2 n. 824",,Papst Nikolaus (I.) beklagt gegenüber dem der Konstantinopolitaner Kirche unterstehenden Episkopat und Klerus von Konstantinopel (reverentissimis et sanctissimis confratribus nostris archiepiscopis metropolitanis et episcopis Constantinopolitanae sedi subiacentibus atque universo venerabili clero Constantinopolitanorum ecclesiae) deren partielles Abfallen von Ignatios und die unrechtmäßige Erhebun …,available,866,,high,"dept: RI I; issuer: Nikolaus I.; date: 0866-11-13; source: Regesta Imperii, Akad. der Wissenschaften und der Literatur | Mainz, CC BY 4.0; retrieved 2026-10-04; https://www.regesta-imperii.de/id/abbf2c36-bd5f-4012-9a73-abe7e839485b"
ri:abd62a0d-05ae-482f-9cd1-b32aeacfcb8f,work,"RI IV,4,4,3 n. 672",,"Urban III. setzt mit dem Rat seiner Brüder, der Kardinäle, fest, daß in Verona (in urbe Veronensi) in der Kathedrale (in hac ecclesia) sowie in allen Kirchen des Königreichs Frankreich (universis totius regni Francie ecclesiis) am 19. September (13 kal. oct.) abends und morgens die Glocken geläutet werden sollen, um das Anniversar König Ludwigs (VII.) von Frankreich (Ludovici ... quondam illustris …",available,1187,,high,"dept: RI IV; issuer: Urban III.; date: 1187-03-29; source: Regesta Imperii, Akad. der Wissenschaften und der Literatur | Mainz, CC BY 4.0; retrieved 2026-10-04; https://www.regesta-imperii.de/id/abd62a0d-05ae-482f-9cd1-b32aeacfcb8f"
ri:abea912f-580f-4803-9ce5-dcf4c1b43a2e,work,[RI VII] H. 10 n. 277,,"Ks. Ludwig (1) bestätigt Euphemia (Offmeyen) Weigel1 und ihren Erben alle Rechte und Gewohnheiten, die sie und ihre Leute wegen der Veste Eschenau und des darunterliegenden Dorfes von alters her auf den Forst zu Nürnberg haben, (2) verleiht dem dortigen Markt, den er ihr und ihren Erben übertragen hat2, alle bisherigen Rechte und Gewohnheiten von Veste und Dorf Eschenau und (3) untersagt, sie dari …",available,1334,,high,"dept: RI VII; issuer: Ludwig der Bayer; place: Nürnberg; date: 1334-02-12; source: Regesta Imperii, Akad. der Wissenschaften und der Literatur | Mainz, CC BY 4.0; retrieved 2026-10-04; https://www.regesta-imperii.de/id/abea912f-580f-4803-9ce5-dcf4c1b43a2e"
ri:acb25a7b-c374-436e-a235-e7de5d91d1ab,work,[RI XIII] H. 35 n. 194,,"K.F. überträgt Konrad Auer Ungeld, Nutzen, Renten, Weingärten, Bergrecht, Zehnten, Zinse und Dienste zu Perchtoldsdorf mit allem Zubehör bestandsweise ab St. Philipp und Jakob 1482 (Mai 1) für ein Jahr gegen Zahlung von 250 Pfd. Pf. guter landläufiger Münze.",available,1480,,medium,"dept: RI XIII; issuer: Friedrich III.; place: [–]; date range: 1480-01-01 to 1482-04-29 (year = first possible); source: Regesta Imperii, Akad. der Wissenschaften und der Literatur | Mainz, CC BY 4.0; retrieved 2026-10-04; https://www.regesta-imperii.de/id/acb25a7b-c374-436e-a235-e7de5d91d1ab"
ri:ad6ae531-0564-4392-8b7e-b2c99b7e84f0,work,"RI IV,3,2 n. N85",,König Heinrich wird von seinem Vater gegenüber den Anschuldigungen Papst Urbans III. verteidigt.,available,1186,,medium,"dept: RI IV; issuer: Heinrich VI.; date range: 1186-09-01 to 1186-12-15 (year = first possible); source: Regesta Imperii, Akad. der Wissenschaften und der Literatur | Mainz, CC BY 4.0; retrieved 2026-10-04; https://www.regesta-imperii.de/id/ad6ae531-0564-4392-8b7e-b2c99b7e84f0"
ri:adb551e4-97e6-42bb-838c-8b0ab47870ec,work,"RI I,4,2 n. 511",,"Patriarch Photios von Konstantinopel (Φώτιος ἐπίσκοπος Κωνσταντινουπόλεως, νέας Ῥώμης) erläutert Papst Nikolaus (I.) (Τῷ τὰ πάντα ἁγιωτάτῳ ... Νικολάῳ πάπᾳ τῆς πρεσβυτέρας Ῥώμης) weitschweifig, daß er sich nie nach priesterlichen Würden gesehnt oder sich hierzu gedrängt habe; er berichtet über die Niederlegung der Patriarchenwürde seines Vorgängers (Ignatios) und über seine eigene Erhebung, kündig …",available,860,,medium,"dept: RI I; issuer: Nikolaus I.; date range: 0860-03-01 to 0860-04-30 (year = first possible); source: Regesta Imperii, Akad. der Wissenschaften und der Literatur | Mainz, CC BY 4.0; retrieved 2026-10-04; https://www.regesta-imperii.de/id/adb551e4-97e6-42bb-838c-8b0ab47870ec"
ri:ae4322af-cf8a-4c4e-b974-b8ae571ba9e3,work,"RI VI,4,2 n. 407",,"Bei König Heinrichs Eintreffen in Augsburg werden dort Freudenfeste gefeiert. Danach entscheidet der König mehrere Fälle, die mit Adligen der Umgebung anhängig sind, und stellt bei der Friedenswahrung besonders auf Städte und sicheren Warenverkehr ab (super civitatibus precipue et mercatibus, ut pacifice transirent, [...] intendebat). Deshalb läßt er solche Adlige, die den Königsfrieden in jener G …",available,1310,,high,"dept: RI VI; issuer: Heinrich VII.; place: Augsburg; date: 1310-04-02; source: Regesta Imperii, Akad. der Wissenschaften und der Literatur | Mainz, CC BY 4.0; retrieved 2026-10-04; https://www.regesta-imperii.de/id/ae4322af-cf8a-4c4e-b974-b8ae571ba9e3"
ri:ae8ea019-329d-4fd4-9529-750acd8d209d,work,[RI VII] H. 13 n. 486,,"Ks. Ludwig erlaubt dem festen Mann Rudolf [I.] von Sachsenhausen1, das Korn aus Eigengütern nach Belieben in die Reichsstadt Frankfurt [a. Main] hinein und aus ihr herauszuführen und ohne Erlaubnis der Bürger zu verkaufen, und befiehlt dem Rat und der Bürgergemeinde von Frankfurt, ihn darin nicht zu beeinträchtigen.2",available,1336,,high,"dept: RI VII; issuer: Ludwig der Bayer; place: Heidelberg; date: 1336-06-01; source: Regesta Imperii, Akad. der Wissenschaften und der Literatur | Mainz, CC BY 4.0; retrieved 2026-10-04; https://www.regesta-imperii.de/id/ae8ea019-329d-4fd4-9529-750acd8d209d"
ri:af09792b-33e5-4692-a53f-72e0e702b954,work,"RI IV,4,4,3 n. 1440",,(Gregor VIII.) beauftragt Erzbischof T(heoderich) und Domkantor F(riedrich) von Besançon (T. archiepiscopo et F. cantore Bisuntin.) sowie Bischof L(ambert) von St-Jean-de-Maurienne (L. Maurien. episcopus) mit der Untersuchung und Beilegung des Streits zwischen dem Abt und den Brüdern von Hautcrêt (abbati et fratribus de Altocrest) (D. Lausanne) und dem Stift St-Maurice (domum Agaunensem) (D. Sitte …,available,1187,,medium,"dept: RI IV; issuer: Gregor VIII.; date range: 1187-01-01 to 1187-12-31 (year = first possible); source: Regesta Imperii, Akad. der Wissenschaften und der Literatur | Mainz, CC BY 4.0; retrieved 2026-10-04; https://www.regesta-imperii.de/id/af09792b-33e5-4692-a53f-72e0e702b954"
ri:af2cb383-3d46-4c53-9f8b-c120e9b55146,work,[RI XIII] H. 34 n. 110,,"K.F. befiehlt allen Hauptleuten, Landmarschällen, Adeligen, Städten und Märkten, Amtleuten, Rottmeistern, Dienstleuten und allen anderen Untertanen seiner Erbländer, den ewigen cristenliche(n) Frieden1 zwischen ihm und Kg. Matthias von Ungarn und Böhmen, seinem Sohn, sowie ihren Ländern, Leuten und Untertanen, der am phintztag vor sannd Thomas tag des heyligen zwelifboten nagstverganngen (1477 Dez …",available,1478,,high,"dept: RI XIII; issuer: Friedrich III.; place: Graz; date: 1478-01-09; source: Regesta Imperii, Akad. der Wissenschaften und der Literatur | Mainz, CC BY 4.0; retrieved 2026-10-04; https://www.regesta-imperii.de/id/af2cb383-3d46-4c53-9f8b-c120e9b55146"
ri:afa6d3f8-e450-40e3-b92d-290a0861092d,work,"RI I,3,4 n. 2554",,"Lothar (II.) restituiert (restituendo conferimus atque confirmando concedimus) der Kirche Saint-Pierre vor den Mauern von Vienne (ecclesiam ... extra muros ... in honore b. Petri apostolorum principis reliquiorumque ... apostolorum), die dem (Erz-) Bistum Vienne unter Erzbischof Ado untersteht (quae pertinere dinoscitur ad episcopatum Viennensem ...) und unter der Leitung des Presbyters Mediolanus …",available,863,,high,"dept: RI I; issuer: Niederburgund unter Lothar II. und Kaiser Ludwig II. von Italien (863-869); place: Mantaille; date: 0863-04-30; source: Regesta Imperii, Akad. der Wissenschaften und der Literatur | Mainz, CC BY 4.0; retrieved 2026-10-04; https://www.regesta-imperii.de/id/afa6d3f8-e450-40e3-b92d-290a0861092d"
ri:b0531ef1-01f7-44b1-b554-50b88ff37048,work,"RI IV,4,4,5 n. 1061",,"Cölestin III. nimmt Abt Strambus und die Brüder des Klosters San Lorenzo al Lanzo (Badia Ardenghesca) (Strambo abbati monasterii sancti Laurentii iuxta fluvium quod Anso dicitur situm eiusque fratribus) (D. Grosseto) wie Eugen (III.), Hadrian (IV.), Alexander (III.) und Lucius (III.) mit ihrem Kloster, das im besonderen Recht des hl. Petrus steht, auf deren Bitten in den päpstlichen Schutz, bestät …",available,1194,,high,"dept: RI IV; issuer: Cölestin III.; place: Rom, Lateran; date: 1194-04-17; source: Regesta Imperii, Akad. der Wissenschaften und der Literatur | Mainz, CC BY 4.0; retrieved 2026-10-04; https://www.regesta-imperii.de/id/b0531ef1-01f7-44b1-b554-50b88ff37048"
ri:b0ae87a7-8433-4fe8-8ef6-1210bbb7380e,work,"RI III,2,3 n. 1551",,"Heinrich bestätigt dem Kloster Fulda auf Bitten Abt Widerads den königlichen Schutz für seine Besitzungen und Rechte, die Immunität, die Erhebung des Zehnten von dessen Gütern sowie das Recht freier Abtswahl. – Fälschung Eberhards von Fulda unter Benutzung des DH.III. 380.",available,1086,,medium,"dept: RI III; issuer: Heinrich IV.; place: ‒; date range: 1086-01-01 to 1106-12-31 (year = first possible); source: Regesta Imperii, Akad. der Wissenschaften und der Literatur | Mainz, CC BY 4.0; retrieved 2026-10-04; https://www.regesta-imperii.de/id/b0ae87a7-8433-4fe8-8ef6-1210bbb7380e"
ri:b14df72b-9588-4df6-9684-04d05b69b9a6,work,[RI VII] H. 10 n. 207,,"Ks. Ludwig bestätigt dem festen Mann Marschall Rudolf [III.] von Pappenheim1 und dessen Erben für von ihm und seinen Vorfahren geleistete sowie künftige Reichsdienste das Recht, in Pappenheim Juden, seine Kammerknechte, zu haben und halten, so wie er es gemäß der vom Ks. darüber ausgestellten Briefe2 bisher handhabt.3",available,1330,,high,"dept: RI VII; issuer: Ludwig der Bayer; place: Speyer; date: 1330-06-22; source: Regesta Imperii, Akad. der Wissenschaften und der Literatur | Mainz, CC BY 4.0; retrieved 2026-10-04; https://www.regesta-imperii.de/id/b14df72b-9588-4df6-9684-04d05b69b9a6"
ri:b1a48e08-81eb-461a-8afa-501fee91b5ca,work,"RI IV,4,4,6 n. 2797",,Cölestin III. beauftragt Bischof S(effrid) und Domkantor L(udwig) von Chichester sowie Prior G(uido) von Southwick (D. Winchester) (S. ... Cicestrensis episcopus et L. precentor Cicestrensis et G. prior de Suwika) mit der Untersuchung und Beilegung des Streits zwischen dem Prior und den Mönchen von Sele (D. Chichester) und den Johannitern (inter priorem et monachos de Sela et fratres Jerosolimitan …,available,1196,,medium,"dept: RI IV; issuer: Cölestin III.; date range: 1196-01-01 to 1198-12-31 (year = first possible); source: Regesta Imperii, Akad. der Wissenschaften und der Literatur | Mainz, CC BY 4.0; retrieved 2026-10-04; https://www.regesta-imperii.de/id/b1a48e08-81eb-461a-8afa-501fee91b5ca"
ri:b1ec45ab-383c-4294-b3a7-bcabf345630a,work,"RI I,4,1 n. 645",,"Papst Gregor (IV.) wird von Kaiser Ludwig (dem Frommen) zu dessen Söhnen zurückgeschickt, um durch seine Vermittlung einen Friedensschluss zwischen ihnen und ihrem Vater zu erwirken (Remissus autem ab imperatore ad filios, ut pacem mutuam necteret ...).",available,833,,medium,"dept: RI I; issuer: Gregor IV.; place: (Colmar, Rotfeld); date range: 0833-06-24 to 0833-06-30 (year = first possible); source: Regesta Imperii, Akad. der Wissenschaften und der Literatur | Mainz, CC BY 4.0; retrieved 2026-10-04; https://www.regesta-imperii.de/id/b1ec45ab-383c-4294-b3a7-bcabf345630a"
ri:b31001f9-399b-4c4e-a6f3-cad0b137bc0f,work,[RI XIII] H. 31 n. 341,,"K.F. erläutert aus ksl. Machtvollkommenheit und rechtem wißen in krafft dis briefs das den Brüdern des Deutschen Ordens von seinen Vorgängern als römischen Kaisern und Kgg. erteilte und von ihm als K. bestätigte Asylrecht für Straftäter in den Häusern dieses Ordens.1 Er folgt damit einer Beschwerde von Bürgermeistern und Rat der Stadt Nürnberg, der zufolge sich auf vertröstung solcher Befreiung in …",available,1480,,high,"dept: RI XIII; issuer: Friedrich III.; place: Wien; date: 1480-12-04; source: Regesta Imperii, Akad. der Wissenschaften und der Literatur | Mainz, CC BY 4.0; retrieved 2026-10-04; https://www.regesta-imperii.de/id/b31001f9-399b-4c4e-a6f3-cad0b137bc0f"
ri:b351834d-c707-4854-a08e-55bb923c27ee,work,"RI IV,4,4,3 n. 1238",,Urban III. bestätigt dem Domdekan und den Domkanonikern von Roskilde (decano et canonicis Roskildensibus) ihre Privilegien und die Zugehörigkeit der Insel Rügen (Roiana insula) zur Diözese Roskilde.,available,1185,,medium,"dept: RI IV; issuer: Urban III.; date range: 1185-01-01 to 1187-12-31 (year = first possible); source: Regesta Imperii, Akad. der Wissenschaften und der Literatur | Mainz, CC BY 4.0; retrieved 2026-10-04; https://www.regesta-imperii.de/id/b351834d-c707-4854-a08e-55bb923c27ee"
ri:b3b0ad8c-88d8-49ab-9a44-9018f241a922,work,"RI I,3,4 n. 2963",,"Der Notar Ubold schreibt die Leiheurkunde des Erzbischofs Alexander von Vienne (Alexander s. Viennensis ecclesie humilis episcopus) zugunsten des Presbyters Alcherius, der auf Bitten des Hugo comes et marchio (Hugos von Vienne) die Kirche Sancti Quintini im Gau von Vienne in der Villa Comnaco (auch: Coinnaco) zu Lebzeiten zu genannten Bedingungen erhält. – Ego in Christi nomine Uboldus notarius ha …",available,922,,high,"dept: RI I; issuer: Vorgeschichte und Regierung Ludwigs des Blinden (887/890-928); place: (Vienne); date: 0922-07-23; source: Regesta Imperii, Akad. der Wissenschaften und der Literatur | Mainz, CC BY 4.0; retrieved 2026-10-04; https://www.regesta-imperii.de/id/b3b0ad8c-88d8-49ab-9a44-9018f241a922"
ri:b3c4ee46-7985-465e-bca7-93d0d07d2e64,work,[RI VII] H. 10 n. 343,,"Ks. Ludwig verleiht seinem Landvogt in Franken, Heinrich von Dürrwangen2, Häuser und Hofreiten, die früher die Rolenderin besessen hat.",available,1338,,high,"dept: RI VII; issuer: Ludwig der Bayer; date: 1338-06-07; source: Regesta Imperii, Akad. der Wissenschaften und der Literatur | Mainz, CC BY 4.0; retrieved 2026-10-04; https://www.regesta-imperii.de/id/b3c4ee46-7985-465e-bca7-93d0d07d2e64"
ri:b4facac9-3fa6-4ba8-ad3d-10f39c5d6711,work,"RI IV,4,4,3 n. 1257",,Urban III. beauftragt Abt (Wilhelm) von Cîteaux (D. Chalon-sur-Saône) und (Abt Peter von) Clairvaux (D. Langres) (Cisterciensi abbati et Clarevallensi) mit der Untersuchung des Streits zwischen den Kanonikern und den Konversen in Grandmont (D. Limoges).,available,1186,,medium,"dept: RI IV; issuer: Urban III.; date range: 1186-01-01 to 1187-12-31 (year = first possible); source: Regesta Imperii, Akad. der Wissenschaften und der Literatur | Mainz, CC BY 4.0; retrieved 2026-10-04; https://www.regesta-imperii.de/id/b4facac9-3fa6-4ba8-ad3d-10f39c5d6711"
ri:b5601900-e8d9-4fa6-a490-83f4dd4a05cc,work,"RI III,2,3 n. H8",,Hermann wird bei einer erneuten Wahl in seinem Königsamt bestätigt.,available,1081,,medium,"dept: RI III; issuer: Hermann von Salm; place: Eisleben; date range: 1081-10-20 to 1081-10-31 (year = first possible); source: Regesta Imperii, Akad. der Wissenschaften und der Literatur | Mainz, CC BY 4.0; retrieved 2026-10-04; https://www.regesta-imperii.de/id/b5601900-e8d9-4fa6-a490-83f4dd4a05cc"
ri:b5a3cdf3-5aef-4fd5-af96-454f8b8ab859,work,"RI I,4,2 n. 863",,"Papst Nikolaus (I.) teilt dem Episkopat im Reich Ludwigs (des Deutschen) (archiepiscopis et episcopis in regno Hludowici gloriosi regis) sein Bedauern über dessen Parteinahme für die gebannten (Erzbischöfe) Thietgaud (von Trier) und Gunther (von Köln) mit, bemängelt die Untätigkeit der Bischöfe in der Angelegenheit Waldradas und Ingiltruds, der Gemahlin des (italischen Grafen) Boso, und schildert …",available,867,,high,"dept: RI I; issuer: Nikolaus I.; date: 0867-10-31; source: Regesta Imperii, Akad. der Wissenschaften und der Literatur | Mainz, CC BY 4.0; retrieved 2026-10-04; https://www.regesta-imperii.de/id/b5a3cdf3-5aef-4fd5-af96-454f8b8ab859"
ri:b5bf1c7a-e633-4841-9c23-e921cd333c63,work,[RI XIII] H. 31 n. 159,,"K.F. beurkundet das Urteil seines Kammergerichts, dem zufolge auf Klage Johann Kelners über die Stadt Danzig die in der reformacien1 vorgesehenen Strafen, Acht und Aberacht2 sowie die Zahlung von 4.000 Gulden verhängt werden.",available,1440,,medium,"dept: RI XIII; issuer: Friedrich III.; place: [–]; date range: 1440-05-17 to 1465-05-21 (year = first possible); source: Regesta Imperii, Akad. der Wissenschaften und der Literatur | Mainz, CC BY 4.0; retrieved 2026-10-04; https://www.regesta-imperii.de/id/b5bf1c7a-e633-4841-9c23-e921cd333c63"
ri:b6680553-e793-445b-a9f9-276117819e10,work,[RI VII] H. 13 n. 648,,"Ks. Ludwig überträgt Volkmar von Burgstall und dessen Erben Turm und Klause, genannt Puntelbein, unter der Veste Visiaun.",available,1341,,high,"dept: RI VII; issuer: Ludwig der Bayer; place: München; date: 1341-11-22; source: Regesta Imperii, Akad. der Wissenschaften und der Literatur | Mainz, CC BY 4.0; retrieved 2026-10-04; https://www.regesta-imperii.de/id/b6680553-e793-445b-a9f9-276117819e10"
ri:b66f4510-ddfb-4a07-a3ae-2cd548498f90,work,"RI IV,4,4,3 n. 1287",,"Urban III. beauftragt Bischof Theobald von Amiens, das Kollegiatstift St-Sauveur in St-Pol-sur-Ternoise (D. Arras) zu visitieren.",available,1187,,medium,"dept: RI IV; issuer: Urban III.; date range: 1187-01-01 to 1187-12-31 (year = first possible); source: Regesta Imperii, Akad. der Wissenschaften und der Literatur | Mainz, CC BY 4.0; retrieved 2026-10-04; https://www.regesta-imperii.de/id/b66f4510-ddfb-4a07-a3ae-2cd548498f90"
ri:b75605c4-4175-4baa-8e93-2974c0a300bb,work,"RI I,3,4 n. 2599",,"Lothar (II.) teilt Erzbischof Ado (von Vienne) mit (Adoni venerabili archiepiscopo fideli nostro), daß er glücklich zum Kaiser (Ludwig II.), seinem Bruder, gelangt sei und daß er mit Papst Hadrian (II.) über seine Angelegenheit verhandelt habe (nostram causam tractavimus), worüber er ihm und seinen anderen Getreuen noch zu gegebener Zeit berichten werde; in der Zwischenzeit befiehlt er ihm (nunc i …",available,869,,high,"dept: RI I; issuer: Niederburgund unter Lothar II. und Kaiser Ludwig II. von Italien (863-869); date: 0869-07-01; source: Regesta Imperii, Akad. der Wissenschaften und der Literatur | Mainz, CC BY 4.0; retrieved 2026-10-04; https://www.regesta-imperii.de/id/b75605c4-4175-4baa-8e93-2974c0a300bb"
ri:b77cc66f-dbc1-460a-8296-6101610d4251,work,"RI V,4,1 n. 9",,"lobt die Ergebenheit der custodes einer namentlich nicht genannten Burg während der Wirren in Romanis partibus, er bezeichnet sie, die sie dem Romanus princeps gedient haben, für andere als Vorbild und stellt ihnen eine rasche und mächtige Unterstützung in Aussicht. Dagegen sollen sie Versprechungen der Rebellen keinen Glauben schenken.",available,1212,,medium,"dept: RI V; issuer: Friedrich II.; date range: 1212-12-09 to 1250-12-13 (year = first possible); source: Regesta Imperii, Akad. der Wissenschaften und der Literatur | Mainz, CC BY 4.0; retrieved 2026-10-04; https://www.regesta-imperii.de/id/b77cc66f-dbc1-460a-8296-6101610d4251"
ri:b7ddb3b0-ba27-4953-bf2e-6f3ef357e911,work,[RI XIII] H. 37 n. 625,,"K.F. teilt Schultheiß und Rat zu Bern mit, dass er Bürgermeister und Rat zu Konstanz als Pfandinhabern des Thurgaus mehrmals bei hoher Strafe jede Veränderung der Pfandschaft verboten habe. Obwohl die Stadt also gar kein Recht zur Auslösung habe und sich einer solchen Forderung auch widersetze, werde sie von genannten Orten (wie in n. 624) zur Abtretung der Reichspfandschaft gedrängt; die Orte hät …",available,1480,,high,"dept: RI XIII; issuer: Friedrich III.; place: Wien; date: 1480-11-09; source: Regesta Imperii, Akad. der Wissenschaften und der Literatur | Mainz, CC BY 4.0; retrieved 2026-10-04; https://www.regesta-imperii.de/id/b7ddb3b0-ba27-4953-bf2e-6f3ef357e911"
ri:b8107bc3-5994-4e1b-abca-c24398913681,work,"RI IV,4,4,3 n. 106",,"Urban III. nimmt Abt Lanzo und die Brüder des Klosters S. Tommaso in Acquanegra (Lanzoni abbati monasterii sancti Thome apostoli de Aquanigra eiusque fratribus) (D. Brescia) sowie ihr Kloster, das der Römischen Kirche gehört, auf deren Bitten wie Innocenz (II.), Eugen (III.), Alexander (III.) und Lucius (III.) in den päpstlichen Schutz, bestätigt die Benediktinerregel und den genannten Besitz, bef …",available,1186,,high,"dept: RI IV; issuer: Urban III.; place: Verona; date: 1186-04-04; source: Regesta Imperii, Akad. der Wissenschaften und der Literatur | Mainz, CC BY 4.0; retrieved 2026-10-04; https://www.regesta-imperii.de/id/b8107bc3-5994-4e1b-abca-c24398913681"
ri:b95b0bb9-c367-4d5e-a48a-2033ae835cbd,work,"RI IV,4,4,4 n. 596",,"Clemens III. berichtet Prior Gerard und den Brüdern von Grandmont (Gerardo priori et fratribus Grandimontis) (D. Limoges), daß sein Vorgänger Urban (III.) aufgrund der an ihn gelangten Nachrichten über den Ruhm und die Verehrungswürdigkeit Stephans, des Gründers von Grandmont (sancte recordationis Stephanus Grandimontensis ordinis institutor), durch päpstliche Legaten, die wegen gewisser Angelegen …",available,1189,,high,"dept: RI IV; issuer: Clemens III.; place: Rom, Lateran; date: 1189-03-21; source: Regesta Imperii, Akad. der Wissenschaften und der Literatur | Mainz, CC BY 4.0; retrieved 2026-10-04; https://www.regesta-imperii.de/id/b95b0bb9-c367-4d5e-a48a-2033ae835cbd"
ri:b98de656-690b-4fd1-ac35-8d3a63860710,work,"RI I,4,1 n. 519",,"Paschalis (I.) schenkt der Kirche S. Maria am Bischofssitz von Sabina (in ecclesia beatae Dei genetricis Mariae dominae nostrae, sita Savinis in episcopio) eine verzierte (Altar)decke.",available,823,,medium,"dept: RI I; issuer: Paschalis I.; date range: 0823-09-01 to 0824-06-15 (year = first possible); source: Regesta Imperii, Akad. der Wissenschaften und der Literatur | Mainz, CC BY 4.0; retrieved 2026-10-04; https://www.regesta-imperii.de/id/b98de656-690b-4fd1-ac35-8d3a63860710"
ri:b9a9a6f1-a644-4eaf-927f-b857cb44f1b1,work,[RI VII] H. 11 n. 219,,"Ks. Ludwig erklärt Ratsherren und Bürgergemeinde von Frankfurt [(Oder)], er habe gehört, dass Bischof [Stefan II.] von Lebus1 die Pfarrkirche St. Marien in ihrer Stadt in eine Kathedralkirche umwandeln und den Bischofssitz dorthin verlegen will, was zum Schaden des Reiches und seines Sohnes, Fürst und Markgraf Ludwig von Brandenburg, wäre, dem das Patronatsrecht zusteht, und fordert sie in seinem …",available,1330,,high,"dept: RI VII; issuer: Ludwig der Bayer; place: [Donau]wörth; date: 1330-05-10; source: Regesta Imperii, Akad. der Wissenschaften und der Literatur | Mainz, CC BY 4.0; retrieved 2026-10-04; https://www.regesta-imperii.de/id/b9a9a6f1-a644-4eaf-927f-b857cb44f1b1"
ri:b9fad600-4b35-4d9d-a169-66e0800e09ca,work,"RI III,2,3 n. 1205",,"Heinrich unternimmt mit einem großen Heer einen Zug nach Sachsen, wo sich zahlreiche seiner Gegner unterwerfen und der Markgraf Ekbert (II.) von Meißen seine Loyalität gegenüber dem Kaiser betont, während sich der Gegenkönig Hermann, Erzbischof Hartwig von Magdeburg und Bischof Burchard von Halberstadt nach Dänemark begeben.",available,1085,,medium,"dept: RI III; issuer: Heinrich IV.; place: ‒; date range: 1085-06-20 to 1085-07-01 (year = first possible); source: Regesta Imperii, Akad. der Wissenschaften und der Literatur | Mainz, CC BY 4.0; retrieved 2026-10-04; https://www.regesta-imperii.de/id/b9fad600-4b35-4d9d-a169-66e0800e09ca"
ri:b9fcf4c8-e269-43c5-a5e0-5399333f78e1,work,"RI VI,4,2 n. 677",,"König Heinrich überträgt dem Kamericher Bischof Peter [von Lévis-Mirepoix], seinem Fürsten, Temporalienverwaltung und Plenarjustiz des Fürstentums seiner Kirche; denn der Bischof sei kürzlich vor ihm erschienen und habe ihm und dem Römischen Reich gehuldigt. Daraufhin habe Heinrich ihn als seinen und des Reiches Fürsten mit den königlichen Lehen des bischöflichen Fürstentums, das Peter innehabe, i …",available,1310,,high,"dept: RI VI; issuer: Heinrich VII.; place: Colmar; date: 1310-09-24; source: Regesta Imperii, Akad. der Wissenschaften und der Literatur | Mainz, CC BY 4.0; retrieved 2026-10-04; https://www.regesta-imperii.de/id/b9fcf4c8-e269-43c5-a5e0-5399333f78e1"
ri:baa5514f-8864-4759-8ba1-572e04235142,work,"RI IV,4,4,3 n. 1530",,"Gregor VIII. bestätigt die Entscheidung Eugens (III.) im Streit zwischen den Kirchen von Lerida (Ilerdensis ecclesie) und Huesca (Oscensis ecclesie) um die Kirchen von Barbastro, Alquézar, Bielsa und Gistain (super ecclesiis de Barbastro, Bielsa, Gestau et Alquezar).",available,1187,,medium,"dept: RI IV; issuer: Gregor VIII.; date range: 1187-01-01 to 1187-12-31 (year = first possible); source: Regesta Imperii, Akad. der Wissenschaften und der Literatur | Mainz, CC BY 4.0; retrieved 2026-10-04; https://www.regesta-imperii.de/id/baa5514f-8864-4759-8ba1-572e04235142"
ri:baa6647b-a3be-42de-9129-a90b0bcd8521,work,[RI XIII] H. 37 n. 93,,"Kg.F. bestätigt als römischer Kg. und österreichischer Hz. auf Bitten der städtischen Botschaft die Privilegien und Rechte, die Bürgermeister, Rat und Bürgern zu Bräunlingen vom Reich und von österreichischen Hzz. verliehen wurden.",available,1442,,high,"dept: RI XIII; issuer: Friedrich III.; place: Thann; date: 1442-09-10; source: Regesta Imperii, Akad. der Wissenschaften und der Literatur | Mainz, CC BY 4.0; retrieved 2026-10-04; https://www.regesta-imperii.de/id/baa6647b-a3be-42de-9129-a90b0bcd8521"
ri:bba7f65d-cc8d-4bc0-965e-54b2e74cf55d,work,"RI I,2,1 n. 1178",,Karl überträgt seinem Sohn Karlmann das Kloster Saint-Médard (zu Soissons).,available,860,,medium,"dept: RI I; issuer: Karl der Kahle; date range: 0860-01-01 to 0863-12-31 (year = first possible); source: Regesta Imperii, Akad. der Wissenschaften und der Literatur | Mainz, CC BY 4.0; retrieved 2026-10-04; https://www.regesta-imperii.de/id/bba7f65d-cc8d-4bc0-965e-54b2e74cf55d"
ri:bc0c418a-98a4-4684-a690-ff7ba8e6a0b4,work,"RI IV,4,4,5 n. 1001",,"Cölestin III. kündigt den Klerikern und Bewohnern der Stadt Foggia (tam cleri quam populi de Fogia) an, daß er aufgrund der Bitten von König Tankred (von Sizilien) (regi Tancredo) Foggia zum Bischofssitz erheben werde.",available,1191,,medium,"dept: RI IV; issuer: Cölestin III.; date range: 1191-01-01 to 1194-02-20 (year = first possible); source: Regesta Imperii, Akad. der Wissenschaften und der Literatur | Mainz, CC BY 4.0; retrieved 2026-10-04; https://www.regesta-imperii.de/id/bc0c418a-98a4-4684-a690-ff7ba8e6a0b4"
ri:bc8b0ebc-d4a8-44da-9af0-0e8657d13a4f,work,[RI VII] H. 14 n. 189,,"Ks. Ludwig erklärt Bürgermeistern, Ratsherren und Gemeinde der Stadt Dortmund, den an seinem Hof als Familiaren aufgenommenen Grafen Konrad [IV.] von Dortmund[-Lindenhorst]1 und seinen Kaplan, den Kleriker Gerwin, Propst der Kirche von Bernau2, als Überbringer dieses Briefes beauftragt zu haben, die Angelegenheiten in Dortmund zu regeln, und fordert sie angesichts ihrer vom Reich gewährten Lehen, …",available,1331,,high,"dept: RI VII; issuer: Ludwig der Bayer; place: Frankfurt [a. Main]; date: 1331-12-03; source: Regesta Imperii, Akad. der Wissenschaften und der Literatur | Mainz, CC BY 4.0; retrieved 2026-10-04; https://www.regesta-imperii.de/id/bc8b0ebc-d4a8-44da-9af0-0e8657d13a4f"
ri:bd6f73b0-329c-480f-8d81-95c5947bbc94,work,"RI I,4,3 n. 85",,"Papst Johannes (VIII.) tadelt den exkommunizierten (n. 79) (dux) Docibilis (von Gaeta) (Johannes Degivili excommunicato) wegen des unziemlichen Verhaltens gegenüber den päpstlichen Legaten dafür, daß er den päpstlichen Brief (n. 65) zerrissen (apostolicam epistolam sacrilegus concidisti) und so das Anathem geradezu herausgefordert habe (sanctissimo papa anathema dicere canino gutture pervivacissim …",available,873,,medium,"dept: RI I; issuer: Johannes VIII.; date range: 0873-06-01 to 0873-12-31 (year = first possible); source: Regesta Imperii, Akad. der Wissenschaften und der Literatur | Mainz, CC BY 4.0; retrieved 2026-10-04; https://www.regesta-imperii.de/id/bd6f73b0-329c-480f-8d81-95c5947bbc94"
ri:bda84de3-5b93-4c39-9e32-cc8928e37868,work,"RI IV,4,4,4 n. 794",,"Clemens III. bestätigt Propst P(eter) (des Hospizes) am Großen St. Bernhard/Grand-St-Bernard (P. preposito domus de Monte Iovis) (D. Sitten/Sion) den Besitz des Waldes von Ferrex (de Ferraz), den Graf (Thomas) von Maurienne (comes Maurianensis) mit Zustimmung des Markgrafen B(onifaz) von Mon ferrato, seines Vormunds, und seiner (Stief-)Mutter B(eatrix) (B. marchionis montis Ferrati, tutoris sui, e …",available,1190,,high,"dept: RI IV; issuer: Clemens III.; place: Rom, Lateran; date: 1190-03-15; source: Regesta Imperii, Akad. der Wissenschaften und der Literatur | Mainz, CC BY 4.0; retrieved 2026-10-04; https://www.regesta-imperii.de/id/bda84de3-5b93-4c39-9e32-cc8928e37868"
ri:be0f7f8f-9658-41a9-93c5-3888e540dc65,work,[RI XIII] H. 32 n. 776,,K.F. desgleichen an die Stadt Straßburg.,available,1463,,high,"dept: RI XIII; issuer: Friedrich III.; place: [–]; date: 1463-10-04; source: Regesta Imperii, Akad. der Wissenschaften und der Literatur | Mainz, CC BY 4.0; retrieved 2026-10-04; https://www.regesta-imperii.de/id/be0f7f8f-9658-41a9-93c5-3888e540dc65"
ri:bf27f8a7-463a-4bdb-873a-3d6bbd72e652,work,"RI IV,4,4,3 n. 9",,"Urban III. nimmt Abt Gonterius und die Brüder des Klosters Leno (Gonterio abbati Leonensis monasterii eiusque fratribus) (D. Brescia) auf deren Bitten wie Paschal (II.), Calixt (II.), Innocenz (II.), Eugen (III.), Hadrian (IV.) und Alexander (III.) in den päpstlichen Schutz, bestätigt genannte Besitzungen, erlaubt, für den Empfang von Chrisma, Heiligem Öl, Konsekrationen und Ordinationen den Bisch …",available,1185,,high,"dept: RI IV; issuer: Urban III.; place: Verona; date: 1185-12-13; source: Regesta Imperii, Akad. der Wissenschaften und der Literatur | Mainz, CC BY 4.0; retrieved 2026-10-04; https://www.regesta-imperii.de/id/bf27f8a7-463a-4bdb-873a-3d6bbd72e652"
ri:bf437cc8-1a18-496b-9347-875dabbb1293,work,"RI I,4,2 n. 520",,Papst Nikolaus (I.) läßt die zerstörte Wasserleitung Iovia (in Rom) (forma quae vocatur Iocia) wiederherstellen.,available,860,,medium,"dept: RI I; issuer: Nikolaus I.; date range: 0860-09-01 to 0861-08-31 (year = first possible); source: Regesta Imperii, Akad. der Wissenschaften und der Literatur | Mainz, CC BY 4.0; retrieved 2026-10-04; https://www.regesta-imperii.de/id/bf437cc8-1a18-496b-9347-875dabbb1293"
ri:bf472b4b-835a-49b4-add7-7fdfd4955c03,work,"RI III,2,3 n. 1191",,"Heinrich sammelt ein Heer für einen Zug nach Sachsen, nimmt jedoch ebenso wie Gegenkönig Hermann von einer kriegerischen Unternehmung Abstand, da die Zeit des beschworenen Gottesfriedens bevorsteht.",available,1085,,medium,"dept: RI III; issuer: Heinrich IV.; place: (Fritzlar ?); date range: 1085-01-20 to 1085-01-31 (year = first possible); source: Regesta Imperii, Akad. der Wissenschaften und der Literatur | Mainz, CC BY 4.0; retrieved 2026-10-04; https://www.regesta-imperii.de/id/bf472b4b-835a-49b4-add7-7fdfd4955c03"
ri:bf6708de-17a1-4831-ada1-528ecf41beb0,work,[RI VII] H. 10 n. 66,,"Kg. Ludwig bestätigt die im Folgenden aufgeführten Rechte der Grafschaft Hirschberg, die Graf Berthold [III.] der Ältere von Graisbach1, Heinrich von [Alten]muhr2 und Siegfried von [Oettingen zu] Mörnsheim3 auf seinen und seines dortigen Landrichters Graf Berthold [VI.] von Marstetten, genannt von Neuffen4, Befehl von den ältesten und besten in der Grafschaft Hirschberg ansässigen und erbberechtig …",available,1320,,high,"dept: RI VII; issuer: Ludwig der Bayer; place: Nürnberg; date: 1320-10-28; source: Regesta Imperii, Akad. der Wissenschaften und der Literatur | Mainz, CC BY 4.0; retrieved 2026-10-04; https://www.regesta-imperii.de/id/bf6708de-17a1-4831-ada1-528ecf41beb0"
ri:c06db6eb-df5a-4fb3-85cc-8b155788d9d9,work,"RI IV,4,4,3 n. 1348",,"Gregor VIII. befiehlt den Domkanonikern von S. Vincenzo, den Kanonikern von S. Alessandro und Priester P(eter) von S. Agata (de Grumelle) (in Bergamo) (sancte Vincentii et sancti Alexandri Pergamensis canonicis et P. presbytero sancte Agathe), deren Streit wegen verschiedener Fragen schon lange und ergebnislos in der Audientia (in auditorio) seines Vorgängers (Urban III.) verhandelt worden sei, am …",available,1187,,high,"dept: RI IV; issuer: Gregor VIII.; place: Ferrara; date: 1187-11-10; source: Regesta Imperii, Akad. der Wissenschaften und der Literatur | Mainz, CC BY 4.0; retrieved 2026-10-04; https://www.regesta-imperii.de/id/c06db6eb-df5a-4fb3-85cc-8b155788d9d9"
ri:c0c45a07-0f8d-4deb-9b8f-643c7bd01fd3,work,[RI XIII] H. 35 n. 212,,"K.F. überträgt Michael Wolkenstein das Schloss Greifenburg mit allen Nutzen, Renten, Herrlichkeit und Zubehör bestandsweise bis auf Widerruf gegen Zahlung von jährlich 220 Pfd. Pf. guter landläufiger Münze und verpflichtet ihn, es von der Robot sowie den Nutzen und Renten baulich zu verbessern und zu versorgen.",available,1480,,medium,"dept: RI XIII; issuer: Friedrich III.; place: [–]; date range: 1480-01-01 to 1482-10-05 (year = first possible); source: Regesta Imperii, Akad. der Wissenschaften und der Literatur | Mainz, CC BY 4.0; retrieved 2026-10-04; https://www.regesta-imperii.de/id/c0c45a07-0f8d-4deb-9b8f-643c7bd01fd3"
ri:c0f06036-fbd6-4bc0-9faf-73ddbe0e6e34,work,"RI I,4,2 n. †879",,"Papst Hadrian II. empfiehlt den Priestern, über die Reliquien zu wachen, und erläutert das Prinzip der Teilung des kirchlichen Vermögens in vier Teile, einen für die ecclesiae ornamenta, einen für die Armen, einen für den Priester sowie einen für den Bischof.",available,867,,medium,"dept: RI I; issuer: Hadrian II.; date range: 0867-01-01 to 0872-12-31 (year = first possible); source: Regesta Imperii, Akad. der Wissenschaften und der Literatur | Mainz, CC BY 4.0; retrieved 2026-10-04; https://www.regesta-imperii.de/id/c0f06036-fbd6-4bc0-9faf-73ddbe0e6e34"
ri:c1d0f7d3-7f0a-476c-ad8d-d5835317bfc7,work,"RI IV,4,4,3 n. 420",,"(Urban III.) beauftragt Bischof R(obert Foliot) von Hereford (R. ... Hereford. ecclesie ... minister) unter Ausschluß der Appellation mit der Untersuchung und Beilegung des Streits zwischen den Kanonikern von Cirencester (canonicos ecclesie Cirenc.) (D. Worcester) und Priester Reginald, Sohn des Lambert (Reginaldum presbiterum Lamberti filium), um das Vikariat von Cheltenham (super vicaria quadam …",available,1185,,medium,"dept: RI IV; issuer: Urban III.; date range: 1185-01-01 to 1186-12-31 (year = first possible); source: Regesta Imperii, Akad. der Wissenschaften und der Literatur | Mainz, CC BY 4.0; retrieved 2026-10-04; https://www.regesta-imperii.de/id/c1d0f7d3-7f0a-476c-ad8d-d5835317bfc7"
ri:c25eec5e-3477-45e0-8117-3c176abe8516,work,[RI VII] H. 11 n. 2,,"Kg. Ludwig bestätigt dem Edlen Heinrich [II.] von Mecklenburg auf dessen Bitten die inserierte Urkunde Kaiser Friedrichs [II.] von 1236 Februar1 für den verstorbenen Edlen Johann [I.] von Mecklenburg und untersagt, Heinrich darin zu beeinträchtigen.",available,1314,,high,"dept: RI VII; issuer: Ludwig der Bayer; place: Köln; date: 1314-12-03; source: Regesta Imperii, Akad. der Wissenschaften und der Literatur | Mainz, CC BY 4.0; retrieved 2026-10-04; https://www.regesta-imperii.de/id/c25eec5e-3477-45e0-8117-3c176abe8516"
ri:c26f3b35-33d7-467d-8816-d00f5fc5a0d9,work,"RI I,2,1 n. 971",,"Karl bestätigt (precipimus atque firmamus) auf Bitten des an ihn herangetretenen Hugo, Abt des Kloster Saint-Germain zu Auxerre, seines Verwandten (venerabilis abbas ex monasterio sancti Germani Autisiodorensis ac propinquus noster), sowie der ebenfalls zu ihm gekommenen Mönche des Klosters eine ihm vorgelegte, von boni homines unterfertigte Urkunde (cartula), derzufolge der Abt mit Zustimmung der …",available,859,,high,"dept: RI I; issuer: Karl der Kahle; place: Kloster Meung-sur-Loire; date: 0859-05-11; source: Regesta Imperii, Akad. der Wissenschaften und der Literatur | Mainz, CC BY 4.0; retrieved 2026-10-04; https://www.regesta-imperii.de/id/c26f3b35-33d7-467d-8816-d00f5fc5a0d9"
ri:c310bc72-0504-477a-8eb5-00e475db3a67,work,[RI XIII] H. 33 n. 247,,"K.F. äußert Bürgermeistern und Rat der Stadt Hannover (Honober) sein Befremden darüber, daß sie seinen ksl. Gebotsbrief1 mißachtet haben, in welchem er ihnen das mutwillige Vorgehen des Hzs. (Karl) von Burgund gegen Kaiser, Reich und gemein teutsch nacion im Stift Köln dargelegt und ihnen unter Androhung schwerer Strafen befohlen hatte, ihre wohlausgerüsteten Hilfstruppen nach Köln zu schicken. Er …",available,1474,,high,"dept: RI XIII; issuer: Friedrich III.; place: Frankfurt; date: 1474-12-12; source: Regesta Imperii, Akad. der Wissenschaften und der Literatur | Mainz, CC BY 4.0; retrieved 2026-10-04; https://www.regesta-imperii.de/id/c310bc72-0504-477a-8eb5-00e475db3a67"
ri:c32d7b98-6853-4b27-8f0d-b7642de4b387,work,"RI IV,4,4,3 n. 121",,"Urban III. schreibt (Abt Johannes und den Brüdern von Mont-St-Éloi) und verbietet, über ihr Gebiet wegen der Vergehen eines der weltlichen Herren der Burg Aubigny (de Albiniaco) oder anderer weltlicher Großer das Interdikt zu verhängen oder ihren Leuten die Sakramente zu verweigern unter der Voraussetzung, daß Interdizierte nicht in ihre Kirchen zugelassen werden.",available,1186,,high,"dept: RI IV; issuer: Urban III.; date: 1186-04-18; source: Regesta Imperii, Akad. der Wissenschaften und der Literatur | Mainz, CC BY 4.0; retrieved 2026-10-04; https://www.regesta-imperii.de/id/c32d7b98-6853-4b27-8f0d-b7642de4b387"
ri:c42acbce-d62e-49fc-9c93-fc45160cd01a,work,"RI I,2,1 n. 1176",,Karl lässt an der Seine (bei Pîtres?) eine königliche Unterkunft (heribergum nostrum) für Reisende errichten.,available,863,,medium,"dept: RI I; issuer: Karl der Kahle; date range: 0863-01-01 to 0863-12-31 (year = first possible); source: Regesta Imperii, Akad. der Wissenschaften und der Literatur | Mainz, CC BY 4.0; retrieved 2026-10-04; https://www.regesta-imperii.de/id/c42acbce-d62e-49fc-9c93-fc45160cd01a"
ri:c4b56509-f228-4f8c-a6a7-61da38fd346c,work,"RI IV,4,4,6 n. 2808",,Cölestin III. erlaubt dem Elekten (Eberhard) von Brixen (Brixinensi electo) das Studium der Theologie (pagine divine).,available,1196,,medium,"dept: RI IV; issuer: Cölestin III.; date range: 1196-07-19 to 1198-12-31 (year = first possible); source: Regesta Imperii, Akad. der Wissenschaften und der Literatur | Mainz, CC BY 4.0; retrieved 2026-10-04; https://www.regesta-imperii.de/id/c4b56509-f228-4f8c-a6a7-61da38fd346c"
ri:c4beac7a-6c09-49fb-9c78-5615dfde1f0f,work,[RI VII] H. 13 n. 736,,"Ks. Ludwig überträgt Graf Gerlach I. von Nassau1 Steuern der vier Wetterauer Reichsstädte Frankfurt a. Main, Gelnhausen, Friedberg und Wetzlar2.",available,1314,,medium,"dept: RI VII; issuer: Ludwig der Bayer; date range: 1314-12-01 to 1346-08-26 (year = first possible); source: Regesta Imperii, Akad. der Wissenschaften und der Literatur | Mainz, CC BY 4.0; retrieved 2026-10-04; https://www.regesta-imperii.de/id/c4beac7a-6c09-49fb-9c78-5615dfde1f0f"
ri:c4f0d29b-6bb8-4fe1-8016-874a28251ca1,work,"RI III,2,3 n. 815",,"Heinrich befiehlt wegen der gegen seinen Willen erfolgten Freilassungen, die noch in Gefangenschaft befindlichen sächsischen Fürsten stärker zu bewachen, und ordnet die Deportation Bischof Burchards (II.) von Halberstadt an, welche jedoch aufgrund von dessen Befreiung am Johannistag (24. Juni) scheitert.",available,1076,,medium,"dept: RI III; issuer: Heinrich IV.; place: –; date range: 1076-01-01 to 1076-06-23 (year = first possible); source: Regesta Imperii, Akad. der Wissenschaften und der Literatur | Mainz, CC BY 4.0; retrieved 2026-10-04; https://www.regesta-imperii.de/id/c4f0d29b-6bb8-4fe1-8016-874a28251ca1"
ri:c5847e02-07ce-4451-9284-9019827f1959,work,[RI XIII] H. 32 n. 699,,K.F. desgleichen an die Stadt Görlitz.,available,1462,,high,"dept: RI XIII; issuer: Friedrich III.; place: [–]; date: 1462-05-26; source: Regesta Imperii, Akad. der Wissenschaften und der Literatur | Mainz, CC BY 4.0; retrieved 2026-10-04; https://www.regesta-imperii.de/id/c5847e02-07ce-4451-9284-9019827f1959"
ri:c5dd67ea-b5cb-4216-ae2a-449b3e522da3,work,"RI IV,4,4,6 n. 1656",,Cölestin III. richtet an unbekannte Empfänger in Frankreich 16 gleichlautende Schreiben (paria literarum domini pape) im Zusammenhang mit der Ehescheidung des Königs Philipp II. August von Frankreich von seiner Frau Ingeborg.,available,1195,,medium,"dept: RI IV; issuer: Cölestin III.; date range: 1195-01-01 to 1196-01-28 (year = first possible); source: Regesta Imperii, Akad. der Wissenschaften und der Literatur | Mainz, CC BY 4.0; retrieved 2026-10-04; https://www.regesta-imperii.de/id/c5dd67ea-b5cb-4216-ae2a-449b3e522da3"
ri:c61e9057-9cd1-4387-98b8-592e66737357,work,"RI VI,4,2 n. 304",,"König Heinrich verspricht dem Kölner Erzbischof Heinrich [II., von Virneburg], seinem Fürsten, [1] ihm wegen seiner treuen und nützlichen Dienste die Zölle der Kölner Kirche, die der Erzbischof und seine Vorgänger innehatten, zu bestätigen, und zwar gemäß der Verfügung des königlichen Kanzlers Zisterzienserabt Heinrich von Weiler[-Bettnach] und des Kölner Dekans Ernst, die in seinem Sinne handelte …",available,1309,,high,"dept: RI VI; issuer: Heinrich VII.; place: Frankfurt [am Main]; date: 1309-09-26; source: Regesta Imperii, Akad. der Wissenschaften und der Literatur | Mainz, CC BY 4.0; retrieved 2026-10-04; https://www.regesta-imperii.de/id/c61e9057-9cd1-4387-98b8-592e66737357"
ri:c620a696-15f4-4081-9d7b-09386db0ba41,work,"RI I,4,3 n. 75",,"Papst Johannes (VIII.) fordert Graf Kozel (von Pannonien) (Gozili comiti) auf, sich dafür einzusetzen, daß zwei Männer, die ihre Frauen verlassen haben, wieder zu ihnen zurückkehren.",available,873,,medium,"dept: RI I; issuer: Johannes VIII.; date range: 0873-03-01 to 0873-05-31 (year = first possible); source: Regesta Imperii, Akad. der Wissenschaften und der Literatur | Mainz, CC BY 4.0; retrieved 2026-10-04; https://www.regesta-imperii.de/id/c620a696-15f4-4081-9d7b-09386db0ba41"
ri:c746b83c-b59e-4d38-9c96-eb680a67687b,work,"RI IV,4,4,3 n. 546",,"Urban III. befiehlt den Erzbischöfen, Bischöfen und anderen Prälaten (archiepiscopis, episcopis et aliis prelatis), dafür zu sorgen, daß ihre Parochiane nichts von dem, was Pilger oder andere Gläubige den Templern (sacra Templi militia) übertragen, zurückbehalten und für ihre eigenen Zwecke verwenden.",available,1186,,high,"dept: RI IV; issuer: Urban III.; place: Verona; date: 1186-02-17; source: Regesta Imperii, Akad. der Wissenschaften und der Literatur | Mainz, CC BY 4.0; retrieved 2026-10-04; https://www.regesta-imperii.de/id/c746b83c-b59e-4d38-9c96-eb680a67687b"
ri:c76b7e9a-51f5-4358-a7ff-5c83b9353726,work,[RI VII] H. 14 n. 251,,"Ks. Ludwig teilt Dauphin Humbert von Vienne mit, dass er Graf Ludwig VIII. von Oettingen als seinen Bevollmächtigten zu ihm sendet.",available,1335,,high,"dept: RI VII; issuer: Ludwig der Bayer; place: München; date: 1335-03-20; source: Regesta Imperii, Akad. der Wissenschaften und der Literatur | Mainz, CC BY 4.0; retrieved 2026-10-04; https://www.regesta-imperii.de/id/c76b7e9a-51f5-4358-a7ff-5c83b9353726"
ri:c7fe2b29-bbc9-4fa0-ac2d-3c00e2953789,work,"RI I,4,2 n. 1025",,"Erzbischof (und Patriarch) Ignatios von Konstantinopel begrüßt mit seinem Brief an Papst Hadrian (II.) (sanctissimo et sacratissimo fratri et comministro Hadriano beatissimo papae senioris Romae Ignatius a Deo misericordiam consecutus archiepiscopus Constantinopoleos novae Romae) unter Erwähnung der Apostelfürsten Petrus und Paulus sowie des (Papstes) Nikolaus (I.) die wiederhergestellte Union, kü …",available,871,,medium,"dept: RI I; issuer: Hadrian II.; date range: 0871-06-01 to 0871-07-31 (year = first possible); source: Regesta Imperii, Akad. der Wissenschaften und der Literatur | Mainz, CC BY 4.0; retrieved 2026-10-04; https://www.regesta-imperii.de/id/c7fe2b29-bbc9-4fa0-ac2d-3c00e2953789"
ri:c84f0a67-78dd-4900-9976-96d51265dc40,work,[RI XIII] H. 38 n. 46,,"Kg.F. belehnt den Erwählten (Bf.) Gottfried von Würzburg1 mit dessen und seines Stifts Regalien, herlikeit, Lehen, werntlikeit, lehenschafft und weltlichen Gerichten samt allen dazu gehörigen rechten, eren, wirden und zirden, die er als röm. Kg. zu verleihen hat. Er verleiht ihm die mit gutem Rat der Fürsten, Gff. Edlen und Getreuen und setzt fest, dass Gottfried diese in seinem Stift ungehindert …",available,1444,,high,"dept: RI XIII; issuer: Friedrich III.; place: Nürnberg; date: 1444-10-09; source: Regesta Imperii, Akad. der Wissenschaften und der Literatur | Mainz, CC BY 4.0; retrieved 2026-10-04; https://www.regesta-imperii.de/id/c84f0a67-78dd-4900-9976-96d51265dc40"
ri:c8f56934-3901-4170-b98b-13c4d5018748,work,"RI IV,4,4,5 n. 153",,"Cölestin III. beauftragt den Mönch Melior Peccator (Kardinalpriester von SS. Giovanni e Paolo), den päpstlichen Subdiakon Gualandus und Prior Johannes von S. Frediano in Lucca (Meliori Peccatori monacho et domno Gualando SRE. subdiacono et domno Iohanni priori sancti Fridiani de Luca) unter Ausschluß der Appellation mit der Untersuchung und Entscheidung des Streits zwischen Archipresbiter Villanus …",available,1191,,medium,"dept: RI IV; issuer: Cölestin III.; date range: 1191-04-14 to 1191-08-27 (year = first possible); source: Regesta Imperii, Akad. der Wissenschaften und der Literatur | Mainz, CC BY 4.0; retrieved 2026-10-04; https://www.regesta-imperii.de/id/c8f56934-3901-4170-b98b-13c4d5018748"
ri:c985f9fc-f003-4407-9b55-18c2e93988e2,work,[RI VII] H. 14 n. 275,,"Ks. Ludwig (1) gestattet dem festen Mann Gerhard [IV.] von Landskron1 für vergangene und künftige Reichsdienste und auf dessen Bitten, dass die in der Veste Königsfeld bei der Kirche wohnenden Leute sich wie eine rechtmäßige Stadt mit Mauern und Gräben umgeben und dauerhaft jeden Sonntag einen Wochenmarkt und am Sonntag vor dem Laurentiustag2 einen Jahrmarkt abhalten dürfen, (2) nimmt alle Besuche …",available,1336,,high,"dept: RI VII; issuer: Ludwig der Bayer; place: Passau; date: 1336-09-01; source: Regesta Imperii, Akad. der Wissenschaften und der Literatur | Mainz, CC BY 4.0; retrieved 2026-10-04; https://www.regesta-imperii.de/id/c985f9fc-f003-4407-9b55-18c2e93988e2"
ri:c9d0b5a5-8464-4402-b987-1eb6735b2521,work,"RI I,3,4 n. 2632",,"(Graf) Gerhard kommt (nach Vienne) und übergibt die Stadt Karl (dem Kahlen) (Qui veniens Karolo civitatem dedit), der am Heiligabend seinen Einzug hält und dort das Weihnachtsfest feiert.",available,870,,high,"dept: RI I; issuer: Westfränkische Vorherrschaft - Aufstieg Bosos von Vienne (869-879); place: Vienne; date: 0870-12-24; source: Regesta Imperii, Akad. der Wissenschaften und der Literatur | Mainz, CC BY 4.0; retrieved 2026-10-04; https://www.regesta-imperii.de/id/c9d0b5a5-8464-4402-b987-1eb6735b2521"
ri:c9ea1e3a-75e6-4e19-b285-4d145a160c89,work,"RI XI,1 [Online-Nachtrag] n. 400a-N",,"Kaiser Sigmund erlaubt Hartung von Wangen, Namen und Wappen der abgestorbenen Freiherren von Geroldseck, [die er z. T. beerbt hat] den seinigen zuzufügen, und erhebt ihn in den Freiherrenstand.",available,1413,,high,"dept: RI XI; issuer: Sigmund; date: 1413-01-13; source: Regesta Imperii, Akad. der Wissenschaften und der Literatur | Mainz, CC BY 4.0; retrieved 2026-10-04; https://www.regesta-imperii.de/id/c9ea1e3a-75e6-4e19-b285-4d145a160c89"
ri:ca8c24fd-fae8-44b6-9f25-856bf2a5a064,work,"RI III,2,3 n. H16",,Hermann setzt den durch Rudolf von Rheinfelden investierten Lutold als (Gegen-)Abt von St. Gallen ab und ersetzt ihn durch den Reichenauer Mönch Werner.,available,1083,,medium,"dept: RI III; issuer: Hermann von Salm; place: –; date range: 1083-01-01 to 1083-01-31 (year = first possible); source: Regesta Imperii, Akad. der Wissenschaften und der Literatur | Mainz, CC BY 4.0; retrieved 2026-10-04; https://www.regesta-imperii.de/id/ca8c24fd-fae8-44b6-9f25-856bf2a5a064"
ri:cabe843f-02f2-4a7e-ac54-17e0dc2f3a06,work,"RI IV,4,4,4 n. 1266",,(Clemens III.) beauftragt Bischof Hugo von Durham (Hugo ... Dunelmensis episcopus) mit der Untersuchung und Beilegung des Streits zwischen Prior Nikolaus von Lancaster (Erzd. York) und Kleriker Norman (inter Nicholaum priorem de Lancastre et Normannum clericum) um die Kirche von Melling und die Kapelle von Gressingham (super ecclesia de Mellingues et capella de Guersingueham):,available,1187,,medium,"dept: RI IV; issuer: Clemens III.; date range: 1187-01-01 to 1191-12-31 (year = first possible); source: Regesta Imperii, Akad. der Wissenschaften und der Literatur | Mainz, CC BY 4.0; retrieved 2026-10-04; https://www.regesta-imperii.de/id/cabe843f-02f2-4a7e-ac54-17e0dc2f3a06"
ri:caeec4e6-f5f1-4edc-90bd-cc31447cf69b,work,[RI XIII] H. 34 n. 233,,K.F. tauscht mit Andreas Rindscheit etliche Stücke und Güter zu Leutschach gegen dessen Eigengüter und Gülten1 in Radiga und im Dorf St. Johann im Saggautal.,available,1476,,medium,"dept: RI XIII; issuer: Friedrich III.; place: [–]; date range: 1476-01-01 to 1479-01-29 (year = first possible); source: Regesta Imperii, Akad. der Wissenschaften und der Literatur | Mainz, CC BY 4.0; retrieved 2026-10-04; https://www.regesta-imperii.de/id/caeec4e6-f5f1-4edc-90bd-cc31447cf69b"
ri:cbd529d4-1979-4755-b62a-fb990f30e421,work,[RI VII] H. 11 n. 396,,"Ks. Ludwig überträgt dem vor ihm erschienenen Burggrafen Meinhard [IV.] von Meißen1 auf dessen Bitte alle Lehen, die ihm vom Reich zustehen, die Burggrafschaft Meißen mit allem Zubehör, die Grafschaft Hartenstein mit Zubehör, Wildbann und volige sowie das Weichbildrecht (wickbild reht) der Stadt Lößnitz mit zugehörigen Gewohnheiten und Ehren zu rechtem Lehen.",available,1338,,high,"dept: RI VII; issuer: Ludwig der Bayer; place: Frankfurt [a. Main]; date: 1338-05-02; source: Regesta Imperii, Akad. der Wissenschaften und der Literatur | Mainz, CC BY 4.0; retrieved 2026-10-04; https://www.regesta-imperii.de/id/cbd529d4-1979-4755-b62a-fb990f30e421"
ri:cbffa95a-57c3-4b1e-994e-a2e9f9c039ef,work,"RI I,2,1 n. 922",,Karl schickt erneut Bischof Aeneas (von Paris) mit mündlichem Auftrag (verbis) als Abgesandten zu Unterhandlungen zu Ludwig (d. Dt.).,available,858,,medium,"dept: RI I; issuer: Karl der Kahle; date range: 0858-10-01 to 0858-10-31 (year = first possible); source: Regesta Imperii, Akad. der Wissenschaften und der Literatur | Mainz, CC BY 4.0; retrieved 2026-10-04; https://www.regesta-imperii.de/id/cbffa95a-57c3-4b1e-994e-a2e9f9c039ef"
ri:cc2157eb-ad11-4831-9e10-94793ea2d68e,work,"RI IV,4,4,3 n. 935",,"Urban III. schreibt Erzbischof (Bartholomäus) von Tours (Turonensem archiepiscopum) wegen dessen Streits mit der Kirche von Dol-de-Bretagne (inter tuam et Dolensem ecclesiam), der auf Betreiben des Erzbischofs an den Apostolischen Stuhl gelangt und dort lange anhängig gewesen sei, wobei insbesondere Alexander (III.) während seines Aufenthalts in Tuskulum (dum moram faceret Tusculani) Zeugen zuguns …",available,1186,,high,"dept: RI IV; issuer: Urban III.; place: Verona; date: 1186-09-01; source: Regesta Imperii, Akad. der Wissenschaften und der Literatur | Mainz, CC BY 4.0; retrieved 2026-10-04; https://www.regesta-imperii.de/id/cc2157eb-ad11-4831-9e10-94793ea2d68e"
ri:cda8fd5e-1465-4030-80a5-9a22a5a83c46,work,[RI XIII] H. 31 n. 231,,K.F. lädt die Stadt Hamburg wegen der Türken1 auf sand Mattheus tag des Evangelisten schirstkunfftig (Sept. 21) nach Augsburg.,available,1473,,high,"dept: RI XIII; issuer: Friedrich III.; place: Niederbaden; date: 1473-07-23; source: Regesta Imperii, Akad. der Wissenschaften und der Literatur | Mainz, CC BY 4.0; retrieved 2026-10-04; https://www.regesta-imperii.de/id/cda8fd5e-1465-4030-80a5-9a22a5a83c46"
ri:cdb1b145-faf6-47b5-a1f9-d67aedbc4b93,work,"RI IV,4,4,6 n. 1626",,Cölestin III. beauftragt Abt Hugo von St-Vincent in Senlis (Hugo sancti Vincentii Silvanectensis abbas) und Prior Elias von St-Nicolas-d’Acy (bei Senlis) (Helias sancti Nicholai prior) mit der Untersuchung und Entscheidung des Streits zwischen dem Stift St-Frambourg (in Senlis) und Gaufried aus Le Voisin und seiner Frau (inter ecclesiam beati Frambaldi et Gaufridum de villa que dicitur Vaisins et …,available,1191,,medium,"dept: RI IV; issuer: Cölestin III.; date range: 1191-01-01 to 1195-12-31 (year = first possible); source: Regesta Imperii, Akad. der Wissenschaften und der Literatur | Mainz, CC BY 4.0; retrieved 2026-10-04; https://www.regesta-imperii.de/id/cdb1b145-faf6-47b5-a1f9-d67aedbc4b93"
ri:ce0e34fd-f5ef-45fc-a80a-d83ecd2ea1bf,work,"RI I,2,1 n. 1237",,Karl verbringt die Fastenzeit in Servais.,available,865,,medium,"dept: RI I; issuer: Karl der Kahle; place: Servais; date range: 0865-03-07 to 0865-04-21 (year = first possible); source: Regesta Imperii, Akad. der Wissenschaften und der Literatur | Mainz, CC BY 4.0; retrieved 2026-10-04; https://www.regesta-imperii.de/id/ce0e34fd-f5ef-45fc-a80a-d83ecd2ea1bf"
ri:ce4aba9f-bb55-4dd6-a8fb-654e67241891,work,[RI VII] H. 12 n. 238,,Ks. Ludwig weist Gottfried von Hohenlohe-Weikersheim1 2000 Pfund Haller auf eine von den Würzburger Juden zu entrichtende jährliche Steuer an2.,available,1314,,medium,"dept: RI VII; issuer: Ludwig der Bayer; date range: 1314-10-24 to 1339-06-12 (year = first possible); source: Regesta Imperii, Akad. der Wissenschaften und der Literatur | Mainz, CC BY 4.0; retrieved 2026-10-04; https://www.regesta-imperii.de/id/ce4aba9f-bb55-4dd6-a8fb-654e67241891"
ri:cf28e197-851d-42d5-99ea-9d67df8a4979,work,"RI IV,4,4,4 n. 1061",,Clemens III. gewährt dem Stift S. Leonardo al Lago (D. Siena) ein Privileg.,available,1187,,medium,"dept: RI IV; issuer: Clemens III.; date range: 1187-01-01 to 1191-12-31 (year = first possible); source: Regesta Imperii, Akad. der Wissenschaften und der Literatur | Mainz, CC BY 4.0; retrieved 2026-10-04; https://www.regesta-imperii.de/id/cf28e197-851d-42d5-99ea-9d67df8a4979"
ri:cf3049b0-2fff-4454-a516-c05c2b1ceb73,work,"RI III,2,3 n. 948",,Heinrich zieht vom Main nach Bayern.,available,1078,,medium,"dept: RI III; issuer: Heinrich IV.; place: Würzburg; date range: 1078-08-07 to 1078-12-31 (year = first possible); source: Regesta Imperii, Akad. der Wissenschaften und der Literatur | Mainz, CC BY 4.0; retrieved 2026-10-04; https://www.regesta-imperii.de/id/cf3049b0-2fff-4454-a516-c05c2b1ceb73"
ri:cfba391d-0db1-439d-8727-6fcb0f35aec3,work,"RI I,4,1 n. 215",,Papst Leo (III.) schenkt der Kirche S. Apollinaris (in Rom) (ecclesia beati Apollonaris) eine verzierte (Altar)decke.,available,802,,medium,"dept: RI I; issuer: Leo III.; date range: 0802-01-09 to 0803-08-31 (year = first possible); source: Regesta Imperii, Akad. der Wissenschaften und der Literatur | Mainz, CC BY 4.0; retrieved 2026-10-04; https://www.regesta-imperii.de/id/cfba391d-0db1-439d-8727-6fcb0f35aec3"
ri:d071aec6-192b-4a72-89eb-13f807e60f5b,work,"RI IV,4,4,6 n. 1613",,"Cölestin III. beauftragt Prior Ghigo von S. Majoli in Pavia und Archipresbiter Zenon von Pavia, sich gemeinsam zum Benediktinerinnenkloster S. Maria Teodote in Pavia zu begeben und die Nonnen zu befragen, ob sie wegen der Kosten, die im Streit zwischen ihrer Äbtissin Anastasia und der Intrusin Cecilia entstanden sind, Klage erheben wollen.",available,1191,,medium,"dept: RI IV; issuer: Cölestin III.; date range: 1191-01-01 to 1195-12-19 (year = first possible); source: Regesta Imperii, Akad. der Wissenschaften und der Literatur | Mainz, CC BY 4.0; retrieved 2026-10-04; https://www.regesta-imperii.de/id/d071aec6-192b-4a72-89eb-13f807e60f5b"
ri:d09768db-dacc-41af-8b2f-7594341557fb,work,[RI VII] H. 13 n. 87,,"Kg. Ludwig befiehlt den Juden von Speyer, den jährlichen Zehnt ihrer Steuer vollständig an Erzbischof Peter von Mainz zu zahlen.",available,1317,,high,"dept: RI VII; issuer: Ludwig der Bayer; place: Heidelberg; date: 1317-11-19; source: Regesta Imperii, Akad. der Wissenschaften und der Literatur | Mainz, CC BY 4.0; retrieved 2026-10-04; https://www.regesta-imperii.de/id/d09768db-dacc-41af-8b2f-7594341557fb"
ri:d0d00356-48d1-456b-9062-5b0a55e4f857,work,[RI XIII] H. 33 n. 29,,"Kg.F. verbietet allen Reichsuntertanen, Prozesse und Urteile des Freigrafen Mangold zu Freienhagen gegen den Hochmeister Konrad von Ellrichshausen1 und den Deutschen Orden, die Stadt Marienburg und die Ihren zu befolgen oder daraufhin Beistand zu gewähren.",available,1442,,high,"dept: RI XIII; issuer: Friedrich III.; place: Frankfurt; date: 1442-08-09; source: Regesta Imperii, Akad. der Wissenschaften und der Literatur | Mainz, CC BY 4.0; retrieved 2026-10-04; https://www.regesta-imperii.de/id/d0d00356-48d1-456b-9062-5b0a55e4f857"
ri:d1deddb6-a2ed-4372-ad34-206dfb06dd58,work,"RI IV,4,4,3 n. 1478",,"(Gregor VIII.) beauftragt die Äbte P(eter) von (St-Étienne) in Caen (D. Bayeux) und D(urandus) von Troarn (D. Bayeux) (P. Cad. et D. Troarn. abbates), den Streit zwischen R. Scriba (R. Scribam) und Priester R. (R. presbiterum) um eine Portio der Kirche von Émiéville (de Esmevilla) zu untersuchen und zu beenden.",available,1187,,medium,"dept: RI IV; issuer: Gregor VIII.; date range: 1187-01-01 to 1187-12-31 (year = first possible); source: Regesta Imperii, Akad. der Wissenschaften und der Literatur | Mainz, CC BY 4.0; retrieved 2026-10-04; https://www.regesta-imperii.de/id/d1deddb6-a2ed-4372-ad34-206dfb06dd58"
ri:d2174ad1-8df8-40a9-a5a5-60e7345f7153,work,"RI I,3,4 n. 2906",,Ludwig zieht auf Einladung italischer Großer nach Italien.,available,900,,medium,"dept: RI I; issuer: Vorgeschichte und Regierung Ludwigs des Blinden (887/890-928); date range: 0900-08-01 to 0900-09-30 (year = first possible); source: Regesta Imperii, Akad. der Wissenschaften und der Literatur | Mainz, CC BY 4.0; retrieved 2026-10-04; https://www.regesta-imperii.de/id/d2174ad1-8df8-40a9-a5a5-60e7345f7153"
ri:d23badbd-99b5-4573-ae1e-c5c05460cf91,work,"RI VI,4,2 n. 478",,"Die Florentiner raten den Lucchesen brieflich, die Gesandten König Heinrichs ehrend zu behandeln und eine entsprechende Nachricht nach Siena zu schicken.",available,1310,,high,"dept: RI VI; issuer: Heinrich VII.; place: [Florenz]; date: 1310-06-25; source: Regesta Imperii, Akad. der Wissenschaften und der Literatur | Mainz, CC BY 4.0; retrieved 2026-10-04; https://www.regesta-imperii.de/id/d23badbd-99b5-4573-ae1e-c5c05460cf91"
ri:d34be2d7-53b6-4087-bc91-aeb86eb52588,work,"RI IV,4,4,3 n. 733",,Urban III. schreibt dem Dekan und dem Kapitel (von St-Quiriace) in Provins (decano et capitulo Pruvinensi) (Erzd. Sens) und erklärt auf deren Bitten alle entgegen den Statuten des (3.) Laterankonzils gemachten Versprechungen oder Vergabungen nicht vakanter Kirchen für ungültig.,available,1186,,high,"dept: RI IV; issuer: Urban III.; place: Verona; date: 1186-05-06; source: Regesta Imperii, Akad. der Wissenschaften und der Literatur | Mainz, CC BY 4.0; retrieved 2026-10-04; https://www.regesta-imperii.de/id/d34be2d7-53b6-4087-bc91-aeb86eb52588"
ri:d35b8ebb-449e-4409-b576-8f4d15096a80,work,[RI VII] H. 12 n. 292,,"Ks. Ludwig erlaubt den Reichsstädten Frankfurt a. Main, Friedberg, Wetzlar und Gelnhausen, Gegner anzugreifen, die weder vor Reichsamtleuten noch vor ihren Schultheißen Recht nehmen wollen.",available,1344,,high,"dept: RI VII; issuer: Ludwig der Bayer; place: München; date: 1344-01-03; source: Regesta Imperii, Akad. der Wissenschaften und der Literatur | Mainz, CC BY 4.0; retrieved 2026-10-04; https://www.regesta-imperii.de/id/d35b8ebb-449e-4409-b576-8f4d15096a80"
ri:d3751dc2-2770-4b31-b864-4745efea1f18,work,[RI XIII] H. 35 n. 90,,K.F. überträgt Thomas Gerler das Ungeld zu Klosterneuburg bestandsweise für zwei Jahre ab Maria Lichtmess (1481 Februar 2) gegen Zahlung von jährlich 900 Pfd. Pf. guter landläufiger Münze.,available,1480,,medium,"dept: RI XIII; issuer: Friedrich III.; place: [–]; date range: 1480-01-01 to 1480-12-12 (year = first possible); source: Regesta Imperii, Akad. der Wissenschaften und der Literatur | Mainz, CC BY 4.0; retrieved 2026-10-04; https://www.regesta-imperii.de/id/d3751dc2-2770-4b31-b864-4745efea1f18"
ri:d401da2a-7cca-40f6-a942-1fca7e4bd6a7,work,"RI III,2,3 n. R12",,Rudolf nimmt Aufenthalt.,available,1077,,medium,"dept: RI III; issuer: Rudolf von Rheinfelden; place: Zürich; date range: 1077-05-01 to 1077-05-10 (year = first possible); source: Regesta Imperii, Akad. der Wissenschaften und der Literatur | Mainz, CC BY 4.0; retrieved 2026-10-04; https://www.regesta-imperii.de/id/d401da2a-7cca-40f6-a942-1fca7e4bd6a7"
ri:d411922a-5a6e-4535-979d-056769ce18e8,work,"RI I,4,2 n. 443",,"Papst Nikolaus (I.) schreibt dem Erzbischof Johannes (VII.) von Ravenna, die Unterweisung der Täuflinge könne wie in Rom von den Priestern jeder Kirche gemacht werden.",available,858,,medium,"dept: RI I; issuer: Nikolaus I.; date range: 0858-01-01 to 0867-12-31 (year = first possible); source: Regesta Imperii, Akad. der Wissenschaften und der Literatur | Mainz, CC BY 4.0; retrieved 2026-10-04; https://www.regesta-imperii.de/id/d411922a-5a6e-4535-979d-056769ce18e8"
ri:d50397e6-5634-42d9-bc98-ba8621888298,work,"RI IV,4,4,6 n. 1623",,"Cölestin III. befiehlt Abt Hugo (Hugo abbas) des Klosters in Schaffhausen (monasterii Scafhusen) (D. Konstanz), der sein Amt niedergelegt und das Kloster unerlaubt verlassen habe, in sein Kloster zurückzukehren.",available,1195,,medium,"dept: RI IV; issuer: Cölestin III.; date range: 1195-04-13 to 1195-12-23 (year = first possible); source: Regesta Imperii, Akad. der Wissenschaften und der Literatur | Mainz, CC BY 4.0; retrieved 2026-10-04; https://www.regesta-imperii.de/id/d50397e6-5634-42d9-bc98-ba8621888298"
ri:d6440601-8fb9-4560-a0cc-76989ac3eb04,work,[RI XIII] H. 31 n. 338,,"K.F. beauftragt Ratsmeister und Rat der Stadt Erfurt so lange mit der Ausübung der hohen und niederen Gerichtsbarkeit in der Stadt, bis es einen rechtmäßig vom K. belehnten Eb. von Mainz gibt.",available,1480,,high,"dept: RI XIII; issuer: Friedrich III.; place: Wien; date: 1480-05-02; source: Regesta Imperii, Akad. der Wissenschaften und der Literatur | Mainz, CC BY 4.0; retrieved 2026-10-04; https://www.regesta-imperii.de/id/d6440601-8fb9-4560-a0cc-76989ac3eb04"
ri:d65d11fd-4720-4099-ba7e-27e16746851b,work,"RI IV,4,4,5 n. 643",,Cölestin III. beauftragt die Bischöfe Guienochus von Vannes und Peter von St-Malo sowie den Archidiakon Peter von Vannes (Guienocho Venetenssi et Petro Macloniensi episcopis et Petro archidiacono Venetenssi) mit der Untersuchung und Beilegung des Streits zwischen Bischof (Herbert) von Rennes und Abt (Mainerius) sowie den Mönchen von St-Florent-lès-Saumur (D. Angers) (inter episcopum Redonensem et …,available,1191,,medium,"dept: RI IV; issuer: Cölestin III.; date range: 1191-01-01 to 1192-12-31 (year = first possible); source: Regesta Imperii, Akad. der Wissenschaften und der Literatur | Mainz, CC BY 4.0; retrieved 2026-10-04; https://www.regesta-imperii.de/id/d65d11fd-4720-4099-ba7e-27e16746851b"
ri:d695bae6-3b3f-4c9f-8c2c-a08e42fb8099,work,"RI I,4,2 n. 954",,"Papst Hadrian (II.) schreibt dem Patriarchen Ignatios (von Konstantinopel), er möge sich hüten, (einen Bischof) für Bulgarien zu weihen oder dorthin seinen Klerus zu entsenden (… industria tua ab omni Vulgariae ordinatione immune nullum tuorum illuc mittendo custodias…), denn schließlich solle der Apostolische Stuhl (in Rom), der ihm das Seinige restituiert habe, nun nicht das Eigene verlieren.",available,869,,high,"dept: RI I; issuer: Hadrian II.; date: 0869-06-10; source: Regesta Imperii, Akad. der Wissenschaften und der Literatur | Mainz, CC BY 4.0; retrieved 2026-10-04; https://www.regesta-imperii.de/id/d695bae6-3b3f-4c9f-8c2c-a08e42fb8099"
ri:d6b03a44-1e08-4fbb-8e1b-2df429b890a7,work,[RI VII] H. 13 n. 749,,"Ks. Ludwig erlaubt Komtur und Konvent des Johanniterhauses in Frankfurt [a. Main] wegen ihrer Brandschäden, künftig ohne jegliche Behinderung einmal täglich mit dem Pferd Stöcke, urholtz und abgefallenes Holz aus dem Reichswald bei Frankfurt zu holen, und untersagt seinen Förstern, sie darin zu beeinträchtigen.1",available,1346,,high,"dept: RI VII; issuer: Ludwig der Bayer; place: Frankfurt [a. Main]; date: 1346-05-30; source: Regesta Imperii, Akad. der Wissenschaften und der Literatur | Mainz, CC BY 4.0; retrieved 2026-10-04; https://www.regesta-imperii.de/id/d6b03a44-1e08-4fbb-8e1b-2df429b890a7"
ri:d7a92872-ec60-4d9c-8052-7f0d9b3a9a8f,work,"RI IV,4,4,3 n. 380",,"Urban III. schreibt Bischof (Wilhelm) von Nîmes und dem Abt von St-Gilles (Nemausensi episcopo et ... abbati sancti Egidii) (D. Nîmes) und berichtet, daß der Bote P. des Dompropsts (Peter) von Maguelone (P. nuntius prepositi Magalonensis) am Apostolischen Stuhl eine Klage vorgebracht habe, wonach der Propst die vakante Sakristei der Kirche mit Zustimmung seiner Brüder dem hierfür geeignet erschein …",available,1186,,high,"dept: RI IV; issuer: Urban III.; place: Verona; date: 1186-12-18; source: Regesta Imperii, Akad. der Wissenschaften und der Literatur | Mainz, CC BY 4.0; retrieved 2026-10-04; https://www.regesta-imperii.de/id/d7a92872-ec60-4d9c-8052-7f0d9b3a9a8f"
ri:d879bddb-bebe-4593-a0d5-c4767f4cacb6,work,"RI III,2,3 n. 887",,"Heinrich unternimmt mit 12.000 Mann starken Hilfstruppen, vornehmlich aus Böhmen und Bayern, über das östliche Franken einen verheerenden Zug nach Schwaben gegen Besitzungen und Anhänger des Gegenkönigs Rudolf.",available,1077,,medium,"dept: RI III; issuer: Heinrich IV.; place: Schwaben; date range: 1077-05-01 to 1077-05-31 (year = first possible); source: Regesta Imperii, Akad. der Wissenschaften und der Literatur | Mainz, CC BY 4.0; retrieved 2026-10-04; https://www.regesta-imperii.de/id/d879bddb-bebe-4593-a0d5-c4767f4cacb6"
ri:d897dbf2-118c-48b3-b749-f7e58b57197e,work,"RI I,4,3 n. 522",,"Papst Johannes (VIII.) berichtet König Karlmann (dilecto ac spiritali filio Carlomanno glorioso regi), das (Kirchen)volk (populus) von Vercelli sei wegen der bevorstehenden Bischofswahl in zwei Lager geteilt, bittet (rogamus) den König unter Hinweis auf die Verbundenheit der fränkischen Kaiser mit seinen Vorgängern (progenitores vestros, invictissimos imperatores augustis, circa decessores nostros …",available,879,,high,"dept: RI I; issuer: Johannes VIII.; date: 0879-06-07; source: Regesta Imperii, Akad. der Wissenschaften und der Literatur | Mainz, CC BY 4.0; retrieved 2026-10-04; https://www.regesta-imperii.de/id/d897dbf2-118c-48b3-b749-f7e58b57197e"
ri:d8f077d7-4675-4a15-b7bf-b670a08098ef,work,[RI VII] H. 12 n. †33,,"Kg. Ludwig (1) überträgt Dietrich [I.] von Parsberg1 und seinen Erben für den in den Diensten seines Bruders [Pfalzgraf Rudolf I.] erlittenen Schaden mit Niederhofen bei See, das Dorf See, den Kirchensatz mit dem Dorf See [sic] sowie die Vogtei über die Kirche mit allen Nutzungen, Rechten, Leuten und Gütern, allen derzeit ansässigen Frauen und Männern, die ihm mit Gerichten und Steuer gehören, sow …",available,1317,,high,"dept: RI VII; issuer: Ludwig der Bayer; place: München; date: 1317-03-22; source: Regesta Imperii, Akad. der Wissenschaften und der Literatur | Mainz, CC BY 4.0; retrieved 2026-10-04; https://www.regesta-imperii.de/id/d8f077d7-4675-4a15-b7bf-b670a08098ef"
ri:d8f9359d-5345-4120-b0d4-2137908e81f2,work,[RI XIII] H. 32 n. 53,,Kg.F. untersagt dem Landrichter und den Urteilssprechern des Landgerichts Nürnberg jedes weitere Prozessieren in der Klage des Nürnberger Bürgers Leonhard Groland gegen Hans Bischof von Ratzenwinden.,available,1452,,high,"dept: RI XIII; issuer: Friedrich III.; place: Ferrara; date: 1452-01-24; source: Regesta Imperii, Akad. der Wissenschaften und der Literatur | Mainz, CC BY 4.0; retrieved 2026-10-04; https://www.regesta-imperii.de/id/d8f9359d-5345-4120-b0d4-2137908e81f2"
ri:d94e9d4e-517a-465b-8984-386fc077200d,work,"RI IV,4,4,3 n. †1289",,"(Urban III.) befiehlt Erzbischof Bernhard von Narbonne und Bischof Johannes von Maguelone, über das Land des Grafen Wilhelm VIII. von Maguelone das Interdikt zu verhängen wegen dessen Heirat mit Agnes von Kastilien.",available,1187,,medium,"dept: RI IV; issuer: Urban III.; date range: 1187-01-01 to 1187-12-31 (year = first possible); source: Regesta Imperii, Akad. der Wissenschaften und der Literatur | Mainz, CC BY 4.0; retrieved 2026-10-04; https://www.regesta-imperii.de/id/d94e9d4e-517a-465b-8984-386fc077200d"
ri:da4fb4f2-0362-4f08-b76b-05a85123a031,work,"RI I,3,4 n. 2937",,Papst Sergius (III.) bestätigt Erzbischof Austerius von Lyon die Besitzungen seiner Kirche und genehmigt die Wahl des jeweiligen Erzbischofs aus dem eigenen Klerus sowie seine Mitwirkung bei der Wahl der Suffraganbischöfe.,available,910,,medium,"dept: RI I; issuer: Vorgeschichte und Regierung Ludwigs des Blinden (887/890-928); place: (Rom); date range: 0910-05-01 to 0910-05-31 (year = first possible); source: Regesta Imperii, Akad. der Wissenschaften und der Literatur | Mainz, CC BY 4.0; retrieved 2026-10-04; https://www.regesta-imperii.de/id/da4fb4f2-0362-4f08-b76b-05a85123a031"
ri:db23f282-3a9a-4c9f-96ff-35375480e42d,work,"RI IV,3,2 n. N228",,"Kaiser Heinrich verhandelt mit dem Kanzler König Richards, Bischof Wilhelm von Ely (cancellarius ... Wilellmus episcopus Eliensis), über Richards Aufnahme am kaiserlichen Hof.",available,1193,,medium,"dept: RI IV; issuer: Heinrich VI.; date range: 1193-04-01 to 1193-04-19 (year = first possible); source: Regesta Imperii, Akad. der Wissenschaften und der Literatur | Mainz, CC BY 4.0; retrieved 2026-10-04; https://www.regesta-imperii.de/id/db23f282-3a9a-4c9f-96ff-35375480e42d"
ri:db693f2d-931d-48ee-a335-de6774b3782e,work,"RI VI,4,2 n. 528a",,"Für ihre bisherigen und künftigen Lieferungen an König [Heinrichs] Gesandte erstatten die Anzianen der Kommune Pisa bei deren Ankunft in Pisa 390 Pfund Pisaner Pfennige steuerfrei (sine cabella) an die Lieferanten Puccio Falconis und Bonaventura Scanso. Diese Summe können und sollen die Lieferanten für Lebensmittel und alles andere verwenden, was die Gesandten, ihr Gefolge und ihre Pferde benötige …",available,1310,,high,"dept: RI VI; issuer: Heinrich VII.; place: Pisa; date: 1310-07-06; source: Regesta Imperii, Akad. der Wissenschaften und der Literatur | Mainz, CC BY 4.0; retrieved 2026-10-04; https://www.regesta-imperii.de/id/db693f2d-931d-48ee-a335-de6774b3782e"
ri:dba970b5-aee8-4c94-b6ad-4a6ef1920208,work,[RI XIII] H. 34 n. 286,,"K.F. überträgt Andreas am Greith (Gherewtt), gesessen im Amt (Ober-)Fladnitz, und dessen Erben wissentlich mit dem brief den einst öden Grund im Amt Gschaid, den dessen Vater gerewtt und ingefanngen hat, zinsweise gegen Entrichtung von jährlich 3 Sch. Pf. in das Amt (Ober-)Fladnitz. Er gebietet dem dortigen Amtmann Veit Merchl und dessen Nachfolgern sowie den zum Amt gehörigen Leuten und Holden, A …",available,1479,,high,"dept: RI XIII; issuer: Friedrich III.; place: Graz; date: 1479-05-24; source: Regesta Imperii, Akad. der Wissenschaften und der Literatur | Mainz, CC BY 4.0; retrieved 2026-10-04; https://www.regesta-imperii.de/id/dba970b5-aee8-4c94-b6ad-4a6ef1920208"
ri:dbb5ecad-9b7a-4fa9-bb7e-a1483e2a8bcd,work,[RI VII] H. 14 n. 277,,"Ks. Ludwig (1) gestattet Rheingräfin Hedwig [vom Stein]2, ihre in Oppenheim oder anderswo als Bürger aufgenommenen Leute aufzugreifen, rechtlich zu belangen und zu zwingen wie andere ihrer Leute, (2) versichert, dass sie damit gegen niemanden handelt und weder aufgrund des Landfriedens noch von den Städten belangt werden kann, da er es schon lange untersagt hat, Leute von Herren als Bürger aufzune …",available,1336,,high,"dept: RI VII; issuer: Ludwig der Bayer; place: auf dem Feld bei Freising; date: 1336-09-23; source: Regesta Imperii, Akad. der Wissenschaften und der Literatur | Mainz, CC BY 4.0; retrieved 2026-10-04; https://www.regesta-imperii.de/id/dbb5ecad-9b7a-4fa9-bb7e-a1483e2a8bcd"
ri:dc11c4e0-065d-4d6e-8e99-bcccdaad416e,work,"RI I,4,1 n. 321",,Papst Leo (III.) lässt in der Basilika SS. (Luca e) Martina (in Rom) (basilicae beatae Martinae martyris sita in Tribus Fatis) das Dach erneuern.,available,809,,medium,"dept: RI I; issuer: Leo III.; date range: 0809-01-09 to 0810-08-31 (year = first possible); source: Regesta Imperii, Akad. der Wissenschaften und der Literatur | Mainz, CC BY 4.0; retrieved 2026-10-04; https://www.regesta-imperii.de/id/dc11c4e0-065d-4d6e-8e99-bcccdaad416e"
ri:dc8d735d-89ef-4525-bfee-c7ba2c5e94ca,work,"RI IV,4,4,4 n. 767",,"Clemens III. beauftragt auf die Bitte des Bischofs (Oderisius von Penne) Bischof Atto von Teramo und Bernhard, Mönch des Klosters San Clemente a Casauria (bei Pescara) (D. Penne) (Attoni Aprutino episcopo et domino Berardo monacho s. Clementis), mit der Untersuchung und Beilegung des Streits zwischen dem Bischof von Penne und dem Kloster S. Bartolomeo (in Carpineto) (D. Penne).",available,1187,,medium,"dept: RI IV; issuer: Clemens III.; date range: 1187-01-01 to 1189-12-31 (year = first possible); source: Regesta Imperii, Akad. der Wissenschaften und der Literatur | Mainz, CC BY 4.0; retrieved 2026-10-04; https://www.regesta-imperii.de/id/dc8d735d-89ef-4525-bfee-c7ba2c5e94ca"
ri:dd11fa63-a589-4de8-83d0-922e65130d92,work,"RI III,2,3 n. 865",,"Heinrich empfängt einen Gesandten Rudolfs von Schwaben, den Grafen Manegold (von Altshausen[-Veringen]), welcher ihm mitteilen läßt, daß er zunächst nicht nach Deutschland kommen, sondern entweder Papst Gregor VII. oder aber seine Mutter, die Kaiserin Agnes, vorausschicken solle, damit durch deren Vermittlung sein würdiger und friedlicher Empfang vorbereitet werden könne. Zusammen mit Manegold tri …",available,1077,,medium,"dept: RI III; issuer: Heinrich IV.; place: (wohl Verona); date range: 1077-03-01 to 1077-03-10 (year = first possible); source: Regesta Imperii, Akad. der Wissenschaften und der Literatur | Mainz, CC BY 4.0; retrieved 2026-10-04; https://www.regesta-imperii.de/id/dd11fa63-a589-4de8-83d0-922e65130d92"
ri:ddd16884-6ed2-4f41-916a-058653a38a74,work,"RI IV,4,4,4 n. 151",,"Clemens III. nimmt Bischof Amedeus von Arezzo (Amedeo Aretino episcopo) und dessen Kirche, in der, wie man glaubt, der Leib der Märtyrers Donatus (beati martyris Donati) ruhe, auf dessen Bitten wie Paschal (II.) und Hadrian IV. in den päpstlichen Schutz, bestätigt den Besitz der Klöster S. Salvatore in Camaldoli, Pratalia, Badia a Ruoti, (Fontebuona bei Castelnuovo) Berardenga und Selvamonda (Badi …",available,1188,,high,"dept: RI IV; issuer: Clemens III.; place: Rom, Lateran; date: 1188-03-21; source: Regesta Imperii, Akad. der Wissenschaften und der Literatur | Mainz, CC BY 4.0; retrieved 2026-10-04; https://www.regesta-imperii.de/id/ddd16884-6ed2-4f41-916a-058653a38a74"
ri:de414047-af10-44e8-8db3-d959c1b17e57,work,[RI XIII] H. 32 n. 726,,K.F. desgleichen an die Gesellschaft und Vereinigung mit St. Jörgenschild im Hegau.4,available,1462,,high,"dept: RI XIII; issuer: Friedrich III.; place: [–]; date: 1462-06-21; source: Regesta Imperii, Akad. der Wissenschaften und der Literatur | Mainz, CC BY 4.0; retrieved 2026-10-04; https://www.regesta-imperii.de/id/de414047-af10-44e8-8db3-d959c1b17e57"
ri:de59fc7e-f6bf-427c-97c7-7561986dc910,work,[RI VII] H. 11 n. 202,,"Ks. Ludwig gleichlautend für [Bürger]meister, Räte, Schöffen und Bürgergemeinde von Mühlhausen wie Nr. 201.",available,1329,,high,"dept: RI VII; issuer: Ludwig der Bayer; place: Pavia; date: 1329-07-01; source: Regesta Imperii, Akad. der Wissenschaften und der Literatur | Mainz, CC BY 4.0; retrieved 2026-10-04; https://www.regesta-imperii.de/id/de59fc7e-f6bf-427c-97c7-7561986dc910"
ri:de5d7aaf-b90e-4422-b23b-922dd7c28b48,work,"RI I,2,1 n. 769",,"Karl veranlasst durch Geschenke die mit den Slawen verbündeten Bulgaren (Bulgari sociatis sibi Sclavis), Ludwig (d. Dt.) anzugreifen (?).",available,853,,medium,"dept: RI I; issuer: Karl der Kahle; date range: 0853-07-01 to 0853-12-31 (year = first possible); source: Regesta Imperii, Akad. der Wissenschaften und der Literatur | Mainz, CC BY 4.0; retrieved 2026-10-04; https://www.regesta-imperii.de/id/de5d7aaf-b90e-4422-b23b-922dd7c28b48"
ri:df7fa2c8-7818-45ce-95bc-e4254104c692,work,"RI IV,4,4,4 n. 589",,"Clemens III. teilt Prior (Alexander) von Lenton (Erzd. York), dem Prior von Newstead-on-Ancholm (Erzd. York) und Magister Rad(ulf), Rektor der Kirche von Carlton (de Lenton. et de Novo Loco prioribus et magistro Rad. rectori ecclesie de Carleton.), mit, daß an ihn die Klage des Abts (Solomon) und des Konvents von Thorney (abbatis et conventus Thorney) (D. Ely) gelangt sei, wonach die Kirche von Ty …",available,1189,,high,"dept: RI IV; issuer: Clemens III.; place: Rom, Lateran; date: 1189-03-15; source: Regesta Imperii, Akad. der Wissenschaften und der Literatur | Mainz, CC BY 4.0; retrieved 2026-10-04; https://www.regesta-imperii.de/id/df7fa2c8-7818-45ce-95bc-e4254104c692"
ri:e020a866-8aa3-4fb0-9752-ec9649b5a0fd,work,"RI I,2,1 n. 1206",,Karl schickt den Gesandten (missum) des Emirs Mohammed (I.) von Córdoba (Mohometh regis Sarracenorum) reich beschenkt (muneratum cum plurimis et maximis donis) und in Begleitung einer eigenen Gesandtschaft (suos missos) in ehrenvoller Weise (satis honorifice) zu seinem Emir (ad eundem regem) zurück.,available,864,,high,"dept: RI I; issuer: Karl der Kahle; place: (Compiègne?); date: 0864-07-01; source: Regesta Imperii, Akad. der Wissenschaften und der Literatur | Mainz, CC BY 4.0; retrieved 2026-10-04; https://www.regesta-imperii.de/id/e020a866-8aa3-4fb0-9752-ec9649b5a0fd"
ri:e0ac4c25-d4d6-42f6-a320-1d5782308fd1,work,[RI XIII] H. 38 n. 75,,"Kg.F. beurkundet das Urteil seines kgl. Kammergerichts in der Zwietracht zwischen den alden reten zu Schweinfurt und denjenigen, die sich genennet haben die newen rete von den zunfften und der gemeinde daselbs, demzufolge der alte Rat wiedereingesetzt wird und von den Beklagten auch sachlich und materiell restituiert werden muss. Im Einzelnen wird ausgeführt: Kg.F. hatte beide Parteien zu einem en …",available,1448,,high,"dept: RI XIII; issuer: Friedrich III.; place: Wien; date: 1448-09-27; source: Regesta Imperii, Akad. der Wissenschaften und der Literatur | Mainz, CC BY 4.0; retrieved 2026-10-04; https://www.regesta-imperii.de/id/e0ac4c25-d4d6-42f6-a320-1d5782308fd1"
ri:e0e81fa6-ace6-489b-b613-858682b0e0f7,work,[RI VII] H. 13 n. 335,,"Ks. Ludwig ernennt Graf Berthold VI. von Graisbach und Marstetten, genannt von Neuffen, zum Hauptmann in Oberbayern.",available,1331,,high,"dept: RI VII; issuer: Ludwig der Bayer; place: München; date: 1331-11-01; source: Regesta Imperii, Akad. der Wissenschaften und der Literatur | Mainz, CC BY 4.0; retrieved 2026-10-04; https://www.regesta-imperii.de/id/e0e81fa6-ace6-489b-b613-858682b0e0f7"
ri:e0faabaa-a7f9-4f29-b370-d2eee476675d,work,"RI IV,4,4,6 n. 1566",,"Cölestin III. schreibt den Klerikern von Ontiñena und Alcolea (de Ontignena et Alcoleya clericis) aufgrund der Klage des Priors Bernhard von Santa María in Chalamera (Bernardi prioris sancte Marie de Chalamnera) (D. Lleida/Lérida), wonach die Kleriker Zehnte aus den Ländereien und Weinbergen forderten, die das Kloster selbst bewirtschaftet; obwohl der Papst durch sein Mandat an den Abt von Poblet …",available,1195,,high,"dept: RI IV; issuer: Cölestin III.; place: Rom, Lateran; date: 1195-10-11; source: Regesta Imperii, Akad. der Wissenschaften und der Literatur | Mainz, CC BY 4.0; retrieved 2026-10-04; https://www.regesta-imperii.de/id/e0faabaa-a7f9-4f29-b370-d2eee476675d"
ri:e1b76436-6094-41ab-8825-a2220ecec577,work,"RI III,2,3 n. 1431",,"Heinrich läßt seinen Sohn Heinrich (V.) bei dessen Salbung und Krönung den zuvor in Mainz ihm gegenüber abgelegten Treueid vor allen Fürsten wiederholen, worauf der Treueid der Fürsten folgt.",available,1099,,high,"dept: RI III; issuer: Heinrich IV.; place: Aachen; date: 1099-01-06; source: Regesta Imperii, Akad. der Wissenschaften und der Literatur | Mainz, CC BY 4.0; retrieved 2026-10-04; https://www.regesta-imperii.de/id/e1b76436-6094-41ab-8825-a2220ecec577"
ri:e1f68c8a-4367-402d-bbdb-345e938e817b,work,"RI I,4,3 n. 219",,"Papst Johannes (VIII.) teilt den Bischöfen Dominicus von Olivolo und Leo von Caorle (Dominico Olivolensi et Leonis Caprensi episcopis) mit, daß er den Bischöfen Felix (von Malamocco) und Petrus (von Jesolo) (n. 218), dem zum Bischof von Torcello gewählten Dominicus (n. 216) sowie dem Abt des Klosters (S. Stefano) von Altino, dem Archidiakon von Torcello, dem Archipresbyter, dem Archidiakon Laurent …",available,876,,high,"dept: RI I; issuer: Johannes VIII.; date: 0876-12-01; source: Regesta Imperii, Akad. der Wissenschaften und der Literatur | Mainz, CC BY 4.0; retrieved 2026-10-04; https://www.regesta-imperii.de/id/e1f68c8a-4367-402d-bbdb-345e938e817b"
ri:e26ac513-73d6-49ff-a3b3-fdbaab32b49e,work,"RI IV,4,4,4 n. 201",,"Clemens III. schreibt dem Konvent von Montecassino (conventui Cassinensi) auf dessen Bitten, daß der verstorbene Gentilis von Palearia (bone memorie Gentilis de Palearia), der die Sepultur bei seinem Kloster gewählt habe, den Brüdern des Klosters, die unter Mangel an Kleidung gelitten hätten, für diese Zwecke 16000 Tari gegeben habe; ihr damaliger Abt Peter (bone memorie Petrus quondam abbas veste …",available,1188,,high,"dept: RI IV; issuer: Clemens III.; place: Rom, Lateran; date: 1188-04-10; source: Regesta Imperii, Akad. der Wissenschaften und der Literatur | Mainz, CC BY 4.0; retrieved 2026-10-04; https://www.regesta-imperii.de/id/e26ac513-73d6-49ff-a3b3-fdbaab32b49e"
ri:e328a231-7e52-4f0e-a6eb-e3046caf1847,work,[RI VII] H. 11 n. 50,,"Kg. Ludwig gestattet Markgraf [Friedrich I.] von Meißen oder Markgräfin [Elisabeth] anlässlich der verabredeten Vermählung (hierat)1 seiner Tochter [Mechthild] mit [Friedrich II.], Sohn [Friedrichs I.], Altenburg, Zwickau und Chemnitz für die 10000 Mark Silber, für die sie verpfändet sind, von seinem swager und Fürsten König Johann von Böhmen und Polen laut Aussage der Briefe, die dieser darüber b …",available,1323,,high,"dept: RI VII; issuer: Ludwig der Bayer; place: Regensburg; date: 1323-01-24; source: Regesta Imperii, Akad. der Wissenschaften und der Literatur | Mainz, CC BY 4.0; retrieved 2026-10-04; https://www.regesta-imperii.de/id/e328a231-7e52-4f0e-a6eb-e3046caf1847"
ri:e36beba6-84d0-4e36-8809-99b5eb073c9b,work,[RI XIII] H. 37 n. 107,,Kg.F. belehnt auf Bitten des festen Ulrich von Rümlang (Rumling) diesen als den Ältesten und seine Brüder Heinrich und Dietrich mit der halben Veste Gutenburg als Reichslehen; die Brüder hatten die Veste von Hans Wilhelm in Turn tauschweise erhalten.,available,1442,,high,"dept: RI XIII; issuer: Friedrich III.; place: Zürich; date: 1442-09-28; source: Regesta Imperii, Akad. der Wissenschaften und der Literatur | Mainz, CC BY 4.0; retrieved 2026-10-04; https://www.regesta-imperii.de/id/e36beba6-84d0-4e36-8809-99b5eb073c9b"
ri:e401a3d9-b0a9-4ad3-8109-bcbf10a8ddb4,work,"RI IV,4,4,5 n. 543",,"Cölestin III. bestätigt König Tankred von Sizilien und dessen Erben das Königreich Sizilien, den Dukat von Apulien und das Fürstentum von Capua (nobis et heredibus nostris, qui in regnum successerint, concessistis regnum Sicilie, ducatum Apulie et principatum Capue cum omnibus pertinentiis suis ...) sowie die Bestimmungen des Konkordats von Gravina.",available,1192,,medium,"dept: RI IV; issuer: Cölestin III.; date range: 1192-06-01 to 1192-06-30 (year = first possible); source: Regesta Imperii, Akad. der Wissenschaften und der Literatur | Mainz, CC BY 4.0; retrieved 2026-10-04; https://www.regesta-imperii.de/id/e401a3d9-b0a9-4ad3-8109-bcbf10a8ddb4"
ri:e4323cba-b516-4cbc-a634-3cae1eb51e6e,work,"RI I,2,1 n. 1392",,"Karl überträgt Bischof Hinkmar (von Laon) ein Hofamt, ohne dass der zuständige Metropolit, Erzbischof Hinkmar (von Reims), und dessen Suffragane davon wissen.",available,858,,medium,"dept: RI I; issuer: Karl der Kahle; date range: 0858-03-15 to 0858-06-15 (year = first possible); source: Regesta Imperii, Akad. der Wissenschaften und der Literatur | Mainz, CC BY 4.0; retrieved 2026-10-04; https://www.regesta-imperii.de/id/e4323cba-b516-4cbc-a634-3cae1eb51e6e"
ri:e5827075-9031-414b-a4ec-22edf8577087,work,"RI IV,4,4,6 n. 1909",,"Cölestin III. beauftragt die Bischöfe (Vivianus) von Asolo und (Clemens) von Novigrad (Cittanova) (Esulano et Civitas Nove episcopis), dafür zu sorgen, daß Bischof M(arkus) von Castello (M. Castellanum episcopum) das päpstliche Mandat ausführt und die Kirche S. Bartolomeo (in Venedig) (ecclesiam sancti Bartholomei) dem Stift S. Salvatore (in Venedig) (ecclesie sancti Salvatoris) unterstellt.",available,1195,,medium,"dept: RI IV; issuer: Cölestin III.; date range: 1195-01-27 to 1196-08-08 (year = first possible); source: Regesta Imperii, Akad. der Wissenschaften und der Literatur | Mainz, CC BY 4.0; retrieved 2026-10-04; https://www.regesta-imperii.de/id/e5827075-9031-414b-a4ec-22edf8577087"
ri:e5d4d685-1d37-4b3f-9503-25be5abb9213,work,"RI VI,4,2 n. 306",,"König Heinrich überträgt seinem Fürsten, dem Kölner Erzbischof Heinrich [II., von Virneburg], und dessen Kirche zum Ausgleich für die zahlreichen von ihm im Zusammenhang mit Heinrichs Königswahl getätigten Ausgaben den jüngst nach Heinrichs Erhebung mit dessen Willen bei der Stadt Bonn errichteten Zoll. Diesen Zoll in Höhe von acht Turnosgroschen je Fuder Weins und proportional dazu für alle ander …",available,1309,,high,"dept: RI VI; issuer: Heinrich VII.; place: Frankfurt [am Main]; date: 1309-09-26; source: Regesta Imperii, Akad. der Wissenschaften und der Literatur | Mainz, CC BY 4.0; retrieved 2026-10-04; https://www.regesta-imperii.de/id/e5d4d685-1d37-4b3f-9503-25be5abb9213"
ri:e5f73a7b-9fbe-4960-9ac8-3028baf90322,work,"RI III,2,3 n. 965",,Heinrich feiert das Osterfest und setzt den Abt Udalrich (III.) von St. Gallen zum (Gegen-)Abt der Reichenau ein.,available,1079,,high,"dept: RI III; issuer: Heinrich IV.; place: Regensburg; date: 1079-03-24; source: Regesta Imperii, Akad. der Wissenschaften und der Literatur | Mainz, CC BY 4.0; retrieved 2026-10-04; https://www.regesta-imperii.de/id/e5f73a7b-9fbe-4960-9ac8-3028baf90322"
ri:e5f755cd-1874-4a34-8bd9-c11b3aa37149,work,[RI VII] H. 12 n. 24,,"Kg. Ludwig (1) teilt Schultheiß, Ratsherren und Bürgern von Frankfurt [a. Main] mit, dass er Erzbischof Peter von Mainz und dessen Nachfolgern oder Beauftragten jährliche Einkünfte von 300 Pfund Haller zugewiesen hat, die der Erzbischof von den Frankfurter Juden, seinen Kammerknechten, einnehmen und zum Erhalt der Burgen und Städte (opidorum) Oppenheim, [Gau‑]Odernheim, Schwabsburg und anderer, ih …",available,1315,,high,"dept: RI VII; issuer: Ludwig der Bayer; place: im Lager bei Speyer; date: 1315-03-07; source: Regesta Imperii, Akad. der Wissenschaften und der Literatur | Mainz, CC BY 4.0; retrieved 2026-10-04; https://www.regesta-imperii.de/id/e5f755cd-1874-4a34-8bd9-c11b3aa37149"
ri:e61f1645-782a-4169-8c17-f424e6febc91,work,[RI XIII] H. 35 n. 77,,"K.F. überträgt Balthasar Tannhauser bis auf Widerruf das Schloss Liechtenstein bei Judenburg pflegweise sowie das dortige Landgericht samt Nutzen und Renten bestandsweise gegen Zahlung von jährlich 132 Pfd. Pf. guter landläufiger Münze und befiehlt ihm die Verwaltung der Gülten und Güter, die von Painer an ihn (K.F.) gefallen sind.",available,1480,,medium,"dept: RI XIII; issuer: Friedrich III.; place: [–]; date range: 1480-01-01 to 1480-10-11 (year = first possible); source: Regesta Imperii, Akad. der Wissenschaften und der Literatur | Mainz, CC BY 4.0; retrieved 2026-10-04; https://www.regesta-imperii.de/id/e61f1645-782a-4169-8c17-f424e6febc91"
ri:e6696340-521d-473c-9d5f-f46cf64b21b4,work,"RI I,4,1 n. †10",,"Papst Leo (III.) schenkt dem Bischof Andreas von Ferrara die massa Quartesana (massam idem Quartisianam, quae vocatur Capore) sowie elf weitere massae.",available,795,,medium,"dept: RI I; issuer: Leo III.; date range: 0795-01-01 to 0816-12-31 (year = first possible); source: Regesta Imperii, Akad. der Wissenschaften und der Literatur | Mainz, CC BY 4.0; retrieved 2026-10-04; https://www.regesta-imperii.de/id/e6696340-521d-473c-9d5f-f46cf64b21b4"
ri:e6ebe215-947d-4aac-8f19-e51082c42f36,work,"RI IV,4,4,3 n. 1542",,(Gregor VIII.) gestattet die Übernahme des Ordens von Montjoie durch die Templer.,available,1187,,medium,"dept: RI IV; issuer: Gregor VIII.; date range: 1187-01-01 to 1187-12-31 (year = first possible); source: Regesta Imperii, Akad. der Wissenschaften und der Literatur | Mainz, CC BY 4.0; retrieved 2026-10-04; https://www.regesta-imperii.de/id/e6ebe215-947d-4aac-8f19-e51082c42f36"
ri:e824b585-7a45-4e69-9660-4483e0a4467d,work,[RI VII] H. 13 n. 606,,"Ks. Ludwig bestätigt Abt [Ludwig II.]1 und dem Konvent des Benediktinerklosters Hersfeld auf ihre Bitten und nach dem Vorbild seiner Vorgänger die [inserierte] Urkunde Kaiser Ottos [II.] von 968 Februar 152 sowie alle durch seine Vorgänger verliehenen Privilegien, Freiheiten, Immunitäten, Gnaden, Übertragungen, Zugeständnisse und Rechte.3",available,1340,,high,"dept: RI VII; issuer: Ludwig der Bayer; place: Frankfurt [a. Main]; date: 1340-05-04; source: Regesta Imperii, Akad. der Wissenschaften und der Literatur | Mainz, CC BY 4.0; retrieved 2026-10-04; https://www.regesta-imperii.de/id/e824b585-7a45-4e69-9660-4483e0a4467d"
ri:e865dc56-c509-49e0-8a4d-79cc69c80039,work,"RI IV,4,4,6 n. 2144",,Cölestin III. bestätigt dem Abt und Konvent von Lieu-Restauré (in Bonneuil-en-Valois) (abbati et conventui Loci Restaurati) (D. Soissons) auf ihre Bitten die Zehnten von Bargny und Bourgfontaine (de Berigniaco et de Burfontanis) mit deren Zubehör.,available,1197,,high,"dept: RI IV; issuer: Cölestin III.; place: Rom, Lateran; date: 1197-04-24; source: Regesta Imperii, Akad. der Wissenschaften und der Literatur | Mainz, CC BY 4.0; retrieved 2026-10-04; https://www.regesta-imperii.de/id/e865dc56-c509-49e0-8a4d-79cc69c80039"
ri:e8cacba2-31aa-48cf-816e-144c4ece0abc,work,"RI I,4,1 n. 546",,Papst Eugen (II.) verleiht dem Erzbischof Adalram von Salzburg (Adalrammo archiepiscopo ... sanctae Iuvavensis ecclesiam) das Pallium auf Lebenszeit und gestattet den Gebrauch innerhalb der bayerischen Kirchenprovinz (ecclesiam provinciae Baiouvariorum).,available,824,,high,"dept: RI I; issuer: Eugen II.; date: 0824-11-13; source: Regesta Imperii, Akad. der Wissenschaften und der Literatur | Mainz, CC BY 4.0; retrieved 2026-10-04; https://www.regesta-imperii.de/id/e8cacba2-31aa-48cf-816e-144c4ece0abc"
ri:e8d5ee25-3479-4461-92e2-2d273176fde8,work,[RI XIII] H. 38 n. 254,,"K.F. quittiert seinem Rat Bf. Rudolf (II.) von Würzburg und dessen Nachfolgern die durch Rudolfs Diener Dietz von Thüngen zu unser selbs hand(e)n erfolgte (Abschlags-) Zahlung von achthundert sibenthalben und sechtzig reinisch guldein (866½) und zway teil ains orts eins guldeins1, die an der bfl. Geldschuld abgezogen werden sollen.",available,1475,,high,"dept: RI XIII; issuer: Friedrich III.; place: Andernach; date: 1475-02-06; source: Regesta Imperii, Akad. der Wissenschaften und der Literatur | Mainz, CC BY 4.0; retrieved 2026-10-04; https://www.regesta-imperii.de/id/e8d5ee25-3479-4461-92e2-2d273176fde8"
ri:e9d69c16-132f-4c97-a1f7-711bfc6a4690,work,"RI IV,3,2 n. N140",,König Heinrich schickt Erzbischof (Philipp) von Köln (Coloniensem archiepiscopum) mit dem Heer (nach Italien) voraus.,available,1190,,medium,"dept: RI IV; issuer: Heinrich VI.; date range: 1190-11-01 to 1190-11-30 (year = first possible); source: Regesta Imperii, Akad. der Wissenschaften und der Literatur | Mainz, CC BY 4.0; retrieved 2026-10-04; https://www.regesta-imperii.de/id/e9d69c16-132f-4c97-a1f7-711bfc6a4690"
ri:eaac7346-f0ff-4be5-ace5-74883e01e66f,work,"RI III,2,3 n. 1064",,"Heinrich fordert den Abt von Montecassino, Kardinal Desiderius, über die Grafen von Marsica auf, vor ihm zu erscheinen.",available,1082,,medium,"dept: RI III; issuer: Heinrich IV.; place: (vor Rom ?); date range: 1082-02-01 to 1082-02-28 (year = first possible); source: Regesta Imperii, Akad. der Wissenschaften und der Literatur | Mainz, CC BY 4.0; retrieved 2026-10-04; https://www.regesta-imperii.de/id/eaac7346-f0ff-4be5-ace5-74883e01e66f"
ri:ead5370a-8f5e-48be-92e4-4dc4a07f805f,work,"RI I,4,2 n. 591",,"(König) Karl (von Aquitanien) berichtet Papst Nikolaus (I.) von seiner ohne väterliche Zustimmung eingegangen Ehe und dem darauffolgenden Zerwürfnis mit seinem Vater, Karl (dem Kahlen).",available,862,,medium,"dept: RI I; issuer: Nikolaus I.; date range: 0862-11-01 to 0862-11-30 (year = first possible); source: Regesta Imperii, Akad. der Wissenschaften und der Literatur | Mainz, CC BY 4.0; retrieved 2026-10-04; https://www.regesta-imperii.de/id/ead5370a-8f5e-48be-92e4-4dc4a07f805f"
ri:eb10917b-de6a-4f31-bf50-b9adf76cac76,work,[RI VII] H. 12 n. 223,,"Ks. Ludwig fällt einen Schiedsspruch zwischen seinen Fürsten Erzbischof Heinrich [III.] von Mainz und Erzbischof Balduin von Trier mit folgenden Bestimmungen: (1) Heinrich soll für die Schulden und den Schaden aufkommen, die Balduin im Land Thüringen und anderswo im [Erz]bistum Mainz sowie in Straßburg [als Verwalter] des [Erz]stifts Mainz hinterlassen hat1, (2) die Schulden, die das [Hoch]stift S …",available,1338,,high,"dept: RI VII; issuer: Ludwig der Bayer; place: Bacharach; date: 1338-07-13; source: Regesta Imperii, Akad. der Wissenschaften und der Literatur | Mainz, CC BY 4.0; retrieved 2026-10-04; https://www.regesta-imperii.de/id/eb10917b-de6a-4f31-bf50-b9adf76cac76"
ri:eb30fab1-ac6d-47c9-8a2e-ccee6eb93a20,work,"RI IV,4,4,5 n. 863",,"Cölestin III. schreibt Bischof (Lanfrank) von Pavia (Papiensi episcopo) aufgrund des Berichts der Domkanoniker von Piacenza (canonici Placentini), wonach diese lange Zeit Zehnte des Hofes Portálbera (in curte Portus Albare) im Besitz gehabt hätten, um die es dann aber zwischen dem damaligen Bischof Alfanus von Pavia und den Kanonikern von Piacenza (inter predecessorem tuum Alphanum et ipsos) zum S …",available,1193,,high,"dept: RI IV; issuer: Cölestin III.; place: Rom, Lateran; date: 1193-06-23; source: Regesta Imperii, Akad. der Wissenschaften und der Literatur | Mainz, CC BY 4.0; retrieved 2026-10-04; https://www.regesta-imperii.de/id/eb30fab1-ac6d-47c9-8a2e-ccee6eb93a20"
ri:ebedd696-9eb8-4491-a21d-71d1db81ce32,work,[RI XIII] H. 38 n. 83,,"Kg.F. erteilt allen denjenigen, die an der Fehde Mgf. Albrechts von Brandenburg mit der Stadt Nürnberg und Konrad von Heideck bzw. derjenigen Eb. Dietrichs von Mainz, Mgf. Jakobs von Baden und Gf. Ulrichs (V.) von Württemberg mit den Reichsstädten beteiligt sind, aus kgl. Machtvollkommenheit freies Geleit, vor seinen Fürsten und Räten Eb. Friedrich von Salzburg, Bf. Silvester von Chiemsee, Hz. Alb …",available,1449,,high,"dept: RI XIII; issuer: Friedrich III.; place: Wiener Neustadt; date: 1449-12-26; source: Regesta Imperii, Akad. der Wissenschaften und der Literatur | Mainz, CC BY 4.0; retrieved 2026-10-04; https://www.regesta-imperii.de/id/ebedd696-9eb8-4491-a21d-71d1db81ce32"
ri:ec69a9ea-af97-4ca9-996e-1f0de2aec3fc,work,"RI IV,4,4,6 n. 1563",,"Cölestin III. schreibt Bischof G(erhard III.) von Bologna (G. Bononiensi episcopo), Archipresbiter (Aldegerius) und Dompropst (Mainardus) von Ferrara (archipresbiteri et prepositi Ferrariensis) hätten ihm mitgeteilt, daß Archidiakon (Vitalianus) von Padua und Abt (Dominikus) von S. Giustina (in Padua) (archidiaconus Paduanus et abbas sancte Iustine) als päpstliche Delegaten ein Urteil gegen die Pa …",available,1194,,medium,"dept: RI IV; issuer: Cölestin III.; date range: 1194-10-29 to 1195-10-11 (year = first possible); source: Regesta Imperii, Akad. der Wissenschaften und der Literatur | Mainz, CC BY 4.0; retrieved 2026-10-04; https://www.regesta-imperii.de/id/ec69a9ea-af97-4ca9-996e-1f0de2aec3fc"
ri:eccfcf9c-f4e2-45c1-b0a3-40b157f2acc0,work,"RI I,4,1 n. 239",,Papst Leo (III.) lässt in der Diakonie(kirche) S. Maria Antiqua (in Rom) (in diaconia ipsius Dei genetricis quae appellatur Antiqua) einen silbernen Baldachin über dem Hauptaltar errichten.,available,803,,medium,"dept: RI I; issuer: Leo III.; date range: 0803-01-09 to 0804-08-31 (year = first possible); source: Regesta Imperii, Akad. der Wissenschaften und der Literatur | Mainz, CC BY 4.0; retrieved 2026-10-04; https://www.regesta-imperii.de/id/eccfcf9c-f4e2-45c1-b0a3-40b157f2acc0"
ri:ed229607-a143-45fc-b5a1-72e5fbf5d40b,work,[RI VII] H. 14 n. 385,,"Ks. Ludwig teilt u.a. Walram von Sponheim-Kreuznach mit, dass die Mehrheit der Chorherren des Kollegiatstift St. Peter bei Mainz sich mit ihm verglichen hat.",available,1347,,high,"dept: RI VII; issuer: Ludwig der Bayer; place: München; date: 1347-09-30; source: Regesta Imperii, Akad. der Wissenschaften und der Literatur | Mainz, CC BY 4.0; retrieved 2026-10-04; https://www.regesta-imperii.de/id/ed229607-a143-45fc-b5a1-72e5fbf5d40b"
ri:edb66d2c-d58c-4df5-b956-3acda0b8b884,work,"RI IV,4,4,4 n. 457",,"Clemens III. bestätigt für Erzbischof Wilhelm von Monreale (Guillielmo Montis Regalis archiepiscopo), nachdem König Wilhelm (II.) von Sizilien (Guillielmus illustris Sicilie rex) das dort gegründete und mit Mönchen aus Cava (de' Tirreni) (de Cavensi ordine) besetzte Kloster der Römischen Kirche übertragen und Alexander (III.) es mit Zustimmung des Erzbischofs Walter von Palermo (Gualterii Panormit …",available,1188,,high,"dept: RI IV; issuer: Clemens III.; place: Rom, Lateran; date: 1188-10-28; source: Regesta Imperii, Akad. der Wissenschaften und der Literatur | Mainz, CC BY 4.0; retrieved 2026-10-04; https://www.regesta-imperii.de/id/edb66d2c-d58c-4df5-b956-3acda0b8b884"
ri:eeb1d8c1-a305-4d49-900f-353db8c8f340,work,"RI I,2,1 n. 790",,"Karl restituiert der Bischofskirche Saint-Nazaire zu Autun (sancte matri ecclesie antefate [i.e. Eduorum] civitatis in honore beati Nazarii martyris dicate) auf Bitten des dortigen Bischofs Jonas (reverendi viri Ione, Eduorum pontificis) und mit Zustimmung des Grafen Isembert (mediante assensu illustris comitis Isembardi), dessen Herrschaft die Kirche untersteht (cuius dominio habebatur), die durc …",available,854,,high,"dept: RI I; issuer: Karl der Kahle; place: Bourges; date: 0854-07-26; source: Regesta Imperii, Akad. der Wissenschaften und der Literatur | Mainz, CC BY 4.0; retrieved 2026-10-04; https://www.regesta-imperii.de/id/eeb1d8c1-a305-4d49-900f-353db8c8f340"
ri:eee47710-0c8f-426e-9ead-433332c23127,work,[RI XIII] H. 37 n. 561,,"K.F. verbietet den vier ältesten Domherren zu Konstanz bei Verlust ihrer Pfründeinkünfte, Dr. Ludwig von Freiberg anzuhängen.",available,1475,,medium,"dept: RI XIII; issuer: Friedrich III.; date range: 1475-11-01 to 1493-04-27 (year = first possible); source: Regesta Imperii, Akad. der Wissenschaften und der Literatur | Mainz, CC BY 4.0; retrieved 2026-10-04; https://www.regesta-imperii.de/id/eee47710-0c8f-426e-9ead-433332c23127"
ri:ef673538-cf42-4c8e-b7a1-29f6cf83f21f,work,"RI IV,4,4,3 n. 88",,"Urban III. befiehlt Bischof (Aimerich) von Tripolis (Tripolitano episcopo) aufgrund der Klage der Genuesen (civium Ianuensium), wonach Graf (Raimund III.) von Tripolis (nobilis vir comes Tripolitanus) diesen den dritten Teil der Stadt Tripolis (terciam partem Tripolis) widerrechtlich entzogen und sich geweigert habe, ihn zurückzuerstatten, den Grafen zu ermahnen, diesen Teil zu restituieren oder s …",available,1186,,high,"dept: RI IV; issuer: Urban III.; place: Verona; date: 1186-03-13; source: Regesta Imperii, Akad. der Wissenschaften und der Literatur | Mainz, CC BY 4.0; retrieved 2026-10-04; https://www.regesta-imperii.de/id/ef673538-cf42-4c8e-b7a1-29f6cf83f21f"
ri:efeced45-445b-4750-ab60-b69855642eec,work,[RI VII] H. 13 n. 163,,Kg. Ludwig gleichlautend an Abt Heinrich [VI. des Benediktinerklosters] Fulda für Helmershausen wie Nr. 162.1,available,1323,,high,"dept: RI VII; issuer: Ludwig der Bayer; place: Arnstadt; date: 1323-08-16; source: Regesta Imperii, Akad. der Wissenschaften und der Literatur | Mainz, CC BY 4.0; retrieved 2026-10-04; https://www.regesta-imperii.de/id/efeced45-445b-4750-ab60-b69855642eec"
ri:f07af70b-944c-4847-ad42-38112d543067,work,"RI III,2,3 n. 1568",,"Heinrich erhält eine weitere Nachricht seines Sohnes, König Heinrichs V., der ihn dazu aufruft, ihm zum Abschluss eines Friedens (causa pacis pacto) nach Aachen entgegenzukommen, und ihm, im Falle einer Weigerung, mit einem Krieg droht.",available,1106,,medium,"dept: RI III; issuer: Heinrich IV.; place: Lüttich; date range: 1106-07-20 to 1106-07-31 (year = first possible); source: Regesta Imperii, Akad. der Wissenschaften und der Literatur | Mainz, CC BY 4.0; retrieved 2026-10-04; https://www.regesta-imperii.de/id/f07af70b-944c-4847-ad42-38112d543067"
ri:f089e64d-9042-4401-a13d-d994ea97db8c,work,"RI I,4,1 n. 319",,Papst Leo (III.) lässt (in der Titelkirche) S. Balbina (all'Aventino in Rom) (beatae balbinae martyris) das Dach erneuern.,available,809,,medium,"dept: RI I; issuer: Leo III.; date range: 0809-01-09 to 0810-08-31 (year = first possible); source: Regesta Imperii, Akad. der Wissenschaften und der Literatur | Mainz, CC BY 4.0; retrieved 2026-10-04; https://www.regesta-imperii.de/id/f089e64d-9042-4401-a13d-d994ea97db8c"
ri:f0b734c3-72a4-4376-893f-2a0d0fa03619,work,"RI IV,4,4,4 n. 356",,"Clemens III. schreibt Propst (Bernhard) von Solsona (preposito Celsonensi) (D. Urgel) aufgrund des an ihn gelangten Berichts, wonach Bischof (Arnaldus) von Urgel (Urgellensis episcopus) Exkommunikationen über Kleriker von Kirchen, die zu Solsona (ad ecclesiam Celsonensem) gehören, entgegen den Verboten des (3.) Laterankonzils und seiner Vorgänger ausgesprochen habe, um von diesen die Leistung des …",available,1188,,high,"dept: RI IV; issuer: Clemens III.; place: Rom, Lateran; date: 1188-06-25; source: Regesta Imperii, Akad. der Wissenschaften und der Literatur | Mainz, CC BY 4.0; retrieved 2026-10-04; https://www.regesta-imperii.de/id/f0b734c3-72a4-4376-893f-2a0d0fa03619"
ri:f1e82348-ff68-483d-884b-eefeb671238e,work,[RI XIII] H. 32 n. 790,,K.F. desgleichen an Hz. Ludwig IX. von Bayern-Landshut.,available,1463,,high,"dept: RI XIII; issuer: Friedrich III.; place: [–]; date: 1463-11-26; source: Regesta Imperii, Akad. der Wissenschaften und der Literatur | Mainz, CC BY 4.0; retrieved 2026-10-04; https://www.regesta-imperii.de/id/f1e82348-ff68-483d-884b-eefeb671238e"
ri:f21ae5cd-d902-407f-8e9d-99c985897b93,work,"RI IV,4,4,6 n. 1902",,"Cölestin III. gewährt Abt Hugo von Cluny (Hugoni abbati Cluniacensi) (D. Mâcon) auf dessen Bitten unter Ausschluß der Appellation das Korrektionsrecht in den Abteien, die dem Kloster Cluny gehören (in abbatiis ad Cluniacense monasterium pertinentibus), und bestätigt die Sentenzen, die der Abt gegen Aufsässige verhängen wird.",available,1196,,high,"dept: RI IV; issuer: Cölestin III.; place: Rom, Lateran; date: 1196-08-05; source: Regesta Imperii, Akad. der Wissenschaften und der Literatur | Mainz, CC BY 4.0; retrieved 2026-10-04; https://www.regesta-imperii.de/id/f21ae5cd-d902-407f-8e9d-99c985897b93"
ri:f26a8565-59f7-4472-aae1-cd5ce5361f5b,work,"RI I,3,4 n. 2912",,Ludwig überträgt der (bischöflichen) Kirche von Avignon unter Bischof (Ratfred?) eine unterhalb der Stadt gelegene Insel (quandam insulam subtus Avinione sitam) in genannter Lage mit allem Zubehör und dem dritten Teil des Stadthafens (vgl. Reg. 2932).,available,899,,medium,"dept: RI I; issuer: Vorgeschichte und Regierung Ludwigs des Blinden (887/890-928); date range: 0899-01-01 to 0901-12-31 (year = first possible); source: Regesta Imperii, Akad. der Wissenschaften und der Literatur | Mainz, CC BY 4.0; retrieved 2026-10-04; https://www.regesta-imperii.de/id/f26a8565-59f7-4472-aae1-cd5ce5361f5b"
ri:f26f9b5c-1492-4466-adc2-27d4bdbbe64d,work,[RI VII] H. 12 n. 152,,"Ks. Ludwig gebietet Philipp IV. von Falkenstein1, die diesem verpfändete Reichsstadt Pfeddersheim weder durch die Pfalzgrafen Rudolf II. und Ruprecht I. bei Rhein noch sonst jemanden auslösen zu lassen, wenn kein entsprechender königlicher Befehl vorliegt.2",available,1333,,high,"dept: RI VII; issuer: Ludwig der Bayer; place: Nürnberg; date: 1333-05-01; source: Regesta Imperii, Akad. der Wissenschaften und der Literatur | Mainz, CC BY 4.0; retrieved 2026-10-04; https://www.regesta-imperii.de/id/f26f9b5c-1492-4466-adc2-27d4bdbbe64d"
ri:f39b0426-7fe4-4e81-8cef-0e27fa9aabe4,work,"RI IV,4,4,6 n. 2387",,Cölestin III. gewährt dem Kloster S. Pietro in Villamagna (monasterii sancti Petri de Villa magna) (D. Anagni) ein Privileg.,available,1191,,medium,"dept: RI IV; issuer: Cölestin III.; date range: 1191-01-01 to 1198-12-31 (year = first possible); source: Regesta Imperii, Akad. der Wissenschaften und der Literatur | Mainz, CC BY 4.0; retrieved 2026-10-04; https://www.regesta-imperii.de/id/f39b0426-7fe4-4e81-8cef-0e27fa9aabe4"
ri:f4468c6d-715d-49ed-a13e-df4041fd3be8,work,"RI VI,4,2 n. 613",,"König Heinrich gestattet dem Kölner Erzbischof Heinrich [II., von Virneburg], seinem Fürsten, die Stadt (opidum) Dortmund mit dem Schultheißenamt und den dortigen Juden sowie die Höfe Westhofen und Elmenhorst mit ihren Rechten und Zubehörden, die dem Grafen Eberhard von der Mark einst von König Heinrichs Vorgängern, wie es heißt, für eine gewisse Summe Geldes verpfändet worden waren, von den Erben …",available,1310,,high,"dept: RI VI; issuer: Heinrich VII.; place: Speyer; date: 1310-09-02; source: Regesta Imperii, Akad. der Wissenschaften und der Literatur | Mainz, CC BY 4.0; retrieved 2026-10-04; https://www.regesta-imperii.de/id/f4468c6d-715d-49ed-a13e-df4041fd3be8"
ri:f4609b1d-fa58-4dac-8ee9-04ce87b18bd1,work,"RI I,4,3 n. 432",,"Papst Johannes (VIII.) exkommuniziert (ab omni Christianorum societate separamus) den (Markgrafen) Bernhard (von Gothien), den Sohn (des Grafen) Bernhard (von Maine) und Belihildes (Bernardum filium Bernardi et Belihildis), bis zur Satisfaktionsleistung; begründet seine Entscheidung mit dessen Übergriffen auf Kirchengut, mit dem Widerstand gegen die königliche Gewalt, mit der Entfremdung von Besit …",available,878,,high,"dept: RI I; issuer: Johannes VIII.; place: (Troyes); date: 0878-09-10; source: Regesta Imperii, Akad. der Wissenschaften und der Literatur | Mainz, CC BY 4.0; retrieved 2026-10-04; https://www.regesta-imperii.de/id/f4609b1d-fa58-4dac-8ee9-04ce87b18bd1"
ri:f48b8c2d-cfc2-4d9a-a8b4-312df2f279df,work,[RI XIII] H. 37 n. 39,,"Kg.F. befiehlt seinem Rat Henmann Offenburg, das ihm von K. Sigismund verpfändete Dorf Augst durch den kgl. Rat Wilhelm von Grünenberg auslösen zu lassen. Der Aufschlag auf die Pfandsumme, den Kg. Albrecht (I.) erlaubt und F. bestätigt hat, wird verrechnet, alle Pfandbriefe gehen an Wilhelm von Grünenberg, danach sind Eide und Mannschaft Henmann Offenburgs aufgehoben.",available,1442,,high,"dept: RI XIII; issuer: Friedrich III.; place: Innsbruck; date: 1442-03-18; source: Regesta Imperii, Akad. der Wissenschaften und der Literatur | Mainz, CC BY 4.0; retrieved 2026-10-04; https://www.regesta-imperii.de/id/f48b8c2d-cfc2-4d9a-a8b4-312df2f279df"
ri:f4af33f8-eddf-470c-bc3e-d475f1cbaa66,work,[RI VII] H. 13 n. 182,,Kg. Ludwig stellt an Dekan und Kapitel des Kollegiatstifts St. Maria in Lich eine Erste Bitte zugunsten von Heinrich Rindfleisch aus Wetzlar.,available,1324,,medium,"dept: RI VII; issuer: Ludwig der Bayer; date range: 1324-01-01 to 1324-02-28 (year = first possible); source: Regesta Imperii, Akad. der Wissenschaften und der Literatur | Mainz, CC BY 4.0; retrieved 2026-10-04; https://www.regesta-imperii.de/id/f4af33f8-eddf-470c-bc3e-d475f1cbaa66"
ri:f4d6c372-32fd-4487-ad93-5467ffc03d13,work,"RI III,2,3 n. H22",,Hermann begeht das Osterfest.,available,1084,,high,"dept: RI III; issuer: Hermann von Salm; place: Sachsen; date: 1084-03-31; source: Regesta Imperii, Akad. der Wissenschaften und der Literatur | Mainz, CC BY 4.0; retrieved 2026-10-04; https://www.regesta-imperii.de/id/f4d6c372-32fd-4487-ad93-5467ffc03d13"
ri:f5075254-d7bd-4948-995e-487892adcffc,work,"RI IV,4,4,3 n. 65",,"Urban III. nimmt Abt Nikolaus und die Brüder des Klosters S. Maria in Tiglieto (Nicolao abbati monasterii sancte Marie de Civitacula eiusque fratribus) (D. Acqui) auf deren Bitten in den päpstlichen Schutz, bestätigt die Benediktinerregel und die Institution der Zisterzienser sowie genannte Besitzungen, befreit sie vom Zehnten für Neubrüche bei Eigenbau und für Tierfutter, gewährt das Aufnahmerech …",available,1186,,high,"dept: RI IV; issuer: Urban III.; place: Verona; date: 1186-02-27; source: Regesta Imperii, Akad. der Wissenschaften und der Literatur | Mainz, CC BY 4.0; retrieved 2026-10-04; https://www.regesta-imperii.de/id/f5075254-d7bd-4948-995e-487892adcffc"
ri:f657f478-f2f7-4c21-9d68-8fe2d05f1f79,work,"RI I,4,3 n. 706",,"Papst Johannes (VIII.) befiehlt dem Klerus von Ravenna in einem durch den Diakon und chartolarius Johannes überbrachten Brief, den Bologneser Kleriker Mainbert zu vertreiben.",available,882,,medium,"dept: RI I; issuer: Johannes VIII.; date range: 0882-01-01 to 0882-07-31 (year = first possible); source: Regesta Imperii, Akad. der Wissenschaften und der Literatur | Mainz, CC BY 4.0; retrieved 2026-10-04; https://www.regesta-imperii.de/id/f657f478-f2f7-4c21-9d68-8fe2d05f1f79"
ri:f67b945c-e475-4051-b7ef-51a1c3b54fd6,work,"RI IV,4,4,5 n. 525",,"Cölestin III. schreibt Bischof (Amedeus) von Arezzo (Aretino episcopo), der Prior und die Brüder von Camaldoli (prior et fratres Camaldulenses) (D. Arezzo) hätten ihm mitgeteilt, daß die Vorgänger des Bischofs dem Kloster gewisse Kirchen übertragen und sich dabei das Recht zur Abhaltung von Synoden und Kapitelversammlungen vorbehalten hätten; da dies in den einschlägigen bischöflichen Urkunden nic …",available,1192,,high,"dept: RI IV; issuer: Cölestin III.; place: Rom, St. Peter; date: 1192-06-08; source: Regesta Imperii, Akad. der Wissenschaften und der Literatur | Mainz, CC BY 4.0; retrieved 2026-10-04; https://www.regesta-imperii.de/id/f67b945c-e475-4051-b7ef-51a1c3b54fd6"
ri:f6fb382a-6387-4b22-9086-77409610aa91,work,[RI XIII] H. 31 n. 223,,"K.F. unterrichtet die Stadt Lüneburg von der Klage der Stadt Lübeck, der zufolge letztere wegen ihrer Lage an den Grenzen des Reiches hauptsächlich vom Handel lebe und ihre Bürger und Einwohner über das Lüneburger Gebiet sowie das der angrenzenden Fürstentümer und Landschaften hinweg mit anderen Kaufleuten verkehrten, jedoch durch die Erhöhung der üblichen von alters her festgesetzten Straßen- und …",available,1473,,high,"dept: RI XIII; issuer: Friedrich III.; place: [Augsburg]1; date: 1473-05-14; source: Regesta Imperii, Akad. der Wissenschaften und der Literatur | Mainz, CC BY 4.0; retrieved 2026-10-04; https://www.regesta-imperii.de/id/f6fb382a-6387-4b22-9086-77409610aa91"
ri:f7319fca-ecd3-4794-88a5-87b67e4cd583,work,[RI VII] H. 13 n. 601,,"Ks. Ludwig bestätigt Propst, Dekan und Kapitel des [Kollegiat]stifts [St. Peter] in Wimpfen [im Tal] einerseits sowie Rat und Bürgergemeinde der Stadt (oppidi vallis) Wimpfen im Tal andererseits den [inserierten] Schiedsspruch der Ritter Gerung [II.] von Helmstadt1 und Konrad von Neipperg, genannt von Waldenstein, des Schultheißen Peter von Wimpfen und Konrads, genannt Sensfelder, von 1302 Juni 52 …",available,1340,,high,"dept: RI VII; issuer: Ludwig der Bayer; place: Aschaffenburg; date: 1340-06-10; source: Regesta Imperii, Akad. der Wissenschaften und der Literatur | Mainz, CC BY 4.0; retrieved 2026-10-04; https://www.regesta-imperii.de/id/f7319fca-ecd3-4794-88a5-87b67e4cd583"
ri:f8195d83-558b-4b6a-a62c-5a2c93083700,work,"RI IV,4,4,6 n. 2732",,Cölestin III. zitiert Erzbischof (Johannes) von Trier (Treverensi archiepiscopo) an die Kurie wegen der von Domdekan (Wilhelm) von Trier (maior Treverensis decanus) gegen diesen erhobenen Vorwürfe.,available,1192,,medium,"dept: RI IV; issuer: Cölestin III.; date range: 1192-01-01 to 1198-12-31 (year = first possible); source: Regesta Imperii, Akad. der Wissenschaften und der Literatur | Mainz, CC BY 4.0; retrieved 2026-10-04; https://www.regesta-imperii.de/id/f8195d83-558b-4b6a-a62c-5a2c93083700"
ri:f829b8a9-e939-4bad-a648-a98ce49b691b,work,"RI I,3,4 n. 2708",,"Papst Johannes (VIII.) lädt die Erzbischöfe Rostagnus von Arles, Aurelian von Lyon, Rotbert von Aix, Teutrand (Teutramnus) von Tarentaise, Siquibbodo (Sigebod) von Narbonne und Aribert von Embrun mit ihren Suffraganen zu einer für den 2. Juli in Langres geplanten Universalsynode ein (universalem synodum).",available,878,,medium,"dept: RI I; issuer: Westfränkische Vorherrschaft - Aufstieg Bosos von Vienne (869-879); date range: 0878-05-20 to 0878-06-10 (year = first possible); source: Regesta Imperii, Akad. der Wissenschaften und der Literatur | Mainz, CC BY 4.0; retrieved 2026-10-04; https://www.regesta-imperii.de/id/f829b8a9-e939-4bad-a648-a98ce49b691b"
ri:f98c8576-99d5-4a31-a2d8-b4de23eb1821,work,[RI VII] H. 13 n. 154,,"Kg. Ludwig gestattet dem festen Mann Ritter Eberhard [II.] von Randeck1 auf dessen Bitten, seiner Ehefrau Ida die Güter Mulendwert2 mit zwei Fischteichen, genannt Sluth und Orzut, mit dem Recht, mit dem sie Eberhard von seinem Vorgänger König Heinrich [VII.] als Burglehen der [Reichs]burg Oppenheim mit Zubehör übertragen wurden3, auf Lebenszeit anzuweisen.4",available,1323,,high,"dept: RI VII; issuer: Ludwig der Bayer; place: bei Nürnberg; date: 1323-05-15; source: Regesta Imperii, Akad. der Wissenschaften und der Literatur | Mainz, CC BY 4.0; retrieved 2026-10-04; https://www.regesta-imperii.de/id/f98c8576-99d5-4a31-a2d8-b4de23eb1821"
ri:f998a06d-aecb-46a7-a99a-4798d07e6122,work,"RI IV,4,4,4 n. 804",,"Clemens III. nimmt Abt Menricus und die Brüder des Klosters St. Marien in Rastede (Menrico abbati monasterii sancte Marie de Radestade eiusque fratribus) (Erzd. Hamburg-Bremen), das von Graf Huno (von Oldenburg), dessen Frau Willa und ihrem Sohn Friedrich (ab Hunone comite et uxore eius Willa et Frederico filio eorum comite) gestiftet und dem hl. Petrus übertragen worden ist, auf deren Bitten wie …",available,1190,,high,"dept: RI IV; issuer: Clemens III.; place: Rom, Lateran; date: 1190-03-24; source: Regesta Imperii, Akad. der Wissenschaften und der Literatur | Mainz, CC BY 4.0; retrieved 2026-10-04; https://www.regesta-imperii.de/id/f998a06d-aecb-46a7-a99a-4798d07e6122"
ri:f9f4dad0-3a7a-4923-9a11-dc4db28f3d53,work,[RI XIII] H. 32 n. 1121,,"K.F. teilt dem Richter Ludwig Eyb (d. Ä.) und den Urteilssprechern des Landgerichts des Burggrafentums Nürnberg mit, dass er die durch den Anwalt der Kläger eingelegte Appellation von Hans und Ulrich Teurl (Tewrlin), Fritz Voit, Peter Schmid, Hans Schuster, Paul Holzschuher,1 ebenso Kunz, Hans und Elsbeth als Kunz Klügels nachgelassene Erben, Jörg Amman und Kunz Steck als Vormünder von Katharina, …",available,1490,,high,"dept: RI XIII; issuer: Friedrich III.; place: Linz; date: 1490-11-10; source: Regesta Imperii, Akad. der Wissenschaften und der Literatur | Mainz, CC BY 4.0; retrieved 2026-10-04; https://www.regesta-imperii.de/id/f9f4dad0-3a7a-4923-9a11-dc4db28f3d53"
ri:fa1e805c-c5b6-4094-9a60-a6435f09c7e9,work,"RI I,4,3 n. 155",,"Papst Johannes (VIII.) lädt den dux Ursus von Venedig genauso wie die Suffraganbischöfe (des Patriarchen Petrus von Grado) (vgl. n. 151 und n. 152) nach Rom, damit der Streit zwischen Petrus und seinen Suffraganen vor dem heiligen Stuhl entschieden werde.",available,876,,medium,"dept: RI I; issuer: Johannes VIII.; date range: 0876-01-01 to 0876-02-28 (year = first possible); source: Regesta Imperii, Akad. der Wissenschaften und der Literatur | Mainz, CC BY 4.0; retrieved 2026-10-04; https://www.regesta-imperii.de/id/fa1e805c-c5b6-4094-9a60-a6435f09c7e9"
ri:faa70124-2f6a-407b-a2af-d9356fed0113,work,"RI III,2,3 n. 1105",,"Heinrich (Heinricus Heinrici filius imperatoris secundi) schenkt der erzbischöflichen Kirche zu Bremen-Hamburg aufgrund der im Sachsenkrieg und bei der Einnahme Roms bewiesenen Treue und tatkräftigen Hilfe Erzbischof Liemars die im Gau Hamaland in der Grafschaft Gerhards gelegene, zu Ehren des hl. Veit errichtete Abtei zu Elten am Rhein und erneuert die Übertragung des Königshofes Lesum sowie weit …",available,1083,,high,"dept: RI III; issuer: Heinrich IV.; place: Rom (X kal. iulii, Rome; date: 1083-06-22; source: Regesta Imperii, Akad. der Wissenschaften und der Literatur | Mainz, CC BY 4.0; retrieved 2026-10-04; https://www.regesta-imperii.de/id/faa70124-2f6a-407b-a2af-d9356fed0113"
ri:fb68b656-692d-46d0-af08-375a4c053474,work,"RI IV,4,4,4 n. 758",,Clemens III. beauftragt Bischof Peter von Arras (Petrus ... Attrebatensis ecclesie minister) mit der Untersuchung und Beilegung des Streits zwischen den Johannitern von Haute-Avesnes (D. Arras) und Ritter Balduin von Belfort (inter fratres hospitalis de Auteavenne et nobilem virum Baldoinum de Belfort militem) um zwei Teile der Zehnten von Bavelincourt (Bavesencort).,available,1187,,medium,"dept: RI IV; issuer: Clemens III.; date range: 1187-01-01 to 1189-12-31 (year = first possible); source: Regesta Imperii, Akad. der Wissenschaften und der Literatur | Mainz, CC BY 4.0; retrieved 2026-10-04; https://www.regesta-imperii.de/id/fb68b656-692d-46d0-af08-375a4c053474"
ri:fc48fe86-c2ec-478d-8d0c-866eac034f16,work,"RI I,4,2 n. 601",,"Papst Nikolaus (I.) befiehlt (praecipimus) dem Grafen Stephan (von der Auvergne) (Stephano comiti) die unverzügliche Restitution des vertriebenen Bischofs Sigo von Clermont (… Sigone Altvernensi episcopo …) anstelle des von Stephan eingesetzten Klerikers Ado (… eius pervasorem Adonem clericum …), gebietet (sancimus) ihm für seine Vergehen die Leistung von Genugtuung vor den Legaten (Bischof Radoal …",available,862,,medium,"dept: RI I; issuer: Nikolaus I.; date range: 0862-12-01 to 0863-05-31 (year = first possible); source: Regesta Imperii, Akad. der Wissenschaften und der Literatur | Mainz, CC BY 4.0; retrieved 2026-10-04; https://www.regesta-imperii.de/id/fc48fe86-c2ec-478d-8d0c-866eac034f16"
ri:fcb3b87f-d7ca-4f2f-9ee7-ab14412233f7,work,[RI XIII] H. 32 n. 677,,K.F. desgleichen an Hz. Wenzel von Schlesien-Ratibor (! 1456 gest.).,available,1462,,high,"dept: RI XIII; issuer: Friedrich III.; place: [–]; date: 1462-05-26; source: Regesta Imperii, Akad. der Wissenschaften und der Literatur | Mainz, CC BY 4.0; retrieved 2026-10-04; https://www.regesta-imperii.de/id/fcb3b87f-d7ca-4f2f-9ee7-ab14412233f7"
ri:fcd8a6ad-2ddb-4797-9893-f1276029c44a,work,"RI IV,4,4,3 n. 119",,"Urban III. schreibt dem Prior und dem Kapitel von Mont-St-Éloi (priori et capitulo de Monte sancti Eligii) (D. Arras) aufgrund ihres Berichts, wonach sein Vorgänger Lucius (III.) ihrem Abt J(ohannes) (I. abbati vestro) das Recht, die Mitra zu tragen, gewährt habe; hierüber ungehalten habe sich Bischof (Peter) von Arras (Attrebatensis episcopus) zum Priorat von Aubigny (D. Arras) begeben (ad eccles …",available,1186,,high,"dept: RI IV; issuer: Urban III.; place: Verona; date: 1186-04-18; source: Regesta Imperii, Akad. der Wissenschaften und der Literatur | Mainz, CC BY 4.0; retrieved 2026-10-04; https://www.regesta-imperii.de/id/fcd8a6ad-2ddb-4797-9893-f1276029c44a"
ri:fcdeba2f-79fe-4e11-91c2-9ddf6d851685,work,[RI VII] H. 13 n. 418,,"Ks. Ludwig (1) quittiert den Bürgern der [Reichsstadt] Frankfurt [a. Main] die auf seine Bitten und aufgrund seines Bedarfs erfolgte Zahlung der am kommenden Martinstag1 sowie am darauf folgenden Martinstag2 fälligen zwei Steuerraten, (2) sagt sie ab kommendem Martinstag uber zwei jar3 davon los und (3) erklärt etwaige Übertragungen dieser zwei Steuerraten auf andere für ungültig.4",available,1333,,high,"dept: RI VII; issuer: Ludwig der Bayer; place: Frankfurt [a. Main]; date: 1333-05-18; source: Regesta Imperii, Akad. der Wissenschaften und der Literatur | Mainz, CC BY 4.0; retrieved 2026-10-04; https://www.regesta-imperii.de/id/fcdeba2f-79fe-4e11-91c2-9ddf6d851685"
ri:fe19e7b8-bd53-47ec-b0e3-0e5ca2182896,work,"RI I,4,1 n. †386",,Papst Leo III. gestattet am 9. November 814 (anno Dom. 814 ... die nono Novembris) die Absetzung des Bischofs Christophorus von Olivolo auf Bitten venetischer Adeliger und die Einsetzung von Ursus als dessen Nachfolger.,available,814,,high,"dept: RI I; issuer: Leo III.; date: 0814-11-09; source: Regesta Imperii, Akad. der Wissenschaften und der Literatur | Mainz, CC BY 4.0; retrieved 2026-10-04; https://www.regesta-imperii.de/id/fe19e7b8-bd53-47ec-b0e3-0e5ca2182896"
ri:fe770e30-4e49-4caf-a3d4-0af82aa0a563,work,"RI IV,4,4,6 n. 2220",,"Cölestin III. bestätigt Bischof Rodericus von Sigüenza (Rodirico episcopo Seguntino) auf dessen Bitten die im folgenden inserierte Festsetzung, die der Bischof mit dem Rat des Domkapitels über das Amt des Sakristans (constitutionem sacristanie) getroffen hat.",available,1197,,high,"dept: RI IV; issuer: Cölestin III.; place: Rom, Lateran; date: 1197-06-11; source: Regesta Imperii, Akad. der Wissenschaften und der Literatur | Mainz, CC BY 4.0; retrieved 2026-10-04; https://www.regesta-imperii.de/id/fe770e30-4e49-4caf-a3d4-0af82aa0a563"
ri:ff979bbd-f765-438d-bac5-0c8489adf231,work,"RI VI,4,2 n. 587",,"Für ihren Herrn König Heinrich den Adligen Hugo von Montfort und Wilhelm von Enna und deren Erben 92 Mark reinen und lötigen Silbers, Straßburger Gewichtes, zahlbar bis zum nächsten Weihnachtsfest, schuldig zu sein, erklären Bürgermeister, Rat und Bürger von Hagenau. Als Bürgen dafür stellen sie die Schöffen Otto von Eschbach, Wolfram Clos, Reinfried von Stalnhofen, Heinzemann von Scheiden, Johann …",available,1310,,high,"dept: RI VI; issuer: Heinrich VII.; date: 1310-08-17; source: Regesta Imperii, Akad. der Wissenschaften und der Literatur | Mainz, CC BY 4.0; retrieved 2026-10-04; https://www.regesta-imperii.de/id/ff979bbd-f765-438d-bac5-0c8489adf231"
ri:fff95404-6080-4eed-89aa-2d8c8d3fee62,work,[RI XIII] H. 32 n. 176,,K.F. desgleichen an St. Jörgen Gesellschaft.,available,1459,,high,"dept: RI XIII; issuer: Friedrich III.; place: [Wien]1; date: 1459-06-04; source: Regesta Imperii, Akad. der Wissenschaften und der Literatur | Mainz, CC BY 4.0; retrieved 2026-10-04; https://www.regesta-imperii.de/id/fff95404-6080-4eed-89aa-2d8c8d3fee62"
ri:fff9e79f-0b8f-4877-8987-7a0f7f62f6f9,work,"RI IV,4,4,5 n. 448",,"Cölestin III. schreibt (Erz)bischof W(alter) von Rouen und Bischof (Gaufried) von Winchester (W. Rothomagensi et Wintoniensi episcopis), daß schon zu Zeiten seiner Vorgänger Alexander (III.), Lucius (III.), Urban (III.) und Clemens (III.) viele Schreiben an viele Personen ergangen seien wegen der Rückzahlung der in ihrer Höhe genauer genannten Gelder, die er, der Papst, als Kardinal(-diakon Iacint …",available,1192,,high,"dept: RI IV; issuer: Cölestin III.; place: Rom, Lateran; date: 1192-05-02; source: Regesta Imperii, Akad. der Wissenschaften und der Literatur | Mainz, CC BY 4.0; retrieved 2026-10-04; https://www.regesta-imperii.de/id/fff9e79f-0b8f-4877-8987-7a0f7f62f6f9"
ri:fffde860-51de-43f8-8289-0995a4e2c8a1,work,"RI I,4,3 n. 204",,"Papst Johannes (VIII.) teilt Frothar, dem bisherigen Erzbischof von Bordeaux (Frothario, dudum quidem Burdegalensi, nunc autem Bituricensi archiepiscopo), mit, daß er nun dem vakanten erzbischöflichen Sitz von Bourges vorstehen solle (in ecclesia Bituricensi ... ab hac pręsenti decima indictione pręferre ... et incardinatam pręficere), nachdem die Kirche und fast die gesamte Provinz Bordeaux durch …",available,876,,medium,"dept: RI I; issuer: Johannes VIII.; date range: 0876-10-20 to 0876-10-31 (year = first possible); source: Regesta Imperii, Akad. der Wissenschaften und der Literatur | Mainz, CC BY 4.0; retrieved 2026-10-04; https://www.regesta-imperii.de/id/fffde860-51de-43f8-8289-0995a4e2c8a1"
ri:fffeb107-a9cd-4348-b798-2896da345e6d,work,[RI VII] H. 13 n. 91,,"Kg. Ludwig erklärt, dass er den Edlen Philipp [III.], dem Älteren und Philipp [IV.] dem Jüngeren von Falkenstein1, Gottfried [IV.] von Eppstein2 und Ulrich [II.] von Hanau3 für vergangene und künftige Reichsdienste die jährliche von den Bürgern der [Reichs]städte Friedberg und Wetzlar aufzubringende Steuer in Höhe von 800 Mark Wetterauer Pfennige4 solange übertragen hat, bis die den Empfängern ges …",available,1317,,high,"dept: RI VII; issuer: Ludwig der Bayer; place: Oppenheim; date: 1317-12-20; source: Regesta Imperii, Akad. der Wissenschaften und der Literatur | Mainz, CC BY 4.0; retrieved 2026-10-04; https://www.regesta-imperii.de/id/fffeb107-a9cd-4348-b798-2896da345e6d"
