entity_id,entity_type,canonical_name,aliases,description,relation,start_year,end_year,confidence,notes
dprr:aburius-1,person,Gaius Aburius,,Roman magistrate; offices: ambassador,alive,-210,-165,low,RE Aburius 1; MRR1 attestations 171 BCE to 171 BCE (n=1); floruit derived: earliest attestation - 40 and latest + 5
dprr:aburius-2,person,Marcus Aburius,,Roman magistrate; offices: praetor; tribune of the plebs,alive,-226,-170,medium,RE Aburius 2; MRR1 attestations 187 BCE to 176 BCE (n=2); floruit derived: earliest attestation - 40 and latest + 5
dprr:acilius-10,person,Manius Acilius,,Roman magistrate; offices: ambassador,alive,-249,-204,low,RE Acilius 10; MRR1 attestations 210 BCE to 210 BCE (n=1); floruit derived: earliest attestation - 40 and latest + 5
dprr:acilius-15,person,Marcus Acilius Caninus,? M. Acilius Caninus (or Caninianus) (15)|M. Acilius Caninus (Caninianus?) (15)|M. Acilius Caninus (or Caninianus?) (15),Roman magistrate; offices: praetor; promagistrate; legate,alive,-87,-38,medium,RE Acilius 15; MRR2 attestations 48 BCE to 44 BCE (n=5); floruit derived: earliest attestation - 40 and latest + 5
dprr:acilius-16,person,Marcus Acilius Glabrio,,Roman magistrate; offices: consul,alive,-72,-27,low,RE Acilius 16; MRR2 attestations 33 BCE to 33 BCE (n=1); floruit derived: earliest attestation - 40 and latest + 5
dprr:acilius-25,person,Manius Acilius Balbus,M'. Acilius L. f. K. n. Balbus (25),Roman magistrate; offices: consul; praetor,alive,-192,-144,medium,RE Acilius 25; MRR1 attestations 153 BCE to 150 BCE (n=2); floruit derived: earliest attestation - 40 and latest + 5
dprr:acilius-26,person,Manius Acilius Balbus,? M. Acilius Balbus (26),Roman magistrate; offices: consul; praetor,alive,-156,-108,medium,RE Acilius 26; MRR1 attestations 117 BCE to 114 BCE (n=2); floruit derived: earliest attestation - 40 and latest + 5
dprr:acilius-35,person,Manius Acilius Glabrio,M'. Acilius C. f. L. n. Glabrio (35),Roman magistrate; offices: consul; praetor; aedile,alive,-240,-184,medium,RE Acilius 35; MRR1 attestations 201 BCE to 190 BCE (n=6); floruit derived: earliest attestation - 40 and latest + 5
dprr:acilius-36,person,Manius Acilius Glabrio,? M'. Acilius Glabrio (36)|M'. Acilius M'. f. C. n. Glabrio (36),Roman magistrate; offices: consul; praetor; aedile,alive,-220,-148,high,RE Acilius 36; MRR1 attestations 181 BCE to 154 BCE (n=4); floruit derived: earliest attestation - 40 and latest + 5
dprr:acilius-37,person,Manius Acilius Glabrio,,Roman magistrate; offices: tribune of the plebs,alive,-161,-116,low,RE Acilius 37; MRR1 attestations 122 BCE to 122 BCE (n=1); floruit derived: earliest attestation - 40 and latest + 5
dprr:acilius-38,person,Manius Acilius Glabrio,M´. Acilius Glabrio (38)|M’. Acilius M’. f. M’. n. Glabrio (38),Roman magistrate; offices: consul; praetor; promagistrate,alive,-112,-51,high,RE Acilius 38; MRR2 attestations 73 BCE to 57 BCE (n=5); floruit derived: earliest attestation - 40 and latest + 5
dprr:acilius-6,person,Lucius Acilius,,Roman magistrate; offices: legate,alive,-220,-175,low,RE Acilius 6; MRR1 attestations 181 BCE to 181 BCE (n=1); floruit derived: earliest attestation - 40 and latest + 5
dprr:acilius-8,person,Lucius Acilius,,Roman magistrate; offices: legate,alive,-129,-84,low,RE Acilius 8; MRR2 attestations 90 BCE to 90 BCE (n=1); floruit derived: earliest attestation - 40 and latest + 5
dprr:acilius-9,person,Manius Acilius,,Roman magistrate; offices: triumvir,alive,-257,-212,low,RE Acilius 9; MRR1 attestations 218 BCE to 218 BCE (n=1); floruit derived: earliest attestation - 40 and latest + 5
dprr:acutius-1,person,Marcus Acutius,,Roman magistrate; offices: tribune of the plebs,alive,-440,-395,low,RE Acutius 1; MRR1 attestations 401 BCE to 401 BCE (n=1); floruit derived: earliest attestation - 40 and latest + 5
dprr:aebutius-10,person,Titus Aebutius Parrus,T. Aebutius (Parrus) (10),Roman magistrate; offices: praetor; promagistrate; triumvir,alive,-222,-167,medium,RE Aebutius 10; MRR1 attestations 183 BCE to 173 BCE (n=5); floruit derived: earliest attestation - 40 and latest + 5
dprr:aebutius-11,person,Lucius Aebutius Helva,,Roman magistrate; offices: consul,alive,-502,-457,low,RE Aebutius 11; MRR1 attestations 463 BCE to 463 BCE (n=1); floruit derived: earliest attestation - 40 and latest + 5
dprr:aebutius-12,person,Marcus Aebutius Helva,,Roman magistrate; offices: triumvir,alive,-481,-436,low,RE Aebutius 12; MRR1 attestations 442 BCE to 442 BCE (n=1); floruit derived: earliest attestation - 40 and latest + 5
dprr:aebutius-13,person,Marcus Aebutius Helva,,Roman magistrate; offices: praetor,alive,-207,-162,low,RE Aebutius 13; MRR1 attestations 168 BCE to 168 BCE (n=1); floruit derived: earliest attestation - 40 and latest + 5
dprr:aebutius-15,person,Titus Aebutius Helva,T. Aebutius T. f. Flavus ? (Helva ?) Pat. (15),Roman magistrate; offices: master of horse; consul; envoy,alive,-538,-487,medium,RE Aebutius 15; MRR1 attestations 499 BCE to 493 BCE (n=3); floruit derived: earliest attestation - 40 and latest + 5
dprr:aebutius-2,person,Aebutius,,Roman magistrate; offices: praetor,alive,-164,-119,low,RE Aebutius 2; MRR1 attestations 125 BCE to 125 BCE (n=1); floruit derived: earliest attestation - 40 and latest + 5
dprr:aebutius-3,person,Decimus Aebutius Cor,,Roman magistrate; offices: military tribune,alive,-128,-83,low,RE Aebutius 3; MRR2 attestations 89 BCE to 89 BCE (n=1); floruit derived: earliest attestation - 40 and latest + 5
dprr:aebutius-7,person,Marcus Aebutius,,Roman magistrate; offices: military tribune,alive,-217,-172,low,RE Aebutius 7; MRR1 attestations 178 BCE to 178 BCE (n=1); floruit derived: earliest attestation - 40 and latest + 5
dprr:aelius-1,person,Aelius,,Roman magistrate; offices: tribune of the plebs,alive,-192,-147,low,RE Aelius 1; MRR1 attestations 153 BCE to 153 BCE (n=1); floruit derived: earliest attestation - 40 and latest + 5
dprr:aelius-10,person,Publius Aelius,,Roman magistrate; offices: triumvir,alive,-240,-171,medium,RE Aelius 10; MRR1 attestations 201 BCE to 177 BCE (n=2); floruit derived: earliest attestation - 40 and latest + 5
dprr:aelius-100,person,Publius Aelius Paetus,300- ?: P. Aelius Paetus (100),Roman magistrate; offices: master of horse; consul; augur,alive,-376,-294,high,RE Aelius 100; MRR1 attestations 337 BCE to 300 BCE (n=3); floruit derived: earliest attestation - 40 and latest + 5
dprr:aelius-101,person,Publius Aelius Paetus,P. Aelius Q. f. P. n. Paetus (101)|208-174: P. Aelius Paetus (101)|? P. Aelius Paetus (101)|Sex. Aelius Q. f. P. n. Paetus Catus (101),Roman magistrate; offices: master of horse; consul; censor,alive,-247,-168,high,RE Aelius 101; MRR1 attestations 208 BCE to 174 BCE (n=15); floruit derived: earliest attestation - 40 and latest + 5
dprr:aelius-103,person,Quintus Aelius Paetus,,Roman magistrate; offices: pontifex,alive,-255,-210,low,RE Aelius 103; MRR1 attestations 216 BCE to 216 BCE (n=1); floruit derived: earliest attestation - 40 and latest + 5
dprr:aelius-104,person,Quintus Aelius Paetus,Q. Aelius (Paetus ?) or Tubero ?) (104)|Q. Aelius P. f. Q. n. Paetus (104),Roman magistrate; offices: consul; praetor; tribune of the plebs,alive,-216,-161,medium,RE Aelius 104; MRR1 attestations 177 BCE to 167 BCE (n=4); floruit derived: earliest attestation - 40 and latest + 5
dprr:aelius-105,person,Sextus Aelius Paetus Catus,Sex. Aelius Paetus (Catus) (105)|Sex. Aelius Q. f. P. n. Paetus Catus (105),Roman magistrate; offices: consul; aedile; triumvir,alive,-239,-192,medium,RE Aelius 105; MRR1 attestations 200 BCE to 198 BCE (n=3); floruit derived: earliest attestation - 40 and latest + 5
dprr:aelius-12,person,Quintus Aelius,,Roman magistrate; offices: tribune of the plebs,alive,-216,-171,low,RE Aelius 12; MRR1 attestations 177 BCE to 177 BCE (n=1); floruit derived: earliest attestation - 40 and latest + 5
dprr:aelius-13,person,Titus Aelius,,Roman magistrate; offices: military tribune,alive,-217,-172,low,RE Aelius 13; MRR1 attestations 178 BCE to 178 BCE (n=1); floruit derived: earliest attestation - 40 and latest + 5
dprr:aelius-150,person,Lucius Aelius Tubero,,Roman magistrate; offices: praetor; promagistrate; legate,alive,-100,-43,medium,RE Aelius 150; MRR2 attestations 61 BCE to 49 BCE (n=5); floruit derived: earliest attestation - 40 and latest + 5
dprr:aelius-152,person,Publius Aelius Tubero,,Roman magistrate; offices: praetor; aedile; ambassador,alive,-241,-171,high,RE Aelius 152; MRR1 attestations 202 BCE to 177 BCE (n=5); floruit derived: earliest attestation - 40 and latest + 5
dprr:aelius-153,person,Quintus Aelius Tubero,,Roman magistrate; offices: tribune of the plebs; triumvir,alive,-233,-186,medium,RE Aelius 153; MRR1 attestations 194 BCE to 192 BCE (n=3); floruit derived: earliest attestation - 40 and latest + 5
dprr:aelius-154,person,Quintus Aelius Tubero,,Roman magistrate; offices: legate,alive,-207,-162,low,RE Aelius 154; MRR1 attestations 168 BCE to 168 BCE (n=1); floruit derived: earliest attestation - 40 and latest + 5
dprr:aelius-155,person,Quintus Aelius Tubero,,Roman magistrate; offices: tribune of the plebs,alive,-169,-124,low,RE Aelius 155; MRR1 attestations 130 BCE to 130 BCE (n=1); floruit derived: earliest attestation - 40 and latest + 5
dprr:aelius-5,person,Gaius Aelius,,Roman magistrate; offices: tribune of the plebs,alive,-324,-279,low,RE Aelius 5; MRR1 attestations 285 BCE to 285 BCE (n=1); floruit derived: earliest attestation - 40 and latest + 5
dprr:aelius-75,person,Lucius Aelius Lamia,? L. Aelius Lamia (75),Roman magistrate; offices: praetor; aedile,alive,-84,-36,medium,RE Aelius 75; MRR2 attestations 45 BCE to 42 BCE (n=3); floruit derived: earliest attestation - 40 and latest + 5
dprr:aelius-83,person,Aelius Ligus,,Roman magistrate; offices: tribune of the plebs,alive,-97,-52,low,RE Aelius 83; MRR2 attestations 58 BCE to 58 BCE (n=1); floruit derived: earliest attestation - 40 and latest + 5
dprr:aelius-84,person,Publius Aelius Ligus,P. Aelius P. f. P. n. Ligus (84),Roman magistrate; offices: consul; praetor; ambassador,alive,-214,-161,medium,RE Aelius 84; MRR1 attestations 175 BCE to 167 BCE (n=3); floruit derived: earliest attestation - 40 and latest + 5
dprr:aelius-9,person,Publius Aelius,,Roman magistrate; offices: quaestor,alive,-448,-403,low,RE Aelius 9; MRR1 attestations 409 BCE to 409 BCE (n=1); floruit derived: earliest attestation - 40 and latest + 5
dprr:aelius-97,person,Gaius Aelius Paetus,,Roman magistrate; offices: consul,alive,-325,-280,low,RE Aelius 97; MRR1 attestations 286 BCE to 286 BCE (n=1); floruit derived: earliest attestation - 40 and latest + 5
dprr:aelius-99,person,Lucius Aelius Paetus,,Roman magistrate; offices: aedile,alive,-335,-290,low,RE Aelius 99; MRR1 attestations 296 BCE to 296 BCE (n=1); floruit derived: earliest attestation - 40 and latest + 5
dprr:aemilia-153,person,Aemilia,,Roman magistrate; offices: vestal virgin,alive,-153,-107,medium,RE Aemilia 153; MRR1 attestations 114 BCE to 113 BCE (n=2); floruit derived: earliest attestation - 40 and latest + 5
dprr:aemiliius-73,person,Marcus Aemiliius Lepidus,,Roman magistrate; offices: triumvir,alive,-88,-33,medium,RE Aemiliius 73; MRR2 attestations 49 BCE to 39 BCE (n=4); floruit derived: earliest attestation - 40 and latest + 5
dprr:aemilius-100,person,Tiberius Aemilius Mamercinus,T(i). ? Aemilius ( - f. - n. Mamercinus) Pat. (100)|T(i). Aemilius ( - f. - n. Mamercinus ?) Pat. (100),Roman magistrate; offices: consul; praetor; quinquevir,alive,-391,-333,medium,RE Aemilius 100; MRR1 attestations 352 BCE to 339 BCE (n=3); floruit derived: earliest attestation - 40 and latest + 5
dprr:aemilius-101,person,Lucius Aemilius Mamercinus Privernas,L. Aemilius (L. f. L. n. Mamercinus Privernas) Pat. (101)|L. Aemilius L. f. L. n. Mamercinus (Privernas) Pat. (101),Roman magistrate; offices: dictator; master of horse; consul,alive,-381,-310,high,RE Aemilius 101; MRR1 attestations 342 BCE to 316 BCE (n=6); floruit derived: earliest attestation - 40 and latest + 5
dprr:aemilius-103,person,Manius Aemilius Numida,M'. Aemilius M'. f. (Lepidus Numida) Pat. (103),Roman magistrate; offices: decemvir,alive,-275,-205,medium,RE Aemilius 103; MRR1 attestations 236 BCE to 211 BCE (n=2); floruit derived: earliest attestation - 40 and latest + 5
dprr:aemilius-108,person,Lucius Aemilius Papus,L. Aemilius Papus Pat. (108),Roman magistrate; offices: consul; censor; triumvir,alive,-264,-210,medium,RE Aemilius 108; MRR1 attestations 225 BCE to 216 BCE (n=3); floruit derived: earliest attestation - 40 and latest + 5
dprr:aemilius-109,person,Lucius Aemilius Papus,?- 172: L. Aemilius Papus Pat. (109),Roman magistrate; offices: praetor; decemvir,alive,-244,-166,medium,RE Aemilius 109; MRR1 attestations 205 BCE to 172 BCE (n=2); floruit derived: earliest attestation - 40 and latest + 5
dprr:aemilius-110,person,Marcus Aemilius Papus,,Roman magistrate; offices: dictator,alive,-360,-315,low,RE Aemilius 110; MRR1 attestations 321 BCE to 321 BCE (n=1); floruit derived: earliest attestation - 40 and latest + 5
dprr:aemilius-111,person,Marcus Aemilius Papus,,Roman magistrate; offices: curio maximus,alive,-249,-204,low,RE Aemilius 111; MRR1 attestations 210 BCE to 210 BCE (n=1); floruit derived: earliest attestation - 40 and latest + 5
dprr:aemilius-112,person,Quintus Aemilius Papus,Q. Aemilius Papus Pat. (112),Roman magistrate; offices: consul; censor; ambassador,alive,-321,-269,medium,RE Aemilius 112; MRR1 attestations 282 BCE to 275 BCE (n=5); floruit derived: earliest attestation - 40 and latest + 5
dprr:aemilius-114,person,Lucius Aemilius Paullus,L. Aemilius L. f. L. n. Paullus Pat. (114)|L. Aemilius L. f. M. n. Paullus (114)|L. Aemilius L. f. M. n. Paullus Pat. (114)|L. Aemilius L. f. Paullus Pat. (114)|M. Aemilius Paullus Pat. (114),Roman magistrate; offices: consul; censor; praetor,alive,-234,-154,high,RE Aemilius 114; MRR1 attestations 195 BCE to 160 BCE (n=18); floruit derived: earliest attestation - 40 and latest + 5
dprr:aemilius-116,person,Marcus Aemilius Paullus,,Roman magistrate; offices: master of horse; consul,alive,-341,-295,medium,RE Aemilius 116; MRR1 attestations 302 BCE to 301 BCE (n=2); floruit derived: earliest attestation - 40 and latest + 5
dprr:aemilius-117,person,Marcus Aemilius Paullus,M. Aemilius Paullus Pat. (117),Roman magistrate; offices: consul; promagistrate,alive,-294,-248,medium,RE Aemilius 117; MRR1 attestations 255 BCE to 254 BCE (n=2); floruit derived: earliest attestation - 40 and latest + 5
dprr:aemilius-118,person,Lucius Aemilius Paullus,?- 216: L. Aemilius Paullus Pat. (118)|L. Aemilius (Paullus) Pat. (118),Roman magistrate; offices: consul; ambassador; pontifex,alive,-258,-210,medium,RE Aemilius 118; MRR1 attestations 219 BCE to 216 BCE (n=3); floruit derived: earliest attestation - 40 and latest + 5
dprr:aemilius-127,person,Lucius Aemilius Regillus,,Roman magistrate; offices: praetor; promagistrate,alive,-229,-183,medium,RE Aemilius 127; MRR1 attestations 190 BCE to 189 BCE (n=2); floruit derived: earliest attestation - 40 and latest + 5
dprr:aemilius-128,person,Marcus Aemilius Regillus,,Roman magistrate; offices: flamen,alive,-256,-199,medium,RE Aemilius 128; MRR1 attestations 217 BCE to 205 BCE (n=2); floruit derived: earliest attestation - 40 and latest + 5
dprr:aemilius-129,person,Marcus Aemilius,,Roman magistrate; offices: legate,alive,-229,-184,low,RE Aemilius 129; MRR1 attestations 190 BCE to 190 BCE (n=1); floruit derived: earliest attestation - 40 and latest + 5
dprr:aemilius-13,person,Lucius Aemilius Mamercinus,,Roman magistrate; offices: interrex,alive,-405,-349,medium,RE Aemilius 13; MRR1 attestations 366 BCE to 355 BCE (n=3); floruit derived: earliest attestation - 40 and latest + 5
dprr:aemilius-137,person,Aemilius Scaurus,,Roman magistrate; offices: legate,alive,-141,-96,low,RE Aemilius 137; MRR1 attestations 102 BCE to 102 BCE (n=1); floruit derived: earliest attestation - 40 and latest + 5
dprr:aemilius-138,person,Lucius Aemilius Scaurus,,Roman magistrate; offices: legate,alive,-229,-184,low,RE Aemilius 138; MRR1 attestations 190 BCE to 190 BCE (n=1); floruit derived: earliest attestation - 40 and latest + 5
dprr:aemilius-140,person,Marcus Aemilius Scaurus,? M. Aemilius Scaurus Pat. (140)|M. Aemilius M. f. L. n. Scaurus Pat. (140)|123-89 or 88: M. Aemilius Scaurus Pat. (140),Roman magistrate; offices: consul; censor; praetor,alive,-162,-82,high,RE Aemilius 140; MRR1+MRR2 attestations 123 BCE to 88 BCE (n=11); floruit derived: earliest attestation - 40 and latest + 5
dprr:aemilius-141,person,Marcus Aemilius Scaurus,? M. Aemilius Scaurus Pat. (141),Roman magistrate; offices: praetor; aedile; quaestor,alive,-105,-49,medium,RE Aemilius 141; MRR2 attestations 66 BCE to 55 BCE (n=11); floruit derived: earliest attestation - 40 and latest + 5
dprr:aemilius-16,person,Mamercus Aemilius Mamercinus,Mam. Aemilius (M. f. - n. Mamercinus ?) Pat. (16; 97)|Mam. Aemilius (Mamercinus) Pat. (16; 97)|Mam. Aemilius M. f. - n. Mamercinus Pat. (16;97)|Mam. Aemilius Mamercinus Pat. (16; 97),Roman magistrate; offices: dictator; consul; quaestor,alive,-485,-420,high,RE Aemilius 16; MRR1 attestations 446 BCE to 426 BCE (n=6); floruit derived: earliest attestation - 40 and latest + 5
dprr:aemilius-168,person,Marcus Aemilius Lepidus,,Roman magistrate; offices: triumvir,alive,-230,-169,high,RE Aemilius 168; MRR1 attestations 191 BCE to 175 BCE (n=4); floruit derived: earliest attestation - 40 and latest + 5
dprr:aemilius-19,person,Marcus Aemilius,,Roman magistrate; offices: praetor,alive,-257,-212,low,RE Aemilius 19; MRR1 attestations 218 BCE to 218 BCE (n=1); floruit derived: earliest attestation - 40 and latest + 5
dprr:aemilius-2,person,Marcus Aemilius,,Roman magistrate; offices: praetor,alive,-257,-210,medium,RE Aemilius 2; MRR1 attestations 218 BCE to 216 BCE (n=2); floruit derived: earliest attestation - 40 and latest + 5
dprr:aemilius-20,person,Marcus Aemilius Regillus,M. Aemilius (Regillus ?) Pat. (20; 128),Roman magistrate; offices: praetor; flamen,alive,-256,-204,medium,RE Aemilius 20; MRR1 attestations 217 BCE to 210 BCE (n=2); floruit derived: earliest attestation - 40 and latest + 5
dprr:aemilius-31,person,Lucius Aemilius Barbula,L. Aemilius Barbula Pat. (31)|L. Aemilius Q. f. Q. n. Barbula (31),Roman magistrate; offices: consul; censor; promagistrate,alive,-320,-263,medium,RE Aemilius 31; MRR1 attestations 281 BCE to 269 BCE (n=3); floruit derived: earliest attestation - 40 and latest + 5
dprr:aemilius-32,person,Marcus Aemilius Barbula,,Roman magistrate; offices: dictator,alive,-324,-279,low,RE Aemilius 32; MRR1 attestations 285 BCE to 285 BCE (n=1); floruit derived: earliest attestation - 40 and latest + 5
dprr:aemilius-33,person,Marcus Aemilius Barbula,,Roman magistrate; offices: consul,alive,-269,-224,low,RE Aemilius 33; MRR1 attestations 230 BCE to 230 BCE (n=1); floruit derived: earliest attestation - 40 and latest + 5
dprr:aemilius-34,person,Quintus Aemilius Barbula,,Roman magistrate; offices: consul,alive,-356,-305,medium,RE Aemilius 34; MRR1 attestations 317 BCE to 311 BCE (n=2); floruit derived: earliest attestation - 40 and latest + 5
dprr:aemilius-62,person,Manius Aemilius Lepidus,? M. Aemilius Lepidus Pat. (62)|M'. Aemilius M’. f - n. Lepidus Pat. (62),Roman magistrate; offices: consul; praetor; promagistrate,alive,-117,-60,medium,RE Aemilius 62; MRR2 attestations 78 BCE to 66 BCE (n=3); floruit derived: earliest attestation - 40 and latest + 5
dprr:aemilius-65,person,Marcus Aemilius Lepidus,,Roman magistrate; offices: consul,alive,-324,-279,low,RE Aemilius 65; MRR1 attestations 285 BCE to 285 BCE (n=1); floruit derived: earliest attestation - 40 and latest + 5
dprr:aemilius-66,person,Marcus Aemilius Lepidus,? M. Aemilius M. f. M. n. Lepidus Pat. (66)|?- 216: M. Aemilius Lepidus Pat. (66),Roman magistrate; offices: consul; augur,alive,-271,-210,high,RE Aemilius 66; MRR1 attestations 232 BCE to 216 BCE (n=3); floruit derived: earliest attestation - 40 and latest + 5
dprr:aemilius-67,person,Marcus Aemilius Lepidus,M. Aemilius (Lepidus) Pat. (67 ?),Roman magistrate; offices: praetor; decemvir,alive,-257,-205,medium,RE Aemilius 67; MRR1 attestations 218 BCE to 211 BCE (n=3); floruit derived: earliest attestation - 40 and latest + 5
dprr:aemilius-68,person,Marcus Aemilius Lepidus,M. Aemilius M. f. M. n. Lepidus Pat. (68)|199-152: M. Aemilius Lepidus Pat. (68)|? M. Aemilius Lepidus Pat. (68)|M. Aemilius M. f. M. n. Lepidus (68),Roman magistrate; offices: consul; censor; praetor,alive,-240,-146,high,RE Aemilius 68; MRR1 attestations 201 BCE to 152 BCE (n=13); floruit derived: earliest attestation - 40 and latest + 5
dprr:aemilius-69,person,Marcus Aemilius Lepidus,,Roman magistrate; offices: military tribune,alive,-229,-184,low,RE Aemilius 69; MRR1 attestations 190 BCE to 190 BCE (n=1); floruit derived: earliest attestation - 40 and latest + 5
dprr:aemilius-70,person,Marcus Aemilius Lepidus,M. Aemilius M'. f. M'. n. Lepidus Pat. (70),Roman magistrate; offices: consul; praetor; decemvir,alive,-200,-137,high,RE Aemilius 70; MRR1 attestations 161 BCE to 143 BCE (n=3); floruit derived: earliest attestation - 40 and latest + 5
dprr:aemilius-71,person,Marcus Aemilius Lepidus,M. Aemilius - f. - n. Lepidus Pat. (71),Roman magistrate; offices: consul; praetor,alive,-168,-120,medium,RE Aemilius 71; MRR1 attestations 129 BCE to 126 BCE (n=2); floruit derived: earliest attestation - 40 and latest + 5
dprr:aemilius-72,person,Marcus Aemilius Lepidus,? (M.) Aemilius Lepidus Pat. (72)|? M. Aemilius Lepidus Pat. (72)|M. Aemilius Q. f. M. n. Lepidus Pat. (72),Roman magistrate; offices: consul; praetor; promagistrate,alive,-121,-71,medium,RE Aemilius 72; MRR2 attestations 82 BCE to 77 BCE (n=5); floruit derived: earliest attestation - 40 and latest + 5
dprr:aemilius-73,person,Marcus Aemilius Lepidus,M. Aemilius Lepidus Pat. (73)|? M. Aemilius Lepidus Pat. (73),Roman magistrate; offices: master of horse; consul; praetor,alive,-99,-25,high,RE Aemilius 73; MRR2 attestations 60 BCE to 31 BCE (n=18); floruit derived: earliest attestation - 40 and latest + 5
dprr:aemilius-79,person,Quintus Aemilius Lepidus,,Roman magistrate; offices: quindecimvir,alive,-70,-15,medium,RE Aemilius 79; MRR2 attestations 31 BCE to 21 BCE (n=2); floruit derived: earliest attestation - 40 and latest + 5
dprr:aemilius-80,person,Mamercus Aemilius Lepidus Livianus,? (Mam.) Aemilius Lepidus Pat. (80)|Mam. Aemilius Lepidus (Livianus) Pat. (80)|Mam. Aemilius Mam. f. - n. Lepidus Livianus Pat. (80)|Mam.? Aemilius Lepidus Livianus Pat. (80)|Mam.? Aemilius Lepidus livianus Pat. (80),Roman magistrate; offices: consul; praetor; legate,alive,-130,-54,high,RE Aemilius 80; MRR2 attestations 91 BCE to 60 BCE (n=8); floruit derived: earliest attestation - 40 and latest + 5
dprr:aemilius-81,person,Lucius Aemilius Paullus,? L. Aemilius Paullus Pat. (81)|L. Aemilius (Lepidus) Paullus Pat. (81)|L. Aemilius (Lepidus) Paullus Pat.. (81)|L. Aemilius M. f. Q. n. Lepidus Paullus Pat. (81),Roman magistrate; offices: consul; praetor; aedile,alive,-98,-36,high,RE Aemilius 81; MRR2 attestations 59 BCE to 42 BCE (n=6); floruit derived: earliest attestation - 40 and latest + 5
dprr:aemilius-83,person,Marcus Aemilius Lepidus Porcina,? M. Aemilius Lepidus Porcina Pat. (83)|M. Aemilius M. f. M. n. Lepidus Porcina (83)|M. Aemilius M. f. M. n. Lepidus Porcina Pat. (83),Roman magistrate; offices: consul; praetor; promagistrate,alive,-182,-119,high,RE Aemilius 83; MRR1 attestations 143 BCE to 125 BCE (n=5); floruit derived: earliest attestation - 40 and latest + 5
dprr:aemilius-93,person,Lucius Aemilius Mamercinus,L. (or M.) Aemilius Mam. f. M. n. Mamercinus Pat. (93),Roman magistrate; offices: consul,alive,-430,-374,medium,RE Aemilius 93; MRR1 attestations 391 BCE to 380 BCE (n=6); floruit derived: earliest attestation - 40 and latest + 5
dprr:aemilius-94,person,Lucius Aemilius Mamercinus,L. Aemilius (L. f. Mam. n.) Mamercinus Pat. (94; cf. 95),Roman magistrate; offices: master of horse; consul,alive,-416,-357,medium,RE Aemilius 94; MRR1 attestations 377 BCE to 363 BCE (n=4); floruit derived: earliest attestation - 40 and latest + 5
dprr:aemilius-95,person,Lucius Aemilius Mamercinus,L. Aemilius (L. f. Mam. n. Mamercinus or Mamercus) Pat. (95; cf. 94),Roman magistrate; offices: master of horse; consul,alive,-405,-346,medium,RE Aemilius 95; MRR1 attestations 366 BCE to 352 BCE (n=3); floruit derived: earliest attestation - 40 and latest + 5
dprr:aemilius-96,person,Lucius Aemilius Mamercus,,Roman magistrate; offices: consul,alive,-523,-467,medium,RE Aemilius 96; MRR1 attestations 484 BCE to 473 BCE (n=3); floruit derived: earliest attestation - 40 and latest + 5
dprr:aemilius-98,person,Manius Aemilius Mamercinus,M'. Aemilius Mam. f. M. n. Mamercinus Pat. (98),Roman magistrate; offices: consul,alive,-449,-395,medium,RE Aemilius 98; MRR1 attestations 410 BCE to 401 BCE (n=4); floruit derived: earliest attestation - 40 and latest + 5
dprr:aemilius-99,person,Tiberius Aemilius Mamercus,,Roman magistrate; offices: consul,alive,-509,-461,medium,RE Aemilius 99; MRR1 attestations 470 BCE to 467 BCE (n=2); floruit derived: earliest attestation - 40 and latest + 5
dprr:afranius-15,person,Gaius Afranius Stellio,,Roman magistrate; offices: praetor; triumvir,alive,-224,-177,medium,RE Afranius 15; MRR1 attestations 185 BCE to 183 BCE (n=2); floruit derived: earliest attestation - 40 and latest + 5
dprr:afranius-3,person,Gaius Afranius,,Roman magistrate; offices: tribune of the plebs,alive,-235,-179,medium,RE Afranius 3; MRR1 attestations 196 BCE to 185 BCE (n=2); floruit derived: earliest attestation - 40 and latest + 5
dprr:afranius-6,person,Lucius Afranius,? L. Afranius (6)|L. Afranius A. f. (6),Roman magistrate; offices: consul; praetor; promagistrate,alive,-114,-40,high,RE Afranius 6; MRR2 attestations 75 BCE to 46 BCE (n=20); floruit derived: earliest attestation - 40 and latest + 5
dprr:agripp-7,person,Agripp Furius Fusus,,Roman magistrate; offices: consul,alive,-430,-385,low,RE Agripp 7; MRR1 attestations 391 BCE to 391 BCE (n=1); floruit derived: earliest attestation - 40 and latest + 5
dprr:agrippa-12,person,Agrippa Menenius Lanatus,Agrippa Menenius C. f. Lanatus Pat. (12),Roman magistrate; offices: consul; envoy,alive,-542,-487,medium,RE Agrippa 12; MRR1 attestations 503 BCE to 493 BCE (n=2); floruit derived: earliest attestation - 40 and latest + 5
dprr:agrippa-13,person,Agrippa Menenius Agripp Lanatus,Agrippa Menenius T. f. Agripp. n. Lanatus Pat. (13),Roman magistrate; offices: consul,alive,-478,-411,high,RE Agrippa 13; MRR1 attestations 439 BCE to 417 BCE (n=3); floruit derived: earliest attestation - 40 and latest + 5
dprr:agrippa-2,person,Marcus Agrippa,,Roman magistrate; offices: consul,alive,-79,-21,medium,RE Agrippa 2; MRR2 attestations 40 BCE to 27 BCE (n=4); floruit derived: earliest attestation - 40 and latest + 5
dprr:agrippa-3,person,Marcus Agrippa,,Roman magistrate; offices: quindecimvir,alive,-79,-21,medium,RE Agrippa 3; MRR2 attestations 40 BCE to 27 BCE (n=5); floruit derived: earliest attestation - 40 and latest + 5
dprr:agrippa-59,person,Agrippa Furius Fusus,,Roman magistrate; offices: consul,alive,-485,-440,low,RE Agrippa 59; MRR1 attestations 446 BCE to 446 BCE (n=1); floruit derived: earliest attestation - 40 and latest + 5
dprr:agrippra-4,person,Agrippra Menenius,,Roman magistrate; offices: triumvir,alive,-481,-433,medium,RE Agrippra 4; MRR1 attestations 442 BCE to 439 BCE (n=2); floruit derived: earliest attestation - 40 and latest + 5
dprr:albinius-3,person,Marcus Albinius,,Roman magistrate; offices: consul,alive,-418,-373,low,RE Albinius 3; MRR1 attestations 379 BCE to 379 BCE (n=1); floruit derived: earliest attestation - 40 and latest + 5
dprr:albinius-4,person,Lucius Albinius Paterculus,,Roman magistrate; offices: tribune of the plebs,alive,-532,-487,low,RE Albinius 4; MRR1 attestations 493 BCE to 493 BCE (n=1); floruit derived: earliest attestation - 40 and latest + 5
dprr:albinovanus-2,person,Publius Albinovanus,,Roman magistrate; offices: legate,alive,-121,-76,low,RE Albinovanus 2; MRR2 attestations 82 BCE to 82 BCE (n=1); floruit derived: earliest attestation - 40 and latest + 5
dprr:albinovanus-3,person,Publius Albinovanus,,Roman magistrate; offices: pontifex,alive,-108,-51,medium,RE Albinovanus 3; MRR2 attestations 69 BCE to 57 BCE (n=2); floruit derived: earliest attestation - 40 and latest + 5
dprr:albinus-37,person,Albinus,,Roman magistrate; offices: flamen,alive,-139,-94,low,RE Albinus 37; MRR1 attestations 100 BCE to 100 BCE (n=1); floruit derived: earliest attestation - 40 and latest + 5
dprr:albinus-41,person,Lucius Albinus,,Roman magistrate; offices: military tribune,alive,-218,-162,medium,RE Albinus 41; MRR1 attestations 179 BCE to 168 BCE (n=3); floruit derived: earliest attestation - 40 and latest + 5
dprr:albius-2,person,Publius Albius,,Roman magistrate; offices: quaestor,alive,-159,-114,low,RE Albius 2; MRR1 attestations 120 BCE to 120 BCE (n=1); floruit derived: earliest attestation - 40 and latest + 5
dprr:albucius-2,person,Titus Albucius,,Roman magistrate; offices: praetor; promagistrate,alive,-144,-98,medium,RE Albucius 2; MRR1 attestations 105 BCE to 104 BCE (n=2); floruit derived: earliest attestation - 40 and latest + 5
dprr:alfenus-8,person,Publius Alfenus Varus,? P. Alfenus Varus (8)|P. Alfenus P. f. Varus (8),Roman magistrate; offices: consul; praetor; legate,alive,-81,-33,medium,RE Alfenus 8; MRR2 attestations 42 BCE to 39 BCE (n=3); floruit derived: earliest attestation - 40 and latest + 5
dprr:alfius-7,person,Gaius Alfius Flavus,,Roman magistrate; offices: praetor; tribune of the plebs; iudex quaestionis,alive,-98,-48,medium,RE Alfius 7; MRR2 attestations 59 BCE to 54 BCE (n=2); floruit derived: earliest attestation - 40 and latest + 5
dprr:alienus-2,person,Lucius Alienus,,Roman magistrate; offices: aedile; tribune of the plebs,alive,-495,-448,medium,RE Alienus 2; MRR1 attestations 456 BCE to 454 BCE (n=3); floruit derived: earliest attestation - 40 and latest + 5
dprr:allienus-1,person,Aulus Allienus,,Roman magistrate; offices: praetor; promagistrate; legate,alive,-100,-37,high,RE Allienus 1; MRR2 attestations 61 BCE to 43 BCE (n=8); floruit derived: earliest attestation - 40 and latest + 5
dprr:ampius-1,person,Titus Ampius Balbus,,Roman magistrate; offices: praetor; tribune of the plebs; promagistrate,alive,-102,-42,high,RE Ampius 1; MRR2 attestations 63 BCE to 48 BCE (n=5); floruit derived: earliest attestation - 40 and latest + 5
dprr:ancharius-2,person,Quintus Ancharius,,Roman magistrate; offices: praetor,alive,-127,-82,low,RE Ancharius 2; MRR2 attestations 88 BCE to 88 BCE (n=1); floruit derived: earliest attestation - 40 and latest + 5
dprr:ancharius-3,person,Quintus Ancharius,? Q. Ancharius Q. f. (3),Roman magistrate; offices: praetor; tribune of the plebs; quaestor,alive,-112,-48,high,RE Ancharius 3; MRR2 attestations 73 BCE to 54 BCE (n=6); floruit derived: earliest attestation - 40 and latest + 5
dprr:anicius-15,person,Lucius Anicius Gallus,L. Anicius (Gallus) (15)|L. Anicius L. f. L. n. Gallus (15),Roman magistrate; offices: consul; praetor; promagistrate,alive,-207,-148,medium,RE Anicius 15; MRR1 attestations 168 BCE to 154 BCE (n=4); floruit derived: earliest attestation - 40 and latest + 5
dprr:anicius-3,person,Gnaeus Anicius,,Roman magistrate; offices: legate,alive,-207,-162,low,RE Anicius 3; MRR1 attestations 168 BCE to 168 BCE (n=1); floruit derived: earliest attestation - 40 and latest + 5
dprr:anicius-5,person,Quintus Anicius Praenestinus,,Roman magistrate; offices: aedile,alive,-343,-298,low,RE Anicius 5; MRR1 attestations 304 BCE to 304 BCE (n=1); floruit derived: earliest attestation - 40 and latest + 5
dprr:annaeus-2,person,Marcus Anneius,,Roman magistrate; offices: legate,alive,-90,-44,medium,RE Annaeus 2; MRR2 attestations 51 BCE to 50 BCE (n=2); floruit derived: earliest attestation - 40 and latest + 5
dprr:annaeus-3,person,Gaius Annaeus Clu,,Roman magistrate; offices: aedile,alive,-112,-67,low,RE Annaeus 3; MRR2 attestations 73 BCE to 73 BCE (n=1); floruit derived: earliest attestation - 40 and latest + 5
dprr:annius-11,person,Lucius Annius,,Roman magistrate; offices: tribune of the plebs,alive,-149,-104,low,RE Annius 11; MRR1 attestations 110 BCE to 110 BCE (n=1); floruit derived: earliest attestation - 40 and latest + 5
dprr:annius-15,person,Marcus Annius,,Roman magistrate; offices: triumvir,alive,-257,-212,low,RE Annius 15; MRR1 attestations 218 BCE to 218 BCE (n=1); floruit derived: earliest attestation - 40 and latest + 5
dprr:annius-17,person,Publius Annius,,Roman magistrate; offices: military tribune,alive,-126,-81,low,RE Annius 17; MRR2 attestations 87 BCE to 87 BCE (n=1); floruit derived: earliest attestation - 40 and latest + 5
dprr:annius-35,person,Gaius Annius Bellienus,,Roman magistrate; offices: legate,alive,-113,-68,low,RE Annius 35; MRR2 attestations 74 BCE to 74 BCE (n=1); floruit derived: earliest attestation - 40 and latest + 5
dprr:annius-37,person,Titus Annius Cimber,,Roman magistrate; offices: praetor,alive,-83,-38,low,RE Annius 37; MRR2 attestations 44 BCE to 44 BCE (n=1); floruit derived: earliest attestation - 40 and latest + 5
dprr:annius-63,person,Titus Annius Luscus,,Roman magistrate; offices: triumvir,alive,-208,-163,low,RE Annius 63; MRR1 attestations 169 BCE to 169 BCE (n=1); floruit derived: earliest attestation - 40 and latest + 5
dprr:annius-64,person,Titus Annius Luscus,T. Annius T. f. - n. Luscus (64),Roman magistrate; offices: consul; praetor,alive,-195,-147,medium,RE Annius 64; MRR1 attestations 156 BCE to 153 BCE (n=2); floruit derived: earliest attestation - 40 and latest + 5
dprr:annius-67,person,Titus Annius Milo,,Roman magistrate; offices: praetor; tribune of the plebs,alive,-96,-49,medium,RE Annius 67; MRR2 attestations 57 BCE to 55 BCE (n=2); floruit derived: earliest attestation - 40 and latest + 5
dprr:annius-78,person,Titus Annius Rufus,T. Annius - f. - n. Rufus (78),Roman magistrate; offices: consul; praetor,alive,-170,-122,medium,RE Annius 78; MRR1 attestations 131 BCE to 128 BCE (n=2); floruit derived: earliest attestation - 40 and latest + 5
dprr:annius-9,person,Gaius Annius,C. Annius T. f. T. n. (Luscus) (9),Roman magistrate; offices: promagistrate; prefect,alive,-147,-75,medium,RE Annius 9; MRR1+MRR2 attestations 108 BCE to 81 BCE (n=2); floruit derived: earliest attestation - 40 and latest + 5
dprr:antipater-6,person,Gaius Antipater,,Roman magistrate; offices: legate,alive,-121,-76,low,RE Antipater 6; MRR2 attestations 82 BCE to 82 BCE (n=1); floruit derived: earliest attestation - 40 and latest + 5
dprr:antistius-11,person,Lucius Antistius,,Roman magistrate; offices: consul,alive,-418,-373,low,RE Antistius 11; MRR1 attestations 379 BCE to 379 BCE (n=1); floruit derived: earliest attestation - 40 and latest + 5
dprr:antistius-13,person,Lucius Antistius,,Roman magistrate; offices: tribune of the plebs,alive,-97,-52,low,RE Antistius 13; MRR2 attestations 58 BCE to 58 BCE (n=1); floruit derived: earliest attestation - 40 and latest + 5
dprr:antistius-16,person,Marcus Antistius,,Roman magistrate; offices: tribune of the plebs,alive,-358,-313,low,RE Antistius 16; MRR1 attestations 319 BCE to 319 BCE (n=1); floruit derived: earliest attestation - 40 and latest + 5
dprr:antistius-18,person,Publius Antistius,M. Antistius (18),Roman magistrate; offices: aedile; tribune of the plebs; envoy,alive,-257,-80,high,RE Antistius 18; MRR1+MRR2 attestations 218 BCE to 86 BCE (n=3); floruit derived: earliest attestation - 40 and latest + 5
dprr:antistius-20,person,Sextus Antistius,,Roman magistrate; offices: ambassador,alive,-247,-202,low,RE Antistius 20; MRR1 attestations 208 BCE to 208 BCE (n=1); floruit derived: earliest attestation - 40 and latest + 5
dprr:antistius-21,person,Antistius,,Roman magistrate; offices: tribune of the plebs,alive,-461,-416,low,RE Antistius 21; MRR1 attestations 422 BCE to 422 BCE (n=1); floruit derived: earliest attestation - 40 and latest + 5
dprr:antistius-22,person,Titus Antistius,,Roman magistrate; offices: quaestor; promagistrate,alive,-89,-43,medium,RE Antistius 22; MRR2 attestations 50 BCE to 49 BCE (n=2); floruit derived: earliest attestation - 40 and latest + 5
dprr:antistius-39,person,Gaius Antistius Reginus,? C. Antistius Reginus (39),Roman magistrate; offices: legate,alive,-92,-44,medium,RE Antistius 39; MRR2 attestations 53 BCE to 50 BCE (n=4); floruit derived: earliest attestation - 40 and latest + 5
dprr:antistius-46,person,Antistius Vetus,,Roman magistrate; offices: praetor; promagistrate,alive,-109,-62,medium,RE Antistius 46; MRR2 attestations 70 BCE to 68 BCE (n=3); floruit derived: earliest attestation - 40 and latest + 5
dprr:antistius-47,person,Gaius Antistius Vetus,Antistius Vetus (47),Roman magistrate; offices: tribune of the plebs; promagistrate; legate,alive,-95,-24,high,RE Antistius 47; MRR2 attestations 56 BCE to 30 BCE (n=7); floruit derived: earliest attestation - 40 and latest + 5
dprr:antius-4,person,Gaius Antius,,Roman magistrate; offices: tribune of the plebs,alive,-107,-62,low,RE Antius 4; MRR2 attestations 68 BCE to 68 BCE (n=1); floruit derived: earliest attestation - 40 and latest + 5
dprr:antius-6,person,Spurius Antius,,Roman magistrate; offices: ambassador,alive,-477,-432,low,RE Antius 6; MRR1 attestations 438 BCE to 438 BCE (n=1); floruit derived: earliest attestation - 40 and latest + 5
dprr:antius-7,person,Marcus Antius Briso,,Roman magistrate; offices: tribune of the plebs,alive,-176,-131,low,RE Antius 7; MRR1 attestations 137 BCE to 137 BCE (n=1); floruit derived: earliest attestation - 40 and latest + 5
dprr:antonius-1,person,Marcus Antonius,,Roman magistrate; offices: envoy,alive,-141,-81,high,RE Antonius 1; MRR2 attestations 102 BCE to 87 BCE (n=3); floruit derived: earliest attestation - 40 and latest + 5
dprr:antonius-18,person,Aulus Antonius,,Roman magistrate; offices: envoy,alive,-207,-162,low,RE Antonius 18; MRR1 attestations 168 BCE to 168 BCE (n=1); floruit derived: earliest attestation - 40 and latest + 5
dprr:antonius-19,person,Gaius Antonius Hibrida,C. Antonius (Hibrida) (19)|? C. Antonius Hibrida (19) Cos. 63; Pr. 66|C. Antonius M. f. M. n. (19)|C. Antonius M. f. M. n. (Hibrida) (19),Roman magistrate; offices: consul; censor; praetor,alive,-123,-36,high,RE Antonius 19; MRR2 attestations 84 BCE to 42 BCE (n=9); floruit derived: earliest attestation - 40 and latest + 5
dprr:antonius-20,person,Gaius Antonius,? C. Antonius (20)|Ca. 45-43 or 42: C. Antonius (20)|Ca. 45-43: C. Antonius (20)|Ca. 45-late 43 or early 42: C. Antonius (20)|[?? C. Antonius (20),Roman magistrate; offices: praetor; tribune of the plebs; quaestor,alive,-90,-36,medium,RE Antonius 20; MRR2 attestations 51 BCE to 42 BCE (n=7); floruit derived: earliest attestation - 40 and latest + 5
dprr:antonius-23,person,Lucius Antonius,L. Antonius (Pietas) (23)|L. Antonius M. f. M. n. (Pietas) (23),Roman magistrate; offices: consul; tribune of the plebs; quaestor,alive,-89,-34,medium,RE Antonius 23; MRR2 attestations 50 BCE to 40 BCE (n=6); floruit derived: earliest attestation - 40 and latest + 5
dprr:antonius-26,person,Marcus Antonius,,Roman magistrate; offices: master of horse,alive,-373,-327,medium,RE Antonius 26; MRR1 attestations 334 BCE to 333 BCE (n=2); floruit derived: earliest attestation - 40 and latest + 5
dprr:antonius-27,person,Marcus Antonius,,Roman magistrate; offices: tribune of the plebs,alive,-206,-161,low,RE Antonius 27; MRR1 attestations 167 BCE to 167 BCE (n=1); floruit derived: earliest attestation - 40 and latest + 5
dprr:antonius-28,person,Marcus Antonius,M. Antonius M. f. M. n. (28)|M. Antonius M. f. (28),Roman magistrate; offices: consul; censor; praetor,alive,-152,-81,high,RE Antonius 28; MRR1+MRR2 attestations 113 BCE to 87 BCE (n=8); floruit derived: earliest attestation - 40 and latest + 5
dprr:antonius-29,person,Marcus Antonius Creticus,M. Antonius (Creticus) (29),Roman magistrate; offices: praetor; promagistrate,alive,-113,-65,medium,RE Antonius 29; MRR2 attestations 74 BCE to 71 BCE (n=4); floruit derived: earliest attestation - 40 and latest + 5
dprr:antonius-3,person,Decimus Antonius,,Roman magistrate; offices: prefect,alive,-90,-45,low,RE Antonius 3; MRR2 attestations 51 BCE to 51 BCE (n=1); floruit derived: earliest attestation - 40 and latest + 5
dprr:antonius-30,person,Marcus Antonius,M. Antonius M. f. M. n. (30)|1. M. Antonius (30)|? M. Antonius (30)|? M. Antonius M. f. M. n. (30),Roman magistrate; offices: master of horse; consul; tribune of the plebs,alive,-96,-25,high,RE Antonius 30; MRR2 attestations 57 BCE to 31 BCE (n=24); floruit derived: earliest attestation - 40 and latest + 5
dprr:antonius-33,person,Quintus Antonius,,Roman magistrate; offices: envoy,alive,-229,-184,low,RE Antonius 33; MRR1 attestations 190 BCE to 190 BCE (n=1); floruit derived: earliest attestation - 40 and latest + 5
dprr:antonius-41,person,Quintus Antonius Balbus,,Roman magistrate; offices: praetor,alive,-121,-76,low,RE Antonius 41; MRR2 attestations 82 BCE to 82 BCE (n=1); floruit derived: earliest attestation - 40 and latest + 5
dprr:antonius-6,person,Lucius Antonius Paetus,,Roman magistrate; offices: consul,alive,-72,-27,low,RE Antonius 6; MRR2 attestations 33 BCE to 33 BCE (n=1); floruit derived: earliest attestation - 40 and latest + 5
dprr:antonius-77,person,Quintus Antonius Merenda,,Roman magistrate; offices: consul,alive,-461,-416,low,RE Antonius 77; MRR1 attestations 422 BCE to 422 BCE (n=1); floruit derived: earliest attestation - 40 and latest + 5
dprr:antonius-78,person,Titus Antonius Merenda,,Roman magistrate; offices: consul,alive,-489,-443,medium,RE Antonius 78; MRR1 attestations 450 BCE to 449 BCE (n=2); floruit derived: earliest attestation - 40 and latest + 5
dprr:apollophanes-10,person,Gnaeus Apollophanes,(Pompeius?) Apollophanes (Apollophanes 10),Roman magistrate; offices: legate,alive,-77,-30,medium,RE Apollophanes 10; MRR2 attestations 38 BCE to 36 BCE (n=2); floruit derived: earliest attestation - 40 and latest + 5
dprr:appulbius-15,person,Publius Appulbius,,Roman magistrate; offices: tribune of the plebs,alive,-82,-37,low,RE Appulbius 15; MRR2 attestations 43 BCE to 43 BCE (n=1); floruit derived: earliest attestation - 40 and latest + 5
dprr:appuleius-13,person,Marcus Appuleius,? M. Appuleius (13)|M. Appuleius Sex. f. (13; 14),Roman magistrate; offices: quaestor; promagistrate; legate,alive,-84,-14,high,RE Appuleius 13; MRR2 attestations 45 BCE to 20 BCE (n=4); floruit derived: earliest attestation - 40 and latest + 5
dprr:appuleius-16,person,Quintus Appuleius,,Roman magistrate; offices: decemvir,alive,-212,-167,low,RE Appuleius 16; MRR1 attestations 173 BCE to 173 BCE (n=1); floruit derived: earliest attestation - 40 and latest + 5
dprr:appuleius-17,person,Sextus Appuleius,,Roman magistrate; offices: augur,alive,-70,-23,medium,RE Appuleius 17; MRR2 attestations 31 BCE to 29 BCE (n=2); floruit derived: earliest attestation - 40 and latest + 5
dprr:appuleius-2,person,Marcus Appuleius,?? Appuleius (2),Roman magistrate; offices: promagistrate,alive,-86,-40,medium,RE Appuleius 2; MRR2 attestations 47 BCE to 46 BCE (n=2); floruit derived: earliest attestation - 40 and latest + 5
dprr:appuleius-21,person,Gaius Appuleius Decianus,,Roman magistrate; offices: tribune of the plebs,alive,-137,-92,low,RE Appuleius 21; MRR2 attestations 98 BCE to 98 BCE (n=1); floruit derived: earliest attestation - 40 and latest + 5
dprr:appuleius-24,person,Quintus Appuleius Pansa,,Roman magistrate; offices: consul,alive,-339,-294,low,RE Appuleius 24; MRR1 attestations 300 BCE to 300 BCE (n=1); floruit derived: earliest attestation - 40 and latest + 5
dprr:appuleius-28,person,Lucius Appuleius,L. Appuleius Saturninus (28),Roman magistrate; offices: praetor; decemvir; ambassador,alive,-212,-150,high,RE Appuleius 28; MRR1 attestations 173 BCE to 156 BCE (n=3); floruit derived: earliest attestation - 40 and latest + 5
dprr:appuleius-29,person,Lucius Appuleius Saturninus,,Roman magistrate; offices: tribune of the plebs; quaestor,alive,-143,-93,medium,RE Appuleius 29; MRR1+MRR2 attestations 104 BCE to 99 BCE (n=4); floruit derived: earliest attestation - 40 and latest + 5
dprr:appuleius-30,person,Lucius Appuleius Saturninus,? L. Appuleius Saturnus (30),Roman magistrate; offices: praetor; aedile; promagistrate,alive,-100,-52,medium,RE Appuleius 30; MRR2 attestations 61 BCE to 58 BCE (n=3); floruit derived: earliest attestation - 40 and latest + 5
dprr:apronius-1,person,Gaius Apronius,,Roman magistrate; offices: tribune of the plebs,alive,-488,-443,low,RE Apronius 1; MRR1 attestations 449 BCE to 449 BCE (n=1); floruit derived: earliest attestation - 40 and latest + 5
dprr:apronius-3,person,Gnaeus Apronius,,Roman magistrate; offices: aedile,alive,-306,-261,low,RE Apronius 3; MRR1 attestations 267 BCE to 267 BCE (n=1); floruit derived: earliest attestation - 40 and latest + 5
dprr:apuleius-10,person,Lucius Apuleius,,Roman magistrate; offices: tribune of the plebs,alive,-430,-385,low,RE Apuleius 10; MRR1 attestations 391 BCE to 391 BCE (n=1); floruit derived: earliest attestation - 40 and latest + 5
dprr:apuleius-2,person,Apuleius,,Roman magistrate; offices: quaestor,alive,-87,-42,low,RE Apuleius 2; MRR2 attestations 48 BCE to 48 BCE (n=1); floruit derived: earliest attestation - 40 and latest + 5
dprr:apustius-1,person,Lucius Apustius,,Roman magistrate; offices: legate,alive,-254,-209,low,RE Apustius 1; MRR1 attestations 215 BCE to 215 BCE (n=1); floruit derived: earliest attestation - 40 and latest + 5
dprr:apustius-2,person,Lucius Apustius,L. Apustius (Fullo) (2 and 5)|L. Apustius (Fullo) (2; and 5),Roman magistrate; offices: legate,alive,-239,-184,medium,RE Apustius 2; MRR1 attestations 200 BCE to 190 BCE (n=4); floruit derived: earliest attestation - 40 and latest + 5
dprr:apustius-3,person,Publius Apustius,,Roman magistrate; offices: ambassador,alive,-200,-155,low,RE Apustius 3; MRR1 attestations 161 BCE to 161 BCE (n=1); floruit derived: earliest attestation - 40 and latest + 5
dprr:apustius-4,person,Lucius Apustius Fullo,,Roman magistrate; offices: consul,alive,-265,-220,low,RE Apustius 4; MRR1 attestations 226 BCE to 226 BCE (n=1); floruit derived: earliest attestation - 40 and latest + 5
dprr:apustius-5,person,Lucius Apustius Fullo,,Roman magistrate; offices: praetor; aedile; triumvir,alive,-240,-186,medium,RE Apustius 5; MRR1 attestations 201 BCE to 192 BCE (n=5); floruit derived: earliest attestation - 40 and latest + 5
dprr:aquila-8,person,Quintus Aquila,,Roman magistrate; offices: prefect,alive,-85,-40,low,RE Aquila 8; MRR2 attestations 46 BCE to 46 BCE (n=1); floruit derived: earliest attestation - 40 and latest + 5
dprr:aquilius-12,person,Publius Aquilius,,Roman magistrate; offices: envoy,alive,-249,-204,low,RE Aquilius 12; MRR1 attestations 210 BCE to 210 BCE (n=1); floruit derived: earliest attestation - 40 and latest + 5
dprr:aquilius-15,person,Lucius Aquilius Corvus,,Roman magistrate; offices: consul,alive,-427,-382,low,RE Aquilius 15; MRR1 attestations 388 BCE to 388 BCE (n=1); floruit derived: earliest attestation - 40 and latest + 5
dprr:aquilius-16,person,Aquilius Crassus,,Roman magistrate; offices: praetor,alive,-82,-37,low,RE Aquilius 16; MRR2 attestations 43 BCE to 43 BCE (n=1); floruit derived: earliest attestation - 40 and latest + 5
dprr:aquilius-23,person,Gaius Aquilius Gallus,,Roman magistrate; offices: praetor,alive,-105,-60,low,RE Aquilius 23; MRR2 attestations 66 BCE to 66 BCE (n=1); floruit derived: earliest attestation - 40 and latest + 5
dprr:aquillius-10,person,Manius Aquillius,? M'. Aquillius (10)|M'. Aquillius M'. f. M'. n. (10),Roman magistrate; offices: consul; praetor; promagistrate,alive,-171,-120,medium,RE Aquillius 10; MRR1 attestations 132 BCE to 126 BCE (n=5); floruit derived: earliest attestation - 40 and latest + 5
dprr:aquillius-11,person,Manius Aquillius,? M'. Aquillius (11)|M'. Aquillius M'. f. M'. n. (11),Roman magistrate; offices: consul; praetor; promagistrate,alive,-143,-82,high,RE Aquillius 11; MRR1+MRR2 attestations 104 BCE to 88 BCE (n=7); floruit derived: earliest attestation - 40 and latest + 5
dprr:aquillius-20,person,Gaius Aquillius Florus,C. Aquillius Florus (20),Roman magistrate; offices: consul; promagistrate,alive,-298,-252,medium,RE Aquillius 20; MRR1 attestations 259 BCE to 258 BCE (n=2); floruit derived: earliest attestation - 40 and latest + 5
dprr:aquillius-24,person,Lucius Aquillius Gallus,,Roman magistrate; offices: praetor,alive,-215,-170,low,RE Aquillius 24; MRR1 attestations 176 BCE to 176 BCE (n=1); floruit derived: earliest attestation - 40 and latest + 5
dprr:aquillius-25,person,Publius Aquillius Gallus,,Roman magistrate; offices: tribune of the plebs,alive,-94,-49,low,RE Aquillius 25; MRR2 attestations 55 BCE to 55 BCE (n=1); floruit derived: earliest attestation - 40 and latest + 5
dprr:aquillius-8,person,Gaius Aquillius Tuscus,,Roman magistrate; offices: consul,alive,-526,-481,low,RE Aquillius 8; MRR1 attestations 487 BCE to 487 BCE (n=1); floruit derived: earliest attestation - 40 and latest + 5
dprr:aquinius-2,person,Marcus Aquinus,,Roman magistrate; offices: legate,alive,-85,-40,low,RE Aquinius 2; MRR2 attestations 46 BCE to 46 BCE (n=1); floruit derived: earliest attestation - 40 and latest + 5
dprr:aquinus-5,person,Marcus Aquinus,,Roman magistrate; offices: legate,alive,-81,-36,low,RE Aquinus 5; MRR2 attestations 42 BCE to 42 BCE (n=1); floruit derived: earliest attestation - 40 and latest + 5
dprr:aristius-1,person,Marcus Aristius,,Roman magistrate; offices: military tribune,alive,-91,-46,low,RE Aristius 1; MRR2 attestations 52 BCE to 52 BCE (n=1); floruit derived: earliest attestation - 40 and latest + 5
dprr:arrenius-1,person,Gaius Arrenius,,Roman magistrate; offices: tribune of the plebs,alive,-249,-204,low,RE Arrenius 1; MRR1 attestations 210 BCE to 210 BCE (n=1); floruit derived: earliest attestation - 40 and latest + 5
dprr:arrenius-2,person,Lucius Arrenius,,Roman magistrate; offices: tribune of the plebs,alive,-249,-204,low,RE Arrenius 2; MRR1 attestations 210 BCE to 210 BCE (n=1); floruit derived: earliest attestation - 40 and latest + 5
dprr:arrenius-3,person,Lucius Arrenius,,Roman magistrate; offices: prefect,alive,-247,-202,low,RE Arrenius 3; MRR1 attestations 208 BCE to 208 BCE (n=1); floruit derived: earliest attestation - 40 and latest + 5
dprr:arrius-7,person,Quintus Arrius,Arrius (7),Roman magistrate; offices: praetor; promagistrate,alive,-112,-66,medium,RE Arrius 7; MRR2 attestations 73 BCE to 72 BCE (n=2); floruit derived: earliest attestation - 40 and latest + 5
dprr:arrius-8,person,Quintus Arrius,,Roman magistrate; offices: praetor,alive,-103,-58,low,RE Arrius 8; MRR2 attestations 64 BCE to 64 BCE (n=1); floruit derived: earliest attestation - 40 and latest + 5
dprr:arruntia-27,person,Arruntia,,Roman magistrate; offices: vestal virgin,alive,-108,-63,low,RE Arruntia 27; MRR2 attestations 69 BCE to 69 BCE (n=1); floruit derived: earliest attestation - 40 and latest + 5
dprr:arruntius-7,person,Lucius Arruntius,,Roman magistrate; offices: promagistrate,alive,-70,-16,medium,RE Arruntius 7; MRR2 attestations 31 BCE to 22 BCE (n=2); floruit derived: earliest attestation - 40 and latest + 5
dprr:asellio-18,person,Lucius Asellio,,Roman magistrate; offices: praetor,alive,-135,-90,low,RE Asellio 18; MRR2 attestations 96 BCE to 96 BCE (n=1); floruit derived: earliest attestation - 40 and latest + 5
dprr:asinius-2,person,Asinius,,Roman magistrate; offices: promagistrate,alive,-73,-28,low,RE Asinius 2; MRR2 attestations 34 BCE to 34 BCE (n=1); floruit derived: earliest attestation - 40 and latest + 5
dprr:asinius-25,person,Gaius Asinius Pollio,? C. Asinius Pollio (25)|Cn. Asinius Cn. f. Pollio (25),Roman magistrate; offices: consul; praetor; tribune of the plebs,alive,-88,-33,medium,RE Asinius 25; MRR2 attestations 49 BCE to 39 BCE (n=10); floruit derived: earliest attestation - 40 and latest + 5
dprr:asprenas-13,person,Asprenas,,Roman magistrate; offices: tribune of the plebs,alive,-83,-38,low,RE Asprenas 13; MRR2 attestations 44 BCE to 44 BCE (n=1); floruit derived: earliest attestation - 40 and latest + 5
dprr:ateius-2,person,Ateius,,Roman magistrate; offices: promagistrate,alive,-80,-34,medium,RE Ateius 2; MRR2 attestations 41 BCE to 40 BCE (n=2); floruit derived: earliest attestation - 40 and latest + 5
dprr:ateius-7,person,Gaius Ateius Capito,,Roman magistrate; offices: tribune of the plebs; prefect,alive,-94,-38,medium,RE Ateius 7; MRR2 attestations 55 BCE to 44 BCE (n=2); floruit derived: earliest attestation - 40 and latest + 5
dprr:ateius-9,person,Lucius Ateius Capito,L. Ateius Capito (9),Roman magistrate; offices: quaestor; quindecimvir,alive,-91,-45,medium,RE Ateius 9; MRR2 attestations 52 BCE to 51 BCE (n=2); floruit derived: earliest attestation - 40 and latest + 5
dprr:aternius-1,person,Aulus Aternius,,Roman magistrate; offices: tribune of the plebs,alive,-493,-442,medium,RE Aternius 1; MRR1 attestations 454 BCE to 448 BCE (n=2); floruit derived: earliest attestation - 40 and latest + 5
dprr:atilius-11,person,Gaius Atilius,,Roman magistrate; offices: duumvir,alive,-255,-210,low,RE Atilius 11; MRR1 attestations 216 BCE to 216 BCE (n=1); floruit derived: earliest attestation - 40 and latest + 5
dprr:atilius-12,person,Lucius Atilius,,Roman magistrate; offices: tribune of the plebs,alive,-350,-305,low,RE Atilius 12; MRR1 attestations 311 BCE to 311 BCE (n=1); floruit derived: earliest attestation - 40 and latest + 5
dprr:atilius-13,person,Lucius Atilius,,Roman magistrate; offices: quaestor,alive,-255,-210,low,RE Atilius 13; MRR1 attestations 216 BCE to 216 BCE (n=1); floruit derived: earliest attestation - 40 and latest + 5
dprr:atilius-14,person,Lucius Atilius,,Roman magistrate; offices: prefect,alive,-254,-209,low,RE Atilius 14; MRR1 attestations 215 BCE to 215 BCE (n=1); floruit derived: earliest attestation - 40 and latest + 5
dprr:atilius-15,person,Lucius Atilius,,Roman magistrate; offices: tribune of the plebs,alive,-249,-191,medium,RE Atilius 15; MRR1 attestations 210 BCE to 197 BCE (n=2); floruit derived: earliest attestation - 40 and latest + 5
dprr:atilius-16,person,Lucius Atilius,,Roman magistrate; offices: praetor,alive,-236,-191,low,RE Atilius 16; MRR1 attestations 197 BCE to 197 BCE (n=1); floruit derived: earliest attestation - 40 and latest + 5
dprr:atilius-20,person,Marcus Atilius,,Roman magistrate; offices: duumvir,alive,-255,-210,low,RE Atilius 20; MRR1 attestations 216 BCE to 216 BCE (n=1); floruit derived: earliest attestation - 40 and latest + 5
dprr:atilius-21,person,Marcus Atilius,,Roman magistrate; offices: praetor; promagistrate,alive,-213,-167,medium,RE Atilius 21; MRR1 attestations 174 BCE to 173 BCE (n=2); floruit derived: earliest attestation - 40 and latest + 5
dprr:atilius-22,person,Marcus Atilius,? ? M. Atilius (Serranus) (22),Roman magistrate; offices: praetor; legate,alive,-191,-141,medium,RE Atilius 22; MRR1 attestations 152 BCE to 147 BCE (n=2); floruit derived: earliest attestation - 40 and latest + 5
dprr:atilius-23,person,Publius Atilius,,Roman magistrate; offices: legate,alive,-106,-61,low,RE Atilius 23; MRR2 attestations 67 BCE to 67 BCE (n=1); floruit derived: earliest attestation - 40 and latest + 5
dprr:atilius-33,person,Gaius Atilius Bulbus,,Roman magistrate; offices: consul; censor,alive,-284,-228,medium,RE Atilius 33; MRR1 attestations 245 BCE to 234 BCE (n=3); floruit derived: earliest attestation - 40 and latest + 5
dprr:atilius-36,person,Aulus Atilius Caiatinus,,Roman magistrate; offices: dictator; consul; censor,alive,-297,-241,medium,RE Atilius 36; MRR1 attestations 258 BCE to 247 BCE (n=5); floruit derived: earliest attestation - 40 and latest + 5
dprr:atilius-41,person,Lucius Atilius Luscus,,Roman magistrate; offices: consul,alive,-483,-438,low,RE Atilius 41; MRR1 attestations 444 BCE to 444 BCE (n=1); floruit derived: earliest attestation - 40 and latest + 5
dprr:atilius-46,person,Lucius Atilius Priscus,,Roman magistrate; offices: consul,alive,-438,-390,medium,RE Atilius 46; MRR1 attestations 399 BCE to 396 BCE (n=2); floruit derived: earliest attestation - 40 and latest + 5
dprr:atilius-47,person,Gaius Atilius Regulus,,Roman magistrate; offices: consul,alive,-296,-244,medium,RE Atilius 47; MRR1 attestations 257 BCE to 250 BCE (n=2); floruit derived: earliest attestation - 40 and latest + 5
dprr:atilius-48,person,Gaius Atilius Regulus,,Roman magistrate; offices: consul,alive,-264,-219,low,RE Atilius 48; MRR1 attestations 225 BCE to 225 BCE (n=1); floruit derived: earliest attestation - 40 and latest + 5
dprr:atilius-49,person,Marcus Atilius Regulus Calenus,,Roman magistrate; offices: consul,alive,-374,-329,low,RE Atilius 49; MRR1 attestations 335 BCE to 335 BCE (n=1); floruit derived: earliest attestation - 40 and latest + 5
dprr:atilius-50,person,Marcus Atilius Regulus,M. Atilius (M. f. M. n. Regulus) (50),Roman magistrate; offices: consul; praetor,alive,-333,-287,medium,RE Atilius 50; MRR1 attestations 294 BCE to 293 BCE (n=2); floruit derived: earliest attestation - 40 and latest + 5
dprr:atilius-51,person,Marcus Atilius Regulus,,Roman magistrate; offices: consul; promagistrate,alive,-306,-249,medium,RE Atilius 51; MRR1 attestations 267 BCE to 255 BCE (n=3); floruit derived: earliest attestation - 40 and latest + 5
dprr:atilius-52,person,Marcus Atilius Regulus,M. Atilius Regulus (52),Roman magistrate; offices: consul; censor; promagistrate,alive,-266,-208,medium,RE Atilius 52; MRR1 attestations 227 BCE to 214 BCE (n=4); floruit derived: earliest attestation - 40 and latest + 5
dprr:atilius-53,person,Marcus Atilius,M. Atilius Regulus (53),Roman magistrate; offices: praetor; legate; ambassador,alive,-252,-204,medium,RE Atilius 53; MRR1 attestations 213 BCE to 210 BCE (n=3); floruit derived: earliest attestation - 40 and latest + 5
dprr:atilius-60,person,Aulus Atilius Serranus,A. Atilius (Serranus) (60)|? A. Atilius Serranus (60)|A. Atilius C. f. C. n. Serranus (60),Roman magistrate; offices: consul; praetor; aedile,alive,-233,-164,high,RE Atilius 60; MRR1 attestations 194 BCE to 170 BCE (n=7); floruit derived: earliest attestation - 40 and latest + 5
dprr:atilius-62,person,Gaius Atilius Serranus,Bef. 217- ?: C. Atilius Serranus (62),Roman magistrate; offices: praetor; augur,alive,-257,-211,medium,RE Atilius 62; MRR1 attestations 218 BCE to 217 BCE (n=2); floruit derived: earliest attestation - 40 and latest + 5
dprr:atilius-63,person,Gaius Atilius Serranus,,Roman magistrate; offices: praetor,alive,-224,-179,low,RE Atilius 63; MRR1 attestations 185 BCE to 185 BCE (n=1); floruit derived: earliest attestation - 40 and latest + 5
dprr:atilius-64,person,Gaius Atilius Serranus,C. Atilius - f. - n. Serranus (64),Roman magistrate; offices: consul; praetor,alive,-148,-100,medium,RE Atilius 64; MRR1 attestations 109 BCE to 106 BCE (n=2); floruit derived: earliest attestation - 40 and latest + 5
dprr:atilius-68,person,Marcus Atilius Serranus,,Roman magistrate; offices: triumvir,alive,-229,-168,high,RE Atilius 68; MRR1 attestations 190 BCE to 174 BCE (n=3); floruit derived: earliest attestation - 40 and latest + 5
dprr:atilius-69,person,Sextus Atilius Serranus,Sex. Atilius M. f. C. n. Serranus (69)|Sex. Atilius Serranus (69),Roman magistrate; offices: consul; praetor; promagistrate,alive,-178,-129,medium,RE Atilius 69; MRR1 attestations 139 BCE to 135 BCE (n=3); floruit derived: earliest attestation - 40 and latest + 5
dprr:atilius-70,person,Sextus Atilius Serranus Gavianus,,Roman magistrate; offices: tribune of the plebs; quaestor,alive,-102,-51,medium,RE Atilius 70; MRR2 attestations 63 BCE to 57 BCE (n=2); floruit derived: earliest attestation - 40 and latest + 5
dprr:atinius-1,person,Gaius Atinius,,Roman magistrate; offices: military tribune,alive,-233,-182,medium,RE Atinius 1; MRR1 attestations 194 BCE to 188 BCE (n=2); floruit derived: earliest attestation - 40 and latest + 5
dprr:atinius-10,person,Gaius Atinius Labeo Macerio,,Roman magistrate; offices: tribune of the plebs,alive,-170,-125,low,RE Atinius 10; MRR1 attestations 131 BCE to 131 BCE (n=1); floruit derived: earliest attestation - 40 and latest + 5
dprr:atinius-2,person,Gaius Atinius,C. Atinius (2; cf. 1),Roman magistrate; offices: praetor; promagistrate,alive,-227,-180,medium,RE Atinius 2; MRR1 attestations 188 BCE to 186 BCE (n=3); floruit derived: earliest attestation - 40 and latest + 5
dprr:atinius-4,person,Marcus Atinius,,Roman magistrate; offices: prefect,alive,-251,-206,low,RE Atinius 4; MRR1 attestations 212 BCE to 212 BCE (n=1); floruit derived: earliest attestation - 40 and latest + 5
dprr:atinius-5,person,Marcus Atinius,,Roman magistrate; offices: prefect,alive,-233,-188,low,RE Atinius 5; MRR1 attestations 194 BCE to 194 BCE (n=1); floruit derived: earliest attestation - 40 and latest + 5
dprr:atinius-8,person,Gaius Atinius Labeo,,Roman magistrate; offices: praetor; tribune of the plebs,alive,-235,-189,medium,RE Atinius 8; MRR1 attestations 196 BCE to 195 BCE (n=2); floruit derived: earliest attestation - 40 and latest + 5
dprr:atinius-9,person,Gaius Atinius Labeo,,Roman magistrate; offices: praetor,alive,-229,-184,low,RE Atinius 9; MRR1 attestations 190 BCE to 190 BCE (n=1); floruit derived: earliest attestation - 40 and latest + 5
dprr:atratinus-20,person,Atratinus,,Roman magistrate; offices: military tribune,alive,-536,-480,medium,RE Atratinus 20; MRR1 attestations 497 BCE to 486 BCE (n=3); floruit derived: earliest attestation - 40 and latest + 5
dprr:atrius-4,person,Quintus Atrius,,Roman magistrate; offices: prefect,alive,-93,-48,low,RE Atrius 4; MRR2 attestations 54 BCE to 54 BCE (n=1); floruit derived: earliest attestation - 40 and latest + 5
dprr:attius-11,person,Marcus Attius Balbus,P. Attius P. f. Ouf. (Balbus) (not in RE; cf. Attius 11),Roman magistrate; offices: praetor; military tribune; special commission,alive,-128,-53,high,RE Attius 11; MRR2 attestations 89 BCE to 59 BCE (n=3); floruit derived: earliest attestation - 40 and latest + 5
dprr:attius-32,person,Publius Attius Varus,? P. Attius Varus (32),Roman magistrate; offices: praetor; promagistrate; legate,alive,-92,-39,medium,RE Attius 32; MRR2 attestations 53 BCE to 45 BCE (n=7); floruit derived: earliest attestation - 40 and latest + 5
dprr:attius-33,person,Quintus Atius Varus,Q. (Attius?) Varus (Attius 33),Roman magistrate; offices: prefect,alive,-90,-42,medium,RE Attius 33; MRR2 attestations 51 BCE to 48 BCE (n=2); floruit derived: earliest attestation - 40 and latest + 5
dprr:attius-4,person,Gaius Attius Paelignus,,Roman magistrate; offices: prefect,alive,-88,-43,low,RE Attius 4; MRR2 attestations 49 BCE to 49 BCE (n=1); floruit derived: earliest attestation - 40 and latest + 5
dprr:attius-5,person,Lucius Atius,,Roman magistrate; offices: military tribune,alive,-217,-172,low,RE Attius 5; MRR1 attestations 178 BCE to 178 BCE (n=1); floruit derived: earliest attestation - 40 and latest + 5
dprr:aufidius-1,person,Aufidius,,Roman magistrate; offices: prefect,alive,-111,-66,low,RE Aufidius 1; MRR2 attestations 72 BCE to 72 BCE (n=1); floruit derived: earliest attestation - 40 and latest + 5
dprr:aufidius-12,person,Titus Aufidius,,Roman magistrate; offices: praetor; promagistrate,alive,-106,-60,medium,RE Aufidius 12; MRR2 attestations 67 BCE to 66 BCE (n=2); floruit derived: earliest attestation - 40 and latest + 5
dprr:aufidius-25,person,Marcus Aufidius Lurco,,Roman magistrate; offices: aedile,alive,-91,-46,low,RE Aufidius 25; MRR2 attestations 52 BCE to 52 BCE (n=1); floruit derived: earliest attestation - 40 and latest + 5
dprr:aufidius-32,person,Gnaeus Aufidius Orestes,,Roman magistrate; offices: praetor; aedile; promagistrate,alive,-118,-65,medium,RE Aufidius 32; MRR2 attestations 79 BCE to 71 BCE (n=4); floruit derived: earliest attestation - 40 and latest + 5
dprr:aufidius-4,person,Gnaeus Aufidius,,Roman magistrate; offices: tribune of the plebs,alive,-209,-164,low,RE Aufidius 4; MRR1 attestations 170 BCE to 170 BCE (n=1); floruit derived: earliest attestation - 40 and latest + 5
dprr:aufidius-6,person,Gnaeus Aufidius,,Roman magistrate; offices: praetor; promagistrate,alive,-146,-100,medium,RE Aufidius 6; MRR1 attestations 107 BCE to 106 BCE (n=2); floruit derived: earliest attestation - 40 and latest + 5
dprr:aulius-1,person,Manius Aulius,,Roman magistrate; offices: prefect,alive,-247,-202,low,RE Aulius 1; MRR1 attestations 208 BCE to 208 BCE (n=1); floruit derived: earliest attestation - 40 and latest + 5
dprr:aulius-2,person,Quintus Aulius Cerretanus,Q. Aulius Q. f. Ai. n. Cerretanus (2),Roman magistrate; offices: master of horse; consul,alive,-362,-309,medium,RE Aulius 2; MRR1 attestations 323 BCE to 315 BCE (n=3); floruit derived: earliest attestation - 40 and latest + 5
dprr:aurelius-100,person,Lucius Aurelius Cotta,,Roman magistrate; offices: praetor,alive,-134,-89,low,RE Aurelius 100; MRR2 attestations 95 BCE to 95 BCE (n=1); floruit derived: earliest attestation - 40 and latest + 5
dprr:aurelius-102,person,Lucius Aurelius Cotta,L. Aurelius M. f. - n. Cotta (102),Roman magistrate; offices: consul; censor; praetor,alive,-109,-38,high,RE Aurelius 102; MRR2 attestations 70 BCE to 44 BCE (n=4); floruit derived: earliest attestation - 40 and latest + 5
dprr:aurelius-103,person,Marcus Aurelius,M. Aurelius Cotta (103)|204-200: M. Aurelius Cotta (103)|? M. Aurelius Cotta (103),Roman magistrate; offices: aedile; decemvir; legate,alive,-255,-194,high,RE Aurelius 103; MRR1 attestations 216 BCE to 200 BCE (n=6); floruit derived: earliest attestation - 40 and latest + 5
dprr:aurelius-104,person,Marcus Aurelius Cotta,,Roman magistrate; offices: envoy,alive,-228,-183,low,RE Aurelius 104; MRR1 attestations 189 BCE to 189 BCE (n=1); floruit derived: earliest attestation - 40 and latest + 5
dprr:aurelius-107,person,Marcus Aurelius Cotta,? M. Aurelius Cotta (107)|M. Aurelius M. f. - n. Cotta (107)|M.? Aurelius Cotta (107),Roman magistrate; offices: consul; praetor; promagistrate,alive,-119,-64,medium,RE Aurelius 107; MRR2 attestations 80 BCE to 70 BCE (n=7); floruit derived: earliest attestation - 40 and latest + 5
dprr:aurelius-109,person,Marcus Aurelius Cotta,,Roman magistrate; offices: praetor; promagistrate,alive,-94,-43,medium,RE Aurelius 109; MRR2 attestations 55 BCE to 49 BCE (n=4); floruit derived: earliest attestation - 40 and latest + 5
dprr:aurelius-15,person,Gaius Aurelius,,Roman magistrate; offices: legate,alive,-255,-210,low,RE Aurelius 15; MRR1 attestations 216 BCE to 216 BCE (n=1); floruit derived: earliest attestation - 40 and latest + 5
dprr:aurelius-179,person,Lucius Aurelius Orestes,L. Aurelius (Orestes) (179)|L. Aurelius Orestes (179)|L. Aurelius L. f. L. n. Orestes (179),Roman magistrate; offices: consul; praetor; legate,alive,-202,-140,high,RE Aurelius 179; MRR1 attestations 163 BCE to 146 BCE (n=6); floruit derived: earliest attestation - 40 and latest + 5
dprr:aurelius-18,person,Lucius Aurelius,,Roman magistrate; offices: quaestor,alive,-235,-190,low,RE Aurelius 18; MRR1 attestations 196 BCE to 196 BCE (n=1); floruit derived: earliest attestation - 40 and latest + 5
dprr:aurelius-180,person,Lucius Aurelius Orestes,? L. Aurelius Orestes (180)|L. Aurelius L. f. L. n. Orestes (180),Roman magistrate; offices: consul; praetor; promagistrate,alive,-168,-116,medium,RE Aurelius 180; MRR1 attestations 129 BCE to 122 BCE (n=6); floruit derived: earliest attestation - 40 and latest + 5
dprr:aurelius-181,person,Lucius Aurelius Orestes,L. Aurelius L. f. L. n. Orestes (181),Roman magistrate; offices: consul; praetor,alive,-145,-97,medium,RE Aurelius 181; MRR1 attestations 106 BCE to 103 BCE (n=2); floruit derived: earliest attestation - 40 and latest + 5
dprr:aurelius-187,person,Publius Aurelius Pecuniola,,Roman magistrate; offices: military tribune,alive,-291,-246,low,RE Aurelius 187; MRR1 attestations 252 BCE to 252 BCE (n=1); floruit derived: earliest attestation - 40 and latest + 5
dprr:aurelius-2,person,Aurelius,,Roman magistrate; offices: legate,alive,-84,-39,low,RE Aurelius 2; MRR2 attestations 45 BCE to 45 BCE (n=1); floruit derived: earliest attestation - 40 and latest + 5
dprr:aurelius-213,person,Gaius Aurelius Scaurus,,Roman magistrate; offices: praetor,alive,-225,-180,low,RE Aurelius 213; MRR1 attestations 186 BCE to 186 BCE (n=1); floruit derived: earliest attestation - 40 and latest + 5
dprr:aurelius-215,person,Marcus Aurelius Scaurus,M. Aurelius - f. - n. Scaurus (215)|M. Aurelius Scaurus (215),Roman magistrate; offices: consul; praetor; quaestor,alive,-156,-99,medium,RE Aurelius 215; MRR1 attestations 117 BCE to 105 BCE (n=5); floruit derived: earliest attestation - 40 and latest + 5
dprr:aurelius-216,person,Marcus Aurelius,,Roman magistrate; offices: military tribune,alive,-128,-83,low,RE Aurelius 216; MRR2 attestations 89 BCE to 89 BCE (n=1); floruit derived: earliest attestation - 40 and latest + 5
dprr:aurelius-94,person,Gaius Aurelius Cotta,,Roman magistrate; offices: master of horse; consul; censor,alive,-291,-225,high,RE Aurelius 94; MRR1 attestations 252 BCE to 231 BCE (n=4); floruit derived: earliest attestation - 40 and latest + 5
dprr:aurelius-95,person,Gaius Aurelius Cotta,? C. Aurelius Cotta (95)|C. Aurelius C. f. C. n. Cotta (95),Roman magistrate; offices: consul; praetor; promagistrate,alive,-241,-194,medium,RE Aurelius 95; MRR1 attestations 202 BCE to 200 BCE (n=3); floruit derived: earliest attestation - 40 and latest + 5
dprr:aurelius-96,person,Gaius Aurelius Cotta,C. Aurelius Cotta (96)|?-74 or 73: C. Aurelius Cotta (96)|C. Aurelius M. f. - n. Cotta (96)|C.? Aurelius Cotta (96),Roman magistrate; offices: consul; praetor; promagistrate,alive,-130,-67,high,RE Aurelius 96; MRR2 attestations 91 BCE to 73 BCE (n=6); floruit derived: earliest attestation - 40 and latest + 5
dprr:aurelius-97,person,Lucius Aurelius Cotta,,Roman magistrate; offices: legate; envoy; military tribune,alive,-221,-175,medium,RE Aurelius 97; MRR1 attestations 182 BCE to 181 BCE (n=2); floruit derived: earliest attestation - 40 and latest + 5
dprr:aurelius-98,person,Lucius Aurelius Cotta,L. Aurelius L. ? f. C. n. Cotta (98),Roman magistrate; offices: consul; praetor; tribune of the plebs,alive,-193,-138,medium,RE Aurelius 98; MRR1 attestations 154 BCE to 144 BCE (n=3); floruit derived: earliest attestation - 40 and latest + 5
dprr:aurelius-99,person,Lucius Aurelius Cotta,L. Aurelius - f. - n. Cotta (99),Roman magistrate; offices: consul; praetor,alive,-161,-113,medium,RE Aurelius 99; MRR1 attestations 122 BCE to 119 BCE (n=2); floruit derived: earliest attestation - 40 and latest + 5
dprr:aurunculeius-1,person,Gaius Aurunculeius,,Roman magistrate; offices: praetor; promagistrate,alive,-248,-202,medium,RE Aurunculeius 1; MRR1 attestations 209 BCE to 208 BCE (n=2); floruit derived: earliest attestation - 40 and latest + 5
dprr:aurunculeius-2,person,Gaius Aurunculeius,,Roman magistrate; offices: military tribune,alive,-248,-201,medium,RE Aurunculeius 2; MRR1 attestations 209 BCE to 207 BCE (n=2); floruit derived: earliest attestation - 40 and latest + 5
dprr:aurunculeius-3,person,Gaius Aurunculeius,,Roman magistrate; offices: ambassador,alive,-194,-149,low,RE Aurunculeius 3; MRR1 attestations 155 BCE to 155 BCE (n=1); floruit derived: earliest attestation - 40 and latest + 5
dprr:aurunculeius-4,person,Lucius Aurunculeius,,Roman magistrate; offices: praetor; ambassador,alive,-229,-182,medium,RE Aurunculeius 4; MRR1 attestations 190 BCE to 188 BCE (n=3); floruit derived: earliest attestation - 40 and latest + 5
dprr:aurunculeius-6,person,Lucius Aurunculeius Cotta,? L. Aurunculeius Cotta (6),Roman magistrate; offices: legate,alive,-97,-48,medium,RE Aurunculeius 6; MRR2 attestations 58 BCE to 54 BCE (n=5); floruit derived: earliest attestation - 40 and latest + 5
dprr:autronius-7,person,Publius Autronius Paetus,? P. Autronius Paetus (7)|P. Autronius (Paetus) (7)|P. Autronius L. f. - n. Paetus (7),Roman magistrate; offices: consul; praetor; quaestor,alive,-114,-59,medium,RE Autronius 7; MRR2 attestations 75 BCE to 65 BCE (n=4); floruit derived: earliest attestation - 40 and latest + 5
dprr:avienus-1,person,Gaius Avienus,,Roman magistrate; offices: military tribune,alive,-85,-40,low,RE Avienus 1; MRR2 attestations 46 BCE to 46 BCE (n=1); floruit derived: earliest attestation - 40 and latest + 5
dprr:axius-4,person,Quintus Axius Quir,,Roman magistrate; offices: quaestor,alive,-112,-67,low,RE Axius 4; MRR2 attestations 73 BCE to 73 BCE (n=1); floruit derived: earliest attestation - 40 and latest + 5
dprr:baebius-1,person,Marcus Baebius Tamphilus,,Roman magistrate; offices: promagistrate,alive,-231,-174,medium,RE Baebius 1; MRR1 attestations 192 BCE to 180 BCE (n=3); floruit derived: earliest attestation - 40 and latest + 5
dprr:baebius-10,person,Gaius Baebius,,Roman magistrate; offices: tribune of the plebs,alive,-150,-105,low,RE Baebius 10; MRR1 attestations 111 BCE to 111 BCE (n=1); floruit derived: earliest attestation - 40 and latest + 5
dprr:baebius-11,person,Gaius Baebius,,Roman magistrate; offices: legate,alive,-129,-84,low,RE Baebius 11; MRR2 attestations 90 BCE to 90 BCE (n=1); floruit derived: earliest attestation - 40 and latest + 5
dprr:baebius-12,person,Gaius Baebius,,Roman magistrate; offices: military tribune,alive,-70,-25,low,RE Baebius 12; MRR2 attestations 31 BCE to 31 BCE (n=1); floruit derived: earliest attestation - 40 and latest + 5
dprr:baebius-14,person,Lucius Baebius,L. Baebius (Dives ?) (14; cf. 25)|L. Baebius (Dives) (14; 25),Roman magistrate; offices: promagistrate; legate; envoy,alive,-242,-183,medium,RE Baebius 14; MRR1 attestations 203 BCE to 189 BCE (n=2); floruit derived: earliest attestation - 40 and latest + 5
dprr:baebius-15,person,Lucius Baebius,,Roman magistrate; offices: envoy,alive,-208,-162,medium,RE Baebius 15; MRR1 attestations 169 BCE to 168 BCE (n=2); floruit derived: earliest attestation - 40 and latest + 5
dprr:baebius-16,person,Marcus Baebius Tamphilus,? M. Baebius (Tamphilus) (16; and 44)|M. Baebius Q. f. Cn. n. Tamphilus (16; 44),Roman magistrate; offices: consul; tribune of the plebs; triumvir,alive,-233,-175,medium,RE Baebius 16; MRR1 attestations 194 BCE to 181 BCE (n=3); floruit derived: earliest attestation - 40 and latest + 5
dprr:baebius-17,person,Marcus Baebius,,Roman magistrate; offices: tribune of the plebs,alive,-142,-97,low,RE Baebius 17; MRR1 attestations 103 BCE to 103 BCE (n=1); floruit derived: earliest attestation - 40 and latest + 5
dprr:baebius-20,person,Quintus Baebius,,Roman magistrate; offices: tribune of the plebs,alive,-239,-194,low,RE Baebius 20; MRR1 attestations 200 BCE to 200 BCE (n=1); floruit derived: earliest attestation - 40 and latest + 5
dprr:baebius-25,person,Lucius Baebius Dives,,Roman magistrate; offices: praetor,alive,-228,-183,low,RE Baebius 25; MRR1 attestations 189 BCE to 189 BCE (n=1); floruit derived: earliest attestation - 40 and latest + 5
dprr:baebius-26,person,Quintus Baebius Herennius,,Roman magistrate; offices: tribune of the plebs,alive,-255,-210,low,RE Baebius 26; MRR1 attestations 216 BCE to 216 BCE (n=1); floruit derived: earliest attestation - 40 and latest + 5
dprr:baebius-40,person,Quintus Baebius Sulca,Q. Baebius Sulca (40),Roman magistrate; offices: praetor; ambassador,alive,-214,-167,medium,RE Baebius 40; MRR1 attestations 175 BCE to 173 BCE (n=2); floruit derived: earliest attestation - 40 and latest + 5
dprr:baebius-41,person,Gnaeus Baebius Tamphilus,? Cn. Baebius (Tamphilus) (41)|Cn. Baebius (Tamphilus) (41)|Cn. Baebius Q. f. Cn. n. Tamphilus (41)|Cn. Baebius Tamphilus (41) Cos. 182 Ariminum (Gaul),Roman magistrate; offices: consul; praetor; aedile,alive,-243,-175,high,RE Baebius 41; MRR1 attestations 204 BCE to 181 BCE (n=7); floruit derived: earliest attestation - 40 and latest + 5
dprr:baebius-42,person,Gnaeus Baebius Tamphilus,,Roman magistrate; offices: praetor; ambassador,alive,-207,-161,medium,RE Baebius 42; MRR1 attestations 168 BCE to 167 BCE (n=2); floruit derived: earliest attestation - 40 and latest + 5
dprr:baebius-44,person,Marcus Baebius Tamphilus,,Roman magistrate; offices: praetor; promagistrate; ambassador,alive,-231,-175,medium,RE Baebius 44; MRR1 attestations 192 BCE to 181 BCE (n=5); floruit derived: earliest attestation - 40 and latest + 5
dprr:baebius-45,person,Quintus Baebius Tamphilus,Q. Baebius (Tamphilus) (45),Roman magistrate; offices: ambassador; envoy,alive,-258,-212,medium,RE Baebius 45; MRR1 attestations 219 BCE to 218 BCE (n=2); floruit derived: earliest attestation - 40 and latest + 5
dprr:baebius-5,person,Baebius,? Baebius (5),Roman magistrate; offices: legate,alive,-84,-38,medium,RE Baebius 5; MRR2 attestations 45 BCE to 44 BCE (n=2); floruit derived: earliest attestation - 40 and latest + 5
dprr:baebius-8,person,Aulus Baebius,,Roman magistrate; offices: prefect,alive,-206,-161,low,RE Baebius 8; MRR1 attestations 167 BCE to 167 BCE (n=1); floruit derived: earliest attestation - 40 and latest + 5
dprr:balbus-43,person,Balbus,,Roman magistrate; offices: prefect,alive,-121,-76,low,RE Balbus 43; MRR2 attestations 82 BCE to 82 BCE (n=1); floruit derived: earliest attestation - 40 and latest + 5
dprr:barbatius-1,person,Marcus Barbatius Philippus,,Roman magistrate; offices: quaestor,alive,-80,-35,low,RE Barbatius 1; MRR2 attestations 41 BCE to 41 BCE (n=1); floruit derived: earliest attestation - 40 and latest + 5
dprr:basilus-37,person,Lucius Basilus,,Roman magistrate; offices: legate; military tribune,alive,-127,-80,medium,RE Basilus 37; MRR2 attestations 88 BCE to 86 BCE (n=2); floruit derived: earliest attestation - 40 and latest + 5
dprr:bellienus-1,person,Bellinus,,Roman magistrate; offices: praetor,alive,-107,-62,low,RE Bellienus 1; MRR2 attestations 68 BCE to 68 BCE (n=1); floruit derived: earliest attestation - 40 and latest + 5
dprr:bellienus-5,person,Lucius Bellienus,,Roman magistrate; offices: praetor,alive,-144,-99,low,RE Bellienus 5; MRR1 attestations 105 BCE to 105 BCE (n=1); floruit derived: earliest attestation - 40 and latest + 5
dprr:billienus-4,person,Gaius Billienus,,Roman magistrate; offices: praetor; promagistrate,alive,-146,-100,medium,RE Billienus 4; MRR1 attestations 107 BCE to 106 BCE (n=2); floruit derived: earliest attestation - 40 and latest + 5
dprr:bruttius-10,person,Quintus Bruttius Sura,? Q. Bruttius Sura (10)|Bruttius Sura (10)|C. Bruttius Sura (10; Supb. 3.218),Roman magistrate; offices: legate,alive,-132,-81,medium,RE Bruttius 10; MRR2 attestations 93 BCE to 87 BCE (n=7); floruit derived: earliest attestation - 40 and latest + 5
dprr:brutus-61,person,Decimus Brutus Scaeva,,Roman magistrate; offices: legate,alive,-332,-286,medium,RE Brutus 61; MRR1 attestations 293 BCE to 292 BCE (n=2); floruit derived: earliest attestation - 40 and latest + 5
dprr:caecililis-87,person,Quintus Caecililis Metellus Creticus,,Roman magistrate; offices: promagistrate,alive,-113,-61,medium,RE Caecililis 87; MRR2 attestations 74 BCE to 67 BCE (n=3); floruit derived: earliest attestation - 40 and latest + 5
dprr:caecilius-1,person,Caecilius,,Roman magistrate; offices: quaestor,alive,-98,-53,low,RE Caecilius 1; MRR2 attestations 59 BCE to 59 BCE (n=1); floruit derived: earliest attestation - 40 and latest + 5
dprr:caecilius-10,person,Aulus Caecilius,,Roman magistrate; offices: aedile,alive,-228,-183,low,RE Caecilius 10; MRR1 attestations 189 BCE to 189 BCE (n=1); floruit derived: earliest attestation - 40 and latest + 5
dprr:caecilius-101,person,Quintus Caecilius Niger,,Roman magistrate; offices: quaestor,alive,-111,-66,low,RE Caecilius 101; MRR2 attestations 72 BCE to 72 BCE (n=1); floruit derived: earliest attestation - 40 and latest + 5
dprr:caecilius-110,person,Lucius Caecilius Rufus,L. Caecilius L. f. Rufus (110),Roman magistrate; offices: praetor; tribune of the plebs; quaestor,alive,-105,-50,medium,RE Caecilius 110; MRR2 attestations 66 BCE to 56 BCE (n=4); floruit derived: earliest attestation - 40 and latest + 5
dprr:caecilius-15,person,Marcus Caecilius,,Roman magistrate; offices: legate,alive,-239,-194,low,RE Caecilius 15; MRR1 attestations 200 BCE to 200 BCE (n=1); floruit derived: earliest attestation - 40 and latest + 5
dprr:caecilius-16,person,Marcus Caecilius,,Roman magistrate; offices: decemvir; ambassador,alive,-212,-166,medium,RE Caecilius 16; MRR1 attestations 173 BCE to 172 BCE (n=2); floruit derived: earliest attestation - 40 and latest + 5
dprr:caecilius-19,person,Quintus Caecilius,,Roman magistrate; offices: tribune of the plebs,alive,-478,-433,low,RE Caecilius 19; MRR1 attestations 439 BCE to 439 BCE (n=1); floruit derived: earliest attestation - 40 and latest + 5
dprr:caecilius-22,person,Quintus Caecilius,,Roman magistrate; offices: tribune of the plebs,alive,-107,-51,medium,RE Caecilius 22; MRR2 attestations 68 BCE to 57 BCE (n=4); floruit derived: earliest attestation - 40 and latest + 5
dprr:caecilius-43,person,Gaius Caecilius Cornutus,,Roman magistrate; offices: praetor; tribune of the plebs; promagistrate,alive,-100,-50,medium,RE Caecilius 43; MRR2 attestations 61 BCE to 56 BCE (n=3); floruit derived: earliest attestation - 40 and latest + 5
dprr:caecilius-44,person,Marcus Caecilius,,Roman magistrate; offices: legate,alive,-127,-82,low,RE Caecilius 44; MRR2 attestations 88 BCE to 88 BCE (n=1); floruit derived: earliest attestation - 40 and latest + 5
dprr:caecilius-45,person,Marcus Caecilius Cornutus,,Roman magistrate; offices: praetor,alive,-82,-37,low,RE Caecilius 45; MRR2 attestations 43 BCE to 43 BCE (n=1); floruit derived: earliest attestation - 40 and latest + 5
dprr:caecilius-49,person,Lucius Caecilius Denter,,Roman magistrate; offices: praetor,alive,-221,-176,low,RE Caecilius 49; MRR1 attestations 182 BCE to 182 BCE (n=1); floruit derived: earliest attestation - 40 and latest + 5
dprr:caecilius-50,person,Marcus Caecilius Denter,,Roman magistrate; offices: ambassador,alive,-212,-167,low,RE Caecilius 50; MRR1 attestations 173 BCE to 173 BCE (n=1); floruit derived: earliest attestation - 40 and latest + 5
dprr:caecilius-6,person,Gaius Caelius,,Roman magistrate; offices: praetor; promagistrate,alive,-129,-84,low,RE Caecilius 6; MRR2 attestations 90 BCE to 90 BCE (n=1); floruit derived: earliest attestation - 40 and latest + 5
dprr:caecilius-72,person,Lucius Caecilius Metellus,L. Caecilius Metellus (72)|?- 221: L. Caecilius Metellus (72),Roman magistrate; offices: dictator; master of horse; consul,alive,-290,-215,high,RE Caecilius 72; MRR1 attestations 251 BCE to 221 BCE (n=7); floruit derived: earliest attestation - 40 and latest + 5
dprr:caecilius-73,person,Lucius Caecilius Metellus,? M. Caecilius L. f. Metellus (73; 76; Supb. 3.222),Roman magistrate; offices: tribune of the plebs; quaestor; ambassador,alive,-253,-190,high,RE Caecilius 73; MRR1 attestations 214 BCE to 196 BCE (n=4); floruit derived: earliest attestation - 40 and latest + 5
dprr:caecilius-74,person,Lucius Caecilius Metellus,L. Caecilius C. f. Q. n. Metellus (74),Roman magistrate; offices: consul; praetor; promagistrate,alive,-110,-62,medium,RE Caecilius 74; MRR2 attestations 71 BCE to 68 BCE (n=3); floruit derived: earliest attestation - 40 and latest + 5
dprr:caecilius-75,person,Lucius Caecilius Metellus,,Roman magistrate; offices: tribune of the plebs; quaestor,alive,-91,-43,medium,RE Caecilius 75; MRR2 attestations 52 BCE to 49 BCE (n=2); floruit derived: earliest attestation - 40 and latest + 5
dprr:caecilius-76,person,Marcus Caecilius Metellus,,Roman magistrate; offices: praetor; aedile; ambassador,alive,-247,-198,medium,RE Caecilius 76; MRR1 attestations 208 BCE to 204 BCE (n=4); floruit derived: earliest attestation - 40 and latest + 5
dprr:caecilius-77,person,Marcus Caecilius Metellus,? M. Caecilius Metellus (77)|M. Caecilius Q. f. Q. n. Metellus (77),Roman magistrate; offices: consul; praetor; promagistrate,alive,-157,-105,medium,RE Caecilius 77; MRR1 attestations 118 BCE to 111 BCE (n=6); floruit derived: earliest attestation - 40 and latest + 5
dprr:caecilius-78,person,Marcus Caecilius Metellus,,Roman magistrate; offices: praetor,alive,-108,-63,low,RE Caecilius 78; MRR2 attestations 69 BCE to 69 BCE (n=1); floruit derived: earliest attestation - 40 and latest + 5
dprr:caecilius-81,person,Quintus Caecilius Metellus,Q. Caecilius L. f. L. n. Metellus (81),Roman magistrate; offices: dictator; master of horse; consul,alive,-255,-173,high,RE Caecilius 81; MRR1 attestations 216 BCE to 179 BCE (n=14); floruit derived: earliest attestation - 40 and latest + 5
dprr:caecilius-82,person,Quintus Caecilius Metellus Ballaricus,? Q. Caecilius Metellus (Baliaricus) (82)|Q. Caecilius Metellus (Ballaricus) (82)|Q. Caecilius Q. f. Q. n. Metellus (Baliaricus) (82)|Q. Caecilius Q. f. Q. n. Metellus Ballaricus (82),Roman magistrate; offices: consul; censor; praetor,alive,-165,-114,medium,RE Caecilius 82; MRR1 attestations 126 BCE to 120 BCE (n=5); floruit derived: earliest attestation - 40 and latest + 5
dprr:caecilius-83,person,Lucius Caecilius Metellus Calvus,L. Caecilius Metellus Calvus (83)|(L.) Caecilius (Metellus Calvus ?) (cf. 83)|L. Caecilius Q. f. L. n. Metellus Calvus (83),Roman magistrate; offices: consul; praetor; promagistrate,alive,-184,-130,medium,RE Caecilius 83; MRR1 attestations 145 BCE to 136 BCE (n=6); floruit derived: earliest attestation - 40 and latest + 5
dprr:caecilius-84,person,Gaius Caecilius Metellus Caprarius,C. Caecilius Metellus Caprarius (84)|? C. Caecilius Metellus Caprarius (84; Supb. 3.222),Roman magistrate; offices: consul; censor; praetor,alive,-156,-96,high,RE Caecilius 84; MRR1 attestations 117 BCE to 102 BCE (n=6); floruit derived: earliest attestation - 40 and latest + 5
dprr:caecilius-85,person,Quintus Caecilius Metellus Celer,? Q. Caecilius Metellus Celer (85),Roman magistrate; offices: aedile; tribune of the plebs,alive,-129,-82,medium,RE Caecilius 85; MRR2 attestations 90 BCE to 88 BCE (n=2); floruit derived: earliest attestation - 40 and latest + 5
dprr:caecilius-86,person,Quintus Caecilius Metellus Celer,? Q. Caecilius Metellus Celer (86)|?-59: Q. Caecilius Metellus Celer (86)|Caecilius Metellus Celer (86)|Q. Caecilius Q. f. Q. n. Metellus Celer (86)|[?? Q. Caecilius Metellus (Celer?) (86),Roman magistrate; offices: consul; praetor; aedile,alive,-117,-53,high,RE Caecilius 86; MRR2 attestations 78 BCE to 59 BCE (n=7); floruit derived: earliest attestation - 40 and latest + 5
dprr:caecilius-87,person,Quintus Caecilius Metellus Creticus,? Q. Caecilius Metellus (Creticus) (87)|Q. Caecilius C. f. Q. n. Metellus (Creticus) (87),Roman magistrate; offices: consul; praetor; promagistrate,alive,-113,-51,high,RE Caecilius 87; MRR2 attestations 74 BCE to 57 BCE (n=11); floruit derived: earliest attestation - 40 and latest + 5
dprr:caecilius-91,person,Lucius Caecilius Metellus Delmaticus,? L. Caecilius Metellus (Delmaticus) (91)|Before 114-103: L. Caecilius Metellus Delmaticus (91)|L. Caecilius L. f. Q. n. Metellus (Delmaticus) (91; cf. Supb. 3.222f.)|L. Caecilius Metellus (Delmaticus) (91),Roman magistrate; offices: consul; praetor; promagistrate,alive,-161,-97,high,RE Caecilius 91; MRR1 attestations 122 BCE to 103 BCE (n=7); floruit derived: earliest attestation - 40 and latest + 5
dprr:caecilius-92,person,Lucius Caecilius Metellus Denter,L. Caecilius (Metellus Denter) (92),Roman magistrate; offices: consul; praetor,alive,-323,-277,medium,RE Caecilius 92; MRR1 attestations 284 BCE to 283 BCE (n=2); floruit derived: earliest attestation - 40 and latest + 5
dprr:caecilius-93,person,Lucius Caecilius Metellus Diadematus,? L. Caecilius Metellus (Diadematus ?) (93)|L. Caecilius Q. f. (Q.) n. Metellus (Diadematus) (93)|L. Caecilius Q. f. Q. n. Metellus Diadematus (93),Roman magistrate; offices: consul; censor; praetor,alive,-159,-109,medium,RE Caecilius 93; MRR1 attestations 120 BCE to 115 BCE (n=4); floruit derived: earliest attestation - 40 and latest + 5
dprr:caecilius-94,person,Quintus Caecilius Metellus Macedonicus,Q. Caecilius Q. f. L. n. Metellus Macedonicus (94)|?- 115: Q. Caecilius Metellus Macedonicus (94)|? Q. Caecilius Metellus (Macedonicus) (94)|Q. Caecilius Metellus (Macedonicus) (94),Roman magistrate; offices: consul; censor; praetor,alive,-207,-109,high,RE Caecilius 94; MRR1 attestations 168 BCE to 115 BCE (n=12); floruit derived: earliest attestation - 40 and latest + 5
dprr:caecilius-95,person,Quintus Caecilius Metellus Nepos,Q. Caecilius Q. f. Q. n. Metellus Nepos (95),Roman magistrate; offices: consul; praetor,alive,-140,-92,medium,RE Caecilius 95; MRR1+MRR2 attestations 101 BCE to 98 BCE (n=2); floruit derived: earliest attestation - 40 and latest + 5
dprr:caecilius-96,person,Quintus Caecilius Metellus Nepos,Q. Caecilius P. f. Q. n. Metellus Nepos (96),Roman magistrate; offices: consul; praetor; tribune of the plebs,alive,-106,-49,medium,RE Caecilius 96; MRR2 attestations 67 BCE to 55 BCE (n=9); floruit derived: earliest attestation - 40 and latest + 5
dprr:caecilius-97,person,Quintus Caecilius Metellus Numidicus,? Q. Caecilius Metellus (Numidicus) (97)|? Q. Caecilius Metellus Numidicus (97)|Q. Caecilius L. f. Q. n. Metellus (Numidicus) (97)|Q. Caecilius L. f. Q. n. Metellus Numidicus (97),Roman magistrate; offices: consul; censor; praetor,alive,-154,-96,medium,RE Caecilius 97; MRR1 attestations 115 BCE to 102 BCE (n=8); floruit derived: earliest attestation - 40 and latest + 5
dprr:caecilius-98,person,Quintus Caecilius Metellus Pius,? Q. Caecilius Metellus Pius (98)|Ca. 97-63: Q. Caecilius Metellus Pius (98)|Q. Caecilius Mftellus Pius (98)|Q. Caecilius Q. f. L. n. Metellus Pius (98),Roman magistrate; offices: consul; praetor; promagistrate,alive,-136,-57,high,RE Caecilius 98; MRR2 attestations 97 BCE to 63 BCE (n=21); floruit derived: earliest attestation - 40 and latest + 5
dprr:caecilius-99,person,Quintus Caecilius Metellus Pius Scipio Nasica,? Q. Caecilius Metellus Pius Scipio Nasica (99)|Q. Caecilius Q. f. Q. n. Metellus Pius Scipio Nasica (99)|ca. 63-46: Q. Caecilius Metellus Pius Scipio Nasica (99),Roman magistrate; offices: consul; praetor; tribune of the plebs,alive,-102,-40,high,RE Caecilius 99; MRR2 attestations 63 BCE to 46 BCE (n=11); floruit derived: earliest attestation - 40 and latest + 5
dprr:caecina-4,person,Caecina,,Roman magistrate; offices: envoy,alive,-80,-35,low,RE Caecina 4; MRR2 attestations 41 BCE to 41 BCE (n=1); floruit derived: earliest attestation - 40 and latest + 5
dprr:caedicius-10,person,Quintus Caedicius Noctua,,Roman magistrate; offices: consul; censor,alive,-328,-277,medium,RE Caedicius 10; MRR1 attestations 289 BCE to 283 BCE (n=2); floruit derived: earliest attestation - 40 and latest + 5
dprr:caedicius-2,person,Gaius Caedicius,,Roman magistrate; offices: legate,alive,-332,-287,low,RE Caedicius 2; MRR1 attestations 293 BCE to 293 BCE (n=1); floruit derived: earliest attestation - 40 and latest + 5
dprr:caedicius-3,person,Lucius Caedicius,,Roman magistrate; offices: tribune of the plebs,alive,-514,-469,low,RE Caedicius 3; MRR1 attestations 475 BCE to 475 BCE (n=1); floruit derived: earliest attestation - 40 and latest + 5
dprr:caedicius-7,person,Quintus Caedicius,,Roman magistrate; offices: military tribune,alive,-297,-252,low,RE Caedicius 7; MRR1 attestations 258 BCE to 258 BCE (n=1); floruit derived: earliest attestation - 40 and latest + 5
dprr:caedicius-8,person,Quintus Caedicius,,Roman magistrate; offices: consul,alive,-295,-250,low,RE Caedicius 8; MRR1 attestations 256 BCE to 256 BCE (n=1); floruit derived: earliest attestation - 40 and latest + 5
dprr:caelius-10,person,Marcus Caelius,,Roman magistrate; offices: tribune of the plebs,alive,-223,-178,low,RE Caelius 10; MRR1 attestations 184 BCE to 184 BCE (n=1); floruit derived: earliest attestation - 40 and latest + 5
dprr:caelius-13,person,Publius Caelius,,Roman magistrate; offices: prefect,alive,-126,-81,low,RE Caelius 13; MRR2 attestations 87 BCE to 87 BCE (n=1); floruit derived: earliest attestation - 40 and latest + 5
dprr:caelius-14,person,Quintus Caelius,,Roman magistrate; offices: aedile,alive,-83,-38,low,RE Caelius 14; MRR2 attestations 44 BCE to 44 BCE (n=1); floruit derived: earliest attestation - 40 and latest + 5
dprr:caelius-35,person,Marcus Caelius Rufus,,Roman magistrate; offices: master of horse; aedile; tribune of the plebs,alive,-95,-42,medium,RE Caelius 35; MRR2 attestations 56 BCE to 48 BCE (n=4); floruit derived: earliest attestation - 40 and latest + 5
dprr:caelius-6,person,Gaius Aelius,,Roman magistrate; offices: military tribune,alive,-217,-172,low,RE Caelius 6; MRR1 attestations 178 BCE to 178 BCE (n=1); floruit derived: earliest attestation - 40 and latest + 5
dprr:caelius-7,person,Gaius Caelius,,Roman magistrate; offices: tribune of the plebs,alive,-90,-45,low,RE Caelius 7; MRR2 attestations 51 BCE to 51 BCE (n=1); floruit derived: earliest attestation - 40 and latest + 5
dprr:caepio-49,person,Quintus Caepio,Q. (Servilius) Caepio Pat. (49),Roman magistrate; offices: military tribune,alive,-168,-100,high,RE Caepio 49; MRR1 attestations 129 BCE to 106 BCE (n=5); floruit derived: earliest attestation - 40 and latest + 5
dprr:caesennius-6,person,Caesennius Lento,- Caesennius Lento (6),Roman magistrate; offices: legate; special commission,alive,-84,-38,medium,RE Caesennius 6; MRR2 attestations 45 BCE to 44 BCE (n=2); floruit derived: earliest attestation - 40 and latest + 5
dprr:caesetius-3,person,Publius Caesetius,,Roman magistrate; offices: quaestor,alive,-111,-66,low,RE Caesetius 3; MRR2 attestations 72 BCE to 72 BCE (n=1); floruit derived: earliest attestation - 40 and latest + 5
dprr:caesetius-4,person,Lucius Caesetius Flavus,,Roman magistrate; offices: tribune of the plebs,alive,-83,-38,low,RE Caesetius 4; MRR2 attestations 44 BCE to 44 BCE (n=1); floruit derived: earliest attestation - 40 and latest + 5
dprr:caesius-9,person,Marcus Caesius,,Roman magistrate; offices: praetor,alive,-114,-69,low,RE Caesius 9; MRR2 attestations 75 BCE to 75 BCE (n=1); floruit derived: earliest attestation - 40 and latest + 5
dprr:caeso-1,person,Caeso Quinctius Flamininus,,Roman magistrate; offices: duumvir,alive,-256,-211,low,RE Caeso 1; MRR1 attestations 217 BCE to 217 BCE (n=1); floruit derived: earliest attestation - 40 and latest + 5
dprr:caesonius-1,person,Marcus Caesonius,? M. Caesonius (1),Roman magistrate; offices: praetor; aedile,alive,-108,-60,medium,RE Caesonius 1; MRR2 attestations 69 BCE to 66 BCE (n=2); floruit derived: earliest attestation - 40 and latest + 5
dprr:calidius-4,person,Marcus Calidius,M. Calidius (4),Roman magistrate; offices: praetor; legate,alive,-96,-41,medium,RE Calidius 4; MRR2 attestations 57 BCE to 47 BCE (n=4); floruit derived: earliest attestation - 40 and latest + 5
dprr:calidius-5,person,Quintus Calidius,C. Calidius (5),Roman magistrate; offices: praetor; tribune of the plebs; promagistrate,alive,-137,-72,high,RE Calidius 5; MRR2 attestations 98 BCE to 78 BCE (n=3); floruit derived: earliest attestation - 40 and latest + 5
dprr:calpurnius-13,person,Lucius Calpurnius,,Roman magistrate; offices: envoy,alive,-237,-192,low,RE Calpurnius 13; MRR1 attestations 198 BCE to 198 BCE (n=1); floruit derived: earliest attestation - 40 and latest + 5
dprr:calpurnius-23,person,Lucius Calpurnius Bestia,? L. Calpurnius Bestia (23)|L. Calpurnius - f. - n. Bestia (23),Roman magistrate; offices: consul; praetor; tribune of the plebs,alive,-160,-105,medium,RE Calpurnius 23; MRR1 attestations 121 BCE to 111 BCE (n=4); floruit derived: earliest attestation - 40 and latest + 5
dprr:calpurnius-24,person,Lucius Calpurnius Bestia,? L. Calpurnius Bestia (24),Roman magistrate; offices: aedile; tribune of the plebs,alive,-101,-53,medium,RE Calpurnius 24; MRR2 attestations 62 BCE to 59 BCE (n=2); floruit derived: earliest attestation - 40 and latest + 5
dprr:calpurnius-25,person,Lucius Calpurnius Bestia,,Roman magistrate; offices: aedile,alive,-96,-51,low,RE Calpurnius 25; MRR2 attestations 57 BCE to 57 BCE (n=1); floruit derived: earliest attestation - 40 and latest + 5
dprr:calpurnius-27,person,Lucius Calpurnius Bibulus,? L. Calpurnius Bibulus (27),Roman magistrate; offices: promagistrate; legate; envoy,alive,-82,-26,medium,RE Calpurnius 27; MRR2 attestations 43 BCE to 32 BCE (n=6); floruit derived: earliest attestation - 40 and latest + 5
dprr:calpurnius-28,person,Marcus Calpurnius Bibulus,M. Calpurnius C. f. - n. Bibulus (28),Roman magistrate; offices: consul; praetor; aedile,alive,-104,-42,high,RE Calpurnius 28; MRR2 attestations 65 BCE to 48 BCE (n=7); floruit derived: earliest attestation - 40 and latest + 5
dprr:calpurnius-31,person,Calpurnius Crassus,,Roman magistrate; offices: legate,alive,-295,-250,low,RE Calpurnius 31; MRR1 attestations 256 BCE to 256 BCE (n=1); floruit derived: earliest attestation - 40 and latest + 5
dprr:calpurnius-42,person,Marcus Calpurnius Flamma,,Roman magistrate; offices: military tribune,alive,-297,-252,low,RE Calpurnius 42; MRR1 attestations 258 BCE to 258 BCE (n=1); floruit derived: earliest attestation - 40 and latest + 5
dprr:calpurnius-61,person,Gaius Calpurnius Piso,C. Calpurnius Piso (61; cf. 8),Roman magistrate; offices: praetor; promagistrate,alive,-250,-202,medium,RE Calpurnius 61; MRR1 attestations 211 BCE to 208 BCE (n=4); floruit derived: earliest attestation - 40 and latest + 5
dprr:calpurnius-62,person,Gaius Calpurnius Piso,C. Calpurnius C. f. C. n. Piso (62),Roman magistrate; offices: consul; praetor; promagistrate,alive,-225,-174,medium,RE Calpurnius 62; MRR1 attestations 186 BCE to 180 BCE (n=5); floruit derived: earliest attestation - 40 and latest + 5
dprr:calpurnius-63,person,Gaius Calpurnius Piso,C. Calpurnius - f. - n. Piso (63),Roman magistrate; offices: consul; praetor; promagistrate,alive,-109,-59,medium,RE Calpurnius 63; MRR2 attestations 70 BCE to 65 BCE (n=4); floruit derived: earliest attestation - 40 and latest + 5
dprr:calpurnius-69,person,Gnaeus Calpurnius Piso,,Roman magistrate; offices: promagistrate,alive,-104,-58,medium,RE Calpurnius 69; MRR2 attestations 65 BCE to 64 BCE (n=2); floruit derived: earliest attestation - 40 and latest + 5
dprr:calpurnius-73,person,Gnaeus Calpurnius Piso,Cn. Calpurnius - f. - n. Piso (73),Roman magistrate; offices: consul; praetor,alive,-181,-133,medium,RE Calpurnius 73; MRR1 attestations 142 BCE to 139 BCE (n=2); floruit derived: earliest attestation - 40 and latest + 5
dprr:calpurnius-86,person,Quintus Calpurnius Piso,Q. Calpurnius C. f. C. n. Piso (86),Roman magistrate; offices: consul; praetor,alive,-177,-129,medium,RE Calpurnius 86; MRR1 attestations 138 BCE to 135 BCE (n=2); floruit derived: earliest attestation - 40 and latest + 5
dprr:calpurnius-87,person,Lucius Calpurnius Piso Caesoninus,(L.) Calpurnius Piso (Caesoninus) (87),Roman magistrate; offices: consul; praetor,alive,-193,-142,medium,RE Calpurnius 87; MRR1 attestations 154 BCE to 148 BCE (n=2); floruit derived: earliest attestation - 40 and latest + 5
dprr:calpurnius-88,person,Lucius Calpurnius Piso Caesoninus,L. Calpurnius (L. f. C. n.) Piso Caesoninus (88)|L. Calpurnius Piso Caesoninus (88),Roman magistrate; offices: consul; praetor; legate,alive,-154,-101,medium,RE Calpurnius 88; MRR1 attestations 115 BCE to 107 BCE (n=3); floruit derived: earliest attestation - 40 and latest + 5
dprr:calpurnius-89,person,Lucius Calpurnius Piso,,Roman magistrate; offices: quaestor,alive,-139,-94,low,RE Calpurnius 89; MRR1 attestations 100 BCE to 100 BCE (n=1); floruit derived: earliest attestation - 40 and latest + 5
dprr:calpurnius-90,person,Lucius Calpurnius Piso Caesoninus,? L. Calpurnius Piso Caesoninus (90)|L. Calpurnius L. f. L. n. Piso Caesoninus (90),Roman magistrate; offices: consul; censor; praetor,alive,-109,-37,high,RE Calpurnius 90; MRR2 attestations 70 BCE to 43 BCE (n=10); floruit derived: earliest attestation - 40 and latest + 5
dprr:calpurnius-93,person,Gaius Calpurnius Piso Frugi,,Roman magistrate; offices: quaestor,alive,-97,-52,low,RE Calpurnius 93; MRR2 attestations 58 BCE to 58 BCE (n=1); floruit derived: earliest attestation - 40 and latest + 5
dprr:calpurnius-95,person,Gnaeus Calpurnius Piso,Cn. Calpurnius Piso (Frugi) (95),Roman magistrate; offices: promagistrate; legate,alive,-88,-17,high,RE Calpurnius 95; MRR2 attestations 49 BCE to 23 BCE (n=3); floruit derived: earliest attestation - 40 and latest + 5
dprr:calpurnius-96,person,Lucius Calpurnius Piso Frugi,? (L.) Calpurnius Piso (Frugi) (96)|L. Calpurnius Piso Frugi (96),Roman magistrate; offices: consul; censor; praetor,alive,-188,-114,high,RE Calpurnius 96; MRR1 attestations 149 BCE to 120 BCE (n=5); floruit derived: earliest attestation - 40 and latest + 5
dprr:calpurnius-97,person,Lucius Calpurnius Piso Frugi,,Roman magistrate; offices: praetor,alive,-151,-106,low,RE Calpurnius 97; MRR1 attestations 112 BCE to 112 BCE (n=1); floruit derived: earliest attestation - 40 and latest + 5
dprr:calpurnius-98,person,Lucius Calpurnius Piso Frugi,L. Calpurnius Piso (Frugi) (98),Roman magistrate; offices: praetor; tribune of the plebs,alive,-128,-68,medium,RE Calpurnius 98; MRR2 attestations 89 BCE to 74 BCE (n=2); floruit derived: earliest attestation - 40 and latest + 5
dprr:calvisius-13,person,Gaius Calvisius Sabinus,C. Calvisius C. f. - n. Sabinus (13),Roman magistrate; offices: consul; praetor; promagistrate,alive,-87,-25,high,RE Calvisius 13; MRR2 attestations 48 BCE to 31 BCE (n=10); floruit derived: earliest attestation - 40 and latest + 5
dprr:calvius-2,person,Gaius Calvius Cicero,,Roman magistrate; offices: tribune of the plebs,alive,-493,-448,low,RE Calvius 2; MRR1 attestations 454 BCE to 454 BCE (n=1); floruit derived: earliest attestation - 40 and latest + 5
dprr:canidius-2,person,Publius Canidius Crassus,(P.) Canidius (Crassus) (2)|P. Canidius P. f. - n. Crassus (2),Roman magistrate; offices: consul; promagistrate; legate,alive,-82,-25,medium,RE Canidius 2; MRR2 attestations 43 BCE to 31 BCE (n=8); floruit derived: earliest attestation - 40 and latest + 5
dprr:caninius-12,person,Marcus Caninius Rebilus,,Roman magistrate; offices: ambassador; envoy,alive,-209,-161,medium,RE Caninius 12; MRR1 attestations 170 BCE to 167 BCE (n=2); floruit derived: earliest attestation - 40 and latest + 5
dprr:caninius-3,person,Lucius Caninius Gallus,,Roman magistrate; offices: tribune of the plebs,alive,-95,-50,low,RE Caninius 3; MRR2 attestations 56 BCE to 56 BCE (n=1); floruit derived: earliest attestation - 40 and latest + 5
dprr:caninius-4,person,Lucius Caninius Gallus,L. Caninius L. f. - n. Gallus (4),Roman magistrate; offices: consul; praetor,alive,-79,-31,medium,RE Caninius 4; MRR2 attestations 40 BCE to 37 BCE (n=2); floruit derived: earliest attestation - 40 and latest + 5
dprr:caninius-8,person,Gaius Caninius Rebilus,,Roman magistrate; offices: praetor,alive,-210,-165,low,RE Caninius 8; MRR1 attestations 171 BCE to 171 BCE (n=1); floruit derived: earliest attestation - 40 and latest + 5
dprr:caninius-9,person,Gaius Caninius Rebilus,? C. Caninius Rebilus (9)|C. Caninius C. f. C. n. Rebilus (9),Roman magistrate; offices: master of horse; consul; promagistrate,alive,-91,-39,medium,RE Caninius 9; MRR2 attestations 52 BCE to 45 BCE (n=7); floruit derived: earliest attestation - 40 and latest + 5
dprr:cannutius-3,person,Tiberius Cannutius,,Roman magistrate; offices: tribune of the plebs,alive,-83,-38,low,RE Cannutius 3; MRR2 attestations 44 BCE to 44 BCE (n=1); floruit derived: earliest attestation - 40 and latest + 5
dprr:cantilius-1,person,Lucius Cantilius,,Roman magistrate; offices: pontifex,alive,-255,-210,low,RE Cantilius 1; MRR1 attestations 216 BCE to 216 BCE (n=1); floruit derived: earliest attestation - 40 and latest + 5
dprr:canuleius-12,person,Lucius Canuleius Dives Spain,L. Canuleius Dives (12),Roman magistrate; offices: praetor; promagistrate,alive,-210,-164,medium,RE Canuleius 12; MRR1 attestations 171 BCE to 170 BCE (n=2); floruit derived: earliest attestation - 40 and latest + 5
dprr:canuleius-2,person,Gaius Canuleius,,Roman magistrate; offices: tribune of the plebs,alive,-484,-439,low,RE Canuleius 2; MRR1 attestations 445 BCE to 445 BCE (n=1); floruit derived: earliest attestation - 40 and latest + 5
dprr:canuleius-3,person,Gaius Canuleius,,Roman magistrate; offices: tribune of the plebs,alive,-137,-92,low,RE Canuleius 3; MRR2 attestations 98 BCE to 98 BCE (n=1); floruit derived: earliest attestation - 40 and latest + 5
dprr:canuleius-6,person,Lucius Canuleius,(L.) Canuleius (Dives) (6; 12),Roman magistrate; offices: ambassador,alive,-213,-157,medium,RE Canuleius 6; MRR1 attestations 174 BCE to 163 BCE (n=4); floruit derived: earliest attestation - 40 and latest + 5
dprr:canuleius-8,person,Lucius Canuleius,,Roman magistrate; offices: legate,alive,-87,-42,low,RE Canuleius 8; MRR2 attestations 48 BCE to 48 BCE (n=1); floruit derived: earliest attestation - 40 and latest + 5
dprr:canuleius-9,person,Marcus Canuleius,,Roman magistrate; offices: tribune of the plebs,alive,-459,-414,low,RE Canuleius 9; MRR1 attestations 420 BCE to 420 BCE (n=1); floruit derived: earliest attestation - 40 and latest + 5
dprr:cap-1,person,Titus Quinctius Capitolinus Barbatus,T. Quinctius (L. f. L. n. ?) Capitolinus Barbatus Pat. (Cap. *1)|T. Quinctius Capitolinus Barbatus Pat. (Cap. *1)|T. Quinctius L. f. L. n. Capitolinus Barbatus Pat. (Cap. *1)|(T.) Quinctius Capitolinus (Barbatus) Pat. (Cap. *1)|T. Quinctius (Capitolinus) Barbatus Pat. (Cap. *1),Roman magistrate; offices: consul; quaestor; triumvir,alive,-510,-431,high,RE Cap 1; MRR1 attestations 471 BCE to 437 BCE (n=10); floruit derived: earliest attestation - 40 and latest + 5
dprr:cap-2,person,Titus Quinctius Capitolinus Barbatus,,Roman magistrate; offices: consul,alive,-460,-399,medium,RE Cap 2; MRR1 attestations 421 BCE to 405 BCE (n=2); floruit derived: earliest attestation - 40 and latest + 5
dprr:cap-4,person,Gnaeus Quinctius Capitolinus,Cn. Quinctius T. f. T. n. Capitolinus Pat. (Cap. *4),Roman magistrate; offices: dictator; aedile,alive,-405,-325,medium,RE Cap 4; MRR1 attestations 366 BCE to 331 BCE (n=2); floruit derived: earliest attestation - 40 and latest + 5
dprr:carbo-38,person,Carbo,,Roman magistrate; offices: praetor,alive,-128,-76,medium,RE Carbo 38; MRR2 attestations 89 BCE to 82 BCE (n=4); floruit derived: earliest attestation - 40 and latest + 5
dprr:carbo-40,person,Carbo,,Roman magistrate; offices: legate,alive,-128,-79,medium,RE Carbo 40; MRR2 attestations 89 BCE to 85 BCE (n=2); floruit derived: earliest attestation - 40 and latest + 5
dprr:carfulenus-1,person,Decimus Carfulenus,,Roman magistrate; offices: tribune of the plebs; legate,alive,-83,-37,medium,RE Carfulenus 1; MRR2 attestations 44 BCE to 43 BCE (n=2); floruit derived: earliest attestation - 40 and latest + 5
dprr:carisius-1,person,Carisius,,Roman magistrate; offices: legate,alive,-75,-30,low,RE Carisius 1; MRR2 attestations 36 BCE to 36 BCE (n=1); floruit derived: earliest attestation - 40 and latest + 5
dprr:carrinas-1,person,Gaius Carrinas,,Roman magistrate; offices: praetor; legate,alive,-122,-76,medium,RE Carrinas 1; MRR2 attestations 83 BCE to 82 BCE (n=2); floruit derived: earliest attestation - 40 and latest + 5
dprr:carrinas-2,person,Gaius Carrinas,? C. Carrinas (2)|C. Carrinas C. f. - n. (2),Roman magistrate; offices: consul; praetor; promagistrate,alive,-85,-30,medium,RE Carrinas 2; MRR2 attestations 46 BCE to 36 BCE (n=5); floruit derived: earliest attestation - 40 and latest + 5
dprr:carvilius-10,person,Spurius Carvilius Maximus,?- 211: Sp. Carvilius Maximus (Ruga) (10),Roman magistrate; offices: consul; augur,alive,-273,-205,high,RE Carvilius 10; MRR1 attestations 234 BCE to 211 BCE (n=3); floruit derived: earliest attestation - 40 and latest + 5
dprr:carvilius-3,person,Lucius Carvilius,,Roman magistrate; offices: tribune of the plebs,alive,-251,-206,low,RE Carvilius 3; MRR1 attestations 212 BCE to 212 BCE (n=1); floruit derived: earliest attestation - 40 and latest + 5
dprr:carvilius-4,person,Spurius Carvilius,,Roman magistrate; offices: quaestor,alive,-430,-385,low,RE Carvilius 4; MRR1 attestations 391 BCE to 391 BCE (n=1); floruit derived: earliest attestation - 40 and latest + 5
dprr:carvilius-6,person,Spurius Carvilius,,Roman magistrate; offices: tribune of the plebs,alive,-251,-206,low,RE Carvilius 6; MRR1 attestations 212 BCE to 212 BCE (n=1); floruit derived: earliest attestation - 40 and latest + 5
dprr:carvilius-7,person,Spurius Carvilius,,Roman magistrate; offices: envoy,alive,-210,-165,low,RE Carvilius 7; MRR1 attestations 171 BCE to 171 BCE (n=1); floruit derived: earliest attestation - 40 and latest + 5
dprr:carvilius-8,person,Spurius Carvilius Maximus,,Roman magistrate; offices: aedile,alive,-338,-293,low,RE Carvilius 8; MRR1 attestations 299 BCE to 299 BCE (n=1); floruit derived: earliest attestation - 40 and latest + 5
dprr:carvilius-9,person,Spurius Carvilius Maximus,? Sp. Carvilius C. f. C. n. Maximus (9)|Sp. Carvilius Maximus (9),Roman magistrate; offices: consul; censor; legate,alive,-332,-266,high,RE Carvilius 9; MRR1 attestations 293 BCE to 272 BCE (n=4); floruit derived: earliest attestation - 40 and latest + 5
dprr:casca-52,person,Gaius Casca,,Roman magistrate; offices: tribune of the plebs,alive,-83,-38,low,RE Casca 52; MRR2 attestations 44 BCE to 44 BCE (n=1); floruit derived: earliest attestation - 40 and latest + 5
dprr:cascellius-4,person,Aulus Cascellius Rom,,Roman magistrate; offices: quaestor,alive,-112,-67,low,RE Cascellius 4; MRR2 attestations 73 BCE to 73 BCE (n=1); floruit derived: earliest attestation - 40 and latest + 5
dprr:cassius-10,person,Gaius Cassius,? C. Cassius (10),Roman magistrate; offices: praetor; promagistrate,alive,-129,-82,medium,RE Cassius 10; MRR2 attestations 90 BCE to 88 BCE (n=3); floruit derived: earliest attestation - 40 and latest + 5
dprr:cassius-12,person,Lucius Cassius,,Roman magistrate; offices: tribune of the plebs,alive,-128,-83,low,RE Cassius 12; MRR2 attestations 89 BCE to 89 BCE (n=1); floruit derived: earliest attestation - 40 and latest + 5
dprr:cassius-13,person,Lucius Cassius,,Roman magistrate; offices: military tribune,alive,-108,-63,low,RE Cassius 13; MRR2 attestations 69 BCE to 69 BCE (n=1); floruit derived: earliest attestation - 40 and latest + 5
dprr:cassius-14,person,Lucius Cassius,,Roman magistrate; offices: prefect,alive,-87,-42,low,RE Cassius 14; MRR2 attestations 48 BCE to 48 BCE (n=1); floruit derived: earliest attestation - 40 and latest + 5
dprr:cassius-15,person,Lucius Cassius,,Roman magistrate; offices: legate,alive,-82,-37,low,RE Cassius 15; MRR2 attestations 43 BCE to 43 BCE (n=1); floruit derived: earliest attestation - 40 and latest + 5
dprr:cassius-18,person,Marcus Cassius Pompt,,Roman magistrate; offices: praetor,alive,-112,-67,low,RE Cassius 18; MRR2 attestations 73 BCE to 73 BCE (n=1); floruit derived: earliest attestation - 40 and latest + 5
dprr:cassius-20,person,Quintus Cassius,,Roman magistrate; offices: military tribune,alive,-291,-246,low,RE Cassius 20; MRR1 attestations 252 BCE to 252 BCE (n=1); floruit derived: earliest attestation - 40 and latest + 5
dprr:cassius-21,person,Quintus Cassius,,Roman magistrate; offices: praetor; legate,alive,-87,-38,medium,RE Cassius 21; MRR2 attestations 48 BCE to 44 BCE (n=2); floruit derived: earliest attestation - 40 and latest + 5
dprr:cassius-55,person,Gaius Cassius,C. Cassius C. f. C. n. Longinus (55)|C. Cassius Longinus (55)|? C. Cassius Longinus (55),Roman magistrate; offices: consul; censor; praetor,alive,-217,-148,high,RE Cassius 55; MRR1 attestations 178 BCE to 154 BCE (n=8); floruit derived: earliest attestation - 40 and latest + 5
dprr:cassius-56,person,Gaius Cassius Longinus,C. Cassius - f. - n. Longinus (56),Roman magistrate; offices: consul; praetor,alive,-166,-118,medium,RE Cassius 56; MRR1 attestations 127 BCE to 124 BCE (n=2); floruit derived: earliest attestation - 40 and latest + 5
dprr:cassius-57,person,Gaius Cassius Longinius,? C. Cassius (Longinus) (57)|C. Cassius L. f. - n. Longinus (57),Roman magistrate; offices: consul; praetor; promagistrate,alive,-138,-81,medium,RE Cassius 57; MRR2 attestations 99 BCE to 87 BCE (n=3); floruit derived: earliest attestation - 40 and latest + 5
dprr:cassius-58,person,Gaius Cassius Longinus,C. Cassius L. f. - n. Longinus (58)|C. Cassius Longinus (58),Roman magistrate; offices: consul; praetor; promagistrate,alive,-115,-66,medium,RE Cassius 58; MRR2 attestations 76 BCE to 72 BCE (n=3); floruit derived: earliest attestation - 40 and latest + 5
dprr:cassius-59,person,Gaius Cassius Longinus,?-42: C. Cassius Longinus (59),Roman magistrate; offices: praetor; tribune of the plebs; quaestor,alive,-92,-36,medium,RE Cassius 59; MRR2 attestations 53 BCE to 42 BCE (n=10); floruit derived: earliest attestation - 40 and latest + 5
dprr:cassius-62,person,Lucius Cassius Longinus,L. Cassius L. f. - n. Longinus (62),Roman magistrate; offices: consul; praetor,alive,-150,-101,medium,RE Cassius 62; MRR1 attestations 111 BCE to 107 BCE (n=2); floruit derived: earliest attestation - 40 and latest + 5
dprr:cassius-63,person,Lucius Cassius Longinus,,Roman magistrate; offices: tribune of the plebs,alive,-143,-98,low,RE Cassius 63; MRR1 attestations 104 BCE to 104 BCE (n=1); floruit derived: earliest attestation - 40 and latest + 5
dprr:cassius-64,person,Lucius Cassius Longinus,,Roman magistrate; offices: praetor,alive,-105,-60,low,RE Cassius 64; MRR2 attestations 66 BCE to 66 BCE (n=1); floruit derived: earliest attestation - 40 and latest + 5
dprr:cassius-65,person,Lucius Cassius Longinus,,Roman magistrate; offices: tribune of the plebs; promagistrate,alive,-87,-38,medium,RE Cassius 65; MRR2 attestations 48 BCE to 44 BCE (n=2); floruit derived: earliest attestation - 40 and latest + 5
dprr:cassius-69,person,Quintus Cassius Longinus,Q. Cassius (Longinus) (69),Roman magistrate; offices: consul; praetor,alive,-206,-158,medium,RE Cassius 69; MRR1 attestations 167 BCE to 164 BCE (n=2); floruit derived: earliest attestation - 40 and latest + 5
dprr:cassius-70,person,Quintus Cassius Longinus,? Q. Cassius Longinus (70),Roman magistrate; offices: tribune of the plebs; quaestor; promagistrate,alive,-91,-41,medium,RE Cassius 70; MRR2 attestations 52 BCE to 47 BCE (n=5); floruit derived: earliest attestation - 40 and latest + 5
dprr:cassius-72,person,Lucius Cassius Longinus Ravilla,L. Cassius - f. - n. Longinus Ravilla (72)|? L. Cassius Longinus Ravilla (72),Roman magistrate; offices: consul; censor; praetor,alive,-176,-107,high,RE Cassius 72; MRR1 attestations 137 BCE to 113 BCE (n=6); floruit derived: earliest attestation - 40 and latest + 5
dprr:cassius-80,person,Gaius Cassius Parmensis,C. Cassius (Parmensis) (80),Roman magistrate; offices: quaestor; promagistrate,alive,-82,-36,medium,RE Cassius 80; MRR2 attestations 43 BCE to 42 BCE (n=2); floruit derived: earliest attestation - 40 and latest + 5
dprr:cassius-91,person,Spurius Cassius Vecellinus,Sp. Cassius - f. - n. Vicellinus Pat. (91)|Sp. Cassius Vecellinus Pat. (91),Roman magistrate; offices: master of horse; consul,alive,-541,-480,high,RE Cassius 91; MRR1 attestations 502 BCE to 486 BCE (n=4); floruit derived: earliest attestation - 40 and latest + 5
dprr:catius-13,person,Gaius Catius Vestinus,,Roman magistrate; offices: military tribune,alive,-82,-37,low,RE Catius 13; MRR2 attestations 43 BCE to 43 BCE (n=1); floruit derived: earliest attestation - 40 and latest + 5
dprr:catius-3,person,Quintus Catius,,Roman magistrate; offices: aedile; legate; ambassador,alive,-249,-199,medium,RE Catius 3; MRR1 attestations 210 BCE to 205 BCE (n=3); floruit derived: earliest attestation - 40 and latest + 5
dprr:censorinus-42,person,Censorinus,,Roman magistrate; offices: legate,alive,-92,-47,low,RE Censorinus 42; MRR2 attestations 53 BCE to 53 BCE (n=1); floruit derived: earliest attestation - 40 and latest + 5
dprr:censorinus-43,person,Gaius Censorinus,,Roman magistrate; offices: military tribune,alive,-126,-81,low,RE Censorinus 43; MRR2 attestations 87 BCE to 87 BCE (n=1); floruit derived: earliest attestation - 40 and latest + 5
dprr:censorinus-47,person,Censorinus,,Roman magistrate; offices: legate,alive,-109,-64,low,RE Censorinus 47; MRR2 attestations 70 BCE to 70 BCE (n=1); floruit derived: earliest attestation - 40 and latest + 5
dprr:centenius-1,person,Gaius Centenius,,Roman magistrate; offices: promagistrate,alive,-256,-211,low,RE Centenius 1; MRR1 attestations 217 BCE to 217 BCE (n=1); floruit derived: earliest attestation - 40 and latest + 5
dprr:cervius-1,person,Publius Cervius,? P. Cervius (1),Roman magistrate; offices: legate,alive,-112,-66,medium,RE Cervius 1; MRR2 attestations 73 BCE to 72 BCE (n=2); floruit derived: earliest attestation - 40 and latest + 5
dprr:cestilius-1,person,Gaius Cestilius,,Roman magistrate; offices: tribune of the plebs,alive,-96,-51,low,RE Cestilius 1; MRR2 attestations 57 BCE to 57 BCE (n=1); floruit derived: earliest attestation - 40 and latest + 5
dprr:cestius-3,person,Gaius Cestius,,Roman magistrate; offices: praetor,alive,-83,-38,low,RE Cestius 3; MRR2 attestations 44 BCE to 44 BCE (n=1); floruit derived: earliest attestation - 40 and latest + 5
dprr:cestius-4,person,Lucius Cestius,,Roman magistrate; offices: praetor,alive,-82,-37,low,RE Cestius 4; MRR2 attestations 43 BCE to 43 BCE (n=1); floruit derived: earliest attestation - 40 and latest + 5
dprr:cetassus-2,person,Publius Cetassus,,Roman magistrate; offices: promagistrate,alive,-79,-34,low,RE Cetassus 2; MRR2 attestations 40 BCE to 40 BCE (n=1); floruit derived: earliest attestation - 40 and latest + 5
dprr:cicereius-1,person,Gaius Cicereius,,Roman magistrate; offices: praetor; promagistrate; ambassador,alive,-212,-161,medium,RE Cicereius 1; MRR1 attestations 173 BCE to 167 BCE (n=3); floruit derived: earliest attestation - 40 and latest + 5
dprr:cin-1,person,Lucius Quinctius Cincinnatus,,Roman magistrate; offices: dictator; consul,alive,-499,-433,high,RE Cin 1; MRR1 attestations 460 BCE to 439 BCE (n=4); floruit derived: earliest attestation - 40 and latest + 5
dprr:cin-10,person,Titus Quinctius Cincinnatus Capitolinus,,Roman magistrate; offices: master of horse; consul,alive,-407,-361,medium,RE Cin 10; MRR1 attestations 368 BCE to 367 BCE (n=2); floruit derived: earliest attestation - 40 and latest + 5
dprr:cin-11,person,Titus Quinctius Poenus Capitolinus Crispinus,T. Quinctius (Poenus Capitolinus Crispinus ?) Pat. (Cin. *11)|T. Quinctius - f. - n. Poenus (Capitolinus Crispinus) Pat. (Cin. *11),Roman magistrate; offices: dictator; master of horse; triumvir,alive,-406,-328,high,RE Cin 11; MRR1 attestations 367 BCE to 334 BCE (n=6); floruit derived: earliest attestation - 40 and latest + 5
dprr:cin-12,person,Titus Quinctius Crispinus,T. Quinctius L. f. L. n. Crispinus Pat. (Cin. *12),Roman magistrate; offices: consul; praetor; legate,alive,-252,-202,medium,RE Cin 12; MRR1 attestations 213 BCE to 208 BCE (n=3); floruit derived: earliest attestation - 40 and latest + 5
dprr:cin-13,person,Lucius Quinctius Crispinus,,Roman magistrate; offices: praetor; promagistrate; triumvir,alive,-225,-177,medium,RE Cin 13; MRR1 attestations 186 BCE to 183 BCE (n=4); floruit derived: earliest attestation - 40 and latest + 5
dprr:cin-3,person,Lucius Quinctius Cincinnatus,L. Quinctius (L. f. L. n. Cincinnatus) Pat. (Cin. *3),Roman magistrate; offices: master of horse; consul,alive,-477,-414,high,RE Cin 3; MRR1 attestations 438 BCE to 420 BCE (n=5); floruit derived: earliest attestation - 40 and latest + 5
dprr:cin-4,person,Titus Quinctius Poenus Cincinnatus,T. Quinctius Poenus Cincinnatus Pat. (Cin. *4),Roman magistrate; offices: consul; legate,alive,-470,-414,medium,RE Cin 4; MRR1 attestations 431 BCE to 420 BCE (n=4); floruit derived: earliest attestation - 40 and latest + 5
dprr:cin-7,person,Titus Quinctius Capitolinus,T. Quinctius (Cincinnatus Capitolinus) Pat. (Cin. *7)|T. Quinctius (T. f. L. n.) Cincinnatus (Capitolinus) Pat. (Cin. *7)|T. Quinctius (T. f. L. n.) Cincinnatus Capitolinus Pat. (Cin. *7)|T. Quinctius T. f. L. n. Cincinnatus Capitolinus Pat. (Cin. *7),Roman magistrate; offices: dictator; master of horse; consul,alive,-427,-374,medium,RE Cin 7; MRR1 attestations 388 BCE to 380 BCE (n=5); floruit derived: earliest attestation - 40 and latest + 5
dprr:cin-8,person,Quintus Quinctius Cincinnatus,,Roman magistrate; offices: consul,alive,-408,-363,low,RE Cin 8; MRR1 attestations 369 BCE to 369 BCE (n=1); floruit derived: earliest attestation - 40 and latest + 5
dprr:cin-9,person,Gaius Quinctius Cincinnatus,,Roman magistrate; offices: consul,alive,-416,-371,low,RE Cin 9; MRR1 attestations 377 BCE to 377 BCE (n=1); floruit derived: earliest attestation - 40 and latest + 5
dprr:cincius-5,person,Lucius Cincius Alimentus,,Roman magistrate; offices: praetor; promagistrate; envoy,alive,-249,-202,medium,RE Cincius 5; MRR1 attestations 210 BCE to 208 BCE (n=3); floruit derived: earliest attestation - 40 and latest + 5
dprr:cincius-6,person,Marcus Cincius Alimentus,,Roman magistrate; offices: tribune of the plebs; prefect,alive,-243,-187,medium,RE Cincius 6; MRR1 attestations 204 BCE to 193 BCE (n=2); floruit derived: earliest attestation - 40 and latest + 5
dprr:cinna-104,person,Cinna,,Roman magistrate; offices: quaestor,alive,-83,-38,low,RE Cinna 104; MRR2 attestations 44 BCE to 44 BCE (n=1); floruit derived: earliest attestation - 40 and latest + 5
dprr:cinna-105,person,Cinna,,Roman magistrate; offices: envoy,alive,-175,-121,medium,RE Cinna 105; MRR1 attestations 136 BCE to 127 BCE (n=2); floruit derived: earliest attestation - 40 and latest + 5
dprr:cispius-3,person,Lucius Cispius,,Roman magistrate; offices: prefect,alive,-85,-40,low,RE Cispius 3; MRR2 attestations 46 BCE to 46 BCE (n=1); floruit derived: earliest attestation - 40 and latest + 5
dprr:cispius-4,person,Marcus Cispius,,Roman magistrate; offices: tribune of the plebs,alive,-96,-51,low,RE Cispius 4; MRR2 attestations 57 BCE to 57 BCE (n=1); floruit derived: earliest attestation - 40 and latest + 5
dprr:cispius-6,person,Cispius Laevus,,Roman magistrate; offices: envoy,alive,-82,-37,low,RE Cispius 6; MRR2 attestations 43 BCE to 43 BCE (n=1); floruit derived: earliest attestation - 40 and latest + 5
dprr:claudia-384,person,Claudia,,Roman magistrate; offices: vestal virgin,alive,-182,-137,low,RE Claudia 384; MRR1 attestations 143 BCE to 143 BCE (n=1); floruit derived: earliest attestation - 40 and latest + 5
dprr:claudius-102,person,Appius Claudius Caudex,,Roman magistrate; offices: consul,alive,-303,-258,low,RE Claudius 102; MRR1 attestations 264 BCE to 264 BCE (n=1); floruit derived: earliest attestation - 40 and latest + 5
dprr:claudius-103,person,Appius Claudius Centho,? Ap. Claudius Centho Pat. (103)|Ap. Claudius (Centho) Pat. (103),Roman magistrate; offices: praetor; aedile; promagistrate,alive,-218,-148,high,RE Claudius 103; MRR1 attestations 179 BCE to 154 BCE (n=7); floruit derived: earliest attestation - 40 and latest + 5
dprr:claudius-104,person,Gaius Claudius Centho,C. Claudius Centho Pat. (104),Roman magistrate; offices: dictator; censor; interrex,alive,-279,-207,high,RE Claudius 104; MRR1 attestations 240 BCE to 213 BCE (n=4); floruit derived: earliest attestation - 40 and latest + 5
dprr:claudius-105,person,Gaius Claudius Centho,,Roman magistrate; offices: legate,alive,-239,-194,low,RE Claudius 105; MRR1 attestations 200 BCE to 200 BCE (n=1); floruit derived: earliest attestation - 40 and latest + 5
dprr:claudius-106,person,Gaius Claudius Centho,,Roman magistrate; offices: ambassador,alive,-194,-149,low,RE Claudius 106; MRR1 attestations 155 BCE to 155 BCE (n=1); floruit derived: earliest attestation - 40 and latest + 5
dprr:claudius-11,person,Appius Claudius Pulcher,? Ap. Claudius Pat. (11),Roman magistrate; offices: consul; praetor,alive,-172,-124,medium,RE Claudius 11; MRR1 attestations 133 BCE to 130 BCE (n=2); floruit derived: earliest attestation - 40 and latest + 5
dprr:claudius-115,person,Marcus Claudius Clineas,,Roman magistrate; offices: legate,alive,-275,-230,low,RE Claudius 115; MRR1 attestations 236 BCE to 236 BCE (n=1); floruit derived: earliest attestation - 40 and latest + 5
dprr:claudius-12,person,Appius Claudius,,Roman magistrate; offices: military tribune,alive,-126,-81,low,RE Claudius 12; MRR2 attestations 87 BCE to 87 BCE (n=1); floruit derived: earliest attestation - 40 and latest + 5
dprr:claudius-121,person,Claudius Crassus,,Roman magistrate; offices: consul,alive,-463,-418,low,RE Claudius 121; MRR1 attestations 424 BCE to 424 BCE (n=1); floruit derived: earliest attestation - 40 and latest + 5
dprr:claudius-122,person,Appius Claudius Crassus Inregillensis,,Roman magistrate; offices: dictator; consul,alive,-442,-343,high,RE Claudius 122; MRR1 attestations 403 BCE to 349 BCE (n=3); floruit derived: earliest attestation - 40 and latest + 5
dprr:claudius-123,person,Appius Claudius Crassus Inregillensis Sabinus,Ap. Claudius Ap. f. M. n. Crassus Inrigillensis Sabinus Pat. (123)|Ap. Claudius Ap. f. M. n. Crassinus Inregillensis Sabinus Pat. (123),Roman magistrate; offices: consul,alive,-510,-443,high,RE Claudius 123; MRR1 attestations 471 BCE to 449 BCE (n=4); floruit derived: earliest attestation - 40 and latest + 5
dprr:claudius-151,person,Quintus Claudius,Q. Claudius (Flamen ?) (151; cf. 29)|Q. Claudius (Flamen) (151),Roman magistrate; offices: praetor; promagistrate,alive,-247,-200,medium,RE Claudius 151; MRR1 attestations 208 BCE to 206 BCE (n=3); floruit derived: earliest attestation - 40 and latest + 5
dprr:claudius-165,person,Gaius Claudius Arn Glaber,C. Claudius Glaber (165),Roman magistrate; offices: praetor,alive,-112,-67,low,RE Claudius 165; MRR2 attestations 73 BCE to 73 BCE (n=1); floruit derived: earliest attestation - 40 and latest + 5
dprr:claudius-166,person,Marcus Claudius Glicia,,Roman magistrate; offices: dictator,alive,-288,-243,low,RE Claudius 166; MRR1 attestations 249 BCE to 249 BCE (n=1); floruit derived: earliest attestation - 40 and latest + 5
dprr:claudius-17,person,Gaius Claudius,,Roman magistrate; offices: legate,alive,-349,-304,low,RE Claudius 17; MRR1 attestations 310 BCE to 310 BCE (n=1); floruit derived: earliest attestation - 40 and latest + 5
dprr:claudius-18,person,Gaius Claudius,,Roman magistrate; offices: military tribune,alive,-303,-258,low,RE Claudius 18; MRR1 attestations 264 BCE to 264 BCE (n=1); floruit derived: earliest attestation - 40 and latest + 5
dprr:claudius-180,person,Gaius Claudius Hortator,,Roman magistrate; offices: master of horse,alive,-376,-331,low,RE Claudius 180; MRR1 attestations 337 BCE to 337 BCE (n=1); floruit derived: earliest attestation - 40 and latest + 5
dprr:claudius-183,person,Gaius Claudius Inregillensis,,Roman magistrate; offices: dictator,alive,-376,-331,low,RE Claudius 183; MRR1 attestations 337 BCE to 337 BCE (n=1); floruit derived: earliest attestation - 40 and latest + 5
dprr:claudius-204,person,Marcus Claudius Lepidus,,Roman magistrate; offices: envoy,alive,-229,-184,low,RE Claudius 204; MRR1 attestations 190 BCE to 190 BCE (n=1); floruit derived: earliest attestation - 40 and latest + 5
dprr:claudius-21,person,Lucius Claudius,L. Claudius (Pulcher) Pat. (21)|L. Claudius Pat. (21),Roman magistrate; offices: pontifex; rex sacrorum,alive,-108,-51,medium,RE Claudius 21; MRR2 attestations 69 BCE to 57 BCE (n=3); floruit derived: earliest attestation - 40 and latest + 5
dprr:claudius-214,person,Gaius Claudius Marcellus,? C. Claudius Marcellus (214?)|?-before 44: C. Claudius Marcellus (214),Roman magistrate; offices: praetor; quaestor; promagistrate,alive,-126,-38,high,RE Claudius 214; MRR2 attestations 87 BCE to 44 BCE (n=7); floruit derived: earliest attestation - 40 and latest + 5
dprr:claudius-216,person,Gaius Claudius Marcellus,C. Claudius C. f. M. n. Marcellus (216),Roman magistrate; offices: consul; praetor; aedile,alive,-95,-44,medium,RE Claudius 216; MRR2 attestations 56 BCE to 50 BCE (n=3); floruit derived: earliest attestation - 40 and latest + 5
dprr:claudius-217,person,Gaius Claudius Marcellus,C. Claudius M. f. M. n. Marcellus (217)|C. Claudius Marcellus (217),Roman magistrate; offices: consul; praetor; aedile,alive,-95,-42,medium,RE Claudius 217; MRR2 attestations 56 BCE to 48 BCE (n=4); floruit derived: earliest attestation - 40 and latest + 5
dprr:claudius-218,person,Marcus Claudius Marcellus,,Roman magistrate; offices: dictator; consul,alive,-370,-321,medium,RE Claudius 218; MRR1 attestations 331 BCE to 327 BCE (n=2); floruit derived: earliest attestation - 40 and latest + 5
dprr:claudius-219,person,Marcus Claudius Marcellus,,Roman magistrate; offices: consul,alive,-326,-281,low,RE Claudius 219; MRR1 attestations 287 BCE to 287 BCE (n=1); floruit derived: earliest attestation - 40 and latest + 5
dprr:claudius-22,person,Lucius Claudius,,Roman magistrate; offices: praetor,alive,-213,-168,low,RE Claudius 22; MRR1 attestations 174 BCE to 174 BCE (n=1); floruit derived: earliest attestation - 40 and latest + 5
dprr:claudius-220,person,Marcus Claudius Marcellus,M. Claudius M. f. M. n. Marcellus (220)|? M. Claudius Marcellus (220)|Ca. 226-208; M. Claudius Marcellus (220),Roman magistrate; offices: consul; praetor; aedile,alive,-265,-202,high,RE Claudius 220; MRR1 attestations 226 BCE to 208 BCE (n=13); floruit derived: earliest attestation - 40 and latest + 5
dprr:claudius-221,person,Marcus Claudius Marcellus,,Roman magistrate; offices: aedile,alive,-255,-210,low,RE Claudius 221; MRR1 attestations 216 BCE to 216 BCE (n=1); floruit derived: earliest attestation - 40 and latest + 5
dprr:claudius-222,person,Marcus Claudius Marcellus,M. Claudius M. f. M. n. Marcellus (222)|196-177: M. Claudius Marcellus (222),Roman magistrate; offices: consul; censor; praetor,alive,-247,-171,high,RE Claudius 222; MRR1 attestations 208 BCE to 177 BCE (n=10); floruit derived: earliest attestation - 40 and latest + 5
dprr:claudius-223,person,Marcus Claudius Marcellus,? M. Claudius (Marcellus ?) (223)|?- 169: M. Claudius Marcellus (223)|M. ? Claudius Marcellus (223; 224)|M. Claudius M. f. M. n. Marcellus (223; 224)|M. Claudius Marcellus (223 or 224),Roman magistrate; offices: consul; praetor; promagistrate,alive,-232,-163,high,RE Claudius 223; MRR1 attestations 193 BCE to 169 BCE (n=8); floruit derived: earliest attestation - 40 and latest + 5
dprr:claudius-224,person,Marcus Claudius Marcellus,? M. Claudius (Marcellus ?) (224),Roman magistrate; offices: decemvir; envoy,alive,-224,-163,medium,RE Claudius 224; MRR1 attestations 185 BCE to 169 BCE (n=2); floruit derived: earliest attestation - 40 and latest + 5
dprr:claudius-225,person,Marcus Claudius Marcellus,M. Claudius M. f. M. n. Marcellus (225),Roman magistrate; offices: consul; praetor; tribune of the plebs,alive,-216,-142,high,RE Claudius 225; MRR1 attestations 177 BCE to 148 BCE (n=9); floruit derived: earliest attestation - 40 and latest + 5
dprr:claudius-226,person,Marcus Claudius Arn Marcellus,? M. Claudius Marcellus (226)|M. Claudius Marcellus (226),Roman magistrate; offices: praetor; legate,alive,-141,-67,high,RE Claudius 226; MRR1+MRR2 attestations 102 BCE to 73 BCE (n=3); floruit derived: earliest attestation - 40 and latest + 5
dprr:claudius-227,person,Marcus Claudius Marcellus,,Roman magistrate; offices: aedile,alive,-130,-68,medium,RE Claudius 227; MRR2 attestations 91 BCE to 74 BCE (n=2); floruit derived: earliest attestation - 40 and latest + 5
dprr:claudius-229,person,Marcus Claudius Marcellus,M. Claudius M. f. M. n. Marcellus (229),Roman magistrate; offices: consul; praetor; aedile,alive,-95,-45,medium,RE Claudius 229; MRR2 attestations 56 BCE to 51 BCE (n=3); floruit derived: earliest attestation - 40 and latest + 5
dprr:claudius-23,person,Lucius Claudius Lem,,Roman magistrate; offices: quaestor,alive,-112,-67,low,RE Claudius 23; MRR2 attestations 73 BCE to 73 BCE (n=1); floruit derived: earliest attestation - 40 and latest + 5
dprr:claudius-232,person,Marcus Claudius Marcellus Aeserninus,,Roman magistrate; offices: quaestor,alive,-87,-16,medium,RE Claudius 232; MRR2 attestations 48 BCE to 22 BCE (n=2); floruit derived: earliest attestation - 40 and latest + 5
dprr:claudius-245,person,Appius Claudius Nero,Ap. Claudius Nero (245)|Ap. Claudius (Nero ?) Pat. (245),Roman magistrate; offices: praetor; ambassador; envoy,alive,-237,-182,medium,RE Claudius 245; MRR1 attestations 198 BCE to 188 BCE (n=4); floruit derived: earliest attestation - 40 and latest + 5
dprr:claudius-246,person,Gaius Claudius Nero,C. Claudius Ti. f. Ti. n. Nero Pat. (246)|? C. Claudius Nero Pat. (246),Roman magistrate; offices: consul; censor; praetor,alive,-253,-194,medium,RE Claudius 246; MRR1 attestations 214 BCE to 200 BCE (n=9); floruit derived: earliest attestation - 40 and latest + 5
dprr:claudius-247,person,Gaius Claudius Nero,? C. Claudius P. f. Nero Pat. (247),Roman magistrate; offices: praetor; promagistrate,alive,-120,-73,medium,RE Claudius 247; MRR2 attestations 81 BCE to 79 BCE (n=3); floruit derived: earliest attestation - 40 and latest + 5
dprr:claudius-249,person,Tiberius Claudius Nero,T. Claudius Nero Pat. (249)|Ti. Claudius P. f. Ti. n. Nero Pat. (249),Roman magistrate; offices: consul; praetor; ambassador,alive,-243,-166,high,RE Claudius 249; MRR1 attestations 204 BCE to 172 BCE (n=3); floruit derived: earliest attestation - 40 and latest + 5
dprr:claudius-250,person,Tiberius Claudius,Ti. Claudius Nero Pat. (250),Roman magistrate; offices: praetor; ambassador,alive,-224,-175,medium,RE Claudius 250; MRR1 attestations 185 BCE to 181 BCE (n=3); floruit derived: earliest attestation - 40 and latest + 5
dprr:claudius-251,person,Tiberius Claudius Nero,,Roman magistrate; offices: praetor; promagistrate; ambassador,alive,-217,-166,medium,RE Claudius 251; MRR1 attestations 178 BCE to 172 BCE (n=4); floruit derived: earliest attestation - 40 and latest + 5
dprr:claudius-252,person,Tiberius Claudius Nero,,Roman magistrate; offices: praetor,alive,-206,-161,low,RE Claudius 252; MRR1 attestations 167 BCE to 167 BCE (n=1); floruit derived: earliest attestation - 40 and latest + 5
dprr:claudius-253,person,Tiberius Claudius Nero,,Roman magistrate; offices: legate,alive,-106,-61,low,RE Claudius 253; MRR2 attestations 67 BCE to 67 BCE (n=1); floruit derived: earliest attestation - 40 and latest + 5
dprr:claudius-254,person,Tiberius Claudius Nero,? Ti. Claudius Nero Pat. (254)|Ca. 46-33: Ti. Claudius Nero Pat. (254),Roman magistrate; offices: praetor; quaestor; promagistrate,alive,-87,-27,high,RE Claudius 254; MRR2 attestations 48 BCE to 33 BCE (n=7); floruit derived: earliest attestation - 40 and latest + 5
dprr:claudius-26,person,Marcus Claudius,,Roman magistrate; offices: praetor,alive,-176,-131,low,RE Claudius 26; MRR1 attestations 137 BCE to 137 BCE (n=1); floruit derived: earliest attestation - 40 and latest + 5
dprr:claudius-28,person,Publius Claudius,,Roman magistrate; offices: military tribune,alive,-235,-190,low,RE Claudius 28; MRR1 attestations 196 BCE to 196 BCE (n=1); floruit derived: earliest attestation - 40 and latest + 5
dprr:claudius-29,person,Quintus Claudius,,Roman magistrate; offices: tribune of the plebs,alive,-257,-212,low,RE Claudius 29; MRR1 attestations 218 BCE to 218 BCE (n=1); floruit derived: earliest attestation - 40 and latest + 5
dprr:claudius-293,person,Appius Claudius Pulcher,? Ap. Claudius Pulcher Pat. (293)|Ap. Claudius P. f. Ap. n. Pulcher Pat. (293),Roman magistrate; offices: consul; praetor; aedile,alive,-256,-205,medium,RE Claudius 293; MRR1 attestations 217 BCE to 211 BCE (n=7); floruit derived: earliest attestation - 40 and latest + 5
dprr:claudius-294,person,Appius Claudius Pulcher,Ap. Claudius (Pulcher) Pat. (294)|? Ap. Claudius Pulcher Pat. (294)|Ap. Claudius (Pulcher ?) Pat. (294)|Ap. Claudius Ap. f. P. n. Pulcher Pat. (294),Roman magistrate; offices: consul; praetor; legate,alive,-235,-167,high,RE Claudius 294; MRR1 attestations 196 BCE to 173 BCE (n=10); floruit derived: earliest attestation - 40 and latest + 5
dprr:claudius-295,person,Appius Claudius Pulcher,? Ap. Claudius Pulcher Pat. (295)|?- 130: Ap. Claudius Pulcher Pat. (295)|Ap. Claudius C. f. Ap. n. Pulcher Pat. (295)|?- ?: Ap. Claudius Pulcher Pat. (295)|Ap. Claudius C. f. Ap. n. Pulcher (295),Roman magistrate; offices: consul; censor; praetor,alive,-206,-124,high,RE Claudius 295; MRR1 attestations 167 BCE to 130 BCE (n=8); floruit derived: earliest attestation - 40 and latest + 5
dprr:claudius-296,person,Appius Claudius Pulcher,? Ap. Claudius Pulcher Pat. (296)|Ap. Claudius Ap. f. C. n. Pulcher Pat. (296),Roman magistrate; offices: consul; praetor; aedile,alive,-138,-70,high,RE Claudius 296; MRR2 attestations 99 BCE to 76 BCE (n=8); floruit derived: earliest attestation - 40 and latest + 5
dprr:claudius-297,person,Appius Claudius Pulcher,Ap. Claudius Ap. f. Ap. n. Pulcher Pat. (297)|Before 63-48: Ap. Claudius Pulcher Pat. (297),Roman magistrate; offices: consul; censor; praetor,alive,-111,-42,high,RE Claudius 297; MRR2 attestations 72 BCE to 48 BCE (n=13); floruit derived: earliest attestation - 40 and latest + 5
dprr:claudius-298,person,Appius Claudius Pulcher,Ap. Claudius Pulcher Pat. (298)|? Ap. Claudius Pulcher Pat. (298)|Ap. Claudius C. f. Ap. n. Pulcher. Pat. (298),Roman magistrate; offices: consul; promagistrate; septemvir epulo,alive,-77,-25,medium,RE Claudius 298; MRR2 attestations 38 BCE to 31 BCE (n=6); floruit derived: earliest attestation - 40 and latest + 5
dprr:claudius-300,person,Gaius Claudius Pulcher,C. Claudius (Pulcher) Pat. (300)|C. Claudius Ap. f. P. n. Pulcher Pat. (300)|195-167: C. Claudius Pulcher Pat. (300)|C. Claudius Ap. f. P. n. Pulcher (300),Roman magistrate; offices: consul; censor; praetor,alive,-235,-161,high,RE Claudius 300; MRR1 attestations 196 BCE to 167 BCE (n=9); floruit derived: earliest attestation - 40 and latest + 5
dprr:claudius-302,person,Gaius Claudius Pulcher,C. Claudius Pulcher Pat. (302)|C. Claudius Ap. f. C. n. Pulcher Pat. (302),Roman magistrate; offices: consul; praetor; aedile,alive,-144,-86,medium,RE Claudius 302; MRR1+MRR2 attestations 105 BCE to 92 BCE (n=7); floruit derived: earliest attestation - 40 and latest + 5
dprr:claudius-303,person,Gaius Claudius Pulcher,? C. Claudius Pulcher Pat. (303),Roman magistrate; offices: praetor; promagistrate; legate,alive,-115,-47,high,RE Claudius 303; MRR2 attestations 76 BCE to 53 BCE (n=6); floruit derived: earliest attestation - 40 and latest + 5
dprr:claudius-304,person,Publius Claudius Pulcher,P. Claudius Ap. f. C. n. Pulcher Pat. (304),Roman magistrate; offices: consul; aedile,alive,-292,-243,medium,RE Claudius 304; MRR1 attestations 253 BCE to 249 BCE (n=2); floruit derived: earliest attestation - 40 and latest + 5
dprr:claudius-305,person,Publius Claudius Pulcher,P. Claudius Ap. f. P. n. Pulcher Pat. (305),Roman magistrate; offices: consul; praetor; aedile,alive,-228,-175,medium,RE Claudius 305; MRR1 attestations 189 BCE to 181 BCE (n=5); floruit derived: earliest attestation - 40 and latest + 5
dprr:claudius-317,person,Appius Claudius Russus,,Roman magistrate; offices: consul,alive,-307,-262,low,RE Claudius 317; MRR1 attestations 268 BCE to 268 BCE (n=1); floruit derived: earliest attestation - 40 and latest + 5
dprr:claudius-321,person,Appius Claudius Sabinus Inregillensis,Ap. Claudius M. f. - n. Sabinus Inregillensis Pat. (321),Roman magistrate; offices: consul; quaestor,alive,-535,-489,medium,RE Claudius 321; MRR1 attestations 496 BCE to 495 BCE (n=2); floruit derived: earliest attestation - 40 and latest + 5
dprr:claudius-322,person,Gaius Claudius Inrigillensis Sabinus,,Roman magistrate; offices: consul,alive,-499,-454,low,RE Claudius 322; MRR1 attestations 460 BCE to 460 BCE (n=1); floruit derived: earliest attestation - 40 and latest + 5
dprr:claudius-376,person,Claudius Unimanus,,Roman magistrate; offices: praetor,alive,-185,-140,low,RE Claudius 376; MRR1 attestations 146 BCE to 146 BCE (n=1); floruit derived: earliest attestation - 40 and latest + 5
dprr:claudius-61,person,Tiberius Claudius Asellus,,Roman magistrate; offices: aedile; military tribune,alive,-246,-199,medium,RE Claudius 61; MRR1 attestations 207 BCE to 205 BCE (n=2); floruit derived: earliest attestation - 40 and latest + 5
dprr:claudius-62,person,Tiberius Claudius Asellus,,Roman magistrate; offices: praetor,alive,-245,-200,low,RE Claudius 62; MRR1 attestations 206 BCE to 206 BCE (n=1); floruit derived: earliest attestation - 40 and latest + 5
dprr:claudius-63,person,Tiberius Claudius Asellus,,Roman magistrate; offices: tribune of the plebs,alive,-179,-134,low,RE Claudius 63; MRR1 attestations 140 BCE to 140 BCE (n=1); floruit derived: earliest attestation - 40 and latest + 5
dprr:claudius-91,person,Appius Claudius Caecus,? Ap. Claudius C. f. Ap. n. Caecus Pat. (91)|? Ap. Claudius (C. f. Ap. n. Caecus) Pat. (91)|? Ap. Claudius (Caecus) Pat. (91)|? Ap. Claudius Caecus Pat. (91)|Ap. Claudius (C. f. Ap. n. Caecus) Pat. (91),Roman magistrate; offices: dictator; consul; censor,alive,-355,-279,high,RE Claudius 91; MRR1 attestations 316 BCE to 285 BCE (n=12); floruit derived: earliest attestation - 40 and latest + 5
dprr:claudius-98,person,Gaius Claudius Canina,,Roman magistrate; offices: consul,alive,-324,-267,medium,RE Claudius 98; MRR1 attestations 285 BCE to 273 BCE (n=2); floruit derived: earliest attestation - 40 and latest + 5
dprr:clodius-1,person,Clodius,,Roman magistrate; offices: tribune of the plebs,alive,-143,-98,low,RE Clodius 1; MRR1 attestations 104 BCE to 104 BCE (n=1); floruit derived: earliest attestation - 40 and latest + 5
dprr:clodius-3,person,Clodius,,Roman magistrate; offices: prefect,alive,-81,-36,low,RE Clodius 3; MRR2 attestations 42 BCE to 42 BCE (n=1); floruit derived: earliest attestation - 40 and latest + 5
dprr:clodius-306,person,Publius Claudius Pulcher,,Roman magistrate; offices: augur,alive,-70,-25,low,RE Clodius 306; MRR2 attestations 31 BCE to 31 BCE (n=1); floruit derived: earliest attestation - 40 and latest + 5
dprr:clodius-48,person,Publius Clodius Pulcher,? P. Clodius Pulcher Pat. (48)|P. Clodius Pulcher (48),Roman magistrate; offices: aedile; tribune of the plebs; quaestor,alive,-107,-50,medium,RE Clodius 48; MRR2 attestations 68 BCE to 56 BCE (n=7); floruit derived: earliest attestation - 40 and latest + 5
dprr:clodius-5,person,Aulus Clodius,,Roman magistrate; offices: envoy,alive,-87,-42,low,RE Clodius 5; MRR2 attestations 48 BCE to 48 BCE (n=1); floruit derived: earliest attestation - 40 and latest + 5
dprr:clodius-8,person,Gaius Clodius,,Roman magistrate; offices: prefect,alive,-82,-37,low,RE Clodius 8; MRR2 attestations 43 BCE to 43 BCE (n=1); floruit derived: earliest attestation - 40 and latest + 5
dprr:clodius-9,person,Lucius Clodius,L. Clodius (9; Cf. 18),Roman magistrate; offices: tribune of the plebs; prefect,alive,-90,-36,medium,RE Clodius 9; MRR2 attestations 51 BCE to 42 BCE (n=2); floruit derived: earliest attestation - 40 and latest + 5
dprr:cloelius-10,person,Quintus Cloelius Siculus,,Roman magistrate; offices: consul,alive,-537,-492,low,RE Cloelius 10; MRR1 attestations 498 BCE to 498 BCE (n=1); floruit derived: earliest attestation - 40 and latest + 5
dprr:cloelius-11,person,Quintus Cloelius Siculus,,Roman magistrate; offices: censor,alive,-417,-372,low,RE Cloelius 11; MRR1 attestations 378 BCE to 378 BCE (n=1); floruit derived: earliest attestation - 40 and latest + 5
dprr:cloelius-12,person,Titus Cloelius Siculus,T. Cloelius Siculus Pat. (12),Roman magistrate; offices: consul; triumvir,alive,-483,-436,medium,RE Cloelius 12; MRR1 attestations 444 BCE to 442 BCE (n=2); floruit derived: earliest attestation - 40 and latest + 5
dprr:cloelius-6,person,Cloelius Tullus,,Roman magistrate; offices: ambassador,alive,-477,-432,low,RE Cloelius 6; MRR1 attestations 438 BCE to 438 BCE (n=1); floruit derived: earliest attestation - 40 and latest + 5
dprr:cloelius-8,person,Publius Cloelius Siculus,,Roman magistrate; offices: consul,alive,-417,-372,low,RE Cloelius 8; MRR1 attestations 378 BCE to 378 BCE (n=1); floruit derived: earliest attestation - 40 and latest + 5
dprr:cloelius-9,person,Publius Cloelius Siculus,,Roman magistrate; offices: rex sacrorum,alive,-219,-173,medium,RE Cloelius 9; MRR1 attestations 180 BCE to 179 BCE (n=2); floruit derived: earliest attestation - 40 and latest + 5
dprr:clovius-4,person,Gaius Clovius,,Roman magistrate; offices: prefect,alive,-84,-39,low,RE Clovius 4; MRR2 attestations 45 BCE to 45 BCE (n=1); floruit derived: earliest attestation - 40 and latest + 5
dprr:cluilius-5,person,Titus Cluilius,,Roman magistrate; offices: legate,alive,-122,-77,low,RE Cluilius 5; MRR2 attestations 83 BCE to 83 BCE (n=1); floruit derived: earliest attestation - 40 and latest + 5
dprr:cluvius-1,person,Gaius Cluvius,,Roman magistrate; offices: legate,alive,-217,-162,medium,RE Cluvius 1; MRR1 attestations 178 BCE to 168 BCE (n=2); floruit derived: earliest attestation - 40 and latest + 5
dprr:cluvius-14,person,Gaius Cluvius Saxula,C. Cluvius Saxula (14),Roman magistrate; offices: praetor,alive,-217,-167,medium,RE Cluvius 14; MRR1 attestations 178 BCE to 173 BCE (n=2); floruit derived: earliest attestation - 40 and latest + 5
dprr:cluvius-2,person,Gaius Cluvius,,Roman magistrate; offices: promagistrate,alive,-143,-98,low,RE Cluvius 2; MRR1 attestations 104 BCE to 104 BCE (n=1); floruit derived: earliest attestation - 40 and latest + 5
dprr:cluvius-8,person,Spurius Cluvius,,Roman magistrate; offices: praetor,alive,-211,-166,low,RE Cluvius 8; MRR1 attestations 172 BCE to 172 BCE (n=1); floruit derived: earliest attestation - 40 and latest + 5
dprr:cocceius-12,person,Lucius Cocceius Nerva,L. Cocceius Nerva (12),Roman magistrate; offices: envoy,alive,-80,-31,medium,RE Cocceius 12; MRR2 attestations 41 BCE to 37 BCE (n=2); floruit derived: earliest attestation - 40 and latest + 5
dprr:cocceius-13,person,Marcus Cocceius Nerva,? M. Cocceius Nerva (13)|M. Cocceius - f. - n. Nerva (13),Roman magistrate; offices: consul; promagistrate; quindecimvir,alive,-80,-25,medium,RE Cocceius 13; MRR2 attestations 41 BCE to 31 BCE (n=5); floruit derived: earliest attestation - 40 and latest + 5
dprr:cocceius-3,person,Gaius Cocceius Balbus,? C. Cocceius Balbus (3; Supb. 7.90; no. 3)|C. Cocceius - f. - n. Balbus (3; Supb. 7.90; no. 3),Roman magistrate; offices: consul; praetor; promagistrate,alive,-81,-29,medium,RE Cocceius 3; MRR2 attestations 42 BCE to 35 BCE (n=3); floruit derived: earliest attestation - 40 and latest + 5
dprr:coelius-1,person,Lucius Coelius,,Roman magistrate; offices: legate,alive,-209,-164,low,RE Coelius 1; MRR1 attestations 170 BCE to 170 BCE (n=1); floruit derived: earliest attestation - 40 and latest + 5
dprr:coelius-12,person,Gaius Coelius Caldus,? C. Coelius Caldus (12)|C. Coelius C. f. C. n. Caldus (12),Roman magistrate; offices: consul; praetor; tribune of the plebs,alive,-146,-88,medium,RE Coelius 12; MRR1+MRR2 attestations 107 BCE to 94 BCE (n=4); floruit derived: earliest attestation - 40 and latest + 5
dprr:coelius-14,person,Gaius Coelius Caldus,,Roman magistrate; offices: quaestor; promagistrate,alive,-89,-43,medium,RE Coelius 14; MRR2 attestations 50 BCE to 49 BCE (n=2); floruit derived: earliest attestation - 40 and latest + 5
dprr:coelius-18,person,Gaius Coelius,,Roman magistrate; offices: quaestor,alive,-110,-65,low,RE Coelius 18; MRR2 attestations 71 BCE to 71 BCE (n=1); floruit derived: earliest attestation - 40 and latest + 5
dprr:coelius-2,person,Publius Coelius,,Roman magistrate; offices: praetor,alive,-113,-68,low,RE Coelius 2; MRR2 attestations 74 BCE to 74 BCE (n=1); floruit derived: earliest attestation - 40 and latest + 5
dprr:coelius-27,person,Marcus Coelius Vinicianus,M. Coelius Vinicianus (27),Roman magistrate; offices: master of horse; tribune of the plebs; quaestor,alive,-95,-41,medium,RE Coelius 27; MRR2 attestations 56 BCE to 47 BCE (n=4); floruit derived: earliest attestation - 40 and latest + 5
dprr:coelius-69,person,Lucius Coelius Balbus,,Roman magistrate; offices: consul,alive,-79,-34,low,RE Coelius 69; MRR2 attestations 40 BCE to 40 BCE (n=1); floruit derived: earliest attestation - 40 and latest + 5
dprr:cominius-1,person,Cominius,,Roman magistrate; offices: prefect,alive,-218,-173,low,RE Cominius 1; MRR1 attestations 179 BCE to 179 BCE (n=1); floruit derived: earliest attestation - 40 and latest + 5
dprr:cominius-2,person,Lucius Cominius,,Roman magistrate; offices: tribune of the plebs,alive,-351,-306,low,RE Cominius 2; MRR1 attestations 312 BCE to 312 BCE (n=1); floruit derived: earliest attestation - 40 and latest + 5
dprr:cominius-7,person,Lucius Cominius,,Roman magistrate; offices: military tribune,alive,-364,-319,low,RE Cominius 7; MRR1 attestations 325 BCE to 325 BCE (n=1); floruit derived: earliest attestation - 40 and latest + 5
dprr:considius-11,person,Gaius Considius Longus,,Roman magistrate; offices: praetor; promagistrate; legate,alive,-97,-40,medium,RE Considius 11; MRR2 attestations 58 BCE to 46 BCE (n=7); floruit derived: earliest attestation - 40 and latest + 5
dprr:considius-13,person,Marcus Considius Nonianus,? M. Considius Nonianus (13),Roman magistrate; offices: praetor; promagistrate,alive,-93,-43,medium,RE Considius 13; MRR2 attestations 54 BCE to 49 BCE (n=3); floruit derived: earliest attestation - 40 and latest + 5
dprr:considius-2,person,Considius,,Roman magistrate; offices: iudex quaestionis,alive,-91,-46,low,RE Considius 2; MRR2 attestations 52 BCE to 52 BCE (n=1); floruit derived: earliest attestation - 40 and latest + 5
dprr:considius-6,person,Quintus Considius,,Roman magistrate; offices: tribune of the plebs,alive,-515,-470,low,RE Considius 6; MRR1 attestations 476 BCE to 476 BCE (n=1); floruit derived: earliest attestation - 40 and latest + 5
dprr:coponius-3,person,Gaius Coponius,? Coponius (3 and 9),Roman magistrate; offices: praetor; promagistrate; prefect,alive,-92,-42,medium,RE Coponius 3; MRR2 attestations 53 BCE to 48 BCE (n=3); floruit derived: earliest attestation - 40 and latest + 5
dprr:corneliius-141,person,Publius Corneliius Dolabella,,Roman magistrate; offices: special commission,alive,-83,-38,low,RE Corneliius 141; MRR2 attestations 44 BCE to 44 BCE (n=1); floruit derived: earliest attestation - 40 and latest + 5
dprr:cornelius-105,person,Lucius Cornelius Cinna,L. Cornelius L. f. - n. Cinna Pat. (105),Roman magistrate; offices: consul; praetor,alive,-169,-121,medium,RE Cornelius 105; MRR1 attestations 130 BCE to 127 BCE (n=2); floruit derived: earliest attestation - 40 and latest + 5
dprr:cornelius-106,person,Lucius Cornelius Cinna,? L. Cornelius Cinna Pat. (106)|L. Cornelius Cinna Pat. (106),Roman magistrate; offices: consul; praetor; legate,alive,-129,-78,medium,RE Cornelius 106; MRR2 attestations 90 BCE to 84 BCE (n=7); floruit derived: earliest attestation - 40 and latest + 5
dprr:cornelius-107,person,Lucius Cornelius Cinna,,Roman magistrate; offices: praetor,alive,-83,-38,low,RE Cornelius 107; MRR2 attestations 44 BCE to 44 BCE (n=1); floruit derived: earliest attestation - 40 and latest + 5
dprr:cornelius-112,person,Aulus Cornelius Cossus,A. Cornelius Cossus Pat. (112),Roman magistrate; offices: master of horse; consul; military tribune,alive,-476,-420,medium,RE Cornelius 112; MRR1 attestations 437 BCE to 426 BCE (n=3); floruit derived: earliest attestation - 40 and latest + 5
dprr:cornelius-113,person,Aulus Cornelius Cossus,,Roman magistrate; offices: consul,alive,-452,-407,low,RE Cornelius 113; MRR1 attestations 413 BCE to 413 BCE (n=1); floruit derived: earliest attestation - 40 and latest + 5
dprr:cornelius-114,person,Aulus Cornelius Cossus,,Roman magistrate; offices: dictator,alive,-452,-379,medium,RE Cornelius 114; MRR1 attestations 413 BCE to 385 BCE (n=2); floruit derived: earliest attestation - 40 and latest + 5
dprr:cornelius-115,person,Aulus Cornelius Cossus,,Roman magistrate; offices: consul,alive,-408,-361,medium,RE Cornelius 115; MRR1 attestations 369 BCE to 367 BCE (n=2); floruit derived: earliest attestation - 40 and latest + 5
dprr:cornelius-116,person,Gnaeus Cornelius Cossus,,Roman magistrate; offices: consul,alive,-453,-403,medium,RE Cornelius 116; MRR1 attestations 414 BCE to 409 BCE (n=2); floruit derived: earliest attestation - 40 and latest + 5
dprr:cornelius-117,person,Gnaeus Cornelius Cossus,,Roman magistrate; offices: consul,alive,-445,-395,medium,RE Cornelius 117; MRR1 attestations 406 BCE to 401 BCE (n=3); floruit derived: earliest attestation - 40 and latest + 5
dprr:cornelius-118,person,Publius Cornelius Cossus,,Roman magistrate; offices: consul,alive,-454,-409,low,RE Cornelius 118; MRR1 attestations 415 BCE to 415 BCE (n=1); floruit derived: earliest attestation - 40 and latest + 5
dprr:cornelius-119,person,Publius Cornelius Cossus,,Roman magistrate; offices: consul,alive,-447,-402,low,RE Cornelius 119; MRR1 attestations 408 BCE to 408 BCE (n=1); floruit derived: earliest attestation - 40 and latest + 5
dprr:cornelius-12,person,Aulus Cornelius,,Roman magistrate; offices: quaestor,alive,-498,-453,low,RE Cornelius 12; MRR1 attestations 459 BCE to 459 BCE (n=1); floruit derived: earliest attestation - 40 and latest + 5
dprr:cornelius-120,person,Publius Cornelius Cossus,,Roman magistrate; offices: consul,alive,-434,-389,low,RE Cornelius 120; MRR1 attestations 395 BCE to 395 BCE (n=1); floruit derived: earliest attestation - 40 and latest + 5
dprr:cornelius-121,person,Servius Cornelius Cossus,,Roman magistrate; offices: consul,alive,-473,-428,low,RE Cornelius 121; MRR1 attestations 434 BCE to 434 BCE (n=1); floruit derived: earliest attestation - 40 and latest + 5
dprr:cornelius-122,person,Aulus Cornelius Cossus Arvina,A. Cornelius (Cossus) Arvina Pat. (122),Roman magistrate; offices: dictator; master of horse; consul,alive,-392,-314,high,RE Cornelius 122; MRR1 attestations 353 BCE to 320 BCE (n=6); floruit derived: earliest attestation - 40 and latest + 5
dprr:cornelius-13,person,Aulus Cornelius,,Roman magistrate; offices: pontifex,alive,-470,-422,medium,RE Cornelius 13; MRR1 attestations 431 BCE to 428 BCE (n=2); floruit derived: earliest attestation - 40 and latest + 5
dprr:cornelius-131,person,Gnaeus Cornelius Dolabella,208-180: Cn. Cornelius Dolabella Pat. (131),Roman magistrate; offices: rex sacrorum,alive,-249,-174,high,RE Cornelius 131; MRR1 attestations 210 BCE to 180 BCE (n=3); floruit derived: earliest attestation - 40 and latest + 5
dprr:cornelius-132,person,Gnaeus Cornelius Dolabella,? Cn. Cornelius Dolabella Pat. (132)|Cn. Cornelius Cn. f. Cn. n. Dolabella Pat. (132),Roman magistrate; offices: consul; praetor; aedile,alive,-204,-153,medium,RE Cornelius 132; MRR1 attestations 165 BCE to 159 BCE (n=3); floruit derived: earliest attestation - 40 and latest + 5
dprr:cornelius-134,person,Gnaeus Cornelius Dolabella,? Cn. Cornelius Dolabella Pat. (134)|Cn. Cornelius Cn. f. Cn. n. Dolabella Pat. (134)|Cn. Cornelius Cn. f. Pal. (Dolabella?) Pat. (22a; Supb. 3.258; cf. 134; 135),Roman magistrate; offices: consul; promagistrate; legate,alive,-128,-71,medium,RE Cornelius 134; MRR2 attestations 89 BCE to 77 BCE (n=8); floruit derived: earliest attestation - 40 and latest + 5
dprr:cornelius-135,person,Gnaeus Cornelius Dolabella,,Roman magistrate; offices: praetor; promagistrate,alive,-120,-73,medium,RE Cornelius 135; MRR2 attestations 81 BCE to 79 BCE (n=3); floruit derived: earliest attestation - 40 and latest + 5
dprr:cornelius-137,person,Lucius Cornelius Dolabella,,Roman magistrate; offices: duumvir,alive,-219,-173,medium,RE Cornelius 137; MRR1 attestations 180 BCE to 179 BCE (n=2); floruit derived: earliest attestation - 40 and latest + 5
dprr:cornelius-138,person,Lucius Cornelius Dolabella,? L. Cornelius P. f. L. n. Dolabella Pat. (138),Roman magistrate; offices: praetor; promagistrate,alive,-139,-92,medium,RE Cornelius 138; MRR1+MRR2 attestations 100 BCE to 98 BCE (n=3); floruit derived: earliest attestation - 40 and latest + 5
dprr:cornelius-139,person,Publius Cornelius Dolabella,P. Cornelius - f. - n. Dolabella Pat. (139),Roman magistrate; offices: consul; ambassador,alive,-322,-273,medium,RE Cornelius 139; MRR1 attestations 283 BCE to 279 BCE (n=3); floruit derived: earliest attestation - 40 and latest + 5
dprr:cornelius-140,person,Publius Cornelius Dolabella,,Roman magistrate; offices: praetor; promagistrate,alive,-108,-62,medium,RE Cornelius 140; MRR2 attestations 69 BCE to 68 BCE (n=2); floruit derived: earliest attestation - 40 and latest + 5
dprr:cornelius-141,person,Publius Cornelius Dolabella,? P. Cornelius Dolabella (141)|? P. Cornelius Dolabella Pat. (141)|P. Cornelius Dolabella Pat. (141)|P. Cornelius P. f. - n. Dolabella (141),Roman magistrate; offices: consul; tribune of the plebs; promagistrate,alive,-90,-37,medium,RE Cornelius 141; MRR2 attestations 51 BCE to 43 BCE (n=7); floruit derived: earliest attestation - 40 and latest + 5
dprr:cornelius-164,person,Gaius Cornelius Gallus,C. Cornelius Gallus (164),Roman magistrate; offices: prefect; special commission,alive,-80,-35,low,RE Cornelius 164; MRR2 attestations 41 BCE to 41 BCE (n=1); floruit derived: earliest attestation - 40 and latest + 5
dprr:cornelius-172,person,Lucius Cornelius Lentulus,? -. Cornelius Lentulus Pat. (172 or 192),Roman magistrate; offices: praetor,alive,-179,-124,medium,RE Cornelius 172; MRR1 attestations 140 BCE to 130 BCE (n=3); floruit derived: earliest attestation - 40 and latest + 5
dprr:cornelius-175,person,Gnaeus Cornelius Lentulus,? Cn. Cornelius Lentulus Pat. (175; 177)|Cn. Cornelius Cn. f. L. n. Lentulus Pat. (175; 177),Roman magistrate; offices: praetor; legate; ambassador,alive,-200,-140,high,RE Cornelius 175; MRR1 attestations 161 BCE to 146 BCE (n=4); floruit derived: earliest attestation - 40 and latest + 5
dprr:cornelius-176,person,Gnaeus Cornelius Lentulus,Bef. 217-184: Cn. Cornelius Lentulus Pat. (176)|Cn. Cornelius (Lentulus) Pat. (176)|Cn. Cornelius L. f. L. n. Lentulus (176)|Cn. Cornelius L. f. L. n. Lentulus Pat. (176),Roman magistrate; offices: consul; aedile; quaestor,alive,-256,-178,high,RE Cornelius 176; MRR1 attestations 217 BCE to 184 BCE (n=9); floruit derived: earliest attestation - 40 and latest + 5
dprr:cornelius-178,person,Gnaeus Cornelius Lentulus,Cn. Cornelius Cn. f. Cn. n. Lentulus Pat. (178),Roman magistrate; offices: consul; praetor,alive,-139,-91,medium,RE Cornelius 178; MRR1+MRR2 attestations 100 BCE to 97 BCE (n=2); floruit derived: earliest attestation - 40 and latest + 5
dprr:cornelius-18,person,Gaius Cornelius,,Roman magistrate; offices: tribune of the plebs,alive,-106,-61,low,RE Cornelius 18; MRR2 attestations 67 BCE to 67 BCE (n=1); floruit derived: earliest attestation - 40 and latest + 5
dprr:cornelius-186,person,Lucius Cornelius Lentulus,L. Cornelius Lentulus Pat. (186),Roman magistrate; offices: dictator; consul; envoy,alive,-366,-314,medium,RE Cornelius 186; MRR1 attestations 327 BCE to 320 BCE (n=3); floruit derived: earliest attestation - 40 and latest + 5
dprr:cornelius-187,person,Lucius Cornelius Lentulus,213-173: L. Cornelius Lentulus Pat. (187; 188; or 212)|L. Cornelius (Lentulus) Pat. (187)|L. Cornelius Lentulus Pat. (187),Roman magistrate; offices: praetor; decemvir; legate,alive,-252,-167,high,RE Cornelius 187; MRR1 attestations 213 BCE to 173 BCE (n=4); floruit derived: earliest attestation - 40 and latest + 5
dprr:cornelius-188,person,Lucius Cornelius Lentulus,L. Cornelius L. f. L. n. Lentulus Pat. (188),Roman magistrate; offices: consul; aedile; promagistrate,alive,-245,-192,medium,RE Cornelius 188; MRR1 attestations 206 BCE to 198 BCE (n=9); floruit derived: earliest attestation - 40 and latest + 5
dprr:cornelius-190,person,Lucius Cornelius Lentulus,,Roman magistrate; offices: envoy,alive,-207,-134,medium,RE Cornelius 190; MRR1 attestations 168 BCE to 140 BCE (n=2); floruit derived: earliest attestation - 40 and latest + 5
dprr:cornelius-192,person,Lucius Cornelius Lentulus,,Roman magistrate; offices: consul,alive,-179,-124,medium,RE Cornelius 192; MRR1 attestations 140 BCE to 130 BCE (n=2); floruit derived: earliest attestation - 40 and latest + 5
dprr:cornelius-193,person,Lucius Cornelius Lentulus,,Roman magistrate; offices: quaestor,alive,-139,-94,low,RE Cornelius 193; MRR1 attestations 100 BCE to 100 BCE (n=1); floruit derived: earliest attestation - 40 and latest + 5
dprr:cornelius-194,person,Lucius Cornelius Lentulus,,Roman magistrate; offices: promagistrate,alive,-121,-76,low,RE Cornelius 194; MRR2 attestations 82 BCE to 82 BCE (n=1); floruit derived: earliest attestation - 40 and latest + 5
dprr:cornelius-196,person,Lucius Cornelius Lentulus,,Roman magistrate; offices: flamen,alive,-95,-50,low,RE Cornelius 196; MRR2 attestations 56 BCE to 56 BCE (n=1); floruit derived: earliest attestation - 40 and latest + 5
dprr:cornelius-197,person,Lucius Cornelius Lentulus,L. Cornelius - f. - n. Lentulus Pat. (197; cf. 219),Roman magistrate; offices: consul; praetor,alive,-83,-32,medium,RE Cornelius 197; MRR2 attestations 44 BCE to 38 BCE (n=2); floruit derived: earliest attestation - 40 and latest + 5
dprr:cornelius-2,person,Servius Cornelius Sulla,(Ser.) Cornelius (Sulla) Pat. (2; 388)|Ser. Cornelius Sulla Pat. (2; 388),Roman magistrate; offices: praetor; promagistrate; ambassador,alive,-214,-161,medium,RE Cornelius 2; MRR1 attestations 175 BCE to 167 BCE (n=3); floruit derived: earliest attestation - 40 and latest + 5
dprr:cornelius-200,person,Publius Cornelius Lentulus,,Roman magistrate; offices: praetor; promagistrate,alive,-253,-206,medium,RE Cornelius 200; MRR1 attestations 214 BCE to 212 BCE (n=3); floruit derived: earliest attestation - 40 and latest + 5
dprr:cornelius-202,person,Publius Cornelius Lentulus,P. Cornelius L. f. L. n. Lentulus Pat. (202),Roman magistrate; offices: consul; praetor; aedile,alive,-211,-149,high,RE Cornelius 202; MRR1 attestations 172 BCE to 155 BCE (n=8); floruit derived: earliest attestation - 40 and latest + 5
dprr:cornelius-203,person,Publius Cornelius Lentulus,,Roman magistrate; offices: legate,alive,-129,-84,low,RE Cornelius 203; MRR2 attestations 90 BCE to 90 BCE (n=1); floruit derived: earliest attestation - 40 and latest + 5
dprr:cornelius-206,person,Servius Cornelius Lentulus,,Roman magistrate; offices: consul,alive,-342,-297,low,RE Cornelius 206; MRR1 attestations 303 BCE to 303 BCE (n=1); floruit derived: earliest attestation - 40 and latest + 5
dprr:cornelius-207,person,Servius Cornelius Lentulus,Ser. Cornelius (Lentulus) Pat. (207),Roman magistrate; offices: aedile; military tribune,alive,-246,-199,medium,RE Cornelius 207; MRR1 attestations 207 BCE to 205 BCE (n=2); floruit derived: earliest attestation - 40 and latest + 5
dprr:cornelius-21,person,Gnaeus Cornelius,,Roman magistrate; offices: ambassador,alive,-240,-190,medium,RE Cornelius 21; MRR1 attestations 201 BCE to 196 BCE (n=2); floruit derived: earliest attestation - 40 and latest + 5
dprr:cornelius-210,person,Lucius Cornelius Lentulus Caudinus,,Roman magistrate; offices: consul,alive,-314,-269,low,RE Cornelius 210; MRR1 attestations 275 BCE to 275 BCE (n=1); floruit derived: earliest attestation - 40 and latest + 5
dprr:cornelius-211,person,Lucius Cornelius Lentulus Caudinus,Bef. 217-213: L. Cornelius Lentulus Caudinus Pat. (211)|L. Cornelius Lentulus Caudinus Pat. (211),Roman magistrate; offices: consul; censor; pontifex,alive,-276,-207,high,RE Cornelius 211; MRR1 attestations 237 BCE to 213 BCE (n=5); floruit derived: earliest attestation - 40 and latest + 5
dprr:cornelius-212,person,Lucius Cornelius Caudinus,,Roman magistrate; offices: aedile,alive,-248,-203,low,RE Cornelius 212; MRR1 attestations 209 BCE to 209 BCE (n=1); floruit derived: earliest attestation - 40 and latest + 5
dprr:cornelius-213,person,Publius Cornelius Lentulus Caudinus,,Roman magistrate; offices: consul,alive,-275,-230,low,RE Cornelius 213; MRR1 attestations 236 BCE to 236 BCE (n=1); floruit derived: earliest attestation - 40 and latest + 5
dprr:cornelius-214,person,Publius Cornelius Lentulus,P. Cornelius Lentulus Pat. (214)|P. Cornelius (Lentulus) Caudinus Pat. (214),Roman magistrate; offices: praetor; aedile; promagistrate,alive,-248,-182,high,RE Cornelius 214; MRR1 attestations 209 BCE to 188 BCE (n=6); floruit derived: earliest attestation - 40 and latest + 5
dprr:cornelius-216,person,Gnaeus Cornelius Lentulus Clodianus,? Cn. Cornelius Lentulus Clodianus Pat.? (216)|Cn. Cornelius Lentulus Clodianus Pat. (216),Roman magistrate; offices: consul; censor; praetor,alive,-114,-61,medium,RE Cornelius 216; MRR2 attestations 75 BCE to 67 BCE (n=4); floruit derived: earliest attestation - 40 and latest + 5
dprr:cornelius-217,person,Gnaeus Cornelius Lentulus Clodianus,,Roman magistrate; offices: praetor; ambassador,alive,-99,-53,medium,RE Cornelius 217; MRR2 attestations 60 BCE to 59 BCE (n=2); floruit derived: earliest attestation - 40 and latest + 5
dprr:cornelius-218,person,Lucius Cornelius Lentulus Crus,,Roman magistrate; offices: praetor; promagistrate,alive,-97,-42,medium,RE Cornelius 218; MRR2 attestations 58 BCE to 48 BCE (n=3); floruit derived: earliest attestation - 40 and latest + 5
dprr:cornelius-219,person,Gnaeus Cornelius Lentulus Cruscellio,L.? Cornelius Lentulus Cruscellio Pat. (219; cf. 217),Roman magistrate; offices: praetor; legate,alive,-81,-32,medium,RE Cornelius 219; MRR2 attestations 42 BCE to 38 BCE (n=2); floruit derived: earliest attestation - 40 and latest + 5
dprr:cornelius-22,person,Gnaeus Cornelius,,Roman magistrate; offices: flamen,alive,-213,-168,low,RE Cornelius 22; MRR1 attestations 174 BCE to 174 BCE (n=1); floruit derived: earliest attestation - 40 and latest + 5
dprr:cornelius-224,person,Lucius Cornelius Lentulus Lupus,? L. Cornelius Lentulus Lupus Pat. (224)|L. Cornelius Cn. f. (L. n. Lentulus Lupus) Pat. (224)|L. Cornelius Lentulus (Lupus) Pat. (224)|L. Cornelius Lentulus Lupus Pat. (224),Roman magistrate; offices: consul; censor; praetor,alive,-202,-137,high,RE Cornelius 224; MRR1 attestations 163 BCE to 143 BCE (n=6); floruit derived: earliest attestation - 40 and latest + 5
dprr:cornelius-228,person,Gnaeus Cornelius Lentulus Marcellinus,? Cn. Cornelius Lentulus Marcellinus Pat. (228)|Cn. Cornelius P. f. - n. Lentulus Marcellinus Pat. (228),Roman magistrate; offices: consul; praetor; quaestor,alive,-113,-50,high,RE Cornelius 228; MRR2 attestations 74 BCE to 56 BCE (n=6); floruit derived: earliest attestation - 40 and latest + 5
dprr:cornelius-231,person,Publius Cornelius Lentitlus Marcellinus,P. Cornelius Lentulus Marcellinus Pat. (231; cf. 238),Roman magistrate; offices: quaestor,alive,-114,-68,medium,RE Cornelius 231; MRR2 attestations 75 BCE to 74 BCE (n=2); floruit derived: earliest attestation - 40 and latest + 5
dprr:cornelius-232,person,Publius Cornelius Lentulus Marcellinus,,Roman magistrate; offices: quaestor,alive,-87,-42,low,RE Cornelius 232; MRR2 attestations 48 BCE to 48 BCE (n=1); floruit derived: earliest attestation - 40 and latest + 5
dprr:cornelius-234,person,Lucius Cornelius Lentulus Niger,? L. Cornelius Lentulus Niger (234)|Before 69-56: L. Cornelius Lentulus Niger Pat. (234)|L. Cornelius Lentulus (Niger) Pat. (234),Roman magistrate; offices: praetor; pontifex; flamen,alive,-108,-50,medium,RE Cornelius 234; MRR2 attestations 69 BCE to 56 BCE (n=4); floruit derived: earliest attestation - 40 and latest + 5
dprr:cornelius-238,person,Publius Cornelius Lentulus Spinther,? P. Cornelius Lentulus Spinther Pat. (238; cf. 204)|Ca. 60-47: P. Cornelius Lentulus Spinther. Pat. (238)|P . Cornelius Lentulus Spinther Pat. (238)|P. Cornelius Lentulus Spinther. Pat. (238)|P. Cornelius P. f. Cn. n. Lentulus Spinther Pat. (238),Roman magistrate; offices: consul; praetor; aedile,alive,-113,-41,high,RE Cornelius 238; MRR2 attestations 74 BCE to 47 BCE (n=12); floruit derived: earliest attestation - 40 and latest + 5
dprr:cornelius-239,person,Publius Cornelius Lentulus Spinther,57-ca. 42: P. Cornelius Lentulus Spinther Pat. (239)|P. Cornelius Lentulus Spinther. Pat. (239),Roman magistrate; offices: quaestor; promagistrate; legate,alive,-96,-36,high,RE Cornelius 239; MRR2 attestations 57 BCE to 42 BCE (n=5); floruit derived: earliest attestation - 40 and latest + 5
dprr:cornelius-24,person,Gnaeus Cornelius,,Roman magistrate; offices: tribune of the plebs,alive,-107,-62,low,RE Cornelius 24; MRR2 attestations 68 BCE to 68 BCE (n=1); floruit derived: earliest attestation - 40 and latest + 5
dprr:cornelius-240,person,Publius Cornelius Lentulus Sura,M. Cornelius P. f. M. n. Maluginensis Pat. (240; cf. 248)|P. Cornelius Lentulus (Sura) Pat. (240),Roman magistrate; offices: consul; praetor; quaestor,alive,-408,-57,high,RE Cornelius 240; MRR1+MRR2 attestations 369 BCE to 63 BCE (n=8); floruit derived: earliest attestation - 40 and latest + 5
dprr:cornelius-246,person,Marcus Cornelius Maluginensis,,Roman magistrate; offices: consul,alive,-489,-443,medium,RE Cornelius 246; MRR1 attestations 450 BCE to 449 BCE (n=2); floruit derived: earliest attestation - 40 and latest + 5
dprr:cornelius-247,person,Marcus Cornelius Maluginensis,,Roman magistrate; offices: consul,alive,-475,-430,low,RE Cornelius 247; MRR1 attestations 436 BCE to 436 BCE (n=1); floruit derived: earliest attestation - 40 and latest + 5
dprr:cornelius-248,person,Marcus Cornelius Maluginensis,,Roman magistrate; offices: censor,alive,-432,-387,low,RE Cornelius 248; MRR1 attestations 393 BCE to 393 BCE (n=1); floruit derived: earliest attestation - 40 and latest + 5
dprr:cornelius-250,person,Publius Cornelius Maluginensis,,Roman magistrate; offices: consul,alive,-443,-398,low,RE Cornelius 250; MRR1 attestations 404 BCE to 404 BCE (n=1); floruit derived: earliest attestation - 40 and latest + 5
dprr:cornelius-251,person,Publius Cornelius Maluginensis,,Roman magistrate; offices: consul,alive,-432,-387,low,RE Cornelius 251; MRR1 attestations 393 BCE to 393 BCE (n=1); floruit derived: earliest attestation - 40 and latest + 5
dprr:cornelius-252,person,Publius Cornelius Maluginensis,,Roman magistrate; offices: master of horse; consul,alive,-436,-384,medium,RE Cornelius 252; MRR1 attestations 397 BCE to 390 BCE (n=4); floruit derived: earliest attestation - 40 and latest + 5
dprr:cornelius-253,person,Servius Cornelius Maluginensis,?-453: Ser. Cornelius (Maluginensis Tricostus ?) Pat. (253),Roman magistrate; offices: consul; flamen,alive,-524,-447,medium,RE Cornelius 253; MRR1 attestations 485 BCE to 453 BCE (n=2); floruit derived: earliest attestation - 40 and latest + 5
dprr:cornelius-254,person,Servius Cornelius Maluginensis,,Roman magistrate; offices: master of horse; consul,alive,-425,-355,high,RE Cornelius 254; MRR1 attestations 386 BCE to 361 BCE (n=8); floruit derived: earliest attestation - 40 and latest + 5
dprr:cornelius-256,person,Lucius Cornelius Maluginensis Uritinus,,Roman magistrate; offices: consul,alive,-498,-453,low,RE Cornelius 256; MRR1 attestations 459 BCE to 459 BCE (n=1); floruit derived: earliest attestation - 40 and latest + 5
dprr:cornelius-257,person,Aulus Cornelius Mammula,,Roman magistrate; offices: praetor; promagistrate,alive,-256,-210,medium,RE Cornelius 257; MRR1 attestations 217 BCE to 216 BCE (n=2); floruit derived: earliest attestation - 40 and latest + 5
dprr:cornelius-258,person,Aulus Cornelius Mammula,,Roman magistrate; offices: praetor; promagistrate,alive,-230,-184,medium,RE Cornelius 258; MRR1 attestations 191 BCE to 190 BCE (n=2); floruit derived: earliest attestation - 40 and latest + 5
dprr:cornelius-259,person,Marcus Cornelius Mammula,,Roman magistrate; offices: ambassador,alive,-212,-167,low,RE Cornelius 259; MRR1 attestations 173 BCE to 173 BCE (n=1); floruit derived: earliest attestation - 40 and latest + 5
dprr:cornelius-260,person,Publius Cornelius Mammula,,Roman magistrate; offices: praetor,alive,-219,-174,low,RE Cornelius 260; MRR1 attestations 180 BCE to 180 BCE (n=1); floruit derived: earliest attestation - 40 and latest + 5
dprr:cornelius-265,person,Gnaeus Cornelius Merenda,,Roman magistrate; offices: praetor; ambassador,alive,-233,-182,medium,RE Cornelius 265; MRR1 attestations 194 BCE to 188 BCE (n=3); floruit derived: earliest attestation - 40 and latest + 5
dprr:cornelius-267,person,Servius Cornelius Merenda,Ser. Cornelius P. f. Ser. n. Merenda Pat. (267),Roman magistrate; offices: consul; legate,alive,-314,-268,medium,RE Cornelius 267; MRR1 attestations 275 BCE to 274 BCE (n=2); floruit derived: earliest attestation - 40 and latest + 5
dprr:cornelius-268,person,Gnaeus Cornelius Merula,,Roman magistrate; offices: ambassador,alive,-228,-182,medium,RE Cornelius 268; MRR1 attestations 189 BCE to 188 BCE (n=2); floruit derived: earliest attestation - 40 and latest + 5
dprr:cornelius-269,person,Gnaeus Cornelius Merula,,Roman magistrate; offices: ambassador,alive,-201,-148,medium,RE Cornelius 269; MRR1 attestations 162 BCE to 154 BCE (n=2); floruit derived: earliest attestation - 40 and latest + 5
dprr:cornelius-270,person,Lucius Cornelius Merula,L. Cornelius L. f. - n. Merula Pat. (270),Roman magistrate; offices: consul; praetor; triumvir,alive,-237,-187,medium,RE Cornelius 270; MRR1 attestations 198 BCE to 193 BCE (n=3); floruit derived: earliest attestation - 40 and latest + 5
dprr:cornelius-271,person,Lucius Cornelius Merula,,Roman magistrate; offices: aedile,alive,-200,-155,low,RE Cornelius 271; MRR1 attestations 161 BCE to 161 BCE (n=1); floruit derived: earliest attestation - 40 and latest + 5
dprr:cornelius-272,person,Lucius Cornelius Merula,?-87: L. Cornelius Merula Pat. (272)|L. Cornelius - f. - n. Merula Pat. (272),Roman magistrate; offices: consul; praetor; flamen,alive,-129,-81,medium,RE Cornelius 272; MRR2 attestations 90 BCE to 87 BCE (n=2); floruit derived: earliest attestation - 40 and latest + 5
dprr:cornelius-28,person,Lucius Cornelius,,Roman magistrate; offices: ambassador,alive,-238,-190,medium,RE Cornelius 28; MRR1 attestations 199 BCE to 196 BCE (n=2); floruit derived: earliest attestation - 40 and latest + 5
dprr:cornelius-29,person,Lucius Cornelius,,Roman magistrate; offices: duumvir,alive,-217,-172,low,RE Cornelius 29; MRR1 attestations 178 BCE to 178 BCE (n=1); floruit derived: earliest attestation - 40 and latest + 5
dprr:cornelius-301,person,Publius Cornelius Rufinus,,Roman magistrate; offices: dictator,alive,-373,-327,medium,RE Cornelius 301; MRR1 attestations 334 BCE to 333 BCE (n=2); floruit derived: earliest attestation - 40 and latest + 5
dprr:cornelius-302,person,Publius Cornelius Rufinus,? P. Cornelius Cn. f. P. n. Rufinus Pat. (302),Roman magistrate; offices: dictator; consul,alive,-329,-271,medium,RE Cornelius 302; MRR1 attestations 290 BCE to 277 BCE (n=3); floruit derived: earliest attestation - 40 and latest + 5
dprr:cornelius-307,person,Publius Cornelius Rutilus Cossus,,Roman magistrate; offices: dictator; consul,alive,-447,-400,medium,RE Cornelius 307; MRR1 attestations 408 BCE to 406 BCE (n=2); floruit derived: earliest attestation - 40 and latest + 5
dprr:cornelius-316,person,Publius Cornelius Scipio Barbatus,P. Cornelius - f. - n. Scapula Pat. (316; cf. 315),Roman magistrate; offices: consul,alive,-367,-322,low,RE Cornelius 316; MRR1 attestations 328 BCE to 328 BCE (n=1); floruit derived: earliest attestation - 40 and latest + 5
dprr:cornelius-318,person,Cornelius Scipio,,Roman magistrate; offices: legate,alive,-116,-71,low,RE Cornelius 318; MRR2 attestations 77 BCE to 77 BCE (n=1); floruit derived: earliest attestation - 40 and latest + 5
dprr:cornelius-32,person,Lucius Cornelius,,Roman magistrate; offices: consul,alive,-71,-26,low,RE Cornelius 32; MRR2 attestations 32 BCE to 32 BCE (n=1); floruit derived: earliest attestation - 40 and latest + 5
dprr:cornelius-320,person,Gnaeus Cornelius Scipio,P. Cornelius Scipio Pat. (320),Roman magistrate; offices: praetor; aedile,alive,-405,-171,high,RE Cornelius 320; MRR1 attestations 366 BCE to 177 BCE (n=3); floruit derived: earliest attestation - 40 and latest + 5
dprr:cornelius-321,person,Gnaeus Cornelius Scipio,,Roman magistrate; offices: praetor,alive,-148,-103,low,RE Cornelius 321; MRR1 attestations 109 BCE to 109 BCE (n=1); floruit derived: earliest attestation - 40 and latest + 5
dprr:cornelius-322,person,Lucius Cornelius Scipio,L. Cornelius Scipio Pat. (322),Roman magistrate; offices: consul; censor; interrex,alive,-391,-334,medium,RE Cornelius 322; MRR1 attestations 352 BCE to 340 BCE (n=3); floruit derived: earliest attestation - 40 and latest + 5
dprr:cornelius-323,person,Lucius Cornelius Scipio,? L. Cornelius Scipio Pat. (323),Roman magistrate; offices: consul; censor; aedile,alive,-300,-252,medium,RE Cornelius 323; MRR1 attestations 261 BCE to 258 BCE (n=3); floruit derived: earliest attestation - 40 and latest + 5
dprr:cornelius-324,person,Lucius Cornelius Scipio,L. Cornelius Scipio Pat. (324),Roman magistrate; offices: quaestor; military tribune,alive,-207,-161,medium,RE Cornelius 324; MRR1 attestations 168 BCE to 167 BCE (n=2); floruit derived: earliest attestation - 40 and latest + 5
dprr:cornelius-325,person,Lucius Cornelius Scipio,,Roman magistrate; offices: praetor,alive,-213,-168,low,RE Cornelius 325; MRR1 attestations 174 BCE to 174 BCE (n=1); floruit derived: earliest attestation - 40 and latest + 5
dprr:cornelius-328,person,Publius Cornelius Scipio,P. Cornelius - f. - n. Scipio Pat. (328),Roman magistrate; offices: consul; interrex,alive,-434,-383,medium,RE Cornelius 328; MRR1 attestations 395 BCE to 389 BCE (n=3); floruit derived: earliest attestation - 40 and latest + 5
dprr:cornelius-329,person,Publius Cornelius Scipio,P. Cornelius P. f. - n. Scipio Pat. (329),Roman magistrate; offices: master of horse; censor,alive,-389,-334,medium,RE Cornelius 329; MRR1 attestations 350 BCE to 340 BCE (n=2); floruit derived: earliest attestation - 40 and latest + 5
dprr:cornelius-330,person,Publius Cornelius Scipio,P. Cornelius L. f. L. n. Scipio Pat. (330),Roman magistrate; offices: consul; promagistrate,alive,-257,-205,medium,RE Cornelius 330; MRR1 attestations 218 BCE to 211 BCE (n=7); floruit derived: earliest attestation - 40 and latest + 5
dprr:cornelius-331,person,Publius Cornelius Scipio,P. Cornelius Scipio (Africani f.) (331),Roman magistrate; offices: augur,alive,-219,-173,medium,RE Cornelius 331; MRR1 attestations 180 BCE to 179 BCE (n=2); floruit derived: earliest attestation - 40 and latest + 5
dprr:cornelius-335,person,Publius Cornelius Scipio Africanus Aemilianus,P. Cornelius P. f. P. n. Scipio Africanus Aemilianus Pat. (335)|?- 129: P. Cornelius Scipio Africanus Aemilianus Pat. (335)|P. Cornelius Scipio (Africanus) Aemilianus Pat. (335)|P. Cornelius P. f. P. n. Scipio Africanus Aemilianus (335)|P. Cornelius Scipio Aemilianus Pat. (335),Roman magistrate; offices: consul; censor; promagistrate,alive,-190,-123,high,RE Cornelius 335; MRR1 attestations 151 BCE to 129 BCE (n=14); floruit derived: earliest attestation - 40 and latest + 5
dprr:cornelius-336,person,Publius Cornelius Scipio Africanus,P. Cornelius Scipio Africanus Pat. (336)|? P. Cornelius Scipio Africanus Pat. (336)|P. Cornelius P. f. L. n. Scipio Africanus Pat. (336)|P. Cornelius Scipio Pat. (336)|Bef. 211-184 or 183: P. Cornelius Scipio Africanus Pat. (336),Roman magistrate; offices: consul; censor; aedile,alive,-255,-177,high,RE Cornelius 336; MRR1 attestations 216 BCE to 183 BCE (n=19); floruit derived: earliest attestation - 40 and latest + 5
dprr:cornelius-337,person,Lucius Cornelius Scipio,L. Cornelius Scipio Asiaticus Pat. (337)|L. Cornelius Scipio Pat. (337)|? L. Cornelius Scipio (Asiaticus) Pat. (337)|? L. Cornelius Scipio Asiaticus Pat. (337)|L. Cornelius P. f. L. n. Scipio Asiaticus Pat. (337),Roman magistrate; offices: consul; praetor; aedile,alive,-246,-177,high,RE Cornelius 337; MRR1 attestations 207 BCE to 183 BCE (n=14); floruit derived: earliest attestation - 40 and latest + 5
dprr:cornelius-338,person,Lucius Cornelius Scipio Asiagenus,? L. Cornelius Scipio Asiagenus (Asiaticus) Pat. (338)|? L. Cornelius Scipio (Asiagenus?) Pat. (338)|L. Cornelius L. f. L. n. Scipio Asiaticus (Asiagenus) Pat. (338),Roman magistrate; offices: consul; praetor; promagistrate,alive,-129,-77,medium,RE Cornelius 338; MRR2 attestations 90 BCE to 83 BCE (n=6); floruit derived: earliest attestation - 40 and latest + 5
dprr:cornelius-341,person,Gnaeus Cornelius Scipio Asina,,Roman magistrate; offices: consul; promagistrate,alive,-299,-247,medium,RE Cornelius 341; MRR1 attestations 260 BCE to 253 BCE (n=3); floruit derived: earliest attestation - 40 and latest + 5
dprr:cornelius-342,person,Publius Cornelius Asina,P. Cornelius (Cn. f. L. n.) Scipio Asina Pat. (342),Roman magistrate; offices: consul; triumvir; interrex,alive,-260,-210,medium,RE Cornelius 342; MRR1 attestations 221 BCE to 216 BCE (n=3); floruit derived: earliest attestation - 40 and latest + 5
dprr:cornelius-343,person,Lucius Cornelius Scipio Barbatus,L. Cornelius Scipio (Barbatus) Pat. (343)|? L. Cornelius Cn. f. - n. Scipio Barbatus Pat. (343)|? L. Cornelius Scipio (Barbatus) Pat. (343)|L. Cornelius Cn. f. - n. Scipio Barbatus Pat. (343),Roman magistrate; offices: consul; censor; aedile,alive,-341,-274,high,RE Cornelius 343; MRR1 attestations 302 BCE to 280 BCE (n=6); floruit derived: earliest attestation - 40 and latest + 5
dprr:cornelius-344,person,Publius Cornelius Scipio Barbatus,,Roman magistrate; offices: dictator,alive,-367,-300,medium,RE Cornelius 344; MRR1 attestations 328 BCE to 306 BCE (n=2); floruit derived: earliest attestation - 40 and latest + 5
dprr:cornelius-345,person,Gnaeus Cornelius Scipio,Cn. Cornelius L. f. L. n. Scipio Calvus Pat. (345),Roman magistrate; offices: consul; promagistrate; legate,alive,-261,-205,medium,RE Cornelius 345; MRR1 attestations 222 BCE to 211 BCE (n=8); floruit derived: earliest attestation - 40 and latest + 5
dprr:cornelius-346,person,Gnaeus Cornelius Scipio,198-176: Cn. Cornelius Scipio Hispallus Pat. (346)|Cn. Cornelius Cn. f. L. n. Scipio Hispallus (346)|Cn. Cornelius Cn. f. L. n. Scipio Hispallus Pat. (346),Roman magistrate; offices: consul; praetor; pontifex,alive,-238,-170,high,RE Cornelius 346; MRR1 attestations 199 BCE to 176 BCE (n=4); floruit derived: earliest attestation - 40 and latest + 5
dprr:cornelius-347,person,Gnaeus Cornelius Scipio Hispanus,Cn. Cornelius Scipio Hispanus Pat. (347),Roman magistrate; offices: praetor; aedile; quaestor,alive,-189,-133,medium,RE Cornelius 347; MRR1 attestations 150 BCE to 139 BCE (n=4); floruit derived: earliest attestation - 40 and latest + 5
dprr:cornelius-348,person,Marcus Cornelius Scipio Maluginensis,,Roman magistrate; offices: praetor,alive,-215,-170,low,RE Cornelius 348; MRR1 attestations 176 BCE to 176 BCE (n=1); floruit derived: earliest attestation - 40 and latest + 5
dprr:cornelius-350,person,Publius Cornelius Scipio Nasica,P. Cornelius Scipio (Nasica) Pat. (350)|? P. Cornelius Scipio Nasica Pat. (350)|P. Cornelius Cn. f. L. n. Scipio Nascia Pat. (350)|P. Cornelius Cn. f. Scipio (Nasica) Pat. (350)|P. Cornelius Cn. f. Scipio Pat. (350),Roman magistrate; offices: consul; praetor; aedile,alive,-239,-165,high,RE Cornelius 350; MRR1 attestations 200 BCE to 171 BCE (n=9); floruit derived: earliest attestation - 40 and latest + 5
dprr:cornelius-351,person,Publius Cornelius Scipio Nasica,,Roman magistrate; offices: praetor,alive,-132,-87,low,RE Cornelius 351; MRR2 attestations 93 BCE to 93 BCE (n=1); floruit derived: earliest attestation - 40 and latest + 5
dprr:cornelius-353,person,Publius Cornelius Scipio Nasica,P. Cornelius P. f. Cn. n. Scipio Nasica (Corculum) Pat. (353)|P. Cornelius Scipio Nasica Corculum Pat. (353)|?- ca. 141: P. Cornelius Scipio Nasica Corculum Pat. (353),Roman magistrate; offices: consul; censor; praetor,alive,-208,-135,high,RE Cornelius 353; MRR1 attestations 169 BCE to 141 BCE (n=10); floruit derived: earliest attestation - 40 and latest + 5
dprr:cornelius-354,person,Publius Cornelius Scipio Nasica Serapio,P. Cornelius Scipio Nasica Serapio Pat. (354)|141 ?- 132: P. Cornelius Scipio Nasica Serapio Pat. (354)|P. Cornelius P. f. P. n. Scipio Nasica Serapio Pat. (354),Roman magistrate; offices: consul; praetor; ambassador,alive,-188,-126,high,RE Cornelius 354; MRR1 attestations 149 BCE to 132 BCE (n=4); floruit derived: earliest attestation - 40 and latest + 5
dprr:cornelius-355,person,Publius Cornelius Scipio Nasica Serapio,P. Cornelius P. f. P. n. Scipio Nasica Serapio Pat. (355),Roman magistrate; offices: consul; praetor,alive,-153,-105,medium,RE Cornelius 355; MRR1 attestations 114 BCE to 111 BCE (n=2); floruit derived: earliest attestation - 40 and latest + 5
dprr:cornelius-371,person,Cornelius Sisenna,,Roman magistrate; offices: legate,alive,-96,-51,low,RE Cornelius 371; MRR2 attestations 57 BCE to 57 BCE (n=1); floruit derived: earliest attestation - 40 and latest + 5
dprr:cornelius-373,person,Gaius Cornelius Sisenna,Cn. Cornelius Sisenna (373),Roman magistrate; offices: praetor; promagistrate,alive,-158,-112,medium,RE Cornelius 373; MRR1 attestations 119 BCE to 118 BCE (n=2); floruit derived: earliest attestation - 40 and latest + 5
dprr:cornelius-374,person,Lucius Cornelius Sisenna,L. Cornelius Sisenna (374),Roman magistrate; offices: praetor; promagistrate; legate,alive,-117,-61,medium,RE Cornelius 374; MRR2 attestations 78 BCE to 67 BCE (n=3); floruit derived: earliest attestation - 40 and latest + 5
dprr:cornelius-375,person,Publius Cornelius Sisenna,,Roman magistrate; offices: praetor,alive,-222,-177,low,RE Cornelius 375; MRR1 attestations 183 BCE to 183 BCE (n=1); floruit derived: earliest attestation - 40 and latest + 5
dprr:cornelius-382,person,Publius Cornelius Sulla,,Roman magistrate; offices: flamen,alive,-289,-244,low,RE Cornelius 382; MRR1 attestations 250 BCE to 250 BCE (n=1); floruit derived: earliest attestation - 40 and latest + 5
dprr:cornelius-383,person,Publius Cornelius Sulla,?- ?: P. Cornelius Sulla (Rufus Sibylla ?) Pat. (383),Roman magistrate; offices: praetor; decemvir,alive,-251,-206,low,RE Cornelius 383; MRR1 attestations 212 BCE to 212 BCE (n=1); floruit derived: earliest attestation - 40 and latest + 5
dprr:cornelius-384,person,Publius Cornelius Sulla,,Roman magistrate; offices: praetor,alive,-225,-180,low,RE Cornelius 384; MRR1 attestations 186 BCE to 186 BCE (n=1); floruit derived: earliest attestation - 40 and latest + 5
dprr:cornelius-386,person,Publius Cornelius Sulla,? P. Cornelius Sulla Pat. (386)|P. Cornelius P.? f. L. n. Sulla Pat. (386),Roman magistrate; offices: consul; praetor; triumvir,alive,-119,-41,high,RE Cornelius 386; MRR2 attestations 80 BCE to 47 BCE (n=5); floruit derived: earliest attestation - 40 and latest + 5
dprr:cornelius-39,person,Publius Cornelius,,Roman magistrate; offices: consul,alive,-433,-388,low,RE Cornelius 39; MRR1 attestations 394 BCE to 394 BCE (n=1); floruit derived: earliest attestation - 40 and latest + 5
dprr:cornelius-392,person,Lucius Cornelius Sulla,L. Cornelius L. f. P. n. Sulla Felix Pat. (392)|L. Cornelius Sulla Pat. (392)|? L. Cornelius Sulla Pat. (392)|L. Cornelius L. f. P. n. Sulla (Felix) Pat. (392)|L. Cornelius Sulla Felix Pat. (392),Roman magistrate; offices: dictator; consul; praetor,alive,-146,-73,high,RE Cornelius 392; MRR1+MRR2 attestations 107 BCE to 79 BCE (n=21); floruit derived: earliest attestation - 40 and latest + 5
dprr:cornelius-40,person,Publius Cornelius Mil,P. Cornelius - f. - n. - - - - - Pat. (40),Roman magistrate; offices: consul,alive,-428,-379,medium,RE Cornelius 40; MRR1 attestations 389 BCE to 385 BCE (n=2); floruit derived: earliest attestation - 40 and latest + 5
dprr:cornelius-41,person,Publius Cornelius,,Roman magistrate; offices: duumvir,alive,-349,-304,low,RE Cornelius 41; MRR1 attestations 310 BCE to 310 BCE (n=1); floruit derived: earliest attestation - 40 and latest + 5
dprr:cornelius-42,person,Publius Cornelius,,Roman magistrate; offices: praetor,alive,-273,-228,low,RE Cornelius 42; MRR1 attestations 234 BCE to 234 BCE (n=1); floruit derived: earliest attestation - 40 and latest + 5
dprr:cornelius-44,person,Publius Cornelius,,Roman magistrate; offices: tribune of the plebs,alive,-90,-45,low,RE Cornelius 44; MRR2 attestations 51 BCE to 51 BCE (n=1); floruit derived: earliest attestation - 40 and latest + 5
dprr:cornelius-45,person,Publius Cornelius,,Roman magistrate; offices: prefect,alive,-85,-40,low,RE Cornelius 45; MRR2 attestations 46 BCE to 46 BCE (n=1); floruit derived: earliest attestation - 40 and latest + 5
dprr:cornelius-51,person,Lucius Cornelius,Q. Cornelius (51),Roman magistrate; offices: pontifex,alive,-108,-51,medium,RE Cornelius 51; MRR2 attestations 69 BCE to 57 BCE (n=2); floruit derived: earliest attestation - 40 and latest + 5
dprr:cornelius-52,person,Quintus Cornelius,,Roman magistrate; offices: quaestor,alive,-83,-38,low,RE Cornelius 52; MRR2 attestations 44 BCE to 44 BCE (n=1); floruit derived: earliest attestation - 40 and latest + 5
dprr:cornelius-56,person,Publius Cornelius Arvina,,Roman magistrate; offices: consul,alive,-345,-282,medium,RE Cornelius 56; MRR1 attestations 306 BCE to 288 BCE (n=2); floruit derived: earliest attestation - 40 and latest + 5
dprr:cornelius-66,person,Publius Cornelius Arvina,,Roman magistrate; offices: consul; censor,alive,-345,-282,high,RE Cornelius 66; MRR1 attestations 306 BCE to 288 BCE (n=3); floruit derived: earliest attestation - 40 and latest + 5
dprr:cornelius-69,person,Lucius Cornelius Balbus,,Roman magistrate; offices: promagistrate,alive,-79,-34,low,RE Cornelius 69; MRR2 attestations 40 BCE to 40 BCE (n=1); floruit derived: earliest attestation - 40 and latest + 5
dprr:cornelius-70,person,Lucius Cornelius Balbus,L. Cornelius Balbus (Minor) (70),Roman magistrate; offices: quaestor; promagistrate; envoy,alive,-88,-34,medium,RE Cornelius 70; MRR2 attestations 49 BCE to 40 BCE (n=5); floruit derived: earliest attestation - 40 and latest + 5
dprr:cornelius-71,person,Cornelius Barbatus,,Roman magistrate; offices: pontifex,alive,-343,-298,low,RE Cornelius 71; MRR1 attestations 304 BCE to 304 BCE (n=1); floruit derived: earliest attestation - 40 and latest + 5
dprr:cornelius-73,person,Gnaeus Cornelius Blasio,,Roman magistrate; offices: consul; censor,alive,-309,-251,medium,RE Cornelius 73; MRR1 attestations 270 BCE to 257 BCE (n=3); floruit derived: earliest attestation - 40 and latest + 5
dprr:cornelius-74,person,Gnaeus Cornelius Blasio,Cn. Cornelius Blasio (74),Roman magistrate; offices: praetor; promagistrate,alive,-238,-188,medium,RE Cornelius 74; MRR1 attestations 199 BCE to 194 BCE (n=5); floruit derived: earliest attestation - 40 and latest + 5
dprr:cornelius-75,person,Publius Cornelius Cethegus,,Roman magistrate; offices: praetor,alive,-224,-175,medium,RE Cornelius 75; MRR1 attestations 185 BCE to 181 BCE (n=2); floruit derived: earliest attestation - 40 and latest + 5
dprr:cornelius-76,person,Publius Cornelius Blasio,? P. Cornelius Blasio Pat. (76),Roman magistrate; offices: praetor; ambassador; quinquevir,alive,-209,-159,medium,RE Cornelius 76; MRR1 attestations 170 BCE to 165 BCE (n=3); floruit derived: earliest attestation - 40 and latest + 5
dprr:cornelius-79,person,Publius Cornelius Calussa,,Roman magistrate; offices: pontifex,alive,-371,-326,low,RE Cornelius 79; MRR1 attestations 332 BCE to 332 BCE (n=1); floruit derived: earliest attestation - 40 and latest + 5
dprr:cornelius-88,person,Gaius Cornelius Cethegus,C. Cornelius L. f. M. n. Cethegus Pat. (88),Roman magistrate; offices: consul; censor; aedile,alive,-240,-187,medium,RE Cornelius 88; MRR1 attestations 201 BCE to 193 BCE (n=6); floruit derived: earliest attestation - 40 and latest + 5
dprr:cornelius-92,person,Marcus Cornelius Cethegus,M. Cornelius M. f. M. n. Cethegus Pat. (92)|213-196: M. Cornelius Cethegus Pat. (92)|?- c. 223: M. Cornelius Cethegus Pat. (92)|M. Cornelius M. f. M. n. Cethegus (92),Roman magistrate; offices: consul; censor; praetor,alive,-262,-190,high,RE Cornelius 92; MRR1 attestations 223 BCE to 196 BCE (n=8); floruit derived: earliest attestation - 40 and latest + 5
dprr:cornelius-93,person,Marcus Cornelius Cethegus,? M. Cornelius Cethegus Pat. (93)|M. Cornelius C. f. C. n. Cethegus Pat. (93),Roman magistrate; offices: consul; praetor; triumvir,alive,-210,-154,medium,RE Cornelius 93; MRR1 attestations 171 BCE to 160 BCE (n=4); floruit derived: earliest attestation - 40 and latest + 5
dprr:cornelius-95,person,Publius Cornelius Cethegus,P. Cornelius L. f. P. n. Cethegus Pat. (95),Roman magistrate; offices: consul; aedile; promagistrate,alive,-226,-167,medium,RE Cornelius 95; MRR1 attestations 187 BCE to 173 BCE (n=5); floruit derived: earliest attestation - 40 and latest + 5
dprr:cornelius-96,person,Publius Cornelius Cethegus,,Roman magistrate; offices: praetor,alive,-223,-178,low,RE Cornelius 96; MRR1 attestations 184 BCE to 184 BCE (n=1); floruit derived: earliest attestation - 40 and latest + 5
dprr:cornificius-5,person,Lucius Cornificius,L. Cornificius L. f. (5),Roman magistrate; offices: consul; tribune of the plebs; promagistrate,alive,-82,-26,medium,RE Cornificius 5; MRR2 attestations 43 BCE to 32 BCE (n=7); floruit derived: earliest attestation - 40 and latest + 5
dprr:cornificius-7,person,Quintus Cornificius,? Q. Cornificius (7),Roman magistrate; offices: praetor; tribune of the plebs,alive,-108,-60,medium,RE Cornificius 7; MRR2 attestations 69 BCE to 66 BCE (n=2); floruit derived: earliest attestation - 40 and latest + 5
dprr:cornificius-8,person,Quintus Cornificius,47?-42: Q. Cornificius (8)|? Q. Cornificius (8),Roman magistrate; offices: praetor; quaestor; promagistrate,alive,-87,-36,medium,RE Cornificius 8; MRR2 attestations 48 BCE to 42 BCE (n=7); floruit derived: earliest attestation - 40 and latest + 5
dprr:cornucius-8,person,Quintus Cornucius,Ca. 47-42: Q. Cornucius (8),Roman magistrate; offices: promagistrate; augur,alive,-86,-36,medium,RE Cornucius 8; MRR2 attestations 47 BCE to 42 BCE (n=3); floruit derived: earliest attestation - 40 and latest + 5
dprr:cornutus-44,person,Marcus Cornutus,,Roman magistrate; offices: praetor; legate,alive,-129,-83,medium,RE Cornutus 44; MRR2 attestations 90 BCE to 89 BCE (n=2); floruit derived: earliest attestation - 40 and latest + 5
dprr:coruncanius-1,person,Gaius Coruncanius,,Roman magistrate; offices: ambassador,alive,-269,-224,low,RE Coruncanius 1; MRR1 attestations 230 BCE to 230 BCE (n=1); floruit derived: earliest attestation - 40 and latest + 5
dprr:coruncanius-2,person,Lucius Coruncanius,,Roman magistrate; offices: ambassador,alive,-269,-224,low,RE Coruncanius 2; MRR1 attestations 230 BCE to 230 BCE (n=1); floruit derived: earliest attestation - 40 and latest + 5
dprr:coruncanius-3,person,Tiberius Coruncanius,? - c. 243: Ti. Coruncanius (3)|? - c. 243: Ti. Coruncanius Ti. f. Ti. n. (3),Roman magistrate; offices: dictator; consul; pontifex,alive,-319,-237,high,RE Coruncanius 3; MRR1 attestations 280 BCE to 243 BCE (n=4); floruit derived: earliest attestation - 40 and latest + 5
dprr:cos-360,person,Gaius Poetilius,,Roman magistrate; offices: tribune of the plebs,alive,-397,-352,low,RE Cos 360; MRR1 attestations 358 BCE to 358 BCE (n=1); floruit derived: earliest attestation - 40 and latest + 5
dprr:cosconius-3,person,Gaius Cosconius,C. Cosconius (3)|? C. Cosconius (3; Supb. 3.262),Roman magistrate; offices: praetor; promagistrate; legate,alive,-128,-70,medium,RE Cosconius 3; MRR2 attestations 89 BCE to 76 BCE (n=4); floruit derived: earliest attestation - 40 and latest + 5
dprr:cosconius-4,person,Gaius Cosconius,C. Cosconius (4; 12),Roman magistrate; offices: praetor; promagistrate; special commission,alive,-102,-53,medium,RE Cosconius 4; MRR2 attestations 63 BCE to 59 BCE (n=3); floruit derived: earliest attestation - 40 and latest + 5
dprr:cosconius-5,person,Gaius Cosconius,? C. Cosconius (5)|? C.? Cosconius (5)|C. Cosconius C. f. (5),Roman magistrate; offices: master of horse; praetor; aedile,alive,-98,-42,medium,RE Cosconius 5; MRR2 attestations 59 BCE to 48 BCE (n=6); floruit derived: earliest attestation - 40 and latest + 5
dprr:cosconius-7,person,Marcus Cosconius,,Roman magistrate; offices: military tribune,alive,-242,-197,low,RE Cosconius 7; MRR1 attestations 203 BCE to 203 BCE (n=1); floruit derived: earliest attestation - 40 and latest + 5
dprr:cosconius-8,person,Marcus Cosconius,,Roman magistrate; offices: praetor; promagistrate,alive,-174,-128,medium,RE Cosconius 8; MRR1 attestations 135 BCE to 134 BCE (n=2); floruit derived: earliest attestation - 40 and latest + 5
dprr:cossinius-2,person,Lucius Cossinius,,Roman magistrate; offices: praetor,alive,-112,-67,low,RE Cossinius 2; MRR2 attestations 73 BCE to 73 BCE (n=1); floruit derived: earliest attestation - 40 and latest + 5
dprr:cossus-117,person,Cossus,,Roman magistrate; offices: ambassador,alive,-437,-392,low,RE Cossus 117; MRR1 attestations 398 BCE to 398 BCE (n=1); floruit derived: earliest attestation - 40 and latest + 5
dprr:costa-2,person,Costa,(Pedanius) Costa (2),Roman magistrate; offices: legate,alive,-82,-36,medium,RE Costa 2; MRR2 attestations 43 BCE to 42 BCE (n=2); floruit derived: earliest attestation - 40 and latest + 5
dprr:cotta-100,person,Lucius Cotta,,Roman magistrate; offices: tribune of the plebs,alive,-142,-97,low,RE Cotta 100; MRR1 attestations 103 BCE to 103 BCE (n=1); floruit derived: earliest attestation - 40 and latest + 5
dprr:crassipes-54,person,Crassipes,,Roman magistrate; offices: quaestor,alive,-90,-45,low,RE Crassipes 54; MRR2 attestations 51 BCE to 51 BCE (n=1); floruit derived: earliest attestation - 40 and latest + 5
dprr:crassus-2,person,Crassus,,Roman magistrate; offices: promagistrate,alive,-80,-34,medium,RE Crassus 2; MRR2 attestations 41 BCE to 40 BCE (n=2); floruit derived: earliest attestation - 40 and latest + 5
dprr:crassus-55,person,Lucius Crassus,,Roman magistrate; offices: decemvir,alive,-137,-85,medium,RE Crassus 55; MRR2 attestations 98 BCE to 91 BCE (n=3); floruit derived: earliest attestation - 40 and latest + 5
dprr:crassus-71,person,Crassus Dives,P. (Licinius) Crassus (Dives) (71),Roman magistrate; offices: praetor; special commission,alive,-98,-51,medium,RE Crassus 71; MRR2 attestations 59 BCE to 57 BCE (n=2); floruit derived: earliest attestation - 40 and latest + 5
dprr:crassus-72,person,Publius Crassus,,Roman magistrate; offices: quaestor,alive,-191,-125,medium,RE Crassus 72; MRR1 attestations 152 BCE to 131 BCE (n=2); floruit derived: earliest attestation - 40 and latest + 5
dprr:crepereius-1,person,Marcus Crepereius,,Roman magistrate; offices: military tribune,alive,-108,-63,low,RE Crepereius 1; MRR2 attestations 69 BCE to 69 BCE (n=1); floruit derived: earliest attestation - 40 and latest + 5
dprr:crispinus-38,person,Crispinus,,Roman magistrate; offices: legate,alive,-251,-203,medium,RE Crispinus 38; MRR1 attestations 212 BCE to 209 BCE (n=2); floruit derived: earliest attestation - 40 and latest + 5
dprr:critonius-1,person,Critonius,,Roman magistrate; offices: aedile,alive,-83,-38,low,RE Critonius 1; MRR2 attestations 44 BCE to 44 BCE (n=1); floruit derived: earliest attestation - 40 and latest + 5
dprr:critonius-2,person,Lucius Critonius,,Roman magistrate; offices: aedile,alive,-122,-77,low,RE Critonius 2; MRR2 attestations 83 BCE to 83 BCE (n=1); floruit derived: earliest attestation - 40 and latest + 5
dprr:culleolus-1,person,Lucius Culleolus,,Roman magistrate; offices: praetor; promagistrate,alive,-99,-53,medium,RE Culleolus 1; MRR2 attestations 60 BCE to 59 BCE (n=2); floruit derived: earliest attestation - 40 and latest + 5
dprr:cupiennius-2,person,Gaius Cupiennius,,Roman magistrate; offices: prefect,alive,-83,-38,low,RE Cupiennius 2; MRR2 attestations 44 BCE to 44 BCE (n=1); floruit derived: earliest attestation - 40 and latest + 5
dprr:curatius-4,person,Publius Curatius,,Roman magistrate; offices: tribune of the plebs,alive,-440,-395,low,RE Curatius 4; MRR1 attestations 401 BCE to 401 BCE (n=1); floruit derived: earliest attestation - 40 and latest + 5
dprr:curiatius-3,person,Gaius Curiatius,,Roman magistrate; offices: tribune of the plebs,alive,-177,-132,low,RE Curiatius 3; MRR1 attestations 138 BCE to 138 BCE (n=1); floruit derived: earliest attestation - 40 and latest + 5
dprr:curiatius-6,person,Publius Curiatius Fistus Trigeminus,,Roman magistrate; offices: consul,alive,-492,-445,medium,RE Curiatius 6; MRR1 attestations 453 BCE to 451 BCE (n=2); floruit derived: earliest attestation - 40 and latest + 5
dprr:curius-1,person,Quintus Curius,,Roman magistrate; offices: praetor,alive,-106,-61,low,RE Curius 1; MRR2 attestations 67 BCE to 67 BCE (n=1); floruit derived: earliest attestation - 40 and latest + 5
dprr:curius-2,person,Curius,,Roman magistrate; offices: promagistrate,alive,-84,-39,low,RE Curius 2; MRR2 attestations 45 BCE to 45 BCE (n=1); floruit derived: earliest attestation - 40 and latest + 5
dprr:curius-3,person,Curius,,Roman magistrate; offices: prefect; special commission,alive,-74,-29,low,RE Curius 3; MRR2 attestations 35 BCE to 35 BCE (n=1); floruit derived: earliest attestation - 40 and latest + 5
dprr:curius-4,person,Manius Curius,,Roman magistrate; offices: tribune of the plebs,alive,-237,-192,low,RE Curius 4; MRR1 attestations 198 BCE to 198 BCE (n=1); floruit derived: earliest attestation - 40 and latest + 5
dprr:curius-7,person,Quintus Curius,,Roman magistrate; offices: quaestor,alive,-110,-65,low,RE Curius 7; MRR2 attestations 71 BCE to 71 BCE (n=1); floruit derived: earliest attestation - 40 and latest + 5
dprr:curius-9,person,Manius Curius Dentatus,M'. Curius Dentatus (9)|? M'. Curius Dentatus (9),Roman magistrate; offices: consul; censor; praetor,alive,-337,-264,high,RE Curius 9; MRR1 attestations 298 BCE to 270 BCE (n=7); floruit derived: earliest attestation - 40 and latest + 5
dprr:curtius-12,person,Quintus Curtius,,Roman magistrate; offices: aedile; special commission,alive,-110,-64,medium,RE Curtius 12; MRR2 attestations 71 BCE to 70 BCE (n=2); floruit derived: earliest attestation - 40 and latest + 5
dprr:curtius-15,person,Gaius Curtius Philo,,Roman magistrate; offices: consul,alive,-484,-439,low,RE Curtius 15; MRR1 attestations 445 BCE to 445 BCE (n=1); floruit derived: earliest attestation - 40 and latest + 5
dprr:curtius-23,person,Gaius Curtius Peducaeanus,M'. Curtius Peducaeanus (23),Roman magistrate; offices: praetor; tribune of the plebs,alive,-96,-44,medium,RE Curtius 23; MRR2 attestations 57 BCE to 50 BCE (n=2); floruit derived: earliest attestation - 40 and latest + 5
dprr:curtius-26,person,Marcus Curtius Postumus,,Roman magistrate; offices: military tribune,alive,-93,-41,medium,RE Curtius 26; MRR2 attestations 54 BCE to 47 BCE (n=2); floruit derived: earliest attestation - 40 and latest + 5
dprr:curtius-32,person,Quintus Curtius Salassus,,Roman magistrate; offices: prefect,alive,-80,-35,low,RE Curtius 32; MRR2 attestations 41 BCE to 41 BCE (n=1); floruit derived: earliest attestation - 40 and latest + 5
dprr:curtius-8,person,Marcus Curtius,,Roman magistrate; offices: quaestor,alive,-100,-55,low,RE Curtius 8; MRR2 attestations 61 BCE to 61 BCE (n=1); floruit derived: earliest attestation - 40 and latest + 5
dprr:cusinius-1,person,Marcus Cusinius,,Roman magistrate; offices: praetor,alive,-83,-38,low,RE Cusinius 1; MRR2 attestations 44 BCE to 44 BCE (n=1); floruit derived: earliest attestation - 40 and latest + 5
dprr:dasius-1,person,Dasius,,Roman magistrate; offices: prefect,alive,-257,-212,low,RE Dasius 1; MRR1 attestations 218 BCE to 218 BCE (n=1); floruit derived: earliest attestation - 40 and latest + 5
dprr:decidius-3,person,Decidius Saxa,,Roman magistrate; offices: quaestor; promagistrate,alive,-80,-34,medium,RE Decidius 3; MRR2 attestations 41 BCE to 40 BCE (n=2); floruit derived: earliest attestation - 40 and latest + 5
dprr:decidius-4,person,Lucius Decidius Saxa,? L. Decidius Saxa (4),Roman magistrate; offices: tribune of the plebs; legate; special commission,alive,-83,-34,medium,RE Decidius 4; MRR2 attestations 44 BCE to 40 BCE (n=4); floruit derived: earliest attestation - 40 and latest + 5
dprr:decimius-1,person,Gaius Decimius,,Roman magistrate; offices: praetor; ambassador,alive,-210,-162,medium,RE Decimius 1; MRR1 attestations 171 BCE to 168 BCE (n=3); floruit derived: earliest attestation - 40 and latest + 5
dprr:decimius-2,person,Gaius Decimius,,Roman magistrate; offices: prefect,alive,-85,-40,low,RE Decimius 2; MRR2 attestations 46 BCE to 46 BCE (n=1); floruit derived: earliest attestation - 40 and latest + 5
dprr:decimius-3,person,Lucius Decimius,,Roman magistrate; offices: ambassador,alive,-211,-166,low,RE Decimius 3; MRR1 attestations 172 BCE to 172 BCE (n=1); floruit derived: earliest attestation - 40 and latest + 5
dprr:decimius-4,person,Marcus Decimius,,Roman magistrate; offices: ambassador,alive,-211,-166,low,RE Decimius 4; MRR1 attestations 172 BCE to 172 BCE (n=1); floruit derived: earliest attestation - 40 and latest + 5
dprr:decimius-8,person,Gaius Decimius Flavus,,Roman magistrate; offices: military tribune,alive,-248,-203,low,RE Decimius 8; MRR1 attestations 209 BCE to 209 BCE (n=1); floruit derived: earliest attestation - 40 and latest + 5
dprr:decimius-9,person,Gaius Decimius Flavus,,Roman magistrate; offices: praetor,alive,-223,-178,low,RE Decimius 9; MRR1 attestations 184 BCE to 184 BCE (n=1); floruit derived: earliest attestation - 40 and latest + 5
dprr:decius-10,person,Publius Decius,,Roman magistrate; offices: legate,alive,-82,-37,low,RE Decius 10; MRR2 attestations 43 BCE to 43 BCE (n=1); floruit derived: earliest attestation - 40 and latest + 5
dprr:decius-15,person,Publius Decius Mus,P. Decius Q. f. - n. Mus (15),Roman magistrate; offices: consul; quinquevir; military tribune,alive,-391,-334,medium,RE Decius 15; MRR1 attestations 352 BCE to 340 BCE (n=3); floruit derived: earliest attestation - 40 and latest + 5
dprr:decius-16,person,Publius Decius Mus,P. Decius Mus (16)|300-295: P. Decius Mus (16),Roman magistrate; offices: master of horse; consul; censor,alive,-351,-289,high,RE Decius 16; MRR1 attestations 312 BCE to 295 BCE (n=9); floruit derived: earliest attestation - 40 and latest + 5
dprr:decius-17,person,Publius Decius Mus,? Decius Mus (17),Roman magistrate; offices: consul,alive,-318,-259,medium,RE Decius 17; MRR1 attestations 279 BCE to 265 BCE (n=2); floruit derived: earliest attestation - 40 and latest + 5
dprr:decius-20,person,Publius Decius Subolo,P. Decius (Subolo) (20),Roman magistrate; offices: triumvir; envoy,alive,-208,-162,medium,RE Decius 20; MRR1 attestations 169 BCE to 168 BCE (n=2); floruit derived: earliest attestation - 40 and latest + 5
dprr:decius-7,person,Marcus Decius,,Roman magistrate; offices: tribune of the plebs; envoy,alive,-532,-485,medium,RE Decius 7; MRR1 attestations 493 BCE to 491 BCE (n=2); floruit derived: earliest attestation - 40 and latest + 5
dprr:decius-8,person,Marcus Decius,,Roman magistrate; offices: tribune of the plebs,alive,-350,-305,low,RE Decius 8; MRR1 attestations 311 BCE to 311 BCE (n=1); floruit derived: earliest attestation - 40 and latest + 5
dprr:decius-9,person,Publius Decius,,Roman magistrate; offices: praetor; tribune of the plebs,alive,-159,-109,medium,RE Decius 9; MRR1 attestations 120 BCE to 115 BCE (n=2); floruit derived: earliest attestation - 40 and latest + 5
dprr:dellius-1,person,Quintus Dellius,,Roman magistrate; offices: envoy,alive,-80,-25,medium,RE Dellius 1; MRR2 attestations 41 BCE to 31 BCE (n=5); floruit derived: earliest attestation - 40 and latest + 5
dprr:demochares-7,person,Demochares,(Pompeius) Demochares (Papias) (7),Roman magistrate; offices: legate,alive,-77,-30,medium,RE Demochares 7; MRR2 attestations 38 BCE to 36 BCE (n=2); floruit derived: earliest attestation - 40 and latest + 5
dprr:diditus-5,person,Titus Diditus,,Roman magistrate; offices: promagistrate,alive,-140,-92,medium,RE Diditus 5; MRR2 attestations 101 BCE to 98 BCE (n=3); floruit derived: earliest attestation - 40 and latest + 5
dprr:didius-1,person,Titus Didius,,Roman magistrate; offices: tribune of the plebs,alive,-182,-137,low,RE Didius 1; MRR1 attestations 143 BCE to 143 BCE (n=1); floruit derived: earliest attestation - 40 and latest + 5
dprr:didius-2,person,Gaius Didius,,Roman magistrate; offices: legate,alive,-85,-39,medium,RE Didius 2; MRR2 attestations 46 BCE to 45 BCE (n=2); floruit derived: earliest attestation - 40 and latest + 5
dprr:didius-4,person,Quintus Didius,,Roman magistrate; offices: promagistrate,alive,-70,-25,low,RE Didius 4; MRR2 attestations 31 BCE to 31 BCE (n=1); floruit derived: earliest attestation - 40 and latest + 5
dprr:didius-5,person,Titus Didius,? T. Didius (5)|T. Didius T. f. Sex. n. (5),Roman magistrate; offices: consul; praetor; tribune of the plebs,alive,-142,-83,medium,RE Didius 5; MRR1+MRR2 attestations 103 BCE to 89 BCE (n=11); floruit derived: earliest attestation - 40 and latest + 5
dprr:digitius-2,person,Sextus Digitius,,Roman magistrate; offices: praetor; promagistrate; legate,alive,-233,-166,high,RE Digitius 2; MRR1 attestations 194 BCE to 172 BCE (n=6); floruit derived: earliest attestation - 40 and latest + 5
dprr:digitius-3,person,Sextus Digitius,,Roman magistrate; offices: military tribune,alive,-209,-164,low,RE Digitius 3; MRR1 attestations 170 BCE to 170 BCE (n=1); floruit derived: earliest attestation - 40 and latest + 5
dprr:domitius-11,person,Gnaeus Domitius,? Domitius (11)|Cn. Domitius (see no. 11),Roman magistrate; offices: praetor; prefect; special commission,alive,-95,-43,medium,RE Domitius 11; MRR2 attestations 56 BCE to 49 BCE (n=3); floruit derived: earliest attestation - 40 and latest + 5
dprr:domitius-18,person,Gnaeus Domitius Ahenobarbus,Cn. Domitius (Ahenobarbus) (18)|Cn. Domitius L. f. L. n. Ahenobarbus (18),Roman magistrate; offices: consul; praetor; aedile,alive,-235,-184,medium,RE Domitius 18; MRR1 attestations 196 BCE to 190 BCE (n=5); floruit derived: earliest attestation - 40 and latest + 5
dprr:domitius-19,person,Gnaeus Domitius Ahenobarbus,? Cn. Domitius Ahenobarbus (19)|Cn. Domitius Cn. f. L. n. Ahenobarbus (19),Roman magistrate; offices: consul; praetor; ambassador,alive,-211,-156,medium,RE Domitius 19; MRR1 attestations 172 BCE to 162 BCE (n=6); floruit derived: earliest attestation - 40 and latest + 5
dprr:domitius-20,person,Gnaeus Domitius,? Cn. Domitius Ahenobarbus (20; Supb. 3.349)|?- 104: Cn. Domitius Ahenobarbus (20; Supb. 3.349)|Cn. Domitius Ahenobarbus (20)|Cn. Domitius Ahenobarbus (20; Supb. 3.349)|Cn. Domitius Cn. f. Cn. n. Ahenobarbus (20),Roman magistrate; offices: consul; censor; praetor,alive,-168,-98,high,RE Domitius 20; MRR1 attestations 129 BCE to 104 BCE (n=9); floruit derived: earliest attestation - 40 and latest + 5
dprr:domitius-21,person,Gnaeus Domitius Ahenobarbus,Cn. Domitius Cn. f. Cn. n. Ahenobarbus (21)|103-ca. 89: Cn. Domitius Ahenobarbus (21)|? Cn. Domitius Ahenobarbus (21),Roman magistrate; offices: consul; censor; praetor,alive,-143,-83,high,RE Domitius 21; MRR1+MRR2 attestations 104 BCE to 89 BCE (n=6); floruit derived: earliest attestation - 40 and latest + 5
dprr:domitius-22,person,Gnaeus Domitius Ahenobarbus,,Roman magistrate; offices: promagistrate,alive,-121,-75,medium,RE Domitius 22; MRR2 attestations 82 BCE to 81 BCE (n=2); floruit derived: earliest attestation - 40 and latest + 5
dprr:domitius-23,person,Gnaeus Domitius Ahenobarbus,Cn. Domitius L. f. Cn. n. Ahenobarbus (23),Roman magistrate; offices: consul; promagistrate; legate,alive,-83,-25,medium,RE Domitius 23; MRR2 attestations 44 BCE to 31 BCE (n=13); floruit derived: earliest attestation - 40 and latest + 5
dprr:domitius-26,person,Lucius Domitius Ahenobarbus,L. Domitius Cn. f. Cn. n. Ahenobarbus (26),Roman magistrate; offices: consul; praetor,alive,-136,-88,medium,RE Domitius 26; MRR2 attestations 97 BCE to 94 BCE (n=2); floruit derived: earliest attestation - 40 and latest + 5
dprr:domitius-27,person,Lucius Domitius Ahenobarbus,Before 51-48: L. Domitius Ahenobarbus (27)|L. Domitius Cn. f. Cn. n. Ahenobarbus (27),Roman magistrate; offices: consul; praetor; aedile,alive,-105,-42,high,RE Domitius 27; MRR2 attestations 66 BCE to 48 BCE (n=9); floruit derived: earliest attestation - 40 and latest + 5
dprr:domitius-42,person,Gnaeus Domitius Calvinus,,Roman magistrate; offices: consul,alive,-371,-326,low,RE Domitius 42; MRR1 attestations 332 BCE to 332 BCE (n=1); floruit derived: earliest attestation - 40 and latest + 5
dprr:domitius-43,person,Gnaeus Domitius Calvinus,Cn. Domitius M. f. M. n. Calvinus (43)|Cn. Domitius Calvinus (43; Supb. 3.394)|Cn. Domitius Calvinus (43; cf. 11)|Cn. Domitius Calvinus (43; cf. 11; Supb. 3.394)|Cn. Domitius M. f. M. n. Calvinus (43; cf. 11),Roman magistrate; offices: consul; praetor; tribune of the plebs,alive,-101,-25,high,RE Domitius 43; MRR2 attestations 62 BCE to 31 BCE (n=15); floruit derived: earliest attestation - 40 and latest + 5
dprr:domitius-44,person,Marcus Domitius Calvinus,,Roman magistrate; offices: praetor; promagistrate,alive,-119,-73,medium,RE Domitius 44; MRR2 attestations 80 BCE to 79 BCE (n=2); floruit derived: earliest attestation - 40 and latest + 5
dprr:domitius-45,person,Gnaeus Domitius Calvinus Maximus,,Roman magistrate; offices: dictator; consul; censor,alive,-338,-274,high,RE Domitius 45; MRR1 attestations 299 BCE to 280 BCE (n=3); floruit derived: earliest attestation - 40 and latest + 5
dprr:drusus-19,person,Marcus Drusus,,Roman magistrate; offices: praetor; special commission,alive,-89,-44,low,RE Drusus 19; MRR2 attestations 50 BCE to 50 BCE (n=1); floruit derived: earliest attestation - 40 and latest + 5
dprr:duilius-3,person,Gaius Duilius,,Roman magistrate; offices: dictator; consul; censor,alive,-299,-225,high,RE Duilius 3; MRR1 attestations 260 BCE to 231 BCE (n=3); floruit derived: earliest attestation - 40 and latest + 5
dprr:duilius-7,person,Marcus Duilius,,Roman magistrate; offices: tribune of the plebs,alive,-396,-351,low,RE Duilius 7; MRR1 attestations 357 BCE to 357 BCE (n=1); floruit derived: earliest attestation - 40 and latest + 5
dprr:duillius-2,person,Gaius Duillius,,Roman magistrate; offices: quinquevir,alive,-391,-346,low,RE Duillius 2; MRR1 attestations 352 BCE to 352 BCE (n=1); floruit derived: earliest attestation - 40 and latest + 5
dprr:duillius-4,person,Kaeso Duillius Longus,,Roman magistrate; offices: consul,alive,-489,-443,medium,RE Duillius 4; MRR1 attestations 450 BCE to 449 BCE (n=2); floruit derived: earliest attestation - 40 and latest + 5
dprr:duillius-5,person,Kaeso Duillius,K. Duillius (5),Roman magistrate; offices: consul; triumvir,alive,-375,-328,medium,RE Duillius 5; MRR1 attestations 336 BCE to 334 BCE (n=2); floruit derived: earliest attestation - 40 and latest + 5
dprr:duillius-6,person,Marcus Duillius,,Roman magistrate; offices: tribune of the plebs,alive,-509,-443,medium,RE Duillius 6; MRR1 attestations 470 BCE to 449 BCE (n=2); floruit derived: earliest attestation - 40 and latest + 5
dprr:duillius-8,person,Gaius Duillius Longus,,Roman magistrate; offices: consul,alive,-438,-393,low,RE Duillius 8; MRR1 attestations 399 BCE to 399 BCE (n=1); floruit derived: earliest attestation - 40 and latest + 5
dprr:duronius-2,person,Lucius Duronius,,Roman magistrate; offices: praetor; promagistrate,alive,-220,-174,medium,RE Duronius 2; MRR1 attestations 181 BCE to 180 BCE (n=2); floruit derived: earliest attestation - 40 and latest + 5
dprr:duronius-3,person,Marcus Duronius,,Roman magistrate; offices: tribune of the plebs,alive,-136,-91,low,RE Duronius 3; MRR2 attestations 97 BCE to 97 BCE (n=1); floruit derived: earliest attestation - 40 and latest + 5
dprr:egnatius-5,person,Egnatius,,Roman magistrate; offices: prefect,alive,-92,-47,low,RE Egnatius 5; MRR2 attestations 53 BCE to 53 BCE (n=1); floruit derived: earliest attestation - 40 and latest + 5
dprr:egnatuleius-2,person,Lucius Egnatuleius,,Roman magistrate; offices: quaestor,alive,-83,-38,low,RE Egnatuleius 2; MRR2 attestations 44 BCE to 44 BCE (n=1); floruit derived: earliest attestation - 40 and latest + 5
dprr:epidius-3,person,Gaius Epidius Marullus,,Roman magistrate; offices: tribune of the plebs,alive,-83,-38,low,RE Epidius 3; MRR2 attestations 44 BCE to 44 BCE (n=1); floruit derived: earliest attestation - 40 and latest + 5
dprr:eppius-2,person,Marcus Eppius,,Roman magistrate; offices: quaestor; legate; quindecimvir,alive,-91,-38,medium,RE Eppius 2; MRR2 attestations 52 BCE to 44 BCE (n=4); floruit derived: earliest attestation - 40 and latest + 5
dprr:equitius-3,person,Lucius Equitius,,Roman magistrate; offices: tribune of the plebs,alive,-138,-93,low,RE Equitius 3; MRR2 attestations 99 BCE to 99 BCE (n=1); floruit derived: earliest attestation - 40 and latest + 5
dprr:erenucius-419,person,Gaius Erenucius,,Roman magistrate; offices: consul,alive,-418,-373,low,RE Erenucius 419; MRR1 attestations 379 BCE to 379 BCE (n=1); floruit derived: earliest attestation - 40 and latest + 5
dprr:erucius-1,person,Erucius,,Roman magistrate; offices: military tribune,alive,-125,-80,low,RE Erucius 1; MRR2 attestations 86 BCE to 86 BCE (n=1); floruit derived: earliest attestation - 40 and latest + 5
dprr:esquilinus-18,person,Esquilinus,,Roman magistrate; offices: consul,alive,-517,-472,low,RE Esquilinus 18; MRR1 attestations 478 BCE to 478 BCE (n=1); floruit derived: earliest attestation - 40 and latest + 5
dprr:extitius-1,person,Extitius,,Roman magistrate; offices: quaestor,alive,-82,-37,low,RE Extitius 1; MRR2 attestations 43 BCE to 43 BCE (n=1); floruit derived: earliest attestation - 40 and latest + 5
dprr:fabia-172,person,Fabia,,Roman magistrate; offices: vestal virgin,alive,-112,-67,low,RE Fabia 172; MRR2 attestations 73 BCE to 73 BCE (n=1); floruit derived: earliest attestation - 40 and latest + 5
dprr:fabius-1,person,Fabius,,Roman magistrate; offices: tribune of the plebs,alive,-103,-58,low,RE Fabius 1; MRR2 attestations 64 BCE to 64 BCE (n=1); floruit derived: earliest attestation - 40 and latest + 5
dprr:fabius-103,person,Quintus Fabius Maximus,? Q. Fabius Maximus Pat. (103)|Q. Fabius (Maximus) Pat. (103)|Q. Fabius Q. f. Q. n. Maximus Pat. (103),Roman magistrate; offices: consul; praetor; aedile,alive,-255,-201,medium,RE Fabius 103; MRR1 attestations 216 BCE to 207 BCE (n=8); floruit derived: earliest attestation - 40 and latest + 5
dprr:fabius-104,person,Quintus Fabius Maximus,203-196: Q. Fabius Maximus Pat. (104),Roman magistrate; offices: augur,alive,-242,-190,medium,RE Fabius 104; MRR1 attestations 203 BCE to 196 BCE (n=2); floruit derived: earliest attestation - 40 and latest + 5
dprr:fabius-105,person,Quintus Fabius Maximus,Q. Fabius (Maximus) Pat. (105),Roman magistrate; offices: praetor; quaestor,alive,-227,-175,medium,RE Fabius 105; MRR1 attestations 188 BCE to 181 BCE (n=2); floruit derived: earliest attestation - 40 and latest + 5
dprr:fabius-108,person,Quintus Fabius Maximus,? Q. Fabius Maximus Pat. (108)|Q. Fabius Q. f. Q. n. Maximus Pat. (108),Roman magistrate; offices: master of horse; consul; aedile,alive,-96,-39,medium,RE Fabius 108; MRR2 attestations 57 BCE to 45 BCE (n=4); floruit derived: earliest attestation - 40 and latest + 5
dprr:fabius-109,person,Quintus Fabius Maximus Aemilianus,? Q. Fabius Maximus Aemilianus Pat. (109)|Q. Fabius Maximus (Aemilianus) Pat. (109)|Q. Fabius Q. f. Q. n. Maximus Aemilianus Pat. (109),Roman magistrate; offices: consul; praetor; promagistrate,alive,-207,-127,high,RE Fabius 109; MRR1 attestations 168 BCE to 133 BCE (n=8); floruit derived: earliest attestation - 40 and latest + 5
dprr:fabius-110,person,Quintus Fabius Aemiliani Maximus,? Q. Fabius Maximus Allobrogicus Pat. (110)|Q. Fabius Maximus (Allobrogicus) Pat. (110)|Q. Fabius Maximus (Allobrogious) Pat. (110)|Q. Fabius Maximus Allobrogicus Pat. (110)|Q. Fabius Q. f. Maximus Allobrogicus Pat. (110),Roman magistrate; offices: consul; praetor; quaestor,alive,-173,-107,high,RE Fabius 110; MRR1 attestations 134 BCE to 113 BCE (n=6); floruit derived: earliest attestation - 40 and latest + 5
dprr:fabius-111,person,Quintus Fabius Maximus,Q. Fabius (Q. Serviliani f. Q. n.) Maximus Eburnus Pat. (111)|Q. Fabius Maximus (Eburnus) Pat. (111)|Q. Fabius Q. Serviliani f. Q. n. Maximus Eburnus Pat. (111)|Q. Fabius Q. f. Maximus Eburnus Pat. (111),Roman magistrate; offices: consul; censor; praetor,alive,-171,-102,high,RE Fabius 111; MRR1 attestations 132 BCE to 108 BCE (n=5); floruit derived: earliest attestation - 40 and latest + 5
dprr:fabius-112,person,Quintus Fabius Maximus Gurges,Q. Fabius Maximus Gurges Pat. (112)|? Q. Fabius M. f. M. n. (Maximus) Gurges Pat. (112)|? Q. Fabius Q. f. M. n. Maximus Gurges Pat. (112)|Q. Fabius (Maximus Gurges) Pat. (112)|Q. Fabius Q. f. Q. n. Maximus Gurges Pat. (see 112),Roman magistrate; offices: consul; censor; aedile,alive,-336,-259,high,RE Fabius 112; MRR1 attestations 297 BCE to 265 BCE (n=8); floruit derived: earliest attestation - 40 and latest + 5
dprr:fabius-114,person,Quintus Fabius Maximus Rullianus,Q. Fabius Maximus Rullianus Pat. (114)|Q. Fabius Maximus (Rullianus) Pat. (114)|Q. Fabius (M. f. N. n. Maximus Rullianus) Pat. (114)|Q. Fabius M. f. M. n. Maximus (Rullianus) Pat. (114)|Q. Fabius M. f. M. n. Maximus Rullianus Pat. (114),Roman magistrate; offices: dictator; master of horse; consul,alive,-370,-285,high,RE Fabius 114; MRR1 attestations 331 BCE to 291 BCE (n=20); floruit derived: earliest attestation - 40 and latest + 5
dprr:fabius-115,person,Quintus Fabius Maximus Servilianus,? Q. Fabius Maximus Servilianus Pat. (115)|Q. Fabius Q. f. Q. n. Maximus Servilianus Pat. (115),Roman magistrate; offices: consul; praetor; promagistrate,alive,-184,-134,medium,RE Fabius 115; MRR1 attestations 145 BCE to 140 BCE (n=4); floruit derived: earliest attestation - 40 and latest + 5
dprr:fabius-116,person,Quintus Fabius Maximus Verrucosus,? Q. Fabius Maximus Verrucosus Pat. (116)|Q. Fabius Maximus Verrucosus Pat. (116)|Q. Fabius Q. f. Q. n. Maximus Verrucosus (116)|216-203: Q. Fabius Maximus Verrucosus Pat. (116)|265-203: Q. Fabius Maximus Verrucosus Pat. (116),Roman magistrate; offices: dictator; consul; censor,alive,-304,-14,high,RE Fabius 116; MRR1 attestations 265 BCE to 20 BCE (n=20); floruit derived: earliest attestation - 40 and latest + 5
dprr:fabius-123,person,Gaius Fabius Pictor,,Roman magistrate; offices: consul,alive,-308,-263,low,RE Fabius 123; MRR1 attestations 269 BCE to 269 BCE (n=1); floruit derived: earliest attestation - 40 and latest + 5
dprr:fabius-124,person,Fabius Pictor,N. Fabius C. f. M. n. Pictor Pat. (124),Roman magistrate; offices: consul; ambassador,alive,-312,-260,medium,RE Fabius 124; MRR1 attestations 273 BCE to 266 BCE (n=2); floruit derived: earliest attestation - 40 and latest + 5
dprr:fabius-126,person,Quintus Fabius Pictor,,Roman magistrate; offices: ambassador,alive,-255,-210,low,RE Fabius 126; MRR1 attestations 216 BCE to 216 BCE (n=1); floruit derived: earliest attestation - 40 and latest + 5
dprr:fabius-127,person,Quintus Fabius Pictor,190-167: Q. Fabius Pictor Pat. (127)|Q. Fabius Pictor (127),Roman magistrate; offices: praetor; flamen,alive,-229,-161,high,RE Fabius 127; MRR1 attestations 190 BCE to 167 BCE (n=4); floruit derived: earliest attestation - 40 and latest + 5
dprr:fabius-154,person,Quintus Fabius Vergilianus,C. Fabius Vergilianus (154),Roman magistrate; offices: legate,alive,-92,-45,medium,RE Fabius 154; MRR2 attestations 53 BCE to 51 BCE (n=3); floruit derived: earliest attestation - 40 and latest + 5
dprr:fabius-159,person,Kaeso Fabius Vibulanus,K. Fabius (K. f. Vibulanus) Pat. (159)|K. Fabius Vibulanus Pat. (159),Roman magistrate; offices: consul; quaestor; promagistrate,alive,-524,-472,medium,RE Fabius 159; MRR1 attestations 485 BCE to 478 BCE (n=5); floruit derived: earliest attestation - 40 and latest + 5
dprr:fabius-160,person,Marcus Fabius Vibulanus,,Roman magistrate; offices: consul,alive,-522,-474,medium,RE Fabius 160; MRR1 attestations 483 BCE to 480 BCE (n=2); floruit derived: earliest attestation - 40 and latest + 5
dprr:fabius-161,person,Marcus Fabius Vibulanus,,Roman magistrate; offices: consul,alive,-496,-451,low,RE Fabius 161; MRR1 attestations 457 BCE to 457 BCE (n=1); floruit derived: earliest attestation - 40 and latest + 5
dprr:fabius-162,person,Marcus Fabius Vibulanus,M. Fabius (Vibulanus) Pat. (162)|M. Fabius Vibulanus Pat. (162),Roman magistrate; offices: consul; legate,alive,-481,-425,medium,RE Fabius 162; MRR1 attestations 442 BCE to 431 BCE (n=4); floruit derived: earliest attestation - 40 and latest + 5
dprr:fabius-163,person,Gnaeus Fabius Vibulanus,N. (or Cn.) Fabius Q. f. M. n. Vibulanus Pat. (163)|N. (or M. ?) Fabius Q. f. M. n. Vibulanus Pat. (163),Roman magistrate; offices: consul,alive,-460,-401,medium,RE Fabius 163; MRR1 attestations 421 BCE to 407 BCE (n=3); floruit derived: earliest attestation - 40 and latest + 5
dprr:fabius-164,person,Quintus Fabius Vibulanus,,Roman magistrate; offices: consul,alive,-524,-476,medium,RE Fabius 164; MRR1 attestations 485 BCE to 482 BCE (n=2); floruit derived: earliest attestation - 40 and latest + 5
dprr:fabius-165,person,Quintus Fabius Vibulanus,Q. Fabius M. f. M. n. Vibulanus Pat. (165)|Q. Fabius Vibulanus Pat. (165)|? Q. Fabius Vibulanus Pat. (165)|Q. Fabius (Vibulanus) Pat. (165),Roman magistrate; offices: consul; ambassador; prefect,alive,-526,-443,high,RE Fabius 165; MRR1 attestations 487 BCE to 449 BCE (n=9); floruit derived: earliest attestation - 40 and latest + 5
dprr:fabius-166,person,Quintus Fabius Vibulanus,,Roman magistrate; offices: interrex,alive,-462,-407,medium,RE Fabius 166; MRR1 attestations 423 BCE to 413 BCE (n=2); floruit derived: earliest attestation - 40 and latest + 5
dprr:fabius-17,person,Gaius Fabius,C. Fabius (17)|C. Fabius (Hadrianus) (17)|C. Fabius (see 17)|C. Fabius Hadrianus (17),Roman magistrate; offices: praetor; tribune of the plebs; promagistrate,alive,-97,-43,medium,RE Fabius 17; MRR2 attestations 58 BCE to 49 BCE (n=9); floruit derived: earliest attestation - 40 and latest + 5
dprr:fabius-19,person,Kaeso Fabius,,Roman magistrate; offices: legate,alive,-349,-304,low,RE Fabius 19; MRR1 attestations 310 BCE to 310 BCE (n=1); floruit derived: earliest attestation - 40 and latest + 5
dprr:fabius-21,person,Lucius Fabius,,Roman magistrate; offices: envoy,alive,-242,-197,low,RE Fabius 21; MRR1 attestations 203 BCE to 203 BCE (n=1); floruit derived: earliest attestation - 40 and latest + 5
dprr:fabius-22,person,Lucius Fabius,,Roman magistrate; offices: iudex quaestionis,alive,-91,-46,low,RE Fabius 22; MRR2 attestations 52 BCE to 52 BCE (n=1); floruit derived: earliest attestation - 40 and latest + 5
dprr:fabius-3,person,Fabius,Fabius (3),Roman magistrate; offices: prefect,alive,-82,-36,medium,RE Fabius 3; MRR2 attestations 43 BCE to 42 BCE (n=2); floruit derived: earliest attestation - 40 and latest + 5
dprr:fabius-30,person,Quintus Fabius,,Roman magistrate; offices: aedile,alive,-306,-261,low,RE Fabius 30; MRR1 attestations 267 BCE to 267 BCE (n=1); floruit derived: earliest attestation - 40 and latest + 5
dprr:fabius-31,person,Quintus Fabius,,Roman magistrate; offices: envoy,alive,-237,-190,medium,RE Fabius 31; MRR1 attestations 198 BCE to 196 BCE (n=2); floruit derived: earliest attestation - 40 and latest + 5
dprr:fabius-32,person,Quintus Fabius,,Roman magistrate; offices: quaestor,alive,-227,-182,low,RE Fabius 32; MRR1 attestations 188 BCE to 188 BCE (n=1); floruit derived: earliest attestation - 40 and latest + 5
dprr:fabius-40,person,Gaius Fabius Ambustus,C. Fabius Ambustus Pat. (40),Roman magistrate; offices: consul; interrex,alive,-397,-349,medium,RE Fabius 40; MRR1 attestations 358 BCE to 355 BCE (n=2); floruit derived: earliest attestation - 40 and latest + 5
dprr:fabius-41,person,Gaius Fabius Ambustus,,Roman magistrate; offices: master of horse,alive,-354,-309,low,RE Fabius 41; MRR1 attestations 315 BCE to 315 BCE (n=1); floruit derived: earliest attestation - 40 and latest + 5
dprr:fabius-42,person,Kaeso Fabius Ambustus,(K.) Fabius Ambustus Pat. (42; cf. 39)|K. ? Fabius M. f. Q. n. Pat. (42; cf. 39; 48)|K. Fabius Ambustus Pat. (42; cf. 39)|K. Fabius M. f. Q. n. Ambustus Pat. (42; cf. 39; 48),Roman magistrate; offices: consul; quaestor; ambassador,alive,-448,-384,high,RE Fabius 42; MRR1 attestations 409 BCE to 390 BCE (n=7); floruit derived: earliest attestation - 40 and latest + 5
dprr:fabius-43,person,Marcus Fabius Ambustus,,Roman magistrate; offices: consul; censor,alive,-420,-357,high,RE Fabius 43; MRR1 attestations 381 BCE to 363 BCE (n=3); floruit derived: earliest attestation - 40 and latest + 5
dprr:fabius-44,person,Marcus Fabius Ambustus,M. Fabius (Ambustus) Pat. (44)|M. Fabius (N. f. M. n.) Ambustus Pat. (44; cf. 24)|M. Fabius Ambustus Pat. (44),Roman magistrate; offices: dictator; master of horse; consul,alive,-399,-316,high,RE Fabius 44; MRR1 attestations 360 BCE to 322 BCE (n=8); floruit derived: earliest attestation - 40 and latest + 5
dprr:fabius-45,person,Fabius Ambustus,(Num.) Fabius Ambustus Pat. (45)|N. Fabius M. f. Q. n. Ambustus Pat. (45; cf. 48),Roman magistrate; offices: consul; ambassador,alive,-445,-384,high,RE Fabius 45; MRR1 attestations 406 BCE to 390 BCE (n=3); floruit derived: earliest attestation - 40 and latest + 5
dprr:fabius-46,person,Quintus Fabius Vibulanus,Q. Fabius - f. - n. Ambustus Vibulanus Pat. (46; 166),Roman magistrate; offices: consul,alive,-462,-406,medium,RE Fabius 46; MRR1 attestations 423 BCE to 412 BCE (n=4); floruit derived: earliest attestation - 40 and latest + 5
dprr:fabius-47,person,Quintus Fabius Ambustus,,Roman magistrate; offices: dictator; master of horse,alive,-383,-315,medium,RE Fabius 47; MRR1 attestations 344 BCE to 321 BCE (n=2); floruit derived: earliest attestation - 40 and latest + 5
dprr:fabius-48,person,Quintus Fabius Ambustus,,Roman magistrate; offices: consul; ambassador,alive,-430,-384,medium,RE Fabius 48; MRR1 attestations 391 BCE to 390 BCE (n=2); floruit derived: earliest attestation - 40 and latest + 5
dprr:fabius-53,person,Marcus Fabius Buteo,M. Fabius (Buteo) Pat. (53),Roman magistrate; offices: dictator; consul; censor,alive,-284,-210,high,RE Fabius 53; MRR1 attestations 245 BCE to 216 BCE (n=4); floruit derived: earliest attestation - 40 and latest + 5
dprr:fabius-54,person,Marcus Fabius Buteo,,Roman magistrate; offices: praetor; aedile,alive,-242,-195,medium,RE Fabius 54; MRR1 attestations 203 BCE to 201 BCE (n=2); floruit derived: earliest attestation - 40 and latest + 5
dprr:fabius-55,person,Fabius Buteo,,Roman magistrate; offices: master of horse; consul,alive,-286,-218,medium,RE Fabius 55; MRR1 attestations 247 BCE to 224 BCE (n=2); floruit derived: earliest attestation - 40 and latest + 5
dprr:fabius-56,person,Fabius Buteo,,Roman magistrate; offices: praetor,alive,-212,-167,low,RE Fabius 56; MRR1 attestations 173 BCE to 173 BCE (n=1); floruit derived: earliest attestation - 40 and latest + 5
dprr:fabius-57,person,Quintus Fabius Buteo,,Roman magistrate; offices: praetor,alive,-235,-190,low,RE Fabius 57; MRR1 attestations 196 BCE to 196 BCE (n=1); floruit derived: earliest attestation - 40 and latest + 5
dprr:fabius-58,person,Quintus Fabius Buteo,,Roman magistrate; offices: praetor; promagistrate; triumvir,alive,-220,-162,medium,RE Fabius 58; MRR1 attestations 181 BCE to 168 BCE (n=3); floruit derived: earliest attestation - 40 and latest + 5
dprr:fabius-68,person,Gaius Fabius Dorsuo,,Roman magistrate; offices: pontifex,alive,-429,-384,low,RE Fabius 68; MRR1 attestations 390 BCE to 390 BCE (n=1); floruit derived: earliest attestation - 40 and latest + 5
dprr:fabius-69,person,Marcus Fabius,M. Fabius - f. - n. Dorsuo Pat. (69; cf. 24),Roman magistrate; offices: consul; triumvir; interrex,alive,-384,-328,medium,RE Fabius 69; MRR1 attestations 345 BCE to 334 BCE (n=3); floruit derived: earliest attestation - 40 and latest + 5
dprr:fabius-70,person,Gaius Fabius Licinus,,Roman magistrate; offices: consul,alive,-312,-267,low,RE Fabius 70; MRR1 attestations 273 BCE to 273 BCE (n=1); floruit derived: earliest attestation - 40 and latest + 5
dprr:fabius-82,person,Gaius Fabius Hadrianus,,Roman magistrate; offices: praetor; promagistrate,alive,-124,-76,medium,RE Fabius 82; MRR2 attestations 85 BCE to 82 BCE (n=4); floruit derived: earliest attestation - 40 and latest + 5
dprr:fabius-83,person,Marcus Fabius Hadrianus,,Roman magistrate; offices: legate,alive,-111,-62,medium,RE Fabius 83; MRR2 attestations 72 BCE to 68 BCE (n=3); floruit derived: earliest attestation - 40 and latest + 5
dprr:fabius-84,person,Lucius Fabius Hispaniensis,L. Fabius Hispaniensis (84),Roman magistrate; offices: quaestor; prefect,alive,-120,-66,medium,RE Fabius 84; MRR2 attestations 81 BCE to 72 BCE (n=2); floruit derived: earliest attestation - 40 and latest + 5
dprr:fabius-91,person,Quintus Fabius Labeo,Q. Fabius (Labeo ?) Pat. (91)|Q. Fabius Q. f. Q. n. Labeo (91)|Q. Fabius Q. f. Q. n. Labeo Pat. (91),Roman magistrate; offices: consul; praetor; quaestor,alive,-235,-161,high,RE Fabius 91; MRR1 attestations 196 BCE to 167 BCE (n=9); floruit derived: earliest attestation - 40 and latest + 5
dprr:fabius-92,person,Quintus Fabius Labeo,,Roman magistrate; offices: promagistrate,alive,-149,-104,low,RE Fabius 92; MRR1 attestations 110 BCE to 110 BCE (n=1); floruit derived: earliest attestation - 40 and latest + 5
dprr:fabius-94,person,Marcus Fabius Licinus,,Roman magistrate; offices: consul,alive,-285,-240,low,RE Fabius 94; MRR1 attestations 246 BCE to 246 BCE (n=1); floruit derived: earliest attestation - 40 and latest + 5
dprr:fabricius-10,person,Gaius Fabricius Luscinus,,Roman magistrate; offices: praetor; legate,alive,-234,-184,medium,RE Fabricius 10; MRR1 attestations 195 BCE to 190 BCE (n=2); floruit derived: earliest attestation - 40 and latest + 5
dprr:fabricius-14,person,Veiento,,Roman magistrate; offices: legate,alive,-89,-44,low,RE Fabricius 14; MRR2 attestations 50 BCE to 50 BCE (n=1); floruit derived: earliest attestation - 40 and latest + 5
dprr:fabricius-4,person,Lucius Fabricius,,Roman magistrate; offices: tribune of the plebs,alive,-101,-56,low,RE Fabricius 4; MRR2 attestations 62 BCE to 62 BCE (n=1); floruit derived: earliest attestation - 40 and latest + 5
dprr:fabricius-7,person,Quintus Fabricius,,Roman magistrate; offices: tribune of the plebs,alive,-96,-51,low,RE Fabricius 7; MRR2 attestations 57 BCE to 57 BCE (n=1); floruit derived: earliest attestation - 40 and latest + 5
dprr:fabricius-9,person,Gaius Fabricius Luscinus,C. Fabricius C. f. C. n. Luscinus (9),Roman magistrate; offices: consul; censor; legate,alive,-322,-269,medium,RE Fabricius 9; MRR1 attestations 283 BCE to 275 BCE (n=6); floruit derived: earliest attestation - 40 and latest + 5
dprr:fadius-9,person,Titus Fadius Gallus,T. Fadius (Gallus?) (9),Roman magistrate; offices: tribune of the plebs; quaestor,alive,-102,-51,medium,RE Fadius 9; MRR2 attestations 63 BCE to 57 BCE (n=2); floruit derived: earliest attestation - 40 and latest + 5
dprr:falcidius-3,person,Gaius Falcidius,,Roman magistrate; offices: tribune of the plebs,alive,-80,-35,low,RE Falcidius 3; MRR2 attestations 41 BCE to 41 BCE (n=1); floruit derived: earliest attestation - 40 and latest + 5
dprr:fannius-1,person,Fannius,,Roman magistrate; offices: legate,alive,-81,-36,low,RE Fannius 1; MRR2 attestations 42 BCE to 42 BCE (n=1); floruit derived: earliest attestation - 40 and latest + 5
dprr:fannius-12,person,Lucius Fannius,,Roman magistrate; offices: legate,alive,-107,-62,low,RE Fannius 12; MRR2 attestations 68 BCE to 68 BCE (n=1); floruit derived: earliest attestation - 40 and latest + 5
dprr:fannius-15,person,Marcus Fannius,? M. Fannius (15),Roman magistrate; offices: praetor; aedile; special commission,alive,-122,-74,medium,RE Fannius 15; MRR2 attestations 83 BCE to 80 BCE (n=3); floruit derived: earliest attestation - 40 and latest + 5
dprr:fannius-20,person,Gaius Fannius Strabo,? C. Fannius Strabo (20)|C. Fannius C. f. C. n. Strabo (20),Roman magistrate; offices: consul; praetor; ambassador,alive,-203,-148,medium,RE Fannius 20; MRR1 attestations 164 BCE to 154 BCE (n=5); floruit derived: earliest attestation - 40 and latest + 5
dprr:fannius-6,person,Gaius Fannius,,Roman magistrate; offices: tribune of the plebs,alive,-223,-178,low,RE Fannius 6; MRR1 attestations 184 BCE to 184 BCE (n=1); floruit derived: earliest attestation - 40 and latest + 5
dprr:fannius-7,person,Gaius Fannius,? C. Fannius M. f. (7)|C. Fannius (7)|C. Fannius C. f. (7)|C. Fannius M. f. (7)|C. Fannius M. f. C. ? n. (7),Roman magistrate; offices: consul; praetor; tribune of the plebs,alive,-186,-107,high,RE Fannius 7; MRR1 attestations 147 BCE to 113 BCE (n=8); floruit derived: earliest attestation - 40 and latest + 5
dprr:fannius-9,person,Gaius Fannius,C. Fannius (9; cf. 16)|Ca. 63-48?: C. Fannius (9),Roman magistrate; offices: praetor; tribune of the plebs; promagistrate,alive,-102,-36,high,RE Fannius 9; MRR2 attestations 63 BCE to 42 BCE (n=11); floruit derived: earliest attestation - 40 and latest + 5
dprr:faustus-377,person,Faustus Cornelius Sulla,? Faustus Cornelius Sulla Pat. (377)|Faustus Coelius Sulla Pat. (377),Roman magistrate; offices: quaestor; promagistrate; augur,alive,-102,-40,high,RE Faustus 377; MRR2 attestations 63 BCE to 46 BCE (n=8); floruit derived: earliest attestation - 40 and latest + 5
dprr:favonius-1,person,Marcus Favonius,,Roman magistrate; offices: praetor; aedile; quaestor,alive,-98,-42,medium,RE Favonius 1; MRR2 attestations 59 BCE to 48 BCE (n=4); floruit derived: earliest attestation - 40 and latest + 5
dprr:feridius-1,person,Marcus Feridius,,Roman magistrate; offices: military tribune,alive,-80,-35,low,RE Feridius 1; MRR2 attestations 41 BCE to 41 BCE (n=1); floruit derived: earliest attestation - 40 and latest + 5
dprr:figulus-64,person,Lucius Figulus,,Roman magistrate; offices: prefect,alive,-82,-37,low,RE Figulus 64; MRR2 attestations 43 BCE to 43 BCE (n=1); floruit derived: earliest attestation - 40 and latest + 5
dprr:flaccus-169,person,Gaius Flaccus,,Roman magistrate; offices: legate,alive,-92,-47,low,RE Flaccus 169; MRR2 attestations 53 BCE to 53 BCE (n=1); floruit derived: earliest attestation - 40 and latest + 5
dprr:flaccus-176,person,Lucius Flaccus,,Roman magistrate; offices: promagistrate,alive,-156,-111,low,RE Flaccus 176; MRR1 attestations 117 BCE to 117 BCE (n=1); floruit derived: earliest attestation - 40 and latest + 5
dprr:flaccus-179,person,Lucius Flaccus,L. (Valerius) Flaccus (179),Roman magistrate; offices: legate,alive,-105,-51,medium,RE Flaccus 179; MRR2 attestations 66 BCE to 57 BCE (n=3); floruit derived: earliest attestation - 40 and latest + 5
dprr:flaccus-53,person,Flaccus,,Roman magistrate; offices: legate,alive,-175,-130,low,RE Flaccus 53; MRR1 attestations 136 BCE to 136 BCE (n=1); floruit derived: earliest attestation - 40 and latest + 5
dprr:flaccus-69,person,Lucius Flaccus,,Roman magistrate; offices: legate,alive,-102,-50,medium,RE Flaccus 69; MRR2 attestations 63 BCE to 56 BCE (n=2); floruit derived: earliest attestation - 40 and latest + 5
dprr:flaminius-1,person,Flaminius,,Roman magistrate; offices: ambassador,alive,-193,-148,low,RE Flaminius 1; MRR1 attestations 154 BCE to 154 BCE (n=1); floruit derived: earliest attestation - 40 and latest + 5
dprr:flaminius-2,person,Gaius Flaminius,C. Flaminius (2)|C. Flaminius C. f. L. n.(2),Roman magistrate; offices: master of horse; consul; censor,alive,-271,-211,high,RE Flaminius 2; MRR1 attestations 232 BCE to 217 BCE (n=6); floruit derived: earliest attestation - 40 and latest + 5
dprr:flaminius-3,person,Gaius Flaminius,C. Flaminius C. f. C. n. (3),Roman magistrate; offices: consul; praetor; aedile,alive,-248,-175,high,RE Flaminius 3; MRR1 attestations 209 BCE to 181 BCE (n=10); floruit derived: earliest attestation - 40 and latest + 5
dprr:flaminius-4,person,Gaius Flaminius,C. Flaminius (4),Roman magistrate; offices: aedile; iudex quaestionis,alive,-106,-60,medium,RE Flaminius 4; MRR2 attestations 67 BCE to 66 BCE (n=2); floruit derived: earliest attestation - 40 and latest + 5
dprr:flaminius-5,person,Titus Flaminius,,Roman magistrate; offices: praetor,alive,-143,-98,low,RE Flaminius 5; MRR1 attestations 104 BCE to 104 BCE (n=1); floruit derived: earliest attestation - 40 and latest + 5
dprr:flaminius-7,person,Flaminius,,Roman magistrate; offices: tribune of the plebs,alive,-83,-38,low,RE Flaminius 7; MRR2 attestations 44 BCE to 44 BCE (n=1); floruit derived: earliest attestation - 40 and latest + 5
dprr:flamma-8,person,Flamma,,Roman magistrate; offices: prefect,alive,-88,-43,low,RE Flamma 8; MRR2 attestations 49 BCE to 49 BCE (n=1); floruit derived: earliest attestation - 40 and latest + 5
dprr:flavius-11,person,Gaius Flavius Hemicillus,C. Flavius (11),Roman magistrate; offices: legate; prefect,alive,-82,-36,medium,RE Flavius 11; MRR2 attestations 43 BCE to 42 BCE (n=2); floruit derived: earliest attestation - 40 and latest + 5
dprr:flavius-15,person,Gnaeus Flavius Anni,? Cn. Flavius (15)|Cn. Flavius Cn. f. or Anni f. (15),Roman magistrate; offices: aedile; tribune of the plebs,alive,-344,-298,medium,RE Flavius 15; MRR1 attestations 305 BCE to 304 BCE (n=2); floruit derived: earliest attestation - 40 and latest + 5
dprr:flavius-17,person,Lucius Flavius,,Roman magistrate; offices: praetor; tribune of the plebs,alive,-99,-52,medium,RE Flavius 17; MRR2 attestations 60 BCE to 58 BCE (n=2); floruit derived: earliest attestation - 40 and latest + 5
dprr:flavius-18,person,Lucius Flavius,,Roman magistrate; offices: consul,alive,-72,-27,low,RE Flavius 18; MRR2 attestations 33 BCE to 33 BCE (n=1); floruit derived: earliest attestation - 40 and latest + 5
dprr:flavius-19,person,Marcus Flavius,,Roman magistrate; offices: tribune of the plebs,alive,-366,-317,medium,RE Flavius 19; MRR1 attestations 327 BCE to 323 BCE (n=2); floruit derived: earliest attestation - 40 and latest + 5
dprr:flavius-87,person,Gaius Flavius Fimbria,C. Flavius C. f. - n. Fimbria (87),Roman magistrate; offices: consul; praetor,alive,-146,-98,medium,RE Flavius 87; MRR1 attestations 107 BCE to 104 BCE (n=2); floruit derived: earliest attestation - 40 and latest + 5
dprr:flavius-88,person,Gaius Flavius Fimbria,? C. Flavius Fimbria (88),Roman magistrate; offices: legate; envoy; military tribune,alive,-126,-79,medium,RE Flavius 88; MRR2 attestations 87 BCE to 85 BCE (n=3); floruit derived: earliest attestation - 40 and latest + 5
dprr:flavius-94,person,Flavius Gallus,,Roman magistrate; offices: military tribune,alive,-75,-30,low,RE Flavius 94; MRR2 attestations 36 BCE to 36 BCE (n=1); floruit derived: earliest attestation - 40 and latest + 5
dprr:flavivs-86,person,Flavivs Fimbria,,Roman magistrate; offices: legate,alive,-121,-76,low,RE Flavivs 86; MRR2 attestations 82 BCE to 82 BCE (n=1); floruit derived: earliest attestation - 40 and latest + 5
dprr:floronia-1,person,Floronia,,Roman magistrate; offices: vestal virgin,alive,-255,-210,low,RE Floronia 1; MRR1 attestations 216 BCE to 216 BCE (n=1); floruit derived: earliest attestation - 40 and latest + 5
dprr:folius-1,person,Marcus Folius,,Roman magistrate; offices: pontifex,alive,-429,-384,low,RE Folius 1; MRR1 attestations 390 BCE to 390 BCE (n=1); floruit derived: earliest attestation - 40 and latest + 5
dprr:folius-2,person,Marcus Folius Flaccinator,,Roman magistrate; offices: consul,alive,-472,-427,low,RE Folius 2; MRR1 attestations 433 BCE to 433 BCE (n=1); floruit derived: earliest attestation - 40 and latest + 5
dprr:folius-3,person,Marcus Folius Flaccinator,M. Folius (C. f. M. n. Flaccinator) Pat. (3),Roman magistrate; offices: master of horse; consul,alive,-359,-307,medium,RE Folius 3; MRR1 attestations 320 BCE to 313 BCE (n=4); floruit derived: earliest attestation - 40 and latest + 5
dprr:fonteia-31,person,Fonteia,,Roman magistrate; offices: vestal virgin,alive,-108,-63,low,RE Fonteia 31; MRR2 attestations 69 BCE to 69 BCE (n=1); floruit derived: earliest attestation - 40 and latest + 5
dprr:fonteius-11,person,Marcus Fonteius,,Roman magistrate; offices: praetor,alive,-205,-160,low,RE Fonteius 11; MRR1 attestations 166 BCE to 166 BCE (n=1); floruit derived: earliest attestation - 40 and latest + 5
dprr:fonteius-12,person,Marcus Fonteius,M. Fonteius (12),Roman magistrate; offices: praetor; quaestor; promagistrate,alive,-123,-66,medium,RE Fonteius 12; MRR2 attestations 84 BCE to 72 BCE (n=8); floruit derived: earliest attestation - 40 and latest + 5
dprr:fonteius-14,person,Tiberius Fonteius,,Roman magistrate; offices: legate,alive,-250,-205,low,RE Fonteius 14; MRR1 attestations 211 BCE to 211 BCE (n=1); floruit derived: earliest attestation - 40 and latest + 5
dprr:fonteius-17,person,Publius Fonteius Balbus,,Roman magistrate; offices: praetor,alive,-207,-162,low,RE Fonteius 17; MRR1 attestations 168 BCE to 168 BCE (n=1); floruit derived: earliest attestation - 40 and latest + 5
dprr:fonteius-2,person,Fonteius,? Fonteius (2),Roman magistrate; offices: legate,alive,-130,-84,medium,RE Fonteius 2; MRR2 attestations 91 BCE to 90 BCE (n=2); floruit derived: earliest attestation - 40 and latest + 5
dprr:fonteius-20,person,Gaius Fonteius Capito,C. Fonteius C. f. - n. Capito (20),Roman magistrate; offices: consul; envoy,alive,-76,-27,medium,RE Fonteius 20; MRR2 attestations 37 BCE to 33 BCE (n=2); floruit derived: earliest attestation - 40 and latest + 5
dprr:fonteius-24,person,Publius Fonteius Capito,,Roman magistrate; offices: praetor; promagistrate,alive,-208,-161,medium,RE Fonteius 24; MRR1 attestations 169 BCE to 167 BCE (n=3); floruit derived: earliest attestation - 40 and latest + 5
dprr:fonteius-26,person,Titus Fonteius Capito,,Roman magistrate; offices: praetor; promagistrate,alive,-217,-170,medium,RE Fonteius 26; MRR1 attestations 178 BCE to 176 BCE (n=3); floruit derived: earliest attestation - 40 and latest + 5
dprr:fonteius-31,person,Fonteius,,Roman magistrate; offices: augur,alive,-130,-85,low,RE Fonteius 31; MRR2 attestations 91 BCE to 91 BCE (n=1); floruit derived: earliest attestation - 40 and latest + 5
dprr:fonteius-5,person,Aulus Fonteius,,Roman magistrate; offices: military tribune,alive,-85,-40,low,RE Fonteius 5; MRR2 attestations 46 BCE to 46 BCE (n=1); floruit derived: earliest attestation - 40 and latest + 5
dprr:fonteius-7,person,Gaius Fonteius,,Roman magistrate; offices: legate,alive,-113,-68,low,RE Fonteius 7; MRR2 attestations 74 BCE to 74 BCE (n=1); floruit derived: earliest attestation - 40 and latest + 5
dprr:fuficius-5,person,Gaius Fuficius Fango,Q. Fuficius Fango (5),Roman magistrate; offices: promagistrate,alive,-80,-34,medium,RE Fuficius 5; MRR2 attestations 41 BCE to 40 BCE (n=2); floruit derived: earliest attestation - 40 and latest + 5
dprr:fufidius-4,person,Lucius Fufidius,L.? Fufidius (4),Roman magistrate; offices: praetor; promagistrate,alive,-120,-74,medium,RE Fufidius 4; MRR2 attestations 81 BCE to 80 BCE (n=2); floruit derived: earliest attestation - 40 and latest + 5
dprr:fufidius-7,person,Quintus Fufidius,,Roman magistrate; offices: military tribune,alive,-90,-44,medium,RE Fufidius 7; MRR2 attestations 51 BCE to 50 BCE (n=2); floruit derived: earliest attestation - 40 and latest + 5
dprr:fufius-1,person,Fufius,,Roman magistrate; offices: tribune of the plebs,alive,-192,-147,low,RE Fufius 1; MRR1 attestations 153 BCE to 153 BCE (n=1); floruit derived: earliest attestation - 40 and latest + 5
dprr:fufius-10,person,Quintus Fufius Calenus,Q. Fufius Q. f. C. n. Calenus (10),Roman magistrate; offices: consul; praetor; tribune of the plebs,alive,-100,-34,high,RE Fufius 10; MRR2 attestations 61 BCE to 40 BCE (n=11); floruit derived: earliest attestation - 40 and latest + 5
dprr:fufius-13,person,Fufius Geminus,,Roman magistrate; offices: promagistrate,alive,-74,-28,medium,RE Fufius 13; MRR2 attestations 35 BCE to 34 BCE (n=2); floruit derived: earliest attestation - 40 and latest + 5
dprr:fulcinius-1,person,Gaius Fulcinius,,Roman magistrate; offices: ambassador,alive,-477,-432,low,RE Fulcinius 1; MRR1 attestations 438 BCE to 438 BCE (n=1); floruit derived: earliest attestation - 40 and latest + 5
dprr:fulcinnius-2,person,Lucius Fulcinnius,,Roman magistrate; offices: quaestor,alive,-187,-142,low,RE Fulcinnius 2; MRR1 attestations 148 BCE to 148 BCE (n=1); floruit derived: earliest attestation - 40 and latest + 5
dprr:fulvius-1,person,Fulvius,,Roman magistrate; offices: legate,alive,-112,-67,low,RE Fulvius 1; MRR2 attestations 73 BCE to 73 BCE (n=1); floruit derived: earliest attestation - 40 and latest + 5
dprr:fulvius-10,person,Gaius Fulvius,,Roman magistrate; offices: quaestor,alive,-257,-212,low,RE Fulvius 10; MRR1 attestations 218 BCE to 218 BCE (n=1); floruit derived: earliest attestation - 40 and latest + 5
dprr:fulvius-12,person,Gnaeus Fulvius,,Roman magistrate; offices: praetor,alive,-229,-184,low,RE Fulvius 12; MRR1 attestations 190 BCE to 190 BCE (n=1); floruit derived: earliest attestation - 40 and latest + 5
dprr:fulvius-13,person,Gnaeus Fulvius,,Roman magistrate; offices: praetor,alive,-206,-161,low,RE Fulvius 13; MRR1 attestations 167 BCE to 167 BCE (n=1); floruit derived: earliest attestation - 40 and latest + 5
dprr:fulvius-25,person,Quintus Fulvius,,Roman magistrate; offices: aedile,alive,-241,-194,medium,RE Fulvius 25; MRR1 attestations 202 BCE to 200 BCE (n=2); floruit derived: earliest attestation - 40 and latest + 5
dprr:fulvius-26,person,Quintus Fulvius Flaccus,,Roman magistrate; offices: envoy,alive,-237,-174,high,RE Fulvius 26; MRR1 attestations 198 BCE to 180 BCE (n=3); floruit derived: earliest attestation - 40 and latest + 5
dprr:fulvius-28,person,Quintus Fulvius,,Roman magistrate; offices: tribune of the plebs,alive,-236,-191,low,RE Fulvius 28; MRR1 attestations 197 BCE to 197 BCE (n=1); floruit derived: earliest attestation - 40 and latest + 5
dprr:fulvius-29,person,Quintus Fulvius,,Roman magistrate; offices: triumvir,alive,-219,-174,low,RE Fulvius 29; MRR1 attestations 180 BCE to 180 BCE (n=1); floruit derived: earliest attestation - 40 and latest + 5
dprr:fulvius-42,person,Gnaeus Fulvius Centumalus,,Roman magistrate; offices: consul; promagistrate,alive,-268,-222,medium,RE Fulvius 42; MRR1 attestations 229 BCE to 228 BCE (n=2); floruit derived: earliest attestation - 40 and latest + 5
dprr:fulvius-43,person,Gnaeus Fulvius Centumalus,Cn. Fulvius (Centumalus) (43)|Cn. Fulvius Cn. f. Cn. n. Centumalus Maximus (43),Roman magistrate; offices: consul; praetor; aedile,alive,-253,-204,medium,RE Fulvius 43; MRR1 attestations 214 BCE to 210 BCE (n=4); floruit derived: earliest attestation - 40 and latest + 5
dprr:fulvius-44,person,Marcus Fulvius Centumalus,,Roman magistrate; offices: praetor,alive,-231,-186,low,RE Fulvius 44; MRR1 attestations 192 BCE to 192 BCE (n=1); floruit derived: earliest attestation - 40 and latest + 5
dprr:fulvius-45,person,Gaius Fulvius Curvus,,Roman magistrate; offices: aedile,alive,-335,-290,low,RE Fulvius 45; MRR1 attestations 296 BCE to 296 BCE (n=1); floruit derived: earliest attestation - 40 and latest + 5
dprr:fulvius-46,person,Lucius Fulvius Curvus,,Roman magistrate; offices: master of horse; consul,alive,-361,-310,medium,RE Fulvius 46; MRR1 attestations 322 BCE to 316 BCE (n=2); floruit derived: earliest attestation - 40 and latest + 5
dprr:fulvius-47,person,Marcus Fulvius Curvus Paetinus,,Roman magistrate; offices: consul,alive,-344,-299,low,RE Fulvius 47; MRR1 attestations 305 BCE to 305 BCE (n=1); floruit derived: earliest attestation - 40 and latest + 5
dprr:fulvius-52,person,Gaius Fulvius Flaccus,,Roman magistrate; offices: legate,alive,-250,-203,medium,RE Fulvius 52; MRR1 attestations 211 BCE to 209 BCE (n=2); floruit derived: earliest attestation - 40 and latest + 5
dprr:fulvius-53,person,Gaius Fulvius Flaccus,C. Fulvius Q. f. Cn. n. Flaccus (53),Roman magistrate; offices: consul; praetor,alive,-176,-128,medium,RE Fulvius 53; MRR1 attestations 137 BCE to 134 BCE (n=2); floruit derived: earliest attestation - 40 and latest + 5
dprr:fulvius-54,person,Gnaeus Fulvius Flaccus,,Roman magistrate; offices: praetor,alive,-251,-206,low,RE Fulvius 54; MRR1 attestations 212 BCE to 212 BCE (n=1); floruit derived: earliest attestation - 40 and latest + 5
dprr:fulvius-55,person,Marcus Fulvius Flaccus,(M.) Fulvius Flaccus (55)|M. Fulvius Flaccus (55),Roman magistrate; offices: master of horse; consul; tribune of the plebs,alive,-309,-240,high,RE Fulvius 55; MRR1 attestations 270 BCE to 246 BCE (n=3); floruit derived: earliest attestation - 40 and latest + 5
dprr:fulvius-56,person,Marcus Fulvius Flaccus,M. Fulvius (56),Roman magistrate; offices: tribune of the plebs; decemvir,alive,-240,-192,medium,RE Fulvius 56; MRR1 attestations 201 BCE to 198 BCE (n=3); floruit derived: earliest attestation - 40 and latest + 5
dprr:fulvius-57,person,Marcus Fulvius Flaccus,M. Fulvius (Flaccus ?) (57)|M. Fulvius (Flaccus) (57)|M. Fulvius (Nobilior ?) (57; 92),Roman magistrate; offices: triumvir; legate; envoy,alive,-223,-164,medium,RE Fulvius 57; MRR1 attestations 184 BCE to 170 BCE (n=5); floruit derived: earliest attestation - 40 and latest + 5
dprr:fulvius-58,person,Marcus Fulvius Flaccus,? M. Fulvius Flaccus (58)|M. Fulvius Flaccus (58)|M. Fulvius (58)|M. Fulvius M. f. Q. n. Flaccus (58),Roman magistrate; offices: consul; praetor; tribune of the plebs,alive,-169,-114,medium,RE Fulvius 58; MRR1 attestations 130 BCE to 120 BCE (n=10); floruit derived: earliest attestation - 40 and latest + 5
dprr:fulvius-59,person,Quintus Fulvius Flaccus,Q. Fulvius M. f. Q. n. Flaccus (59)|Q. Fulvius M. f. M. n. Flaccus (59)|Q. ? Fulvius Flaccus (59 ?),Roman magistrate; offices: dictator; master of horse; consul,alive,-276,-201,high,RE Fulvius 59; MRR1 attestations 237 BCE to 207 BCE (n=15); floruit derived: earliest attestation - 40 and latest + 5
dprr:fulvius-60,person,Quintus Fulvius Flaccus,Q. Fulvius Cn. f. M. n. Flaccus (60),Roman magistrate; offices: consul; praetor; aedile,alive,-228,-174,medium,RE Fulvius 60; MRR1 attestations 189 BCE to 180 BCE (n=4); floruit derived: earliest attestation - 40 and latest + 5
dprr:fulvius-61,person,Quintus Fulvius Flaccus,Q. Fulvius Q. f. M. n. Flaccus (61)|180-172: Q. Fulvius Flaccus (61),Roman magistrate; offices: consul; censor; praetor,alive,-223,-166,medium,RE Fulvius 61; MRR1 attestations 184 BCE to 172 BCE (n=7); floruit derived: earliest attestation - 40 and latest + 5
dprr:fulvius-64,person,Servius Fulvius Flaccus,Ser. Fulvius Q. f. - n. Flaccus (64),Roman magistrate; offices: consul; praetor,alive,-177,-129,medium,RE Fulvius 64; MRR1 attestations 138 BCE to 135 BCE (n=2); floruit derived: earliest attestation - 40 and latest + 5
dprr:fulvius-69,person,Quintus Fulvius Gillo,,Roman magistrate; offices: praetor; envoy,alive,-242,-194,medium,RE Fulvius 69; MRR1 attestations 203 BCE to 200 BCE (n=2); floruit derived: earliest attestation - 40 and latest + 5
dprr:fulvius-78,person,Publius Fulvius Longus,,Roman magistrate; offices: triumvir,alive,-352,-307,low,RE Fulvius 78; MRR1 attestations 313 BCE to 313 BCE (n=1); floruit derived: earliest attestation - 40 and latest + 5
dprr:fulvius-88,person,Gnaeus Fulvius Maximus Centumalus,Cn. Fulvius (Maximus Centumalus) (88)|Cn. Fulvius Maximus Centumalus (88),Roman magistrate; offices: dictator; consul; promagistrate,alive,-341,-257,high,RE Fulvius 88; MRR1 attestations 302 BCE to 263 BCE (n=5); floruit derived: earliest attestation - 40 and latest + 5
dprr:fulvius-91,person,Marcus Fulvius Nobilior,M. Fulvius M. f. Ser. n. Nobilior (91),Roman magistrate; offices: consul; censor; praetor,alive,-235,-173,high,RE Fulvius 91; MRR1 attestations 196 BCE to 179 BCE (n=8); floruit derived: earliest attestation - 40 and latest + 5
dprr:fulvius-92,person,Marcus Fulvius,,Roman magistrate; offices: envoy,alive,-210,-165,low,RE Fulvius 92; MRR1 attestations 171 BCE to 171 BCE (n=1); floruit derived: earliest attestation - 40 and latest + 5
dprr:fulvius-93,person,Marcus Fulvius Nobilior,? M. Fulvius Nobilior (93)|M. Fulvius (Nobilior) (93)|M. Fulvius M. f. M. n. Nobilior (93),Roman magistrate; offices: consul; praetor; aedile,alive,-210,-152,medium,RE Fulvius 93; MRR1 attestations 171 BCE to 158 BCE (n=5); floruit derived: earliest attestation - 40 and latest + 5
dprr:fulvius-95,person,Quintus Fulvius Nobilior,Q. Fulvius (Nobilior) (95)|Q. Fulvius Nobilior (95),Roman magistrate; offices: consul; censor; aedile,alive,-223,-130,high,RE Fulvius 95; MRR1 attestations 184 BCE to 136 BCE (n=5); floruit derived: earliest attestation - 40 and latest + 5
dprr:fulvius-96,person,Marcus Fulvius Paetinus,? Q. Fulvius Nobilior (96),Roman magistrate; offices: consul; praetor,alive,-338,-147,high,RE Fulvius 96; MRR1 attestations 299 BCE to 153 BCE (n=3); floruit derived: earliest attestation - 40 and latest + 5
dprr:fulvius-97,person,Servius Fulvius Paetinus Nobilior,Ser. Fulvius Paetinus Nobilior Pat. (97),Roman magistrate; offices: consul; promagistrate,alive,-294,-248,medium,RE Fulvius 97; MRR1 attestations 255 BCE to 254 BCE (n=2); floruit derived: earliest attestation - 40 and latest + 5
dprr:fundanius-1,person,Gaius Fundanius,C. Fundanius C. f. (1),Roman magistrate; offices: tribune of the plebs; quaestor,alive,-140,-62,medium,RE Fundanius 1; MRR1+MRR2 attestations 101 BCE to 68 BCE (n=2); floruit derived: earliest attestation - 40 and latest + 5
dprr:fundanius-3,person,Marcus Fundanius,,Roman magistrate; offices: tribune of the plebs,alive,-234,-189,low,RE Fundanius 3; MRR1 attestations 195 BCE to 195 BCE (n=1); floruit derived: earliest attestation - 40 and latest + 5
dprr:fundanius-5,person,Gaius Fundanius Fundulus,C. Fundanius (Fundulus) (5)|C. Fundanius C. f. Q. n. Fundulus (5),Roman magistrate; offices: consul; aedile; tribune of the plebs,alive,-287,-237,medium,RE Fundanius 5; MRR1 attestations 248 BCE to 243 BCE (n=3); floruit derived: earliest attestation - 40 and latest + 5
dprr:fundanius-6,person,Marcus Fundanius Fundulus,,Roman magistrate; offices: aedile,alive,-252,-207,low,RE Fundanius 6; MRR1 attestations 213 BCE to 213 BCE (n=1); floruit derived: earliest attestation - 40 and latest + 5
dprr:fundilius-1,person,Gaius Fundilius Qui,,Roman magistrate; offices: military tribune,alive,-128,-83,low,RE Fundilius 1; MRR2 attestations 89 BCE to 89 BCE (n=1); floruit derived: earliest attestation - 40 and latest + 5
dprr:furfanius-1,person,Titus Furfanius Postumus,T. Furfanius Postumus (1),Roman magistrate; offices: praetor; quaestor; promagistrate,alive,-90,-39,medium,RE Furfanius 1; MRR2 attestations 51 BCE to 45 BCE (n=4); floruit derived: earliest attestation - 40 and latest + 5
dprr:furius-10,person,Gaius Furius,C. Furius (10),Roman magistrate; offices: legate; duumvir,alive,-217,-164,medium,RE Furius 10; MRR1 attestations 178 BCE to 170 BCE (n=2); floruit derived: earliest attestation - 40 and latest + 5
dprr:furius-14,person,Lucius Furius,,Roman magistrate; offices: praetor,alive,-357,-312,low,RE Furius 14; MRR1 attestations 318 BCE to 318 BCE (n=1); floruit derived: earliest attestation - 40 and latest + 5
dprr:furius-15,person,Lucius Furius,,Roman magistrate; offices: tribune of the plebs,alive,-347,-302,low,RE Furius 15; MRR1 attestations 308 BCE to 308 BCE (n=1); floruit derived: earliest attestation - 40 and latest + 5
dprr:furius-18,person,Lucius Furius,,Roman magistrate; offices: praetor,alive,-114,-69,low,RE Furius 18; MRR2 attestations 75 BCE to 75 BCE (n=1); floruit derived: earliest attestation - 40 and latest + 5
dprr:furius-2,person,Furius,,Roman magistrate; offices: legate,alive,-114,-67,medium,RE Furius 2; MRR2 attestations 75 BCE to 73 BCE (n=2); floruit derived: earliest attestation - 40 and latest + 5
dprr:furius-20,person,Marcus Furius,,Roman magistrate; offices: envoy,alive,-240,-195,low,RE Furius 20; MRR1 attestations 201 BCE to 201 BCE (n=1); floruit derived: earliest attestation - 40 and latest + 5
dprr:furius-22,person,Publius Furius,,Roman magistrate; offices: tribune of the plebs,alive,-138,-93,low,RE Furius 22; MRR2 attestations 99 BCE to 99 BCE (n=1); floruit derived: earliest attestation - 40 and latest + 5
dprr:furius-24,person,Quintus Furius,,Roman magistrate; offices: pontifex,alive,-488,-435,medium,RE Furius 24; MRR1 attestations 449 BCE to 441 BCE (n=2); floruit derived: earliest attestation - 40 and latest + 5
dprr:furius-26,person,Sextus Furius Medullinus Fusus,Ser. (Sp. ?) Furius (Medullinus Fusus) Pat. (26; cf. 70),Roman magistrate; offices: consul; promagistrate,alive,-527,-472,medium,RE Furius 26; MRR1 attestations 488 BCE to 478 BCE (n=3); floruit derived: earliest attestation - 40 and latest + 5
dprr:furius-29,person,Spurius Furius,,Roman magistrate; offices: consul,alive,-417,-372,low,RE Furius 29; MRR1 attestations 378 BCE to 378 BCE (n=1); floruit derived: earliest attestation - 40 and latest + 5
dprr:furius-31,person,Gaius Furius Aculeo,,Roman magistrate; offices: quaestor,alive,-229,-184,low,RE Furius 31; MRR1 attestations 190 BCE to 190 BCE (n=1); floruit derived: earliest attestation - 40 and latest + 5
dprr:furius-35,person,Lucius Furius Bibaculus,,Roman magistrate; offices: quaestor,alive,-255,-210,low,RE Furius 35; MRR1 attestations 216 BCE to 216 BCE (n=1); floruit derived: earliest attestation - 40 and latest + 5
dprr:furius-36,person,Lucius Furius Bibaculus,-. Furius Bibaculus Pat. (cf. 36)|L. Furius Bibaculus Pat. (36),Roman magistrate; offices: praetor; salius,alive,-258,-213,low,RE Furius 36; MRR1 attestations 219 BCE to 219 BCE (n=1); floruit derived: earliest attestation - 40 and latest + 5
dprr:furius-41,person,Lucius Furius Camillus,L. Furius Camillus Pat. (41)|L. Furius Sp. f. M. n. Camillus Pat. (41),Roman magistrate; offices: dictator; consul; prefect,alive,-428,-319,high,RE Furius 41; MRR1 attestations 389 BCE to 325 BCE (n=6); floruit derived: earliest attestation - 40 and latest + 5
dprr:furius-42,person,Lucius Furius Camillus,L. Furius M. f. L. n. Camillus Pat. (42),Roman magistrate; offices: dictator; consul,alive,-388,-319,high,RE Furius 42; MRR1 attestations 349 BCE to 325 BCE (n=4); floruit derived: earliest attestation - 40 and latest + 5
dprr:furius-44,person,Marcus Furius Camillus,M. Furius Camillus Pat. (44)|? M. Furius L. f. Sp. n. Camillus Pat. (44),Roman magistrate; offices: dictator; consul; censor,alive,-442,-361,high,RE Furius 44; MRR1 attestations 403 BCE to 367 BCE (n=13); floruit derived: earliest attestation - 40 and latest + 5
dprr:furius-48,person,Spurius Furius Camillus,,Roman magistrate; offices: praetor,alive,-405,-360,low,RE Furius 48; MRR1 attestations 366 BCE to 366 BCE (n=1); floruit derived: earliest attestation - 40 and latest + 5
dprr:furius-56,person,Marcus Furius Crassipes,M. Furius (Crassipes) Pat. ? (56),Roman magistrate; offices: praetor; triumvir; legate,alive,-239,-167,high,RE Furius 56; MRR1 attestations 200 BCE to 173 BCE (n=6); floruit derived: earliest attestation - 40 and latest + 5
dprr:furius-57,person,Publius Furius Crassipes,,Roman magistrate; offices: aedile,alive,-121,-76,low,RE Furius 57; MRR2 attestations 82 BCE to 82 BCE (n=1); floruit derived: earliest attestation - 40 and latest + 5
dprr:furius-60,person,Marcus Furius Fusus,? M. Furius (Fusus ?) Pat. (60),Roman magistrate; offices: consul; censor,alive,-442,-383,medium,RE Furius 60; MRR1 attestations 403 BCE to 389 BCE (n=2); floruit derived: earliest attestation - 40 and latest + 5
dprr:furius-63,person,Marcus Furius Luscus,,Roman magistrate; offices: aedile,alive,-226,-181,low,RE Furius 63; MRR1 attestations 187 BCE to 187 BCE (n=1); floruit derived: earliest attestation - 40 and latest + 5
dprr:furius-64,person,Lucius Furius Medullinus,,Roman magistrate; offices: consul,alive,-513,-468,low,RE Furius 64; MRR1 attestations 474 BCE to 474 BCE (n=1); floruit derived: earliest attestation - 40 and latest + 5
dprr:furius-65,person,Lucius Furius Medullinus,L. Furius Sp. f. - n. Medullinus Pat. (65)|L. Furius (L. f. Sp. n. ?) Medullinus Pat. (65),Roman magistrate; offices: consul,alive,-471,-385,high,RE Furius 65; MRR1 attestations 432 BCE to 391 BCE (n=12); floruit derived: earliest attestation - 40 and latest + 5
dprr:furius-66,person,Lucius Furius Medullinus,,Roman magistrate; offices: consul; censor,alive,-420,-357,high,RE Furius 66; MRR1 attestations 381 BCE to 363 BCE (n=3); floruit derived: earliest attestation - 40 and latest + 5
dprr:furius-68,person,Spurius Furius Medullinus,,Roman magistrate; offices: consul,alive,-439,-394,low,RE Furius 68; MRR1 attestations 400 BCE to 400 BCE (n=1); floruit derived: earliest attestation - 40 and latest + 5
dprr:furius-69,person,Publius Furius Medullinus Fusus,P. Furius (Medullinus ? Fusus) Pat. (69)|P. Furius (Medullinus Fusus) Pat. (69),Roman magistrate; offices: consul; triumvir; legate,alive,-511,-458,medium,RE Furius 69; MRR1 attestations 472 BCE to 464 BCE (n=3); floruit derived: earliest attestation - 40 and latest + 5
dprr:furius-70,person,Spurius Furius Fusus,,Roman magistrate; offices: consul,alive,-520,-475,low,RE Furius 70; MRR1 attestations 481 BCE to 481 BCE (n=1); floruit derived: earliest attestation - 40 and latest + 5
dprr:furius-71,person,Spurius Furius Medullinus Fusus,Sp. Furius (Medullinus Fusus ?) Pat. (71),Roman magistrate; offices: consul,alive,-503,-447,medium,RE Furius 71; MRR1 attestations 464 BCE to 453 BCE (n=2); floruit derived: earliest attestation - 40 and latest + 5
dprr:furius-74,person,Gaius Furius Pacilus,,Roman magistrate; offices: consul,alive,-451,-406,low,RE Furius 74; MRR1 attestations 412 BCE to 412 BCE (n=1); floruit derived: earliest attestation - 40 and latest + 5
dprr:furius-75,person,Gaius Furius Pacilus,C. Furius C. f. C. n. Pacilus Pat. (75),Roman magistrate; offices: consul; aedile,alive,-292,-245,medium,RE Furius 75; MRR1 attestations 253 BCE to 251 BCE (n=2); floruit derived: earliest attestation - 40 and latest + 5
dprr:furius-76,person,Gaius Furius Pacilus Fusus,C. Furius - f. - n. Paculus Fusus Pat. (76),Roman magistrate; offices: consul; censor,alive,-480,-420,high,RE Furius 76; MRR1 attestations 441 BCE to 426 BCE (n=3); floruit derived: earliest attestation - 40 and latest + 5
dprr:furius-77,person,Lucius Furius Philus,178 ?- 170: L. Furius Philus Pat. (77),Roman magistrate; offices: praetor; pontifex,alive,-217,-164,medium,RE Furius 77; MRR1 attestations 178 BCE to 170 BCE (n=4); floruit derived: earliest attestation - 40 and latest + 5
dprr:furius-78,person,Lucius Furius Philus,L. Furius - f. - n. Philus Pat. (78),Roman magistrate; offices: consul; praetor,alive,-178,-130,medium,RE Furius 78; MRR1 attestations 139 BCE to 136 BCE (n=2); floruit derived: earliest attestation - 40 and latest + 5
dprr:furius-80,person,Publius Furius Philus,? P. Furius Philus Pat. (80)|?- 213: P. Furius Philus Pat. (80)|P. Furius Philus Pat. (80),Roman magistrate; offices: consul; censor; praetor,alive,-263,-207,medium,RE Furius 80; MRR1 attestations 224 BCE to 213 BCE (n=5); floruit derived: earliest attestation - 40 and latest + 5
dprr:furius-82,person,Publius Furius Philus,,Roman magistrate; offices: praetor; promagistrate,alive,-213,-166,medium,RE Furius 82; MRR1 attestations 174 BCE to 172 BCE (n=3); floruit derived: earliest attestation - 40 and latest + 5
dprr:furius-86,person,Lucius Furius Purpurio,L. Furius Sp. f. Sp. n. Purpurio Pat. (86),Roman magistrate; offices: consul; praetor; ambassador,alive,-249,-177,high,RE Furius 86; MRR1 attestations 210 BCE to 183 BCE (n=6); floruit derived: earliest attestation - 40 and latest + 5
dprr:furius-87,person,Lucius Furius Purpurio,,Roman magistrate; offices: envoy,alive,-239,-190,medium,RE Furius 87; MRR1 attestations 200 BCE to 196 BCE (n=3); floruit derived: earliest attestation - 40 and latest + 5
dprr:furnius-2,person,Gaius Furnius,,Roman magistrate; offices: tribune of the plebs,alive,-484,-439,low,RE Furnius 2; MRR1 attestations 445 BCE to 445 BCE (n=1); floruit derived: earliest attestation - 40 and latest + 5
dprr:furnius-3,person,Gaius Furnius,,Roman magistrate; offices: praetor; tribune of the plebs; promagistrate,alive,-89,-23,high,RE Furnius 3; MRR2 attestations 50 BCE to 29 BCE (n=10); floruit derived: earliest attestation - 40 and latest + 5
dprr:fusi-8,person,Sextus Fusi,,Roman magistrate; offices: military tribune,alive,-527,-480,medium,RE Fusi 8; MRR1 attestations 488 BCE to 486 BCE (n=2); floruit derived: earliest attestation - 40 and latest + 5
dprr:gabinius-10,person,Aulus Gabinius,,Roman magistrate; offices: envoy; military tribune,alive,-125,-75,medium,RE Gabinius 10; MRR2 attestations 86 BCE to 81 BCE (n=2); floruit derived: earliest attestation - 40 and latest + 5
dprr:gabinius-11,person,Aulus Gabinius,? A. Gabinius (11)|A. Gabinius A. f. - n. (11),Roman magistrate; offices: consul; praetor; tribune of the plebs,alive,-106,-41,high,RE Gabinius 11; MRR2 attestations 67 BCE to 47 BCE (n=12); floruit derived: earliest attestation - 40 and latest + 5
dprr:gabinius-13,person,Publius Gabinius,,Roman magistrate; offices: praetor; quindecimvir,alive,-128,-70,medium,RE Gabinius 13; MRR2 attestations 89 BCE to 76 BCE (n=2); floruit derived: earliest attestation - 40 and latest + 5
dprr:gabinius-2,person,Gabinius,,Roman magistrate; offices: prefect,alive,-206,-161,low,RE Gabinius 2; MRR1 attestations 167 BCE to 167 BCE (n=1); floruit derived: earliest attestation - 40 and latest + 5
dprr:gabinius-6,person,Aulus Gabinius,,Roman magistrate; offices: tribune of the plebs; envoy,alive,-185,-133,medium,RE Gabinius 6; MRR1 attestations 146 BCE to 139 BCE (n=2); floruit derived: earliest attestation - 40 and latest + 5
dprr:gabinius-8,person,Aulus Gabinius,,Roman magistrate; offices: quaestor,alive,-140,-95,low,RE Gabinius 8; MRR1 attestations 101 BCE to 101 BCE (n=1); floruit derived: earliest attestation - 40 and latest + 5
dprr:gabinius-9,person,Aulus Gabinius,,Roman magistrate; offices: legate,alive,-128,-83,low,RE Gabinius 9; MRR2 attestations 89 BCE to 89 BCE (n=1); floruit derived: earliest attestation - 40 and latest + 5
dprr:gallius-3,person,Gallius,,Roman magistrate; offices: legate,alive,-112,-67,low,RE Gallius 3; MRR2 attestations 73 BCE to 73 BCE (n=1); floruit derived: earliest attestation - 40 and latest + 5
dprr:gallius-5,person,Marcus Gallius,,Roman magistrate; offices: praetor,alive,-83,-38,low,RE Gallius 5; MRR2 attestations 44 BCE to 44 BCE (n=1); floruit derived: earliest attestation - 40 and latest + 5
dprr:gallius-6,person,Quintus Gallius,,Roman magistrate; offices: praetor; aedile,alive,-106,-59,medium,RE Gallius 6; MRR2 attestations 67 BCE to 65 BCE (n=2); floruit derived: earliest attestation - 40 and latest + 5
dprr:gallius-7,person,Quintus Gallius,Q. Gallius (7),Roman magistrate; offices: praetor; legate,alive,-86,-37,medium,RE Gallius 7; MRR2 attestations 47 BCE to 43 BCE (n=2); floruit derived: earliest attestation - 40 and latest + 5
dprr:gallonius-1,person,Gaius Gallonius,,Roman magistrate; offices: prefect,alive,-88,-43,low,RE Gallonius 1; MRR2 attestations 49 BCE to 49 BCE (n=1); floruit derived: earliest attestation - 40 and latest + 5
dprr:gavius-3,person,Lucius Gavius,,Roman magistrate; offices: prefect,alive,-89,-44,low,RE Gavius 3; MRR2 attestations 50 BCE to 50 BCE (n=1); floruit derived: earliest attestation - 40 and latest + 5
dprr:geganius-1,person,Lucius Geganius,,Roman magistrate; offices: ambassador,alive,-531,-485,medium,RE Geganius 1; MRR1 attestations 492 BCE to 491 BCE (n=2); floruit derived: earliest attestation - 40 and latest + 5
dprr:geganius-2,person,Lucius Geganius,,Roman magistrate; offices: consul,alive,-417,-372,low,RE Geganius 2; MRR1 attestations 378 BCE to 378 BCE (n=1); floruit derived: earliest attestation - 40 and latest + 5
dprr:geganius-4,person,Marcus Geganius Macerinus,? M. Geganius (Macerinus) Pat. (4),Roman magistrate; offices: consul; censor; legate,alive,-486,-425,high,RE Geganius 4; MRR1 attestations 447 BCE to 431 BCE (n=5); floruit derived: earliest attestation - 40 and latest + 5
dprr:geganius-5,person,Marcus Geganius Macerinus,,Roman magistrate; offices: consul,alive,-406,-361,low,RE Geganius 5; MRR1 attestations 367 BCE to 367 BCE (n=1); floruit derived: earliest attestation - 40 and latest + 5
dprr:geganius-7,person,Titus Geganius Macerinus,,Roman magistrate; offices: consul,alive,-531,-486,low,RE Geganius 7; MRR1 attestations 492 BCE to 492 BCE (n=1); floruit derived: earliest attestation - 40 and latest + 5
dprr:gellius-17,person,Lucius Gellius Poplicola,L. Gellius L. f. L. n. Publicola (17)|? L. Gellius (Pubicola) (17)|? L. Gellius Poplicola (17)|? L. Gellius Publicola (17)|L. Gellius Publicola (17),Roman magistrate; offices: consul; censor; praetor,alive,-135,-57,high,RE Gellius 17; MRR2 attestations 96 BCE to 63 BCE (n=8); floruit derived: earliest attestation - 40 and latest + 5
dprr:gellius-18,person,Lucius Gellius Publicola,L. Gellius L. f. L. n. Publicola (18)|L. Gellius Publicola (18),Roman magistrate; offices: consul; quaestor; promagistrate,alive,-80,-25,medium,RE Gellius 18; MRR2 attestations 41 BCE to 31 BCE (n=3); floruit derived: earliest attestation - 40 and latest + 5
dprr:genucius-1,person,Genucius,,Roman magistrate; offices: tribune of the plebs,alive,-280,-235,low,RE Genucius 1; MRR1 attestations 241 BCE to 241 BCE (n=1); floruit derived: earliest attestation - 40 and latest + 5
dprr:genucius-10,person,Gnaeus Genucius Augurinus,,Roman magistrate; offices: consul,alive,-438,-390,medium,RE Genucius 10; MRR1 attestations 399 BCE to 396 BCE (n=2); floruit derived: earliest attestation - 40 and latest + 5
dprr:genucius-11,person,Marcus Genucius Augurinus,,Roman magistrate; offices: consul,alive,-484,-439,low,RE Genucius 11; MRR1 attestations 445 BCE to 445 BCE (n=1); floruit derived: earliest attestation - 40 and latest + 5
dprr:genucius-12,person,Titus Genucius Augurinus,,Roman magistrate; offices: consul,alive,-490,-445,low,RE Genucius 12; MRR1 attestations 451 BCE to 451 BCE (n=1); floruit derived: earliest attestation - 40 and latest + 5
dprr:genucius-13,person,Gnaeus Genucius Aventinensis,,Roman magistrate; offices: consul,alive,-402,-357,low,RE Genucius 13; MRR1 attestations 363 BCE to 363 BCE (n=1); floruit derived: earliest attestation - 40 and latest + 5
dprr:genucius-14,person,Lucius Genucius Aventinensis,,Roman magistrate; offices: consul,alive,-404,-356,medium,RE Genucius 14; MRR1 attestations 365 BCE to 362 BCE (n=2); floruit derived: earliest attestation - 40 and latest + 5
dprr:genucius-15,person,Lucius Genucius Aventinensis,,Roman magistrate; offices: consul,alive,-342,-297,low,RE Genucius 15; MRR1 attestations 303 BCE to 303 BCE (n=1); floruit derived: earliest attestation - 40 and latest + 5
dprr:genucius-17,person,Gaius Genucius Clepsina,,Roman magistrate; offices: consul,alive,-315,-264,medium,RE Genucius 17; MRR1 attestations 276 BCE to 270 BCE (n=2); floruit derived: earliest attestation - 40 and latest + 5
dprr:genucius-18,person,Lucius Genucius Clepsina,,Roman magistrate; offices: consul,alive,-310,-265,low,RE Genucius 18; MRR1 attestations 271 BCE to 271 BCE (n=1); floruit derived: earliest attestation - 40 and latest + 5
dprr:genucius-3,person,Gaius Genucius,,Roman magistrate; offices: augur,alive,-339,-294,low,RE Genucius 3; MRR1 attestations 300 BCE to 300 BCE (n=1); floruit derived: earliest attestation - 40 and latest + 5
dprr:genucius-4,person,Gnaeus Genucius,,Roman magistrate; offices: tribune of the plebs,alive,-512,-467,low,RE Genucius 4; MRR1 attestations 473 BCE to 473 BCE (n=1); floruit derived: earliest attestation - 40 and latest + 5
dprr:genucius-5,person,Lucius Genucius,,Roman magistrate; offices: tribune of the plebs,alive,-381,-336,low,RE Genucius 5; MRR1 attestations 342 BCE to 342 BCE (n=1); floruit derived: earliest attestation - 40 and latest + 5
dprr:genucius-6,person,Lucius Genucius,,Roman magistrate; offices: ambassador,alive,-249,-204,low,RE Genucius 6; MRR1 attestations 210 BCE to 210 BCE (n=1); floruit derived: earliest attestation - 40 and latest + 5
dprr:genucius-7,person,Marcus Genucius,,Roman magistrate; offices: military tribune,alive,-232,-187,low,RE Genucius 7; MRR1 attestations 193 BCE to 193 BCE (n=1); floruit derived: earliest attestation - 40 and latest + 5
dprr:genucius-8,person,Titus Genucius,,Roman magistrate; offices: tribune of the plebs,alive,-515,-470,low,RE Genucius 8; MRR1 attestations 476 BCE to 476 BCE (n=1); floruit derived: earliest attestation - 40 and latest + 5
dprr:granius-9,person,Granius Petro,,Roman magistrate; offices: quaestor,alive,-85,-40,low,RE Granius 9; MRR2 attestations 46 BCE to 46 BCE (n=1); floruit derived: earliest attestation - 40 and latest + 5
dprr:gratidius-1,person,Marcus Gratidius,,Roman magistrate; offices: legate,alive,-127,-82,low,RE Gratidius 1; MRR2 attestations 88 BCE to 88 BCE (n=1); floruit derived: earliest attestation - 40 and latest + 5
dprr:gratidius-2,person,Marcus Gratidius,,Roman magistrate; offices: prefect,alive,-141,-96,low,RE Gratidius 2; MRR1 attestations 102 BCE to 102 BCE (n=1); floruit derived: earliest attestation - 40 and latest + 5
dprr:gratidius-3,person,Marcus Gratidius,,Roman magistrate; offices: legate,alive,-100,-53,medium,RE Gratidius 3; MRR2 attestations 61 BCE to 59 BCE (n=3); floruit derived: earliest attestation - 40 and latest + 5
dprr:helenus-8,person,Helenus,,Roman magistrate; offices: legate,alive,-79,-34,low,RE Helenus 8; MRR2 attestations 40 BCE to 40 BCE (n=1); floruit derived: earliest attestation - 40 and latest + 5
dprr:helvius-1,person,Gaius Helvius,,Roman magistrate; offices: praetor; aedile; legate,alive,-242,-183,medium,RE Helvius 1; MRR1 attestations 203 BCE to 189 BCE (n=4); floruit derived: earliest attestation - 40 and latest + 5
dprr:helvius-11,person,Gaius Helvius Cinna,,Roman magistrate; offices: tribune of the plebs,alive,-83,-38,low,RE Helvius 11; MRR2 attestations 44 BCE to 44 BCE (n=1); floruit derived: earliest attestation - 40 and latest + 5
dprr:helvius-4,person,Marcus Helvius,,Roman magistrate; offices: praetor; aedile; promagistrate,alive,-237,-188,medium,RE Helvius 4; MRR1 attestations 198 BCE to 194 BCE (n=5); floruit derived: earliest attestation - 40 and latest + 5
dprr:helvius-5,person,Marcus Helvius,,Roman magistrate; offices: legate,alive,-73,-28,low,RE Helvius 5; MRR2 attestations 34 BCE to 34 BCE (n=1); floruit derived: earliest attestation - 40 and latest + 5
dprr:herennius-10,person,Marcus Herennius,M. Herennius M. f. - n. (10),Roman magistrate; offices: consul; praetor,alive,-135,-87,medium,RE Herennius 10; MRR2 attestations 96 BCE to 93 BCE (n=2); floruit derived: earliest attestation - 40 and latest + 5
dprr:herennius-13,person,Marcus Herennius,M. Herennius (Picens?) (13),Roman magistrate; offices: consul; promagistrate,alive,-73,-27,medium,RE Herennius 13; MRR2 attestations 34 BCE to 33 BCE (n=2); floruit derived: earliest attestation - 40 and latest + 5
dprr:herennius-18,person,Lucius Herennius Balbus,,Roman magistrate; offices: lupercus,alive,-95,-50,low,RE Herennius 18; MRR2 attestations 56 BCE to 56 BCE (n=1); floruit derived: earliest attestation - 40 and latest + 5
dprr:herennius-4,person,Gaius Herennius,,Roman magistrate; offices: triumvir,alive,-257,-212,low,RE Herennius 4; MRR1 attestations 218 BCE to 218 BCE (n=1); floruit derived: earliest attestation - 40 and latest + 5
dprr:herennius-7,person,Gaius Herennius,? C. Herennius (7),Roman magistrate; offices: tribune of the plebs; legate,alive,-119,-69,medium,RE Herennius 7; MRR2 attestations 80 BCE to 75 BCE (n=2); floruit derived: earliest attestation - 40 and latest + 5
dprr:herennius-8,person,Gaius Herennius,,Roman magistrate; offices: tribune of the plebs,alive,-99,-54,low,RE Herennius 8; MRR2 attestations 60 BCE to 60 BCE (n=1); floruit derived: earliest attestation - 40 and latest + 5
dprr:hermes-1912,person,Hermes,,Roman magistrate; offices: promagistrate,alive,-83,-38,low,RE Hermes 1912; MRR2 attestations 44 BCE to 44 BCE (n=1); floruit derived: earliest attestation - 40 and latest + 5
dprr:herminius-2,person,Titus Herminius,? T. Herminius Pat. (2)|T. Herminius - f. - n. Aquilinus Pat. (2),Roman magistrate; offices: consul; legate; ambassador,alive,-547,-493,medium,RE Herminius 2; MRR1 attestations 508 BCE to 499 BCE (n=3); floruit derived: earliest attestation - 40 and latest + 5
dprr:herrennius-7,person,Gaius Herrennius,,Roman magistrate; offices: legate,alive,-115,-70,low,RE Herrennius 7; MRR2 attestations 76 BCE to 76 BCE (n=1); floruit derived: earliest attestation - 40 and latest + 5
dprr:hiero-19,person,Hiero,,Roman magistrate; offices: promagistrate,alive,-74,-29,low,RE Hiero 19; MRR2 attestations 35 BCE to 35 BCE (n=1); floruit derived: earliest attestation - 40 and latest + 5
dprr:hirtius-2,person,Aulus Hirtius,? A. Hirtius (2)|Ca. 45-43: A. Hirtius (2)|A. Hirtius A. f. - n. (2),Roman magistrate; offices: consul; praetor; tribune of the plebs,alive,-93,-37,medium,RE Hirtius 2; MRR2 attestations 54 BCE to 43 BCE (n=6); floruit derived: earliest attestation - 40 and latest + 5
dprr:hirtuleius-1,person,Hirtuleius,,Roman magistrate; offices: quaestor,alive,-125,-80,low,RE Hirtuleius 1; MRR2 attestations 86 BCE to 86 BCE (n=1); floruit derived: earliest attestation - 40 and latest + 5
dprr:hirtuleius-3,person,Lucius Hirtuleius,? L. Hirtuleius (3),Roman magistrate; offices: quaestor; promagistrate,alive,-118,-69,medium,RE Hirtuleius 3; MRR2 attestations 79 BCE to 75 BCE (n=3); floruit derived: earliest attestation - 40 and latest + 5
dprr:hirtuleius-33,person,Lucius Hirtuleius,,Roman magistrate; offices: promagistrate,alive,-117,-72,low,RE Hirtuleius 33; MRR2 attestations 78 BCE to 78 BCE (n=1); floruit derived: earliest attestation - 40 and latest + 5
dprr:horatius-10,person,Quintus Horatius Flaccus,,Roman magistrate; offices: military tribune,alive,-82,-36,medium,RE Horatius 10; MRR2 attestations 43 BCE to 42 BCE (n=2); floruit derived: earliest attestation - 40 and latest + 5
dprr:horatius-13,person,Gaius Horatius Pulvillus,?-453: C. Horatius Pulvillus Pat. (13)|C. (or M.) Horatius M. f. M. n. Pulvillus Pat. (13),Roman magistrate; offices: consul; augur,alive,-516,-447,high,RE Horatius 13; MRR1 attestations 477 BCE to 453 BCE (n=3); floruit derived: earliest attestation - 40 and latest + 5
dprr:horatius-14,person,Lucius Horatius Pulvillus,,Roman magistrate; offices: consul,alive,-425,-380,low,RE Horatius 14; MRR1 attestations 386 BCE to 386 BCE (n=1); floruit derived: earliest attestation - 40 and latest + 5
dprr:horatius-15,person,Marcus Horatius Pulvillus,M. Horatius Pulvillus Pat. (15),Roman magistrate; offices: consul; pontifex,alive,-548,-501,medium,RE Horatius 15; MRR1 attestations 509 BCE to 507 BCE (n=3); floruit derived: earliest attestation - 40 and latest + 5
dprr:horatius-3,person,Horatius,,Roman magistrate; offices: legate,alive,-84,-37,medium,RE Horatius 3; MRR2 attestations 45 BCE to 43 BCE (n=2); floruit derived: earliest attestation - 40 and latest + 5
dprr:horatius-5,person,Marcus Horatius,,Roman magistrate; offices: consul,alive,-417,-372,low,RE Horatius 5; MRR1 attestations 378 BCE to 378 BCE (n=1); floruit derived: earliest attestation - 40 and latest + 5
dprr:horatius-7,person,Lucius Horatius Barbatus,,Roman magistrate; offices: consul,alive,-464,-419,low,RE Horatius 7; MRR1 attestations 425 BCE to 425 BCE (n=1); floruit derived: earliest attestation - 40 and latest + 5
dprr:horatius-8,person,Marcus Horatius Barbatus,,Roman magistrate; offices: consul,alive,-488,-443,low,RE Horatius 8; MRR1 attestations 449 BCE to 449 BCE (n=1); floruit derived: earliest attestation - 40 and latest + 5
dprr:hortensius-13,person,Quintus Hortensius Hortalus,Before 67-50: Q. Hortensius Hortalus (13)|Hortensius Hortalus (13)|Q. Hortensius L. f. - n. Hortalus (13),Roman magistrate; offices: consul; praetor; aedile,alive,-128,-44,high,RE Hortensius 13; MRR2 attestations 89 BCE to 50 BCE (n=6); floruit derived: earliest attestation - 40 and latest + 5
dprr:hortensius-2,person,Hortensius,(L. ?) Hortensius - f. - n. (2),Roman magistrate; offices: consul; praetor,alive,-150,-102,medium,RE Hortensius 2; MRR1 attestations 111 BCE to 108 BCE (n=2); floruit derived: earliest attestation - 40 and latest + 5
dprr:hortensius-3,person,Lucius Hortensius,,Roman magistrate; offices: tribune of the plebs,alive,-461,-416,low,RE Hortensius 3; MRR1 attestations 422 BCE to 422 BCE (n=1); floruit derived: earliest attestation - 40 and latest + 5
dprr:hortensius-4,person,Lucius Hortensius,,Roman magistrate; offices: praetor; ambassador,alive,-209,-149,medium,RE Hortensius 4; MRR1 attestations 170 BCE to 155 BCE (n=2); floruit derived: earliest attestation - 40 and latest + 5
dprr:hortensius-5,person,Hortensius,(Q. ?) Hortensius - f. - n. (5)|? (Q. ?) Hortensius (5),Roman magistrate; offices: consul; praetor; legate,alive,-159,-102,medium,RE Hortensius 5; MRR1 attestations 120 BCE to 108 BCE (n=3); floruit derived: earliest attestation - 40 and latest + 5
dprr:hortensius-6,person,Lucius Hortensius,? L. Hortensius (6),Roman magistrate; offices: legate,alive,-126,-79,medium,RE Hortensius 6; MRR2 attestations 87 BCE to 85 BCE (n=3); floruit derived: earliest attestation - 40 and latest + 5
dprr:hortensius-7,person,Quintus Hortensius,,Roman magistrate; offices: dictator,alive,-326,-281,low,RE Hortensius 7; MRR1 attestations 287 BCE to 287 BCE (n=1); floruit derived: earliest attestation - 40 and latest + 5
dprr:hortensius-8,person,Quintus Hortensius,? Q. Hortensius (8),Roman magistrate; offices: praetor; promagistrate; legate,alive,-88,-36,medium,RE Hortensius 8; MRR2 attestations 49 BCE to 42 BCE (n=5); floruit derived: earliest attestation - 40 and latest + 5
dprr:hostilius-10,person,Aulus Hostilius Cato,A. Hostilius (10),Roman magistrate; offices: praetor; decemvir; legate,alive,-246,-184,high,RE Hostilius 10; MRR1 attestations 207 BCE to 190 BCE (n=4); floruit derived: earliest attestation - 40 and latest + 5
dprr:hostilius-12,person,Lucius Hostilius Cato,C. Hostilius Cato (12),Roman magistrate; offices: praetor; decemvir; legate,alive,-246,-184,high,RE Hostilius 12; MRR1 attestations 207 BCE to 190 BCE (n=4); floruit derived: earliest attestation - 40 and latest + 5
dprr:hostilius-13,person,Lucius Hostilius,,Roman magistrate; offices: tribune of the plebs,alive,-107,-62,low,RE Hostilius 13; MRR2 attestations 68 BCE to 68 BCE (n=1); floruit derived: earliest attestation - 40 and latest + 5
dprr:hostilius-16,person,Aulus Hostilius Mancinus,A. Hostilius L. f. A. n. Mancinus (16),Roman magistrate; offices: consul; praetor; promagistrate,alive,-219,-163,medium,RE Hostilius 16; MRR1 attestations 180 BCE to 169 BCE (n=3); floruit derived: earliest attestation - 40 and latest + 5
dprr:hostilius-17,person,Aulus Hostilius Mancinus,A. Hostilius Mancinus (17),Roman magistrate; offices: aedile; ambassador,alive,-190,-143,medium,RE Hostilius 17; MRR1 attestations 151 BCE to 149 BCE (n=2); floruit derived: earliest attestation - 40 and latest + 5
dprr:hostilius-18,person,Gaius Hostilius Mancinus,C. Hostilius A. f. L. n. Mancinus (18),Roman magistrate; offices: consul; praetor,alive,-179,-131,medium,RE Hostilius 18; MRR1 attestations 140 BCE to 137 BCE (n=2); floruit derived: earliest attestation - 40 and latest + 5
dprr:hostilius-20,person,Lucius Hostilius Mancinus,L. Hostilius L. f. L. n. Mancinus (20)|L. Hostilius Mancinus (20),Roman magistrate; offices: consul; praetor; legate,alive,-188,-139,medium,RE Hostilius 20; MRR1 attestations 149 BCE to 145 BCE (n=3); floruit derived: earliest attestation - 40 and latest + 5
dprr:hostilius-25,person,Gaius Hostilius Tubulus,,Roman magistrate; offices: praetor; promagistrate,alive,-248,-198,medium,RE Hostilius 25; MRR1 attestations 209 BCE to 204 BCE (n=6); floruit derived: earliest attestation - 40 and latest + 5
dprr:hostilius-26,person,Lucius Hostilius Tubulus,,Roman magistrate; offices: praetor,alive,-181,-136,low,RE Hostilius 26; MRR1 attestations 142 BCE to 142 BCE (n=1); floruit derived: earliest attestation - 40 and latest + 5
dprr:hostilius-3,person,Gaius Hostilius,,Roman magistrate; offices: ambassador,alive,-207,-162,low,RE Hostilius 3; MRR1 attestations 168 BCE to 168 BCE (n=1); floruit derived: earliest attestation - 40 and latest + 5
dprr:hostus-27,person,Hostus Lucretius Tricipitinus,,Roman magistrate; offices: consul,alive,-468,-423,low,RE Hostus 27; MRR1 attestations 429 BCE to 429 BCE (n=1); floruit derived: earliest attestation - 40 and latest + 5
dprr:icilius-2,person,Lucius Icilius,,Roman magistrate; offices: tribune of the plebs,alive,-495,-443,medium,RE Icilius 2; MRR1 attestations 456 BCE to 449 BCE (n=3); floruit derived: earliest attestation - 40 and latest + 5
dprr:icilius-3,person,Lucius Icilius,(L. ?) Icilius (3)|? Icilius (RE 850f. and no. 3)|? Icilius (RE 850f.; and no. 3),Roman magistrate; offices: tribune of the plebs,alive,-451,-403,medium,RE Icilius 3; MRR1 attestations 412 BCE to 409 BCE (n=2); floruit derived: earliest attestation - 40 and latest + 5
dprr:icilius-31,person,Spurius Licinius,,Roman magistrate; offices: tribune of the plebs,alive,-520,-475,low,RE Icilius 31; MRR1 attestations 481 BCE to 481 BCE (n=1); floruit derived: earliest attestation - 40 and latest + 5
dprr:icilius-5,person,Spurius Icilius,C. Viscellius ? (Icilius) Ruga (cf. Icilius; 5)|C. Visellius (Viscellius ?) Ruga (see Icilius 5),Roman magistrate; offices: aedile; tribune of the plebs; envoy,alive,-532,-464,high,RE Icilius 5; MRR1 attestations 493 BCE to 470 BCE (n=3); floruit derived: earliest attestation - 40 and latest + 5
dprr:imp-132,person,Imp Caesar Divi,,Roman magistrate; offices: triumvir,alive,-82,-17,high,RE Imp 132; MRR2 attestations 43 BCE to 23 BCE (n=5); floruit derived: earliest attestation - 40 and latest + 5
dprr:insteius-1,person,Gaius Insteius,,Roman magistrate; offices: prefect,alive,-115,-70,low,RE Insteius 1; MRR2 attestations 76 BCE to 76 BCE (n=1); floruit derived: earliest attestation - 40 and latest + 5
dprr:insteius-2,person,Lucius Insteius,,Roman magistrate; offices: legate,alive,-115,-70,low,RE Insteius 2; MRR2 attestations 76 BCE to 76 BCE (n=1); floruit derived: earliest attestation - 40 and latest + 5
dprr:insteius-3,person,Marcus Insteius,,Roman magistrate; offices: tribune of the plebs; promagistrate,alive,-81,-25,medium,RE Insteius 3; MRR2 attestations 42 BCE to 31 BCE (n=2); floruit derived: earliest attestation - 40 and latest + 5
dprr:iuncus-4,person,Marcus Iuncus,,Roman magistrate; offices: praetor; promagistrate,alive,-115,-69,medium,RE Iuncus 4; MRR2 attestations 76 BCE to 75 BCE (n=2); floruit derived: earliest attestation - 40 and latest + 5
dprr:iuventius-1,person,Iuventius,,Roman magistrate; offices: aedile,alive,-345,-300,low,RE Iuventius 1; MRR1 attestations 306 BCE to 306 BCE (n=1); floruit derived: earliest attestation - 40 and latest + 5
dprr:iuventius-16,person,Marcus Iuventius Laterensis,? M. Iuventius Laterensis (16),Roman magistrate; offices: praetor; quaestor; legate,alive,-101,-37,high,RE Iuventius 16; MRR2 attestations 62 BCE to 43 BCE (n=3); floruit derived: earliest attestation - 40 and latest + 5
dprr:iuventius-29,person,Lucius Iuventius Thalna,,Roman magistrate; offices: legate; envoy,alive,-224,-178,medium,RE Iuventius 29; MRR1 attestations 185 BCE to 184 BCE (n=2); floruit derived: earliest attestation - 40 and latest + 5
dprr:iuventius-30,person,Manius Iuventius Thalna,M'. Iuventius T. f. T. n. Thalna (30),Roman magistrate; offices: consul; praetor; tribune of the plebs,alive,-209,-157,medium,RE Iuventius 30; MRR1 attestations 170 BCE to 163 BCE (n=3); floruit derived: earliest attestation - 40 and latest + 5
dprr:iuventius-31,person,Publius Iuventius Thalna,P. Iuventius (Thalna) (31),Roman magistrate; offices: praetor; promagistrate,alive,-188,-142,medium,RE Iuventius 31; MRR1 attestations 149 BCE to 148 BCE (n=2); floruit derived: earliest attestation - 40 and latest + 5
dprr:iuventius-32,person,Titus Iuventius Thalna,T. Iuventius (Thalna) (32),Roman magistrate; offices: praetor; ambassador,alive,-233,-166,medium,RE Iuventius 32; MRR1 attestations 194 BCE to 172 BCE (n=2); floruit derived: earliest attestation - 40 and latest + 5
dprr:iuventius-9,person,Titus Iuventius,,Roman magistrate; offices: military tribune,alive,-236,-191,low,RE Iuventius 9; MRR1 attestations 197 BCE to 197 BCE (n=1); floruit derived: earliest attestation - 40 and latest + 5
dprr:julius-13,person,Gaius Julius,C. Iulius - f. - n. Iullus Pat. (13),Roman magistrate; offices: consul,alive,-486,-428,medium,RE Iulius 13; MRR1 attestations 447 BCE to 434 BCE (n=3); floruit derived: earliest attestation - 40 and latest + 5
dprr:julius-130,person,Gaius Julius Caesar,? C. Iulius C. f. Caesar Pat. (130),Roman magistrate; offices: praetor; promagistrate; decemvir,alive,-139,-85,medium,RE Iulius 130; MRR1+MRR2 attestations 100 BCE to 91 BCE (n=3); floruit derived: earliest attestation - 40 and latest + 5
dprr:julius-131,person,Gaius Julius Caesar,C. Iulius C. f. C. n. Caesar Pat. (131)|C. Iulius C. f. C. n. Caesar. Pat. (131)|47?-44: C. Iulius Caesar Pat. (131)|73-44: C. Iulius Caesar Pat. (131)|C. Iulius Caesar. Pat. (131),Roman magistrate; offices: dictator; consul; praetor,alive,-126,-35,high,RE Iulius 131; MRR2 attestations 87 BCE to 41 BCE (n=29); floruit derived: earliest attestation - 40 and latest + 5
dprr:julius-132,person,Augustus,Imp. Caesar. Divi f. Pat. (Iulius 132)|Imp. Caesar Divi f. Pat. (Iulius 132)|Imp. Caesar divi f. Pat. (Iulius 132)|47 B. C. - 14 A. D.: C. Octavius (Thurinus) (Iulius 132)|? Imp. Caesar Divi f. Pat. (Iulius 132),Roman magistrate; offices: consul; promagistrate; triumvir,alive,-92,19,high,RE Iulius 132; MRR2 attestations 53 BCE to 14 CE (n=17); floruit derived: earliest attestation - 40 and latest + 5
dprr:julius-135,person,Gaius Julius Caesar Strabo,? C. Iulius Caesar Strabo (Vopiscus) Pat. (135)|?-87: C. Iulius Caesar Strabo Pat. (135)|C. Iulius L. f. (Caesar Strabo) Pat. (135),Roman magistrate; offices: aedile; quaestor; decemvir,alive,-139,-81,medium,RE Iulius 135; MRR1+MRR2 attestations 100 BCE to 87 BCE (n=5); floruit derived: earliest attestation - 40 and latest + 5
dprr:julius-142,person,Lucius Julius Caesar,? L. Iulius Caesar Pat. (142)|L. Iulius Caesar Pat. (142),Roman magistrate; offices: consul; censor; praetor,alive,-134,-83,medium,RE Iulius 142; MRR2 attestations 95 BCE to 89 BCE (n=4); floruit derived: earliest attestation - 40 and latest + 5
dprr:julius-143,person,Lucius Julius Caesar,88 or 80-40: L. Iulius Caesar Pat. (143)|? L. Iulius Caesar Pat. (143)|L. Iulius L. f. L. n. Caesar Pat. (143),Roman magistrate; offices: consul; praetor; quaestor,alive,-127,-34,high,RE Iulius 143; MRR2 attestations 88 BCE to 40 BCE (n=14); floruit derived: earliest attestation - 40 and latest + 5
dprr:julius-144,person,Lucius Julius Caesar,L. Iulius Caesar. Pat. (144),Roman magistrate; offices: promagistrate; envoy; prefect,alive,-88,-40,medium,RE Iulius 144; MRR2 attestations 49 BCE to 46 BCE (n=4); floruit derived: earliest attestation - 40 and latest + 5
dprr:julius-147,person,Sextus Julius Caesar,,Roman magistrate; offices: praetor; envoy,alive,-247,-202,low,RE Iulius 147; MRR1 attestations 208 BCE to 208 BCE (n=1); floruit derived: earliest attestation - 40 and latest + 5
dprr:julius-148,person,Sextus Julius Caesar,? Sex. Iulius Caesar Pat. (148; 149)|Sex. Iulius Sex. f. L. n. Caesar Pat. (148; 149),Roman magistrate; offices: consul; praetor; ambassador,alive,-220,-141,high,RE Iulius 148; MRR1 attestations 181 BCE to 147 BCE (n=5); floruit derived: earliest attestation - 40 and latest + 5
dprr:julius-150,person,Sextus Julius Caesar,,Roman magistrate; offices: praetor,alive,-162,-117,low,RE Iulius 150; MRR1 attestations 123 BCE to 123 BCE (n=1); floruit derived: earliest attestation - 40 and latest + 5
dprr:julius-151,person,Sextus Julius Caesar,Sex. Iulius C. f. L.? n. Caesar Pat. (151),Roman magistrate; offices: consul; praetor,alive,-133,-85,medium,RE Iulius 151; MRR2 attestations 94 BCE to 91 BCE (n=2); floruit derived: earliest attestation - 40 and latest + 5
dprr:julius-152,person,Sextus Julius Caesar,Ca. 59-46: Sex. Iulius Caesar Pat. (152; 153),Roman magistrate; offices: pontifex; flamen,alive,-98,-40,medium,RE Iulius 152; MRR2 attestations 59 BCE to 46 BCE (n=4); floruit derived: earliest attestation - 40 and latest + 5
dprr:julius-153,person,Sextus Julius Caesar,Sex. Iulius Caesar Pat. (153),Roman magistrate; offices: quaestor; promagistrate; legate,alive,-88,-40,medium,RE Iulius 153; MRR2 attestations 49 BCE to 46 BCE (n=4); floruit derived: earliest attestation - 40 and latest + 5
dprr:julius-17,person,Gaius Julius,,Roman magistrate; offices: dictator,alive,-391,-346,low,RE Iulius 17; MRR1 attestations 352 BCE to 352 BCE (n=1); floruit derived: earliest attestation - 40 and latest + 5
dprr:julius-27,person,Lucius Julius,,Roman magistrate; offices: praetor,alive,-222,-177,low,RE Iulius 27; MRR1 attestations 183 BCE to 183 BCE (n=1); floruit derived: earliest attestation - 40 and latest + 5
dprr:julius-28,person,Lucius Julius,,Roman magistrate; offices: praetor,alive,-205,-160,low,RE Iulius 28; MRR1 attestations 166 BCE to 166 BCE (n=1); floruit derived: earliest attestation - 40 and latest + 5
dprr:julius-29,person,Lucius Julius,,Roman magistrate; offices: aedile,alive,-185,-140,low,RE Iulius 29; MRR1 attestations 146 BCE to 146 BCE (n=1); floruit derived: earliest attestation - 40 and latest + 5
dprr:julius-293,person,Gaius Julius Iullus,,Roman magistrate; offices: consul,alive,-528,-483,low,RE Iulius 293; MRR1 attestations 489 BCE to 489 BCE (n=1); floruit derived: earliest attestation - 40 and latest + 5
dprr:julius-294,person,Gaius Julius Iullus,C. Iulius (Iullus) Pat. (294),Roman magistrate; offices: consul; envoy,alive,-521,-443,high,RE Iulius 294; MRR1 attestations 482 BCE to 449 BCE (n=3); floruit derived: earliest attestation - 40 and latest + 5
dprr:julius-295,person,Gaius Julius Vopisci Iullus,,Roman magistrate; offices: consul; censor,alive,-447,-387,high,RE Iulius 295; MRR1 attestations 408 BCE to 393 BCE (n=3); floruit derived: earliest attestation - 40 and latest + 5
dprr:julius-296,person,Lucius Julius Iullus,L. Iulius (Vop. f. C. n. ?) Iullus Pat. (296; cf. 14)|L. Iulius (Vopisci f. C. ? n.) Iullus Pat. (296; cf. 14),Roman magistrate; offices: master of horse; consul,alive,-477,-424,medium,RE Iulius 296; MRR1 attestations 438 BCE to 430 BCE (n=3); floruit derived: earliest attestation - 40 and latest + 5
dprr:julius-297,person,Lucius Julius Vopisci Iullus,,Roman magistrate; offices: consul,alive,-442,-397,low,RE Iulius 297; MRR1 attestations 403 BCE to 403 BCE (n=1); floruit derived: earliest attestation - 40 and latest + 5
dprr:julius-298,person,Lucius Julius Vopisci Iullus,,Roman magistrate; offices: consul,alive,-440,-391,medium,RE Iulius 298; MRR1 attestations 401 BCE to 397 BCE (n=2); floruit derived: earliest attestation - 40 and latest + 5
dprr:julius-299,person,Lucius Julius Iullus,L. Iulius - f. - n. (Iullus) Pat. (299),Roman magistrate; offices: consul,alive,-427,-373,medium,RE Iulius 299; MRR1 attestations 388 BCE to 379 BCE (n=2); floruit derived: earliest attestation - 40 and latest + 5
dprr:julius-300,person,Sextus Julius Iullus,,Roman magistrate; offices: consul,alive,-463,-418,low,RE Iulius 300; MRR1 attestations 424 BCE to 424 BCE (n=1); floruit derived: earliest attestation - 40 and latest + 5
dprr:julius-318,person,Lucius Julius Libo,,Roman magistrate; offices: consul,alive,-306,-261,low,RE Iulius 318; MRR1 attestations 267 BCE to 267 BCE (n=1); floruit derived: earliest attestation - 40 and latest + 5
dprr:julius-360,person,Gaius Julius Mento,,Roman magistrate; offices: consul,alive,-470,-425,low,RE Iulius 360; MRR1 attestations 431 BCE to 431 BCE (n=1); floruit derived: earliest attestation - 40 and latest + 5
dprr:julius-453,person,Lucius Julius Salinator,,Roman magistrate; offices: legate,alive,-120,-75,low,RE Iulius 453; MRR2 attestations 81 BCE to 81 BCE (n=1); floruit derived: earliest attestation - 40 and latest + 5
dprr:junius-12,person,Gaius Junius,,Roman magistrate; offices: tribune of the plebs,alive,-462,-417,low,RE Iunius 12; MRR1 attestations 423 BCE to 423 BCE (n=1); floruit derived: earliest attestation - 40 and latest + 5
dprr:junius-121,person,Marcus Junius Pennus,,Roman magistrate; offices: praetor; aedile,alive,-244,-195,medium,RE Iunius 121; MRR1 attestations 205 BCE to 201 BCE (n=2); floruit derived: earliest attestation - 40 and latest + 5
dprr:junius-122,person,Marcus Junius Pennus,M. Iunius M. f. M. n. Pennus (122)|M. Iunius Pennus Pat. (122),Roman magistrate; offices: consul; praetor; promagistrate,alive,-211,-161,medium,RE Iunius 122; MRR1 attestations 172 BCE to 167 BCE (n=3); floruit derived: earliest attestation - 40 and latest + 5
dprr:junius-123,person,Marcus Junius Pennus,? M. Iunius Pennus (123),Roman magistrate; offices: aedile; tribune of the plebs,alive,-165,-117,medium,RE Iunius 123; MRR1 attestations 126 BCE to 123 BCE (n=2); floruit derived: earliest attestation - 40 and latest + 5
dprr:junius-124,person,Decimus Junius Pera,,Roman magistrate; offices: consul; censor,alive,-305,-247,medium,RE Iunius 124; MRR1 attestations 266 BCE to 253 BCE (n=2); floruit derived: earliest attestation - 40 and latest + 5
dprr:junius-126,person,Marcus Junius Pera,M. Iunius D. f. D. n. Pera Pat. (126),Roman magistrate; offices: dictator; consul; censor,alive,-284,-210,high,RE Iunius 126; MRR1 attestations 245 BCE to 216 BCE (n=4); floruit derived: earliest attestation - 40 and latest + 5
dprr:junius-133,person,Lucius Junius Pullus,,Roman magistrate; offices: consul,alive,-288,-243,low,RE Iunius 133; MRR1 attestations 249 BCE to 249 BCE (n=1); floruit derived: earliest attestation - 40 and latest + 5
dprr:junius-15,person,Gaius Junius,,Roman magistrate; offices: aedile; special commission,alive,-114,-68,medium,RE Iunius 15; MRR2 attestations 75 BCE to 74 BCE (n=2); floruit derived: earliest attestation - 40 and latest + 5
dprr:junius-161,person,Decimus Junius Silanus,,Roman magistrate; offices: praetor,alive,-180,-135,low,RE Iunius 161; MRR1 attestations 141 BCE to 141 BCE (n=1); floruit derived: earliest attestation - 40 and latest + 5
dprr:junius-163,person,Decimus Junius Silanus,? D. Iunius Silanus (163)|Ca. 76-74 to 61-60: D. Iunius Silanus (163)|D. Iunius M. f. - n. Silanus (163),Roman magistrate; offices: consul; praetor; aedile,alive,-115,-54,high,RE Iunius 163; MRR2 attestations 76 BCE to 60 BCE (n=8); floruit derived: earliest attestation - 40 and latest + 5
dprr:junius-165,person,Lucius Junius Silanus,,Roman magistrate; offices: augur,alive,-70,-25,low,RE Iunius 165; MRR2 attestations 31 BCE to 31 BCE (n=1); floruit derived: earliest attestation - 40 and latest + 5
dprr:junius-167,person,Marcus Junius Silanus,M. Iunius (Silanus) (167),Roman magistrate; offices: praetor; promagistrate,alive,-251,-200,medium,RE Iunius 167; MRR1 attestations 212 BCE to 206 BCE (n=7); floruit derived: earliest attestation - 40 and latest + 5
dprr:junius-168,person,Marcus Junius Silanus,,Roman magistrate; offices: prefect,alive,-235,-190,low,RE Iunius 168; MRR1 attestations 196 BCE to 196 BCE (n=1); floruit derived: earliest attestation - 40 and latest + 5
dprr:junius-169,person,Marcus Junius Silanus,? M. Iunius Silanus (169)|? M. Iunius D. f. (Silanus) (169)|M. Iunius D. f. D. n. Silanus (169),Roman magistrate; offices: consul; praetor; tribune of the plebs,alive,-255,-102,high,RE Iunius 169; MRR1 attestations 216 BCE to 108 BCE (n=7); floruit derived: earliest attestation - 40 and latest + 5
dprr:junius-170,person,Marcus Junius Silanus,,Roman magistrate; offices: praetor; quaestor; promagistrate,alive,-123,-70,medium,RE Iunius 170; MRR2 attestations 84 BCE to 76 BCE (n=5); floruit derived: earliest attestation - 40 and latest + 5
dprr:junius-171,person,Marcus Junius Silanus,,Roman magistrate; offices: legate,alive,-92,-47,low,RE Iunius 171; MRR2 attestations 53 BCE to 53 BCE (n=1); floruit derived: earliest attestation - 40 and latest + 5
dprr:junius-172,person,Marcus Junius Silanus,M. Iunius Silanus (172; cf. 171),Roman magistrate; offices: promagistrate; legate; augur,alive,-82,-19,high,RE Iunius 172; MRR2 attestations 43 BCE to 25 BCE (n=6); floruit derived: earliest attestation - 40 and latest + 5
dprr:junius-18,person,Decimus Junius,,Roman magistrate; offices: legate,alive,-251,-206,low,RE Iunius 18; MRR1 attestations 212 BCE to 212 BCE (n=1); floruit derived: earliest attestation - 40 and latest + 5
dprr:junius-19,person,Lucius Junius,,Roman magistrate; offices: ambassador,alive,-206,-161,low,RE Iunius 19; MRR1 attestations 167 BCE to 167 BCE (n=1); floruit derived: earliest attestation - 40 and latest + 5
dprr:junius-22,person,Marcus Junius,,Roman magistrate; offices: aedile,alive,-185,-140,low,RE Iunius 22; MRR1 attestations 146 BCE to 146 BCE (n=1); floruit derived: earliest attestation - 40 and latest + 5
dprr:junius-23,person,Marcus Junius,,Roman magistrate; offices: legate,alive,-120,-75,low,RE Iunius 23; MRR2 attestations 81 BCE to 81 BCE (n=1); floruit derived: earliest attestation - 40 and latest + 5
dprr:junius-25,person,Marcus Junius,,Roman magistrate; offices: praetor,alive,-106,-61,low,RE Iunius 25; MRR2 attestations 67 BCE to 67 BCE (n=1); floruit derived: earliest attestation - 40 and latest + 5
dprr:junius-26,person,Publius Junius,,Roman magistrate; offices: ambassador,alive,-269,-224,low,RE Iunius 26; MRR1 attestations 230 BCE to 230 BCE (n=1); floruit derived: earliest attestation - 40 and latest + 5
dprr:junius-27,person,Publius Junius,,Roman magistrate; offices: prefect,alive,-108,-63,low,RE Iunius 27; MRR2 attestations 69 BCE to 69 BCE (n=1); floruit derived: earliest attestation - 40 and latest + 5
dprr:junius-29,person,Quintus Junius,,Roman magistrate; offices: tribune of the plebs,alive,-478,-433,low,RE Iunius 29; MRR1 attestations 439 BCE to 439 BCE (n=1); floruit derived: earliest attestation - 40 and latest + 5
dprr:junius-45,person,Decimus Junius Brutus,,Roman magistrate; offices: triumvir,alive,-233,-188,low,RE Iunius 45; MRR1 attestations 194 BCE to 194 BCE (n=1); floruit derived: earliest attestation - 40 and latest + 5
dprr:junius-46,person,Decimus Junius Brutus,D. Iunius D. f. M. n. Brutus (46),Roman magistrate; offices: consul; praetor,alive,-119,-71,medium,RE Iunius 46; MRR2 attestations 80 BCE to 77 BCE (n=2); floruit derived: earliest attestation - 40 and latest + 5
dprr:junius-47,person,Lucius Junius Brutus,,Roman magistrate; offices: aedile; tribune of the plebs; envoy,alive,-532,-486,medium,RE Iunius 47; MRR1 attestations 493 BCE to 492 BCE (n=2); floruit derived: earliest attestation - 40 and latest + 5
dprr:junius-48,person,Marcus Junius Brutus,M. Iunius (Brutus) (48)|? M. Iunius Brutus (48)|M. Iunius M. f. L. n. Brutus (48),Roman magistrate; offices: consul; praetor; aedile,alive,-234,-157,high,RE Iunius 48; MRR1 attestations 195 BCE to 163 BCE (n=9); floruit derived: earliest attestation - 40 and latest + 5
dprr:junius-49,person,Marcus Junius Brutus,? M. Iunius (Brutus) (49),Roman magistrate; offices: praetor; aedile,alive,-185,-134,medium,RE Iunius 49; MRR1 attestations 146 BCE to 140 BCE (n=2); floruit derived: earliest attestation - 40 and latest + 5
dprr:junius-5,person,Decimus Junius Brutus Albinus,,Roman magistrate; offices: praetor; promagistrate; legate,alive,-91,-36,medium,RE Iunius 5; MRR2 attestations 52 BCE to 42 BCE (n=9); floruit derived: earliest attestation - 40 and latest + 5
dprr:junius-51,person,Marcus Junius Brutus,,Roman magistrate; offices: praetor,alive,-127,-82,low,RE Iunius 51; MRR2 attestations 88 BCE to 88 BCE (n=1); floruit derived: earliest attestation - 40 and latest + 5
dprr:junius-52,person,Marcus Junius Brutus,,Roman magistrate; offices: tribune of the plebs; legate,alive,-122,-71,medium,RE Iunius 52; MRR2 attestations 83 BCE to 77 BCE (n=2); floruit derived: earliest attestation - 40 and latest + 5
dprr:junius-53,person,Marcus Junius Brutus,? M. Iunius Brutus (53)|?-42: M. Iunius Brutus (53)|Before 50-42: M. Iunius Brutus Pat. (53),Roman magistrate; offices: praetor; quaestor; promagistrate,alive,-92,-36,medium,RE Iunius 53; MRR2 attestations 53 BCE to 42 BCE (n=8); floruit derived: earliest attestation - 40 and latest + 5
dprr:junius-54,person,Publius Junius Brutus,,Roman magistrate; offices: praetor; aedile; tribune of the plebs,alive,-234,-182,medium,RE Iunius 54; MRR1 attestations 195 BCE to 188 BCE (n=5); floruit derived: earliest attestation - 40 and latest + 5
dprr:junius-55,person,Titus Junius Brutus,,Roman magistrate; offices: aedile,alive,-530,-485,low,RE Iunius 55; MRR1 attestations 491 BCE to 491 BCE (n=1); floruit derived: earliest attestation - 40 and latest + 5
dprr:junius-56,person,Gaius Junius Bubulcus Brutus,,Roman magistrate; offices: consul,alive,-330,-271,medium,RE Iunius 56; MRR1 attestations 291 BCE to 277 BCE (n=2); floruit derived: earliest attestation - 40 and latest + 5
dprr:junius-57,person,Decimus Junius Brutus Callaicus,? D. Iunius Brutus Callaicus (57)|? D. Iunius Brutus (Callaicus) (57)|D. Iunius Brutus (Callaicus) (57)|D. Iunius M. f. M. n. Brutus (Callaicus) (57)|D. Iunius M. f. M. n. Brutus Callaicus (57),Roman magistrate; offices: consul; praetor; promagistrate,alive,-180,-123,medium,RE Iunius 57; MRR1 attestations 141 BCE to 129 BCE (n=6); floruit derived: earliest attestation - 40 and latest + 5
dprr:junius-58,person,Lucius Junius Brutus Damasippus,? L. Iunius L. f. Gal. (Brutus Damasippus?)23 (58),Roman magistrate; offices: praetor; legate,alive,-128,-76,medium,RE Iunius 58; MRR2 attestations 89 BCE to 82 BCE (n=3); floruit derived: earliest attestation - 40 and latest + 5
dprr:junius-60,person,Decimus Junius Brutus Scaeva,D. Iunius (Brutus) Scaeva (60),Roman magistrate; offices: master of horse; consul; triumvir,alive,-378,-307,high,RE Iunius 60; MRR1 attestations 339 BCE to 313 BCE (n=3); floruit derived: earliest attestation - 40 and latest + 5
dprr:junius-61,person,Decimus Junius Brutus Scaeva,,Roman magistrate; offices: consul,alive,-331,-286,low,RE Iunius 61; MRR1 attestations 292 BCE to 292 BCE (n=1); floruit derived: earliest attestation - 40 and latest + 5
dprr:junius-62,person,Gaius Junius Bubulcus Brutus,,Roman magistrate; offices: dictator; master of horse; consul,alive,-356,-296,high,RE Iunius 62; MRR1 attestations 317 BCE to 302 BCE (n=8); floruit derived: earliest attestation - 40 and latest + 5
dprr:junius-7,person,Lucius Vibius Paciaecus,,Roman magistrate; offices: prefect,alive,-84,-39,low,RE Iunius 7; MRR2 attestations 45 BCE to 45 BCE (n=1); floruit derived: earliest attestation - 40 and latest + 5
dprr:laberius-1,person,Laberius,,Roman magistrate; offices: military tribune,alive,-297,-252,low,RE Laberius 1; MRR1 attestations 258 BCE to 258 BCE (n=1); floruit derived: earliest attestation - 40 and latest + 5
dprr:laberius-6,person,Quintus Laberius Durus,,Roman magistrate; offices: military tribune,alive,-93,-48,low,RE Laberius 6; MRR2 attestations 54 BCE to 54 BCE (n=1); floruit derived: earliest attestation - 40 and latest + 5
dprr:labienus-5,person,Quintus Labienus,,Roman magistrate; offices: envoy,alive,-81,-36,low,RE Labienus 5; MRR2 attestations 42 BCE to 42 BCE (n=1); floruit derived: earliest attestation - 40 and latest + 5
dprr:labienus-6,person,Titus Labienus,? T. Labienus (6),Roman magistrate; offices: tribune of the plebs; legate,alive,-102,-39,high,RE Labienus 6; MRR2 attestations 63 BCE to 45 BCE (n=15); floruit derived: earliest attestation - 40 and latest + 5
dprr:lacerius-327,person,Gaius Lacerius,,Roman magistrate; offices: tribune of the plebs,alive,-440,-395,low,RE Lacerius 327; MRR1 attestations 401 BCE to 401 BCE (n=1); floruit derived: earliest attestation - 40 and latest + 5
dprr:laelius-14,person,Decimus Laelius Balbus,,Roman magistrate; offices: promagistrate,alive,-81,-36,low,RE Laelius 14; MRR2 attestations 42 BCE to 42 BCE (n=1); floruit derived: earliest attestation - 40 and latest + 5
dprr:laelius-2,person,Gaius Laelius,C. Laelius C. f. C. n. (2),Roman magistrate; offices: consul; praetor; aedile,alive,-248,-164,high,RE Laelius 2; MRR1 attestations 209 BCE to 170 BCE (n=13); floruit derived: earliest attestation - 40 and latest + 5
dprr:laelius-3,person,Gaius Laelius,? C. Laelius (Sapiens) (3)|?- ca. 128: C. Laelius Sapiens (3)|C. Laelius (Sapiens) (3)|C. Laelius C. f. C. n. (3)|C. Laelius C. f. C. n. (Sapiens) (3),Roman magistrate; offices: consul; praetor; promagistrate,alive,-186,-122,high,RE Laelius 3; MRR1 attestations 147 BCE to 128 BCE (n=8); floruit derived: earliest attestation - 40 and latest + 5
dprr:laelius-5,person,Decimus Laelius,,Roman magistrate; offices: legate,alive,-115,-70,low,RE Laelius 5; MRR2 attestations 76 BCE to 76 BCE (n=1); floruit derived: earliest attestation - 40 and latest + 5
dprr:laelius-6,person,Decimus Laelius,,Roman magistrate; offices: tribune of the plebs; envoy; prefect,alive,-93,-42,medium,RE Laelius 6; MRR2 attestations 54 BCE to 48 BCE (n=3); floruit derived: earliest attestation - 40 and latest + 5
dprr:laetorius-1,person,Gaius Laetorius,,Roman magistrate; offices: tribune of the plebs,alive,-510,-465,low,RE Laetorius 1; MRR1 attestations 471 BCE to 471 BCE (n=1); floruit derived: earliest attestation - 40 and latest + 5
dprr:laetorius-11,person,Gaius Laetorius Mergus,,Roman magistrate; offices: military tribune,alive,-351,-306,low,RE Laetorius 11; MRR1 attestations 312 BCE to 312 BCE (n=1); floruit derived: earliest attestation - 40 and latest + 5
dprr:laetorius-12,person,Marcus Laetorius Plancianus,,Roman magistrate; offices: master of horse,alive,-296,-251,low,RE Laetorius 12; MRR1 attestations 257 BCE to 257 BCE (n=1); floruit derived: earliest attestation - 40 and latest + 5
dprr:laetorius-2,person,Gaius Laetorius,C. ? Laetorius (2),Roman magistrate; offices: praetor; aedile; triumvir,alive,-255,-188,high,RE Laetorius 2; MRR1 attestations 216 BCE to 194 BCE (n=7); floruit derived: earliest attestation - 40 and latest + 5
dprr:laetorius-7,person,Lucius Laetorius,,Roman magistrate; offices: aedile,alive,-241,-196,low,RE Laetorius 7; MRR1 attestations 202 BCE to 202 BCE (n=1); floruit derived: earliest attestation - 40 and latest + 5
dprr:laetorius-8,person,Marcus Laetorius,,Roman magistrate; offices: decemvir,alive,-534,-489,low,RE Laetorius 8; MRR1 attestations 495 BCE to 495 BCE (n=1); floruit derived: earliest attestation - 40 and latest + 5
dprr:laevinus-65,person,Laevinus,,Roman magistrate; offices: military tribune,alive,-525,-480,low,RE Laevinus 65; MRR1 attestations 486 BCE to 486 BCE (n=1); floruit derived: earliest attestation - 40 and latest + 5
dprr:lapronius-2,person,Quintus Lapronius,,Roman magistrate; offices: legate,alive,-75,-27,medium,RE Lapronius 2; MRR2 attestations 36 BCE to 33 BCE (n=2); floruit derived: earliest attestation - 40 and latest + 5
dprr:larcius-2,person,Titus Larcius Flavus,(T. Larcius Flavus Pat. (2) Cos. 501; 498)|? T. Larcius - f. - n. Flavus (or Rufus) Pat. (2)|? T. Larcius Flavus Pat. (2)|T. Larcius - f. - n. Flavus Pat. (2)|T. Larcius Flavus Pat. (2),Roman magistrate; offices: dictator; consul; legate,alive,-543,-487,medium,RE Larcius 2; MRR1 attestations 504 BCE to 493 BCE (n=5); floruit derived: earliest attestation - 40 and latest + 5
dprr:larcius-4,person,Spurius Larcius,? Sp. Larcius (Flavus ?) Pat. (4)|Sp. Larcius (Flavus ?) Pat. (4)|Sp. Larcius - f. - n. Flavus (or Rufus) Pat. (4)|Sp. Larcius - f. - n. Rufus (or Flavus ?) Pat. (4)|Sp. Larcius Flavus Pat. (4),Roman magistrate; offices: consul; legate; ambassador,alive,-547,-476,high,RE Larcius 4; MRR1 attestations 508 BCE to 482 BCE (n=8); floruit derived: earliest attestation - 40 and latest + 5
dprr:laronius-2,person,Quintus Laronius,,Roman magistrate; offices: consul,alive,-72,-27,low,RE Laronius 2; MRR2 attestations 33 BCE to 33 BCE (n=1); floruit derived: earliest attestation - 40 and latest + 5
dprr:lars-1,person,Lars Herminius Coritinesanus,,Roman magistrate; offices: consul,alive,-487,-442,low,RE Lars 1; MRR1 attestations 448 BCE to 448 BCE (n=1); floruit derived: earliest attestation - 40 and latest + 5
dprr:lartius-1,person,Lucius Lartius Pap,,Roman magistrate; offices: aedile,alive,-112,-67,low,RE Lartius 1; MRR2 attestations 73 BCE to 73 BCE (n=1); floruit derived: earliest attestation - 40 and latest + 5
dprr:latinus-2,person,Latinus,,Roman magistrate; offices: legate,alive,-84,-37,medium,RE Latinus 2; MRR2 attestations 45 BCE to 43 BCE (n=2); floruit derived: earliest attestation - 40 and latest + 5
dprr:lepidus-68,person,Lepidus,,Roman magistrate; offices: triumvir,alive,-230,-169,high,RE Lepidus 68; MRR1 attestations 191 BCE to 175 BCE (n=4); floruit derived: earliest attestation - 40 and latest + 5
dprr:lepta-1,person,Quintus Lepta,,Roman magistrate; offices: prefect,alive,-90,-44,medium,RE Lepta 1; MRR2 attestations 51 BCE to 50 BCE (n=2); floruit derived: earliest attestation - 40 and latest + 5
dprr:licinia-181,person,Licinia,,Roman magistrate; offices: vestal virgin,alive,-162,-107,medium,RE Licinia 181; MRR1 attestations 123 BCE to 113 BCE (n=3); floruit derived: earliest attestation - 40 and latest + 5
dprr:licinia-185,person,Licinia,,Roman magistrate; offices: vestal virgin,alive,-112,-57,medium,RE Licinia 185; MRR2 attestations 73 BCE to 63 BCE (n=3); floruit derived: earliest attestation - 40 and latest + 5
dprr:licinius-1,person,Marcus Licinius Lucullus,,Roman magistrate; offices: praetor,alive,-225,-180,low,RE Licinius 1; MRR1 attestations 186 BCE to 186 BCE (n=1); floruit derived: earliest attestation - 40 and latest + 5
dprr:licinius-10,person,Licinius,,Roman magistrate; offices: lupercus,alive,-83,-38,low,RE Licinius 10; MRR2 attestations 44 BCE to 44 BCE (n=1); floruit derived: earliest attestation - 40 and latest + 5
dprr:licinius-101,person,Lucius Licinius Lucullus,,Roman magistrate; offices: aedile,alive,-241,-196,low,RE Licinius 101; MRR1 attestations 202 BCE to 202 BCE (n=1); floruit derived: earliest attestation - 40 and latest + 5
dprr:licinius-102,person,Lucius Licinius Lucullus,L. Licinius - f. - n. Lucullus (102)|L. Licinius Lucullus (102),Roman magistrate; offices: consul; praetor; promagistrate,alive,-193,-144,medium,RE Licinius 102; MRR1 attestations 154 BCE to 150 BCE (n=3); floruit derived: earliest attestation - 40 and latest + 5
dprr:licinius-103,person,Lucius Licinius Lucullus,,Roman magistrate; offices: praetor; promagistrate,alive,-143,-97,medium,RE Licinius 103; MRR1 attestations 104 BCE to 103 BCE (n=2); floruit derived: earliest attestation - 40 and latest + 5
dprr:licinius-104,person,Lucius Licinius Lucullus,? L. Licinius Lucullus (104)|?–56: L. Licinius Lucullus (Ponticus) (104)|L. Licinius L. f. L. n. Lucullus (104),Roman magistrate; offices: consul; praetor; aedile,alive,-128,-50,high,RE Licinius 104; MRR2 attestations 89 BCE to 56 BCE (n=25); floruit derived: earliest attestation - 40 and latest + 5
dprr:licinius-109,person,Marcus Terentius Varro Lucullus,Terentius Varro Lucullus (Licinius 109)|M. Terentius M. f. - n. Varro Lucullus (Licinius 109),Roman magistrate; offices: consul; praetor; aedile,alive,-122,-51,high,RE Licinius 109; MRR2 attestations 83 BCE to 57 BCE (n=11); floruit derived: earliest attestation - 40 and latest + 5
dprr:licinius-11,person,Gaius Licinius,,Roman magistrate; offices: tribune of the plebs,alive,-532,-487,low,RE Licinius 11; MRR1 attestations 493 BCE to 493 BCE (n=1); floruit derived: earliest attestation - 40 and latest + 5
dprr:licinius-111,person,Publius Licinius Lucullus,,Roman magistrate; offices: tribune of the plebs,alive,-149,-104,low,RE Licinius 111; MRR1 attestations 110 BCE to 110 BCE (n=1); floruit derived: earliest attestation - 40 and latest + 5
dprr:licinius-112,person,Gaius Licinius Macer,C. Licinius L. f. Macer (112),Roman magistrate; offices: praetor; tribune of the plebs; promagistrate,alive,-112,-61,medium,RE Licinius 112; MRR2 attestations 73 BCE to 67 BCE (n=3); floruit derived: earliest attestation - 40 and latest + 5
dprr:licinius-119,person,Gaius Licinius Murena,? C. Licinius Murena (119),Roman magistrate; offices: aedile; legate,alive,-102,-53,medium,RE Licinius 119; MRR2 attestations 63 BCE to 59 BCE (n=2); floruit derived: earliest attestation - 40 and latest + 5
dprr:licinius-12,person,Gaius Licinius,,Roman magistrate; offices: ambassador,alive,-275,-212,medium,RE Licinius 12; MRR1 attestations 236 BCE to 218 BCE (n=2); floruit derived: earliest attestation - 40 and latest + 5
dprr:licinius-120,person,Lucius Licinius Murena,L. Licinius Murena (120),Roman magistrate; offices: praetor; ambassador,alive,-186,-140,medium,RE Licinius 120; MRR1 attestations 147 BCE to 146 BCE (n=2); floruit derived: earliest attestation - 40 and latest + 5
dprr:licinius-121,person,Lucius Licinius Murena,,Roman magistrate; offices: praetor,alive,-140,-95,low,RE Licinius 121; MRR1 attestations 101 BCE to 101 BCE (n=1); floruit derived: earliest attestation - 40 and latest + 5
dprr:licinius-122,person,Lucius Licinius Murena,? L. Licinius Murena (122),Roman magistrate; offices: praetor; promagistrate; legate,alive,-127,-62,high,RE Licinius 122; MRR2 attestations 88 BCE to 68 BCE (n=11); floruit derived: earliest attestation - 40 and latest + 5
dprr:licinius-123,person,Lucius Licinius Murena,L. Licinius L. f. L. n. Murena (123),Roman magistrate; offices: consul; praetor; quaestor,alive,-113,-56,medium,RE Licinius 123; MRR2 attestations 74 BCE to 62 BCE (n=8); floruit derived: earliest attestation - 40 and latest + 5
dprr:licinius-129,person,Aulus Licinius Nerva,,Roman magistrate; offices: tribune of the plebs,alive,-216,-171,low,RE Licinius 129; MRR1 attestations 177 BCE to 177 BCE (n=1); floruit derived: earliest attestation - 40 and latest + 5
dprr:licinius-130,person,Licinius Nerva,? Licinius Nerva (130),Roman magistrate; offices: praetor; promagistrate,alive,-182,-136,medium,RE Licinius 130; MRR1 attestations 143 BCE to 142 BCE (n=2); floruit derived: earliest attestation - 40 and latest + 5
dprr:licinius-131,person,Aulus Licinius Nerva,,Roman magistrate; offices: praetor; ambassador; envoy,alive,-210,-160,medium,RE Licinius 131; MRR1 attestations 171 BCE to 166 BCE (n=4); floruit derived: earliest attestation - 40 and latest + 5
dprr:licinius-133,person,Gaius Licinius Nerva,C. Licinius (Nerva ?) (133),Roman magistrate; offices: praetor; legate; ambassador,alive,-207,-161,medium,RE Licinius 133; MRR1 attestations 168 BCE to 167 BCE (n=2); floruit derived: earliest attestation - 40 and latest + 5
dprr:licinius-134,person,Gaius Licinius Nerva,,Roman magistrate; offices: tribune of the plebs,alive,-150,-105,low,RE Licinius 134; MRR1 attestations 111 BCE to 111 BCE (n=1); floruit derived: earliest attestation - 40 and latest + 5
dprr:licinius-135,person,Publius Licinius Nerva,,Roman magistrate; offices: praetor,alive,-143,-98,low,RE Licinius 135; MRR1 attestations 104 BCE to 104 BCE (n=1); floruit derived: earliest attestation - 40 and latest + 5
dprr:licinius-143,person,Lucius Licinius Pollio,,Roman magistrate; offices: envoy,alive,-247,-202,low,RE Licinius 143; MRR1 attestations 208 BCE to 208 BCE (n=1); floruit derived: earliest attestation - 40 and latest + 5
dprr:licinius-154,person,Gaius Licinius Sacerdos,C. Licinius C. f. Sacerdos (154)|C. Licinius C. f. Stell. Sacerdos (154),Roman magistrate; offices: praetor; promagistrate; legate,alive,-114,-61,medium,RE Licinius 154; MRR2 attestations 75 BCE to 67 BCE (n=5); floruit derived: earliest attestation - 40 and latest + 5
dprr:licinius-16,person,Gaius Licinius Pompt,,Roman magistrate; offices: praetor,alive,-112,-67,low,RE Licinius 16; MRR2 attestations 73 BCE to 73 BCE (n=1); floruit derived: earliest attestation - 40 and latest + 5
dprr:licinius-161,person,Gaius Licinius Stolo,C. Licinius C. f. P. n. Stolo (161)|L. Licinius Stolo (161),Roman magistrate; offices: consul; tribune of the plebs,alive,-415,-355,high,RE Licinius 161; MRR1 attestations 376 BCE to 361 BCE (n=12); floruit derived: earliest attestation - 40 and latest + 5
dprr:licinius-166,person,Marcus Licinius Strabo,,Roman magistrate; offices: military tribune,alive,-217,-172,low,RE Licinius 166; MRR1 attestations 178 BCE to 178 BCE (n=1); floruit derived: earliest attestation - 40 and latest + 5
dprr:licinius-174,person,Gaius Licinius Varus,,Roman magistrate; offices: consul,alive,-275,-230,low,RE Licinius 174; MRR1 attestations 236 BCE to 236 BCE (n=1); floruit derived: earliest attestation - 40 and latest + 5
dprr:licinius-175,person,Publius Licinius Varus,,Roman magistrate; offices: praetor; aedile; envoy,alive,-249,-201,medium,RE Licinius 175; MRR1 attestations 210 BCE to 207 BCE (n=3); floruit derived: earliest attestation - 40 and latest + 5
dprr:licinius-2,person,Licinius,,Roman magistrate; offices: tribune of the plebs,alive,-177,-132,low,RE Licinius 2; MRR1 attestations 138 BCE to 138 BCE (n=1); floruit derived: earliest attestation - 40 and latest + 5
dprr:licinius-22,person,Marcus Licinius,,Roman magistrate; offices: ambassador,alive,-188,-143,low,RE Licinius 22; MRR1 attestations 149 BCE to 149 BCE (n=1); floruit derived: earliest attestation - 40 and latest + 5
dprr:licinius-25,person,Publius Licinius,,Roman magistrate; offices: tribune of the plebs,alive,-532,-487,low,RE Licinius 25; MRR1 attestations 493 BCE to 493 BCE (n=1); floruit derived: earliest attestation - 40 and latest + 5
dprr:licinius-4,person,Licinius,,Roman magistrate; offices: tribune of the plebs,alive,-243,-198,low,RE Licinius 4; MRR1 attestations 204 BCE to 204 BCE (n=1); floruit derived: earliest attestation - 40 and latest + 5
dprr:licinius-42,person,Gaius Licinius Calvus,,Roman magistrate; offices: master of horse; consul,alive,-407,-355,medium,RE Licinius 42; MRR1 attestations 368 BCE to 361 BCE (n=3); floruit derived: earliest attestation - 40 and latest + 5
dprr:licinius-43,person,Publius Licinius Calvus Esquilinus,(P.) Licinius (Calvus Esquilinus) (43),Roman magistrate; offices: consul; ambassador,alive,-439,-390,medium,RE Licinius 43; MRR1 attestations 400 BCE to 396 BCE (n=3); floruit derived: earliest attestation - 40 and latest + 5
dprr:licinius-44,person,Gaius Licinius Calvus Stilo,,Roman magistrate; offices: quindecimvir,alive,-70,-25,low,RE Licinius 44; MRR2 attestations 31 BCE to 31 BCE (n=1); floruit derived: earliest attestation - 40 and latest + 5
dprr:licinius-51,person,Gaius Licinius Crassus,C. Licinius C. f. P. n. Crassus (51),Roman magistrate; offices: consul; praetor; promagistrate,alive,-211,-161,medium,RE Licinius 51; MRR1 attestations 172 BCE to 167 BCE (n=4); floruit derived: earliest attestation - 40 and latest + 5
dprr:licinius-52,person,Gaius Licinius Crassus,,Roman magistrate; offices: tribune of the plebs,alive,-184,-139,low,RE Licinius 52; MRR1 attestations 145 BCE to 145 BCE (n=1); floruit derived: earliest attestation - 40 and latest + 5
dprr:licinius-55,person,Lucius Licinius Crassus,? L. Licinius Crassus (55)|L. Licinius L. f. C. n. Crassus (55)|?-91: L. Licinius Crassus (55),Roman magistrate; offices: consul; censor; praetor,alive,-157,-85,high,RE Licinius 55; MRR1+MRR2 attestations 118 BCE to 91 BCE (n=9); floruit derived: earliest attestation - 40 and latest + 5
dprr:licinius-56,person,Marcus Licinius Crassus,,Roman magistrate; offices: quaestor; promagistrate; legate,alive,-100,-43,medium,RE Licinius 56; MRR2 attestations 61 BCE to 49 BCE (n=6); floruit derived: earliest attestation - 40 and latest + 5
dprr:licinius-57,person,Marcus Licinius Crassus,,Roman magistrate; offices: praetor,alive,-165,-120,low,RE Licinius 57; MRR1 attestations 126 BCE to 126 BCE (n=1); floruit derived: earliest attestation - 40 and latest + 5
dprr:licinius-58,person,Marcus Licinius Crassus,M. Licinius Crassus (58),Roman magistrate; offices: promagistrate; augur,alive,-76,-24,medium,RE Licinius 58; MRR2 attestations 37 BCE to 30 BCE (n=5); floruit derived: earliest attestation - 40 and latest + 5
dprr:licinius-6,person,Lucius Lucceius,,Roman magistrate; offices: praetor,alive,-106,-61,low,RE Licinius 6; MRR2 attestations 67 BCE to 67 BCE (n=1); floruit derived: earliest attestation - 40 and latest + 5
dprr:licinius-60,person,Publius Licinius Crassus,P. Licinius C. f. P. n. Crassus (60),Roman magistrate; offices: consul; praetor; ambassador,alive,-215,-161,medium,RE Licinius 60; MRR1 attestations 176 BCE to 167 BCE (n=3); floruit derived: earliest attestation - 40 and latest + 5
dprr:licinius-61,person,Publius Licinius Crassus,? P. Licinius Crassus (61)|P. Licinius M. f. P. n. Crassus (61)|? P. Licinius Crassus (Dives) (61),Roman magistrate; offices: consul; censor; praetor,alive,-141,-81,high,RE Licinius 61; MRR1+MRR2 attestations 102 BCE to 87 BCE (n=10); floruit derived: earliest attestation - 40 and latest + 5
dprr:licinius-63,person,Publius Licinius Crassus,? P. Licinius Crassus (63)|Ca. 56-53: P. Licinius Crassus (63),Roman magistrate; offices: quaestor; legate; prefect,alive,-97,-47,medium,RE Licinius 63; MRR2 attestations 58 BCE to 53 BCE (n=6); floruit derived: earliest attestation - 40 and latest + 5
dprr:licinius-68,person,Marcus Licinius Crassus,? M. Licinius Crassus Dives (68)|M. Licinius P. f. M. n. Crassus Dives (68)|Ca. 60-53: M. Licinius Crassus Dives (68)|M. Licinius Crassus (68)|M. Licinius P. f. M. n. Crassus (68),Roman magistrate; offices: consul; censor; praetor,alive,-170,-47,high,RE Licinius 68; MRR2 attestations 131 BCE to 53 BCE (n=14); floruit derived: earliest attestation - 40 and latest + 5
dprr:licinius-69,person,Publius Licinius Crassus Dives,P. Licinius Crassus Dives (69)|Bef. 218-183: P. Licinius Crassus (Dives) (69)|P. Licinius (Crassus Dives) (69),Roman magistrate; offices: master of horse; consul; censor,alive,-257,-177,high,RE Licinius 69; MRR1 attestations 218 BCE to 183 BCE (n=7); floruit derived: earliest attestation - 40 and latest + 5
dprr:licinius-71,person,Publius Licinius Crassus Dives,,Roman magistrate; offices: aedile,alive,-99,-51,medium,RE Licinius 71; MRR2 attestations 60 BCE to 57 BCE (n=2); floruit derived: earliest attestation - 40 and latest + 5
dprr:licinius-72,person,Publius Licinius Crassus Dives Mucianus,? P. Licinius Crassus Dives Mucianus (72)|? P. Licinius Dives Crassus Mucianus (72)|?- 130: P. Licinius Crassus Dives Mucianus (72)|P. Licinius P. f. P. n. Dives Crassus Mucianus (72),Roman magistrate; offices: consul; praetor; aedile,alive,-181,-124,medium,RE Licinius 72; MRR1 attestations 142 BCE to 130 BCE (n=6); floruit derived: earliest attestation - 40 and latest + 5
dprr:licinius-75,person,Publius Licinius Crassus Dives Iunianus,? P. Licinius Crassus Iunianus (75)|P. Licinius Crassus Iunianus (75),Roman magistrate; offices: tribune of the plebs; legate,alive,-92,-40,medium,RE Licinius 75; MRR2 attestations 53 BCE to 46 BCE (n=3); floruit derived: earliest attestation - 40 and latest + 5
dprr:licinius-88,person,Gaius Licinius Geta,C. Licinius P. f. - n. Geta (88)|C. Licinius P. f. - n. Getha (88),Roman magistrate; offices: consul; censor; praetor,alive,-158,-102,medium,RE Licinius 88; MRR1 attestations 119 BCE to 108 BCE (n=3); floruit derived: earliest attestation - 40 and latest + 5
dprr:licinius-99,person,Gaius Licinius Lucullus,,Roman magistrate; offices: tribune of the plebs; triumvir; duumvir,alive,-235,-185,medium,RE Licinius 99; MRR1 attestations 196 BCE to 191 BCE (n=2); floruit derived: earliest attestation - 40 and latest + 5
dprr:licinus-15,person,Licinus Menenius Lanatus,Licinus Menenius (T. f. T. n. Lanatus) Pat. (15),Roman magistrate; offices: consul,alive,-426,-370,medium,RE Licinus 15; MRR1 attestations 387 BCE to 376 BCE (n=4); floruit derived: earliest attestation - 40 and latest + 5
dprr:licnius-68,person,Marcus Licnius Crassus Dives,,Roman magistrate; offices: promagistrate,alive,-112,-49,high,RE Licnius 68; MRR2 attestations 73 BCE to 55 BCE (n=4); floruit derived: earliest attestation - 40 and latest + 5
dprr:ligarius-4,person,Quintus Ligarius,,Roman magistrate; offices: legate,alive,-90,-44,medium,RE Ligarius 4; MRR2 attestations 51 BCE to 50 BCE (n=2); floruit derived: earliest attestation - 40 and latest + 5
dprr:ligarius-5,person,Titus Ligarius,,Roman magistrate; offices: quaestor,alive,-93,-48,low,RE Ligarius 5; MRR2 attestations 54 BCE to 54 BCE (n=1); floruit derived: earliest attestation - 40 and latest + 5
dprr:ligurius-2,person,Gnaeus Ligurius,,Roman magistrate; offices: military tribune,alive,-236,-191,low,RE Ligurius 2; MRR1 attestations 197 BCE to 197 BCE (n=1); floruit derived: earliest attestation - 40 and latest + 5
dprr:livineius-3,person,Lucius Livineius Regulus,,Roman magistrate; offices: prefect,alive,-85,-40,low,RE Livineius 3; MRR2 attestations 46 BCE to 46 BCE (n=1); floruit derived: earliest attestation - 40 and latest + 5
dprr:livius-1,person,Gaius Livius,C. Livius (Salinator ?) (1; 29),Roman magistrate; offices: legate,alive,-241,-182,medium,RE Livius 1; MRR1 attestations 202 BCE to 188 BCE (n=5); floruit derived: earliest attestation - 40 and latest + 5
dprr:livius-11,person,Marcus Livius Denter,300- ?: M. Livius Denter (11)|M. Livius - f. C. n. Denter (11),Roman magistrate; offices: consul; promagistrate; pontifex,alive,-341,-289,medium,RE Livius 11; MRR1 attestations 302 BCE to 295 BCE (n=3); floruit derived: earliest attestation - 40 and latest + 5
dprr:livius-14,person,Gaius Livius Aemiliani Drusus,C. Livius M. Aemiliani f. M. n. Drusus (14),Roman magistrate; offices: consul; praetor,alive,-189,-141,medium,RE Livius 14; MRR1 attestations 150 BCE to 147 BCE (n=2); floruit derived: earliest attestation - 40 and latest + 5
dprr:livius-17,person,Marcus Livius Drusus,? M. Livius Drusus (17)|M. Livius (C. f. M. Aemiliani n.) Drusus (17)|M. Livius C. f. M. Aemiliani n. Drusus (17),Roman magistrate; offices: consul; censor; praetor,alive,-161,-103,medium,RE Livius 17; MRR1 attestations 122 BCE to 109 BCE (n=6); floruit derived: earliest attestation - 40 and latest + 5
dprr:livius-18,person,Marcus Livius Drusus,? M. Livius Drusus (18)|?-91: M. Livius Drusus (18),Roman magistrate; offices: aedile; tribune of the plebs; quaestor,alive,-144,-85,medium,RE Livius 18; MRR1+MRR2 attestations 105 BCE to 91 BCE (n=5); floruit derived: earliest attestation - 40 and latest + 5
dprr:livius-2,person,Livius,,Roman magistrate; offices: tribune of the plebs,alive,-185,-140,low,RE Livius 2; MRR1 attestations 146 BCE to 146 BCE (n=1); floruit derived: earliest attestation - 40 and latest + 5
dprr:livius-24,person,Marcus Livius,? M. Livius (Macatus ?) (24),Roman magistrate; offices: prefect,alive,-253,-203,medium,RE Livius 24; MRR1 attestations 214 BCE to 209 BCE (n=6); floruit derived: earliest attestation - 40 and latest + 5
dprr:livius-29,person,Gaius Livius Salinator,C. Livius M. f. M. n. Salinator (29)|C. Livius (Salinator) (29)|211-170: C. Livius Salinator (29),Roman magistrate; offices: consul; praetor; aedile,alive,-250,-164,high,RE Livius 29; MRR1 attestations 211 BCE to 170 BCE (n=10); floruit derived: earliest attestation - 40 and latest + 5
dprr:livius-32,person,Marcus Livius Salinator,,Roman magistrate; offices: decemvir,alive,-275,-230,low,RE Livius 32; MRR1 attestations 236 BCE to 236 BCE (n=1); floruit derived: earliest attestation - 40 and latest + 5
dprr:livius-33,person,Marcus Livius Salinator,M. Livius (Salinator) (33)|M. Livius Salinator (33),Roman magistrate; offices: dictator; consul; censor,alive,-258,-198,high,RE Livius 33; MRR1 attestations 219 BCE to 204 BCE (n=6); floruit derived: earliest attestation - 40 and latest + 5
dprr:livius-4,person,Lucius Livius,,Roman magistrate; offices: tribune of the plebs,alive,-359,-314,low,RE Livius 4; MRR1 attestations 320 BCE to 320 BCE (n=1); floruit derived: earliest attestation - 40 and latest + 5
dprr:lollius-20,person,Lucius Lollius Palicanus,L. Lollius (Palicanus?) (20),Roman magistrate; offices: promagistrate,alive,-74,-28,medium,RE Lollius 20; MRR2 attestations 35 BCE to 34 BCE (n=2); floruit derived: earliest attestation - 40 and latest + 5
dprr:lollius-21,person,Marcus Lollius Palicanus,? M. Lollius Palicanus (21),Roman magistrate; offices: praetor; tribune of the plebs,alive,-110,-63,medium,RE Lollius 21; MRR2 attestations 71 BCE to 69 BCE (n=2); floruit derived: earliest attestation - 40 and latest + 5
dprr:lollius-5,person,Gnaeus Lollius,,Roman magistrate; offices: triumvir,alive,-280,-235,low,RE Lollius 5; MRR1 attestations 241 BCE to 241 BCE (n=1); floruit derived: earliest attestation - 40 and latest + 5
dprr:lollius-6,person,Lucius Lollius,,Roman magistrate; offices: legate,alive,-106,-58,medium,RE Lollius 6; MRR2 attestations 67 BCE to 64 BCE (n=3); floruit derived: earliest attestation - 40 and latest + 5
dprr:lollius-9,person,Marcus Lollius,,Roman magistrate; offices: quaestor,alive,-103,-58,low,RE Lollius 9; MRR2 attestations 64 BCE to 64 BCE (n=1); floruit derived: earliest attestation - 40 and latest + 5
dprr:longus-64,person,Gaius Longus,,Roman magistrate; offices: legate,alive,-135,-90,low,RE Longus 64; MRR2 attestations 96 BCE to 96 BCE (n=1); floruit derived: earliest attestation - 40 and latest + 5
dprr:lucceius-4,person,Lucius Lucceius,,Roman magistrate; offices: legate,alive,-131,-86,low,RE Lucceius 4; MRR2 attestations 92 BCE to 92 BCE (n=1); floruit derived: earliest attestation - 40 and latest + 5
dprr:lucilius-15,person,Sextus Lucilius,,Roman magistrate; offices: tribune of the plebs,alive,-126,-81,low,RE Lucilius 15; MRR2 attestations 87 BCE to 87 BCE (n=1); floruit derived: earliest attestation - 40 and latest + 5
dprr:lucilius-16,person,Sextus Lucilius,,Roman magistrate; offices: military tribune,alive,-90,-45,low,RE Lucilius 16; MRR2 attestations 51 BCE to 51 BCE (n=1); floruit derived: earliest attestation - 40 and latest + 5
dprr:lucilius-18,person,Lucius Lucilius,,Roman magistrate; offices: praetor,alive,-130,-85,low,RE Lucilius 18; MRR2 attestations 91 BCE to 91 BCE (n=1); floruit derived: earliest attestation - 40 and latest + 5
dprr:lucilius-25,person,Gaius Lucilius Hirrus,? C. Lucilius Hirrus (25),Roman magistrate; offices: tribune of the plebs; legate; envoy,alive,-92,-42,medium,RE Lucilius 25; MRR2 attestations 53 BCE to 48 BCE (n=4); floruit derived: earliest attestation - 40 and latest + 5
dprr:lucilius-8,person,Lucius Lucilius,,Roman magistrate; offices: promagistrate,alive,-129,-84,low,RE Lucilius 8; MRR2 attestations 90 BCE to 90 BCE (n=1); floruit derived: earliest attestation - 40 and latest + 5
dprr:lucretius-11,person,Publius Lucretius,,Roman magistrate; offices: consul,alive,-545,-500,low,RE Lucretius 11; MRR1 attestations 506 BCE to 506 BCE (n=1); floruit derived: earliest attestation - 40 and latest + 5
dprr:lucretius-13,person,Spurius Lucretius,Sp. Lucretius (13) Gaul (Ariminum),Roman magistrate; offices: aedile; promagistrate; ambassador,alive,-245,-194,medium,RE Lucretius 13; MRR1 attestations 206 BCE to 200 BCE (n=6); floruit derived: earliest attestation - 40 and latest + 5
dprr:lucretius-14,person,Spurius Lucretius,? Sp. Lucretius (14),Roman magistrate; offices: praetor; promagistrate; ambassador,alive,-211,-156,medium,RE Lucretius 14; MRR1 attestations 172 BCE to 162 BCE (n=5); floruit derived: earliest attestation - 40 and latest + 5
dprr:lucretius-20,person,Lucius Lucretius Tricipitinus Flavus,L. Lucretius - f. - n. Flavus Tricipitinus Pat. (20),Roman magistrate; offices: consul,alive,-432,-375,medium,RE Lucretius 20; MRR1 attestations 393 BCE to 381 BCE (n=5); floruit derived: earliest attestation - 40 and latest + 5
dprr:lucretius-23,person,Gaius Lucretius Gallus,,Roman magistrate; offices: praetor; duumvir,alive,-220,-165,medium,RE Lucretius 23; MRR1 attestations 181 BCE to 171 BCE (n=2); floruit derived: earliest attestation - 40 and latest + 5
dprr:lucretius-25,person,Quintus Lucretius Ofella,,Roman magistrate; offices: prefect,alive,-121,-76,low,RE Lucretius 25; MRR2 attestations 82 BCE to 82 BCE (n=1); floruit derived: earliest attestation - 40 and latest + 5
dprr:lucretius-28,person,Lucius Lucretius Tricipitinus,L. Lucretius (Tricipitinus) Pat. (28),Roman magistrate; offices: consul; prefect,alive,-501,-453,medium,RE Lucretius 28; MRR1 attestations 462 BCE to 459 BCE (n=2); floruit derived: earliest attestation - 40 and latest + 5
dprr:lucretius-29,person,Publius Lucretius Hosti Tricipitinus,,Roman magistrate; offices: consul,alive,-458,-411,medium,RE Lucretius 29; MRR1 attestations 419 BCE to 417 BCE (n=2); floruit derived: earliest attestation - 40 and latest + 5
dprr:lucretius-30,person,Spurius Lucretius Tricipitinus,Sp. Lucretius T. ? f. - n. Tricipitinus Pat. (30),Roman magistrate; offices: consul; prefect; interrex,alive,-548,-503,low,RE Lucretius 30; MRR1 attestations 509 BCE to 509 BCE (n=1); floruit derived: earliest attestation - 40 and latest + 5
dprr:lucretius-31,person,Titus Lucretius Tricipitinus,? T. Lucretius Tricipitinus Pat. (31),Roman magistrate; offices: consul; military tribune,alive,-547,-498,medium,RE Lucretius 31; MRR1 attestations 508 BCE to 504 BCE (n=2); floruit derived: earliest attestation - 40 and latest + 5
dprr:lucretius-34,person,Lucretius Vespillo,,Roman magistrate; offices: aedile,alive,-172,-127,low,RE Lucretius 34; MRR1 attestations 133 BCE to 133 BCE (n=1); floruit derived: earliest attestation - 40 and latest + 5
dprr:lucretius-36,person,Quintus Lucretius Vespillo,,Roman magistrate; offices: prefect,alive,-88,-42,medium,RE Lucretius 36; MRR2 attestations 49 BCE to 48 BCE (n=2); floruit derived: earliest attestation - 40 and latest + 5
dprr:lucretius-4,person,Lucius Lucretius,,Roman magistrate; offices: quaestor,alive,-257,-212,low,RE Lucretius 4; MRR1 attestations 218 BCE to 218 BCE (n=1); floruit derived: earliest attestation - 40 and latest + 5
dprr:lucretius-6,person,Marcus Lucretius,,Roman magistrate; offices: tribune of the plebs,alive,-249,-204,low,RE Lucretius 6; MRR1 attestations 210 BCE to 210 BCE (n=1); floruit derived: earliest attestation - 40 and latest + 5
dprr:lucretius-7,person,Marcus Lucretius,,Roman magistrate; offices: legate,alive,-246,-201,low,RE Lucretius 7; MRR1 attestations 207 BCE to 207 BCE (n=1); floruit derived: earliest attestation - 40 and latest + 5
dprr:lucretius-8,person,Marcus Lucretius,,Roman magistrate; offices: tribune of the plebs; legate,alive,-211,-165,medium,RE Lucretius 8; MRR1 attestations 172 BCE to 171 BCE (n=2); floruit derived: earliest attestation - 40 and latest + 5
dprr:lurco-25,person,Lurco,,Roman magistrate; offices: tribune of the plebs,alive,-100,-55,low,RE Lurco 25; MRR2 attestations 61 BCE to 61 BCE (n=1); floruit derived: earliest attestation - 40 and latest + 5
dprr:lurius-1,person,Marcus Lurius,? M. Lurius (1),Roman magistrate; offices: promagistrate,alive,-81,-25,medium,RE Lurius 1; MRR2 attestations 42 BCE to 31 BCE (n=4); floruit derived: earliest attestation - 40 and latest + 5
dprr:lusius-1,person,Gaius Lusius,,Roman magistrate; offices: military tribune,alive,-143,-98,low,RE Lusius 1; MRR1 attestations 104 BCE to 104 BCE (n=1); floruit derived: earliest attestation - 40 and latest + 5
dprr:lutatius-11,person,Gnaeus Lutatius Cerco,Cn. Lutatius Cerco (11),Roman magistrate; offices: praetor; ambassador,alive,-214,-167,medium,RE Lutatius 11; MRR1 attestations 175 BCE to 173 BCE (n=2); floruit derived: earliest attestation - 40 and latest + 5
dprr:lutatius-13,person,Quintus Lutatius Cerco,,Roman magistrate; offices: consul; censor,alive,-280,-230,medium,RE Lutatius 13; MRR1 attestations 241 BCE to 236 BCE (n=2); floruit derived: earliest attestation - 40 and latest + 5
dprr:lutatius-14,person,Quintus Lutatius Cerco,,Roman magistrate; offices: quaestor,alive,-129,-84,low,RE Lutatius 14; MRR2 attestations 90 BCE to 90 BCE (n=1); floruit derived: earliest attestation - 40 and latest + 5
dprr:lutatius-4,person,Gaius Lutatius Catulus,C. Lutatius Catulus (4),Roman magistrate; offices: consul; promagistrate,alive,-281,-235,medium,RE Lutatius 4; MRR1 attestations 242 BCE to 241 BCE (n=2); floruit derived: earliest attestation - 40 and latest + 5
dprr:lutatius-5,person,Gaius Lutatius Catulus,C. Lutatius (Catulus) (5),Roman magistrate; offices: consul; triumvir,alive,-259,-212,medium,RE Lutatius 5; MRR1 attestations 220 BCE to 218 BCE (n=2); floruit derived: earliest attestation - 40 and latest + 5
dprr:lutatius-7,person,Quintus Lutatius Catulus,? Q. Lutatius Catulus (7)|Q. Lutatius Q. f. - n. Catulus (7),Roman magistrate; offices: consul; praetor; promagistrate,alive,-148,-81,high,RE Lutatius 7; MRR1+MRR2 attestations 109 BCE to 87 BCE (n=5); floruit derived: earliest attestation - 40 and latest + 5
dprr:lutatius-8,person,Quintus Lutatius Catulus,Q. Lutatius Q. f. Q. n. Catulus (8)|? Q. Lutatius Catulus (8)|?-61 or 60: Q. Lutatius Catulus (8),Roman magistrate; offices: consul; censor; praetor,alive,-126,-54,high,RE Lutatius 8; MRR2 attestations 87 BCE to 60 BCE (n=8); floruit derived: earliest attestation - 40 and latest + 5
dprr:maecenas-6,person,Gaius Maecenas,C. Maecenas (Maecenas 6),Roman magistrate; offices: envoy; prefect,alive,-77,-25,medium,RE Maecenas 6; MRR2 attestations 38 BCE to 31 BCE (n=3); floruit derived: earliest attestation - 40 and latest + 5
dprr:maecilius-1,person,Spurius Maecilius,,Roman magistrate; offices: tribune of the plebs,alive,-455,-410,low,RE Maecilius 1; MRR1 attestations 416 BCE to 416 BCE (n=1); floruit derived: earliest attestation - 40 and latest + 5
dprr:maecilius-3,person,Titus Maecilius Croto,,Roman magistrate; offices: legate,alive,-254,-209,low,RE Maecilius 3; MRR1 attestations 215 BCE to 215 BCE (n=1); floruit derived: earliest attestation - 40 and latest + 5
dprr:maelius-3,person,Quintus Maelius,Sp. Maelius (3),Roman magistrate; offices: tribune of the plebs,alive,-475,-314,medium,RE Maelius 3; MRR1 attestations 436 BCE to 320 BCE (n=2); floruit derived: earliest attestation - 40 and latest + 5
dprr:maelius-4,person,Publius Maelius Capitolinus,,Roman magistrate; offices: consul,alive,-439,-390,medium,RE Maelius 4; MRR1 attestations 400 BCE to 396 BCE (n=2); floruit derived: earliest attestation - 40 and latest + 5
dprr:maenius-1,person,Maenius,? Maenius (1),Roman magistrate; offices: tribune of the plebs,alive,-318,-213,medium,RE Maenius 1; MRR1 attestations 279 BCE to 219 BCE (n=2); floruit derived: earliest attestation - 40 and latest + 5
dprr:maenius-10,person,Gaius Maenius,,Roman magistrate; offices: praetor,alive,-219,-174,low,RE Maenius 10; MRR1 attestations 180 BCE to 180 BCE (n=1); floruit derived: earliest attestation - 40 and latest + 5
dprr:maenius-14,person,Quintus Maenius,,Roman magistrate; offices: praetor,alive,-209,-164,low,RE Maenius 14; MRR1 attestations 170 BCE to 170 BCE (n=1); floruit derived: earliest attestation - 40 and latest + 5
dprr:maenius-15,person,Titus Maenius,,Roman magistrate; offices: praetor; envoy; military tribune,alive,-225,-174,medium,RE Maenius 15; MRR1 attestations 186 BCE to 180 BCE (n=4); floruit derived: earliest attestation - 40 and latest + 5
dprr:maenius-16,person,Titus Maenius Lem,,Roman magistrate; offices: quaestor,alive,-112,-67,low,RE Maenius 16; MRR2 attestations 73 BCE to 73 BCE (n=1); floruit derived: earliest attestation - 40 and latest + 5
dprr:maenius-8,person,Gaius Maenius,,Roman magistrate; offices: tribune of the plebs,alive,-522,-477,low,RE Maenius 8; MRR1 attestations 483 BCE to 483 BCE (n=1); floruit derived: earliest attestation - 40 and latest + 5
dprr:maenius-9,person,Gaius Maenius,,Roman magistrate; offices: dictator; consul; censor,alive,-377,-308,high,RE Maenius 9; MRR1 attestations 338 BCE to 314 BCE (n=4); floruit derived: earliest attestation - 40 and latest + 5
dprr:maevius-4,person,Marcus Maevius,,Roman magistrate; offices: military tribune,alive,-242,-197,low,RE Maevius 4; MRR1 attestations 203 BCE to 203 BCE (n=1); floruit derived: earliest attestation - 40 and latest + 5
dprr:magius-10,person,Publius Magius,,Roman magistrate; offices: tribune of the plebs,alive,-126,-81,low,RE Magius 10; MRR2 attestations 87 BCE to 87 BCE (n=1); floruit derived: earliest attestation - 40 and latest + 5
dprr:magius-8,person,Magius,,Roman magistrate; offices: praetor,alive,-121,-76,low,RE Magius 8; MRR2 attestations 82 BCE to 82 BCE (n=1); floruit derived: earliest attestation - 40 and latest + 5
dprr:magius-9,person,Magius,,Roman magistrate; offices: envoy; prefect,alive,-88,-43,low,RE Magius 9; MRR2 attestations 49 BCE to 49 BCE (n=1); floruit derived: earliest attestation - 40 and latest + 5
dprr:malleolus-14,person,Gaius Malleolus,,Roman magistrate; offices: quaestor,alive,-119,-74,low,RE Malleolus 14; MRR2 attestations 80 BCE to 80 BCE (n=1); floruit derived: earliest attestation - 40 and latest + 5
dprr:mallius-10,person,Titus Mallius,,Roman magistrate; offices: quaestor,alive,-138,-93,low,RE Mallius 10; MRR2 attestations 99 BCE to 99 BCE (n=1); floruit derived: earliest attestation - 40 and latest + 5
dprr:mallius-13,person,Gnaeus Mallius Maximus,Cn. Mallius Cn. f. Maximus (13),Roman magistrate; offices: consul; praetor,alive,-147,-99,medium,RE Mallius 13; MRR1 attestations 108 BCE to 105 BCE (n=2); floruit derived: earliest attestation - 40 and latest + 5
dprr:mallius-8,person,Lucius Mallius,,Roman magistrate; offices: legate,alive,-113,-68,low,RE Mallius 8; MRR2 attestations 74 BCE to 74 BCE (n=1); floruit derived: earliest attestation - 40 and latest + 5
dprr:mamilius-11,person,Gaius Mamilius Turrinus,C. Mamilius Q. f. Q. n. Turrinus (11),Roman magistrate; offices: consul; pontifex; augur,alive,-293,-233,medium,RE Mamilius 11; MRR1 attestations 254 BCE to 239 BCE (n=2); floruit derived: earliest attestation - 40 and latest + 5
dprr:mamilius-12,person,Quintus Mamilius Turrinus,,Roman magistrate; offices: pontifex; augur,alive,-293,-248,low,RE Mamilius 12; MRR1 attestations 254 BCE to 254 BCE (n=1); floruit derived: earliest attestation - 40 and latest + 5
dprr:mamilius-13,person,Quintus Mamilius Turrinus,,Roman magistrate; offices: praetor; aedile,alive,-246,-200,medium,RE Mamilius 13; MRR1 attestations 207 BCE to 206 BCE (n=2); floruit derived: earliest attestation - 40 and latest + 5
dprr:mamilius-14,person,Lucius Mamilius Vitulus,,Roman magistrate; offices: consul,alive,-304,-259,low,RE Mamilius 14; MRR1 attestations 265 BCE to 265 BCE (n=1); floruit derived: earliest attestation - 40 and latest + 5
dprr:mamilius-15,person,Quintus Mamilius Vitulus,,Roman magistrate; offices: consul,alive,-301,-256,low,RE Mamilius 15; MRR1 attestations 262 BCE to 262 BCE (n=1); floruit derived: earliest attestation - 40 and latest + 5
dprr:mamilius-5,person,Gaius Mamilius,C. Mamilius Atellus (5)|209-174: C. Mamilius Atellus (5),Roman magistrate; offices: praetor; aedile; ambassador,alive,-249,-168,high,RE Mamilius 5; MRR1 attestations 210 BCE to 174 BCE (n=6); floruit derived: earliest attestation - 40 and latest + 5
dprr:mamilius-7,person,Gaius Mamilius Limetanus,,Roman magistrate; offices: tribune of the plebs,alive,-148,-103,low,RE Mamilius 7; MRR1 attestations 109 BCE to 109 BCE (n=1); floruit derived: earliest attestation - 40 and latest + 5
dprr:mancius-75,person,Lucius Mancius Philippus,,Roman magistrate; offices: augur,alive,-132,-85,medium,RE Mancius 75; MRR2 attestations 93 BCE to 91 BCE (n=2); floruit derived: earliest attestation - 40 and latest + 5
dprr:manilius-10,person,Gaius Manilius,,Roman magistrate; offices: tribune of the plebs,alive,-105,-60,low,RE Manilius 10; MRR2 attestations 66 BCE to 66 BCE (n=1); floruit derived: earliest attestation - 40 and latest + 5
dprr:manilius-12,person,Manius Manilius,M'. Manilius (12)|M'. Manilius P. f. P. n. (12),Roman magistrate; offices: consul; praetor; promagistrate,alive,-194,-142,medium,RE Manilius 12; MRR1 attestations 155 BCE to 148 BCE (n=3); floruit derived: earliest attestation - 40 and latest + 5
dprr:manilius-13,person,Publius Manilius,,Roman magistrate; offices: ambassador,alive,-206,-161,low,RE Manilius 13; MRR1 attestations 167 BCE to 167 BCE (n=1); floruit derived: earliest attestation - 40 and latest + 5
dprr:manilius-14,person,Publius Manilius,P. Manilius P. ? f. M'. ? n. (14),Roman magistrate; offices: consul; praetor,alive,-162,-114,medium,RE Manilius 14; MRR1 attestations 123 BCE to 120 BCE (n=2); floruit derived: earliest attestation - 40 and latest + 5
dprr:manilius-15,person,Sextus Manilius,,Roman magistrate; offices: military tribune,alive,-488,-443,low,RE Manilius 15; MRR1 attestations 449 BCE to 449 BCE (n=1); floruit derived: earliest attestation - 40 and latest + 5
dprr:manilius-24,person,Manilius Cumanus,,Roman magistrate; offices: tribune of the plebs,alive,-91,-46,low,RE Manilius 24; MRR2 attestations 52 BCE to 52 BCE (n=1); floruit derived: earliest attestation - 40 and latest + 5
dprr:manilius-31,person,Publius Manlius,P. Manlius (Vulso ?) Pat. ? (31; cf. Manilius 2)|196-180: P. Manlius (Vulso ?) Pat. (31; cf. Manilius 2),Roman magistrate; offices: praetor; promagistrate; triumvir,alive,-235,-174,high,RE Manilius 31; MRR1 attestations 196 BCE to 180 BCE (n=5); floruit derived: earliest attestation - 40 and latest + 5
dprr:manius-1,person,Manius,,Roman magistrate; offices: envoy,alive,-80,-35,low,RE Manius 1; MRR2 attestations 41 BCE to 41 BCE (n=1); floruit derived: earliest attestation - 40 and latest + 5
dprr:manlius-100,person,Aulus Manlius Vulso Capitolinus,A. Manlius (Vulso Capitolinus) Pat. (100),Roman magistrate; offices: consul; ambassador,alive,-444,-388,medium,RE Manlius 100; MRR1 attestations 405 BCE to 394 BCE (n=4); floruit derived: earliest attestation - 40 and latest + 5
dprr:manlius-101,person,Lucius Manlius Vulso Longus,L. Manlius A. f. P. n. Vulso (Longus) Pat. (101),Roman magistrate; offices: consul,alive,-295,-244,medium,RE Manlius 101; MRR1 attestations 256 BCE to 250 BCE (n=2); floruit derived: earliest attestation - 40 and latest + 5
dprr:manlius-11,person,Aulus Manlius,,Roman magistrate; offices: military tribune,alive,-247,-202,low,RE Manlius 11; MRR1 attestations 208 BCE to 208 BCE (n=1); floruit derived: earliest attestation - 40 and latest + 5
dprr:manlius-12,person,Aulus Manlius,,Roman magistrate; offices: legate; envoy,alive,-146,-99,medium,RE Manlius 12; MRR1 attestations 107 BCE to 105 BCE (n=3); floruit derived: earliest attestation - 40 and latest + 5
dprr:manlius-13,person,Aulus Manlius,,Roman magistrate; offices: quaestor,alive,-120,-64,medium,RE Manlius 13; MRR2 attestations 81 BCE to 70 BCE (n=2); floruit derived: earliest attestation - 40 and latest + 5
dprr:manlius-16,person,Titus Manlius,,Roman magistrate; offices: ambassador,alive,-203,-158,low,RE Manlius 16; MRR1 attestations 164 BCE to 164 BCE (n=1); floruit derived: earliest attestation - 40 and latest + 5
dprr:manlius-19,person,Gnaeus Manlius Cincinnatus,,Roman magistrate; offices: consul,alive,-519,-474,low,RE Manlius 19; MRR1 attestations 480 BCE to 480 BCE (n=1); floruit derived: earliest attestation - 40 and latest + 5
dprr:manlius-2,person,Manlius,,Roman magistrate; offices: praetor,alive,-175,-130,low,RE Manlius 2; MRR1 attestations 136 BCE to 136 BCE (n=1); floruit derived: earliest attestation - 40 and latest + 5
dprr:manlius-21,person,Gnaeus Manlius,,Roman magistrate; offices: praetor,alive,-111,-66,low,RE Manlius 21; MRR2 attestations 72 BCE to 72 BCE (n=1); floruit derived: earliest attestation - 40 and latest + 5
dprr:manlius-26,person,Lucius Manlius,,Roman magistrate; offices: quaestor,alive,-207,-162,low,RE Manlius 26; MRR1 attestations 168 BCE to 168 BCE (n=1); floruit derived: earliest attestation - 40 and latest + 5
dprr:manlius-29,person,Lucius Manlius,,Roman magistrate; offices: promagistrate,alive,-123,-59,high,RE Manlius 29; MRR2 attestations 84 BCE to 65 BCE (n=5); floruit derived: earliest attestation - 40 and latest + 5
dprr:manlius-30,person,Lucius Manlius,L. Manlius Pat. (30; of. 79),Roman magistrate; offices: praetor; promagistrate,alive,-118,-72,medium,RE Manlius 30; MRR2 attestations 79 BCE to 78 BCE (n=2); floruit derived: earliest attestation - 40 and latest + 5
dprr:manlius-31,person,Publius Manlius,,Roman magistrate; offices: triumvir,alive,-235,-176,medium,RE Manlius 31; MRR1 attestations 196 BCE to 182 BCE (n=3); floruit derived: earliest attestation - 40 and latest + 5
dprr:manlius-34,person,Quintus Manlius,Q. Manlius (34),Roman magistrate; offices: tribune of the plebs; triumvir,alive,-116,-63,medium,RE Manlius 34; MRR2 attestations 77 BCE to 69 BCE (n=2); floruit derived: earliest attestation - 40 and latest + 5
dprr:manlius-43,person,Manlius Acidinus,-. Manlius M. f. Acidinus Pat. (43),Roman magistrate; offices: military tribune,alive,-210,-165,low,RE Manlius 43; MRR1 attestations 171 BCE to 171 BCE (n=1); floruit derived: earliest attestation - 40 and latest + 5
dprr:manlius-46,person,Lucius Manlius Acidinus,? L. Manlius Acidinus Pat. (46)|L. Manlius (Acidinus) Pat. (46),Roman magistrate; offices: praetor; promagistrate; ambassador,alive,-251,-193,medium,RE Manlius 46; MRR1 attestations 212 BCE to 199 BCE (n=12); floruit derived: earliest attestation - 40 and latest + 5
dprr:manlius-47,person,Lucius Manlius Acidinus,L. Manlius Acidinus Fulvianus Pat. (47)|L. Manlius L. f. L. n. Acidinus Fulvianus Pat. (47),Roman magistrate; offices: consul; praetor; promagistrate,alive,-227,-173,medium,RE Manlius 47; MRR1 attestations 188 BCE to 179 BCE (n=7); floruit derived: earliest attestation - 40 and latest + 5
dprr:manlius-48,person,Gaius Manlius,,Roman magistrate; offices: consul,alive,-418,-373,low,RE Manlius 48; MRR1 attestations 379 BCE to 379 BCE (n=1); floruit derived: earliest attestation - 40 and latest + 5
dprr:manlius-49,person,Lucius Manlius Capitolinus,,Roman magistrate; offices: consul,alive,-461,-416,low,RE Manlius 49; MRR1 attestations 422 BCE to 422 BCE (n=1); floruit derived: earliest attestation - 40 and latest + 5
dprr:manlius-5,person,Marcus Manlius,,Roman magistrate; offices: prefect,alive,-111,-66,low,RE Manlius 5; MRR2 attestations 72 BCE to 72 BCE (n=1); floruit derived: earliest attestation - 40 and latest + 5
dprr:manlius-50,person,Marcus Manlius Capitolinus,M. Manlius P. f. - n. Capitolinus (Vulso ?) Pat. (50),Roman magistrate; offices: consul,alive,-473,-428,low,RE Manlius 50; MRR1 attestations 434 BCE to 434 BCE (n=1); floruit derived: earliest attestation - 40 and latest + 5
dprr:manlius-51,person,Marcus Manlius Capitolinus,M. Manlius Capitolinus Pat. (51),Roman magistrate; offices: consul; interrex,alive,-431,-381,medium,RE Manlius 51; MRR1 attestations 392 BCE to 387 BCE (n=2); floruit derived: earliest attestation - 40 and latest + 5
dprr:manlius-52,person,Publius Manlius Capitolinus,,Roman magistrate; offices: dictator; consul,alive,-418,-361,medium,RE Manlius 52; MRR1 attestations 379 BCE to 367 BCE (n=3); floruit derived: earliest attestation - 40 and latest + 5
dprr:manlius-53,person,Gnaeus Manlius Capitolinus Imperiosus,Cn. Manlius Capitolinus Imperiosus Pat. (53),Roman magistrate; offices: master of horse; consul; censor,alive,-398,-339,medium,RE Manlius 53; MRR1 attestations 359 BCE to 345 BCE (n=5); floruit derived: earliest attestation - 40 and latest + 5
dprr:manlius-54,person,Lucius Manlius Capitolinus Imperiosus,,Roman magistrate; offices: dictator,alive,-402,-357,low,RE Manlius 54; MRR1 attestations 363 BCE to 363 BCE (n=1); floruit derived: earliest attestation - 40 and latest + 5
dprr:manlius-57,person,Titus Manlius Imperiosus Torquatus,T. Manlius (Torquatus) Pat. (see 57 or 81)|T. Manlius Imperiosus Torquatus Pat. (57),Roman magistrate; offices: dictator; consul; prefect,alive,-400,-314,high,RE Manlius 57; MRR1 attestations 361 BCE to 320 BCE (n=7); floruit derived: earliest attestation - 40 and latest + 5
dprr:manlius-58,person,Manlius Lentinus,,Roman magistrate; offices: legate,alive,-101,-54,medium,RE Manlius 58; MRR2 attestations 62 BCE to 60 BCE (n=2); floruit derived: earliest attestation - 40 and latest + 5
dprr:manlius-59,person,Mallius Maltinus,Manlius Lentinus (59),Roman magistrate; offices: legate; ambassador,alive,-128,-55,medium,RE Manlius 59; MRR2 attestations 89 BCE to 61 BCE (n=2); floruit derived: earliest attestation - 40 and latest + 5
dprr:manlius-61,person,Titus Manlius Mancinus,Mancinus (Manlius 61),Roman magistrate; offices: tribune of the plebs; ambassador,alive,-146,-83,medium,RE Manlius 61; MRR1+MRR2 attestations 107 BCE to 89 BCE (n=2); floruit derived: earliest attestation - 40 and latest + 5
dprr:manlius-62,person,Manlius Priscus,,Roman magistrate; offices: legate,alive,-104,-59,low,RE Manlius 62; MRR2 attestations 65 BCE to 65 BCE (n=1); floruit derived: earliest attestation - 40 and latest + 5
dprr:manlius-64,person,Titus Manlius Sergia,,Roman magistrate; offices: legate,alive,-81,-36,low,RE Manlius 64; MRR2 attestations 42 BCE to 42 BCE (n=1); floruit derived: earliest attestation - 40 and latest + 5
dprr:manlius-70,person,Aulus Manlius Torquatus,,Roman magistrate; offices: praetor; promagistrate,alive,-109,-63,medium,RE Manlius 70; MRR2 attestations 70 BCE to 69 BCE (n=2); floruit derived: earliest attestation - 40 and latest + 5
dprr:manlius-73,person,Aulus Manlius Torquatus,A. Manlius A. f. T. n. Torquatus Pat. (73),Roman magistrate; offices: consul; praetor,alive,-206,-158,medium,RE Manlius 73; MRR1 attestations 167 BCE to 164 BCE (n=2); floruit derived: earliest attestation - 40 and latest + 5
dprr:manlius-76,person,Aulus Manlius Torquatus,A.? Manlius Torquatus Pat. (76),Roman magistrate; offices: legate; iudex quaestionis,alive,-109,-46,high,RE Manlius 76; MRR2 attestations 70 BCE to 52 BCE (n=3); floruit derived: earliest attestation - 40 and latest + 5
dprr:manlius-77,person,Lucius Manlius Torquatus,,Roman magistrate; offices: legate,alive,-334,-289,low,RE Manlius 77; MRR1 attestations 295 BCE to 295 BCE (n=1); floruit derived: earliest attestation - 40 and latest + 5
dprr:manlius-78,person,Lucius Manlius Torquatus,,Roman magistrate; offices: quaestor,alive,-133,-88,low,RE Manlius 78; MRR2 attestations 94 BCE to 94 BCE (n=1); floruit derived: earliest attestation - 40 and latest + 5
dprr:manlius-79,person,Lucius Manlius Torquatus,L. Manlius L. f. - n. Torquatus Pat. (79),Roman magistrate; offices: consul; praetor; promagistrate,alive,-107,-57,medium,RE Manlius 79; MRR2 attestations 68 BCE to 63 BCE (n=5); floruit derived: earliest attestation - 40 and latest + 5
dprr:manlius-80,person,Lucius Manlius Torquatus,? L. Manlius Torquatus Pat. (80),Roman magistrate; offices: praetor; promagistrate; quindecimvir,alive,-108,-40,high,RE Manlius 80; MRR2 attestations 69 BCE to 46 BCE (n=5); floruit derived: earliest attestation - 40 and latest + 5
dprr:manlius-81,person,Titus Manlius Torquatus,,Roman magistrate; offices: consul,alive,-338,-293,low,RE Manlius 81; MRR1 attestations 299 BCE to 299 BCE (n=1); floruit derived: earliest attestation - 40 and latest + 5
dprr:manlius-82,person,Titus Manlius Torquatus,Bef. 212-202: T. Manlius Torquatus Pat. (82)|T. Manlius T. f. T. n. Torquatus (82)|T. Manlius Torquatus Pat. (82),Roman magistrate; offices: dictator; consul; censor,alive,-274,-196,high,RE Manlius 82; MRR1 attestations 235 BCE to 202 BCE (n=8); floruit derived: earliest attestation - 40 and latest + 5
dprr:manlius-83,person,Titus Manlius Torquatus,? T. Manlius Torquatus Pat. (83)|T. Manlius A. f. T. n. Torquatus Pat. (83),Roman magistrate; offices: consul; praetor; ambassador,alive,-209,-156,medium,RE Manlius 83; MRR1 attestations 170 BCE to 162 BCE (n=3); floruit derived: earliest attestation - 40 and latest + 5
dprr:manlius-87,person,Aulus Manlius Torquatus Atticus,,Roman magistrate; offices: consul; censor,alive,-286,-235,medium,RE Manlius 87; MRR1 attestations 247 BCE to 241 BCE (n=3); floruit derived: earliest attestation - 40 and latest + 5
dprr:manlius-89,person,Aulus Manlius,A. Manlius (Cn. f. P. n.) Vulso Pat. (89)|A. Manlius Cn. f. P. n. Vulso Pat. (89),Roman magistrate; offices: consul; ambassador,alive,-513,-445,high,RE Manlius 89; MRR1 attestations 474 BCE to 451 BCE (n=5); floruit derived: earliest attestation - 40 and latest + 5
dprr:manlius-9,person,Aulus Manlius,A. Manlius (T. f. A. n. Capitolinus ?) Pat. (9),Roman magistrate; offices: consul,alive,-428,-364,high,RE Manlius 9; MRR1 attestations 389 BCE to 370 BCE (n=4); floruit derived: earliest attestation - 40 and latest + 5
dprr:manlius-90,person,Aulus Manlius Vulso,? A. Manlius Vulso Pat. (90)|A. Manlius Cn. f. L. n. Vulso Pat. (90),Roman magistrate; offices: consul; praetor; promagistrate,alive,-233,-171,high,RE Manlius 90; MRR1 attestations 194 BCE to 177 BCE (n=6); floruit derived: earliest attestation - 40 and latest + 5
dprr:manlius-91,person,Gnaeus Manlius Vulso,Cn. Manlius Cn. f. L. n. Vulso Pat. (91)|Cn. Manlius Vulso (91),Roman magistrate; offices: consul; praetor; aedile,alive,-236,-181,medium,RE Manlius 91; MRR1 attestations 197 BCE to 187 BCE (n=5); floruit derived: earliest attestation - 40 and latest + 5
dprr:manlius-92,person,Lucius Manlius,,Roman magistrate; offices: praetor,alive,-257,-212,low,RE Manlius 92; MRR1 attestations 218 BCE to 218 BCE (n=1); floruit derived: earliest attestation - 40 and latest + 5
dprr:manlius-93,person,Lucius Manlius Vulso,L. Manlius (Vulso) Pat. (93),Roman magistrate; offices: praetor; legate; envoy,alive,-236,-182,medium,RE Manlius 93; MRR1 attestations 197 BCE to 188 BCE (n=3); floruit derived: earliest attestation - 40 and latest + 5
dprr:manlius-94,person,Lucius Manlius Vulso,,Roman magistrate; offices: ambassador,alive,-188,-143,low,RE Manlius 94; MRR1 attestations 149 BCE to 149 BCE (n=1); floruit derived: earliest attestation - 40 and latest + 5
dprr:manlius-96,person,Marcus Manlius Vulso,,Roman magistrate; offices: consul,alive,-459,-414,low,RE Manlius 96; MRR1 attestations 420 BCE to 420 BCE (n=1); floruit derived: earliest attestation - 40 and latest + 5
dprr:manlius-97,person,Publius Manlius Vulso,,Roman magistrate; offices: consul,alive,-439,-394,low,RE Manlius 97; MRR1 attestations 400 BCE to 400 BCE (n=1); floruit derived: earliest attestation - 40 and latest + 5
dprr:manlius-98,person,Publius Manlius Vulso,,Roman magistrate; offices: praetor,alive,-249,-204,low,RE Manlius 98; MRR1 attestations 210 BCE to 210 BCE (n=1); floruit derived: earliest attestation - 40 and latest + 5
dprr:manlius-99,person,Quintus Manlius Vulso Capitolinus,,Roman magistrate; offices: consul,alive,-435,-390,low,RE Manlius 99; MRR1 attestations 396 BCE to 396 BCE (n=1); floruit derived: earliest attestation - 40 and latest + 5
dprr:marcellus-229,person,Marcellus,,Roman magistrate; offices: quaestor,alive,-103,-45,medium,RE Marcellus 229; MRR2 attestations 64 BCE to 51 BCE (n=3); floruit derived: earliest attestation - 40 and latest + 5
dprr:marcenas-2,person,Marcenas,,Roman magistrate; offices: prefect,alive,-111,-66,low,RE Marcenas 2; MRR2 attestations 72 BCE to 72 BCE (n=1); floruit derived: earliest attestation - 40 and latest + 5
dprr:marcia-114,person,Marcia,,Roman magistrate; offices: vestal virgin,alive,-153,-107,medium,RE Marcia 114; MRR1 attestations 114 BCE to 113 BCE (n=2); floruit derived: earliest attestation - 40 and latest + 5
dprr:marcilius-1,person,Lucius Marcilius,,Roman magistrate; offices: legate,alive,-113,-67,medium,RE Marcilius 1; MRR2 attestations 74 BCE to 73 BCE (n=2); floruit derived: earliest attestation - 40 and latest + 5
dprr:marcius-100,person,Quintus Marcius Scilla,,Roman magistrate; offices: tribune of the plebs,alive,-211,-166,low,RE Marcius 100; MRR1 attestations 172 BCE to 172 BCE (n=1); floruit derived: earliest attestation - 40 and latest + 5
dprr:marcius-101,person,Lucius Marcius Septimius,L. Marcius (Septimius) (101),Roman magistrate; offices: legate; military tribune,alive,-250,-200,medium,RE Marcius 101; MRR1 attestations 211 BCE to 206 BCE (n=2); floruit derived: earliest attestation - 40 and latest + 5
dprr:marcius-102,person,Marcus Marcius Sermo,,Roman magistrate; offices: tribune of the plebs,alive,-211,-166,low,RE Marcius 102; MRR1 attestations 172 BCE to 172 BCE (n=1); floruit derived: earliest attestation - 40 and latest + 5
dprr:marcius-106,person,Quintus Marcius Tremulus,,Roman magistrate; offices: consul,alive,-345,-282,medium,RE Marcius 106; MRR1 attestations 306 BCE to 288 BCE (n=2); floruit derived: earliest attestation - 40 and latest + 5
dprr:marcius-12,person,Gnaeus Marcius,,Roman magistrate; offices: tribune of the plebs,alive,-428,-383,low,RE Marcius 12; MRR1 attestations 389 BCE to 389 BCE (n=1); floruit derived: earliest attestation - 40 and latest + 5
dprr:marcius-17,person,Manius Marcius,,Roman magistrate; offices: aedile,alive,-479,-434,low,RE Marcius 17; MRR1 attestations 440 BCE to 440 BCE (n=1); floruit derived: earliest attestation - 40 and latest + 5
dprr:marcius-20,person,Marcus Marcius,?- 210: M. Marcius Pat. (20),Roman magistrate; offices: rex sacrorum,alive,-249,-204,low,RE Marcius 20; MRR1 attestations 210 BCE to 210 BCE (n=1); floruit derived: earliest attestation - 40 and latest + 5
dprr:marcius-21,person,Marcus Marcius,Q. Marcius (21),Roman magistrate; offices: military tribune,alive,-232,-187,low,RE Marcius 21; MRR1 attestations 193 BCE to 193 BCE (n=1); floruit derived: earliest attestation - 40 and latest + 5
dprr:marcius-31,person,Quintus Marcius,,Roman magistrate; offices: tribune of the plebs,alive,-107,-62,low,RE Marcius 31; MRR2 attestations 68 BCE to 68 BCE (n=1); floruit derived: earliest attestation - 40 and latest + 5
dprr:marcius-32,person,Quintus Marcius,,Roman magistrate; offices: military tribune,alive,-84,-39,low,RE Marcius 32; MRR2 attestations 45 BCE to 45 BCE (n=1); floruit derived: earliest attestation - 40 and latest + 5
dprr:marcius-43,person,Gaius Marcius,,Roman magistrate; offices: legate,alive,-121,-76,low,RE Marcius 43; MRR2 attestations 82 BCE to 82 BCE (n=1); floruit derived: earliest attestation - 40 and latest + 5
dprr:marcius-45,person,Gnaeus Marcius Censorinus,,Roman magistrate; offices: tribune of the plebs,alive,-161,-116,low,RE Marcius 45; MRR1 attestations 122 BCE to 122 BCE (n=1); floruit derived: earliest attestation - 40 and latest + 5
dprr:marcius-46,person,Lucius Marcius Censorinus,? L. Marcius Censorinus (46)|L. Marcius (Censorinus) (46),Roman magistrate; offices: consul; censor; praetor,alive,-199,-141,medium,RE Marcius 46; MRR1 attestations 160 BCE to 147 BCE (n=4); floruit derived: earliest attestation - 40 and latest + 5
dprr:marcius-48,person,Lucius Marcius Censorinus,L. Marcius L. f. C. n. Censorinus (48),Roman magistrate; offices: consul; praetor; promagistrate,alive,-82,-25,medium,RE Marcius 48; MRR2 attestations 43 BCE to 31 BCE (n=6); floruit derived: earliest attestation - 40 and latest + 5
dprr:marcius-52,person,Quintus Marcius Crispus,? (A.) Marcius Crispus (52)|? Q. Marcius Crispus (52),Roman magistrate; offices: praetor; promagistrate; legate,alive,-96,-37,medium,RE Marcius 52; MRR2 attestations 57 BCE to 43 BCE (n=7); floruit derived: earliest attestation - 40 and latest + 5
dprr:marcius-61,person,Gaius Marcius Figulus,C. Marcius Figulus (61),Roman magistrate; offices: consul; praetor,alive,-208,-150,medium,RE Marcius 61; MRR1 attestations 169 BCE to 156 BCE (n=3); floruit derived: earliest attestation - 40 and latest + 5
dprr:marcius-62,person,Gaius Marcius Figulus,,Roman magistrate; offices: praetor,alive,-169,-124,low,RE Marcius 62; MRR1 attestations 130 BCE to 130 BCE (n=1); floruit derived: earliest attestation - 40 and latest + 5
dprr:marcius-63,person,Gaius Marcius Figulus,C. Marcius C. f. C. n. Figulus (63),Roman magistrate; offices: consul; praetor,alive,-106,-58,medium,RE Marcius 63; MRR2 attestations 67 BCE to 64 BCE (n=2); floruit derived: earliest attestation - 40 and latest + 5
dprr:marcius-69,person,Marcius Libo,,Roman magistrate; offices: prefect,alive,-105,-60,low,RE Marcius 69; MRR2 attestations 66 BCE to 66 BCE (n=1); floruit derived: earliest attestation - 40 and latest + 5
dprr:marcius-75,person,Lucius Marcius Philippus,L. Marcius Q. f. Q. n. Philippus (75)|L. Marcius Philippus (75),Roman magistrate; offices: consul; praetor; tribune of the plebs,alive,-143,-76,high,RE Marcius 75; MRR1+MRR2 attestations 104 BCE to 82 BCE (n=5); floruit derived: earliest attestation - 40 and latest + 5
dprr:marcius-76,person,Lucius Marcius Philippus,L. Marcius L. f. Q. n. Philippus (76)|L. Marcius Phipus (76),Roman magistrate; offices: consul; praetor; promagistrate,alive,-101,-37,high,RE Marcius 76; MRR2 attestations 62 BCE to 43 BCE (n=5); floruit derived: earliest attestation - 40 and latest + 5
dprr:marcius-77,person,Lucius Marcius Philippus,? L. Marcius Philippus (77)|L. Marcius L. f. L. n. Philippus (77),Roman magistrate; offices: consul; praetor; tribune of the plebs,alive,-89,-25,high,RE Marcius 77; MRR2 attestations 50 BCE to 31 BCE (n=8); floruit derived: earliest attestation - 40 and latest + 5
dprr:marcius-78,person,Quintus Marcius Philippus,? Q. Marcius Philippus (78)|? Q. Marcius Q. f. Q. n. Philippus (78),Roman magistrate; offices: master of horse; consul; censor,alive,-320,-257,high,RE Marcius 78; MRR1 attestations 281 BCE to 263 BCE (n=4); floruit derived: earliest attestation - 40 and latest + 5
dprr:marcius-79,person,Quintus Marcius Philippus,? Q. Marcius Philippus (79)|Q. Marcius L. f. Q. n. Philippus (79)|Q. Marcius (Philippus) (79),Roman magistrate; offices: consul; censor; praetor,alive,-227,-158,high,RE Marcius 79; MRR1 attestations 188 BCE to 164 BCE (n=10); floruit derived: earliest attestation - 40 and latest + 5
dprr:marcius-80,person,Quintus Marcius,,Roman magistrate; offices: envoy,alive,-208,-163,low,RE Marcius 80; MRR1 attestations 169 BCE to 169 BCE (n=1); floruit derived: earliest attestation - 40 and latest + 5
dprr:marcius-86,person,Marcus Marcius Ralla,? M. Marcius (Ralla) (86),Roman magistrate; offices: praetor; promagistrate; envoy,alive,-243,-196,medium,RE Marcius 86; MRR1 attestations 204 BCE to 202 BCE (n=3); floruit derived: earliest attestation - 40 and latest + 5
dprr:marcius-87,person,Quintus Marcius Ralla,,Roman magistrate; offices: tribune of the plebs; duumvir,alive,-235,-186,medium,RE Marcius 87; MRR1 attestations 196 BCE to 192 BCE (n=3); floruit derived: earliest attestation - 40 and latest + 5
dprr:marcius-89,person,Publius Marcius Rex,,Roman magistrate; offices: envoy,alive,-210,-165,low,RE Marcius 89; MRR1 attestations 171 BCE to 171 BCE (n=1); floruit derived: earliest attestation - 40 and latest + 5
dprr:marcius-9,person,Quintus Marcius Rex,,Roman magistrate; offices: promagistrate,alive,-157,-111,medium,RE Marcius 9; MRR1 attestations 118 BCE to 117 BCE (n=2); floruit derived: earliest attestation - 40 and latest + 5
dprr:marcius-90,person,Quintus Marcius Rex,,Roman magistrate; offices: praetor; promagistrate,alive,-183,-137,medium,RE Marcius 90; MRR1 attestations 144 BCE to 143 BCE (n=2); floruit derived: earliest attestation - 40 and latest + 5
dprr:marcius-91,person,Quintus Marcius Rex,Q. Marcius Q. f. Q. n. Rex (91),Roman magistrate; offices: consul; praetor,alive,-160,-112,medium,RE Marcius 91; MRR1 attestations 121 BCE to 118 BCE (n=2); floruit derived: earliest attestation - 40 and latest + 5
dprr:marcius-92,person,Quintus Marcius Rex,? Q. Marcius Rex (92)|Q. Marcius Q. f. Q. n. Rex (92),Roman magistrate; offices: consul; praetor; promagistrate,alive,-110,-57,medium,RE Marcius 92; MRR2 attestations 71 BCE to 63 BCE (n=7); floruit derived: earliest attestation - 40 and latest + 5
dprr:marcius-94,person,Marcius Rufus,,Roman magistrate; offices: quaestor,alive,-88,-43,low,RE Marcius 94; MRR2 attestations 49 BCE to 49 BCE (n=1); floruit derived: earliest attestation - 40 and latest + 5
dprr:marcius-95,person,Quintus Marcius Rufus,,Roman magistrate; offices: legate,alive,-110,-65,low,RE Marcius 95; MRR2 attestations 71 BCE to 71 BCE (n=1); floruit derived: earliest attestation - 40 and latest + 5
dprr:marcius-97,person,Gaius Marcius Rutilus,,Roman magistrate; offices: dictator; consul; censor,alive,-396,-336,high,RE Marcius 97; MRR1 attestations 357 BCE to 342 BCE (n=6); floruit derived: earliest attestation - 40 and latest + 5
dprr:marcius-98,person,Gaius Marcius Rutilus Censorinus,300- ?: C. Marcius Rutilus (Censorinus) (98)|? C. Marcius (Rutilus Censorinus) (98)|C. Marcius (Rutilus Censorinus) (98)|C. Marcius C. f. L. n. Rutilus (Censorinus) (98),Roman magistrate; offices: consul; censor; tribune of the plebs,alive,-350,-259,high,RE Marcius 98; MRR1 attestations 311 BCE to 265 BCE (n=6); floruit derived: earliest attestation - 40 and latest + 5
dprr:marcus-11,person,Marcus,Marcus (Lollius?) (11?) Cos. 21?,Roman magistrate; offices: legate,alive,-82,-15,high,RE Marcus 11; MRR2 attestations 43 BCE to 21 BCE (n=3); floruit derived: earliest attestation - 40 and latest + 5
dprr:marius-14,person,Gaius Marius,C. Marius C. f. C. n. (14; Supb. 6)|? C. Marius (14; Supb. 6)|97-86: C. Marius (14; Supb. 6),Roman magistrate; offices: consul; praetor; tribune of the plebs,alive,-160,-80,high,RE Marius 14; MRR1+MRR2 attestations 121 BCE to 86 BCE (n=20); floruit derived: earliest attestation - 40 and latest + 5
dprr:marius-15,person,Gaius Marius,,Roman magistrate; offices: consul,alive,-121,-76,low,RE Marius 15; MRR2 attestations 82 BCE to 82 BCE (n=1); floruit derived: earliest attestation - 40 and latest + 5
dprr:marius-19,person,Lucius Marius,,Roman magistrate; offices: tribune of the plebs; legate,alive,-101,-54,medium,RE Marius 19; MRR2 attestations 62 BCE to 60 BCE (n=3); floruit derived: earliest attestation - 40 and latest + 5
dprr:marius-22,person,Marcus Marius,,Roman magistrate; offices: praetor; promagistrate,alive,-141,-95,medium,RE Marius 22; MRR1 attestations 102 BCE to 101 BCE (n=2); floruit derived: earliest attestation - 40 and latest + 5
dprr:marius-23,person,Marcus Marius,,Roman magistrate; offices: quaestor,alive,-115,-70,low,RE Marius 23; MRR2 attestations 76 BCE to 76 BCE (n=1); floruit derived: earliest attestation - 40 and latest + 5
dprr:marius-27,person,Sextus Marius,,Roman magistrate; offices: legate,alive,-82,-37,low,RE Marius 27; MRR2 attestations 43 BCE to 43 BCE (n=1); floruit derived: earliest attestation - 40 and latest + 5
dprr:marius-30,person,Titus Marius Siculus,,Roman magistrate; offices: prefect; military tribune,alive,-75,-29,medium,RE Marius 30; MRR2 attestations 36 BCE to 35 BCE (n=2); floruit derived: earliest attestation - 40 and latest + 5
dprr:marius-4,person,Lucius Marius,,Roman magistrate; offices: quaestor,alive,-89,-44,low,RE Marius 4; MRR2 attestations 50 BCE to 50 BCE (n=1); floruit derived: earliest attestation - 40 and latest + 5
dprr:marius-42,person,Marcus Marius Gratidianus,? (M.) Marius (Gratidianus) (42),Roman magistrate; offices: praetor; tribune of the plebs; legate,alive,-126,-78,medium,RE Marius 42; MRR2 attestations 87 BCE to 84 BCE (n=3); floruit derived: earliest attestation - 40 and latest + 5
dprr:marius-7,person,Marius Statilius,,Roman magistrate; offices: prefect,alive,-255,-210,low,RE Marius 7; MRR1 attestations 216 BCE to 216 BCE (n=1); floruit derived: earliest attestation - 40 and latest + 5
dprr:matienus-2,person,Gaius Matienus,,Roman magistrate; offices: praetor; duumvir,alive,-220,-167,medium,RE Matienus 2; MRR1 attestations 181 BCE to 173 BCE (n=2); floruit derived: earliest attestation - 40 and latest + 5
dprr:matienus-5,person,Publius Matienus,,Roman magistrate; offices: military tribune,alive,-244,-199,low,RE Matienus 5; MRR1 attestations 205 BCE to 205 BCE (n=1); floruit derived: earliest attestation - 40 and latest + 5
dprr:megabocchus-1,person,Megabocchus,,Roman magistrate; offices: legate,alive,-92,-47,low,RE Megabocchus 1; MRR2 attestations 53 BCE to 53 BCE (n=1); floruit derived: earliest attestation - 40 and latest + 5
dprr:memmius-1,person,Memmius,,Roman magistrate; offices: aedile,alive,-250,-205,low,RE Memmius 1; MRR1 attestations 211 BCE to 211 BCE (n=1); floruit derived: earliest attestation - 40 and latest + 5
dprr:memmius-10,person,Gaius Memmius,,Roman magistrate; offices: consul,alive,-73,-28,low,RE Memmius 10; MRR2 attestations 34 BCE to 34 BCE (n=1); floruit derived: earliest attestation - 40 and latest + 5
dprr:memmius-11,person,Lucius Memmius,,Roman magistrate; offices: praetor,alive,-152,-107,low,RE Memmius 11; MRR1 attestations 113 BCE to 113 BCE (n=1); floruit derived: earliest attestation - 40 and latest + 5
dprr:memmius-12,person,Lucius Memmius,,Roman magistrate; offices: ambassador,alive,-151,-106,low,RE Memmius 12; MRR1 attestations 112 BCE to 112 BCE (n=1); floruit derived: earliest attestation - 40 and latest + 5
dprr:memmius-14,person,Lucius Memmius,,Roman magistrate; offices: tribune of the plebs,alive,-128,-83,low,RE Memmius 14; MRR2 attestations 89 BCE to 89 BCE (n=1); floruit derived: earliest attestation - 40 and latest + 5
dprr:memmius-18,person,Quintus Memmius,,Roman magistrate; offices: ambassador,alive,-203,-158,low,RE Memmius 18; MRR1 attestations 164 BCE to 164 BCE (n=1); floruit derived: earliest attestation - 40 and latest + 5
dprr:memmius-19,person,Titus Memmius,,Roman magistrate; offices: ambassador,alive,-209,-164,low,RE Memmius 19; MRR1 attestations 170 BCE to 170 BCE (n=1); floruit derived: earliest attestation - 40 and latest + 5
dprr:memmius-4,person,Gaius Memmius,,Roman magistrate; offices: praetor; ambassador,alive,-213,-166,medium,RE Memmius 4; MRR1 attestations 174 BCE to 172 BCE (n=3); floruit derived: earliest attestation - 40 and latest + 5
dprr:memmius-5,person,Memmius,? C. ? Memmius (5 and 3)|? C. Memmius (5 and 3)|C. Memmius (5),Roman magistrate; offices: praetor; tribune of the plebs; promagistrate,alive,-173,-97,high,RE Memmius 5; MRR1 attestations 134 BCE to 103 BCE (n=5); floruit derived: earliest attestation - 40 and latest + 5
dprr:memmius-7,person,Gaius Memmius,C. Memmius (7)|C.? Memmius (7),Roman magistrate; offices: quaestor; promagistrate; legate,alive,-120,-69,medium,RE Memmius 7; MRR2 attestations 81 BCE to 75 BCE (n=6); floruit derived: earliest attestation - 40 and latest + 5
dprr:memmius-8,person,Gaius Memmius,,Roman magistrate; offices: praetor; tribune of the plebs; promagistrate,alive,-105,-51,medium,RE Memmius 8; MRR2 attestations 66 BCE to 57 BCE (n=3); floruit derived: earliest attestation - 40 and latest + 5
dprr:memmius-9,person,Gaius Memmius,,Roman magistrate; offices: tribune of the plebs,alive,-93,-48,low,RE Memmius 9; MRR2 attestations 54 BCE to 54 BCE (n=1); floruit derived: earliest attestation - 40 and latest + 5
dprr:menecrates-15,person,Menecrates,,Roman magistrate; offices: legate,alive,-79,-32,medium,RE Menecrates 15; MRR2 attestations 40 BCE to 38 BCE (n=3); floruit derived: earliest attestation - 40 and latest + 5
dprr:menenius-1,person,Lucius Menenius,,Roman magistrate; offices: tribune of the plebs,alive,-396,-351,low,RE Menenius 1; MRR1 attestations 357 BCE to 357 BCE (n=1); floruit derived: earliest attestation - 40 and latest + 5
dprr:menenius-16,person,Lucius Menenius Agripp Lanatus,,Roman magistrate; offices: consul,alive,-479,-434,low,RE Menenius 16; MRR1 attestations 440 BCE to 440 BCE (n=1); floruit derived: earliest attestation - 40 and latest + 5
dprr:menenius-17,person,Titus Menenius Agrippae Lanatus,,Roman magistrate; offices: consul,alive,-516,-471,low,RE Menenius 17; MRR1 attestations 477 BCE to 477 BCE (n=1); floruit derived: earliest attestation - 40 and latest + 5
dprr:menenius-18,person,Titus Menenius Agripp Agripp Lanatus,,Roman magistrate; offices: consul,alive,-491,-434,medium,RE Menenius 18; MRR1 attestations 452 BCE to 440 BCE (n=2); floruit derived: earliest attestation - 40 and latest + 5
dprr:menenius-8,person,Marcus Menenius,,Roman magistrate; offices: tribune of the plebs,alive,-449,-404,low,RE Menenius 8; MRR1 attestations 410 BCE to 410 BCE (n=1); floruit derived: earliest attestation - 40 and latest + 5
dprr:menenius-9,person,Marcus Menenius,,Roman magistrate; offices: tribune of the plebs,alive,-423,-378,low,RE Menenius 9; MRR1 attestations 384 BCE to 384 BCE (n=1); floruit derived: earliest attestation - 40 and latest + 5
dprr:menodorus-1,person,Menodorus,(Pompeius?) Menodorus (Menodorus 1)|(Cn. Pompeius) Menodorus (1)|(Cn. Pompeius?) Menodoros (Menodorus 1)|(Cn. Pompeius?) Menodorus (Menas) (Menodorus 1),Roman magistrate; offices: legate; prefect; special commission,alive,-79,-29,medium,RE Menodorus 1; MRR2 attestations 40 BCE to 35 BCE (n=6); floruit derived: earliest attestation - 40 and latest + 5
dprr:menucius-10,person,Lucius Menucius Basilus,,Roman magistrate; offices: quaestor,alive,-94,-40,medium,RE Menucius 10; MRR2 attestations 55 BCE to 46 BCE (n=2); floruit derived: earliest attestation - 40 and latest + 5
dprr:mescinius-2,person,Lucius Mescinius Rufus,,Roman magistrate; offices: quaestor; promagistrate,alive,-90,-44,medium,RE Mescinius 2; MRR2 attestations 51 BCE to 50 BCE (n=2); floruit derived: earliest attestation - 40 and latest + 5
dprr:messius-2,person,Gaius Messius,? C. Messius (2),Roman magistrate; offices: aedile; tribune of the plebs; legate,alive,-96,-40,medium,RE Messius 2; MRR2 attestations 57 BCE to 46 BCE (n=4); floruit derived: earliest attestation - 40 and latest + 5
dprr:metilius-1,person,Marcus Metilius,,Roman magistrate; offices: tribune of the plebs,alive,-259,-214,low,RE Metilius 1; MRR1 attestations 220 BCE to 220 BCE (n=1); floruit derived: earliest attestation - 40 and latest + 5
dprr:metilius-7,person,Metilius,,Roman magistrate; offices: tribune of the plebs,alive,-455,-410,low,RE Metilius 7; MRR1 attestations 416 BCE to 416 BCE (n=1); floruit derived: earliest attestation - 40 and latest + 5
dprr:metilius-8,person,Marcus Metilius,,Roman magistrate; offices: tribune of the plebs,alive,-440,-395,low,RE Metilius 8; MRR1 attestations 401 BCE to 401 BCE (n=1); floruit derived: earliest attestation - 40 and latest + 5
dprr:metilius-9,person,Marcus Metilius,,Roman magistrate; offices: tribune of the plebs; envoy,alive,-256,-206,medium,RE Metilius 9; MRR1 attestations 217 BCE to 212 BCE (n=2); floruit derived: earliest attestation - 40 and latest + 5
dprr:mettius-2,person,Marcus Mettius,,Roman magistrate; offices: envoy,alive,-97,-52,low,RE Mettius 2; MRR2 attestations 58 BCE to 58 BCE (n=1); floruit derived: earliest attestation - 40 and latest + 5
dprr:mevius-1,person,Maevius,,Roman magistrate; offices: tribune of the plebs,alive,-160,-115,low,RE Mevius 1; MRR1 attestations 121 BCE to 121 BCE (n=1); floruit derived: earliest attestation - 40 and latest + 5
dprr:mevulanus-1,person,Gaius Mevulanus,,Roman magistrate; offices: military tribune,alive,-102,-57,low,RE Mevulanus 1; MRR2 attestations 63 BCE to 63 BCE (n=1); floruit derived: earliest attestation - 40 and latest + 5
dprr:milonius-2,person,Gaius Milonius,,Roman magistrate; offices: tribune of the plebs; legate,alive,-126,-81,low,RE Milonius 2; MRR2 attestations 87 BCE to 87 BCE (n=1); floruit derived: earliest attestation - 40 and latest + 5
dprr:minatius-3,person,Marcus Minatius Sabinus,,Roman magistrate; offices: promagistrate,alive,-85,-39,medium,RE Minatius 3; MRR2 attestations 46 BCE to 45 BCE (n=2); floruit derived: earliest attestation - 40 and latest + 5
dprr:mindius-5,person,Marcus Mindius Marcellus,,Roman magistrate; offices: prefect,alive,-75,-30,low,RE Mindius 5; MRR2 attestations 36 BCE to 36 BCE (n=1); floruit derived: earliest attestation - 40 and latest + 5
dprr:minucia-68,person,Minucia,,Roman magistrate; offices: vestal virgin,alive,-376,-331,low,RE Minucia 68; MRR1 attestations 337 BCE to 337 BCE (n=1); floruit derived: earliest attestation - 40 and latest + 5
dprr:minucius-15,person,Lucius Minucius,L. Minucius Thermus (15; 63)|L. Minucius (Thermus) (15; 63),Roman magistrate; offices: legate; envoy,alive,-221,-171,medium,RE Minucius 15; MRR1 attestations 182 BCE to 177 BCE (n=5); floruit derived: earliest attestation - 40 and latest + 5
dprr:minucius-17,person,Marcus Minucius,,Roman magistrate; offices: quaestor,alive,-548,-485,high,RE Minucius 17; MRR1 attestations 509 BCE to 491 BCE (n=3); floruit derived: earliest attestation - 40 and latest + 5
dprr:minucius-19,person,Marcus Minucius,,Roman magistrate; offices: tribune of the plebs,alive,-440,-395,low,RE Minucius 19; MRR1 attestations 401 BCE to 401 BCE (n=1); floruit derived: earliest attestation - 40 and latest + 5
dprr:minucius-20,person,Marcus Minucius,,Roman magistrate; offices: tribune of the plebs,alive,-255,-210,low,RE Minucius 20; MRR1 attestations 216 BCE to 216 BCE (n=1); floruit derived: earliest attestation - 40 and latest + 5
dprr:minucius-21,person,Publius Minucius,,Roman magistrate; offices: military tribune,alive,-232,-187,low,RE Minucius 21; MRR1 attestations 193 BCE to 193 BCE (n=1); floruit derived: earliest attestation - 40 and latest + 5
dprr:minucius-22,person,Quintus Minucius Rufus,Q. Minucius (Rufus ?) (22; 55)|Q. Minucius (Rufus) (22; 55)|Q. Minucius (Rufus) (22;55)|Q. Minucius C. f. C. n. Rufus (22; 55),Roman magistrate; offices: consul; praetor; aedile,alive,-250,-177,high,RE Minucius 22; MRR1 attestations 211 BCE to 183 BCE (n=8); floruit derived: earliest attestation - 40 and latest + 5
dprr:minucius-23,person,Quintus Minucius,Q. Minucius (23; cf. 24),Roman magistrate; offices: ambassador; military tribune,alive,-232,-159,high,RE Minucius 23; MRR1 attestations 193 BCE to 165 BCE (n=3); floruit derived: earliest attestation - 40 and latest + 5
dprr:minucius-24,person,Quintus Minucius,,Roman magistrate; offices: praetor,alive,-203,-158,low,RE Minucius 24; MRR1 attestations 164 BCE to 164 BCE (n=1); floruit derived: earliest attestation - 40 and latest + 5
dprr:minucius-25,person,Quintus Minucius,,Roman magistrate; offices: aedile,alive,-174,-129,low,RE Minucius 25; MRR1 attestations 135 BCE to 135 BCE (n=1); floruit derived: earliest attestation - 40 and latest + 5
dprr:minucius-28,person,Spurius Minucius,,Roman magistrate; offices: pontifex,alive,-459,-414,low,RE Minucius 28; MRR1 attestations 420 BCE to 420 BCE (n=1); floruit derived: earliest attestation - 40 and latest + 5
dprr:minucius-30,person,Gaius Minucius Augurinus,,Roman magistrate; offices: tribune of the plebs,alive,-223,-178,low,RE Minucius 30; MRR1 attestations 184 BCE to 184 BCE (n=1); floruit derived: earliest attestation - 40 and latest + 5
dprr:minucius-32,person,Marcus Minucius Augurinus,M. Minucius (Augurinus) Pat. (32),Roman magistrate; offices: consul; envoy,alive,-536,-482,medium,RE Minucius 32; MRR1 attestations 497 BCE to 488 BCE (n=3); floruit derived: earliest attestation - 40 and latest + 5
dprr:minucius-33,person,Publius Minucius Augurinus,,Roman magistrate; offices: consul,alive,-531,-486,low,RE Minucius 33; MRR1 attestations 492 BCE to 492 BCE (n=1); floruit derived: earliest attestation - 40 and latest + 5
dprr:minucius-34,person,Tiberius Minucius Augurinus,,Roman magistrate; offices: consul,alive,-344,-299,low,RE Minucius 34; MRR1 attestations 305 BCE to 305 BCE (n=1); floruit derived: earliest attestation - 40 and latest + 5
dprr:minucius-38,person,Lucius Minucius Basilus,? L. Minucius Basilus (38),Roman magistrate; offices: praetor; legate,alive,-92,-39,medium,RE Minucius 38; MRR2 attestations 53 BCE to 45 BCE (n=7); floruit derived: earliest attestation - 40 and latest + 5
dprr:minucius-40,person,Lucius Minucius Esquilinus Augurinus,L. Minucius (Esquilinus Augurinus) Pat. (40)|[? L. Minucius (Esquilinus Augurinus) Pat. (40),Roman magistrate; offices: consul; tribune of the plebs; prefect,alive,-497,-433,high,RE Minucius 40; MRR1 attestations 458 BCE to 439 BCE (n=5); floruit derived: earliest attestation - 40 and latest + 5
dprr:minucius-41,person,Quintus Minucius Esquilinus,,Roman magistrate; offices: consul,alive,-496,-451,low,RE Minucius 41; MRR1 attestations 457 BCE to 457 BCE (n=1); floruit derived: earliest attestation - 40 and latest + 5
dprr:minucius-42,person,Marcus Minucius Faesus,,Roman magistrate; offices: augur,alive,-339,-294,low,RE Minucius 42; MRR1 attestations 300 BCE to 300 BCE (n=1); floruit derived: earliest attestation - 40 and latest + 5
dprr:minucius-43,person,Tiberius Minucius Molliculus,,Roman magistrate; offices: praetor,alive,-219,-174,low,RE Minucius 43; MRR1 attestations 180 BCE to 180 BCE (n=1); floruit derived: earliest attestation - 40 and latest + 5
dprr:minucius-47,person,Gaius Minucius Reginus,,Roman magistrate; offices: prefect,alive,-85,-40,low,RE Minucius 47; MRR2 attestations 46 BCE to 46 BCE (n=1); floruit derived: earliest attestation - 40 and latest + 5
dprr:minucius-49,person,Minucius Rufus,,Roman magistrate; offices: prefect,alive,-127,-82,low,RE Minucius 49; MRR2 attestations 88 BCE to 88 BCE (n=1); floruit derived: earliest attestation - 40 and latest + 5
dprr:minucius-50,person,Minucius Rufus,,Roman magistrate; offices: prefect,alive,-88,-37,medium,RE Minucius 50; MRR2 attestations 49 BCE to 43 BCE (n=3); floruit derived: earliest attestation - 40 and latest + 5
dprr:minucius-52,person,Marcus Minucius Rufus,,Roman magistrate; offices: dictator; master of horse; consul,alive,-260,-211,medium,RE Minucius 52; MRR1 attestations 221 BCE to 217 BCE (n=2); floruit derived: earliest attestation - 40 and latest + 5
dprr:minucius-53,person,Marcus Minucius Rufus,,Roman magistrate; offices: praetor; triumvir; ambassador,alive,-236,-186,medium,RE Minucius 53; MRR1 attestations 197 BCE to 192 BCE (n=4); floruit derived: earliest attestation - 40 and latest + 5
dprr:minucius-54,person,Marcus Minucius Rufus,? M. Minucius Rufus (54)|M. ? Minucius Rufus (54; cf. 48)|M. Minucius Q. f. - n. Rufus (54),Roman magistrate; offices: consul; praetor; tribune of the plebs,alive,-160,-100,high,RE Minucius 54; MRR1 attestations 121 BCE to 106 BCE (n=8); floruit derived: earliest attestation - 40 and latest + 5
dprr:minucius-56,person,Quintus Minucius Rufus,,Roman magistrate; offices: legate; special commission,alive,-156,-100,medium,RE Minucius 56; MRR1 attestations 117 BCE to 106 BCE (n=6); floruit derived: earliest attestation - 40 and latest + 5
dprr:minucius-58,person,Titus Minucius Rufus,,Roman magistrate; offices: legate,alive,-210,-165,low,RE Minucius 58; MRR1 attestations 171 BCE to 171 BCE (n=1); floruit derived: earliest attestation - 40 and latest + 5
dprr:minucius-6,person,Quintus Minucius,,Roman magistrate; offices: tribune of the plebs,alive,-172,-127,low,RE Minucius 6; MRR1 attestations 133 BCE to 133 BCE (n=1); floruit derived: earliest attestation - 40 and latest + 5
dprr:minucius-63,person,Lucius Minucius Thermus,,Roman magistrate; offices: ambassador,alive,-193,-148,low,RE Minucius 63; MRR1 attestations 154 BCE to 154 BCE (n=1); floruit derived: earliest attestation - 40 and latest + 5
dprr:minucius-64,person,Marcus Minucius Thermus,,Roman magistrate; offices: praetor; promagistrate,alive,-120,-74,medium,RE Minucius 64; MRR2 attestations 81 BCE to 80 BCE (n=2); floruit derived: earliest attestation - 40 and latest + 5
dprr:minucius-65,person,Quintus Minucius Thermus,Q. Minucius Q. f. L. n. Thermus (65),Roman magistrate; offices: consul; praetor; aedile,alive,-240,-182,medium,RE Minucius 65; MRR1 attestations 201 BCE to 188 BCE (n=11); floruit derived: earliest attestation - 40 and latest + 5
dprr:minucius-66,person,Quintus Minucius Ter,Q. Minucius Thermu (66),Roman magistrate; offices: quaestor; legate,alive,-128,-80,medium,RE Minucius 66; MRR2 attestations 89 BCE to 86 BCE (n=2); floruit derived: earliest attestation - 40 and latest + 5
dprr:minucius-67,person,Quintus Minucius Thermus,? Q. Minucius Thermus (67)|Q. Minucius Q. f. Ter. Thermus (67),Roman magistrate; offices: praetor; tribune of the plebs; quaestor,alive,-112,-37,high,RE Minucius 67; MRR2 attestations 73 BCE to 43 BCE (n=9); floruit derived: earliest attestation - 40 and latest + 5
dprr:minucius-9,person,Minucius,,Roman magistrate; offices: praetor,alive,-82,-37,low,RE Minucius 9; MRR2 attestations 43 BCE to 43 BCE (n=1); floruit derived: earliest attestation - 40 and latest + 5
dprr:mucius-1,person,Quintus Mucius,,Roman magistrate; offices: tribune of the plebs,alive,-172,-127,low,RE Mucius 1; MRR1 attestations 133 BCE to 133 BCE (n=1); floruit derived: earliest attestation - 40 and latest + 5
dprr:mucius-12,person,Quintus Mucius Orestinus,,Roman magistrate; offices: tribune of the plebs,alive,-103,-58,low,RE Mucius 12; MRR2 attestations 64 BCE to 64 BCE (n=1); floruit derived: earliest attestation - 40 and latest + 5
dprr:mucius-16,person,Publius Mucius Scaevola,P. Mucius Q. f. P. n. Scaevola (16),Roman magistrate; offices: consul; praetor,alive,-218,-169,medium,RE Mucius 16; MRR1 attestations 179 BCE to 175 BCE (n=2); floruit derived: earliest attestation - 40 and latest + 5
dprr:mucius-17,person,Publius Mucius Scaevola,?- ca. 115: P. Mucius Scaevola (17)|P. Mucius P. f. Q. n. Scaevola (17),Roman magistrate; offices: consul; praetor; tribune of the plebs,alive,-180,-109,high,RE Mucius 17; MRR1 attestations 141 BCE to 115 BCE (n=5); floruit derived: earliest attestation - 40 and latest + 5
dprr:mucius-18,person,Publius Mucius Scaevola,?–Before 60: P. Mucius Scaevola (18),Roman magistrate; offices: pontifex,alive,-108,-54,medium,RE Mucius 18; MRR2 attestations 69 BCE to 60 BCE (n=2); floruit derived: earliest attestation - 40 and latest + 5
dprr:mucius-19,person,Quintus Mucius Scaevola,?- 209: Q. Mucius Scaevola (19)|Q. Mucius (Scaevola) (19)|Q. Mucius P. f. - n. Scaevola (19),Roman magistrate; offices: consul; praetor; promagistrate,alive,-259,-203,medium,RE Mucius 19; MRR1 attestations 220 BCE to 209 BCE (n=6); floruit derived: earliest attestation - 40 and latest + 5
dprr:mucius-20,person,Quintus Mucius,Q. Mucius P. f. P. n. Scaevola (20)|Q. Mucius Scaevola (20),Roman magistrate; offices: consul; praetor; legate,alive,-218,-165,medium,RE Mucius 20; MRR1 attestations 179 BCE to 171 BCE (n=3); floruit derived: earliest attestation - 40 and latest + 5
dprr:mucius-21,person,Quintus Mucius Scaevola,? Q. Mucius Scaevola (Augur) (21)|Q. Mucius Q. f. Q. n. Scaevola (Augur) (21),Roman magistrate; offices: consul; praetor; augur,alive,-172,-111,high,RE Mucius 21; MRR1 attestations 133 BCE to 117 BCE (n=3); floruit derived: earliest attestation - 40 and latest + 5
dprr:mucius-22,person,Quintus Mucius Scaevola,? Q. Mucius Scaevola (22)|? Q. Mucius Scaevola (Pontifex) (22)|?-82: Q. Mucius Scaevola (22)|Q. Mucius P. f. P. n. Scaevola (22)|Q. Mucius Scaevola (Pontifex) (22),Roman magistrate; offices: consul; praetor; aedile,alive,-154,-76,high,RE Mucius 22; MRR1+MRR2 attestations 115 BCE to 82 BCE (n=9); floruit derived: earliest attestation - 40 and latest + 5
dprr:mucius-23,person,Quintus Mucius Scaevola,? Q. Mucius Scaevola (23),Roman magistrate; offices: tribune of the plebs; legate,alive,-93,-47,medium,RE Mucius 23; MRR2 attestations 54 BCE to 53 BCE (n=2); floruit derived: earliest attestation - 40 and latest + 5
dprr:mucius-7,person,Publius Mucius Scaevola,,Roman magistrate; offices: tribune of the plebs,alive,-525,-480,low,RE Mucius 7; MRR1 attestations 486 BCE to 486 BCE (n=1); floruit derived: earliest attestation - 40 and latest + 5
dprr:mulvius-3,person,Marcus Mulvius,,Roman magistrate; offices: triumvir,alive,-280,-235,low,RE Mulvius 3; MRR1 attestations 241 BCE to 241 BCE (n=1); floruit derived: earliest attestation - 40 and latest + 5
dprr:mummius-11,person,Quintus Mummius,,Roman magistrate; offices: tribune of the plebs,alive,-226,-181,low,RE Mummius 11; MRR1 attestations 187 BCE to 187 BCE (n=1); floruit derived: earliest attestation - 40 and latest + 5
dprr:mummius-12,person,Quintus Mummius,,Roman magistrate; offices: tribune of the plebs,alive,-172,-127,low,RE Mummius 12; MRR1 attestations 133 BCE to 133 BCE (n=1); floruit derived: earliest attestation - 40 and latest + 5
dprr:mummius-13,person,Spurius Mummius,,Roman magistrate; offices: legate; ambassador,alive,-185,-133,medium,RE Mummius 13; MRR1 attestations 146 BCE to 139 BCE (n=3); floruit derived: earliest attestation - 40 and latest + 5
dprr:mummius-2,person,Mummius,,Roman magistrate; offices: legate,alive,-111,-66,low,RE Mummius 2; MRR2 attestations 72 BCE to 72 BCE (n=1); floruit derived: earliest attestation - 40 and latest + 5
dprr:mummius-6,person,Gaius Mummius,,Roman magistrate; offices: legate,alive,-127,-82,low,RE Mummius 6; MRR2 attestations 88 BCE to 88 BCE (n=1); floruit derived: earliest attestation - 40 and latest + 5
dprr:mummius-7,person,Lucius Mummius,,Roman magistrate; offices: praetor; tribune of the plebs,alive,-226,-171,medium,RE Mummius 7; MRR1 attestations 187 BCE to 177 BCE (n=2); floruit derived: earliest attestation - 40 and latest + 5
dprr:mummius-9,person,Marcus Mummius,,Roman magistrate; offices: praetor,alive,-109,-64,low,RE Mummius 9; MRR2 attestations 70 BCE to 70 BCE (n=1); floruit derived: earliest attestation - 40 and latest + 5
dprr:munatius-19,person,Lucius Munatius Flaccus,,Roman magistrate; offices: prefect,alive,-84,-39,low,RE Munatius 19; MRR2 attestations 45 BCE to 45 BCE (n=1); floruit derived: earliest attestation - 40 and latest + 5
dprr:munatius-28,person,Munatius,,Roman magistrate; offices: legate,alive,-126,-81,low,RE Munatius 28; MRR2 attestations 87 BCE to 87 BCE (n=1); floruit derived: earliest attestation - 40 and latest + 5
dprr:munatius-30,person,Lucius Munatius Plancus,L. Munatius L. f. L. n. Plancus (30),Roman magistrate; offices: consul; praetor; promagistrate,alive,-93,-25,high,RE Munatius 30; MRR2 attestations 54 BCE to 31 BCE (n=19); floruit derived: earliest attestation - 40 and latest + 5
dprr:munatius-32,person,Titus Munatius Plancus Bursa,T. Munatius Plancus Byrsa (32),Roman magistrate; offices: tribune of the plebs; legate,alive,-91,-37,medium,RE Munatius 32; MRR2 attestations 52 BCE to 43 BCE (n=2); floruit derived: earliest attestation - 40 and latest + 5
dprr:munatius-5,person,Gaius Munatius,,Roman magistrate; offices: decemvir,alive,-212,-167,low,RE Munatius 5; MRR1 attestations 173 BCE to 173 BCE (n=1); floruit derived: earliest attestation - 40 and latest + 5
dprr:naevius-11,person,Lucius Naevius Balbus,,Roman magistrate; offices: quinquevir,alive,-207,-162,low,RE Naevius 11; MRR1 attestations 168 BCE to 168 BCE (n=1); floruit derived: earliest attestation - 40 and latest + 5
dprr:naevius-14,person,Quintus Naevius Crista,,Roman magistrate; offices: prefect,alive,-253,-208,low,RE Naevius 14; MRR1 attestations 214 BCE to 214 BCE (n=1); floruit derived: earliest attestation - 40 and latest + 5
dprr:naevius-3,person,Marcus Naevius,,Roman magistrate; offices: tribune of the plebs,alive,-223,-178,low,RE Naevius 3; MRR1 attestations 184 BCE to 184 BCE (n=1); floruit derived: earliest attestation - 40 and latest + 5
dprr:naevius-4,person,Quintus Naevius,Q. Naevius Matho (4; 16),Roman magistrate; offices: praetor; triumvir,alive,-233,-178,medium,RE Naevius 4; MRR1 attestations 194 BCE to 184 BCE (n=4); floruit derived: earliest attestation - 40 and latest + 5
dprr:nasidius-3,person,Lucius Nasidius,L. Nasidius (3),Roman magistrate; offices: prefect,alive,-88,-41,medium,RE Nasidius 3; MRR2 attestations 49 BCE to 47 BCE (n=2); floruit derived: earliest attestation - 40 and latest + 5
dprr:nasidius-4,person,Quintus Nasidius,,Roman magistrate; offices: legate,alive,-77,-25,medium,RE Nasidius 4; MRR2 attestations 38 BCE to 31 BCE (n=2); floruit derived: earliest attestation - 40 and latest + 5
dprr:nautius-1,person,Nautius,,Roman magistrate; offices: military tribune,alive,-295,-250,low,RE Nautius 1; MRR1 attestations 256 BCE to 256 BCE (n=1); floruit derived: earliest attestation - 40 and latest + 5
dprr:nautius-10,person,Spurius Nautius Rutilus,Sp. (or C.) Nautius Sp. f. Sp. n. Rutilus Pat. (10; cf. 7),Roman magistrate; offices: consul,alive,-458,-398,high,RE Nautius 10; MRR1 attestations 419 BCE to 404 BCE (n=4); floruit derived: earliest attestation - 40 and latest + 5
dprr:nautius-11,person,Spurius Nautius Rutilus,,Roman magistrate; offices: consul,alive,-355,-310,low,RE Nautius 11; MRR1 attestations 316 BCE to 316 BCE (n=1); floruit derived: earliest attestation - 40 and latest + 5
dprr:nautius-4,person,Spurius Nautius,,Roman magistrate; offices: legate,alive,-332,-287,low,RE Nautius 4; MRR1 attestations 293 BCE to 293 BCE (n=1); floruit derived: earliest attestation - 40 and latest + 5
dprr:nautius-5,person,Gaius Nautius Rutilus,,Roman magistrate; offices: consul,alive,-514,-452,medium,RE Nautius 5; MRR1 attestations 475 BCE to 458 BCE (n=2); floruit derived: earliest attestation - 40 and latest + 5
dprr:nautius-6,person,Gaius Nautius Rutilus,,Roman magistrate; offices: consul,alive,-326,-281,low,RE Nautius 6; MRR1 attestations 287 BCE to 287 BCE (n=1); floruit derived: earliest attestation - 40 and latest + 5
dprr:nautius-8,person,Spurius Nautius Rutilus,,Roman magistrate; offices: consul,alive,-527,-482,low,RE Nautius 8; MRR1 attestations 488 BCE to 488 BCE (n=1); floruit derived: earliest attestation - 40 and latest + 5
dprr:nautius-9,person,Spurius Nautius Rutilus,,Roman magistrate; offices: consul,alive,-463,-418,low,RE Nautius 9; MRR1 attestations 424 BCE to 424 BCE (n=1); floruit derived: earliest attestation - 40 and latest + 5
dprr:nerius-3,person,Gnaeus Nerius,,Roman magistrate; offices: quaestor,alive,-88,-43,low,RE Nerius 3; MRR2 attestations 49 BCE to 49 BCE (n=1); floruit derived: earliest attestation - 40 and latest + 5
dprr:nigidius-1,person,Gaius Nigidius,,Roman magistrate; offices: praetor,alive,-184,-139,low,RE Nigidius 1; MRR1 attestations 145 BCE to 145 BCE (n=1); floruit derived: earliest attestation - 40 and latest + 5
dprr:nigidius-3,person,Publius Nigidius Figulus,? P. Nigidius Figulus (3),Roman magistrate; offices: praetor; tribune of the plebs; legate,alive,-98,-45,medium,RE Nigidius 3; MRR2 attestations 59 BCE to 51 BCE (n=4); floruit derived: earliest attestation - 40 and latest + 5
dprr:ninnius-3,person,Lucius Ninnius Quadratus,,Roman magistrate; offices: tribune of the plebs,alive,-97,-52,low,RE Ninnius 3; MRR2 attestations 58 BCE to 58 BCE (n=1); floruit derived: earliest attestation - 40 and latest + 5
dprr:nomentanus-44,person,Lucius Atilius Nomentanus,,Roman magistrate; offices: legate; prefect,alive,-159,-114,low,RE Nomentanus 44; MRR1 attestations 120 BCE to 120 BCE (n=1); floruit derived: earliest attestation - 40 and latest + 5
dprr:nonius-14,person,Lucius Nonius Asprenas,? L. Nonius Asprenas (14)|L. Nonius L. f. T.? n. Asprenas (14),Roman magistrate; offices: consul; praetor; promagistrate,alive,-86,-25,high,RE Nonius 14; MRR2 attestations 47 BCE to 31 BCE (n=5); floruit derived: earliest attestation - 40 and latest + 5
dprr:nonius-27,person,Nonius Balbus,,Roman magistrate; offices: tribune of the plebs,alive,-71,-26,low,RE Nonius 27; MRR2 attestations 32 BCE to 32 BCE (n=1); floruit derived: earliest attestation - 40 and latest + 5
dprr:nonius-50,person,Nonius Struma,,Roman magistrate; offices: aedile,alive,-94,-49,low,RE Nonius 50; MRR2 attestations 55 BCE to 55 BCE (n=1); floruit derived: earliest attestation - 40 and latest + 5
dprr:nonius-52,person,Marcus Nonius Sufenas,? M. Nonius Sufenas (52)|M. Nonius (Sufenas) (52),Roman magistrate; offices: praetor; tribune of the plebs; promagistrate,alive,-95,-43,medium,RE Nonius 52; MRR2 attestations 56 BCE to 49 BCE (n=6); floruit derived: earliest attestation - 40 and latest + 5
dprr:nonius-53,person,Sextus Nonius Suffenas,,Roman magistrate; offices: praetor,alive,-120,-75,low,RE Nonius 53; MRR2 attestations 81 BCE to 81 BCE (n=1); floruit derived: earliest attestation - 40 and latest + 5
dprr:norbanus-5,person,Gaius Norbanus,C. Norbanus - f. - n. (5),Roman magistrate; offices: consul; praetor; tribune of the plebs,alive,-142,-76,high,RE Norbanus 5; MRR1+MRR2 attestations 103 BCE to 82 BCE (n=6); floruit derived: earliest attestation - 40 and latest + 5
dprr:novius-12,person,Novius Niger,,Roman magistrate; offices: iudex quaestionis,alive,-101,-56,low,RE Novius 12; MRR2 attestations 62 BCE to 62 BCE (n=1); floruit derived: earliest attestation - 40 and latest + 5
dprr:novius-7,person,Lucius Novius,,Roman magistrate; offices: tribune of the plebs,alive,-97,-52,low,RE Novius 7; MRR2 attestations 58 BCE to 58 BCE (n=1); floruit derived: earliest attestation - 40 and latest + 5
dprr:nucula-1,person,Nucula,,Roman magistrate; offices: special commission,alive,-83,-38,low,RE Nucula 1; MRR2 attestations 44 BCE to 44 BCE (n=1); floruit derived: earliest attestation - 40 and latest + 5
dprr:num-45,person,Num Fabius,,Roman magistrate; offices: ambassador,alive,-430,-385,low,RE Num 45; MRR1 attestations 391 BCE to 391 BCE (n=1); floruit derived: earliest attestation - 40 and latest + 5
dprr:numerius-5,person,Quintus Numerius Rufus,? Q. Numerius Rufus (5)|Q. Numerius Rufus (Gracchus) (5),Roman magistrate; offices: tribune of the plebs; quaestor; legate,alive,-99,-49,medium,RE Numerius 5; MRR2 attestations 60 BCE to 55 BCE (n=3); floruit derived: earliest attestation - 40 and latest + 5
dprr:numicius-3,person,Tiberius Numicius,,Roman magistrate; offices: tribune of the plebs,alive,-359,-314,low,RE Numicius 3; MRR1 attestations 320 BCE to 320 BCE (n=1); floruit derived: earliest attestation - 40 and latest + 5
dprr:numicius-4,person,Titus Numicius Priscus,,Roman magistrate; offices: consul,alive,-508,-463,low,RE Numicius 4; MRR1 attestations 469 BCE to 469 BCE (n=1); floruit derived: earliest attestation - 40 and latest + 5
dprr:numisius-10,person,Titus Numisius Tarquiniensis,T. Numisius (Tarquiniensis ?) (10),Roman magistrate; offices: ambassador,alive,-208,-161,medium,RE Numisius 10; MRR1 attestations 169 BCE to 167 BCE (n=2); floruit derived: earliest attestation - 40 and latest + 5
dprr:numisius-2,person,Gaius Numisius,,Roman magistrate; offices: praetor,alive,-216,-171,low,RE Numisius 2; MRR1 attestations 177 BCE to 177 BCE (n=1); floruit derived: earliest attestation - 40 and latest + 5
dprr:numitorius-3,person,Lucius Numitorius,,Roman magistrate; offices: tribune of the plebs,alive,-509,-464,low,RE Numitorius 3; MRR1 attestations 470 BCE to 470 BCE (n=1); floruit derived: earliest attestation - 40 and latest + 5
dprr:numitorius-4,person,Publius Numitorius,,Roman magistrate; offices: tribune of the plebs,alive,-488,-443,low,RE Numitorius 4; MRR1 attestations 449 BCE to 449 BCE (n=1); floruit derived: earliest attestation - 40 and latest + 5
dprr:occia-3,person,Occia,,Roman magistrate; offices: vestal virgin,alive,-77,-32,low,RE Occia 3; MRR2 attestations 38 BCE to 38 BCE (n=1); floruit derived: earliest attestation - 40 and latest + 5
dprr:occius-1,person,Quintus Occius,? Q. Occius (1),Roman magistrate; offices: legate,alive,-182,-134,medium,RE Occius 1; MRR1 attestations 143 BCE to 140 BCE (n=4); floruit derived: earliest attestation - 40 and latest + 5
dprr:octavius-1,person,Octavius Maecius,,Roman magistrate; offices: legate,alive,-332,-287,low,RE Octavius 1; MRR1 attestations 293 BCE to 293 BCE (n=1); floruit derived: earliest attestation - 40 and latest + 5
dprr:octavius-13,person,Gaius Octavius,,Roman magistrate; offices: military tribune,alive,-244,-199,low,RE Octavius 13; MRR1 attestations 205 BCE to 205 BCE (n=1); floruit derived: earliest attestation - 40 and latest + 5
dprr:octavius-15,person,Gaius Octavius,? C. Octavius (15),Roman magistrate; offices: praetor; aedile; quaestor,alive,-112,-53,medium,RE Octavius 15; MRR2 attestations 73 BCE to 59 BCE (n=6); floruit derived: earliest attestation - 40 and latest + 5
dprr:octavius-16,person,Gnaeus Octavius,,Roman magistrate; offices: aedile; promagistrate; triumvir,alive,-255,-185,high,RE Octavius 16; MRR1 attestations 216 BCE to 191 BCE (n=11); floruit derived: earliest attestation - 40 and latest + 5
dprr:octavius-17,person,Gnaeus Octavius,169-162: Cn. Octavius (17)|Cn. Octavius Cn. f. Cn. n. (17),Roman magistrate; offices: consul; praetor; aedile,alive,-211,-156,medium,RE Octavius 17; MRR1 attestations 172 BCE to 162 BCE (n=7); floruit derived: earliest attestation - 40 and latest + 5
dprr:octavius-18,person,Gnaeus Octavius,Cn. Octavius Cn. f. Cn. n. (18; cf. 2),Roman magistrate; offices: consul; praetor,alive,-170,-122,medium,RE Octavius 18; MRR1 attestations 131 BCE to 128 BCE (n=2); floruit derived: earliest attestation - 40 and latest + 5
dprr:octavius-20,person,Gnaeus Octavius,Cn. Octavius Cn. f. Cn. n. (20),Roman magistrate; offices: consul; praetor,alive,-129,-81,medium,RE Octavius 20; MRR2 attestations 90 BCE to 87 BCE (n=2); floruit derived: earliest attestation - 40 and latest + 5
dprr:octavius-21,person,Gnaeus Octavius,,Roman magistrate; offices: legate,alive,-130,-83,medium,RE Octavius 21; MRR2 attestations 91 BCE to 89 BCE (n=2); floruit derived: earliest attestation - 40 and latest + 5
dprr:octavius-22,person,Gnaeus Octavius,Cn. Octavius M. f. Cn. n. (22),Roman magistrate; offices: consul; praetor,alive,-118,-70,medium,RE Octavius 22; MRR2 attestations 79 BCE to 76 BCE (n=2); floruit derived: earliest attestation - 40 and latest + 5
dprr:octavius-26,person,Lucius Octavius,L. Octavius (26)|L. Octavius Cn. f. C. n. (26),Roman magistrate; offices: consul; praetor; promagistrate,alive,-117,-68,medium,RE Octavius 26; MRR2 attestations 78 BCE to 74 BCE (n=3); floruit derived: earliest attestation - 40 and latest + 5
dprr:octavius-27,person,Lucius Octavius,,Roman magistrate; offices: legate; military tribune,alive,-106,-61,low,RE Octavius 27; MRR2 attestations 67 BCE to 67 BCE (n=1); floruit derived: earliest attestation - 40 and latest + 5
dprr:octavius-31,person,Marcus Octavius,,Roman magistrate; offices: tribune of the plebs,alive,-172,-127,low,RE Octavius 31; MRR1 attestations 133 BCE to 133 BCE (n=1); floruit derived: earliest attestation - 40 and latest + 5
dprr:octavius-33,person,Marcus Octavius,? M. Octavius (33)|? M. Octavius Cn. f. (33),Roman magistrate; offices: aedile; legate,alive,-92,-40,medium,RE Octavius 33; MRR2 attestations 53 BCE to 46 BCE (n=8); floruit derived: earliest attestation - 40 and latest + 5
dprr:octavius-34,person,Marcus Octavius,,Roman magistrate; offices: promagistrate,alive,-70,-25,low,RE Octavius 34; MRR2 attestations 31 BCE to 31 BCE (n=1); floruit derived: earliest attestation - 40 and latest + 5
dprr:octavius-5,person,Octavius,,Roman magistrate; offices: legate,alive,-93,-47,medium,RE Octavius 5; MRR2 attestations 54 BCE to 53 BCE (n=2); floruit derived: earliest attestation - 40 and latest + 5
dprr:octavius-55,person,Octavius Graecinus,Octavius Graecinus (55),Roman magistrate; offices: legate; prefect,alive,-115,-66,medium,RE Octavius 55; MRR2 attestations 76 BCE to 72 BCE (n=2); floruit derived: earliest attestation - 40 and latest + 5
dprr:octavius-71,person,Marcus Octavius Marsus,,Roman magistrate; offices: legate,alive,-83,-38,low,RE Octavius 71; MRR2 attestations 44 BCE to 44 BCE (n=1); floruit derived: earliest attestation - 40 and latest + 5
dprr:octavius-79,person,Gnaeus Octavius Rufus,,Roman magistrate; offices: quaestor,alive,-269,-224,low,RE Octavius 79; MRR1 attestations 230 BCE to 230 BCE (n=1); floruit derived: earliest attestation - 40 and latest + 5
dprr:octavius-82,person,Gnaeus Octavius Ruso,? Cn. Octavius (Ruso?) (82),Roman magistrate; offices: praetor; quaestor,alive,-144,-85,medium,RE Octavius 82; MRR1+MRR2 attestations 105 BCE to 91 BCE (n=2); floruit derived: earliest attestation - 40 and latest + 5
dprr:ofellius-2,person,Ofillius,,Roman magistrate; offices: military tribune,alive,-75,-30,low,RE Ofellius 2; MRR2 attestations 36 BCE to 36 BCE (n=1); floruit derived: earliest attestation - 40 and latest + 5
dprr:ogulnius-2,person,Gnaeus Ogulnius,,Roman magistrate; offices: aedile; tribune of the plebs,alive,-339,-290,medium,RE Ogulnius 2; MRR1 attestations 300 BCE to 296 BCE (n=2); floruit derived: earliest attestation - 40 and latest + 5
dprr:ogulnius-3,person,Marcus Ogulnius,,Roman magistrate; offices: envoy; military tribune,alive,-249,-190,medium,RE Ogulnius 3; MRR1 attestations 210 BCE to 196 BCE (n=2); floruit derived: earliest attestation - 40 and latest + 5
dprr:ogulnius-4,person,Marcus Ogulnius Gallus,,Roman magistrate; offices: praetor,alive,-221,-176,low,RE Ogulnius 4; MRR1 attestations 182 BCE to 182 BCE (n=1); floruit derived: earliest attestation - 40 and latest + 5
dprr:ogulnius-5,person,Quintus Ogulnius Gallus,Q. Ogulnius (Gallus) (5)|Q. Ogulnius L. f. A. n. Gallus (5),Roman magistrate; offices: dictator; consul; aedile,alive,-339,-251,high,RE Ogulnius 5; MRR1 attestations 300 BCE to 257 BCE (n=6); floruit derived: earliest attestation - 40 and latest + 5
dprr:opet-18,person,Opet Verginius,,Roman magistrate; offices: consul,alive,-512,-467,low,RE Opet 18; MRR1 attestations 473 BCE to 473 BCE (n=1); floruit derived: earliest attestation - 40 and latest + 5
dprr:opimia-14,person,Opimia,,Roman magistrate; offices: vestal virgin,alive,-255,-210,low,RE Opimia 14; MRR1 attestations 216 BCE to 216 BCE (n=1); floruit derived: earliest attestation - 40 and latest + 5
dprr:opimia-36,person,Oppia,,Roman magistrate; offices: vestal virgin,alive,-522,-477,low,RE Opimia 36; MRR1 attestations 483 BCE to 483 BCE (n=1); floruit derived: earliest attestation - 40 and latest + 5
dprr:opimius-10,person,Quintus Opimius,Q. Opimius Q. f. Q. n. (10),Roman magistrate; offices: consul; praetor,alive,-196,-148,medium,RE Opimius 10; MRR1 attestations 157 BCE to 154 BCE (n=2); floruit derived: earliest attestation - 40 and latest + 5
dprr:opimius-11,person,Quintus Opimius,,Roman magistrate; offices: tribune of the plebs,alive,-114,-69,low,RE Opimius 11; MRR2 attestations 75 BCE to 75 BCE (n=1); floruit derived: earliest attestation - 40 and latest + 5
dprr:opimius-12,person,Lucius Opimius Pansa,,Roman magistrate; offices: quaestor,alive,-333,-288,low,RE Opimius 12; MRR1 attestations 294 BCE to 294 BCE (n=1); floruit derived: earliest attestation - 40 and latest + 5
dprr:opimius-4,person,Lucius Opimius,? L. Opimius (4)|L. Opimius Q. f. Q. n. (4),Roman magistrate; offices: consul; praetor; legate,alive,-164,-104,high,RE Opimius 4; MRR1 attestations 125 BCE to 110 BCE (n=4); floruit derived: earliest attestation - 40 and latest + 5
dprr:opimius-9,person,Marcus Opimius,,Roman magistrate; offices: prefect,alive,-87,-42,low,RE Opimius 9; MRR2 attestations 48 BCE to 48 BCE (n=1); floruit derived: earliest attestation - 40 and latest + 5
dprr:opiter-2,person,Opiter Verginius Opit Tricostus,Opiter Verginius (Tricostus) Pat. (*2),Roman magistrate; offices: consul; military tribune,alive,-541,-480,medium,RE Opiter 2; MRR1 attestations 502 BCE to 486 BCE (n=2); floruit derived: earliest attestation - 40 and latest + 5
dprr:oppius-10,person,Lucius Oppius,,Roman magistrate; offices: ambassador,alive,-193,-148,low,RE Oppius 10; MRR1 attestations 154 BCE to 154 BCE (n=1); floruit derived: earliest attestation - 40 and latest + 5
dprr:oppius-13,person,Marcus Oppius,,Roman magistrate; offices: military tribune,alive,-488,-443,low,RE Oppius 13; MRR1 attestations 449 BCE to 449 BCE (n=1); floruit derived: earliest attestation - 40 and latest + 5
dprr:oppius-15,person,Marcus Oppius,,Roman magistrate; offices: aedile,alive,-76,-31,low,RE Oppius 15; MRR2 attestations 37 BCE to 37 BCE (n=1); floruit derived: earliest attestation - 40 and latest + 5
dprr:oppius-17,person,Publius Oppius,,Roman magistrate; offices: quaestor; promagistrate,alive,-113,-67,medium,RE Oppius 17; MRR2 attestations 74 BCE to 73 BCE (n=2); floruit derived: earliest attestation - 40 and latest + 5
dprr:oppius-2,person,Oppius,,Roman magistrate; offices: praetor,alive,-185,-140,low,RE Oppius 2; MRR1 attestations 146 BCE to 146 BCE (n=1); floruit derived: earliest attestation - 40 and latest + 5
dprr:oppius-20,person,Quintus Oppius,Q. Oppius (20),Roman magistrate; offices: praetor; promagistrate,alive,-128,-82,medium,RE Oppius 20; MRR2 attestations 89 BCE to 88 BCE (n=2); floruit derived: earliest attestation - 40 and latest + 5
dprr:oppius-21,person,Quintus Oppius,,Roman magistrate; offices: promagistrate,alive,-71,-25,medium,RE Oppius 21; MRR2 attestations 32 BCE to 31 BCE (n=2); floruit derived: earliest attestation - 40 and latest + 5
dprr:oppius-22,person,Spurius Oppius,,Roman magistrate; offices: praetor,alive,-83,-38,low,RE Oppius 22; MRR2 attestations 44 BCE to 44 BCE (n=1); floruit derived: earliest attestation - 40 and latest + 5
dprr:oppius-24,person,Marcus Oppius Capito,,Roman magistrate; offices: promagistrate,alive,-75,-30,low,RE Oppius 24; MRR2 attestations 36 BCE to 36 BCE (n=1); floruit derived: earliest attestation - 40 and latest + 5
dprr:oppius-27,person,Spurius Oppius Cornicen,,Roman magistrate; offices: consul,alive,-489,-443,medium,RE Oppius 27; MRR1 attestations 450 BCE to 449 BCE (n=2); floruit derived: earliest attestation - 40 and latest + 5
dprr:oppius-3,person,Oppius,,Roman magistrate; offices: military tribune,alive,-179,-134,low,RE Oppius 3; MRR1 attestations 140 BCE to 140 BCE (n=1); floruit derived: earliest attestation - 40 and latest + 5
dprr:oppius-32,person,Lucius Oppius Salinator,? L. Oppius Salinator (32)|L. Oppius (Salinator) (32),Roman magistrate; offices: praetor; aedile; tribune of the plebs,alive,-236,-183,medium,RE Oppius 32; MRR1 attestations 197 BCE to 189 BCE (n=6); floruit derived: earliest attestation - 40 and latest + 5
dprr:oppius-34,person,Oppius Statianus,,Roman magistrate; offices: legate,alive,-75,-30,low,RE Oppius 34; MRR2 attestations 36 BCE to 36 BCE (n=1); floruit derived: earliest attestation - 40 and latest + 5
dprr:oppius-5,person,Oppius,,Roman magistrate; offices: legate,alive,-85,-38,medium,RE Oppius 5; MRR2 attestations 46 BCE to 44 BCE (n=2); floruit derived: earliest attestation - 40 and latest + 5
dprr:oppius-7,person,Gaius Oppius,,Roman magistrate; offices: tribune of the plebs,alive,-488,-443,low,RE Oppius 7; MRR1 attestations 449 BCE to 449 BCE (n=1); floruit derived: earliest attestation - 40 and latest + 5
dprr:oppius-8,person,Gaius Oppius,,Roman magistrate; offices: tribune of the plebs,alive,-254,-209,low,RE Oppius 8; MRR1 attestations 215 BCE to 215 BCE (n=1); floruit derived: earliest attestation - 40 and latest + 5
dprr:oppius-9,person,Oppius,,Roman magistrate; offices: promagistrate,alive,-112,-67,low,RE Oppius 9; MRR2 attestations 73 BCE to 73 BCE (n=1); floruit derived: earliest attestation - 40 and latest + 5
dprr:orbius-3,person,Publius Orbius,,Roman magistrate; offices: praetor; promagistrate,alive,-104,-58,medium,RE Orbius 3; MRR2 attestations 65 BCE to 64 BCE (n=2); floruit derived: earliest attestation - 40 and latest + 5
dprr:orchius-1,person,Gaius Orchius,,Roman magistrate; offices: tribune of the plebs,alive,-221,-176,low,RE Orchius 1; MRR1 attestations 182 BCE to 182 BCE (n=1); floruit derived: earliest attestation - 40 and latest + 5
dprr:orchivius-2,person,Gaius Orchivius,,Roman magistrate; offices: praetor,alive,-105,-60,low,RE Orchivius 2; MRR2 attestations 66 BCE to 66 BCE (n=1); floruit derived: earliest attestation - 40 and latest + 5
dprr:orfidienus-1019,person,Sextus Orfidienus,,Roman magistrate; offices: prefect,alive,-230,-185,low,RE Orfidienus 1019; MRR1 attestations 191 BCE to 191 BCE (n=1); floruit derived: earliest attestation - 40 and latest + 5
dprr:otacilius-1,person,Otacilius,,Roman magistrate; offices: legate,alive,-128,-83,low,RE Otacilius 1; MRR2 attestations 89 BCE to 89 BCE (n=1); floruit derived: earliest attestation - 40 and latest + 5
dprr:otacilius-10,person,Manius Otacilius Crassus,M. Otacilius C. f. M'. n. Crassus (10),Roman magistrate; offices: consul,alive,-302,-240,medium,RE Otacilius 10; MRR1 attestations 263 BCE to 246 BCE (n=2); floruit derived: earliest attestation - 40 and latest + 5
dprr:otacilius-11,person,Titus Otacilius Crassus,,Roman magistrate; offices: consul,alive,-300,-255,low,RE Otacilius 11; MRR1 attestations 261 BCE to 261 BCE (n=1); floruit derived: earliest attestation - 40 and latest + 5
dprr:otacilius-12,person,Titus Otacilius Crassus,?- 211: T. Otacilius Crassus (12),Roman magistrate; offices: praetor; promagistrate; pontifex,alive,-256,-205,medium,RE Otacilius 12; MRR1 attestations 217 BCE to 211 BCE (n=7); floruit derived: earliest attestation - 40 and latest + 5
dprr:otacilius-5,person,Marcus Otacilius,,Roman magistrate; offices: quindecimvir,alive,-115,-70,low,RE Otacilius 5; MRR2 attestations 76 BCE to 76 BCE (n=1); floruit derived: earliest attestation - 40 and latest + 5
dprr:otacilius-9,person,Otacilius Crassus,,Roman magistrate; offices: prefect,alive,-87,-42,low,RE Otacilius 9; MRR2 attestations 48 BCE to 48 BCE (n=1); floruit derived: earliest attestation - 40 and latest + 5
dprr:ovinius-1,person,Ovinius,,Roman magistrate; offices: tribune of the plebs,alive,-352,-307,low,RE Ovinius 1; MRR1 attestations 313 BCE to 313 BCE (n=1); floruit derived: earliest attestation - 40 and latest + 5
dprr:paccianus-1,person,Paccianus,,Roman magistrate; offices: envoy,alive,-120,-75,low,RE Paccianus 1; MRR2 attestations 81 BCE to 81 BCE (n=1); floruit derived: earliest attestation - 40 and latest + 5
dprr:pacuvius-35,person,Pacuvius Antistius Labeo,,Roman magistrate; offices: legate,alive,-81,-36,low,RE Pacuvius 35; MRR2 attestations 42 BCE to 42 BCE (n=1); floruit derived: earliest attestation - 40 and latest + 5
dprr:pal-72,person,Pal,,Roman magistrate; offices: military tribune,alive,-128,-72,medium,RE Pal 72; MRR2 attestations 89 BCE to 78 BCE (n=3); floruit derived: earliest attestation - 40 and latest + 5
dprr:pandusa-6,person,Tiberius Pandusa,,Roman magistrate; offices: praetor,alive,-168,-123,low,RE Pandusa 6; MRR1 attestations 129 BCE to 129 BCE (n=1); floruit derived: earliest attestation - 40 and latest + 5
dprr:papinius-38,person,Gnaeus Papinius Carbo,,Roman magistrate; offices: promagistrate,alive,-124,-76,medium,RE Papinius 38; MRR2 attestations 85 BCE to 82 BCE (n=4); floruit derived: earliest attestation - 40 and latest + 5
dprr:papirius-10,person,Lucius Papirius Crassus,C. Papirius Pat. (10)|L. (or C.) Papirius - f. - n. Crassus Pat. (10; 43),Roman magistrate; offices: consul; pontifex,alive,-548,-424,high,RE Papirius 10; MRR1 attestations 509 BCE to 430 BCE (n=3); floruit derived: earliest attestation - 40 and latest + 5
dprr:papirius-12,person,Gaius Papirius,,Roman magistrate; offices: envoy,alive,-185,-140,low,RE Papirius 12; MRR1 attestations 146 BCE to 146 BCE (n=1); floruit derived: earliest attestation - 40 and latest + 5
dprr:papirius-13,person,Lucius Papirius,,Roman magistrate; offices: censor,alive,-469,-424,low,RE Papirius 13; MRR1 attestations 430 BCE to 430 BCE (n=1); floruit derived: earliest attestation - 40 and latest + 5
dprr:papirius-14,person,Lucius Papirius,,Roman magistrate; offices: consul,alive,-421,-376,low,RE Papirius 14; MRR1 attestations 382 BCE to 382 BCE (n=1); floruit derived: earliest attestation - 40 and latest + 5
dprr:papirius-16,person,Lucius Papirius,,Roman magistrate; offices: praetor,alive,-371,-326,low,RE Papirius 16; MRR1 attestations 332 BCE to 332 BCE (n=1); floruit derived: earliest attestation - 40 and latest + 5
dprr:papirius-20,person,Manius Papirius,,Roman magistrate; offices: rex sacrorum,alive,-548,-503,low,RE Papirius 20; MRR1 attestations 509 BCE to 509 BCE (n=1); floruit derived: earliest attestation - 40 and latest + 5
dprr:papirius-21,person,Marcus Papirius,,Roman magistrate; offices: pontifex,alive,-488,-435,medium,RE Papirius 21; MRR1 attestations 449 BCE to 441 BCE (n=2); floruit derived: earliest attestation - 40 and latest + 5
dprr:papirius-22,person,Marcus Papirius,,Roman magistrate; offices: quinquevir,alive,-391,-346,low,RE Papirius 22; MRR1 attestations 352 BCE to 352 BCE (n=1); floruit derived: earliest attestation - 40 and latest + 5
dprr:papirius-26,person,Spurius Papirius,,Roman magistrate; offices: legate,alive,-332,-287,low,RE Papirius 26; MRR1 attestations 293 BCE to 293 BCE (n=1); floruit derived: earliest attestation - 40 and latest + 5
dprr:papirius-30,person,Marcus Papirius Mugillanus,,Roman magistrate; offices: consul,alive,-450,-405,low,RE Papirius 30; MRR1 attestations 411 BCE to 411 BCE (n=1); floruit derived: earliest attestation - 40 and latest + 5
dprr:papirius-32,person,Gaius Papirius Carbo,,Roman magistrate; offices: praetor,alive,-207,-162,low,RE Papirius 32; MRR1 attestations 168 BCE to 168 BCE (n=1); floruit derived: earliest attestation - 40 and latest + 5
dprr:papirius-33,person,Gaius Papirius Carbo,? C. Papirius Carbo (33)|C. ? Papirius Carbo (33)|C. Papirius C. f. - n. Carbo (33)|C. Papirius Carbo (33),Roman magistrate; offices: consul; praetor; tribune of the plebs,alive,-169,-113,medium,RE Papirius 33; MRR1 attestations 130 BCE to 119 BCE (n=11); floruit derived: earliest attestation - 40 and latest + 5
dprr:papirius-34,person,Gaius Papirius Carbo,C. Papirius (Cn. f.?) Carbo (34),Roman magistrate; offices: praetor; tribune of the plebs; legate,alive,-128,-74,medium,RE Papirius 34; MRR2 attestations 89 BCE to 80 BCE (n=3); floruit derived: earliest attestation - 40 and latest + 5
dprr:papirius-35,person,Gaius Papirius Carbo,,Roman magistrate; offices: praetor; tribune of the plebs; promagistrate,alive,-106,-53,medium,RE Papirius 35; MRR2 attestations 67 BCE to 59 BCE (n=5); floruit derived: earliest attestation - 40 and latest + 5
dprr:papirius-37,person,Gnaeus Papirius Carbo,Cn. Papirius C. f. - n. Carbo (37),Roman magistrate; offices: consul; praetor,alive,-155,-107,medium,RE Papirius 37; MRR1 attestations 116 BCE to 113 BCE (n=2); floruit derived: earliest attestation - 40 and latest + 5
dprr:papirius-38,person,Gnaeus Papirius Carbo,Cn. Papirius Carbo (38),Roman magistrate; offices: consul; tribune of the plebs; legate,alive,-131,-76,medium,RE Papirius 38; MRR2 attestations 92 BCE to 82 BCE (n=6); floruit derived: earliest attestation - 40 and latest + 5
dprr:papirius-39,person,Marcus Papirius Carbo,,Roman magistrate; offices: praetor,alive,-153,-108,low,RE Papirius 39; MRR1 attestations 114 BCE to 114 BCE (n=1); floruit derived: earliest attestation - 40 and latest + 5
dprr:papirius-40,person,Gaius Papirius Carbo Arvina,? C. Papirius Carbo (Arvina) (40)|C. Papirius C. f. Carbo Arvina (40),Roman magistrate; offices: praetor; tribune of the plebs; legate,alive,-133,-77,medium,RE Papirius 40; MRR2 attestations 94 BCE to 83 BCE (n=3); floruit derived: earliest attestation - 40 and latest + 5
dprr:papirius-42,person,Gaius Papirius Crassus,,Roman magistrate; offices: consul,alive,-423,-378,low,RE Papirius 42; MRR1 attestations 384 BCE to 384 BCE (n=1); floruit derived: earliest attestation - 40 and latest + 5
dprr:papirius-44,person,Lucius Papirius Crassus,,Roman magistrate; offices: consul,alive,-407,-362,low,RE Papirius 44; MRR1 attestations 368 BCE to 368 BCE (n=1); floruit derived: earliest attestation - 40 and latest + 5
dprr:papirius-45,person,Lucius Papirius Crassus,L. Papirius Crassus Pat. (45),Roman magistrate; offices: dictator; consul; praetor,alive,-379,-319,high,RE Papirius 45; MRR1 attestations 340 BCE to 325 BCE (n=4); floruit derived: earliest attestation - 40 and latest + 5
dprr:papirius-46,person,Lucius Papirius Crassus,,Roman magistrate; offices: censor,alive,-357,-312,low,RE Papirius 46; MRR1 attestations 318 BCE to 318 BCE (n=1); floruit derived: earliest attestation - 40 and latest + 5
dprr:papirius-47,person,Manius Papirius Crassus,,Roman magistrate; offices: consul,alive,-480,-435,low,RE Papirius 47; MRR1 attestations 441 BCE to 441 BCE (n=1); floruit derived: earliest attestation - 40 and latest + 5
dprr:papirius-48,person,Marcus Papirius Crassus,,Roman magistrate; offices: dictator,alive,-371,-326,low,RE Papirius 48; MRR1 attestations 332 BCE to 332 BCE (n=1); floruit derived: earliest attestation - 40 and latest + 5
dprr:papirius-49,person,Spurius Papirius Crassus,,Roman magistrate; offices: consul,alive,-421,-376,low,RE Papirius 49; MRR1 attestations 382 BCE to 382 BCE (n=1); floruit derived: earliest attestation - 40 and latest + 5
dprr:papirius-50,person,Tiberius Papirius Crassus,,Roman magistrate; offices: consul,alive,-419,-374,low,RE Papirius 50; MRR1 attestations 380 BCE to 380 BCE (n=1); floruit derived: earliest attestation - 40 and latest + 5
dprr:papirius-51,person,Lucius Papirius Cursor,L. Papirius (- f. - n. Cursor) Pat. (51),Roman magistrate; offices: consul; censor,alive,-432,-379,medium,RE Papirius 51; MRR1 attestations 393 BCE to 385 BCE (n=3); floruit derived: earliest attestation - 40 and latest + 5
dprr:papirius-52,person,Lucius Papirius Cursor,L. Papirius Sp. f. L. n. Cursor Pat. (52; cf. 67),Roman magistrate; offices: dictator; master of horse; consul,alive,-379,-303,high,RE Papirius 52; MRR1 attestations 340 BCE to 309 BCE (n=10); floruit derived: earliest attestation - 40 and latest + 5
dprr:papirius-53,person,Lucius Papirius Cursor,,Roman magistrate; offices: consul; praetor; aedile,alive,-338,-266,high,RE Papirius 53; MRR1 attestations 299 BCE to 272 BCE (n=4); floruit derived: earliest attestation - 40 and latest + 5
dprr:papirius-57,person,Gaius Papirius Maso,? (C.) Papirius (Maso) Pat. (57),Roman magistrate; offices: pontifex,alive,-280,-207,high,RE Papirius 57; MRR1 attestations 241 BCE to 213 BCE (n=3); floruit derived: earliest attestation - 40 and latest + 5
dprr:papirius-58,person,Gaius Papirius Maso,?- 213: C. Papirius L. f. Maso Pat. (58)|P. Papirius Maso Pat. (58; 23; 64),Roman magistrate; offices: triumvir; decemvir,alive,-257,-207,medium,RE Papirius 58; MRR1 attestations 218 BCE to 213 BCE (n=2); floruit derived: earliest attestation - 40 and latest + 5
dprr:papirius-6,person,Gaius Papirius Maso,,Roman magistrate; offices: consul,alive,-270,-225,low,RE Papirius 6; MRR1 attestations 231 BCE to 231 BCE (n=1); floruit derived: earliest attestation - 40 and latest + 5
dprr:papirius-61,person,Lucius Papirius Maso,,Roman magistrate; offices: aedile,alive,-329,-284,low,RE Papirius 61; MRR1 attestations 290 BCE to 290 BCE (n=1); floruit derived: earliest attestation - 40 and latest + 5
dprr:papirius-62,person,Lucius Papirius Maso,,Roman magistrate; offices: praetor,alive,-215,-170,low,RE Papirius 62; MRR1 attestations 176 BCE to 176 BCE (n=1); floruit derived: earliest attestation - 40 and latest + 5
dprr:papirius-65,person,Lucius Papirius Mugillanus,L. Papirius (L. ? f. - n.) Mugillanus Pat. (cf. 65)|L. Papirius (L. f. - n.) Mugillanus Pat. (cf. 65)|L. Papirius L. f. - n. Mugillanus ? Pat. (cf. 65)|L. Papirius Mugillanus Pat. (65),Roman magistrate; offices: consul; censor; interrex,alive,-483,-412,high,RE Papirius 65; MRR1 attestations 444 BCE to 418 BCE (n=6); floruit derived: earliest attestation - 40 and latest + 5
dprr:papirius-66,person,Lucius Papirius Mugillanus Mil,? L. Papirius (Mugillanus ?) Pat. (66 ?)|L. Papirius - f. - n. (Mugillanus ?) Pat. (66),Roman magistrate; offices: consul; censor,alive,-428,-370,medium,RE Papirius 66; MRR1 attestations 389 BCE to 376 BCE (n=3); floruit derived: earliest attestation - 40 and latest + 5
dprr:papirius-68,person,Marcus Papirius Mugillanus,,Roman magistrate; offices: consul,alive,-457,-405,medium,RE Papirius 68; MRR1 attestations 418 BCE to 411 BCE (n=3); floruit derived: earliest attestation - 40 and latest + 5
dprr:papirius-72,person,Lucius Papirius Praetextatus,,Roman magistrate; offices: censor,alive,-311,-266,low,RE Papirius 72; MRR1 attestations 272 BCE to 272 BCE (n=1); floruit derived: earliest attestation - 40 and latest + 5
dprr:papirius-76,person,Gaius Papirius Turdus,,Roman magistrate; offices: tribune of the plebs,alive,-216,-171,low,RE Papirius 76; MRR1 attestations 177 BCE to 177 BCE (n=1); floruit derived: earliest attestation - 40 and latest + 5
dprr:papirus-53,person,Lucius Papirus Cursor,,Roman magistrate; offices: consul,alive,-332,-266,high,RE Papirus 53; MRR1 attestations 293 BCE to 272 BCE (n=3); floruit derived: earliest attestation - 40 and latest + 5
dprr:papius-5,person,Gaius Papius,,Roman magistrate; offices: tribune of the plebs,alive,-104,-59,low,RE Papius 5; MRR2 attestations 65 BCE to 65 BCE (n=1); floruit derived: earliest attestation - 40 and latest + 5
dprr:paprius-66,person,Lucius Paprius,,Roman magistrate; offices: consul,alive,-428,-383,low,RE Paprius 66; MRR1 attestations 389 BCE to 389 BCE (n=1); floruit derived: earliest attestation - 40 and latest + 5
dprr:paquius-2,person,Quintus Paquius Rufus,,Roman magistrate; offices: legate,alive,-81,-36,low,RE Paquius 2; MRR2 attestations 42 BCE to 42 BCE (n=1); floruit derived: earliest attestation - 40 and latest + 5
dprr:patiscus-1,person,Patiscus,,Roman magistrate; offices: promagistrate,alive,-82,-37,low,RE Patiscus 1; MRR2 attestations 43 BCE to 43 BCE (n=1); floruit derived: earliest attestation - 40 and latest + 5
dprr:patisius-1,person,Quintus Patisius,,Roman magistrate; offices: envoy,alive,-87,-42,low,RE Patisius 1; MRR2 attestations 48 BCE to 48 BCE (n=1); floruit derived: earliest attestation - 40 and latest + 5
dprr:paullus-82,person,Paullus Aemilius Lepidus,Paullus Aemilius Lepidus Pat. (82),Roman magistrate; offices: consul; augur,alive,-73,-25,medium,RE Paullus 82; MRR2 attestations 34 BCE to 31 BCE (n=2); floruit derived: earliest attestation - 40 and latest + 5
dprr:pedius-1,person,Quintus Pedius,? Q. Pedius (1)|Q. Pedius M. f. (1),Roman magistrate; offices: master of horse; consul; promagistrate,alive,-97,-37,high,RE Pedius 1; MRR2 attestations 58 BCE to 43 BCE (n=7); floruit derived: earliest attestation - 40 and latest + 5
dprr:pedius-2,person,Quintus Pedius,,Roman magistrate; offices: quaestor,alive,-80,-35,low,RE Pedius 2; MRR2 attestations 41 BCE to 41 BCE (n=1); floruit derived: earliest attestation - 40 and latest + 5
dprr:peducaeus-1,person,Gaius Peducaeus,,Roman magistrate; offices: legate,alive,-82,-37,low,RE Peducaeus 1; MRR2 attestations 43 BCE to 43 BCE (n=1); floruit derived: earliest attestation - 40 and latest + 5
dprr:peducaeus-2,person,Lucius Peducaeus,,Roman magistrate; offices: prefect,alive,-101,-56,low,RE Peducaeus 2; MRR2 attestations 62 BCE to 62 BCE (n=1); floruit derived: earliest attestation - 40 and latest + 5
dprr:peducaeus-3,person,Titus Peducaeus,? T.? Peducaeus (3),Roman magistrate; offices: consul; legate,alive,-79,-29,medium,RE Peducaeus 3; MRR2 attestations 40 BCE to 35 BCE (n=2); floruit derived: earliest attestation - 40 and latest + 5
dprr:peducaeus-4,person,Sextus Peducaeus,,Roman magistrate; offices: tribune of the plebs,alive,-152,-107,low,RE Peducaeus 4; MRR1 attestations 113 BCE to 113 BCE (n=1); floruit derived: earliest attestation - 40 and latest + 5
dprr:peducaeus-5,person,Sextus Peducaeus,? Sex. Peducaeus (5),Roman magistrate; offices: praetor; promagistrate,alive,-116,-69,medium,RE Peducaeus 5; MRR2 attestations 77 BCE to 75 BCE (n=3); floruit derived: earliest attestation - 40 and latest + 5
dprr:peducaeus-6,person,Sextus Peducaeus,? Sex. Peducaeus (6)|? Sex.? Peducaeus (6),Roman magistrate; offices: tribune of the plebs; promagistrate; legate,alive,-94,-34,high,RE Peducaeus 6; MRR2 attestations 55 BCE to 40 BCE (n=3); floruit derived: earliest attestation - 40 and latest + 5
dprr:perperna-2,person,Gaius Perperna,C. Perperna (2),Roman magistrate; offices: praetor; legate,alive,-130,-84,medium,RE Perperna 2; MRR2 attestations 91 BCE to 90 BCE (n=2); floruit derived: earliest attestation - 40 and latest + 5
dprr:perperna-3,person,Marcus Perperna,,Roman magistrate; offices: envoy,alive,-207,-162,low,RE Perperna 3; MRR1 attestations 168 BCE to 168 BCE (n=1); floruit derived: earliest attestation - 40 and latest + 5
dprr:perperna-4,person,Marcus Perperna,M. Perperna (4)|M. Perperna M. f. L. n. (4),Roman magistrate; offices: consul; praetor; promagistrate,alive,-172,-123,medium,RE Perperna 4; MRR1 attestations 133 BCE to 129 BCE (n=4); floruit derived: earliest attestation - 40 and latest + 5
dprr:perperna-5,person,Marcus Perperna,? M. Perperna (5),Roman magistrate; offices: consul; praetor,alive,-134,-80,medium,RE Perperna 5; MRR2 attestations 95 BCE to 86 BCE (n=3); floruit derived: earliest attestation - 40 and latest + 5
dprr:perperna-6,person,Marcus Perperna Vento,? M. Perperna Vento (6)|M. Perperna (Vento) (6),Roman magistrate; offices: praetor; legate; prefect,alive,-121,-66,medium,RE Perperna 6; MRR2 attestations 82 BCE to 72 BCE (n=7); floruit derived: earliest attestation - 40 and latest + 5
dprr:pescennius-1086,person,Gaius Pescennius,,Roman magistrate; offices: triumvir,alive,-188,-143,low,RE Pescennius 1086; MRR1 attestations 149 BCE to 149 BCE (n=1); floruit derived: earliest attestation - 40 and latest + 5
dprr:petilius-4,person,Quintus Petilius Spurinus,Q. Petilius Spurinus (4; 11),Roman magistrate; offices: praetor; quaestor,alive,-227,-170,medium,RE Petilius 4; MRR1 attestations 188 BCE to 176 BCE (n=3); floruit derived: earliest attestation - 40 and latest + 5
dprr:petillius-2,person,Lucius Petillius,,Roman magistrate; offices: envoy,alive,-207,-162,low,RE Petillius 2; MRR1 attestations 168 BCE to 168 BCE (n=1); floruit derived: earliest attestation - 40 and latest + 5
dprr:petillius-4,person,Quintus Petillius Spurinus,Q. Petillius (4)|Q. Petillius (Spurinus) (4; 11),Roman magistrate; offices: consul; tribune of the plebs,alive,-226,-170,medium,RE Petillius 4; MRR1 attestations 187 BCE to 176 BCE (n=3); floruit derived: earliest attestation - 40 and latest + 5
dprr:petreius-3,person,Marcus Petreius,? M. Petreius (3),Roman magistrate; offices: praetor; legate,alive,-103,-40,high,RE Petreius 3; MRR2 attestations 64 BCE to 46 BCE (n=13); floruit derived: earliest attestation - 40 and latest + 5
dprr:petronius-84,person,Petronius,,Roman magistrate; offices: military tribune,alive,-93,-47,medium,RE Petronius 84; MRR2 attestations 54 BCE to 53 BCE (n=2); floruit derived: earliest attestation - 40 and latest + 5
dprr:petronius-86,person,Gaius Petronius,,Roman magistrate; offices: ambassador,alive,-195,-150,low,RE Petronius 86; MRR1 attestations 156 BCE to 156 BCE (n=1); floruit derived: earliest attestation - 40 and latest + 5
dprr:petronius-89,person,Marcus Petronius,,Roman magistrate; offices: ambassador,alive,-184,-139,low,RE Petronius 89; MRR1 attestations 145 BCE to 145 BCE (n=1); floruit derived: earliest attestation - 40 and latest + 5
dprr:petrucidius-2,person,Marcus Petrucidius,,Roman magistrate; offices: legate,alive,-84,-39,low,RE Petrucidius 2; MRR2 attestations 45 BCE to 45 BCE (n=1); floruit derived: earliest attestation - 40 and latest + 5
dprr:philippus-83,person,Quintus Philippus,Q. (Marcius) Philippus (83),Roman magistrate; offices: master of horse; promagistrate,alive,-87,-41,medium,RE Philippus 83; MRR2 attestations 48 BCE to 47 BCE (n=2); floruit derived: earliest attestation - 40 and latest + 5
dprr:pinarius-11,person,Lucius Pinarius Mamercinus,,Roman magistrate; offices: consul,alive,-471,-426,low,RE Pinarius 11; MRR1 attestations 432 BCE to 432 BCE (n=1); floruit derived: earliest attestation - 40 and latest + 5
dprr:pinarius-12,person,Lucius Pinarius Mamercinus Rufus,,Roman magistrate; offices: consul,alive,-511,-466,low,RE Pinarius 12; MRR1 attestations 472 BCE to 472 BCE (n=1); floruit derived: earliest attestation - 40 and latest + 5
dprr:pinarius-13,person,Publius Pinarius Mamertinus Rufus,P. Pinarius (Mamertinus Rufus) Pat. (13),Roman magistrate; offices: consul; envoy,alive,-528,-482,medium,RE Pinarius 13; MRR1 attestations 489 BCE to 488 BCE (n=2); floruit derived: earliest attestation - 40 and latest + 5
dprr:pinarius-18,person,Lucius Pinarius Natta,L. Pinarius (Natta ?) Pat. (18),Roman magistrate; offices: master of horse; praetor,alive,-402,-343,medium,RE Pinarius 18; MRR1 attestations 363 BCE to 349 BCE (n=2); floruit derived: earliest attestation - 40 and latest + 5
dprr:pinarius-19,person,Lucius Pinarius Natta,58?–56: L. Pinarius Natta Pat. (19)|L. Pinarius Natta Pat. (19),Roman magistrate; offices: pontifex,alive,-97,-50,medium,RE Pinarius 19; MRR2 attestations 58 BCE to 56 BCE (n=3); floruit derived: earliest attestation - 40 and latest + 5
dprr:pinarius-24,person,Lucius Pinarius Scarpus,(L.) Pinarius (Scarpus) (24),Roman magistrate; offices: promagistrate; prefect,alive,-81,-25,medium,RE Pinarius 24; MRR2 attestations 42 BCE to 31 BCE (n=2); floruit derived: earliest attestation - 40 and latest + 5
dprr:pinarius-3,person,Lucius Pinarius,,Roman magistrate; offices: prefect,alive,-252,-207,low,RE Pinarius 3; MRR1 attestations 213 BCE to 213 BCE (n=1); floruit derived: earliest attestation - 40 and latest + 5
dprr:pinarius-4,person,Marcus Pinarius Rusca,,Roman magistrate; offices: praetor,alive,-220,-175,low,RE Pinarius 4; MRR1 attestations 181 BCE to 181 BCE (n=1); floruit derived: earliest attestation - 40 and latest + 5
dprr:pinarius-5,person,Publius Pinarius,,Roman magistrate; offices: censor,alive,-469,-424,low,RE Pinarius 5; MRR1 attestations 430 BCE to 430 BCE (n=1); floruit derived: earliest attestation - 40 and latest + 5
dprr:piso-10,person,Marcus Piso,,Roman magistrate; offices: quaestor,alive,-122,-55,high,RE Piso 10; MRR2 attestations 83 BCE to 61 BCE (n=3); floruit derived: earliest attestation - 40 and latest + 5
dprr:piso-95,person,Gnaeus Piso,,Roman magistrate; offices: promagistrate,alive,-114,-69,low,RE Piso 95; MRR2 attestations 75 BCE to 75 BCE (n=1); floruit derived: earliest attestation - 40 and latest + 5
dprr:plaetorius-14,person,Lucius Plaetorius Cestianus,,Roman magistrate; offices: quaestor,alive,-113,-68,low,RE Plaetorius 14; MRR2 attestations 74 BCE to 74 BCE (n=1); floruit derived: earliest attestation - 40 and latest + 5
dprr:plaetorius-15,person,Lucius Plaetorius Cestianus,,Roman magistrate; offices: quaestor,alive,-81,-36,low,RE Plaetorius 15; MRR2 attestations 42 BCE to 42 BCE (n=1); floruit derived: earliest attestation - 40 and latest + 5
dprr:plaetorius-16,person,Lucius Plaetorius Cestianus,? M. Plaetorius (Cestianus) (16)|? M. Plaetorius (M. f. Cestianus) (16)|? M. Plaetorius Cestianus (16)|M. Plaetorius (M. f. Cestianus) (16)|M. Plaetorius M. f. Cestianus (16),Roman magistrate; offices: praetor; aedile; quaestor,alive,-109,-49,high,RE Plaetorius 16; MRR2 attestations 70 BCE to 55 BCE (n=6); floruit derived: earliest attestation - 40 and latest + 5
dprr:plaetorius-4,person,Gaius Plaetorius,,Roman magistrate; offices: ambassador,alive,-211,-166,low,RE Plaetorius 4; MRR1 attestations 172 BCE to 172 BCE (n=1); floruit derived: earliest attestation - 40 and latest + 5
dprr:plaetorius-5,person,Gaius Plaetorius,,Roman magistrate; offices: quaestor,alive,-87,-42,low,RE Plaetorius 5; MRR2 attestations 48 BCE to 48 BCE (n=1); floruit derived: earliest attestation - 40 and latest + 5
dprr:plancius-4,person,Gnaeus Plancius,,Roman magistrate; offices: aedile; tribune of the plebs; quaestor,alive,-101,-48,medium,RE Plancius 4; MRR2 attestations 62 BCE to 54 BCE (n=4); floruit derived: earliest attestation - 40 and latest + 5
dprr:plautius-1,person,Gaius Plautius Proculus,,Roman magistrate; offices: master of horse; consul,alive,-397,-350,medium,RE Plautius 1; MRR1 attestations 358 BCE to 356 BCE (n=2); floruit derived: earliest attestation - 40 and latest + 5
dprr:plautius-10,person,Gaius Plautius,,Roman magistrate; offices: praetor,alive,-185,-140,low,RE Plautius 10; MRR1 attestations 146 BCE to 146 BCE (n=1); floruit derived: earliest attestation - 40 and latest + 5
dprr:plautius-11,person,Lucius Plautius Hypsaeus,? M. Plautius Hypsaeus (*11)|M. Plautius - f. - n. Hypsaeus (*11),Roman magistrate; offices: consul; praetor,alive,-178,-119,medium,RE Plautius 11; MRR1 attestations 139 BCE to 125 BCE (n=3); floruit derived: earliest attestation - 40 and latest + 5
dprr:plautius-2,person,Gaius Plautius Venno,L. Plautius L. f. L. n. Venno (or Venox) (*2),Roman magistrate; offices: consul,alive,-386,-312,high,RE Plautius 2; MRR1 attestations 347 BCE to 318 BCE (n=3); floruit derived: earliest attestation - 40 and latest + 5
dprr:plautius-23,person,Publius Plautius Hypsaeus,? P. Plautius Hypsaeus (23),Roman magistrate; offices: praetor; aedile; quaestor,alive,-105,-49,medium,RE Plautius 23; MRR2 attestations 66 BCE to 55 BCE (n=7); floruit derived: earliest attestation - 40 and latest + 5
dprr:plautius-28,person,Publius Plautius Proculus,,Roman magistrate; offices: consul,alive,-367,-322,low,RE Plautius 28; MRR1 attestations 328 BCE to 328 BCE (n=1); floruit derived: earliest attestation - 40 and latest + 5
dprr:plautius-29,person,Marcus Plautius Silvanus,,Roman magistrate; offices: tribune of the plebs,alive,-128,-83,low,RE Plautius 29; MRR2 attestations 89 BCE to 89 BCE (n=1); floruit derived: earliest attestation - 40 and latest + 5
dprr:plautius-3,person,Plautius,,Roman magistrate; offices: tribune of the plebs,alive,-109,-64,low,RE Plautius 3; MRR2 attestations 70 BCE to 70 BCE (n=1); floruit derived: earliest attestation - 40 and latest + 5
dprr:plautius-33,person,Lucius Plautius,,Roman magistrate; offices: praetor,alive,-369,-316,medium,RE Plautius 33; MRR1 attestations 330 BCE to 322 BCE (n=2); floruit derived: earliest attestation - 40 and latest + 5
dprr:plautius-34,person,Lucius Plautius,,Roman magistrate; offices: praetor,alive,-361,-312,medium,RE Plautius 34; MRR1 attestations 322 BCE to 318 BCE (n=2); floruit derived: earliest attestation - 40 and latest + 5
dprr:plautius-36,person,Plautius Rufus,,Roman magistrate; offices: legate,alive,-70,-25,low,RE Plautius 36; MRR2 attestations 31 BCE to 31 BCE (n=1); floruit derived: earliest attestation - 40 and latest + 5
dprr:plautius-4,person,Gaius Plautius Decianus,C. Plautius - f. - n. Decianus (*4),Roman magistrate; offices: consul,alive,-368,-322,medium,RE Plautius 4; MRR1 attestations 329 BCE to 328 BCE (n=2); floruit derived: earliest attestation - 40 and latest + 5
dprr:plautius-5,person,Gaius Plautius Venox,L. Plautius L. f. L. n. Venno or Venox (*5),Roman magistrate; offices: consul; censor,alive,-369,-304,high,RE Plautius 5; MRR1 attestations 330 BCE to 310 BCE (n=4); floruit derived: earliest attestation - 40 and latest + 5
dprr:plautius-7,person,Lucius Plautius Hypsaeus,Plautius (7),Roman magistrate; offices: praetor; promagistrate; legate,alive,-228,-81,high,RE Plautius 7; MRR1+MRR2 attestations 189 BCE to 87 BCE (n=3); floruit derived: earliest attestation - 40 and latest + 5
dprr:plautius-8,person,Aulus Plautius,? A. Plautius (Plotius) (8)|A. Plautius (Plotius) (8),Roman magistrate; offices: praetor; aedile; tribune of the plebs,alive,-104,-42,high,RE Plautius 8; MRR2 attestations 65 BCE to 48 BCE (n=9); floruit derived: earliest attestation - 40 and latest + 5
dprr:pleminius-2,person,Quintus Pleminius,,Roman magistrate; offices: promagistrate; legate,alive,-244,-199,low,RE Pleminius 2; MRR1 attestations 205 BCE to 205 BCE (n=1); floruit derived: earliest attestation - 40 and latest + 5
dprr:plinius-4,person,Lucius Plinius Rufus,,Roman magistrate; offices: legate,alive,-75,-30,low,RE Plinius 4; MRR2 attestations 36 BCE to 36 BCE (n=1); floruit derived: earliest attestation - 40 and latest + 5
dprr:plotius-11,person,Gaius Plotius,,Roman magistrate; offices: legate,alive,-101,-56,low,RE Plotius 11; MRR2 attestations 62 BCE to 62 BCE (n=1); floruit derived: earliest attestation - 40 and latest + 5
dprr:plotius-7,person,Aulus Plotius,,Roman magistrate; offices: legate,alive,-129,-84,low,RE Plotius 7; MRR2 attestations 90 BCE to 90 BCE (n=1); floruit derived: earliest attestation - 40 and latest + 5
dprr:plotius-8,person,Aulus Plotius,,Roman magistrate; offices: legate,alive,-106,-45,medium,RE Plotius 8; MRR2 attestations 67 BCE to 51 BCE (n=2); floruit derived: earliest attestation - 40 and latest + 5
dprr:pompeius-1,person,Lucius Pompeius,Pompeius (not in *RE; cf. *1 ?),Roman magistrate; offices: envoy; military tribune,alive,-210,-162,medium,RE Pompeius 1; MRR1 attestations 171 BCE to 168 BCE (n=2); floruit derived: earliest attestation - 40 and latest + 5
dprr:pompeius-11,person,Aulus Pompeius Bithynicus,,Roman magistrate; offices: praetor; promagistrate,alive,-84,-36,medium,RE Pompeius 11; MRR2 attestations 45 BCE to 42 BCE (n=4); floruit derived: earliest attestation - 40 and latest + 5
dprr:pompeius-14,person,Gnaeus Pompeius Strabo,? Cn. Pompeius Strabo (*14)|Cn. Pompeius Sex. f. Cn. n. Strabo (*14),Roman magistrate; offices: consul; praetor; quaestor,alive,-143,-81,high,RE Pompeius 14; MRR1+MRR2 attestations 104 BCE to 87 BCE (n=6); floruit derived: earliest attestation - 40 and latest + 5
dprr:pompeius-15,person,Gnaeus Pompeius Magnus,Cn. Pompeius Cn. f. Sex. n. Magnus (*15)|? Cn. Pompeius (Magnus) (*15)|Before 61-48: Cn. Pompeius Magnus (*15),Roman magistrate; offices: consul; promagistrate; augur,alive,-122,-42,high,RE Pompeius 15; MRR2 attestations 83 BCE to 48 BCE (n=31); floruit derived: earliest attestation - 40 and latest + 5
dprr:pompeius-17,person,Gnaeus Pompeius Magnus,? Cn. Pompeius Magnus (*17)|Cn. Pompeius (*17),Roman magistrate; offices: promagistrate; legate; prefect,alive,-106,-39,high,RE Pompeius 17; MRR2 attestations 67 BCE to 45 BCE (n=6); floruit derived: earliest attestation - 40 and latest + 5
dprr:pompeius-18,person,Sextus Pompeius Magnus Pius,Sex. Pompeius (*18)|Sex. Pompeius Magnus (*18),Roman magistrate; offices: promagistrate; legate; augur,alive,-106,-27,high,RE Pompeius 18; MRR2 attestations 67 BCE to 33 BCE (n=14); floruit derived: earliest attestation - 40 and latest + 5
dprr:pompeius-19,person,Sextus Pompeius,,Roman magistrate; offices: consul,alive,-74,-29,low,RE Pompeius 19; MRR2 attestations 35 BCE to 35 BCE (n=1); floruit derived: earliest attestation - 40 and latest + 5
dprr:pompeius-2,person,Quintus Pompeius,? Q. Pompeius (*2)|Q. Pompeius A. f. (*2)|Q. Pompeius A. f. - n. (*2),Roman magistrate; offices: consul; censor; praetor,alive,-183,-125,medium,RE Pompeius 2; MRR1 attestations 144 BCE to 131 BCE (n=8); floruit derived: earliest attestation - 40 and latest + 5
dprr:pompeius-24,person,Marcus Pompeius,,Roman magistrate; offices: legate,alive,-111,-65,medium,RE Pompeius 24; MRR2 attestations 72 BCE to 71 BCE (n=2); floruit derived: earliest attestation - 40 and latest + 5
dprr:pompeius-28,person,Gnaeus Pompeius,Cn. Pompeius (*28),Roman magistrate; offices: consul; quindecimvir,alive,-70,-25,low,RE Pompeius 28; MRR2 attestations 31 BCE to 31 BCE (n=1); floruit derived: earliest attestation - 40 and latest + 5
dprr:pompeius-39,person,Quintus Pompeius Rufus,,Roman magistrate; offices: consul,alive,-130,-82,medium,RE Pompeius 39; MRR2 attestations 91 BCE to 88 BCE (n=2); floruit derived: earliest attestation - 40 and latest + 5
dprr:pompeius-4,person,Quintus Pompeius Rufus,?-88: Q. Pompeius Rufus? (*4),Roman magistrate; offices: praetor; tribune of the plebs; decemvir,alive,-138,-82,medium,RE Pompeius 4; MRR2 attestations 99 BCE to 88 BCE (n=3); floruit derived: earliest attestation - 40 and latest + 5
dprr:pompeius-6,person,Aulus Pompeius,,Roman magistrate; offices: tribune of the plebs,alive,-141,-96,low,RE Pompeius 6; MRR1 attestations 102 BCE to 102 BCE (n=1); floruit derived: earliest attestation - 40 and latest + 5
dprr:pompeius-7,person,Quintus Pompeius Bithynicus,,Roman magistrate; offices: legate,alive,-114,-69,low,RE Pompeius 7; MRR2 attestations 75 BCE to 75 BCE (n=1); floruit derived: earliest attestation - 40 and latest + 5
dprr:pompeius-8,person,Quintus Pompeius Rufus,? Q. Pompeius Rufus (*8)|Q. Pompeius Q. f. Arn. Rufus (*8; D.-G. 4.323; no. 14),Roman magistrate; offices: praetor; quaestor; promagistrate,alive,-112,-53,medium,RE Pompeius 8; MRR2 attestations 73 BCE to 59 BCE (n=6); floruit derived: earliest attestation - 40 and latest + 5
dprr:pompeius-9,person,Quintus Pompeius Rufus,,Roman magistrate; offices: tribune of the plebs,alive,-91,-46,low,RE Pompeius 9; MRR2 attestations 52 BCE to 52 BCE (n=1); floruit derived: earliest attestation - 40 and latest + 5
dprr:pompilius-2,person,Sextus Pompilius,,Roman magistrate; offices: tribune of the plebs,alive,-459,-414,low,RE Pompilius 2; MRR1 attestations 420 BCE to 420 BCE (n=1); floruit derived: earliest attestation - 40 and latest + 5
dprr:pomponius-1,person,Marcus Pomponius,,Roman magistrate; offices: tribune of the plebs,alive,-488,-443,low,RE Pomponius 1; MRR1 attestations 449 BCE to 449 BCE (n=1); floruit derived: earliest attestation - 40 and latest + 5
dprr:pomponius-11,person,Titus Pomponius Veientanus,,Roman magistrate; offices: prefect,alive,-252,-207,low,RE Pomponius 11; MRR1 attestations 213 BCE to 213 BCE (n=1); floruit derived: earliest attestation - 40 and latest + 5
dprr:pomponius-12,person,Marcus Pomponius Matho,? M. Pomponius Matho (*12),Roman magistrate; offices: praetor; aedile; promagistrate,alive,-246,-196,medium,RE Pomponius 12; MRR1 attestations 207 BCE to 202 BCE (n=5); floruit derived: earliest attestation - 40 and latest + 5
dprr:pomponius-13,person,Marcus Pomponius,,Roman magistrate; offices: praetor; tribune of the plebs,alive,-206,-155,medium,RE Pomponius 13; MRR1 attestations 167 BCE to 161 BCE (n=2); floruit derived: earliest attestation - 40 and latest + 5
dprr:pomponius-17,person,Manius Pomponius Matho,?- 211: M. Pomponius Matho (17),Roman magistrate; offices: consul; pontifex,alive,-272,-205,medium,RE Pomponius 17; MRR1 attestations 233 BCE to 211 BCE (n=2); floruit derived: earliest attestation - 40 and latest + 5
dprr:pomponius-18,person,Marcus Pomponius,,Roman magistrate; offices: aedile,alive,-121,-76,low,RE Pomponius 18; MRR2 attestations 82 BCE to 82 BCE (n=1); floruit derived: earliest attestation - 40 and latest + 5
dprr:pomponius-2,person,Marcus Pomponius Rufus,,Roman magistrate; offices: consul,alive,-438,-393,low,RE Pomponius 2; MRR1 attestations 399 BCE to 399 BCE (n=1); floruit derived: earliest attestation - 40 and latest + 5
dprr:pomponius-20,person,Marcus Pomponius,,Roman magistrate; offices: prefect,alive,-111,-66,low,RE Pomponius 20; MRR2 attestations 72 BCE to 72 BCE (n=1); floruit derived: earliest attestation - 40 and latest + 5
dprr:pomponius-21,person,Marcus Pomponius Matho,M. Pomponius (*21),Roman magistrate; offices: master of horse; legate,alive,-270,-61,high,RE Pomponius 21; MRR1+MRR2 attestations 231 BCE to 67 BCE (n=3); floruit derived: earliest attestation - 40 and latest + 5
dprr:pomponius-23,person,Marcus Pomponius,,Roman magistrate; offices: legate,alive,-87,-42,low,RE Pomponius 23; MRR2 attestations 48 BCE to 48 BCE (n=1); floruit derived: earliest attestation - 40 and latest + 5
dprr:pomponius-3,person,Quintus Pomponius,,Roman magistrate; offices: tribune of the plebs,alive,-434,-388,medium,RE Pomponius 3; MRR1 attestations 395 BCE to 394 BCE (n=2); floruit derived: earliest attestation - 40 and latest + 5
dprr:pomponius-4,person,Marcus Pomponius,,Roman magistrate; offices: tribune of the plebs,alive,-401,-356,low,RE Pomponius 4; MRR1 attestations 362 BCE to 362 BCE (n=1); floruit derived: earliest attestation - 40 and latest + 5
dprr:pomponius-6,person,Marcus Pomponius Matho,M. Pomponius M'. f. M'. n. Matho (*6)|M. Pomponius M'. f. M'. n. Matho (*6) Cos. 231; Pr. 216 ? Augur ?- - -204 (see 217; note 4),Roman magistrate; offices: consul; decemvir; augur,alive,-270,-198,high,RE Pomponius 6; MRR1 attestations 231 BCE to 204 BCE (n=5); floruit derived: earliest attestation - 40 and latest + 5
dprr:pomponius-7,person,Sextus Pomponius,,Roman magistrate; offices: legate,alive,-257,-212,low,RE Pomponius 7; MRR1 attestations 218 BCE to 218 BCE (n=1); floruit derived: earliest attestation - 40 and latest + 5
dprr:pomponius-8,person,Marcus Pomponius,,Roman magistrate; offices: praetor,alive,-256,-211,low,RE Pomponius 8; MRR1 attestations 217 BCE to 217 BCE (n=1); floruit derived: earliest attestation - 40 and latest + 5
dprr:pomponius-9,person,Marcus Pomponius Matho,M. Pomponius (Matho ?) (*9)|M. Pomponius (Matho) (*9),Roman magistrate; offices: praetor; promagistrate,alive,-270,-208,high,RE Pomponius 9; MRR1 attestations 231 BCE to 214 BCE (n=5); floruit derived: earliest attestation - 40 and latest + 5
dprr:pomptinius-1,person,Gaius Pomptinius,,Roman magistrate; offices: legate,alive,-110,-57,medium,RE Pomptinius 1; MRR2 attestations 71 BCE to 63 BCE (n=2); floruit derived: earliest attestation - 40 and latest + 5
dprr:pomptinus-1,person,Gaius Pomptinus,,Roman magistrate; offices: praetor; promagistrate,alive,-102,-52,medium,RE Pomptinus 1; MRR2 attestations 63 BCE to 58 BCE (n=2); floruit derived: earliest attestation - 40 and latest + 5
dprr:pont-353,person,Pont Publius Cornelius Scipio Nasica,,Roman magistrate; offices: pontifex,alive,-204,-144,high,RE Pont 353; MRR1 attestations 165 BCE to 150 BCE (n=4); floruit derived: earliest attestation - 40 and latest + 5
dprr:pontifex-69,person,Pontifex Publius Licinius Crassus Dives,,Roman magistrate; offices: pontifex,alive,-251,-199,medium,RE Pontifex 69; MRR1 attestations 212 BCE to 205 BCE (n=3); floruit derived: earliest attestation - 40 and latest + 5
dprr:pontinius-1,person,Gaius Pomptinus,,Roman magistrate; offices: promagistrate; legate,alive,-102,-44,medium,RE Pontinius 1; MRR2 attestations 63 BCE to 50 BCE (n=11); floruit derived: earliest attestation - 40 and latest + 5
dprr:pontius-17,person,Pontius Aquila,L. Pontius Aquila (17),Roman magistrate; offices: tribune of the plebs; legate,alive,-84,-37,medium,RE Pontius 17; MRR2 attestations 45 BCE to 43 BCE (n=3); floruit derived: earliest attestation - 40 and latest + 5
dprr:popilius-15,person,Gaius Popilius,,Roman magistrate; offices: tribune of the plebs,alive,-107,-62,low,RE Popilius 15; MRR2 attestations 68 BCE to 68 BCE (n=1); floruit derived: earliest attestation - 40 and latest + 5
dprr:popillia-18,person,Popillia,,Roman magistrate; offices: vestal virgin,alive,-108,-63,low,RE Popillia 18; MRR2 attestations 69 BCE to 69 BCE (n=1); floruit derived: earliest attestation - 40 and latest + 5
dprr:popillius-1,person,Marcus Popillius Laenas,M. Popillius Laenas (*1)|? M. Popillius (M. f. C. n. Laenas) (*1),Roman magistrate; offices: consul; aedile; flamen,alive,-403,-342,high,RE Popillius 1; MRR1 attestations 364 BCE to 348 BCE (n=7); floruit derived: earliest attestation - 40 and latest + 5
dprr:popillius-10,person,Publius Popillius Laenas,P. Popillius C. f. P. n. Laenas (*10),Roman magistrate; offices: consul; praetor,alive,-174,-126,medium,RE Popillius 10; MRR1 attestations 135 BCE to 132 BCE (n=2); floruit derived: earliest attestation - 40 and latest + 5
dprr:popillius-12,person,Gaius Popillius Laenas,C. Popillius (*12?),Roman magistrate; offices: legate; prefect,alive,-146,-82,medium,RE Popillius 12; MRR1+MRR2 attestations 107 BCE to 88 BCE (n=2); floruit derived: earliest attestation - 40 and latest + 5
dprr:popillius-14,person,Publius Popillius Laenas,,Roman magistrate; offices: tribune of the plebs,alive,-125,-80,low,RE Popillius 14; MRR2 attestations 86 BCE to 86 BCE (n=1); floruit derived: earliest attestation - 40 and latest + 5
dprr:popillius-15,person,Gaius Popillius,,Roman magistrate; offices: military tribune,alive,-110,-65,low,RE Popillius 15; MRR2 attestations 71 BCE to 71 BCE (n=1); floruit derived: earliest attestation - 40 and latest + 5
dprr:popillius-2,person,Marcus Popillius Laenas,,Roman magistrate; offices: consul,alive,-355,-310,low,RE Popillius 2; MRR1 attestations 316 BCE to 316 BCE (n=1); floruit derived: earliest attestation - 40 and latest + 5
dprr:popillius-22,person,Gaius Popillius Laenas,(M. ?) Popillius Laenas (22 ?)|-. Popillius Laenas (22),Roman magistrate; offices: ambassador; envoy; military tribune,alive,-193,-37,high,RE Popillius 22; MRR1+MRR2 attestations 154 BCE to 43 BCE (n=4); floruit derived: earliest attestation - 40 and latest + 5
dprr:popillius-28,person,Popillius Laenas,,Roman magistrate; offices: envoy,alive,-185,-126,medium,RE Popillius 28; MRR1 attestations 146 BCE to 132 BCE (n=2); floruit derived: earliest attestation - 40 and latest + 5
dprr:popillius-3,person,Titus Popillius,,Roman magistrate; offices: legate,alive,-250,-205,low,RE Popillius 3; MRR1 attestations 211 BCE to 211 BCE (n=1); floruit derived: earliest attestation - 40 and latest + 5
dprr:popillius-4,person,Publius Popillius,,Roman magistrate; offices: ambassador,alive,-249,-204,low,RE Popillius 4; MRR1 attestations 210 BCE to 210 BCE (n=1); floruit derived: earliest attestation - 40 and latest + 5
dprr:popillius-5,person,Publius Popillius Laenas,,Roman magistrate; offices: triumvir,alive,-219,-174,low,RE Popillius 5; MRR1 attestations 180 BCE to 180 BCE (n=1); floruit derived: earliest attestation - 40 and latest + 5
dprr:popillius-6,person,Marcus Popillius Laenas,M. Popillius (Laenas) (*6)|M. Popillius P. f. P. n. Laenas (*6),Roman magistrate; offices: consul; censor; praetor,alive,-219,-153,high,RE Popillius 6; MRR1 attestations 180 BCE to 159 BCE (n=7); floruit derived: earliest attestation - 40 and latest + 5
dprr:popillius-7,person,Gaius Popillius Laenas,C. Popillius P. f. P. n. Laenas (*7)|C. Popillius (Laenas) Pat. (*7),Roman magistrate; offices: consul; praetor; legate,alive,-214,-152,high,RE Popillius 7; MRR1 attestations 175 BCE to 158 BCE (n=6); floruit derived: earliest attestation - 40 and latest + 5
dprr:popillius-9,person,Marcus Popillius Laenas,M. Popillius Laenas (*9)|M. Popillius M. f. P. n. Laenas (*9),Roman magistrate; offices: consul; praetor; promagistrate,alive,-181,-132,medium,RE Popillius 9; MRR1 attestations 142 BCE to 138 BCE (n=3); floruit derived: earliest attestation - 40 and latest + 5
dprr:poplicius-15,person,Gaius Poplicius Bibulus,,Roman magistrate; offices: aedile,alive,-234,-189,low,RE Poplicius 15; MRR1 attestations 195 BCE to 195 BCE (n=1); floruit derived: earliest attestation - 40 and latest + 5
dprr:porcius-1,person,Lucius Porcius Licinus,,Roman magistrate; offices: praetor; aedile; legate,alive,-250,-201,medium,RE Porcius 1; MRR1 attestations 211 BCE to 207 BCE (n=3); floruit derived: earliest attestation - 40 and latest + 5
dprr:porcius-10,person,Marcus Porcius Cato (Cato the Elder),M. Porcius M. f. Cato (*10)|? M. Porcius Cato (*10)|?- 149: M. Porcius Cato (*10),Roman magistrate; offices: consul; censor; praetor,alive,-253,-143,high,RE Porcius 10; MRR1 attestations 214 BCE to 149 BCE (n=13); floruit derived: earliest attestation - 40 and latest + 5
dprr:porcius-11,person,Marcus Porcius Cato,,Roman magistrate; offices: legate,alive,-207,-162,low,RE Porcius 11; MRR1 attestations 168 BCE to 168 BCE (n=1); floruit derived: earliest attestation - 40 and latest + 5
dprr:porcius-13,person,Marcus Porcius Cato,M. Porcius M. f. M. n. Cato (*13),Roman magistrate; offices: consul; praetor,alive,-160,-112,medium,RE Porcius 13; MRR1 attestations 121 BCE to 118 BCE (n=2); floruit derived: earliest attestation - 40 and latest + 5
dprr:porcius-14,person,Marcus Porcius Cato,,Roman magistrate; offices: praetor; aedile; promagistrate,alive,-133,-85,medium,RE Porcius 14; MRR2 attestations 94 BCE to 91 BCE (n=3); floruit derived: earliest attestation - 40 and latest + 5
dprr:porcius-15,person,Gaius Porcius Cato,C. Porcius M. f. M. n. Cato (*15),Roman magistrate; offices: consul; praetor; legate,alive,-156,-104,medium,RE Porcius 15; MRR1 attestations 117 BCE to 110 BCE (n=3); floruit derived: earliest attestation - 40 and latest + 5
dprr:porcius-16,person,Lucius Porcius Cato,L. Porcius Cato (*16)|L. Porcius M. f. M. n. Cato (*16),Roman magistrate; offices: consul; praetor; promagistrate,alive,-131,-83,medium,RE Porcius 16; MRR2 attestations 92 BCE to 89 BCE (n=3); floruit derived: earliest attestation - 40 and latest + 5
dprr:porcius-17,person,Marcus Porcius Cato,,Roman magistrate; offices: tribune of the plebs,alive,-138,-93,low,RE Porcius 17; MRR2 attestations 99 BCE to 99 BCE (n=1); floruit derived: earliest attestation - 40 and latest + 5
dprr:porcius-18,person,Gaius Porcius Cato,,Roman magistrate; offices: tribune of the plebs,alive,-95,-50,low,RE Porcius 18; MRR2 attestations 56 BCE to 56 BCE (n=1); floruit derived: earliest attestation - 40 and latest + 5
dprr:porcius-2,person,Lucius Porcius Licinus,L. Porcius L. f. M. n. Licinus (*2),Roman magistrate; offices: consul; praetor; promagistrate,alive,-232,-177,medium,RE Porcius 2; MRR1 attestations 193 BCE to 183 BCE (n=3); floruit derived: earliest attestation - 40 and latest + 5
dprr:porcius-20,person,Marcus Porcius Cato (Cato the Younger),(M.) Porcius Cato (*20)|?-46: M. Porcius Cato (*20),Roman magistrate; offices: praetor; tribune of the plebs; quaestor,alive,-106,-40,high,RE Porcius 20; MRR2 attestations 67 BCE to 46 BCE (n=11); floruit derived: earliest attestation - 40 and latest + 5
dprr:porcius-22,person,Marcus Porcius Cato,M. Porcius Cato (*22),Roman magistrate; offices: legate; envoy; prefect,alive,-82,-36,medium,RE Porcius 22; MRR2 attestations 43 BCE to 42 BCE (n=2); floruit derived: earliest attestation - 40 and latest + 5
dprr:porcius-3,person,Lucius Porcius Licinus,? L. Porcius Licinus (*3),Roman magistrate; offices: prefect; duumvir,alive,-220,-166,medium,RE Porcius 3; MRR1 attestations 181 BCE to 172 BCE (n=2); floruit derived: earliest attestation - 40 and latest + 5
dprr:porcius-6,person,Publius Porcius Laeca,,Roman magistrate; offices: praetor; tribune of the plebs; triumvir,alive,-238,-189,medium,RE Porcius 6; MRR1 attestations 199 BCE to 195 BCE (n=3); floruit derived: earliest attestation - 40 and latest + 5
dprr:post-14,person,Post Aebutius Helva Cornicen,,Roman magistrate; offices: consul,alive,-481,-436,low,RE Post 14; MRR1 attestations 442 BCE to 442 BCE (n=1); floruit derived: earliest attestation - 40 and latest + 5
dprr:postumia-9,person,Postumia,,Roman magistrate; offices: vestal virgin,alive,-459,-414,low,RE Postumia 9; MRR1 attestations 420 BCE to 420 BCE (n=1); floruit derived: earliest attestation - 40 and latest + 5
dprr:postumius-1,person,Publius Postumius Tubertus,P. Postumius Q. f. Tubertus Pat. (*1),Roman magistrate; offices: consul; envoy,alive,-544,-487,medium,RE Postumius 1; MRR1 attestations 505 BCE to 493 BCE (n=3); floruit derived: earliest attestation - 40 and latest + 5
dprr:postumius-10,person,Publius Postumius Albinus Regillensis,,Roman magistrate; offices: consul,alive,-453,-408,low,RE Postumius 10; MRR1 attestations 414 BCE to 414 BCE (n=1); floruit derived: earliest attestation - 40 and latest + 5
dprr:postumius-11,person,Marcus Postumius Albinus Regillensis,M. Postumius A. f. A. n. Albinus Regillensis Pat. (*11),Roman magistrate; offices: consul; censor,alive,-442,-397,low,RE Postumius 11; MRR1 attestations 403 BCE to 403 BCE (n=1); floruit derived: earliest attestation - 40 and latest + 5
dprr:postumius-12,person,Marcus Postumius,,Roman magistrate; offices: consul,alive,-442,-397,low,RE Postumius 12; MRR1 attestations 403 BCE to 403 BCE (n=1); floruit derived: earliest attestation - 40 and latest + 5
dprr:postumius-13,person,Aulus Postumius Albinus Regillensis,A. Postumius - f. - n. (Albinus) Regillensis Pat. (*13)|L. Postumius Pat. (13),Roman magistrate; offices: consul; praetor,alive,-436,-84,high,RE Postumius 13; MRR1+MRR2 attestations 397 BCE to 90 BCE (n=3); floruit derived: earliest attestation - 40 and latest + 5
dprr:postumius-14,person,Spurius Postumius Albinus Regillensis,,Roman magistrate; offices: consul; censor,alive,-433,-374,medium,RE Postumius 14; MRR1 attestations 394 BCE to 380 BCE (n=2); floruit derived: earliest attestation - 40 and latest + 5
dprr:postumius-15,person,Lucius Postumius Albinus Regillensis,L. Postumius - f. - n. (Albinus) Regillensis Pat. (*15),Roman magistrate; offices: consul,alive,-428,-375,medium,RE Postumius 15; MRR1 attestations 389 BCE to 381 BCE (n=2); floruit derived: earliest attestation - 40 and latest + 5
dprr:postumius-17,person,Spurius Postumius Albinus,M. Postumius A. ? f. A. ? n. Albinus Regillensis ? Pat. (17),Roman magistrate; offices: master of horse; consul; censor,alive,-465,-315,high,RE Postumius 17; MRR1 attestations 426 BCE to 321 BCE (n=5); floruit derived: earliest attestation - 40 and latest + 5
dprr:postumius-19,person,Lucius Postumius Megellus,L. Postumius L. f. Sp. n. Megellus Pat. (*19)|? L. Postumius Megellus Pat. (*19),Roman magistrate; offices: consul; aedile; promagistrate,alive,-346,-276,high,RE Postumius 19; MRR1 attestations 307 BCE to 282 BCE (n=7); floruit derived: earliest attestation - 40 and latest + 5
dprr:postumius-21,person,Aulus Postumius Albinus,,Roman magistrate; offices: consul; censor; flamen,alive,-281,-228,medium,RE Postumius 21; MRR1 attestations 242 BCE to 234 BCE (n=2); floruit derived: earliest attestation - 40 and latest + 5
dprr:postumius-22,person,Lucius Postumius Albinus,? L. Postumius A. f. A. n. Albinus Pat. (*22)|L. Postumius Albinus Pat. (*22),Roman magistrate; offices: consul; praetor,alive,-273,-209,high,RE Postumius 22; MRR1 attestations 234 BCE to 215 BCE (n=5); floruit derived: earliest attestation - 40 and latest + 5
dprr:postumius-24,person,Lucius Postumius Tympanus,,Roman magistrate; offices: quaestor,alive,-233,-188,low,RE Postumius 24; MRR1 attestations 194 BCE to 194 BCE (n=1); floruit derived: earliest attestation - 40 and latest + 5
dprr:postumius-25,person,Spurius Postumius Albinus,? Sp. Postumius Albinus Pat. (*25)|?- 180: Sp. Postumius Albinus Pat. (*25)|Sp. Postumius L. f. A. n. Albinus Pat. (*25),Roman magistrate; offices: consul; praetor; aedile,alive,-230,-174,medium,RE Postumius 25; MRR1 attestations 191 BCE to 180 BCE (n=5); floruit derived: earliest attestation - 40 and latest + 5
dprr:postumius-26,person,Aulus Postumius Albinus,A. Postumius A. f. A. n. Albinus (Luscus) Pat. (*26)|? A. Postumius Albinus (Luscus) Pat. (*26)|A. Postumius (Albinus Luscus ?) Pat. (*26)|A. Postumius (Albinus Luscus) Pat. (*26)|A. Postumius (Albinus) Luscus Pat. (*26),Roman magistrate; offices: consul; censor; praetor,alive,-230,-161,high,RE Postumius 26; MRR1 attestations 191 BCE to 167 BCE (n=9); floruit derived: earliest attestation - 40 and latest + 5
dprr:postumius-27,person,Lucius Postumius Tempsanus,L. Postumius Tempsanus Pat. (*27),Roman magistrate; offices: praetor; promagistrate,alive,-224,-178,medium,RE Postumius 27; MRR1 attestations 185 BCE to 184 BCE (n=2); floruit derived: earliest attestation - 40 and latest + 5
dprr:postumius-28,person,Spurius Postumius Albinus Paullulus,Sp. Postumius A. f. A. n. Albinus (Paullulus) Pat. (*28),Roman magistrate; offices: consul; praetor,alive,-222,-168,medium,RE Postumius 28; MRR1 attestations 183 BCE to 174 BCE (n=2); floruit derived: earliest attestation - 40 and latest + 5
dprr:postumius-3,person,Aulus Postumius Albus Regillensis,? -. Postumius (3)|? A. Postumius Albus Regillensis Pat. (*3)|A. Postumius P. f. - n. Albus (Regillensis) Pat. (*3)|A. Postumius P. f. Balbus ? (Albus Regillensis) Pat (*3)|Postumius Balbus (Regillus ?) Pat. (*3 ?),Roman magistrate; offices: dictator; consul; legate,alive,-543,-114,high,RE Postumius 3; MRR1 attestations 504 BCE to 120 BCE (n=6); floruit derived: earliest attestation - 40 and latest + 5
dprr:postumius-31,person,Gaius Postumius,,Roman magistrate; offices: military tribune,alive,-207,-162,low,RE Postumius 31; MRR1 attestations 168 BCE to 168 BCE (n=1); floruit derived: earliest attestation - 40 and latest + 5
dprr:postumius-32,person,Lucius Postumius Albinus,168-154: L. Postumius Albinus Pat. (*32)|? L. Postumius Albinus Pat. (*32)|L. Postumius Sp. f. L. n. Albinus Pat. (*32),Roman magistrate; offices: consul; praetor; aedile,alive,-208,-148,high,RE Postumius 32; MRR1 attestations 169 BCE to 154 BCE (n=5); floruit derived: earliest attestation - 40 and latest + 5
dprr:postumius-33,person,Aulus Postumius Albinus,A. Postumius (Albinus) Pat. (*33)|A. Postumius A. f. A. n. Albinus Pat. (*33),Roman magistrate; offices: consul; praetor; ambassador,alive,-207,-140,high,RE Postumius 33; MRR1 attestations 168 BCE to 146 BCE (n=6); floruit derived: earliest attestation - 40 and latest + 5
dprr:postumius-34,person,Spurius Postumius Albinus Magnus,,Roman magistrate; offices: praetor,alive,-190,-142,medium,RE Postumius 34; MRR1 attestations 151 BCE to 148 BCE (n=2); floruit derived: earliest attestation - 40 and latest + 5
dprr:postumius-35,person,Spurius Postumius Albinus,Sp. Postumius - f. - n. Albinus Pat. (*35)|Sp. Postumius Albinus Pat. (*35),Roman magistrate; offices: consul; praetor; promagistrate,alive,-152,-103,medium,RE Postumius 35; MRR1 attestations 113 BCE to 109 BCE (n=3); floruit derived: earliest attestation - 40 and latest + 5
dprr:postumius-36,person,Aulus Postumius Albinus,? A. Postumius Albinus Pat. (*36)|A. Postumius - f. - n. Albinus Pat. (*36),Roman magistrate; offices: consul; praetor; legate,alive,-149,-83,high,RE Postumius 36; MRR1+MRR2 attestations 110 BCE to 89 BCE (n=4); floruit derived: earliest attestation - 40 and latest + 5
dprr:postumius-39,person,Lucius Postumius Albinus,,Roman magistrate; offices: rex sacrorum,alive,-314,-269,low,RE Postumius 39; MRR1 attestations 275 BCE to 275 BCE (n=1); floruit derived: earliest attestation - 40 and latest + 5
dprr:postumius-4,person,Spurius Postumius Albus,462-439: Sp. Postumius A. f. P. n. Albus Regillensis Pat. (*4)|Sp. Postumius A. f. P. n. Albus Regillensis Pat. (*4)|Sp. Postumius Albus Regillensis Pat. (*4),Roman magistrate; offices: consul; legate; ambassador,alive,-505,-433,high,RE Postumius 4; MRR1 attestations 466 BCE to 439 BCE (n=8); floruit derived: earliest attestation - 40 and latest + 5
dprr:postumius-41,person,Lucius Postumius Albinus,L. Postumius A. f. A. n. Albinus Pat. (41),Roman magistrate; offices: consul; praetor; promagistrate,alive,-219,-165,medium,RE Postumius 41; MRR1 attestations 180 BCE to 171 BCE (n=5); floruit derived: earliest attestation - 40 and latest + 5
dprr:postumius-45,person,Lucius Postumius,(L.) Postumius Pat.? (*45)|? L. Postumius (*45)|? L.? Postumius (*45),Roman magistrate; offices: praetor; promagistrate; legate,alive,-93,-43,medium,RE Postumius 45; MRR2 attestations 54 BCE to 49 BCE (n=3); floruit derived: earliest attestation - 40 and latest + 5
dprr:postumius-46,person,Aulus Postumius Albinus,,Roman magistrate; offices: envoy,alive,-224,-162,high,RE Postumius 46; MRR1 attestations 185 BCE to 168 BCE (n=3); floruit derived: earliest attestation - 40 and latest + 5
dprr:postumius-47,person,Spurius Postumius Albinus Magnus,M. Postumius (*47),Roman magistrate; offices: consul; quaestor,alive,-190,-67,high,RE Postumius 47; MRR1+MRR2 attestations 151 BCE to 73 BCE (n=3); floruit derived: earliest attestation - 40 and latest + 5
dprr:postumius-48,person,Postumius,,Roman magistrate; offices: envoy,alive,-87,-42,low,RE Postumius 48; MRR2 attestations 48 BCE to 48 BCE (n=1); floruit derived: earliest attestation - 40 and latest + 5
dprr:postumius-5,person,Aulus Postumius Albus Regillensis,A. Postumius A. f. P. n. Albus Regillensis Pat. (*5),Roman magistrate; offices: consul; ambassador; pontifex,alive,-503,-452,medium,RE Postumius 5; MRR1 attestations 464 BCE to 458 BCE (n=3); floruit derived: earliest attestation - 40 and latest + 5
dprr:postumius-52,person,Spurius Postumius Albus,,Roman magistrate; offices: consul,alive,-471,-426,low,RE Postumius 52; MRR1 attestations 432 BCE to 432 BCE (n=1); floruit derived: earliest attestation - 40 and latest + 5
dprr:postumius-56,person,Lucius Postumius Megellus,L. Postumius Megellus Pat. (56),Roman magistrate; offices: consul; censor; praetor,alive,-301,-247,medium,RE Postumius 56; MRR1 attestations 262 BCE to 253 BCE (n=2); floruit derived: earliest attestation - 40 and latest + 5
dprr:postumius-59,person,Postumius Regillensis Albinus,,Roman magistrate; offices: censor,alive,-405,-359,medium,RE Postumius 59; MRR1 attestations 366 BCE to 365 BCE (n=2); floruit derived: earliest attestation - 40 and latest + 5
dprr:postumius-6,person,Aulus Postumius Tubertus,,Roman magistrate; offices: master of horse,alive,-473,-428,low,RE Postumius 6; MRR1 attestations 434 BCE to 434 BCE (n=1); floruit derived: earliest attestation - 40 and latest + 5
dprr:postumius-64,person,Aulus Postumius Tubertus,,Roman magistrate; offices: dictator,alive,-470,-425,low,RE Postumius 64; MRR1 attestations 431 BCE to 431 BCE (n=1); floruit derived: earliest attestation - 40 and latest + 5
dprr:postumius-7,person,Spurius Postumius Albus,,Roman magistrate; offices: legate,alive,-470,-425,low,RE Postumius 7; MRR1 attestations 431 BCE to 431 BCE (n=1); floruit derived: earliest attestation - 40 and latest + 5
dprr:postumus-14,person,Postumus Aebutius Helva Cornicen,,Roman magistrate; offices: master of horse,alive,-481,-429,medium,RE Postumus 14; MRR1 attestations 442 BCE to 435 BCE (n=2); floruit derived: earliest attestation - 40 and latest + 5
dprr:postumus-16,person,Postumus Cominius Auruncus,Postumus Co(minius Auruncus) Pat. (16)|Postumus Cominius (Auruncus) Pat. (16),Roman magistrate; offices: consul; envoy; military tribune,alive,-540,-480,high,RE Postumus 16; MRR1 attestations 501 BCE to 486 BCE (n=4); floruit derived: earliest attestation - 40 and latest + 5
dprr:postumus-24,person,Gaius Postumus,,Roman magistrate; offices: quaestor,alive,-110,-65,low,RE Postumus 24; MRR2 attestations 71 BCE to 71 BCE (n=1); floruit derived: earliest attestation - 40 and latest + 5
dprr:priscus-75,person,Quintus Priscus Fidenas,,Roman magistrate; offices: pontifex; augur,alive,-478,-433,low,RE Priscus 75; MRR1 attestations 439 BCE to 439 BCE (n=1); floruit derived: earliest attestation - 40 and latest + 5
dprr:procilius-1,person,Lucius Procilius,,Roman magistrate; offices: tribune of the plebs,alive,-95,-50,low,RE Procilius 1; MRR2 attestations 56 BCE to 56 BCE (n=1); floruit derived: earliest attestation - 40 and latest + 5
dprr:proculus-19,person,Proculus Verginius Tricostus Rutilus,,Roman magistrate; offices: consul,alive,-525,-480,low,RE Proculus 19; MRR1 attestations 486 BCE to 486 BCE (n=1); floruit derived: earliest attestation - 40 and latest + 5
dprr:proculus-6,person,Proculus Geganius Macerinus,,Roman magistrate; offices: consul,alive,-479,-434,low,RE Proculus 6; MRR1 attestations 440 BCE to 440 BCE (n=1); floruit derived: earliest attestation - 40 and latest + 5
dprr:publicia-17,person,Publicia,,Roman magistrate; offices: flamen,alive,-108,-63,low,RE Publicia 17; MRR2 attestations 69 BCE to 69 BCE (n=1); floruit derived: earliest attestation - 40 and latest + 5
dprr:publicius-1,person,Lucius Publicius Malleolus,,Roman magistrate; offices: aedile,alive,-280,-232,medium,RE Publicius 1; MRR1 attestations 241 BCE to 238 BCE (n=2); floruit derived: earliest attestation - 40 and latest + 5
dprr:publicius-16,person,Quintus Publicius,,Roman magistrate; offices: praetor,alive,-106,-61,low,RE Publicius 16; MRR2 attestations 67 BCE to 67 BCE (n=1); floruit derived: earliest attestation - 40 and latest + 5
dprr:publicius-2,person,Marcus Publicius Malleolus,M. Publicius L. f. L. n. Malleolus (*2; *3),Roman magistrate; offices: consul; aedile,alive,-280,-226,medium,RE Publicius 2; MRR1 attestations 241 BCE to 232 BCE (n=3); floruit derived: earliest attestation - 40 and latest + 5
dprr:publicius-20,person,Marcus Publicius,,Roman magistrate; offices: legate,alive,-85,-40,low,RE Publicius 20; MRR2 attestations 46 BCE to 46 BCE (n=1); floruit derived: earliest attestation - 40 and latest + 5
dprr:publicius-4,person,Lucius Publicius Bibulus,,Roman magistrate; offices: military tribune,alive,-255,-210,low,RE Publicius 4; MRR1 attestations 216 BCE to 216 BCE (n=1); floruit derived: earliest attestation - 40 and latest + 5
dprr:publicius-5,person,Gaius Publicius Bibulus,,Roman magistrate; offices: tribune of the plebs,alive,-248,-203,low,RE Publicius 5; MRR1 attestations 209 BCE to 209 BCE (n=1); floruit derived: earliest attestation - 40 and latest + 5
dprr:publilius-10,person,Gaius Publilius,,Roman magistrate; offices: quaestor,alive,-185,-140,low,RE Publilius 10; MRR1 attestations 146 BCE to 146 BCE (n=1); floruit derived: earliest attestation - 40 and latest + 5
dprr:publilius-2,person,Lucius Publilius Voler Philo Vulscus,Publilius (2),Roman magistrate; offices: consul; military tribune,alive,-439,-315,medium,RE Publilius 2; MRR1 attestations 400 BCE to 321 BCE (n=2); floruit derived: earliest attestation - 40 and latest + 5
dprr:publilius-4,person,Quintus Publilius,,Roman magistrate; offices: tribune of the plebs,alive,-423,-378,low,RE Publilius 4; MRR1 attestations 384 BCE to 384 BCE (n=1); floruit derived: earliest attestation - 40 and latest + 5
dprr:publilius-6,person,Quintus Publilius Philo,Q. Publilius Philo (*6)|Q. Publilius (Q. f. Q. n. Philo ?) (*6),Roman magistrate; offices: dictator; master of horse; consul,alive,-391,-309,high,RE Publilius 6; MRR1 attestations 352 BCE to 315 BCE (n=9); floruit derived: earliest attestation - 40 and latest + 5
dprr:publilius-8,person,Titus Publilius,,Roman magistrate; offices: augur,alive,-339,-294,low,RE Publilius 8; MRR1 attestations 300 BCE to 300 BCE (n=1); floruit derived: earliest attestation - 40 and latest + 5
dprr:pupius-1,person,Publius Papius,,Roman magistrate; offices: quaestor,alive,-448,-403,low,RE Pupius 1; MRR1 attestations 409 BCE to 409 BCE (n=1); floruit derived: earliest attestation - 40 and latest + 5
dprr:pupius-10,person,Marcus Pupius Piso Frugi Calpurnianus,M. Pupius M. f. - n. Piso Frugi Calpurnianus (10),Roman magistrate; offices: consul; praetor; promagistrate,alive,-111,-43,high,RE Pupius 10; MRR2 attestations 72 BCE to 49 BCE (n=9); floruit derived: earliest attestation - 40 and latest + 5
dprr:pupius-3,person,Gaius Pupius,,Roman magistrate; offices: duumvir,alive,-256,-211,low,RE Pupius 3; MRR1 attestations 217 BCE to 217 BCE (n=1); floruit derived: earliest attestation - 40 and latest + 5
dprr:pupius-4,person,Lucius Pupius,,Roman magistrate; offices: praetor; aedile,alive,-224,-177,medium,RE Pupius 4; MRR1 attestations 185 BCE to 183 BCE (n=2); floruit derived: earliest attestation - 40 and latest + 5
dprr:pupius-5,person,Lucius Pupius,,Roman magistrate; offices: ambassador,alive,-222,-148,medium,RE Pupius 5; MRR1 attestations 183 BCE to 154 BCE (n=2); floruit derived: earliest attestation - 40 and latest + 5
dprr:quinctilius-1,person,Sextus Quinctilius,,Roman magistrate; offices: consul,alive,-492,-447,low,RE Quinctilius 1; MRR1 attestations 453 BCE to 453 BCE (n=1); floruit derived: earliest attestation - 40 and latest + 5
dprr:quinctilius-10,person,Sextus Quinctilius Varus,,Roman magistrate; offices: quaestor,alive,-88,-43,low,RE Quinctilius 10; MRR2 attestations 49 BCE to 49 BCE (n=1); floruit derived: earliest attestation - 40 and latest + 5
dprr:quinctilius-2,person,Marcus Quinctilius Varus,,Roman magistrate; offices: consul,alive,-442,-397,low,RE Quinctilius 2; MRR1 attestations 403 BCE to 403 BCE (n=1); floruit derived: earliest attestation - 40 and latest + 5
dprr:quinctilius-4,person,Publius Quinctilius Varus Ariminum,?- 169: P. Quinctilius Varus Pat. (*4)|P. Quinctilius Varus (*4),Roman magistrate; offices: praetor; flamen,alive,-242,-163,high,RE Quinctilius 4; MRR1 attestations 203 BCE to 169 BCE (n=3); floruit derived: earliest attestation - 40 and latest + 5
dprr:quinctilius-5,person,Titus Quinctilius Varus,T. Quinctilius Varus (*5),Roman magistrate; offices: legate; envoy,alive,-224,-178,medium,RE Quinctilius 5; MRR1 attestations 185 BCE to 184 BCE (n=2); floruit derived: earliest attestation - 40 and latest + 5
dprr:quinctilius-6,person,Publius Quinctilius Varus,,Roman magistrate; offices: praetor,alive,-205,-160,low,RE Quinctilius 6; MRR1 attestations 166 BCE to 166 BCE (n=1); floruit derived: earliest attestation - 40 and latest + 5
dprr:quinctilius-7,person,Sextus Quinctilius Varus,? Sex. Quinctilius Varus Pat. (*7)|Sex. Quinctilius (Varus) Pat. (*7),Roman magistrate; offices: praetor; promagistrate,alive,-96,-49,medium,RE Quinctilius 7; MRR2 attestations 57 BCE to 55 BCE (n=3); floruit derived: earliest attestation - 40 and latest + 5
dprr:quinctius-10,person,Lucius Quinctius,,Roman magistrate; offices: consul,alive,-426,-381,low,RE Quinctius 10; MRR1 attestations 387 BCE to 387 BCE (n=1); floruit derived: earliest attestation - 40 and latest + 5
dprr:quinctius-11,person,Lucius Quinctius,,Roman magistrate; offices: military tribune,alive,-365,-320,low,RE Quinctius 11; MRR1 attestations 326 BCE to 326 BCE (n=1); floruit derived: earliest attestation - 40 and latest + 5
dprr:quinctius-12,person,Lucius Quinctius,,Roman magistrate; offices: praetor; tribune of the plebs; legate,alive,-113,-62,medium,RE Quinctius 12; MRR2 attestations 74 BCE to 68 BCE (n=3); floruit derived: earliest attestation - 40 and latest + 5
dprr:quinctius-2,person,Quinctius,,Roman magistrate; offices: praetor,alive,-182,-137,low,RE Quinctius 2; MRR1 attestations 143 BCE to 143 BCE (n=1); floruit derived: earliest attestation - 40 and latest + 5
dprr:quinctius-24,person,Titus Quinctius Capitolinus Barbatus,,Roman magistrate; offices: promagistrate,alive,-510,-433,high,RE Quinctius 24; MRR1 attestations 471 BCE to 439 BCE (n=7); floruit derived: earliest attestation - 40 and latest + 5
dprr:quinctius-29,person,Lucius Quinctius Capitolinus,L. Quinctius (- f. - n.) Cincinnatus Pat. (29)|L. Quinctius - f. - n. Cincinnatus Pat. (29),Roman magistrate; offices: consul,alive,-425,-371,medium,RE Quinctius 29; MRR1 attestations 386 BCE to 377 BCE (n=3); floruit derived: earliest attestation - 40 and latest + 5
dprr:quinctius-3,person,Titus Quinctius Flamininus,T. Quinctius (Flamininus) Pat. (*3)|T. Quinctius Flaminius Pat. (*3)|T. Quinctius T. f. L. n. Flamininus Pat. (*3)|? T. Quinctius Flamininus Pat. (*3),Roman magistrate; offices: consul; censor; quaestor,alive,-247,-177,high,RE Quinctius 3; MRR1 attestations 208 BCE to 183 BCE (n=15); floruit derived: earliest attestation - 40 and latest + 5
dprr:quinctius-30,person,Quintus Quinctius Cincinnatus,Q. Quinctius (L. f. L. n.) Cincinnatus Pat. (30),Roman magistrate; offices: consul,alive,-454,-399,medium,RE Quinctius 30; MRR1 attestations 415 BCE to 405 BCE (n=2); floruit derived: earliest attestation - 40 and latest + 5
dprr:quinctius-35,person,Titus Quinctius,,Roman magistrate; offices: consul,alive,-393,-345,medium,RE Quinctius 35; MRR1 attestations 354 BCE to 351 BCE (n=2); floruit derived: earliest attestation - 40 and latest + 5
dprr:quinctius-4,person,Lucius Quinctius Flamininus,L. Quinctius T. f. L. n. Flamininus (*4)|213-170: L. Quinctius Flamininus Pat. (*4)|L. Quinctius T. f. L. n. Flamininus Pat. (*4),Roman magistrate; offices: consul; praetor; aedile,alive,-252,-164,high,RE Quinctius 4; MRR1 attestations 213 BCE to 170 BCE (n=12); floruit derived: earliest attestation - 40 and latest + 5
dprr:quinctius-43,person,Lucius Quinctius Flamininus,,Roman magistrate; offices: augur,alive,-252,-186,high,RE Quinctius 43; MRR1 attestations 213 BCE to 192 BCE (n=3); floruit derived: earliest attestation - 40 and latest + 5
dprr:quinctius-47,person,Titus Quinctius Flamininus,,Roman magistrate; offices: consul,alive,-165,-117,medium,RE Quinctius 47; MRR1 attestations 126 BCE to 123 BCE (n=2); floruit derived: earliest attestation - 40 and latest + 5
dprr:quinctius-5,person,Gaius Quinctius Flamininus,,Roman magistrate; offices: praetor,alive,-216,-171,low,RE Quinctius 5; MRR1 attestations 177 BCE to 177 BCE (n=1); floruit derived: earliest attestation - 40 and latest + 5
dprr:quinctius-6,person,Titus Quinctius Flamininus,? T. Quinctius Flamininus Pat. (*6)|T. Quinctius Flamininus (*6)|T. Quinctius T. f. T. n. Flamininus Pat. (*6),Roman magistrate; offices: consul; praetor; ambassador,alive,-206,-144,high,RE Quinctius 6; MRR1 attestations 167 BCE to 150 BCE (n=3); floruit derived: earliest attestation - 40 and latest + 5
dprr:quinctius-7,person,Titus Quinctius Flamininus,,Roman magistrate; offices: praetor,alive,-165,-117,medium,RE Quinctius 7; MRR1 attestations 126 BCE to 123 BCE (n=2); floruit derived: earliest attestation - 40 and latest + 5
dprr:rabirius-5,person,Gaius Rabirius Gal,,Roman magistrate; offices: military tribune,alive,-128,-83,low,RE Rabirius 5; MRR2 attestations 89 BCE to 89 BCE (n=1); floruit derived: earliest attestation - 40 and latest + 5
dprr:rabirius-6,person,Gaius Rabirius Postumus,,Roman magistrate; offices: master of horse; legate,alive,-87,-40,medium,RE Rabirius 6; MRR2 attestations 48 BCE to 46 BCE (n=2); floruit derived: earliest attestation - 40 and latest + 5
dprr:rabuleius-1,person,Gaius Rabuleius,,Roman magistrate; offices: tribune of the plebs,alive,-525,-480,low,RE Rabuleius 1; MRR1 attestations 486 BCE to 486 BCE (n=1); floruit derived: earliest attestation - 40 and latest + 5
dprr:rabuleius-2,person,Manius Rabuleius,,Roman magistrate; offices: consul,alive,-489,-443,medium,RE Rabuleius 2; MRR1 attestations 450 BCE to 449 BCE (n=2); floruit derived: earliest attestation - 40 and latest + 5
dprr:racilius-1,person,Lucius Racilius,,Roman magistrate; offices: tribune of the plebs,alive,-95,-50,low,RE Racilius 1; MRR2 attestations 56 BCE to 56 BCE (n=1); floruit derived: earliest attestation - 40 and latest + 5
dprr:raecius-2,person,Marcus Raecius,,Roman magistrate; offices: ambassador,alive,-247,-202,low,RE Raecius 2; MRR1 attestations 208 BCE to 208 BCE (n=1); floruit derived: earliest attestation - 40 and latest + 5
dprr:raecius-3,person,Marcus Raecius,,Roman magistrate; offices: praetor,alive,-209,-164,low,RE Raecius 3; MRR1 attestations 170 BCE to 170 BCE (n=1); floruit derived: earliest attestation - 40 and latest + 5
dprr:rancius-1,person,Quintus Rancius Claud,,Roman magistrate; offices: quaestor,alive,-112,-67,low,RE Rancius 1; MRR2 attestations 73 BCE to 73 BCE (n=1); floruit derived: earliest attestation - 40 and latest + 5
dprr:remmius-1,person,Remmius,,Roman magistrate; offices: aedile,alive,-133,-88,low,RE Remmius 1; MRR2 attestations 94 BCE to 94 BCE (n=1); floruit derived: earliest attestation - 40 and latest + 5
dprr:romilius-4,person,Titus Romilius Rocus Vaticanus,,Roman magistrate; offices: consul,alive,-494,-445,medium,RE Romilius 4; MRR1 attestations 455 BCE to 451 BCE (n=2); floruit derived: earliest attestation - 40 and latest + 5
dprr:roscius-15,person,Lucius Roscius Fabatus,? L. Roscius Fabatus (15),Roman magistrate; offices: praetor; tribune of the plebs; legate,alive,-94,-37,medium,RE Roscius 15; MRR2 attestations 55 BCE to 43 BCE (n=4); floruit derived: earliest attestation - 40 and latest + 5
dprr:roscius-2,person,Roscius,,Roman magistrate; offices: prefect,alive,-81,-36,low,RE Roscius 2; MRR2 attestations 42 BCE to 42 BCE (n=1); floruit derived: earliest attestation - 40 and latest + 5
dprr:roscius-22,person,Lucius Roscius Otho,? L. Roscius Otho (22),Roman magistrate; offices: praetor; tribune of the plebs,alive,-106,-57,medium,RE Roscius 22; MRR2 attestations 67 BCE to 63 BCE (n=2); floruit derived: earliest attestation - 40 and latest + 5
dprr:roscius-4,person,Lucius Roscius,,Roman magistrate; offices: ambassador,alive,-477,-432,low,RE Roscius 4; MRR1 attestations 438 BCE to 438 BCE (n=1); floruit derived: earliest attestation - 40 and latest + 5
dprr:rubrius-1,person,Rubrius,,Roman magistrate; offices: tribune of the plebs,alive,-172,-127,low,RE Rubrius 1; MRR1 attestations 133 BCE to 133 BCE (n=1); floruit derived: earliest attestation - 40 and latest + 5
dprr:rubrius-13,person,Rubrius,,Roman magistrate; offices: prefect,alive,-85,-40,low,RE Rubrius 13; MRR2 attestations 46 BCE to 46 BCE (n=1); floruit derived: earliest attestation - 40 and latest + 5
dprr:rubrius-2,person,Gaius Rubrius,,Roman magistrate; offices: tribune of the plebs,alive,-161,-116,low,RE Rubrius 2; MRR1 attestations 122 BCE to 122 BCE (n=1); floruit derived: earliest attestation - 40 and latest + 5
dprr:rubrius-4,person,Rubrius,-. Rubrius (4; cf. 10; and 17),Roman magistrate; offices: praetor; promagistrate,alive,-107,-61,medium,RE Rubrius 4; MRR2 attestations 68 BCE to 67 BCE (n=2); floruit derived: earliest attestation - 40 and latest + 5
dprr:rubrius-5,person,Rubrius,,Roman magistrate; offices: tribune of the plebs,alive,-88,-43,low,RE Rubrius 5; MRR2 attestations 49 BCE to 49 BCE (n=1); floruit derived: earliest attestation - 40 and latest + 5
dprr:rufrenus-1,person,Rufrenus,,Roman magistrate; offices: tribune of the plebs; legate,alive,-82,-36,medium,RE Rufrenus 1; MRR2 attestations 43 BCE to 42 BCE (n=2); floruit derived: earliest attestation - 40 and latest + 5
dprr:rupilius-10,person,Publius Rupilius,,Roman magistrate; offices: praetor,alive,-82,-37,low,RE Rupilius 10; MRR2 attestations 43 BCE to 43 BCE (n=1); floruit derived: earliest attestation - 40 and latest + 5
dprr:rupilius-4,person,Lucius Rupilius,,Roman magistrate; offices: praetor,alive,-172,-127,low,RE Rupilius 4; MRR1 attestations 133 BCE to 133 BCE (n=1); floruit derived: earliest attestation - 40 and latest + 5
dprr:rupilius-5,person,Publius Rupilius,P. Rupilius P. f. P. n. (5),Roman magistrate; offices: consul; praetor,alive,-174,-126,medium,RE Rupilius 5; MRR1 attestations 135 BCE to 132 BCE (n=2); floruit derived: earliest attestation - 40 and latest + 5
dprr:rutilius-11,person,Quintus Rutilius,,Roman magistrate; offices: quaestor,alive,-83,-38,low,RE Rutilius 11; MRR2 attestations 44 BCE to 44 BCE (n=1); floruit derived: earliest attestation - 40 and latest + 5
dprr:rutilius-12,person,Publius Rutilius Calvus,,Roman magistrate; offices: praetor,alive,-205,-160,low,RE Rutilius 12; MRR1 attestations 166 BCE to 166 BCE (n=1); floruit derived: earliest attestation - 40 and latest + 5
dprr:rutilius-14,person,Spurius Rutilius Crassus,,Roman magistrate; offices: consul,alive,-456,-411,low,RE Rutilius 14; MRR1 attestations 417 BCE to 417 BCE (n=1); floruit derived: earliest attestation - 40 and latest + 5
dprr:rutilius-26,person,Publius Rutilius Lupus,P. Rutilius L. f. L. n. Lupus (26),Roman magistrate; offices: consul; praetor,alive,-132,-84,medium,RE Rutilius 26; MRR2 attestations 93 BCE to 90 BCE (n=2); floruit derived: earliest attestation - 40 and latest + 5
dprr:rutilius-27,person,Publius Rutilius Lupus,,Roman magistrate; offices: praetor; tribune of the plebs; promagistrate,alive,-95,-42,medium,RE Rutilius 27; MRR2 attestations 56 BCE to 48 BCE (n=3); floruit derived: earliest attestation - 40 and latest + 5
dprr:rutilius-30,person,Publius Rutilius Nudus,,Roman magistrate; offices: legate,alive,-113,-68,low,RE Rutilius 30; MRR2 attestations 74 BCE to 74 BCE (n=1); floruit derived: earliest attestation - 40 and latest + 5
dprr:rutilius-34,person,Publius Rutilius Rufus,? P. Rutilius Rufus (34)|P. Rutilius P. f. (Rufus) (34)|P. Rutilius P. f. - n. Rufus (34),Roman magistrate; offices: consul; praetor; legate,alive,-173,-91,high,RE Rutilius 34; MRR1+MRR2 attestations 134 BCE to 97 BCE (n=9); floruit derived: earliest attestation - 40 and latest + 5
dprr:rutilius-5,person,Marcus Rutilius,,Roman magistrate; offices: prefect,alive,-84,-39,low,RE Rutilius 5; MRR2 attestations 45 BCE to 45 BCE (n=1); floruit derived: earliest attestation - 40 and latest + 5
dprr:rutilius-8,person,Publius Rutilius,,Roman magistrate; offices: tribune of the plebs,alive,-208,-163,low,RE Rutilius 8; MRR1 attestations 169 BCE to 169 BCE (n=1); floruit derived: earliest attestation - 40 and latest + 5
dprr:rutilius-9,person,Publius Rutilius,,Roman magistrate; offices: tribune of the plebs,alive,-175,-130,low,RE Rutilius 9; MRR1 attestations 136 BCE to 136 BCE (n=1); floruit derived: earliest attestation - 40 and latest + 5
dprr:sallustius-10,person,Gaius Sallustius Crispus,? C. Sallustius Crispus (10),Roman magistrate; offices: praetor; tribune of the plebs; quaestor,alive,-94,-38,medium,RE Sallustius 10; MRR2 attestations 55 BCE to 44 BCE (n=8); floruit derived: earliest attestation - 40 and latest + 5
dprr:salluvius-1,person,Gaius Salluvius Naso,,Roman magistrate; offices: legate,alive,-113,-67,medium,RE Salluvius 1; MRR2 attestations 74 BCE to 73 BCE (n=2); floruit derived: earliest attestation - 40 and latest + 5
dprr:salonius-1,person,Publius Salonius,,Roman magistrate; offices: military tribune,alive,-381,-336,low,RE Salonius 1; MRR1 attestations 342 BCE to 342 BCE (n=1); floruit derived: earliest attestation - 40 and latest + 5
dprr:salonius-2,person,Gaius Salonius,C. Salonius (*2 ?),Roman magistrate; offices: triumvir; decemvir,alive,-233,-167,medium,RE Salonius 2; MRR1 attestations 194 BCE to 173 BCE (n=2); floruit derived: earliest attestation - 40 and latest + 5
dprr:salonius-3,person,Quintus Salonius Sarra,,Roman magistrate; offices: praetor,alive,-231,-186,low,RE Salonius 3; MRR1 attestations 192 BCE to 192 BCE (n=1); floruit derived: earliest attestation - 40 and latest + 5
dprr:salvidienus-4,person,Quintus Salvidienus Rufus Salvius,,Roman magistrate; offices: promagistrate; legate,alive,-81,-33,medium,RE Salvidienus 4; MRR2 attestations 42 BCE to 39 BCE (n=4); floruit derived: earliest attestation - 40 and latest + 5
dprr:salvius-1,person,Salvius,,Roman magistrate; offices: prefect,alive,-207,-162,low,RE Salvius 1; MRR1 attestations 168 BCE to 168 BCE (n=1); floruit derived: earliest attestation - 40 and latest + 5
dprr:salvius-6,person,Salvius,,Roman magistrate; offices: tribune of the plebs,alive,-82,-37,low,RE Salvius 6; MRR2 attestations 43 BCE to 43 BCE (n=1); floruit derived: earliest attestation - 40 and latest + 5
dprr:saserna-22,person,Gaius Saserna,(C. Hostilius) Saserna (22),Roman magistrate; offices: tribune of the plebs; legate,alive,-85,-38,medium,RE Saserna 22; MRR2 attestations 46 BCE to 44 BCE (n=2); floruit derived: earliest attestation - 40 and latest + 5
dprr:saserna-23,person,Saserna,,Roman magistrate; offices: tribune of the plebs,alive,-83,-38,low,RE Saserna 23; MRR2 attestations 44 BCE to 44 BCE (n=1); floruit derived: earliest attestation - 40 and latest + 5
dprr:saserna-24,person,Publius Saserna,(P. Hostilius) Saserna (24),Roman magistrate; offices: tribune of the plebs; legate,alive,-85,-38,medium,RE Saserna 24; MRR2 attestations 46 BCE to 44 BCE (n=2); floruit derived: earliest attestation - 40 and latest + 5
dprr:satrius-1,person,Marcus Satrius,,Roman magistrate; offices: legate,alive,-82,-37,low,RE Satrius 1; MRR2 attestations 43 BCE to 43 BCE (n=1); floruit derived: earliest attestation - 40 and latest + 5
dprr:satureius-1,person,Publius Satureius,,Roman magistrate; offices: tribune of the plebs,alive,-172,-127,low,RE Satureius 1; MRR1 attestations 133 BCE to 133 BCE (n=1); floruit derived: earliest attestation - 40 and latest + 5
dprr:saufeius-1,person,Saufeius,,Roman magistrate; offices: tribune of the plebs,alive,-130,-85,low,RE Saufeius 1; MRR2 attestations 91 BCE to 91 BCE (n=1); floruit derived: earliest attestation - 40 and latest + 5
dprr:saufeius-3,person,Gaius Saufeius,,Roman magistrate; offices: quaestor,alive,-138,-93,low,RE Saufeius 3; MRR2 attestations 99 BCE to 99 BCE (n=1); floruit derived: earliest attestation - 40 and latest + 5
dprr:scaevola-14,person,Gaius Scaevola,,Roman magistrate; offices: quindecimvir,alive,-70,-25,low,RE Scaevola 14; MRR2 attestations 31 BCE to 31 BCE (n=1); floruit derived: earliest attestation - 40 and latest + 5
dprr:scaevola-23,person,Scaevola,,Roman magistrate; offices: augur,alive,-89,-44,low,RE Scaevola 23; MRR2 attestations 50 BCE to 50 BCE (n=1); floruit derived: earliest attestation - 40 and latest + 5
dprr:scaevola-7,person,Scaevola,,Roman magistrate; offices: military tribune,alive,-525,-480,low,RE Scaevola 7; MRR1 attestations 486 BCE to 486 BCE (n=1); floruit derived: earliest attestation - 40 and latest + 5
dprr:scantinius-2,person,Publius Scantinius,,Roman magistrate; offices: pontifex,alive,-255,-210,low,RE Scantinius 2; MRR1 attestations 216 BCE to 216 BCE (n=1); floruit derived: earliest attestation - 40 and latest + 5
dprr:scantinius-3,person,Gaius Scantinius Capitolinus,,Roman magistrate; offices: aedile,alive,-265,-220,low,RE Scantinius 3; MRR1 attestations 226 BCE to 226 BCE (n=1); floruit derived: earliest attestation - 40 and latest + 5
dprr:scantius-1,person,Marcus Scantius,,Roman magistrate; offices: tribune of the plebs,alive,-332,-287,low,RE Scantius 1; MRR1 attestations 293 BCE to 293 BCE (n=1); floruit derived: earliest attestation - 40 and latest + 5
dprr:scantius-2,person,Marcus Scantius Scantinius,,Roman magistrate; offices: tribune of the plebs,alive,-188,-143,low,RE Scantius 2; MRR1 attestations 149 BCE to 149 BCE (n=1); floruit derived: earliest attestation - 40 and latest + 5
dprr:scaptius-1,person,Marcus Scaptius,,Roman magistrate; offices: prefect,alive,-91,-46,low,RE Scaptius 1; MRR2 attestations 52 BCE to 52 BCE (n=1); floruit derived: earliest attestation - 40 and latest + 5
dprr:scaptius-2,person,Marcus Scaptius,M. Scaptius (2),Roman magistrate; offices: prefect; military tribune,alive,-89,-44,low,RE Scaptius 2; MRR2 attestations 50 BCE to 50 BCE (n=1); floruit derived: earliest attestation - 40 and latest + 5
dprr:scinius-14,person,Titus Scinius,,Roman magistrate; offices: tribune of the plebs,alive,-434,-389,low,RE Scinius 14; MRR1 attestations 395 BCE to 395 BCE (n=1); floruit derived: earliest attestation - 40 and latest + 5
dprr:scipio-330,person,Publius Scipio,,Roman magistrate; offices: promagistrate,alive,-257,-209,medium,RE Scipio 330; MRR1 attestations 218 BCE to 215 BCE (n=2); floruit derived: earliest attestation - 40 and latest + 5
dprr:scipio-343,person,Scipio,,Roman magistrate; offices: legate,alive,-337,-291,medium,RE Scipio 343; MRR1 attestations 298 BCE to 297 BCE (n=2); floruit derived: earliest attestation - 40 and latest + 5
dprr:scipio-345,person,Gnaeus Scipio,,Roman magistrate; offices: promagistrate,alive,-261,-209,medium,RE Scipio 345; MRR1 attestations 222 BCE to 215 BCE (n=2); floruit derived: earliest attestation - 40 and latest + 5
dprr:scipio-353,person,Scipio Nasica,,Roman magistrate; offices: ambassador,alive,-204,-146,medium,RE Scipio 353; MRR1 attestations 165 BCE to 152 BCE (n=4); floruit derived: earliest attestation - 40 and latest + 5
dprr:scribonius-10,person,Gaius Scribonius Curio,? C. Scribonius Curio (10)|C. Scribonius C. f. - n. Curio (10)|Ca. 60-53: C. Scribonius Curio (10),Roman magistrate; offices: consul; praetor; tribune of the plebs,alive,-129,-47,high,RE Scribonius 10; MRR2 attestations 90 BCE to 53 BCE (n=14); floruit derived: earliest attestation - 40 and latest + 5
dprr:scribonius-11,person,Gaius Scribonius Curio,53?-49: C. Scribonius Curio (11)|? C. Scribonius Curio (11),Roman magistrate; offices: tribune of the plebs; quaestor; promagistrate,alive,-93,-43,medium,RE Scribonius 11; MRR2 attestations 54 BCE to 49 BCE (n=6); floruit derived: earliest attestation - 40 and latest + 5
dprr:scribonius-16,person,Lucius Scribonius Libo,,Roman magistrate; offices: praetor; tribune of the plebs; triumvir,alive,-255,-198,medium,RE Scribonius 16; MRR1 attestations 216 BCE to 204 BCE (n=2); floruit derived: earliest attestation - 40 and latest + 5
dprr:scribonius-17,person,Lucius Scribonius Libo,,Roman magistrate; offices: praetor; aedile; triumvir,alive,-233,-180,medium,RE Scribonius 17; MRR1 attestations 194 BCE to 186 BCE (n=3); floruit derived: earliest attestation - 40 and latest + 5
dprr:scribonius-18,person,Lucius Scribonius Libo,,Roman magistrate; offices: tribune of the plebs,alive,-188,-143,low,RE Scribonius 18; MRR1 attestations 149 BCE to 149 BCE (n=1); floruit derived: earliest attestation - 40 and latest + 5
dprr:scribonius-20,person,Lucius Scribonius Libo,? L. Scribonius Libo (20)|L. Scribonius L. f. - n. Libo (20),Roman magistrate; offices: consul; praetor; legate,alive,-89,-25,high,RE Scribonius 20; MRR2 attestations 50 BCE to 31 BCE (n=6); floruit derived: earliest attestation - 40 and latest + 5
dprr:scribonius-4,person,Gaius Scribonius,,Roman magistrate; offices: prefect,alive,-220,-175,low,RE Scribonius 4; MRR1 attestations 181 BCE to 181 BCE (n=1); floruit derived: earliest attestation - 40 and latest + 5
dprr:scribonius-8,person,Gaius Scribonius Curio,C. Scribonius (Curio) (8),Roman magistrate; offices: praetor; aedile; curio maximus,alive,-235,-168,high,RE Scribonius 8; MRR1 attestations 196 BCE to 174 BCE (n=3); floruit derived: earliest attestation - 40 and latest + 5
dprr:scribonius-9,person,Gaius Scribonius Curio,,Roman magistrate; offices: praetor,alive,-160,-115,low,RE Scribonius 9; MRR1 attestations 121 BCE to 121 BCE (n=1); floruit derived: earliest attestation - 40 and latest + 5
dprr:seius-3,person,Marcus Seius,,Roman magistrate; offices: aedile,alive,-113,-68,low,RE Seius 3; MRR2 attestations 74 BCE to 74 BCE (n=1); floruit derived: earliest attestation - 40 and latest + 5
dprr:sempronius-11,person,Publius Sempronius,,Roman magistrate; offices: prefect,alive,-233,-188,low,RE Sempronius 11; MRR1 attestations 194 BCE to 194 BCE (n=1); floruit derived: earliest attestation - 40 and latest + 5
dprr:sempronius-12,person,Tiberius Sempronius,,Roman magistrate; offices: tribune of the plebs,alive,-206,-161,low,RE Sempronius 12; MRR1 attestations 167 BCE to 167 BCE (n=1); floruit derived: earliest attestation - 40 and latest + 5
dprr:sempronius-16,person,Sempronius Asellio,,Roman magistrate; offices: military tribune,alive,-173,-127,medium,RE Sempronius 16; MRR1 attestations 134 BCE to 133 BCE (n=2); floruit derived: earliest attestation - 40 and latest + 5
dprr:sempronius-17,person,Aulus Sempronius Asellio,,Roman magistrate; offices: praetor,alive,-128,-83,low,RE Sempronius 17; MRR2 attestations 89 BCE to 89 BCE (n=1); floruit derived: earliest attestation - 40 and latest + 5
dprr:sempronius-18,person,Lucius Sempronius,,Roman magistrate; offices: decemvir,alive,-130,-83,medium,RE Sempronius 18; MRR2 attestations 91 BCE to 89 BCE (n=2); floruit derived: earliest attestation - 40 and latest + 5
dprr:sempronius-195,person,Marcus Sempronius Tuditanus,,Roman magistrate; offices: pontifex,alive,-228,-168,high,RE Sempronius 195; MRR1 attestations 189 BCE to 174 BCE (n=5); floruit derived: earliest attestation - 40 and latest + 5
dprr:sempronius-20,person,Aulus Sempronius Atratinus,A. Sempronius - f. - n. Atratinus Pat. (20)|? A. Sempronius Atratinus Pat. (20),Roman magistrate; offices: consul; legate; prefect,alive,-538,-476,high,RE Sempronius 20; MRR1 attestations 499 BCE to 482 BCE (n=6); floruit derived: earliest attestation - 40 and latest + 5
dprr:sempronius-21,person,Aulus Sempronius Atratinus,,Roman magistrate; offices: consul,alive,-483,-438,low,RE Sempronius 21; MRR1 attestations 444 BCE to 444 BCE (n=1); floruit derived: earliest attestation - 40 and latest + 5
dprr:sempronius-22,person,Aulus Sempronius Atratinus,,Roman magistrate; offices: consul,alive,-467,-410,medium,RE Sempronius 22; MRR1 attestations 428 BCE to 416 BCE (n=4); floruit derived: earliest attestation - 40 and latest + 5
dprr:sempronius-222,person,Aulus Sempronius,,Roman magistrate; offices: consul,alive,-467,-422,low,RE Sempronius 222; MRR1 attestations 428 BCE to 428 BCE (n=1); floruit derived: earliest attestation - 40 and latest + 5
dprr:sempronius-23,person,Aulus Sempronius Atratinus,,Roman magistrate; offices: master of horse,alive,-419,-374,low,RE Sempronius 23; MRR1 attestations 380 BCE to 380 BCE (n=1); floruit derived: earliest attestation - 40 and latest + 5
dprr:sempronius-24,person,Gaius Sempronius Atratinus,,Roman magistrate; offices: consul,alive,-462,-417,low,RE Sempronius 24; MRR1 attestations 423 BCE to 423 BCE (n=1); floruit derived: earliest attestation - 40 and latest + 5
dprr:sempronius-25,person,Lucius Sempronius Atratinus,L. Sempronius A. f. - n. Atratinus Pat. (25),Roman magistrate; offices: consul; censor,alive,-483,-437,medium,RE Sempronius 25; MRR1 attestations 444 BCE to 443 BCE (n=2); floruit derived: earliest attestation - 40 and latest + 5
dprr:sempronius-26,person,Lucius Sempronius Atratinus,40-7 A. D.: L. Sempronius Atratinus (26)|? L. Sempronius Atratinus (26)|L. Sempronius L. f. L. n. Atratinus (26),Roman magistrate; offices: consul; praetor; promagistrate,alive,-79,12,high,RE Sempronius 26; MRR2 attestations 40 BCE to 7 CE (n=6); floruit derived: earliest attestation - 40 and latest + 5
dprr:sempronius-28,person,Gaius Sempronius Blaesus,,Roman magistrate; offices: consul,alive,-292,-238,medium,RE Sempronius 28; MRR1 attestations 253 BCE to 244 BCE (n=2); floruit derived: earliest attestation - 40 and latest + 5
dprr:sempronius-29,person,Gaius Sempronius Blaesus,,Roman magistrate; offices: tribune of the plebs; legate,alive,-250,-204,medium,RE Sempronius 29; MRR1 attestations 211 BCE to 210 BCE (n=2); floruit derived: earliest attestation - 40 and latest + 5
dprr:sempronius-30,person,Gaius Sempronius Blaesus,,Roman magistrate; offices: praetor; aedile; ambassador,alive,-226,-164,high,RE Sempronius 30; MRR1 attestations 187 BCE to 170 BCE (n=3); floruit derived: earliest attestation - 40 and latest + 5
dprr:sempronius-31,person,Publius Sempronius Blaesus,,Roman magistrate; offices: tribune of the plebs,alive,-230,-185,low,RE Sempronius 31; MRR1 attestations 191 BCE to 191 BCE (n=1); floruit derived: earliest attestation - 40 and latest + 5
dprr:sempronius-32,person,Tiberius Sempronius Blaesus,,Roman magistrate; offices: quaestor,alive,-256,-211,low,RE Sempronius 32; MRR1 attestations 217 BCE to 217 BCE (n=1); floruit derived: earliest attestation - 40 and latest + 5
dprr:sempronius-47,person,Gaius Sempronius Gracchus,? C. Sempronius Gracchus (47),Roman magistrate; offices: tribune of the plebs; quaestor; promagistrate,alive,-173,-115,medium,RE Sempronius 47; MRR1 attestations 134 BCE to 121 BCE (n=14); floruit derived: earliest attestation - 40 and latest + 5
dprr:sempronius-49,person,Publius Sempronius Gracchus,,Roman magistrate; offices: tribune of the plebs,alive,-228,-183,low,RE Sempronius 49; MRR1 attestations 189 BCE to 189 BCE (n=1); floruit derived: earliest attestation - 40 and latest + 5
dprr:sempronius-50,person,Tiberius Sempronius Gracchus,Ti. Sempronius (Gracchus) (50),Roman magistrate; offices: consul; aedile,alive,-285,-232,medium,RE Sempronius 50; MRR1 attestations 246 BCE to 238 BCE (n=2); floruit derived: earliest attestation - 40 and latest + 5
dprr:sempronius-51,person,Tiberius Sempronius Gracchus,Ti. Sempronius Gracchus (51),Roman magistrate; offices: master of horse; consul; aedile,alive,-255,-206,medium,RE Sempronius 51; MRR1 attestations 216 BCE to 212 BCE (n=5); floruit derived: earliest attestation - 40 and latest + 5
dprr:sempronius-52,person,Tiberius Sempronius Gracchus,210 or 204-174: Ti. Sempronius Gracchus (52; cf. 53),Roman magistrate; offices: augur,alive,-249,-157,high,RE Sempronius 52; MRR1 attestations 210 BCE to 163 BCE (n=6); floruit derived: earliest attestation - 40 and latest + 5
dprr:sempronius-53,person,Tiberius Sempronius Gracchus,Ti. Sempronius P. f. Ti. n. Gracchus (53)|Ti. Sempronius (Gracchus ?) (53)|Ti. Sempronius P. f. Ti. n. Gracchus (53) Cos. 177; 163; Pr. 180 Augur 204- - -? (see 174; notes 4 and 5),Roman magistrate; offices: consul; censor; praetor,alive,-243,-156,high,RE Sempronius 53; MRR1 attestations 204 BCE to 162 BCE (n=16); floruit derived: earliest attestation - 40 and latest + 5
dprr:sempronius-54,person,Tiberius Sempronius Gracchus,? Ti. Sempronius Gracchus (54)|?- 133: Ti. Sempronius Gracchus (54),Roman magistrate; offices: tribune of the plebs; quaestor; triumvir,alive,-186,-127,medium,RE Sempronius 54; MRR1 attestations 147 BCE to 133 BCE (n=4); floruit derived: earliest attestation - 40 and latest + 5
dprr:sempronius-60,person,Titus Sempronius Gracchus,,Roman magistrate; offices: prefect,alive,-235,-190,low,RE Sempronius 60; MRR1 attestations 196 BCE to 196 BCE (n=1); floruit derived: earliest attestation - 40 and latest + 5
dprr:sempronius-63,person,Gaius Sempronius Longus,,Roman magistrate; offices: decemvir,alive,-213,-168,low,RE Sempronius 63; MRR1 attestations 174 BCE to 174 BCE (n=1); floruit derived: earliest attestation - 40 and latest + 5
dprr:sempronius-65,person,Publius Sempronius Longus,,Roman magistrate; offices: praetor; promagistrate,alive,-223,-176,medium,RE Sempronius 65; MRR1 attestations 184 BCE to 182 BCE (n=3); floruit derived: earliest attestation - 40 and latest + 5
dprr:sempronius-66,person,Tiberius Sempronius Longus,? Ti. Sempronius Longus (66)|?- 210: Tr. Sempronius C. f. Longus (66),Roman magistrate; offices: consul; decemvir; legate,alive,-257,-204,medium,RE Sempronius 66; MRR1 attestations 218 BCE to 210 BCE (n=3); floruit derived: earliest attestation - 40 and latest + 5
dprr:sempronius-67,person,Tiberius Sempronius Longus,Ti. Sempronius Ti. f. C. n. Longus (67)|210 or 204-174: Ti. Sempronius Longus (67)|210-174: Ti. Sempronius Longus (67)|? Ti. Sempronius Longus (67)|T. Sempronius Longus (67),Roman magistrate; offices: consul; praetor; aedile,alive,-250,-168,high,RE Sempronius 67; MRR1 attestations 211 BCE to 174 BCE (n=13); floruit derived: earliest attestation - 40 and latest + 5
dprr:sempronius-72,person,Titus Sempronius Musca,,Roman magistrate; offices: quinquevir,alive,-207,-162,low,RE Sempronius 72; MRR1 attestations 168 BCE to 168 BCE (n=1); floruit derived: earliest attestation - 40 and latest + 5
dprr:sempronius-81,person,Gaius Sempronius Rutilus,,Roman magistrate; offices: tribune of the plebs,alive,-228,-183,low,RE Sempronius 81; MRR1 attestations 189 BCE to 189 BCE (n=1); floruit derived: earliest attestation - 40 and latest + 5
dprr:sempronius-82,person,Marcus Sempronius Rutilius,,Roman magistrate; offices: legate,alive,-91,-46,low,RE Sempronius 82; MRR2 attestations 52 BCE to 52 BCE (n=1); floruit derived: earliest attestation - 40 and latest + 5
dprr:sempronius-85,person,Publius Sempronius Sophus,300- ?: P. Sempronius Sophus (85)|P. Sempronius (Sophus ?) (85)|P. Sempronius (Sophus) (85),Roman magistrate; offices: consul; censor; praetor,alive,-349,-290,medium,RE Sempronius 85; MRR1 attestations 310 BCE to 296 BCE (n=4); floruit derived: earliest attestation - 40 and latest + 5
dprr:sempronius-86,person,Publius Sempronius Sophus,,Roman magistrate; offices: consul; censor,alive,-307,-246,medium,RE Sempronius 86; MRR1 attestations 268 BCE to 252 BCE (n=2); floruit derived: earliest attestation - 40 and latest + 5
dprr:sempronius-90,person,Gaius Sempronius Tuditanus,?- 196: C. Sempronius Tuditanus (90),Roman magistrate; offices: praetor; aedile; promagistrate,alive,-237,-190,medium,RE Sempronius 90; MRR1 attestations 198 BCE to 196 BCE (n=3); floruit derived: earliest attestation - 40 and latest + 5
dprr:sempronius-91,person,Gaius Sempronius Tuditanus,C. Sempronius Tuditanus (91),Roman magistrate; offices: praetor; ambassador,alive,-186,-140,medium,RE Sempronius 91; MRR1 attestations 147 BCE to 146 BCE (n=2); floruit derived: earliest attestation - 40 and latest + 5
dprr:sempronius-92,person,Gaius Sempronius Tuditanus,? C. Sempronius Tuditanus (92)|C. Sempronius C. f. C. n. Tuditanus (92),Roman magistrate; offices: consul; praetor; aedile,alive,-184,-123,high,RE Sempronius 92; MRR1 attestations 145 BCE to 129 BCE (n=4); floruit derived: earliest attestation - 40 and latest + 5
dprr:sempronius-93,person,Marcus Sempronius Tuditanus,,Roman magistrate; offices: censor,alive,-279,-224,medium,RE Sempronius 93; MRR1 attestations 240 BCE to 230 BCE (n=2); floruit derived: earliest attestation - 40 and latest + 5
dprr:sempronius-94,person,Marcus Sempronius Tuditanus,,Roman magistrate; offices: military tribune,alive,-248,-203,low,RE Sempronius 94; MRR1 attestations 209 BCE to 209 BCE (n=1); floruit derived: earliest attestation - 40 and latest + 5
dprr:sempronius-95,person,Marcus Sempronius Tuditanus,M. Sempronius (Tuditanus) (95)|183-174: M. Sempronius Tuditanus (95)|M. Sempronius M. f. C. n. Tuditanus (95),Roman magistrate; offices: consul; praetor; tribune of the plebs,alive,-232,-168,high,RE Sempronius 95; MRR1 attestations 193 BCE to 174 BCE (n=6); floruit derived: earliest attestation - 40 and latest + 5
dprr:sempronius-96,person,Publius Sempronius Tuditanus,P. Sempronius (Tuditanus) (96)|P. Sempronius C. f. C. n. Tuditanus (96),Roman magistrate; offices: consul; censor; praetor,alive,-255,-194,high,RE Sempronius 96; MRR1 attestations 216 BCE to 200 BCE (n=11); floruit derived: earliest attestation - 40 and latest + 5
dprr:sentius-3,person,Gaius Sentius,C. Sentius C. f. (3),Roman magistrate; offices: praetor; promagistrate,alive,-133,-81,medium,RE Sentius 3; MRR2 attestations 94 BCE to 87 BCE (n=8); floruit derived: earliest attestation - 40 and latest + 5
dprr:sentius-9,person,Sentius Saturninus Vetulo,,Roman magistrate; offices: envoy,alive,-79,-34,low,RE Sentius 9; MRR2 attestations 40 BCE to 40 BCE (n=1); floruit derived: earliest attestation - 40 and latest + 5
dprr:septimius-7,person,Gaius Septimius,,Roman magistrate; offices: praetor; promagistrate,alive,-96,-50,medium,RE Septimius 7; MRR2 attestations 57 BCE to 56 BCE (n=2); floruit derived: earliest attestation - 40 and latest + 5
dprr:septimius-9,person,Lucius Septimius,,Roman magistrate; offices: military tribune,alive,-106,-42,medium,RE Septimius 9; MRR2 attestations 67 BCE to 48 BCE (n=2); floruit derived: earliest attestation - 40 and latest + 5
dprr:septimus-7,person,Gaius Septimus,,Roman magistrate; offices: quindecimvir,alive,-96,-45,medium,RE Septimus 7; MRR2 attestations 57 BCE to 51 BCE (n=2); floruit derived: earliest attestation - 40 and latest + 5
dprr:sergius-11,person,Lucius Sergius,,Roman magistrate; offices: envoy,alive,-242,-197,low,RE Sergius 11; MRR1 attestations 203 BCE to 203 BCE (n=1); floruit derived: earliest attestation - 40 and latest + 5
dprr:sergius-16,person,Manius Sergius,,Roman magistrate; offices: ambassador,alive,-203,-158,low,RE Sergius 16; MRR1 attestations 164 BCE to 164 BCE (n=1); floruit derived: earliest attestation - 40 and latest + 5
dprr:sergius-17,person,Manius Sergius,,Roman magistrate; offices: promagistrate,alive,-149,-104,low,RE Sergius 17; MRR1 attestations 110 BCE to 110 BCE (n=1); floruit derived: earliest attestation - 40 and latest + 5
dprr:sergius-19,person,Marcus Sergius,,Roman magistrate; offices: military tribune,alive,-244,-199,low,RE Sergius 19; MRR1 attestations 205 BCE to 205 BCE (n=1); floruit derived: earliest attestation - 40 and latest + 5
dprr:sergius-23,person,Lucius Sergius Catilina,,Roman magistrate; offices: praetor; promagistrate; legate,alive,-121,-60,high,RE Sergius 23; MRR2 attestations 82 BCE to 66 BCE (n=4); floruit derived: earliest attestation - 40 and latest + 5
dprr:sergius-24,person,Marcus Sergius Esquilinus,,Roman magistrate; offices: consul,alive,-489,-443,medium,RE Sergius 24; MRR1 attestations 450 BCE to 449 BCE (n=2); floruit derived: earliest attestation - 40 and latest + 5
dprr:sergius-25,person,Lucius Sergius Fidenas,L. Sergius (Fidenas) Pat. (25),Roman magistrate; offices: consul; special commission,alive,-476,-412,high,RE Sergius 25; MRR1 attestations 437 BCE to 418 BCE (n=6); floruit derived: earliest attestation - 40 and latest + 5
dprr:sergius-26,person,Lucius Sergius Fidenas,L. Sergius (Fidenas) Pat. (26),Roman magistrate; offices: consul; ambassador,alive,-436,-388,medium,RE Sergius 26; MRR1 attestations 397 BCE to 394 BCE (n=2); floruit derived: earliest attestation - 40 and latest + 5
dprr:sergius-27,person,Manius Sergius Fidenas,,Roman magistrate; offices: consul,alive,-443,-396,medium,RE Sergius 27; MRR1 attestations 404 BCE to 402 BCE (n=2); floruit derived: earliest attestation - 40 and latest + 5
dprr:sergius-28,person,Gnaeus Sergius Fidenas Coxo,,Roman magistrate; offices: consul,alive,-426,-374,medium,RE Sergius 28; MRR1 attestations 387 BCE to 380 BCE (n=2); floruit derived: earliest attestation - 40 and latest + 5
dprr:sergius-36,person,Gaius Sergius Plautus,C. Sergius (Plautus) (36),Roman magistrate; offices: praetor; promagistrate,alive,-239,-193,medium,RE Sergius 36; MRR1 attestations 200 BCE to 199 BCE (n=2); floruit derived: earliest attestation - 40 and latest + 5
dprr:sergius-40,person,Marcus Sergius Silus,,Roman magistrate; offices: praetor,alive,-236,-191,low,RE Sergius 40; MRR1 attestations 197 BCE to 197 BCE (n=1); floruit derived: earliest attestation - 40 and latest + 5
dprr:sergius-41,person,Marcus Sergius Silus,,Roman magistrate; offices: legate,alive,-207,-162,low,RE Sergius 41; MRR1 attestations 168 BCE to 168 BCE (n=1); floruit derived: earliest attestation - 40 and latest + 5
dprr:sergius-42,person,Marcus Sergius Silus,,Roman magistrate; offices: quaestor,alive,-133,-88,low,RE Sergius 42; MRR2 attestations 94 BCE to 94 BCE (n=1); floruit derived: earliest attestation - 40 and latest + 5
dprr:serranus-69,person,Serranus,,Roman magistrate; offices: legate,alive,-186,-130,medium,RE Serranus 69; MRR1 attestations 147 BCE to 136 BCE (n=2); floruit derived: earliest attestation - 40 and latest + 5
dprr:sertorius-3,person,Quintus Sertorius,Sertorius (3)|? Q. Sertorius (3),Roman magistrate; offices: praetor; quaestor; promagistrate,alive,-136,-66,high,RE Sertorius 3; MRR2 attestations 97 BCE to 72 BCE (n=19); floruit derived: earliest attestation - 40 and latest + 5
dprr:servilius-12,person,Gaius Servilius,C. ? Servilius (12; cf. 11),Roman magistrate; offices: praetor; augur,alive,-141,-95,medium,RE Servilius 12; MRR1 attestations 102 BCE to 101 BCE (n=2); floruit derived: earliest attestation - 40 and latest + 5
dprr:servilius-18,person,Marcus Servilius,,Roman magistrate; offices: pontifex; military tribune,alive,-220,-164,medium,RE Servilius 18; MRR1 attestations 181 BCE to 170 BCE (n=2); floruit derived: earliest attestation - 40 and latest + 5
dprr:servilius-21,person,Marcus Servilius,,Roman magistrate; offices: tribune of the plebs; legate,alive,-82,-36,medium,RE Servilius 21; MRR2 attestations 43 BCE to 42 BCE (n=2); floruit derived: earliest attestation - 40 and latest + 5
dprr:servilius-23,person,Publius Servilius,,Roman magistrate; offices: decemvir,alive,-240,-194,medium,RE Servilius 23; MRR1 attestations 201 BCE to 200 BCE (n=2); floruit derived: earliest attestation - 40 and latest + 5
dprr:servilius-27,person,Quintus Servilius Priscus Structus,,Roman magistrate; offices: master of horse,alive,-533,-488,low,RE Servilius 27; MRR1 attestations 494 BCE to 494 BCE (n=1); floruit derived: earliest attestation - 40 and latest + 5
dprr:servilius-28,person,Quintus Servilius,,Roman magistrate; offices: quaestor,alive,-507,-453,medium,RE Servilius 28; MRR1 attestations 468 BCE to 459 BCE (n=3); floruit derived: earliest attestation - 40 and latest + 5
dprr:servilius-29,person,Quintus Servilius,? Q. Servilius Pat.? (29),Roman magistrate; offices: praetor; promagistrate,alive,-130,-84,medium,RE Servilius 29; MRR2 attestations 91 BCE to 90 BCE (n=2); floruit derived: earliest attestation - 40 and latest + 5
dprr:servilius-3,person,Servilius,,Roman magistrate; offices: praetor,alive,-127,-82,low,RE Servilius 3; MRR2 attestations 88 BCE to 88 BCE (n=1); floruit derived: earliest attestation - 40 and latest + 5
dprr:servilius-32,person,Gaius Servilius Ahala,,Roman magistrate; offices: master of horse,alive,-478,-433,low,RE Servilius 32; MRR1 attestations 439 BCE to 439 BCE (n=1); floruit derived: earliest attestation - 40 and latest + 5
dprr:servilius-33,person,Gaius Servilius Ahala,? C. Servilius Ahala Pat. (33),Roman magistrate; offices: master of horse; consul; legate,alive,-447,-396,medium,RE Servilius 33; MRR1 attestations 408 BCE to 402 BCE (n=4); floruit derived: earliest attestation - 40 and latest + 5
dprr:servilius-34,person,Gaius Servilius Ahala,,Roman magistrate; offices: master of horse,alive,-428,-383,low,RE Servilius 34; MRR1 attestations 389 BCE to 389 BCE (n=1); floruit derived: earliest attestation - 40 and latest + 5
dprr:servilius-35,person,Quintus Servilius Ahala,Q. Servilius Ahala Pat. (35),Roman magistrate; offices: dictator; master of horse; consul,alive,-404,-336,high,RE Servilius 35; MRR1 attestations 365 BCE to 342 BCE (n=6); floruit derived: earliest attestation - 40 and latest + 5
dprr:servilius-37,person,Gaius Servilius Axilla,C. Servilius - f. - n. Structus Ahala Pat. (37)|C. Servilius Q. f. C. n. Axilla (or Structus) Pat. (37),Roman magistrate; offices: master of horse; consul,alive,-466,-411,medium,RE Servilius 37; MRR1 attestations 427 BCE to 417 BCE (n=4); floruit derived: earliest attestation - 40 and latest + 5
dprr:servilius-39,person,Gaius Servilius Brocchus,,Roman magistrate; offices: military tribune,alive,-88,-43,low,RE Servilius 39; MRR2 attestations 49 BCE to 49 BCE (n=1); floruit derived: earliest attestation - 40 and latest + 5
dprr:servilius-4,person,Servilius,(M.) Servilius (C. f.) (4;19)|(P.) Servilius (Vatia Isauricus) (4; 93),Roman magistrate; offices: legate,alive,-129,-73,medium,RE Servilius 4; MRR2 attestations 90 BCE to 79 BCE (n=4); floruit derived: earliest attestation - 40 and latest + 5
dprr:servilius-43,person,Gnaeus Servilius Caepio,,Roman magistrate; offices: consul,alive,-292,-247,low,RE Servilius 43; MRR1 attestations 253 BCE to 253 BCE (n=1); floruit derived: earliest attestation - 40 and latest + 5
dprr:servilius-44,person,Gnaeus Servilius Caepio,Cn. Servilius Cn. f. Cn. n. Caepio (44)|213-174: Cn. Servilius Caepio Pat. (44)|Cn. Servilius (Caepio) Pat. (44)|Cn. Servilius Cn. f. Cn. n. Caepio Pat. (44),Roman magistrate; offices: consul; aedile; ambassador,alive,-252,-168,high,RE Servilius 44; MRR1 attestations 213 BCE to 174 BCE (n=9); floruit derived: earliest attestation - 40 and latest + 5
dprr:servilius-45,person,Gnaeus Servilius Caepio,Cn. Servilius Cn. f. Cn. n. Caepio Pat. (45),Roman magistrate; offices: consul; praetor; aedile,alive,-218,-162,medium,RE Servilius 45; MRR1 attestations 179 BCE to 168 BCE (n=6); floruit derived: earliest attestation - 40 and latest + 5
dprr:servilius-46,person,Gnaeus Servilius Caepio,? Cn. Servilius Caepio Pat. (46),Roman magistrate; offices: consul; censor; praetor,alive,-183,-118,high,RE Servilius 46; MRR1 attestations 144 BCE to 124 BCE (n=4); floruit derived: earliest attestation - 40 and latest + 5
dprr:servilius-47,person,Gnaeus Servilius Caepio,,Roman magistrate; offices: quaestor,alive,-144,-99,low,RE Servilius 47; MRR1 attestations 105 BCE to 105 BCE (n=1); floruit derived: earliest attestation - 40 and latest + 5
dprr:servilius-48,person,Quintus Servilius Caepio,Q. Servilius Caepio Pat. (48)|Q. Servilius Cn. f. Cn. n. Caepio Pat. (48),Roman magistrate; offices: consul; praetor; promagistrate,alive,-182,-133,medium,RE Servilius 48; MRR1 attestations 143 BCE to 139 BCE (n=3); floruit derived: earliest attestation - 40 and latest + 5
dprr:servilius-49,person,Quintus Servilius Caepio,Q. Servilius Cn. f. Cn. n. Caepio Pat. (49),Roman magistrate; offices: consul; praetor; promagistrate,alive,-148,-99,medium,RE Servilius 49; MRR1 attestations 109 BCE to 105 BCE (n=5); floruit derived: earliest attestation - 40 and latest + 5
dprr:servilius-5,person,Servilius,,Roman magistrate; offices: prefect,alive,-104,-59,low,RE Servilius 5; MRR2 attestations 65 BCE to 65 BCE (n=1); floruit derived: earliest attestation - 40 and latest + 5
dprr:servilius-50,person,Quintus Servilius Caepio,? Q. Servilius Caepio Pat. (50),Roman magistrate; offices: praetor; quaestor; promagistrate,alive,-139,-84,medium,RE Servilius 50; MRR1+MRR2 attestations 100 BCE to 90 BCE (n=3); floruit derived: earliest attestation - 40 and latest + 5
dprr:servilius-51,person,Gaius Servilius Casca,,Roman magistrate; offices: tribune of the plebs,alive,-251,-206,low,RE Servilius 51; MRR1 attestations 212 BCE to 212 BCE (n=1); floruit derived: earliest attestation - 40 and latest + 5
dprr:servilius-53,person,Publius Servilius Casca Longus,,Roman magistrate; offices: tribune of the plebs; legate,alive,-82,-36,medium,RE Servilius 53; MRR2 attestations 43 BCE to 42 BCE (n=2); floruit derived: earliest attestation - 40 and latest + 5
dprr:servilius-56,person,Quintus Servilius Fidenas,Q. Servilius Fidenas Pat. (56),Roman magistrate; offices: consul; interrex,alive,-441,-380,high,RE Servilius 56; MRR1 attestations 402 BCE to 386 BCE (n=7); floruit derived: earliest attestation - 40 and latest + 5
dprr:servilius-57,person,Quintus Servilius Fidenas,? P. Servilius (Isauricus) (57),Roman magistrate; offices: consul; quaestor,alive,-421,-35,high,RE Servilius 57; MRR1+MRR2 attestations 382 BCE to 41 BCE (n=7); floruit derived: earliest attestation - 40 and latest + 5
dprr:servilius-59,person,Gaius Servilius,,Roman magistrate; offices: triumvir,alive,-257,-212,low,RE Servilius 59; MRR1 attestations 218 BCE to 218 BCE (n=1); floruit derived: earliest attestation - 40 and latest + 5
dprr:servilius-60,person,Gaius Servilius,C. Servilius Geminus (60)|C. Servilius C. f. P. n. (Geminus) (60)|210-180: C. Servilius Geminus (60)|? C. Servilius Geminus (60)|?- 180: C. Servilius Geminus (60),Roman magistrate; offices: dictator; master of horse; consul,alive,-251,-174,high,RE Servilius 60; MRR1 attestations 212 BCE to 180 BCE (n=13); floruit derived: earliest attestation - 40 and latest + 5
dprr:servilius-61,person,Gnaeus Servilius Geminus,Cn. Servilius Geminus Pat. (61),Roman magistrate; offices: consul; promagistrate,alive,-256,-210,medium,RE Servilius 61; MRR1 attestations 217 BCE to 216 BCE (n=2); floruit derived: earliest attestation - 40 and latest + 5
dprr:servilius-62,person,Publius Servilius Geminus,,Roman magistrate; offices: consul,alive,-291,-242,medium,RE Servilius 62; MRR1 attestations 252 BCE to 248 BCE (n=2); floruit derived: earliest attestation - 40 and latest + 5
dprr:servilius-64,person,Servilius Glaucia,,Roman magistrate; offices: ambassador,alive,-201,-156,low,RE Servilius 64; MRR1 attestations 162 BCE to 162 BCE (n=1); floruit derived: earliest attestation - 40 and latest + 5
dprr:servilius-65,person,Gaius Servilius Glaucia,C. Servilius Glaucia (65),Roman magistrate; offices: praetor; tribune of the plebs; quaestor,alive,-148,-94,medium,RE Servilius 65; MRR1 attestations 109 BCE to 100 BCE (n=3); floruit derived: earliest attestation - 40 and latest + 5
dprr:servilius-66,person,Publius Servilius Globulus,P. Servilius Globutus (66),Roman magistrate; offices: praetor; tribune of the plebs; promagistrate,alive,-106,-57,medium,RE Servilius 66; MRR2 attestations 67 BCE to 63 BCE (n=3); floruit derived: earliest attestation - 40 and latest + 5
dprr:servilius-67,person,Publius Servilius Isauricus,? P. Servilius Isauricus (67)|Before 47-ca. 40: P. Servilius Isauricus (67)|P. Servilius P. f. C. n. (Vatia) Isauricus (67)|P. Servilius P. f. C. n. Isauricus (67),Roman magistrate; offices: consul; praetor; promagistrate,alive,-93,-34,medium,RE Servilius 67; MRR2 attestations 54 BCE to 40 BCE (n=10); floruit derived: earliest attestation - 40 and latest + 5
dprr:servilius-73,person,Publius Servilius Priscus,,Roman magistrate; offices: consul,alive,-502,-457,low,RE Servilius 73; MRR1 attestations 463 BCE to 463 BCE (n=1); floruit derived: earliest attestation - 40 and latest + 5
dprr:servilius-74,person,Spurius Servilius Priscus,,Roman magistrate; offices: censor,alive,-417,-372,low,RE Servilius 74; MRR1 attestations 378 BCE to 378 BCE (n=1); floruit derived: earliest attestation - 40 and latest + 5
dprr:servilius-75,person,Quintus Servilius Priscus Fidenas,439-390: Q. ? Servilius P. f. (Sp. n. Priscus or Structus Fidenas ?) Pat. (75)|M. Servilius Pulex Geminus (75)|Q. Servilius (Priscus Fidenas) Pat. (75),Roman magistrate; offices: dictator; promagistrate; pontifex,alive,-478,-195,high,RE Servilius 75; MRR1 attestations 439 BCE to 201 BCE (n=7); floruit derived: earliest attestation - 40 and latest + 5
dprr:servilius-76,person,Publius Servilius Priscus Structus,P. Servilius P. f. (Priscus Structus) Pat. (76),Roman magistrate; offices: consul; envoy,alive,-534,-487,medium,RE Servilius 76; MRR1 attestations 495 BCE to 493 BCE (n=2); floruit derived: earliest attestation - 40 and latest + 5
dprr:servilius-77,person,Quintus Servilius Structus Priscus,Q. Servilius (Structus ? Priscus) Pat. (77)|Q. Servilius - f. - n. Priscus Pat. (77),Roman magistrate; offices: consul; prefect,alive,-507,-459,medium,RE Servilius 77; MRR1 attestations 468 BCE to 465 BCE (n=3); floruit derived: earliest attestation - 40 and latest + 5
dprr:servilius-78,person,Marcus Servilius Pulex Geminus,M. Servilius Pulex Geminus (78)|M. Servilius (Pulex Geminus) (78)|M. Servilius (Pulex) Geminus (78),Roman magistrate; offices: master of horse; consul; aedile,alive,-250,-173,high,RE Servilius 78; MRR1 attestations 211 BCE to 179 BCE (n=9); floruit derived: earliest attestation - 40 and latest + 5
dprr:servilius-80,person,Publius Servilius Rullus,,Roman magistrate; offices: tribune of the plebs,alive,-102,-57,low,RE Servilius 80; MRR2 attestations 63 BCE to 63 BCE (n=1); floruit derived: earliest attestation - 40 and latest + 5
dprr:servilius-81,person,Publius Servilius Rullus,,Roman magistrate; offices: prefect,alive,-79,-34,low,RE Servilius 81; MRR2 attestations 40 BCE to 40 BCE (n=1); floruit derived: earliest attestation - 40 and latest + 5
dprr:servilius-85,person,Spurius Servilius Structus,Sp. Servilius (Priscus Structus) Pat. (85),Roman magistrate; offices: consul; legate,alive,-515,-469,medium,RE Servilius 85; MRR1 attestations 476 BCE to 475 BCE (n=2); floruit derived: earliest attestation - 40 and latest + 5
dprr:servilius-86,person,Spurius Servilius Structus,,Roman magistrate; offices: consul,alive,-407,-362,low,RE Servilius 86; MRR1 attestations 368 BCE to 368 BCE (n=1); floruit derived: earliest attestation - 40 and latest + 5
dprr:servilius-87,person,Gaius Servilius Structus Ahala,,Roman magistrate; offices: consul,alive,-517,-472,low,RE Servilius 87; MRR1 attestations 478 BCE to 478 BCE (n=1); floruit derived: earliest attestation - 40 and latest + 5
dprr:servilius-88,person,Gaius Servilius Tucca,,Roman magistrate; offices: consul,alive,-323,-278,low,RE Servilius 88; MRR1 attestations 284 BCE to 284 BCE (n=1); floruit derived: earliest attestation - 40 and latest + 5
dprr:servilius-9,person,Gaius Servilius,,Roman magistrate; offices: aedile,alive,-212,-167,low,RE Servilius 9; MRR1 attestations 173 BCE to 173 BCE (n=1); floruit derived: earliest attestation - 40 and latest + 5
dprr:servilius-93,person,Publius Servilius Vatia,P. Servilius Vatia Isauricus (93)|? P. Servilius Vatia (Isauricus) (93)|Bef. 76-44: P. Servilius Vatia Isauricus (93)|P. Servilius C. f. M. n. Vatia (Isauricus) (93)|P. Servilius C. f. M. n. Vatia Isauricus (93),Roman magistrate; offices: consul; censor; praetor,alive,-137,-38,high,RE Servilius 93; MRR2 attestations 98 BCE to 44 BCE (n=14); floruit derived: earliest attestation - 40 and latest + 5
dprr:sestius-10,person,Lucius Sestius Pansa,,Roman magistrate; offices: quaestor,alive,-93,-48,low,RE Sestius 10; MRR2 attestations 54 BCE to 54 BCE (n=1); floruit derived: earliest attestation - 40 and latest + 5
dprr:sestius-2,person,Lucius Sestius,L. Sestius (2),Roman magistrate; offices: tribune of the plebs; quaestor,alive,-130,-17,high,RE Sestius 2; MRR2 attestations 91 BCE to 23 BCE (n=3); floruit derived: earliest attestation - 40 and latest + 5
dprr:sestius-3,person,Lucius Sestius,L. Sestius (Quirinus) Pat. (3),Roman magistrate; offices: promagistrate,alive,-82,-17,high,RE Sestius 3; MRR2 attestations 43 BCE to 23 BCE (n=3); floruit derived: earliest attestation - 40 and latest + 5
dprr:sestius-5,person,Publius Sextius,,Roman magistrate; offices: quaestor,alive,-453,-408,low,RE Sestius 5; MRR1 attestations 414 BCE to 414 BCE (n=1); floruit derived: earliest attestation - 40 and latest + 5
dprr:sestius-6,person,Publius Sestius,,Roman magistrate; offices: praetor; tribune of the plebs; quaestor,alive,-102,-42,high,RE Sestius 6; MRR2 attestations 63 BCE to 48 BCE (n=8); floruit derived: earliest attestation - 40 and latest + 5
dprr:sestius-9,person,Publius Sestius Vibi Capito Vaticanus,P. Sestius Q. f. Vibi n. Capito (Vaticanus ?) Pat. (9),Roman magistrate; offices: consul,alive,-491,-445,medium,RE Sestius 9; MRR1 attestations 452 BCE to 451 BCE (n=2); floruit derived: earliest attestation - 40 and latest + 5
dprr:sextilia-31,person,Sextilia,,Roman magistrate; offices: vestal virgin,alive,-312,-267,low,RE Sextilia 31; MRR1 attestations 273 BCE to 273 BCE (n=1); floruit derived: earliest attestation - 40 and latest + 5
dprr:sextilius-12,person,Publius Sextilius,P. Sextilius (12),Roman magistrate; offices: praetor; promagistrate,alive,-128,-81,medium,RE Sextilius 12; MRR2 attestations 89 BCE to 87 BCE (n=3); floruit derived: earliest attestation - 40 and latest + 5
dprr:sextilius-13,person,Publius Sextilius,,Roman magistrate; offices: quaestor,alive,-100,-55,low,RE Sextilius 13; MRR2 attestations 61 BCE to 61 BCE (n=1); floruit derived: earliest attestation - 40 and latest + 5
dprr:sextilius-2,person,Secilius,Secilius? (Sextilius 2; Selicius 1)|Sextilius (2),Roman magistrate; offices: legate; envoy,alive,-108,-62,medium,RE Sextilius 2; MRR2 attestations 69 BCE to 68 BCE (n=2); floruit derived: earliest attestation - 40 and latest + 5
dprr:sextilius-23,person,Gaius Sextilius Rufus,,Roman magistrate; offices: quaestor,alive,-86,-41,low,RE Sextilius 23; MRR2 attestations 47 BCE to 47 BCE (n=1); floruit derived: earliest attestation - 40 and latest + 5
dprr:sextilius-3,person,Sextilius,,Roman magistrate; offices: praetor,alive,-107,-62,low,RE Sextilius 3; MRR2 attestations 68 BCE to 68 BCE (n=1); floruit derived: earliest attestation - 40 and latest + 5
dprr:sextilius-6,person,Gaius Sextilius,,Roman magistrate; offices: consul,alive,-418,-373,low,RE Sextilius 6; MRR1 attestations 379 BCE to 379 BCE (n=1); floruit derived: earliest attestation - 40 and latest + 5
dprr:sextilius-8,person,Lucius Sextilius,,Roman magistrate; offices: triumvir,alive,-280,-235,low,RE Sextilius 8; MRR1 attestations 241 BCE to 241 BCE (n=1); floruit derived: earliest attestation - 40 and latest + 5
dprr:sextinius-24,person,Lucius Sextinius Rufus,,Roman magistrate; offices: prefect,alive,-82,-37,low,RE Sextinius 24; MRR2 attestations 43 BCE to 43 BCE (n=1); floruit derived: earliest attestation - 40 and latest + 5
dprr:sextius-1,person,Publius Sextius,,Roman magistrate; offices: quaestor,alive,-150,-105,low,RE Sextius 1; MRR1 attestations 111 BCE to 111 BCE (n=1); floruit derived: earliest attestation - 40 and latest + 5
dprr:sextius-13,person,Titus Sextius,? T. Sextius (13),Roman magistrate; offices: praetor; promagistrate; legate,alive,-92,-34,medium,RE Sextius 13; MRR2 attestations 53 BCE to 40 BCE (n=10); floruit derived: earliest attestation - 40 and latest + 5
dprr:sextius-20,person,Gaius Sextius Calvinus,? C. Sextius Calvinus (20)|C. Sextius C. f. C. n. Calvinus (20),Roman magistrate; offices: consul; praetor; promagistrate,alive,-166,-116,medium,RE Sextius 20; MRR1 attestations 127 BCE to 122 BCE (n=4); floruit derived: earliest attestation - 40 and latest + 5
dprr:sextius-21,person,Gaius Sextius Calvinus,,Roman magistrate; offices: praetor,alive,-131,-86,low,RE Sextius 21; MRR2 attestations 92 BCE to 92 BCE (n=1); floruit derived: earliest attestation - 40 and latest + 5
dprr:sextius-35,person,Marcus Sextius Sabinus,,Roman magistrate; offices: praetor; aedile,alive,-242,-196,medium,RE Sextius 35; MRR1 attestations 203 BCE to 202 BCE (n=2); floruit derived: earliest attestation - 40 and latest + 5
dprr:sextius-36,person,Lucius Sextius Sextinus Lateranus,L. Sextius Sex. f. N. n. Sextinus Lateranus (36),Roman magistrate; offices: consul; tribune of the plebs,alive,-415,-360,medium,RE Sextius 36; MRR1 attestations 376 BCE to 366 BCE (n=11); floruit derived: earliest attestation - 40 and latest + 5
dprr:sextius-7,person,Marcus Sextius,,Roman magistrate; offices: tribune of the plebs,alive,-453,-408,low,RE Sextius 7; MRR1 attestations 414 BCE to 414 BCE (n=1); floruit derived: earliest attestation - 40 and latest + 5
dprr:siccius-13,person,Titus Sicinius Sabinus,,Roman magistrate; offices: consul,alive,-526,-481,low,RE Siccius 13; MRR1 attestations 487 BCE to 487 BCE (n=1); floruit derived: earliest attestation - 40 and latest + 5
dprr:siccius-3,person,Lucius Siccius Dentatus,L. Siccius (Dentatus) (3),Roman magistrate; offices: tribune of the plebs; legate,alive,-493,-443,medium,RE Siccius 3; MRR1 attestations 454 BCE to 449 BCE (n=2); floruit derived: earliest attestation - 40 and latest + 5
dprr:sicinius-1,person,Gnaeus Siccius,,Roman magistrate; offices: tribune of the plebs,alive,-509,-464,low,RE Sicinius 1; MRR1 attestations 470 BCE to 470 BCE (n=1); floruit derived: earliest attestation - 40 and latest + 5
dprr:sicinius-10,person,Lucius Sicinius,,Roman magistrate; offices: tribune of the plebs,alive,-426,-381,low,RE Sicinius 10; MRR1 attestations 387 BCE to 387 BCE (n=1); floruit derived: earliest attestation - 40 and latest + 5
dprr:sicinius-14,person,Titus Sicinius,,Roman magistrate; offices: tribune of the plebs,alive,-433,-387,medium,RE Sicinius 14; MRR1 attestations 394 BCE to 393 BCE (n=2); floruit derived: earliest attestation - 40 and latest + 5
dprr:sicinius-2,person,Titus Siccius,T. Siccius Pat. (2; cf. Sicinius 13),Roman magistrate; offices: legate,alive,-526,-473,medium,RE Sicinius 2; MRR1 attestations 487 BCE to 479 BCE (n=3); floruit derived: earliest attestation - 40 and latest + 5
dprr:sicinius-4,person,Lucius Sicinius Vellutus,L. Sicinius (Bellutus) (4)|L. Sicinius Vellutus (4),Roman magistrate; offices: aedile; tribune of the plebs,alive,-532,-485,medium,RE Sicinius 4; MRR1 attestations 493 BCE to 491 BCE (n=3); floruit derived: earliest attestation - 40 and latest + 5
dprr:sicinius-5,person,Gaius Sicinius,,Roman magistrate; offices: tribune of the plebs,alive,-488,-443,low,RE Sicinius 5; MRR1 attestations 449 BCE to 449 BCE (n=1); floruit derived: earliest attestation - 40 and latest + 5
dprr:sicinius-6,person,Gnaeus Sicinius,,Roman magistrate; offices: ambassador,alive,-222,-164,medium,RE Sicinius 6; MRR1 attestations 183 BCE to 170 BCE (n=3); floruit derived: earliest attestation - 40 and latest + 5
dprr:sicinius-7,person,Gaius Sicinius,,Roman magistrate; offices: quaestor,alive,-109,-64,low,RE Sicinius 7; MRR2 attestations 70 BCE to 70 BCE (n=1); floruit derived: earliest attestation - 40 and latest + 5
dprr:sicinius-8,person,Gnaeus Sicinius,,Roman magistrate; offices: praetor; aedile; promagistrate,alive,-224,-165,medium,RE Sicinius 8; MRR1 attestations 185 BCE to 171 BCE (n=6); floruit derived: earliest attestation - 40 and latest + 5
dprr:sicinius-9,person,Gnaeus Sicinius,,Roman magistrate; offices: tribune of the plebs,alive,-115,-70,low,RE Sicinius 9; MRR2 attestations 76 BCE to 76 BCE (n=1); floruit derived: earliest attestation - 40 and latest + 5
dprr:silanus-160,person,Decimus Silanus,,Roman magistrate; offices: special commission,alive,-185,-140,low,RE Silanus 160; MRR1 attestations 146 BCE to 146 BCE (n=1); floruit derived: earliest attestation - 40 and latest + 5
dprr:silius-10,person,Quintus Silius,,Roman magistrate; offices: quaestor,alive,-448,-403,low,RE Silius 10; MRR1 attestations 409 BCE to 409 BCE (n=1); floruit derived: earliest attestation - 40 and latest + 5
dprr:silius-11,person,Titus Silius,,Roman magistrate; offices: envoy,alive,-95,-50,low,RE Silius 11; MRR2 attestations 56 BCE to 56 BCE (n=1); floruit derived: earliest attestation - 40 and latest + 5
dprr:silius-5,person,Marcus Silius,,Roman magistrate; offices: tribune of the plebs,alive,-243,-198,low,RE Silius 5; MRR1 attestations 204 BCE to 204 BCE (n=1); floruit derived: earliest attestation - 40 and latest + 5
dprr:silius-6,person,Publius Silius,,Roman magistrate; offices: tribune of the plebs,alive,-243,-198,low,RE Silius 6; MRR1 attestations 204 BCE to 204 BCE (n=1); floruit derived: earliest attestation - 40 and latest + 5
dprr:silius-8,person,Publius Silius,? P. Silius (8)|P. Silius (Nerva) (8),Roman magistrate; offices: praetor; promagistrate,alive,-97,-44,medium,RE Silius 8; MRR2 attestations 58 BCE to 50 BCE (n=4); floruit derived: earliest attestation - 40 and latest + 5
dprr:sornatius-1,person,Sornatius,,Roman magistrate; offices: legate,alive,-111,-62,medium,RE Sornatius 1; MRR2 attestations 72 BCE to 68 BCE (n=3); floruit derived: earliest attestation - 40 and latest + 5
dprr:sosius-2,person,Gaius Sosius,? C. Sosius (see 2)|C. Sosius C. f. T. n. (2),Roman magistrate; offices: consul; quaestor; promagistrate,alive,-105,-25,high,RE Sosius 2; MRR2 attestations 66 BCE to 31 BCE (n=9); floruit derived: earliest attestation - 40 and latest + 5
dprr:spurillius-1888,person,Spurillius,,Roman magistrate; offices: tribune of the plebs,alive,-461,-416,low,RE Spurillius 1888; MRR1 attestations 422 BCE to 422 BCE (n=1); floruit derived: earliest attestation - 40 and latest + 5
dprr:staberius-2,person,Lucius Staberius,,Roman magistrate; offices: prefect,alive,-87,-42,low,RE Staberius 2; MRR2 attestations 48 BCE to 48 BCE (n=1); floruit derived: earliest attestation - 40 and latest + 5
dprr:staius-2,person,Lucius Staius Murcus,,Roman magistrate; offices: praetor; promagistrate; legate,alive,-87,-34,medium,RE Staius 2; MRR2 attestations 48 BCE to 40 BCE (n=9); floruit derived: earliest attestation - 40 and latest + 5
dprr:statilius-34,person,Titus Statilius Taurus,? T. Statilius Taurus (34)|T. Statilius T. f. Taurus (34),Roman magistrate; offices: consul; praetor; promagistrate,alive,-79,-20,medium,RE Statilius 34; MRR2 attestations 40 BCE to 26 BCE (n=9); floruit derived: earliest attestation - 40 and latest + 5
dprr:statius-4,person,Titus Statius,,Roman magistrate; offices: tribune of the plebs,alive,-514,-469,low,RE Statius 4; MRR1 attestations 475 BCE to 475 BCE (n=1); floruit derived: earliest attestation - 40 and latest + 5
dprr:statorius-13,person,Quintus Statorius,,Roman magistrate; offices: envoy,alive,-252,-207,low,RE Statorius 13; MRR1 attestations 213 BCE to 213 BCE (n=1); floruit derived: earliest attestation - 40 and latest + 5
dprr:stertinius-4,person,Gaius Stertinius,,Roman magistrate; offices: praetor,alive,-227,-182,low,RE Stertinius 4; MRR1 attestations 188 BCE to 188 BCE (n=1); floruit derived: earliest attestation - 40 and latest + 5
dprr:stertinius-5,person,Lucius Stertinius,,Roman magistrate; offices: promagistrate; ambassador,alive,-238,-190,medium,RE Stertinius 5; MRR1 attestations 199 BCE to 196 BCE (n=4); floruit derived: earliest attestation - 40 and latest + 5
dprr:stertinius-6,person,Lucius Stertinius,,Roman magistrate; offices: quaestor,alive,-207,-162,low,RE Stertinius 6; MRR1 attestations 168 BCE to 168 BCE (n=1); floruit derived: earliest attestation - 40 and latest + 5
dprr:sufenas-52,person,Sufenas,,Roman magistrate; offices: quaestor,alive,-101,-45,medium,RE Sufenas 52; MRR2 attestations 62 BCE to 51 BCE (n=2); floruit derived: earliest attestation - 40 and latest + 5
dprr:sulficius-60,person,Servius Sulficius Galba,,Roman magistrate; offices: legate,alive,-130,-83,medium,RE Sulficius 60; MRR2 attestations 91 BCE to 89 BCE (n=2); floruit derived: earliest attestation - 40 and latest + 5
dprr:sulpicius-10,person,Gaius Sulpicius,,Roman magistrate; offices: praetor,alive,-102,-57,low,RE Sulpicius 10; MRR2 attestations 63 BCE to 63 BCE (n=1); floruit derived: earliest attestation - 40 and latest + 5
dprr:sulpicius-14,person,Lucius Sulpicius,,Roman magistrate; offices: military tribune,alive,-220,-175,low,RE Sulpicius 14; MRR1 attestations 181 BCE to 181 BCE (n=1); floruit derived: earliest attestation - 40 and latest + 5
dprr:sulpicius-15,person,Publius Sulpicius,,Roman magistrate; offices: quaestor,alive,-108,-63,low,RE Sulpicius 15; MRR2 attestations 69 BCE to 69 BCE (n=1); floruit derived: earliest attestation - 40 and latest + 5
dprr:sulpicius-16,person,Quintus Sulpicius,,Roman magistrate; offices: flamen,alive,-262,-217,low,RE Sulpicius 16; MRR1 attestations 223 BCE to 223 BCE (n=1); floruit derived: earliest attestation - 40 and latest + 5
dprr:sulpicius-29,person,Gaius Sulpicius Camerinus,,Roman magistrate; offices: censor,alive,-419,-374,low,RE Sulpicius 29; MRR1 attestations 380 BCE to 380 BCE (n=1); floruit derived: earliest attestation - 40 and latest + 5
dprr:sulpicius-31,person,Servius Sulpicius Camerinus,Ser. Sulpicius Camerinus Pat. (31; cf. 94),Roman magistrate; offices: consul; interrex,alive,-432,-381,medium,RE Sulpicius 31; MRR1 attestations 393 BCE to 387 BCE (n=3); floruit derived: earliest attestation - 40 and latest + 5
dprr:sulpicius-32,person,Publius Sulpicius Camerinus,P. Sulpicius (Camerinus Cornutus ?) Pat. (32; cf. 36),Roman magistrate; offices: legate; ambassador,alive,-500,-440,high,RE Sulpicius 32; MRR1 attestations 461 BCE to 446 BCE (n=5); floruit derived: earliest attestation - 40 and latest + 5
dprr:sulpicius-33,person,Quintus Sulpicius Camerinus Cornutus,Q. Sulpicius (Camerinus Cornutus) Pat. (33),Roman magistrate; offices: consul; envoy,alive,-529,-482,medium,RE Sulpicius 33; MRR1 attestations 490 BCE to 488 BCE (n=2); floruit derived: earliest attestation - 40 and latest + 5
dprr:sulpicius-34,person,Quintus Sulpicius Camerinus Cornutus,,Roman magistrate; offices: consul,alive,-441,-392,medium,RE Sulpicius 34; MRR1 attestations 402 BCE to 398 BCE (n=2); floruit derived: earliest attestation - 40 and latest + 5
dprr:sulpicius-35,person,Servius Sulpicius Camerinus Cornutus,?-463: Ser. Sulpicius (Camerinus Cornutus) Pat. (35)|Ser. Sulpicius P. f. Camerinus Pat. (35),Roman magistrate; offices: consul; envoy; curio maximus,alive,-539,-457,high,RE Sulpicius 35; MRR1 attestations 500 BCE to 463 BCE (n=3); floruit derived: earliest attestation - 40 and latest + 5
dprr:sulpicius-36,person,Servius Sulpicius Camerinus Cornutus,Ser. (or P.) Sulpicius (Camerinus Cornutus) Pat. (36; cf. 32)|Ser. (or P.) Sulpicius Ser. f. Ser. n. Camerinus (Cornutus) Pat. (36),Roman magistrate; offices: consul; envoy,alive,-500,-443,medium,RE Sulpicius 36; MRR1 attestations 461 BCE to 449 BCE (n=3); floruit derived: earliest attestation - 40 and latest + 5
dprr:sulpicius-37,person,Quintus Sulpicius Camerinus Praetextatus,Q. Sulpicius (Camerinus Praetextatus) Pat. (37),Roman magistrate; offices: consul; legate,alive,-473,-425,medium,RE Sulpicius 37; MRR1 attestations 434 BCE to 431 BCE (n=2); floruit derived: earliest attestation - 40 and latest + 5
dprr:sulpicius-38,person,Servius Sulpicius Camerinus Rufus,,Roman magistrate; offices: consul,alive,-384,-339,low,RE Sulpicius 38; MRR1 attestations 345 BCE to 345 BCE (n=1); floruit derived: earliest attestation - 40 and latest + 5
dprr:sulpicius-49,person,Gaius Sulpicius Galba,202-199: C. Sulpicius Galba Pat. (49),Roman magistrate; offices: pontifex,alive,-241,-193,medium,RE Sulpicius 49; MRR1 attestations 202 BCE to 199 BCE (n=2); floruit derived: earliest attestation - 40 and latest + 5
dprr:sulpicius-50,person,Gaius Sulpicius Galba,,Roman magistrate; offices: praetor; pontifex,alive,-213,-165,medium,RE Sulpicius 50; MRR1 attestations 174 BCE to 171 BCE (n=2); floruit derived: earliest attestation - 40 and latest + 5
dprr:sulpicius-51,person,Gaius Sulpicius Galba,? C. Sulpicius Galba Pat. (51),Roman magistrate; offices: triumvir; legate; priest,alive,-160,-103,medium,RE Sulpicius 51; MRR1 attestations 121 BCE to 109 BCE (n=4); floruit derived: earliest attestation - 40 and latest + 5
dprr:sulpicius-55,person,Publius Sulpicius Galba,? P. Sulpicius Galba Pat. (55; cf. 48)|P. Sulpicius Galba (55)|P. Sulpicius Galba Pat. (55),Roman magistrate; offices: praetor; aedile; pontifex,alive,-108,-51,medium,RE Sulpicius 55; MRR2 attestations 69 BCE to 57 BCE (n=3); floruit derived: earliest attestation - 40 and latest + 5
dprr:sulpicius-56,person,Servius Sulpicius Galba,203-199: Ser. Sulpicius Galba Pat. (56),Roman magistrate; offices: aedile; ambassador; pontifex,alive,-248,-193,medium,RE Sulpicius 56; MRR1 attestations 209 BCE to 199 BCE (n=5); floruit derived: earliest attestation - 40 and latest + 5
dprr:sulpicius-57,person,Servius Sulpicius Galba,,Roman magistrate; offices: praetor; aedile,alive,-228,-181,medium,RE Sulpicius 57; MRR1 attestations 189 BCE to 187 BCE (n=2); floruit derived: earliest attestation - 40 and latest + 5
dprr:sulpicius-58,person,Servius Sulpicius Galba,Ser. Sulpicius Ser. f. P. n. Galba Pat. (58),Roman magistrate; offices: consul; praetor; promagistrate,alive,-207,-135,high,RE Sulpicius 58; MRR1 attestations 168 BCE to 141 BCE (n=6); floruit derived: earliest attestation - 40 and latest + 5
dprr:sulpicius-59,person,Servius Sulpicius Galba,Ser. Sulpicius Ser. f. Ser. n. Galba Pat. (59),Roman magistrate; offices: consul; praetor; promagistrate,alive,-150,-102,medium,RE Sulpicius 59; MRR1 attestations 111 BCE to 108 BCE (n=3); floruit derived: earliest attestation - 40 and latest + 5
dprr:sulpicius-60,person,Servius Sulpicius Galba,Ser. Sulpicius Galba Pat. (60),Roman magistrate; offices: praetor; promagistrate; legate,alive,-130,-80,medium,RE Sulpicius 60; MRR2 attestations 91 BCE to 86 BCE (n=4); floruit derived: earliest attestation - 40 and latest + 5
dprr:sulpicius-61,person,Servius Sulpicius Galba,? Ser. Sulpicius Galba Pat. (61)|Before 49-43?: Ser. Sulpicius Galba Pat. (61),Roman magistrate; offices: praetor; legate; envoy,alive,-101,-37,high,RE Sulpicius 61; MRR2 attestations 62 BCE to 43 BCE (n=10); floruit derived: earliest attestation - 40 and latest + 5
dprr:sulpicius-64,person,Publius Sulpicius,P. Sulpicius Galba Maximus Pat. (64)|P. Sulpicius Ser. f. P. n. Galba Maximus Pat. (64)|P. Sulpicius Galba Maximus (64)|P. Sulpicius Galba Pat. (64),Roman magistrate; offices: dictator; consul; promagistrate,alive,-250,-186,high,RE Sulpicius 64; MRR1 attestations 211 BCE to 192 BCE (n=14); floruit derived: earliest attestation - 40 and latest + 5
dprr:sulpicius-65,person,Gaius Sulpicius Galus,,Roman magistrate; offices: consul,alive,-282,-237,low,RE Sulpicius 65; MRR1 attestations 243 BCE to 243 BCE (n=1); floruit derived: earliest attestation - 40 and latest + 5
dprr:sulpicius-66,person,Gaius Sulpicius Galus,? C. Sulpicius Galus Pat. (66)|C. Sulpicius C. f. C. n. Galus Pat. (66),Roman magistrate; offices: consul; praetor; legate,alive,-230,-158,high,RE Sulpicius 66; MRR1 attestations 191 BCE to 164 BCE (n=9); floruit derived: earliest attestation - 40 and latest + 5
dprr:sulpicius-7,person,Gaius Sulpicius,,Roman magistrate; offices: consul,alive,-421,-376,low,RE Sulpicius 7; MRR1 attestations 382 BCE to 382 BCE (n=1); floruit derived: earliest attestation - 40 and latest + 5
dprr:sulpicius-75,person,Gaius Sulpicius Longus,? C. Sulpicius Ser. f. Q. n. Longus Pat. (75),Roman magistrate; offices: dictator; consul; censor,alive,-376,-306,high,RE Sulpicius 75; MRR1 attestations 337 BCE to 312 BCE (n=5); floruit derived: earliest attestation - 40 and latest + 5
dprr:sulpicius-76,person,Quintus Sulpicius Longus,,Roman magistrate; offices: consul,alive,-429,-384,low,RE Sulpicius 76; MRR1 attestations 390 BCE to 390 BCE (n=1); floruit derived: earliest attestation - 40 and latest + 5
dprr:sulpicius-8,person,Gaius Sulpicius,,Roman magistrate; offices: praetor,alive,-250,-205,low,RE Sulpicius 8; MRR1 attestations 211 BCE to 211 BCE (n=1); floruit derived: earliest attestation - 40 and latest + 5
dprr:sulpicius-81,person,Gaius Sulpicius Paterculus,,Roman magistrate; offices: consul,alive,-297,-252,low,RE Sulpicius 81; MRR1 attestations 258 BCE to 258 BCE (n=1); floruit derived: earliest attestation - 40 and latest + 5
dprr:sulpicius-83,person,Gaius Sulpicius Peticus,C. Sulpicius Peticus Pat. (83)|C. Sulpicius (Peticus ?) Pat. (83),Roman magistrate; offices: dictator; consul; censor,alive,-419,-345,high,RE Sulpicius 83; MRR1 attestations 380 BCE to 351 BCE (n=10); floruit derived: earliest attestation - 40 and latest + 5
dprr:sulpicius-88,person,Servius Sulpicius Praetextatus,,Roman magistrate; offices: consul,alive,-416,-362,medium,RE Sulpicius 88; MRR1 attestations 377 BCE to 368 BCE (n=4); floruit derived: earliest attestation - 40 and latest + 5
dprr:sulpicius-92,person,Publius Sulpicius Rufus,? P. Sulpicius Rufus (92),Roman magistrate; offices: tribune of the plebs; legate,alive,-129,-82,medium,RE Sulpicius 92; MRR2 attestations 90 BCE to 88 BCE (n=3); floruit derived: earliest attestation - 40 and latest + 5
dprr:sulpicius-93,person,Publius Sulpicius Rufus,Ca. 47-?: P. Sulpicius Rufus Pat. (93)|P. Sulpicius P. f. - n. Rufus Pat. (93)|P. Sulpicius Rufus (93),Roman magistrate; offices: master of horse; censor; promagistrate,alive,-94,-34,high,RE Sulpicius 93; MRR2 attestations 55 BCE to 40 BCE (n=13); floruit derived: earliest attestation - 40 and latest + 5
dprr:sulpicius-94,person,Servius Sulpicius Rufus,,Roman magistrate; offices: consul,alive,-427,-371,medium,RE Sulpicius 94; MRR1 attestations 388 BCE to 377 BCE (n=4); floruit derived: earliest attestation - 40 and latest + 5
dprr:sulpicius-95,person,Servius Sulpicius Rufus,? Ser. Sulpicius Rufus Pat. (95)|Ser Sulpicius Rufus Pat. (95)|Ser. Sulpicius (Rufus) Pat. (95)|Ser. Sulpicius n. Rufus Pat. (95),Roman magistrate; offices: consul; praetor; quaestor,alive,-113,-37,high,RE Sulpicius 95; MRR2 attestations 74 BCE to 43 BCE (n=7); floruit derived: earliest attestation - 40 and latest + 5
dprr:sulpicius-97,person,Publius Sulpicius Saverrio,P. Sulpicius (Ser. f. P. n. Saverrio) Pat. (97),Roman magistrate; offices: consul; censor; interrex,alive,-343,-292,medium,RE Sulpicius 97; MRR1 attestations 304 BCE to 298 BCE (n=3); floruit derived: earliest attestation - 40 and latest + 5
dprr:sulpicius-98,person,Publius Sulpicius Saverrio,,Roman magistrate; offices: consul,alive,-318,-273,low,RE Sulpicius 98; MRR1 attestations 279 BCE to 279 BCE (n=1); floruit derived: earliest attestation - 40 and latest + 5
dprr:tadius-1,person,Publius Tadius,,Roman magistrate; offices: legate,alive,-112,-65,medium,RE Tadius 1; MRR2 attestations 73 BCE to 71 BCE (n=3); floruit derived: earliest attestation - 40 and latest + 5
dprr:tarius-3,person,Lucius Tarius Rufus,,Roman magistrate; offices: legate,alive,-70,-10,medium,RE Tarius 3; MRR2 attestations 31 BCE to 16 BCE (n=2); floruit derived: earliest attestation - 40 and latest + 5
dprr:tarpeius-4,person,Spurius Tarpeius Montanus Capitolinus,? Sp. Tarpeius (Montanus Capitolinus) Pat. (4)|Sp. Tarpeius (Montanus Capitolinus) Pat. (4),Roman magistrate; offices: consul; tribune of the plebs; envoy,alive,-493,-442,medium,RE Tarpeius 4; MRR1 attestations 454 BCE to 448 BCE (n=3); floruit derived: earliest attestation - 40 and latest + 5
dprr:tarquinius-6,person,Lucius Tarquitius Flaccus,,Roman magistrate; offices: master of horse,alive,-497,-452,low,RE Tarquinius 6; MRR1 attestations 458 BCE to 458 BCE (n=1); floruit derived: earliest attestation - 40 and latest + 5
dprr:tarquinius-8,person,Lucius Tarquinius Egeri Collatinus,,Roman magistrate; offices: consul,alive,-548,-503,low,RE Tarquinius 8; MRR1 attestations 509 BCE to 509 BCE (n=1); floruit derived: earliest attestation - 40 and latest + 5
dprr:tarquitius-1,person,Gaius Tarquitius,,Roman magistrate; offices: quaestor,alive,-120,-75,low,RE Tarquitius 1; MRR2 attestations 81 BCE to 81 BCE (n=1); floruit derived: earliest attestation - 40 and latest + 5
dprr:tarquitius-8,person,Gaius Tarquitius Priscus,C. Tarquitius Priscus (8),Roman magistrate; offices: legate; prefect,alive,-115,-66,medium,RE Tarquitius 8; MRR2 attestations 76 BCE to 72 BCE (n=2); floruit derived: earliest attestation - 40 and latest + 5
dprr:tempanius-1,person,Sextus Tempanius,,Roman magistrate; offices: tribune of the plebs; prefect,alive,-462,-416,medium,RE Tempanius 1; MRR1 attestations 423 BCE to 422 BCE (n=2); floruit derived: earliest attestation - 40 and latest + 5
dprr:terentius-180,person,Aulus Terentius Varro,,Roman magistrate; offices: envoy,alive,-228,-178,medium,RE Terentius 180; MRR1 attestations 189 BCE to 184 BCE (n=2); floruit derived: earliest attestation - 40 and latest + 5
dprr:terentius-2,person,Terentius,,Roman magistrate; offices: tribune of the plebs,alive,-93,-48,low,RE Terentius 2; MRR2 attestations 54 BCE to 54 BCE (n=1); floruit derived: earliest attestation - 40 and latest + 5
dprr:terentius-30,person,Quintus Terentius,,Roman magistrate; offices: envoy,alive,-257,-212,low,RE Terentius 30; MRR1 attestations 218 BCE to 218 BCE (n=1); floruit derived: earliest attestation - 40 and latest + 5
dprr:terentius-43,person,Quintus Terentius Culleo,(Q.) Terentius Culleo (43),Roman magistrate; offices: tribune of the plebs; ambassador,alive,-234,-165,high,RE Terentius 43; MRR1 attestations 195 BCE to 171 BCE (n=4); floruit derived: earliest attestation - 40 and latest + 5
dprr:terentius-44,person,Quintus Terentius Culleo,(Q.?) Terentius Culleo (44)|Q. Terentius (Culleo) (44),Roman magistrate; offices: tribune of the plebs; prefect; pontifex,alive,-97,-37,high,RE Terentius 44; MRR2 attestations 58 BCE to 43 BCE (n=3); floruit derived: earliest attestation - 40 and latest + 5
dprr:terentius-51,person,Gaius Terentius Istra,,Roman magistrate; offices: praetor; triumvir,alive,-221,-175,medium,RE Terentius 51; MRR1 attestations 182 BCE to 181 BCE (n=2); floruit derived: earliest attestation - 40 and latest + 5
dprr:terentius-53,person,Quintus Terentius Culleo,,Roman magistrate; offices: praetor,alive,-226,-181,low,RE Terentius 53; MRR1 attestations 187 BCE to 187 BCE (n=1); floruit derived: earliest attestation - 40 and latest + 5
dprr:terentius-58,person,Lucius Terentius Massaliota,L. Terentius (Massaliota) (58)|L. Terentius Massiliota (58),Roman magistrate; offices: praetor; aedile; ambassador,alive,-239,-174,high,RE Terentius 58; MRR1 attestations 200 BCE to 180 BCE (n=6); floruit derived: earliest attestation - 40 and latest + 5
dprr:terentius-75,person,Publius Terentius Tuscivicanus,,Roman magistrate; offices: ambassador,alive,-206,-161,low,RE Terentius 75; MRR1 attestations 167 BCE to 167 BCE (n=1); floruit derived: earliest attestation - 40 and latest + 5
dprr:terentius-77,person,Terentius Varro,,Roman magistrate; offices: quaestor,alive,-193,-148,low,RE Terentius 77; MRR1 attestations 154 BCE to 154 BCE (n=1); floruit derived: earliest attestation - 40 and latest + 5
dprr:terentius-80,person,Aulus Terentius Varro,,Roman magistrate; offices: praetor; promagistrate; ambassador,alive,-229,-161,high,RE Terentius 80; MRR1 attestations 190 BCE to 167 BCE (n=6); floruit derived: earliest attestation - 40 and latest + 5
dprr:terentius-81,person,Aulus Terentius Varro,,Roman magistrate; offices: ambassador,alive,-185,-140,low,RE Terentius 81; MRR1 attestations 146 BCE to 146 BCE (n=1); floruit derived: earliest attestation - 40 and latest + 5
dprr:terentius-82,person,Terentius Varro,A. Terentius Varro (82),Roman magistrate; offices: praetor; promagistrate; legate,alive,-121,-71,medium,RE Terentius 82; MRR2 attestations 82 BCE to 77 BCE (n=3); floruit derived: earliest attestation - 40 and latest + 5
dprr:terentius-83,person,Gaius Terentius Varro,? C. Terentius Varro (83)|C. Terentius C. f. M. n. Varro (83)|M. Terentius Varro (83),Roman magistrate; offices: consul; praetor; aedile,alive,-261,-194,high,RE Terentius 83; MRR1 attestations 222 BCE to 200 BCE (n=12); floruit derived: earliest attestation - 40 and latest + 5
dprr:terentius-84,person,Marcus Terentius Varro,? M. Terentius Varro (84; Supb. 6)|M. Terentius Varro (84; in Supb. 6),Roman magistrate; offices: quaestor; legate; special commission,alive,-124,-39,high,RE Terentius 84; MRR2 attestations 85 BCE to 45 BCE (n=10); floruit derived: earliest attestation - 40 and latest + 5
dprr:terentius-89,person,Marcus Terentius Varro Gibba,,Roman magistrate; offices: tribune of the plebs; quaestor,alive,-85,-37,medium,RE Terentius 89; MRR2 attestations 46 BCE to 43 BCE (n=2); floruit derived: earliest attestation - 40 and latest + 5
dprr:terentius-91,person,Aulus Terentius Varro Murena,,Roman magistrate; offices: aedile,alive,-83,-38,low,RE Terentius 91; MRR2 attestations 44 BCE to 44 BCE (n=1); floruit derived: earliest attestation - 40 and latest + 5
dprr:terentius-92,person,Aulus Terentius Varro Murena,,Roman magistrate; offices: augur,alive,-70,-17,medium,RE Terentius 92; MRR2 attestations 31 BCE to 23 BCE (n=2); floruit derived: earliest attestation - 40 and latest + 5
dprr:terpolius-1,person,Marcus Terpolius,,Roman magistrate; offices: tribune of the plebs,alive,-116,-71,low,RE Terpolius 1; MRR2 attestations 77 BCE to 77 BCE (n=1); floruit derived: earliest attestation - 40 and latest + 5
dprr:tettius-5,person,Titus Tettius,,Roman magistrate; offices: prefect,alive,-86,-41,low,RE Tettius 5; MRR2 attestations 47 BCE to 47 BCE (n=1); floruit derived: earliest attestation - 40 and latest + 5
dprr:teutius-1,person,Gaius Teutius,,Roman magistrate; offices: military tribune,alive,-88,-43,low,RE Teutius 1; MRR2 attestations 49 BCE to 49 BCE (n=1); floruit derived: earliest attestation - 40 and latest + 5
dprr:theophanes-1,person,Gnaeus Pompeius Theophanes,,Roman magistrate; offices: prefect,alive,-87,-42,low,RE Theophanes 1; MRR2 attestations 48 BCE to 48 BCE (n=1); floruit derived: earliest attestation - 40 and latest + 5
dprr:thermus-60,person,Thermus,,Roman magistrate; offices: praetor,alive,-106,-61,low,RE Thermus 60; MRR2 attestations 67 BCE to 67 BCE (n=1); floruit derived: earliest attestation - 40 and latest + 5
dprr:thermus-65,person,Thermus,,Roman magistrate; offices: military tribune,alive,-241,-187,medium,RE Thermus 65; MRR1 attestations 202 BCE to 193 BCE (n=3); floruit derived: earliest attestation - 40 and latest + 5
dprr:thorius-2,person,Spurius Thorius,,Roman magistrate; offices: tribune of the plebs,alive,-150,-105,low,RE Thorius 2; MRR1 attestations 111 BCE to 111 BCE (n=1); floruit derived: earliest attestation - 40 and latest + 5
dprr:thorius-4,person,Lucius Thorius Balbus,,Roman magistrate; offices: legate,alive,-118,-73,low,RE Thorius 4; MRR2 attestations 79 BCE to 79 BCE (n=1); floruit derived: earliest attestation - 40 and latest + 5
dprr:tiburtius-1,person,Marcus Tiburtius,,Roman magistrate; offices: envoy,alive,-87,-42,low,RE Tiburtius 1; MRR2 attestations 48 BCE to 48 BCE (n=1); floruit derived: earliest attestation - 40 and latest + 5
dprr:tillius-4,person,Quintus Tillius Cimber,,Roman magistrate; offices: legate,alive,-87,-42,low,RE Tillius 4; MRR2 attestations 48 BCE to 48 BCE (n=1); floruit derived: earliest attestation - 40 and latest + 5
dprr:tillius-5,person,Lucius Tillius Cimber,,Roman magistrate; offices: praetor; promagistrate,alive,-84,-37,medium,RE Tillius 5; MRR2 attestations 45 BCE to 43 BCE (n=3); floruit derived: earliest attestation - 40 and latest + 5
dprr:tisienus-1,person,Tisienus Gallus,,Roman magistrate; offices: legate,alive,-80,-30,medium,RE Tisienus 1; MRR2 attestations 41 BCE to 36 BCE (n=2); floruit derived: earliest attestation - 40 and latest + 5
dprr:titinius-10,person,Marcus Titinius,,Roman magistrate; offices: tribune of the plebs,alive,-488,-443,low,RE Titinius 10; MRR1 attestations 449 BCE to 449 BCE (n=1); floruit derived: earliest attestation - 40 and latest + 5
dprr:titinius-11,person,Marcus Titinius,,Roman magistrate; offices: master of horse,alive,-341,-296,low,RE Titinius 11; MRR1 attestations 302 BCE to 302 BCE (n=1); floruit derived: earliest attestation - 40 and latest + 5
dprr:titinius-13,person,Marcus Titinius,,Roman magistrate; offices: praetor,alive,-217,-172,low,RE Titinius 13; MRR1 attestations 178 BCE to 178 BCE (n=1); floruit derived: earliest attestation - 40 and latest + 5
dprr:titinius-14,person,Marcus Titinius,,Roman magistrate; offices: legate,alive,-143,-98,low,RE Titinius 14; MRR1 attestations 104 BCE to 104 BCE (n=1); floruit derived: earliest attestation - 40 and latest + 5
dprr:titinius-16,person,Publius Titinius,,Roman magistrate; offices: legate,alive,-239,-194,low,RE Titinius 16; MRR1 attestations 200 BCE to 200 BCE (n=1); floruit derived: earliest attestation - 40 and latest + 5
dprr:titinius-18,person,Sextus Titinius,,Roman magistrate; offices: tribune of the plebs,alive,-478,-433,low,RE Titinius 18; MRR1 attestations 439 BCE to 439 BCE (n=1); floruit derived: earliest attestation - 40 and latest + 5
dprr:titinius-20,person,Marcus Titinius Curvus,M. Titinius (Curvus ?) (20; cf. 12; 13),Roman magistrate; offices: praetor; tribune of the plebs; promagistrate,alive,-231,-169,high,RE Titinius 20; MRR1 attestations 192 BCE to 175 BCE (n=5); floruit derived: earliest attestation - 40 and latest + 5
dprr:titinius-25,person,Lucius Titinius Pansa Saccus,,Roman magistrate; offices: consul,alive,-439,-390,medium,RE Titinius 25; MRR1 attestations 400 BCE to 396 BCE (n=2); floruit derived: earliest attestation - 40 and latest + 5
dprr:titinius-4,person,Titinius,,Roman magistrate; offices: legate,alive,-75,-30,low,RE Titinius 4; MRR2 attestations 36 BCE to 36 BCE (n=1); floruit derived: earliest attestation - 40 and latest + 5
dprr:titinius-5,person,Gaius Titinius,,Roman magistrate; offices: tribune of the plebs,alive,-231,-186,low,RE Titinius 5; MRR1 attestations 192 BCE to 192 BCE (n=1); floruit derived: earliest attestation - 40 and latest + 5
dprr:titius-13,person,Lucius Titius,L.? Titius (13)|– Titius (see 13),Roman magistrate; offices: military tribune,alive,-87,-40,medium,RE Titius 13; MRR2 attestations 48 BCE to 46 BCE (n=2); floruit derived: earliest attestation - 40 and latest + 5
dprr:titius-18,person,Marcus Titius,? M. Titius (18)|M. Titius L. f. - n. (18),Roman magistrate; offices: consul; quaestor; promagistrate,alive,-79,-25,medium,RE Titius 18; MRR2 attestations 40 BCE to 31 BCE (n=4); floruit derived: earliest attestation - 40 and latest + 5
dprr:titius-20,person,Publius Titius,,Roman magistrate; offices: tribune of the plebs,alive,-82,-37,low,RE Titius 20; MRR2 attestations 43 BCE to 43 BCE (n=1); floruit derived: earliest attestation - 40 and latest + 5
dprr:titius-23,person,Sextus Titius,,Roman magistrate; offices: tribune of the plebs,alive,-501,-93,medium,RE Titius 23; MRR1+MRR2 attestations 462 BCE to 99 BCE (n=2); floruit derived: earliest attestation - 40 and latest + 5
dprr:titius-26,person,Titus Titius,,Roman magistrate; offices: legate,alive,-90,-45,low,RE Titius 26; MRR2 attestations 51 BCE to 51 BCE (n=1); floruit derived: earliest attestation - 40 and latest + 5
dprr:titius-37,person,Gaius Titius Rufus,,Roman magistrate; offices: praetor,alive,-89,-44,low,RE Titius 37; MRR2 attestations 50 BCE to 50 BCE (n=1); floruit derived: earliest attestation - 40 and latest + 5
dprr:titius-6,person,Gaius Titius,,Roman magistrate; offices: prefect,alive,-172,-127,low,RE Titius 6; MRR1 attestations 133 BCE to 133 BCE (n=1); floruit derived: earliest attestation - 40 and latest + 5
dprr:titius-9,person,Gaius Titius,,Roman magistrate; offices: legate,alive,-82,-37,low,RE Titius 9; MRR2 attestations 43 BCE to 43 BCE (n=1); floruit derived: earliest attestation - 40 and latest + 5
dprr:titurius-2,person,Titurius,,Roman magistrate; offices: legate,alive,-114,-69,low,RE Titurius 2; MRR2 attestations 75 BCE to 75 BCE (n=1); floruit derived: earliest attestation - 40 and latest + 5
dprr:titurius-3,person,Quintus Titurius Sabinus,? Q. Titurius Sabinus (3),Roman magistrate; offices: legate,alive,-97,-48,medium,RE Titurius 3; MRR2 attestations 58 BCE to 54 BCE (n=5); floruit derived: earliest attestation - 40 and latest + 5
dprr:tolerinus-53,person,Tolerinus,,Roman magistrate; offices: military tribune,alive,-539,-480,medium,RE Tolerinus 53; MRR1 attestations 500 BCE to 486 BCE (n=2); floruit derived: earliest attestation - 40 and latest + 5
dprr:toranius-4,person,Gaius Toranius,? C. Toranius (4),Roman magistrate; offices: aedile; quaestor,alive,-112,-58,medium,RE Toranius 4; MRR2 attestations 73 BCE to 64 BCE (n=2); floruit derived: earliest attestation - 40 and latest + 5
dprr:torquatus-72,person,Torquatus,,Roman magistrate; offices: quaestor,alive,-82,-37,low,RE Torquatus 72; MRR2 attestations 43 BCE to 43 BCE (n=1); floruit derived: earliest attestation - 40 and latest + 5
dprr:trebellius-3,person,Lucius Trebellius,,Roman magistrate; offices: tribune of the plebs,alive,-106,-61,low,RE Trebellius 3; MRR2 attestations 67 BCE to 67 BCE (n=1); floruit derived: earliest attestation - 40 and latest + 5
dprr:trebellius-4,person,Lucius Trebellius,L. Trebellius (4),Roman magistrate; offices: aedile; tribune of the plebs; legate,alive,-86,-37,medium,RE Trebellius 4; MRR2 attestations 47 BCE to 43 BCE (n=3); floruit derived: earliest attestation - 40 and latest + 5
dprr:trebius-2,person,Marcus Trebius Gallus,,Roman magistrate; offices: envoy,alive,-95,-50,low,RE Trebius 2; MRR2 attestations 56 BCE to 56 BCE (n=1); floruit derived: earliest attestation - 40 and latest + 5
dprr:trebonius-10,person,Marcus Trebonius,,Roman magistrate; offices: consul,alive,-422,-377,low,RE Trebonius 10; MRR1 attestations 383 BCE to 383 BCE (n=1); floruit derived: earliest attestation - 40 and latest + 5
dprr:trebonius-11,person,Publius Trebonius,,Roman magistrate; offices: consul,alive,-418,-373,low,RE Trebonius 11; MRR1 attestations 379 BCE to 379 BCE (n=1); floruit derived: earliest attestation - 40 and latest + 5
dprr:trebonius-13,person,Trebonius,,Roman magistrate; offices: legate,alive,-332,-287,low,RE Trebonius 13; MRR1 attestations 293 BCE to 293 BCE (n=1); floruit derived: earliest attestation - 40 and latest + 5
dprr:trebonius-6,person,Gaius Trebonius,? C. Trebonius (6)|C. Trebonius C. f. - n. (6),Roman magistrate; offices: master of horse; consul; tribune of the plebs,alive,-99,-37,high,RE Trebonius 6; MRR2 attestations 60 BCE to 43 BCE (n=14); floruit derived: earliest attestation - 40 and latest + 5
dprr:trebonius-7,person,Gaius Trebonius,,Roman magistrate; offices: prefect,alive,-92,-47,low,RE Trebonius 7; MRR2 attestations 53 BCE to 53 BCE (n=1); floruit derived: earliest attestation - 40 and latest + 5
dprr:trebonius-8,person,Gnaeus Trebonius,,Roman magistrate; offices: tribune of the plebs,alive,-440,-395,low,RE Trebonius 8; MRR1 attestations 401 BCE to 401 BCE (n=1); floruit derived: earliest attestation - 40 and latest + 5
dprr:trebonius-9,person,Lucius Trebonius Asper,,Roman magistrate; offices: tribune of the plebs,alive,-487,-442,low,RE Trebonius 9; MRR1 attestations 448 BCE to 448 BCE (n=1); floruit derived: earliest attestation - 40 and latest + 5
dprr:tremellius-1,person,Gaius Tremellius,? C. Tremellius (1),Roman magistrate; offices: praetor; decemvir,alive,-212,-164,medium,RE Tremellius 1; MRR1 attestations 173 BCE to 170 BCE (n=2); floruit derived: earliest attestation - 40 and latest + 5
dprr:tremellius-2,person,Gnaeus Tremellius,,Roman magistrate; offices: praetor; tribune of the plebs,alive,-207,-153,medium,RE Tremellius 2; MRR1 attestations 168 BCE to 159 BCE (n=2); floruit derived: earliest attestation - 40 and latest + 5
dprr:tremellius-4,person,Gnaeus Tremellius Flaccus,? Cn. Tremellius Flaccus (4),Roman magistrate; offices: praetor; aedile; quaestor,alive,-245,-196,medium,RE Tremellius 4; MRR1 attestations 206 BCE to 202 BCE (n=5); floruit derived: earliest attestation - 40 and latest + 5
dprr:tremellius-5,person,Gnaeus Tremellius Scrofa,?- Tremellius (cf. 5)|Cn. Tremellius (Scrofa) (5),Roman magistrate; offices: praetor; quaestor; promagistrate,alive,-139,-44,high,RE Tremellius 5; MRR1+MRR2 attestations 100 BCE to 50 BCE (n=8); floruit derived: earliest attestation - 40 and latest + 5
dprr:tremellius-6,person,Lucius Tremellius Scrofa,L. Tremellius Scrofa (6),Roman magistrate; offices: praetor; quaestor,alive,-182,-130,medium,RE Tremellius 6; MRR1 attestations 143 BCE to 136 BCE (n=3); floruit derived: earliest attestation - 40 and latest + 5
dprr:triarius-363,person,Lucius Triarius,,Roman magistrate; offices: quaestor,alive,-120,-75,low,RE Triarius 363; MRR2 attestations 81 BCE to 81 BCE (n=1); floruit derived: earliest attestation - 40 and latest + 5
dprr:tuccia-12,person,Tuccia,,Roman magistrate; offices: vestal virgin,alive,-269,-224,low,RE Tuccia 12; MRR1 attestations 230 BCE to 230 BCE (n=1); floruit derived: earliest attestation - 40 and latest + 5
dprr:tuccius-5,person,Marcus Tuccius,,Roman magistrate; offices: praetor; aedile; promagistrate,alive,-231,-180,medium,RE Tuccius 5; MRR1 attestations 192 BCE to 186 BCE (n=5); floruit derived: earliest attestation - 40 and latest + 5
dprr:tullius-29,person,Marcus Tullius Cicero,53-43: M. Tullius Cicero (29)|M. Tullius M. f. Corn. Cicero (29)|M. Tullius M. f. M. n. Cicero (29),Roman magistrate; offices: consul; praetor; aedile,alive,-114,-37,high,RE Tullius 29; MRR2 attestations 75 BCE to 43 BCE (n=14); floruit derived: earliest attestation - 40 and latest + 5
dprr:tullius-30,person,Marcus Tullius Cicero,? M. Tullius Cicero (30),Roman magistrate; offices: prefect; augur,alive,-88,-24,high,RE Tullius 30; MRR2 attestations 49 BCE to 30 BCE (n=6); floruit derived: earliest attestation - 40 and latest + 5
dprr:tullius-31,person,Quintus Tullius Cicero,? Q. Tullius Cicero (31),Roman magistrate; offices: praetor; aedile; quaestor,alive,-107,-44,high,RE Tullius 31; MRR2 attestations 68 BCE to 50 BCE (n=14); floruit derived: earliest attestation - 40 and latest + 5
dprr:tullius-32,person,Quintus Tullius Cicero,,Roman magistrate; offices: lupercus,alive,-85,-37,medium,RE Tullius 32; MRR2 attestations 46 BCE to 43 BCE (n=2); floruit derived: earliest attestation - 40 and latest + 5
dprr:tullius-34,person,Marcus Tullius Decula,,Roman magistrate; offices: consul,alive,-123,-75,medium,RE Tullius 34; MRR2 attestations 84 BCE to 81 BCE (n=2); floruit derived: earliest attestation - 40 and latest + 5
dprr:tullius-41,person,Manius Tullius Longus,,Roman magistrate; offices: consul,alive,-539,-494,low,RE Tullius 41; MRR1 attestations 500 BCE to 500 BCE (n=1); floruit derived: earliest attestation - 40 and latest + 5
dprr:tullius-5,person,Lucius Tullius Cimber,,Roman magistrate; offices: legate,alive,-84,-36,medium,RE Tullius 5; MRR2 attestations 45 BCE to 42 BCE (n=2); floruit derived: earliest attestation - 40 and latest + 5
dprr:tullius-9,person,Lucius Tullius,,Roman magistrate; offices: legate,alive,-90,-44,medium,RE Tullius 9; MRR2 attestations 51 BCE to 50 BCE (n=2); floruit derived: earliest attestation - 40 and latest + 5
dprr:tullus-7,person,Tullus Hostilius,,Roman magistrate; offices: tribune of the plebs,alive,-81,-36,low,RE Tullus 7; MRR2 attestations 42 BCE to 42 BCE (n=1); floruit derived: earliest attestation - 40 and latest + 5
dprr:turius-2,person,Lucius Turius,,Roman magistrate; offices: praetor,alive,-114,-69,low,RE Turius 2; MRR2 attestations 75 BCE to 75 BCE (n=1); floruit derived: earliest attestation - 40 and latest + 5
dprr:turpilius-10,person,Titus Turpilius Silanus,,Roman magistrate; offices: prefect,alive,-148,-103,low,RE Turpilius 10; MRR1 attestations 109 BCE to 109 BCE (n=1); floruit derived: earliest attestation - 40 and latest + 5
dprr:turranius-4,person,Gaius Turranius,,Roman magistrate; offices: praetor,alive,-83,-38,low,RE Turranius 4; MRR2 attestations 44 BCE to 44 BCE (n=1); floruit derived: earliest attestation - 40 and latest + 5
dprr:turullius-1,person,Decimus Turullius,,Roman magistrate; offices: quaestor; promagistrate; legate,alive,-83,-36,medium,RE Turullius 1; MRR2 attestations 44 BCE to 42 BCE (n=3); floruit derived: earliest attestation - 40 and latest + 5
dprr:valeria-385,person,Valeria,,Roman magistrate; offices: priest,alive,-527,-482,low,RE Valeria 385; MRR1 attestations 488 BCE to 488 BCE (n=1); floruit derived: earliest attestation - 40 and latest + 5
dprr:valerius-137,person,Marcus Valerius Corvus,M. Valerius Corvus Pat. (137)|M. Valerius M. f. M. n. Maximus Corvus Pat. (137; cf. 244)|? M. Valerius Corvus Pat. (137)|M. Valerius (Corvus) Pat. (137)|M. Valerius (Corvus ?) Pat. (137),Roman magistrate; offices: dictator; consul; praetor,alive,-388,-293,high,RE Valerius 137; MRR1 attestations 349 BCE to 299 BCE (n=19); floruit derived: earliest attestation - 40 and latest + 5
dprr:valerius-153,person,Marcus Valerius Falto,? M. Valerius Falto Pat. (153),Roman magistrate; offices: praetor; aedile; quaestor,alive,-245,-194,medium,RE Valerius 153; MRR1 attestations 206 BCE to 200 BCE (n=6); floruit derived: earliest attestation - 40 and latest + 5
dprr:valerius-155,person,Publius Valerius Falto,,Roman magistrate; offices: consul,alive,-277,-232,low,RE Valerius 155; MRR1 attestations 238 BCE to 238 BCE (n=1); floruit derived: earliest attestation - 40 and latest + 5
dprr:valerius-157,person,Quintus Valerius Falto,Q. Valerius Q. f. P. n. Falto Pat. (157),Roman magistrate; offices: consul; praetor; promagistrate,alive,-281,-233,medium,RE Valerius 157; MRR1 attestations 242 BCE to 239 BCE (n=3); floruit derived: earliest attestation - 40 and latest + 5
dprr:valerius-166,person,Gaius Valerius Flaccus,C. Valerius Flaccus (166),Roman magistrate; offices: praetor; aedile; flamen,alive,-248,-173,high,RE Valerius 166; MRR1 attestations 209 BCE to 179 BCE (n=4); floruit derived: earliest attestation - 40 and latest + 5
dprr:valerius-168,person,Gaius Valerius Flaccus,? C. Valerius Flaccus Pat. (168)|C. Valerius C. f. L. n. Flaccus Pat. (168),Roman magistrate; offices: consul; praetor; promagistrate,alive,-135,-75,high,RE Valerius 168; MRR2 attestations 96 BCE to 81 BCE (n=8); floruit derived: earliest attestation - 40 and latest + 5
dprr:valerius-175,person,Lucius Valerius Flaccus,? (L.) Valerius (Flaccus) Pat. (175; cf. 60)|? L. Valerius Flaccus Pat. (175; cf. 60)|?- ?: L. Valerius Flaccus Pat. (175)|L. Valerius L. f. L. n. Flaccus Pat. (175),Roman magistrate; offices: consul; praetor; aedile,alive,-193,-125,high,RE Valerius 175; MRR1 attestations 154 BCE to 131 BCE (n=4); floruit derived: earliest attestation - 40 and latest + 5
dprr:valerius-176,person,Lucius Valerius Flaccus,?- ca. 70: L. Valerius Flaccus Pat. (176)|L. Valerius L. f. L. n. Flaccus Pat. (176),Roman magistrate; offices: consul; praetor; flamen,alive,-142,-64,high,RE Valerius 176; MRR1 attestations 103 BCE to 70 BCE (n=3); floruit derived: earliest attestation - 40 and latest + 5
dprr:valerius-178,person,Lucius Valerius Flaccus,Valerius Pat. (178 ?),Roman magistrate; offices: consul; legate,alive,-126,-80,medium,RE Valerius 178; MRR2 attestations 87 BCE to 86 BCE (n=2); floruit derived: earliest attestation - 40 and latest + 5
dprr:valerius-179,person,Lucius Valerius Flaccus,L. Valerius Flaccus Pat.(179),Roman magistrate; offices: legate; ambassador,alive,-106,-54,medium,RE Valerius 179; MRR2 attestations 67 BCE to 60 BCE (n=3); floruit derived: earliest attestation - 40 and latest + 5
dprr:valerius-181,person,Publius Valerius Flaccus,P. Valerius L. f. M. n. Flaccus Pat. (181),Roman magistrate; offices: consul; legate; envoy,alive,-266,-208,medium,RE Valerius 181; MRR1 attestations 227 BCE to 214 BCE (n=4); floruit derived: earliest attestation - 40 and latest + 5
dprr:valerius-182,person,Publius Valerius Flaccus,,Roman magistrate; offices: prefect,alive,-266,-209,medium,RE Valerius 182; MRR1 attestations 227 BCE to 215 BCE (n=2); floruit derived: earliest attestation - 40 and latest + 5
dprr:valerius-206,person,Marcus Valerius Lactuca Maximus,,Roman magistrate; offices: consul,alive,-476,-431,low,RE Valerius 206; MRR1 attestations 437 BCE to 437 BCE (n=1); floruit derived: earliest attestation - 40 and latest + 5
dprr:valerius-207,person,Marcus Valerius Lactucinus Maximus,,Roman magistrate; offices: consul,alive,-437,-389,medium,RE Valerius 207; MRR1 attestations 398 BCE to 395 BCE (n=2); floruit derived: earliest attestation - 40 and latest + 5
dprr:valerius-208,person,Gaius Valerius Laevinus,C. Valerius (Laevinus) Pat. (208)|? C. Valerius Laevinus Pat. (208)|C. Valerius M. f. P. n. Laevinus Pat. (208),Roman magistrate; offices: consul; praetor; legate,alive,-228,-166,high,RE Valerius 208; MRR1 attestations 189 BCE to 172 BCE (n=7); floruit derived: earliest attestation - 40 and latest + 5
dprr:valerius-21,person,Lucius Valerius Flaccus,L. Valerius ( - f. - n. Flaccus ?) Pat. (*21),Roman magistrate; offices: master of horse,alive,-370,-315,medium,RE Valerius 21; MRR1 attestations 331 BCE to 321 BCE (n=2); floruit derived: earliest attestation - 40 and latest + 5
dprr:valerius-210,person,Marcus Valerius Laevinus,? M. Valerius Laevinus Pat. (210)|M. Valerius (Laevinus) (210),Roman magistrate; offices: praetor; aedile; legate,alive,-224,-165,medium,RE Valerius 210; MRR1 attestations 185 BCE to 171 BCE (n=4); floruit derived: earliest attestation - 40 and latest + 5
dprr:valerius-211,person,Marcus Valerius Laevinus,M. Valerius P. f. P. n. Laevinus Pat. (211)|? ? M. Valerius Laevinus Pat. (211)|M. Valerius (Laevinus ?) Pat. (211),Roman magistrate; offices: consul; praetor; aedile,alive,-268,-194,high,RE Valerius 211; MRR1 attestations 229 BCE to 200 BCE (n=16); floruit derived: earliest attestation - 40 and latest + 5
dprr:valerius-213,person,Publius Valerius Laevinus,,Roman magistrate; offices: consul,alive,-319,-274,low,RE Valerius 213; MRR1 attestations 280 BCE to 280 BCE (n=1); floruit derived: earliest attestation - 40 and latest + 5
dprr:valerius-22,person,Marcus Valerius Maximus,,Roman magistrate; offices: consul,alive,-351,-280,medium,RE Valerius 22; MRR1 attestations 312 BCE to 286 BCE (n=2); floruit derived: earliest attestation - 40 and latest + 5
dprr:valerius-23,person,Lucius Valerius,,Roman magistrate; offices: duumvir,alive,-321,-276,low,RE Valerius 23; MRR1 attestations 282 BCE to 282 BCE (n=1); floruit derived: earliest attestation - 40 and latest + 5
dprr:valerius-243,person,Manius Valerius Volesi Maximus,M'. Valerius Volesi f. Maximus Pat. (243)|M'. Valerius Volusi f. (Maximus) Pat. (243),Roman magistrate; offices: dictator; envoy; augur,alive,-533,-487,medium,RE Valerius 243; MRR1 attestations 494 BCE to 493 BCE (n=2); floruit derived: earliest attestation - 40 and latest + 5
dprr:valerius-244,person,Marcus Valerius Maximus,M. Valerius (Maximus ?) Pat. (244)|M. Valerius (Maximus Corvinus) Pat. (244)|M. Valerius M. f. M. n. Maximus Corvinus Pat. (244),Roman magistrate; offices: consul; censor; legate,alive,-364,-280,high,RE Valerius 244; MRR1 attestations 325 BCE to 286 BCE (n=6); floruit derived: earliest attestation - 40 and latest + 5
dprr:valerius-246,person,Marcus Valerius Volusi Maxumus Lactuca,M. Valerius M'. f. Volusi n. Maximus (Lactuca) Pat. (246),Roman magistrate; offices: consul; quaestor,alive,-497,-450,medium,RE Valerius 246; MRR1 attestations 458 BCE to 456 BCE (n=2); floruit derived: earliest attestation - 40 and latest + 5
dprr:valerius-25,person,Manius Valerius Maximus Messala,M'. Valerius M. f. M. n. Maximus Messalla Pat. (*25),Roman magistrate; offices: consul; censor,alive,-302,-246,medium,RE Valerius 25; MRR1 attestations 263 BCE to 252 BCE (n=2); floruit derived: earliest attestation - 40 and latest + 5
dprr:valerius-252,person,Lucius Valerius Messalla,,Roman magistrate; offices: praetor,alive,-232,-182,medium,RE Valerius 252; MRR1 attestations 193 BCE to 188 BCE (n=2); floruit derived: earliest attestation - 40 and latest + 5
dprr:valerius-26,person,Lucius Valerius Flaccus,,Roman magistrate; offices: consul,alive,-300,-255,low,RE Valerius 26; MRR1 attestations 261 BCE to 261 BCE (n=1); floruit derived: earliest attestation - 40 and latest + 5
dprr:valerius-268,person,Valerius Messalla,,Roman magistrate; offices: praetor,alive,-101,-47,medium,RE Valerius 268; MRR2 attestations 62 BCE to 53 BCE (n=2); floruit derived: earliest attestation - 40 and latest + 5
dprr:valerius-280,person,Quintus Valerius Orca,,Roman magistrate; offices: praetor,alive,-96,-51,low,RE Valerius 280; MRR2 attestations 57 BCE to 57 BCE (n=1); floruit derived: earliest attestation - 40 and latest + 5
dprr:valerius-298,person,Lucius Valerius Poplicola,L. Valerius (L. f. L. n. Poplicola) Pat. (298),Roman magistrate; offices: master of horse; consul,alive,-433,-374,medium,RE Valerius 298; MRR1 attestations 394 BCE to 380 BCE (n=6); floruit derived: earliest attestation - 40 and latest + 5
dprr:valerius-299,person,Marcus Valerius Poplicola,M. Valerius L. f. - n. Poplicola Pat. (299),Roman magistrate; offices: master of horse; consul,alive,-397,-347,medium,RE Valerius 299; MRR1 attestations 358 BCE to 353 BCE (n=3); floruit derived: earliest attestation - 40 and latest + 5
dprr:valerius-3,person,Valerius,,Roman magistrate; offices: military tribune,alive,-291,-246,low,RE Valerius 3; MRR1 attestations 252 BCE to 252 BCE (n=1); floruit derived: earliest attestation - 40 and latest + 5
dprr:valerius-300,person,Publius Valerius Poplicola,P. Valerius P. ? f. L. ? n. Poplicola Pat. (300),Roman magistrate; offices: dictator; consul; praetor,alive,-391,-338,medium,RE Valerius 300; MRR1 attestations 352 BCE to 344 BCE (n=3); floruit derived: earliest attestation - 40 and latest + 5
dprr:valerius-301,person,Publius Valerius Volusi Poplicola,P. Valerius (Poplicolae f.) Pat. (301)|P. Valerius Poplicola Pat. (301),Roman magistrate; offices: consul; ambassador; interrex,alive,-531,-454,high,RE Valerius 301; MRR1 attestations 492 BCE to 460 BCE (n=5); floruit derived: earliest attestation - 40 and latest + 5
dprr:valerius-302,person,Publius Valerius Volusi Poplicola,? P. Valerius Poplicola Pat. (302)|P. Valerius Volusi f. - n. Publicola Pat. (302),Roman magistrate; offices: consul,alive,-548,-498,medium,RE Valerius 302; MRR1 attestations 509 BCE to 504 BCE (n=5); floruit derived: earliest attestation - 40 and latest + 5
dprr:valerius-304,person,Lucius Valerius Potitus,(L. ?) Valerius (Poplicola ?) Potitus Pat. (304),Roman magistrate; offices: consul; quaestor,alive,-488,-440,medium,RE Valerius 304; MRR1 attestations 449 BCE to 446 BCE (n=2); floruit derived: earliest attestation - 40 and latest + 5
dprr:valerius-306,person,Gaius Valerius Potitus,C. Valerius (L. f. L. n. Potitus ?) Pat. (306),Roman magistrate; offices: master of horse; consul; aedile,alive,-370,-323,medium,RE Valerius 306; MRR1 attestations 331 BCE to 329 BCE (n=2); floruit derived: earliest attestation - 40 and latest + 5
dprr:valerius-307,person,Lucius Valerius Potitus,L. Valerius Potitus Pat. (307)|(L.) Valerius Potitus Pat. (307)|L. Valerius (L. f. P. n. Potitus) Pat. (307)|L. Valerius (Potitus) Pat. (307),Roman magistrate; offices: master of horse; consul; ambassador,alive,-453,-381,high,RE Valerius 307; MRR1 attestations 414 BCE to 387 BCE (n=12); floruit derived: earliest attestation - 40 and latest + 5
dprr:valerius-308,person,Publius Valerius Potitus Poplicola,P. Valerius - f. - n. Poplicola Pat. (308),Roman magistrate; offices: master of horse; consul,alive,-425,-326,high,RE Valerius 308; MRR1 attestations 386 BCE to 332 BCE (n=9); floruit derived: earliest attestation - 40 and latest + 5
dprr:valerius-309,person,Gaius Valerius Volusi Potitus Volusus,(C.) Valerius Potitus (Volusus) Pat. (309)|C. Valerius (L. f. Vol. n.) Potitus Volusus Pat. (309)|C. Valerius L. f. Vol. n. Potitus Volusus Pat. (309),Roman magistrate; offices: consul; ambassador,alive,-454,-392,high,RE Valerius 309; MRR1 attestations 415 BCE to 398 BCE (n=5); floruit derived: earliest attestation - 40 and latest + 5
dprr:valerius-31,person,Marcus Valerius Messalla,M. Valerius M'. f. M. n. (Maximus) Messalla Pat. (*31),Roman magistrate; offices: consul; prefect,alive,-265,-203,high,RE Valerius 31; MRR1 attestations 226 BCE to 209 BCE (n=3); floruit derived: earliest attestation - 40 and latest + 5
dprr:valerius-35,person,Lucius Valerius Flaccus,L. Valerius P. f. L. n. Flaccus Pat. (*35)|196-180: L. Valerius Flaccus Pat. (*35)|L. ? Valerius Flaccus Pat. (*35)|L. Valerius P. f. Flaccus Pat. (*35),Roman magistrate; offices: consul; censor; praetor,alive,-251,-174,high,RE Valerius 35; MRR1 attestations 212 BCE to 180 BCE (n=12); floruit derived: earliest attestation - 40 and latest + 5
dprr:valerius-363,person,Gaius Valerius Triarius,? L. Valerius Triarius (363; 366),Roman magistrate; offices: praetor; prefect,alive,-117,-42,high,RE Valerius 363; MRR2 attestations 78 BCE to 48 BCE (n=3); floruit derived: earliest attestation - 40 and latest + 5
dprr:valerius-38,person,Lucius Valerius Tappo,? L. Valerius Tappo (*38)|L. Valerius (Tappo) (*38)|L. Valerius C. f. Tappo (*38),Roman magistrate; offices: praetor; tribune of the plebs; promagistrate,alive,-234,-183,medium,RE Valerius 38; MRR1 attestations 195 BCE to 189 BCE (n=5); floruit derived: earliest attestation - 40 and latest + 5
dprr:valerius-380,person,Lucius Valerius Volusi Potitus,L. Valerius (M. f. Volusi n. Potitus) Pat. (380)|L. Valerius (Potitus) Pat. (380),Roman magistrate; offices: consul; quaestor; prefect,alive,-524,-458,high,RE Valerius 380; MRR1 attestations 485 BCE to 464 BCE (n=4); floruit derived: earliest attestation - 40 and latest + 5
dprr:valerius-39,person,Gaius Valerius Tappo,,Roman magistrate; offices: tribune of the plebs,alive,-227,-182,low,RE Valerius 39; MRR1 attestations 188 BCE to 188 BCE (n=1); floruit derived: earliest attestation - 40 and latest + 5
dprr:valerius-40,person,Marcus Valerius Messalla,M. Valerius M. f. M'. n. Messalla Pat. (*40),Roman magistrate; offices: consul; decemvir; ambassador,alive,-232,-166,high,RE Valerius 40; MRR1 attestations 193 BCE to 172 BCE (n=5); floruit derived: earliest attestation - 40 and latest + 5
dprr:valerius-45,person,Marcus Valerius Messalla,? M. Valerius Messalla Pat. (*45),Roman magistrate; offices: consul; censor; praetor,alive,-203,-148,medium,RE Valerius 45; MRR1 attestations 164 BCE to 154 BCE (n=3); floruit derived: earliest attestation - 40 and latest + 5
dprr:valerius-46,person,Lucius Valerius Flaccus,? L. Valerius Flaccus Pat. (*46)|L. Valerius L. f. P. n. Flaccus Pat. (*46),Roman magistrate; offices: consul; praetor; aedile,alive,-202,-146,medium,RE Valerius 46; MRR1 attestations 163 BCE to 152 BCE (n=3); floruit derived: earliest attestation - 40 and latest + 5
dprr:valerius-50,person,Gaius Valerius Potitus,? Q. Valerius Soranus (*50),Roman magistrate; offices: consul; tribune of the plebs,alive,-409,-76,medium,RE Valerius 50; MRR1+MRR2 attestations 370 BCE to 82 BCE (n=2); floruit derived: earliest attestation - 40 and latest + 5
dprr:valerius-54,person,Lucius Valerius Flaccus,?-before 69: L. Valerius Flaccus Pat. (*54; *59; 176)|L. Valerius Flaccus Pat. (*54; *59; 176)|L. Valerius L. f. L. n. Flacchus Pat. (*54; *59; 176),Roman magistrate; offices: master of horse; censor; interrex,alive,-139,-63,high,RE Valerius 54; MRR2 attestations 100 BCE to 69 BCE (n=7); floruit derived: earliest attestation - 40 and latest + 5
dprr:valerius-56,person,Marcus Valerius Messalla,,Roman magistrate; offices: legate,alive,-129,-84,low,RE Valerius 56; MRR2 attestations 90 BCE to 90 BCE (n=1); floruit derived: earliest attestation - 40 and latest + 5
dprr:valerius-57,person,Lucius Valerius Flaccus,L. Valerius Flaccus Pat. (*57)|M'. Valerius Messalla Pat. (*57),Roman magistrate; offices: praetor; aedile; promagistrate,alive,-138,-80,medium,RE Valerius 57; MRR2 attestations 99 BCE to 86 BCE (n=5); floruit derived: earliest attestation - 40 and latest + 5
dprr:valerius-61,person,Lucius Valerius Triarius,,Roman magistrate; offices: promagistrate,alive,-117,-71,medium,RE Valerius 61; MRR2 attestations 78 BCE to 77 BCE (n=2); floruit derived: earliest attestation - 40 and latest + 5
dprr:valerius-62,person,Gaius Valerius Triarius,,Roman magistrate; offices: legate,alive,-117,-61,medium,RE Valerius 62; MRR2 attestations 78 BCE to 67 BCE (n=8); floruit derived: earliest attestation - 40 and latest + 5
dprr:valerius-65,person,Valerius Volesi,,Roman magistrate; offices: dictator,alive,-540,-495,low,RE Valerius 65; MRR1 attestations 501 BCE to 501 BCE (n=1); floruit derived: earliest attestation - 40 and latest + 5
dprr:valerius-67,person,Manius Valerius,,Roman magistrate; offices: augur,alive,-502,-457,low,RE Valerius 67; MRR1 attestations 463 BCE to 463 BCE (n=1); floruit derived: earliest attestation - 40 and latest + 5
dprr:valerius-68,person,Marcus Valerius,,Roman magistrate; offices: pontifex,alive,-379,-334,low,RE Valerius 68; MRR1 attestations 340 BCE to 340 BCE (n=1); floruit derived: earliest attestation - 40 and latest + 5
dprr:valerius-69,person,Lucius Valerius Flaccus,M. Valerius (69),Roman magistrate; offices: praetor; tribune of the plebs; quaestor,alive,-121,-57,high,RE Valerius 69; MRR2 attestations 82 BCE to 63 BCE (n=8); floruit derived: earliest attestation - 40 and latest + 5
dprr:valerius-74,person,Marcus Valerius Volesi,? M. Valerius (Volusi f. - n. Volusus) Pat. (74)|C. Valerius Procillus (*74)|M. Valerius Volusi f. - n. (Volusus ?) Pat. (74),Roman magistrate; offices: consul; legate; ambassador,alive,-547,-52,high,RE Valerius 74; MRR1+MRR2 attestations 508 BCE to 58 BCE (n=5); floruit derived: earliest attestation - 40 and latest + 5
dprr:valerius-76,person,Marcus Valerius Messalla,? M. Valerius Messalla Niger Pat. (*76)|M. Valerius M. f. M'. n. Messalla Niger Pat. (*76)|M. Valerius M. f. M’. f. Messalla (Niger) Pat. (*76)|M. Valerius Messala (Niger) Pat. (*76)|M. Valerius Messala Pat. (*76),Roman magistrate; offices: consul; censor; praetor,alive,-112,-46,high,RE Valerius 76; MRR2 attestations 73 BCE to 52 BCE (n=8); floruit derived: earliest attestation - 40 and latest + 5
dprr:valerius-77,person,Marcus Valerius Messalla,? M. Valerius Messalla (Rufus) Pat. (*77)|? M. Valerius Messalla Rufus Pat. (*77)|? P. Valerius (77)|M. Valerius - f. -n. Messalla Rufus Pat. (*77)|M. Valerius Messalla Rufus (*77),Roman magistrate; offices: consul; praetor; legate,alive,-112,-25,high,RE Valerius 77; MRR2 attestations 73 BCE to 31 BCE (n=9); floruit derived: earliest attestation - 40 and latest + 5
dprr:valerius-78,person,Quintus Valerius Orca,,Roman magistrate; offices: promagistrate; legate,alive,-96,-39,medium,RE Valerius 78; MRR2 attestations 57 BCE to 45 BCE (n=4); floruit derived: earliest attestation - 40 and latest + 5
dprr:valerius-91,person,Gaius Valerius Flaccus,,Roman magistrate; offices: legate,alive,-91,-45,medium,RE Valerius 91; MRR2 attestations 52 BCE to 51 BCE (n=2); floruit derived: earliest attestation - 40 and latest + 5
dprr:valerius-95,person,Marcus Valerius Messalla Corvinus,? M. Valerius Messalla Corvinus Pat. (*95)|M. Valerius M. f. M. n. Messalla Corvinus Pat. (*95),Roman magistrate; offices: consul; praetor; promagistrate,alive,-82,-25,medium,RE Valerius 95; MRR2 attestations 43 BCE to 31 BCE (n=5); floruit derived: earliest attestation - 40 and latest + 5
dprr:valerius-96,person,Marcus Valerius Messalla Potitus,M. Valerius Messalla Potitus Pat. (*96),Roman magistrate; offices: praetor; quindecimvir,alive,-71,-23,medium,RE Valerius 96; MRR2 attestations 32 BCE to 29 BCE (n=3); floruit derived: earliest attestation - 40 and latest + 5
dprr:valerius-97,person,Marcus Valerius Messalla,,Roman magistrate; offices: consul,alive,-71,-26,low,RE Valerius 97; MRR2 attestations 32 BCE to 32 BCE (n=1); floruit derived: earliest attestation - 40 and latest + 5
dprr:valerius-99,person,Lucius Valerius Antlas,,Roman magistrate; offices: prefect,alive,-254,-209,low,RE Valerius 99; MRR1 attestations 215 BCE to 215 BCE (n=1); floruit derived: earliest attestation - 40 and latest + 5
dprr:vargunteius-1,person,Vargunteius,,Roman magistrate; offices: legate,alive,-93,-47,medium,RE Vargunteius 1; MRR2 attestations 54 BCE to 53 BCE (n=2); floruit derived: earliest attestation - 40 and latest + 5
dprr:varinius-1,person,Publius Varinius,? P. Varinius (*1),Roman magistrate; offices: praetor; promagistrate,alive,-112,-59,medium,RE Varinius 1; MRR2 attestations 73 BCE to 65 BCE (n=4); floruit derived: earliest attestation - 40 and latest + 5
dprr:varius-1,person,Quintus Varius Severus Hibrida,,Roman magistrate; offices: tribune of the plebs,alive,-129,-84,low,RE Varius 1; MRR2 attestations 90 BCE to 90 BCE (n=1); floruit derived: earliest attestation - 40 and latest + 5
dprr:varius-5,person,Lucius Varius Cotyla,? L. Varius Cotyla (*5),Roman magistrate; offices: aedile; legate,alive,-83,-36,medium,RE Varius 5; MRR2 attestations 44 BCE to 42 BCE (n=3); floruit derived: earliest attestation - 40 and latest + 5
dprr:varro-2,person,Gaius Varro,,Roman magistrate; offices: military tribune,alive,-119,-73,medium,RE Varro 2; MRR2 attestations 80 BCE to 79 BCE (n=2); floruit derived: earliest attestation - 40 and latest + 5
dprr:varro-91,person,Aulus Varro,,Roman magistrate; offices: envoy,alive,-87,-42,low,RE Varro 91; MRR2 attestations 48 BCE to 48 BCE (n=1); floruit derived: earliest attestation - 40 and latest + 5
dprr:varus-8,person,Lucius Varus,,Roman magistrate; offices: prefect,alive,-81,-36,low,RE Varus 8; MRR2 attestations 42 BCE to 42 BCE (n=1); floruit derived: earliest attestation - 40 and latest + 5
dprr:vatinius-2,person,Publius Vatinius,47-after 42: P. Vatinius (*2)|47-ca. 42: P. Vatinius (*2)|? P. Vatinius (*2)|P. Vatinius P. f. (*2),Roman magistrate; offices: consul; praetor; tribune of the plebs,alive,-102,-36,high,RE Vatinius 2; MRR2 attestations 63 BCE to 42 BCE (n=17); floruit derived: earliest attestation - 40 and latest + 5
dprr:vehilius-1,person,Marcus Vehilius,,Roman magistrate; offices: praetor,alive,-83,-38,low,RE Vehilius 1; MRR2 attestations 44 BCE to 44 BCE (n=1); floruit derived: earliest attestation - 40 and latest + 5
dprr:velleius-2,person,Gaius Velleius,,Roman magistrate; offices: prefect,alive,-79,-34,low,RE Velleius 2; MRR2 attestations 40 BCE to 40 BCE (n=1); floruit derived: earliest attestation - 40 and latest + 5
dprr:ventidius-2,person,Publius Ventidius Bassus,43-?: P. Ventidius Bassus (*2)|? P. Ventidius Bassus (*2)|P. Ventidius P. f. Bassus (*2),Roman magistrate; offices: consul; praetor; tribune of the plebs,alive,-84,-31,medium,RE Ventidius 2; MRR2 attestations 45 BCE to 37 BCE (n=8); floruit derived: earliest attestation - 40 and latest + 5
dprr:ventidius-4,person,Ventidius,,Roman magistrate; offices: legate,alive,-81,-36,low,RE Ventidius 4; MRR2 attestations 42 BCE to 42 BCE (n=1); floruit derived: earliest attestation - 40 and latest + 5
dprr:venuleius-2,person,Venuleius,,Roman magistrate; offices: triumvir,alive,-121,-76,low,RE Venuleius 2; MRR2 attestations 82 BCE to 82 BCE (n=1); floruit derived: earliest attestation - 40 and latest + 5
dprr:venuleius-3,person,Venuleius,,Roman magistrate; offices: legate,alive,-84,-37,medium,RE Venuleius 3; MRR2 attestations 45 BCE to 43 BCE (n=2); floruit derived: earliest attestation - 40 and latest + 5
dprr:ver-11,person,Ver,,Roman magistrate; offices: military tribune,alive,-533,-480,medium,RE Ver 11; MRR1 attestations 494 BCE to 486 BCE (n=2); floruit derived: earliest attestation - 40 and latest + 5
dprr:ver-21,person,Ver,,Roman magistrate; offices: military tribune,alive,-535,-480,medium,RE Ver 21; MRR1 attestations 496 BCE to 486 BCE (n=2); floruit derived: earliest attestation - 40 and latest + 5
dprr:vergilius-1,person,Marcus Vergilius,,Roman magistrate; offices: tribune of the plebs,alive,-126,-81,low,RE Vergilius 1; MRR2 attestations 87 BCE to 87 BCE (n=1); floruit derived: earliest attestation - 40 and latest + 5
dprr:vergilius-2,person,Gaius Vergilius,? C. Vergilius C. f. Balbus (2)|C. Vergilius (Balbus) (2)|C. Vergilius C. f. Balbus (2),Roman magistrate; offices: quaestor; promagistrate; legate,alive,-109,-50,medium,RE Vergilius 2; MRR2 attestations 70 BCE to 56 BCE (n=6); floruit derived: earliest attestation - 40 and latest + 5
dprr:verginius-10,person,Spurius Verginius Tricostus Caeliomontanus,,Roman magistrate; offices: consul,alive,-495,-450,low,RE Verginius 10; MRR1 attestations 456 BCE to 456 BCE (n=1); floruit derived: earliest attestation - 40 and latest + 5
dprr:verginius-12,person,Aulus Verginius,,Roman magistrate; offices: tribune of the plebs,alive,-500,-451,medium,RE Verginius 12; MRR1 attestations 461 BCE to 457 BCE (n=5); floruit derived: earliest attestation - 40 and latest + 5
dprr:verginius-13,person,Lucius Verginius,,Roman magistrate; offices: tribune of the plebs,alive,-488,-443,low,RE Verginius 13; MRR1 attestations 449 BCE to 449 BCE (n=1); floruit derived: earliest attestation - 40 and latest + 5
dprr:verginius-14,person,Lucius Verginius Tricostus,,Roman magistrate; offices: consul,alive,-474,-428,medium,RE Verginius 14; MRR1 attestations 435 BCE to 434 BCE (n=2); floruit derived: earliest attestation - 40 and latest + 5
dprr:verginius-15,person,Lucius Verginius Opetr Tricostus Esquilinus,L. Verginius - f. - n. Tricostus Pat. (15)|T. Verginius - f. - n. Tricostus Caeliomontanus Pat. (*15),Roman magistrate; offices: consul,alive,-487,-383,high,RE Verginius 15; MRR1 attestations 448 BCE to 389 BCE (n=3); floruit derived: earliest attestation - 40 and latest + 5
dprr:verginius-18,person,Aulus Verginius,,Roman magistrate; offices: tribune of the plebs,alive,-434,-388,medium,RE Verginius 18; MRR1 attestations 395 BCE to 394 BCE (n=2); floruit derived: earliest attestation - 40 and latest + 5
dprr:verginius-20,person,Lucius Verginius,,Roman magistrate; offices: military tribune,alive,-246,-201,low,RE Verginius 20; MRR1 attestations 207 BCE to 207 BCE (n=1); floruit derived: earliest attestation - 40 and latest + 5
dprr:verginius-3,person,Titus Verginius Tricostus Caeliomontanus,,Roman magistrate; offices: consul,alive,-535,-490,low,RE Verginius 3; MRR1 attestations 496 BCE to 496 BCE (n=1); floruit derived: earliest attestation - 40 and latest + 5
dprr:verginius-4,person,Aulus Verginius Tricostus Caeliomontanus,A. Verginius A. f. (Tricostus) Caeliomontanus Pat. (*4),Roman magistrate; offices: consul; envoy,alive,-533,-487,medium,RE Verginius 4; MRR1 attestations 494 BCE to 493 BCE (n=2); floruit derived: earliest attestation - 40 and latest + 5
dprr:verginius-6,person,Titus Verginius Opet Opet Tricostus Rutilus,?-463: T. Verginius (Tricostus) Rutilus Pat. (*6),Roman magistrate; offices: consul; augur,alive,-518,-457,medium,RE Verginius 6; MRR1 attestations 479 BCE to 463 BCE (n=2); floruit derived: earliest attestation - 40 and latest + 5
dprr:verginius-7,person,Aulus Verginius Tricostus Rutilus,,Roman magistrate; offices: consul,alive,-515,-470,low,RE Verginius 7; MRR1 attestations 476 BCE to 476 BCE (n=1); floruit derived: earliest attestation - 40 and latest + 5
dprr:verginius-9,person,Aulus Verginius Caeliomontanus,A. Verginius (Tricostus ? Caeliomontanus) Pat. (*9)|A. Verginius (Tricostus Caeliomontanus) Pat. (*9),Roman magistrate; offices: consul; triumvir; legate,alive,-508,-449,medium,RE Verginius 9; MRR1 attestations 469 BCE to 455 BCE (n=3); floruit derived: earliest attestation - 40 and latest + 5
dprr:vetilius-2,person,Gaius Vetilius,,Roman magistrate; offices: praetor,alive,-186,-141,low,RE Vetilius 2; MRR1 attestations 147 BCE to 147 BCE (n=1); floruit derived: earliest attestation - 40 and latest + 5
dprr:vettius-12,person,Titus Vettius,? T. Vettius (Sabinus) (*12),Roman magistrate; offices: praetor; promagistrate,alive,-98,-51,medium,RE Vettius 12; MRR2 attestations 59 BCE to 57 BCE (n=3); floruit derived: earliest attestation - 40 and latest + 5
dprr:vettius-9,person,Titus Vettius,,Roman magistrate; offices: quaestor,alive,-112,-67,low,RE Vettius 9; MRR2 attestations 73 BCE to 73 BCE (n=1); floruit derived: earliest attestation - 40 and latest + 5
dprr:veturius-11,person,Titus Veturius Calvinus,C. Veturius (L. ? f. Sp. ? n. Crassus Cicurinus ?) Pat. (11),Roman magistrate; offices: consul,alive,-408,-315,high,RE Veturius 11; MRR1 attestations 369 BCE to 321 BCE (n=3); floruit derived: earliest attestation - 40 and latest + 5
dprr:veturius-12,person,Lucius Veturius Crassus Cicurinus,,Roman magistrate; offices: consul,alive,-407,-361,medium,RE Veturius 12; MRR1 attestations 368 BCE to 367 BCE (n=2); floruit derived: earliest attestation - 40 and latest + 5
dprr:veturius-14,person,Lucius Veturius Post Philo,,Roman magistrate; offices: dictator; consul; censor,alive,-259,-204,medium,RE Veturius 14; MRR1 attestations 220 BCE to 210 BCE (n=3); floruit derived: earliest attestation - 40 and latest + 5
dprr:veturius-15,person,Lucius Veturius Philo,L. Veturius L. f. L. n. Philo Pat. (*15)|L. Veturius (*15)|Sp. Veturius Crassus Cicurinus Pat. (15),Roman magistrate; offices: master of horse; consul; praetor,alive,-490,-196,high,RE Veturius 15; MRR1 attestations 451 BCE to 202 BCE (n=9); floruit derived: earliest attestation - 40 and latest + 5
dprr:veturius-16,person,Tiberius Veturius Philo,C. (or P.) Veturius - f. - n. Geminus Cicurinus Pat. (16)|P. Veturius (Cicurinus Geminus ?) Pat. (16)|Ti. Veturius Philo (*16),Roman magistrate; offices: consul; quaestor; flamen,alive,-548,-173,high,RE Veturius 16; MRR1 attestations 509 BCE to 179 BCE (n=5); floruit derived: earliest attestation - 40 and latest + 5
dprr:veturius-17,person,Tiberius Veturius Gracchus Sempronianus,,Roman magistrate; offices: augur,alive,-213,-168,low,RE Veturius 17; MRR1 attestations 174 BCE to 174 BCE (n=1); floruit derived: earliest attestation - 40 and latest + 5
dprr:veturius-18,person,Lucius Philo,,Roman magistrate; offices: quaestor,alive,-141,-96,low,RE Veturius 18; MRR1 attestations 102 BCE to 102 BCE (n=1); floruit derived: earliest attestation - 40 and latest + 5
dprr:veturius-2,person,Titus Veturius Geminus Cicurinus,,Roman magistrate; offices: consul,alive,-533,-488,low,RE Veturius 2; MRR1 attestations 494 BCE to 494 BCE (n=1); floruit derived: earliest attestation - 40 and latest + 5
dprr:veturius-4,person,Titus Veturius Geminus Cicurinus,T. Veturius Geminus Cicurinus Pat. (*4),Roman magistrate; offices: consul,alive,-501,-445,medium,RE Veturius 4; MRR1 attestations 462 BCE to 451 BCE (n=2); floruit derived: earliest attestation - 40 and latest + 5
dprr:veturius-5,person,Gaius Veturius Cicurinus,C. Veturius (Cicurinus) Pat. (*5),Roman magistrate; offices: consul; augur,alive,-494,-447,medium,RE Veturius 5; MRR1 attestations 455 BCE to 453 BCE (n=2); floruit derived: earliest attestation - 40 and latest + 5
dprr:veturius-7,person,Spurius Veturius Crassus Cicurinus,,Roman magistrate; offices: consul,alive,-456,-411,low,RE Veturius 7; MRR1 attestations 417 BCE to 417 BCE (n=1); floruit derived: earliest attestation - 40 and latest + 5
dprr:veturius-8,person,Marcus Veturius Crassus Cicurinus,,Roman magistrate; offices: consul,alive,-438,-393,low,RE Veturius 8; MRR1 attestations 399 BCE to 399 BCE (n=1); floruit derived: earliest attestation - 40 and latest + 5
dprr:veturius-9,person,Gaius Veturius,,Roman magistrate; offices: consul,alive,-416,-371,low,RE Veturius 9; MRR1 attestations 377 BCE to 377 BCE (n=1); floruit derived: earliest attestation - 40 and latest + 5
dprr:vibius-10,person,Lucius Pansa,,Roman magistrate; offices: envoy,alive,-82,-37,low,RE Vibius 10; MRR2 attestations 43 BCE to 43 BCE (n=1); floruit derived: earliest attestation - 40 and latest + 5
dprr:vibius-12,person,Vibius Maximus,,Roman magistrate; offices: quaestor,alive,-77,-32,low,RE Vibius 12; MRR2 attestations 38 BCE to 38 BCE (n=1); floruit derived: earliest attestation - 40 and latest + 5
dprr:vibius-8,person,Vibius Accaus,? Vibius Curius (8),Roman magistrate; offices: prefect,alive,-251,-43,medium,RE Vibius 8; MRR1+MRR2 attestations 212 BCE to 49 BCE (n=2); floruit derived: earliest attestation - 40 and latest + 5
dprr:vibius-9,person,Gaius Vibius Pansa Caetronianus,C. Vibius Pansa Caetronianus (*9)|Ca. 45-43: C. Vibius Pansa Caetronianus (*9)|C. Vibius C. f. C. n. Pansa Caetronianus (*9)|C. Vibius Pansa (Caetronianus) (*9),Roman magistrate; offices: master of horse; consul; aedile,alive,-90,-37,medium,RE Vibius 9; MRR2 attestations 51 BCE to 43 BCE (n=8); floruit derived: earliest attestation - 40 and latest + 5
dprr:vibullius-1,person,Lucius Vibullius Rufus,L. Vibullius Rufus (*1),Roman magistrate; offices: envoy; prefect,alive,-88,-42,medium,RE Vibullius 1; MRR2 attestations 49 BCE to 48 BCE (n=2); floruit derived: earliest attestation - 40 and latest + 5
dprr:villius-1,person,Appius Villius,,Roman magistrate; offices: tribune of the plebs,alive,-488,-443,low,RE Villius 1; MRR1 attestations 449 BCE to 449 BCE (n=1); floruit derived: earliest attestation - 40 and latest + 5
dprr:villius-3,person,Publius Villius Tappulus,P. Villius Ti. f. Ti. n. Tappulus (*3),Roman magistrate; offices: consul; praetor; aedile,alive,-243,-186,medium,RE Villius 3; MRR1 attestations 204 BCE to 192 BCE (n=12); floruit derived: earliest attestation - 40 and latest + 5
dprr:villius-4,person,Lucius Villius Tappulus,,Roman magistrate; offices: praetor,alive,-238,-193,low,RE Villius 4; MRR1 attestations 199 BCE to 199 BCE (n=1); floruit derived: earliest attestation - 40 and latest + 5
dprr:villius-5,person,Lucius Villius Annalis,,Roman magistrate; offices: praetor; tribune of the plebs,alive,-219,-165,medium,RE Villius 5; MRR1 attestations 180 BCE to 171 BCE (n=2); floruit derived: earliest attestation - 40 and latest + 5
dprr:villius-7,person,Lucius Villius Annalis,L. Villius Annalis (7),Roman magistrate; offices: praetor; quindecimvir,alive,-97,-45,medium,RE Villius 7; MRR2 attestations 58 BCE to 51 BCE (n=2); floruit derived: earliest attestation - 40 and latest + 5
dprr:villius-9,person,Lucius Villius Tappulus,- Villius Annalis (*9),Roman magistrate; offices: aedile,alive,-252,-36,high,RE Villius 9; MRR1+MRR2 attestations 213 BCE to 42 BCE (n=3); floruit derived: earliest attestation - 40 and latest + 5
dprr:vinicius-1,person,Lucius Vinicius,L. Vinicius M. f. - n. (cf. 1),Roman magistrate; offices: consul; tribune of the plebs,alive,-90,-27,medium,RE Vinicius 1; MRR2 attestations 51 BCE to 33 BCE (n=2); floruit derived: earliest attestation - 40 and latest + 5
dprr:vipsanius-3,person,Marcus Vipsanius Agrippa,? M. Vipsanius Agrippa (*3; see *1.272f.),Roman magistrate; offices: praetor; aedile; tribune of the plebs,alive,-82,-21,high,RE Vipsanius 3; MRR2 attestations 43 BCE to 27 BCE (n=14); floruit derived: earliest attestation - 40 and latest + 5
dprr:virgilius-2,person,Gaius Vergilius Balbus,? C. Vergilius (Virgilius *2),Roman magistrate; offices: praetor; aedile; promagistrate,alive,-105,-40,high,RE Virgilius 2; MRR2 attestations 66 BCE to 46 BCE (n=7); floruit derived: earliest attestation - 40 and latest + 5
dprr:visellius-2,person,Gaius Visellius Varro,C. Visellius C. f. Quir. (*2),Roman magistrate; offices: aedile; tribune of the plebs; quaestor,alive,-112,-52,high,RE Visellius 2; MRR2 attestations 73 BCE to 58 BCE (n=4); floruit derived: earliest attestation - 40 and latest + 5
dprr:voconius-1,person,Quintus Voconius Saxa,,Roman magistrate; offices: tribune of the plebs,alive,-208,-163,low,RE Voconius 1; MRR1 attestations 169 BCE to 169 BCE (n=1); floruit derived: earliest attestation - 40 and latest + 5
dprr:voconius-2,person,Voconius,Voconius (*2),Roman magistrate; offices: praetor; promagistrate; legate,alive,-112,-43,high,RE Voconius 2; MRR2 attestations 73 BCE to 49 BCE (n=3); floruit derived: earliest attestation - 40 and latest + 5
dprr:voconius-3,person,Quintus Voconius Naso,Q. Voconius Naso (*3),Roman magistrate; offices: praetor; aedile; iudex quaestionis,alive,-106,-54,medium,RE Voconius 3; MRR2 attestations 67 BCE to 60 BCE (n=4); floruit derived: earliest attestation - 40 and latest + 5
dprr:volcatius-6,person,Lucius Volcatius Tullus,L. Volcatius - f. - n. Tullus (*6),Roman magistrate; offices: consul; praetor,alive,-108,-60,medium,RE Volcatius 6; MRR2 attestations 69 BCE to 66 BCE (n=2); floruit derived: earliest attestation - 40 and latest + 5
dprr:volcatius-7,person,Lucius Volcatius Tullus,L. Volcatius L. f. - n. Tullus (*7),Roman magistrate; offices: consul; praetor; promagistrate,alive,-85,-27,medium,RE Volcatius 7; MRR2 attestations 46 BCE to 33 BCE (n=4); floruit derived: earliest attestation - 40 and latest + 5
dprr:volcatius-8,person,Gaius Volcatius Tullus,? C. Volcatius Tullus (*8),Roman magistrate; offices: legate; prefect,alive,-92,-42,medium,RE Volcatius 8; MRR2 attestations 53 BCE to 48 BCE (n=6); floruit derived: earliest attestation - 40 and latest + 5
dprr:volero-1,person,Volero Publilius,,Roman magistrate; offices: tribune of the plebs,alive,-511,-465,medium,RE Volero 1; MRR1 attestations 472 BCE to 471 BCE (n=2); floruit derived: earliest attestation - 40 and latest + 5
dprr:volero-3,person,Volero Publilius Voler Philo,,Roman magistrate; offices: consul,alive,-438,-393,low,RE Volero 3; MRR1 attestations 399 BCE to 399 BCE (n=1); floruit derived: earliest attestation - 40 and latest + 5
dprr:volteius-5,person,Gaius Vulteius Capito,,Roman magistrate; offices: military tribune,alive,-88,-43,low,RE Volteius 5; MRR2 attestations 49 BCE to 49 BCE (n=1); floruit derived: earliest attestation - 40 and latest + 5
dprr:volumnius-2,person,Publius Volumnius Amintinus Gallus,P. Volumnius Amintinus Gallus Pat. (*2),Roman magistrate; offices: consul; ambassador,alive,-500,-452,medium,RE Volumnius 2; MRR1 attestations 461 BCE to 458 BCE (n=2); floruit derived: earliest attestation - 40 and latest + 5
dprr:volumnius-3,person,Lucius Volumnius Flamma Violens,L. Volumnius (Flamma Violens) (*3)|L. Volumnius Flamma Violens (*3),Roman magistrate; offices: consul; promagistrate; legate,alive,-346,-287,medium,RE Volumnius 3; MRR1 attestations 307 BCE to 293 BCE (n=4); floruit derived: earliest attestation - 40 and latest + 5
dprr:volumnius-6,person,Publius Volumnius,,Roman magistrate; offices: pontifex,alive,-108,-63,low,RE Volumnius 6; MRR2 attestations 69 BCE to 69 BCE (n=1); floruit derived: earliest attestation - 40 and latest + 5
dprr:volumnius-7,person,Publius Volumnius,- Volumnius Flaccus (*7),Roman magistrate; offices: envoy; prefect,alive,-82,-37,low,RE Volumnius 7; MRR2 attestations 43 BCE to 43 BCE (n=1); floruit derived: earliest attestation - 40 and latest + 5
dprr:volusenus-3,person,Gaius Volusenus Quadratus,C. Volusenus Quadratus (3),Roman magistrate; offices: prefect,alive,-91,-42,medium,RE Volusenus 3; MRR2 attestations 52 BCE to 48 BCE (n=2); floruit derived: earliest attestation - 40 and latest + 5
dprr:volusienus-3,person,Gaius Volusenus,,Roman magistrate; offices: military tribune,alive,-95,-50,low,RE Volusienus 3; MRR2 attestations 56 BCE to 56 BCE (n=1); floruit derived: earliest attestation - 40 and latest + 5
dprr:volusius-2,person,Gaius Volusius Quadratus,,Roman magistrate; offices: prefect,alive,-90,-45,low,RE Volusius 2; MRR2 attestations 51 BCE to 51 BCE (n=1); floruit derived: earliest attestation - 40 and latest + 5
dprr:volusius-4,person,Volusius,,Roman magistrate; offices: aedile,alive,-82,-37,low,RE Volusius 4; MRR2 attestations 43 BCE to 43 BCE (n=1); floruit derived: earliest attestation - 40 and latest + 5
dprr:volusius-5,person,Quintus Volusius,,Roman magistrate; offices: prefect,alive,-90,-44,medium,RE Volusius 5; MRR2 attestations 51 BCE to 50 BCE (n=2); floruit derived: earliest attestation - 40 and latest + 5
dprr:vopiscus-301,person,Vopiscus Julius Iullus,,Roman magistrate; offices: consul,alive,-512,-467,low,RE Vopiscus 301; MRR1 attestations 473 BCE to 473 BCE (n=1); floruit derived: earliest attestation - 40 and latest + 5
